[2026-09-05T21:24:32.966+0200] {local_task_job_runner.py:123} INFO - ::group::Pre task execution logs
[2026-09-05T21:24:32.968+0200] {taskinstance.py:2614} INFO - Dependencies all met for dep_context=non-requeueable deps ti=<TaskInstance: mini_riskagent_file_ingestion.wait_for_csv scheduled__2026-09-05T19:09:00+00:00 [queued]>
[2026-09-05T21:24:32.970+0200] {taskinstance.py:2614} INFO - Dependencies all met for dep_context=requeueable deps ti=<TaskInstance: mini_riskagent_file_ingestion.wait_for_csv scheduled__2026-09-05T19:09:00+00:00 [queued]>
[2026-09-05T21:24:32.970+0200] {taskinstance.py:2867} INFO - Starting attempt 1 of 2
[2026-09-05T21:24:32.972+0200] {taskinstance.py:2890} INFO - Executing <Task(PythonSensor): wait_for_csv> on 2026-09-05 19:09:00+00:00
[2026-09-05T21:24:32.977+0200] {logging_mixin.py:190} WARNING - /Users/swarnalidatta/Desktop/AutoQueryChatbot/.airflow-venv/lib/python3.12/site-packages/airflow/task/task_runner/standard_task_runner.py:70 DeprecationWarning: This process (pid=48573) is multi-threaded, use of fork() may lead to deadlocks in the child.
[2026-09-05T21:24:32.977+0200] {standard_task_runner.py:72} INFO - Started process 48575 to run task
[2026-09-05T21:24:32.976+0200] {standard_task_runner.py:104} INFO - Running: ['airflow', 'tasks', 'run', 'mini_riskagent_file_ingestion', 'wait_for_csv', 'scheduled__2026-09-05T19:09:00+00:00', '--job-id', '2832', '--raw', '--subdir', 'DAGS_FOLDER/data_ingest_pipeline.py', '--cfg-path', '/var/folders/5p/201rr1sj03g8gksxm9x48mbh0000gn/T/tmpp9wupn9y']
[2026-09-05T21:24:32.977+0200] {standard_task_runner.py:105} INFO - Job 2832: Subtask wait_for_csv
[2026-09-05T21:24:32.990+0200] {task_command.py:467} INFO - Running <TaskInstance: mini_riskagent_file_ingestion.wait_for_csv scheduled__2026-09-05T19:09:00+00:00 [running]> on host mac.home
[2026-09-05T21:24:33.005+0200] {taskinstance.py:3134} INFO - Exporting env vars: AIRFLOW_CTX_DAG_OWNER='autoquery' AIRFLOW_CTX_DAG_ID='mini_riskagent_file_ingestion' AIRFLOW_CTX_TASK_ID='wait_for_csv' AIRFLOW_CTX_EXECUTION_DATE='2026-09-05T19:09:00+00:00' AIRFLOW_CTX_TRY_NUMBER='1' AIRFLOW_CTX_DAG_RUN_ID='scheduled__2026-09-05T19:09:00+00:00'
[2026-09-05T21:24:33.005+0200] {logging_mixin.py:190} INFO - Task instance is in running state
[2026-09-05T21:24:33.005+0200] {logging_mixin.py:190} INFO -  Previous state of the Task instance: queued
[2026-09-05T21:24:33.006+0200] {logging_mixin.py:190} INFO - Current task name:wait_for_csv state:running start_date:2026-09-05 19:24:32.968766+00:00
[2026-09-05T21:24:33.006+0200] {logging_mixin.py:190} INFO - Dag name:mini_riskagent_file_ingestion and current dag run status:running
[2026-09-05T21:24:33.006+0200] {taskinstance.py:732} INFO - ::endgroup::
[2026-09-05T21:24:33.008+0200] {python.py:75} INFO - Poking callable: <function check_for_csv_files at 0x10cb76b60>
[2026-09-05T21:24:33.011+0200] {taskinstance.py:310} INFO - Rescheduling task, marking task as UP_FOR_RESCHEDULE
[2026-09-05T21:24:33.011+0200] {taskinstance.py:341} INFO - ::group::Post task execution logs
[2026-09-05T21:24:33.036+0200] {local_task_job_runner.py:266} INFO - Task exited with return code 0
[2026-09-05T21:24:33.043+0200] {taskinstance.py:3901} INFO - 0 downstream tasks scheduled from follow-on schedule check
[2026-09-05T21:24:33.043+0200] {local_task_job_runner.py:245} INFO - ::endgroup::
[2026-09-05T21:28:42.596+0200] {local_task_job_runner.py:123} INFO - ::group::Pre task execution logs
[2026-09-05T21:28:42.599+0200] {taskinstance.py:2614} INFO - Dependencies all met for dep_context=non-requeueable deps ti=<TaskInstance: mini_riskagent_file_ingestion.wait_for_csv scheduled__2026-09-05T19:09:00+00:00 [queued]>
[2026-09-05T21:28:42.600+0200] {taskinstance.py:2614} INFO - Dependencies all met for dep_context=requeueable deps ti=<TaskInstance: mini_riskagent_file_ingestion.wait_for_csv scheduled__2026-09-05T19:09:00+00:00 [queued]>
[2026-09-05T21:28:42.600+0200] {taskinstance.py:2867} INFO - Starting attempt 1 of 2
[2026-09-05T21:28:42.603+0200] {taskinstance.py:2890} INFO - Executing <Task(PythonSensor): wait_for_csv> on 2026-09-05 19:09:00+00:00
[2026-09-05T21:28:42.607+0200] {logging_mixin.py:190} WARNING - /Users/swarnalidatta/Desktop/AutoQueryChatbot/.airflow-venv/lib/python3.12/site-packages/airflow/task/task_runner/standard_task_runner.py:70 DeprecationWarning: This process (pid=48673) is multi-threaded, use of fork() may lead to deadlocks in the child.
[2026-09-05T21:28:42.608+0200] {standard_task_runner.py:72} INFO - Started process 48676 to run task
[2026-09-05T21:28:42.607+0200] {standard_task_runner.py:104} INFO - Running: ['airflow', 'tasks', 'run', 'mini_riskagent_file_ingestion', 'wait_for_csv', 'scheduled__2026-09-05T19:09:00+00:00', '--job-id', '2842', '--raw', '--subdir', 'DAGS_FOLDER/data_ingest_pipeline.py', '--cfg-path', '/var/folders/5p/201rr1sj03g8gksxm9x48mbh0000gn/T/tmp0oiq4__a']
[2026-09-05T21:28:42.608+0200] {standard_task_runner.py:105} INFO - Job 2842: Subtask wait_for_csv
[2026-09-05T21:28:42.621+0200] {task_command.py:467} INFO - Running <TaskInstance: mini_riskagent_file_ingestion.wait_for_csv scheduled__2026-09-05T19:09:00+00:00 [running]> on host mac.home
[2026-09-05T21:28:42.636+0200] {taskinstance.py:3134} INFO - Exporting env vars: AIRFLOW_CTX_DAG_OWNER='autoquery' AIRFLOW_CTX_DAG_ID='mini_riskagent_file_ingestion' AIRFLOW_CTX_TASK_ID='wait_for_csv' AIRFLOW_CTX_EXECUTION_DATE='2026-09-05T19:09:00+00:00' AIRFLOW_CTX_TRY_NUMBER='1' AIRFLOW_CTX_DAG_RUN_ID='scheduled__2026-09-05T19:09:00+00:00'
[2026-09-05T21:28:42.636+0200] {logging_mixin.py:190} INFO - Task instance is in running state
[2026-09-05T21:28:42.637+0200] {logging_mixin.py:190} INFO -  Previous state of the Task instance: queued
[2026-09-05T21:28:42.637+0200] {logging_mixin.py:190} INFO - Current task name:wait_for_csv state:running start_date:2026-09-05 19:28:42.599235+00:00
[2026-09-05T21:28:42.637+0200] {logging_mixin.py:190} INFO - Dag name:mini_riskagent_file_ingestion and current dag run status:running
[2026-09-05T21:28:42.637+0200] {taskinstance.py:732} INFO - ::endgroup::
[2026-09-05T21:28:42.638+0200] {python.py:75} INFO - Poking callable: <function check_for_csv_files at 0x10b1beb60>
[2026-09-05T21:28:42.641+0200] {taskinstance.py:310} INFO - Rescheduling task, marking task as UP_FOR_RESCHEDULE
[2026-09-05T21:28:42.642+0200] {taskinstance.py:341} INFO - ::group::Post task execution logs
[2026-09-05T21:28:42.667+0200] {local_task_job_runner.py:266} INFO - Task exited with return code 0
[2026-09-05T21:28:42.674+0200] {taskinstance.py:3901} INFO - 0 downstream tasks scheduled from follow-on schedule check
[2026-09-05T21:28:42.674+0200] {local_task_job_runner.py:245} INFO - ::endgroup::
[2026-09-05T21:29:17.300+0200] {local_task_job_runner.py:123} INFO - ::group::Pre task execution logs
[2026-09-05T21:29:17.302+0200] {taskinstance.py:2614} INFO - Dependencies all met for dep_context=non-requeueable deps ti=<TaskInstance: mini_riskagent_file_ingestion.wait_for_csv scheduled__2026-09-05T19:09:00+00:00 [queued]>
[2026-09-05T21:29:17.304+0200] {taskinstance.py:2614} INFO - Dependencies all met for dep_context=requeueable deps ti=<TaskInstance: mini_riskagent_file_ingestion.wait_for_csv scheduled__2026-09-05T19:09:00+00:00 [queued]>
[2026-09-05T21:29:17.304+0200] {taskinstance.py:2867} INFO - Starting attempt 1 of 2
[2026-09-05T21:29:17.307+0200] {taskinstance.py:2890} INFO - Executing <Task(PythonSensor): wait_for_csv> on 2026-09-05 19:09:00+00:00
[2026-09-05T21:29:17.312+0200] {logging_mixin.py:190} WARNING - /Users/swarnalidatta/Desktop/AutoQueryChatbot/.airflow-venv/lib/python3.12/site-packages/airflow/task/task_runner/standard_task_runner.py:70 DeprecationWarning: This process (pid=48777) is multi-threaded, use of fork() may lead to deadlocks in the child.
[2026-09-05T21:29:17.312+0200] {standard_task_runner.py:72} INFO - Started process 48779 to run task
[2026-09-05T21:29:17.311+0200] {standard_task_runner.py:104} INFO - Running: ['airflow', 'tasks', 'run', 'mini_riskagent_file_ingestion', 'wait_for_csv', 'scheduled__2026-09-05T19:09:00+00:00', '--job-id', '2855', '--raw', '--subdir', 'DAGS_FOLDER/data_ingest_pipeline.py', '--cfg-path', '/var/folders/5p/201rr1sj03g8gksxm9x48mbh0000gn/T/tmpn_q8bixs']
[2026-09-05T21:29:17.312+0200] {standard_task_runner.py:105} INFO - Job 2855: Subtask wait_for_csv
[2026-09-05T21:29:17.333+0200] {task_command.py:467} INFO - Running <TaskInstance: mini_riskagent_file_ingestion.wait_for_csv scheduled__2026-09-05T19:09:00+00:00 [running]> on host mac.home
[2026-09-05T21:29:17.349+0200] {taskinstance.py:3134} INFO - Exporting env vars: AIRFLOW_CTX_DAG_OWNER='autoquery' AIRFLOW_CTX_DAG_ID='mini_riskagent_file_ingestion' AIRFLOW_CTX_TASK_ID='wait_for_csv' AIRFLOW_CTX_EXECUTION_DATE='2026-09-05T19:09:00+00:00' AIRFLOW_CTX_TRY_NUMBER='1' AIRFLOW_CTX_DAG_RUN_ID='scheduled__2026-09-05T19:09:00+00:00'
[2026-09-05T21:29:17.349+0200] {logging_mixin.py:190} INFO - Task instance is in running state
[2026-09-05T21:29:17.349+0200] {logging_mixin.py:190} INFO -  Previous state of the Task instance: queued
[2026-09-05T21:29:17.349+0200] {logging_mixin.py:190} INFO - Current task name:wait_for_csv state:running start_date:2026-09-05 19:29:17.302935+00:00
[2026-09-05T21:29:17.350+0200] {logging_mixin.py:190} INFO - Dag name:mini_riskagent_file_ingestion and current dag run status:running
[2026-09-05T21:29:17.350+0200] {taskinstance.py:732} INFO - ::endgroup::
[2026-09-05T21:29:17.351+0200] {python.py:75} INFO - Poking callable: <function check_for_csv_files at 0x10a8cab60>
[2026-09-05T21:29:17.354+0200] {taskinstance.py:310} INFO - Rescheduling task, marking task as UP_FOR_RESCHEDULE
[2026-09-05T21:29:17.355+0200] {taskinstance.py:341} INFO - ::group::Post task execution logs
[2026-09-05T21:29:17.371+0200] {local_task_job_runner.py:266} INFO - Task exited with return code 0
[2026-09-05T21:29:17.378+0200] {taskinstance.py:3901} INFO - 0 downstream tasks scheduled from follow-on schedule check
[2026-09-05T21:29:17.378+0200] {local_task_job_runner.py:245} INFO - ::endgroup::
[2026-09-05T21:45:46.064+0200] {local_task_job_runner.py:123} INFO - ::group::Pre task execution logs
[2026-09-05T21:45:46.067+0200] {taskinstance.py:2614} INFO - Dependencies all met for dep_context=non-requeueable deps ti=<TaskInstance: mini_riskagent_file_ingestion.wait_for_csv scheduled__2026-09-05T19:09:00+00:00 [queued]>
[2026-09-05T21:45:46.069+0200] {taskinstance.py:2614} INFO - Dependencies all met for dep_context=requeueable deps ti=<TaskInstance: mini_riskagent_file_ingestion.wait_for_csv scheduled__2026-09-05T19:09:00+00:00 [queued]>
[2026-09-05T21:45:46.069+0200] {taskinstance.py:2867} INFO - Starting attempt 1 of 2
[2026-09-05T21:45:46.072+0200] {taskinstance.py:2890} INFO - Executing <Task(PythonSensor): wait_for_csv> on 2026-09-05 19:09:00+00:00
[2026-09-05T21:45:46.076+0200] {logging_mixin.py:190} WARNING - /Users/swarnalidatta/Desktop/AutoQueryChatbot/.airflow-venv/lib/python3.12/site-packages/airflow/task/task_runner/standard_task_runner.py:70 DeprecationWarning: This process (pid=48861) is multi-threaded, use of fork() may lead to deadlocks in the child.
[2026-09-05T21:45:46.076+0200] {standard_task_runner.py:72} INFO - Started process 48865 to run task
[2026-09-05T21:45:46.076+0200] {standard_task_runner.py:104} INFO - Running: ['airflow', 'tasks', 'run', 'mini_riskagent_file_ingestion', 'wait_for_csv', 'scheduled__2026-09-05T19:09:00+00:00', '--job-id', '2866', '--raw', '--subdir', 'DAGS_FOLDER/data_ingest_pipeline.py', '--cfg-path', '/var/folders/5p/201rr1sj03g8gksxm9x48mbh0000gn/T/tmplz4rmmik']
[2026-09-05T21:45:46.077+0200] {standard_task_runner.py:105} INFO - Job 2866: Subtask wait_for_csv
[2026-09-05T21:45:46.090+0200] {task_command.py:467} INFO - Running <TaskInstance: mini_riskagent_file_ingestion.wait_for_csv scheduled__2026-09-05T19:09:00+00:00 [running]> on host mac.home
[2026-09-05T21:45:46.107+0200] {taskinstance.py:3134} INFO - Exporting env vars: AIRFLOW_CTX_DAG_OWNER='autoquery' AIRFLOW_CTX_DAG_ID='mini_riskagent_file_ingestion' AIRFLOW_CTX_TASK_ID='wait_for_csv' AIRFLOW_CTX_EXECUTION_DATE='2026-09-05T19:09:00+00:00' AIRFLOW_CTX_TRY_NUMBER='1' AIRFLOW_CTX_DAG_RUN_ID='scheduled__2026-09-05T19:09:00+00:00'
[2026-09-05T21:45:46.107+0200] {logging_mixin.py:190} INFO - Task instance is in running state
[2026-09-05T21:45:46.107+0200] {logging_mixin.py:190} INFO -  Previous state of the Task instance: queued
[2026-09-05T21:45:46.108+0200] {logging_mixin.py:190} INFO - Current task name:wait_for_csv state:running start_date:2026-09-05 19:45:46.067719+00:00
[2026-09-05T21:45:46.108+0200] {logging_mixin.py:190} INFO - Dag name:mini_riskagent_file_ingestion and current dag run status:running
[2026-09-05T21:45:46.108+0200] {taskinstance.py:732} INFO - ::endgroup::
[2026-09-05T21:45:46.109+0200] {python.py:75} INFO - Poking callable: <function check_for_csv_files at 0x10d376b60>
[2026-09-05T21:45:46.113+0200] {taskinstance.py:310} INFO - Rescheduling task, marking task as UP_FOR_RESCHEDULE
[2026-09-05T21:45:46.113+0200] {taskinstance.py:341} INFO - ::group::Post task execution logs
[2026-09-05T21:45:46.136+0200] {local_task_job_runner.py:266} INFO - Task exited with return code 0
[2026-09-05T21:45:46.143+0200] {taskinstance.py:3901} INFO - 0 downstream tasks scheduled from follow-on schedule check
[2026-09-05T21:45:46.143+0200] {local_task_job_runner.py:245} INFO - ::endgroup::
[2026-09-05T21:46:19.426+0200] {local_task_job_runner.py:123} INFO - ::group::Pre task execution logs
[2026-09-05T21:46:19.429+0200] {taskinstance.py:2614} INFO - Dependencies all met for dep_context=non-requeueable deps ti=<TaskInstance: mini_riskagent_file_ingestion.wait_for_csv scheduled__2026-09-05T19:09:00+00:00 [queued]>
[2026-09-05T21:46:19.430+0200] {taskinstance.py:2614} INFO - Dependencies all met for dep_context=requeueable deps ti=<TaskInstance: mini_riskagent_file_ingestion.wait_for_csv scheduled__2026-09-05T19:09:00+00:00 [queued]>
[2026-09-05T21:46:19.430+0200] {taskinstance.py:2867} INFO - Starting attempt 1 of 2
[2026-09-05T21:46:19.433+0200] {taskinstance.py:2890} INFO - Executing <Task(PythonSensor): wait_for_csv> on 2026-09-05 19:09:00+00:00
[2026-09-05T21:46:19.438+0200] {logging_mixin.py:190} WARNING - /Users/swarnalidatta/Desktop/AutoQueryChatbot/.airflow-venv/lib/python3.12/site-packages/airflow/task/task_runner/standard_task_runner.py:70 DeprecationWarning: This process (pid=49020) is multi-threaded, use of fork() may lead to deadlocks in the child.
[2026-09-05T21:46:19.438+0200] {standard_task_runner.py:72} INFO - Started process 49022 to run task
[2026-09-05T21:46:19.437+0200] {standard_task_runner.py:104} INFO - Running: ['airflow', 'tasks', 'run', 'mini_riskagent_file_ingestion', 'wait_for_csv', 'scheduled__2026-09-05T19:09:00+00:00', '--job-id', '2877', '--raw', '--subdir', 'DAGS_FOLDER/data_ingest_pipeline.py', '--cfg-path', '/var/folders/5p/201rr1sj03g8gksxm9x48mbh0000gn/T/tmpl1ka22l0']
[2026-09-05T21:46:19.438+0200] {standard_task_runner.py:105} INFO - Job 2877: Subtask wait_for_csv
[2026-09-05T21:46:19.451+0200] {task_command.py:467} INFO - Running <TaskInstance: mini_riskagent_file_ingestion.wait_for_csv scheduled__2026-09-05T19:09:00+00:00 [running]> on host mac.home
[2026-09-05T21:46:19.468+0200] {taskinstance.py:3134} INFO - Exporting env vars: AIRFLOW_CTX_DAG_OWNER='autoquery' AIRFLOW_CTX_DAG_ID='mini_riskagent_file_ingestion' AIRFLOW_CTX_TASK_ID='wait_for_csv' AIRFLOW_CTX_EXECUTION_DATE='2026-09-05T19:09:00+00:00' AIRFLOW_CTX_TRY_NUMBER='1' AIRFLOW_CTX_DAG_RUN_ID='scheduled__2026-09-05T19:09:00+00:00'
[2026-09-05T21:46:19.469+0200] {logging_mixin.py:190} INFO - Task instance is in running state
[2026-09-05T21:46:19.469+0200] {logging_mixin.py:190} INFO -  Previous state of the Task instance: queued
[2026-09-05T21:46:19.469+0200] {logging_mixin.py:190} INFO - Current task name:wait_for_csv state:running start_date:2026-09-05 19:46:19.429348+00:00
[2026-09-05T21:46:19.469+0200] {logging_mixin.py:190} INFO - Dag name:mini_riskagent_file_ingestion and current dag run status:running
[2026-09-05T21:46:19.469+0200] {taskinstance.py:732} INFO - ::endgroup::
[2026-09-05T21:46:19.471+0200] {python.py:75} INFO - Poking callable: <function check_for_csv_files at 0x10b226b60>
[2026-09-05T21:46:19.475+0200] {taskinstance.py:310} INFO - Rescheduling task, marking task as UP_FOR_RESCHEDULE
[2026-09-05T21:46:19.475+0200] {taskinstance.py:341} INFO - ::group::Post task execution logs
[2026-09-05T21:46:19.497+0200] {local_task_job_runner.py:266} INFO - Task exited with return code 0
[2026-09-05T21:46:19.504+0200] {taskinstance.py:3901} INFO - 0 downstream tasks scheduled from follow-on schedule check
[2026-09-05T21:46:19.504+0200] {local_task_job_runner.py:245} INFO - ::endgroup::
[2026-09-05T21:46:51.927+0200] {local_task_job_runner.py:123} INFO - ::group::Pre task execution logs
[2026-09-05T21:46:51.930+0200] {taskinstance.py:2614} INFO - Dependencies all met for dep_context=non-requeueable deps ti=<TaskInstance: mini_riskagent_file_ingestion.wait_for_csv scheduled__2026-09-05T19:09:00+00:00 [queued]>
[2026-09-05T21:46:51.931+0200] {taskinstance.py:2614} INFO - Dependencies all met for dep_context=requeueable deps ti=<TaskInstance: mini_riskagent_file_ingestion.wait_for_csv scheduled__2026-09-05T19:09:00+00:00 [queued]>
[2026-09-05T21:46:51.931+0200] {taskinstance.py:2867} INFO - Starting attempt 1 of 2
[2026-09-05T21:46:51.941+0200] {taskinstance.py:2890} INFO - Executing <Task(PythonSensor): wait_for_csv> on 2026-09-05 19:09:00+00:00
[2026-09-05T21:46:51.946+0200] {logging_mixin.py:190} WARNING - /Users/swarnalidatta/Desktop/AutoQueryChatbot/.airflow-venv/lib/python3.12/site-packages/airflow/task/task_runner/standard_task_runner.py:70 DeprecationWarning: This process (pid=49130) is multi-threaded, use of fork() may lead to deadlocks in the child.
[2026-09-05T21:46:51.946+0200] {standard_task_runner.py:104} INFO - Running: ['airflow', 'tasks', 'run', 'mini_riskagent_file_ingestion', 'wait_for_csv', 'scheduled__2026-09-05T19:09:00+00:00', '--job-id', '2888', '--raw', '--subdir', 'DAGS_FOLDER/data_ingest_pipeline.py', '--cfg-path', '/var/folders/5p/201rr1sj03g8gksxm9x48mbh0000gn/T/tmpj1u3wpkh']
[2026-09-05T21:46:51.947+0200] {standard_task_runner.py:72} INFO - Started process 49132 to run task
[2026-09-05T21:46:51.947+0200] {standard_task_runner.py:105} INFO - Job 2888: Subtask wait_for_csv
[2026-09-05T21:46:51.963+0200] {task_command.py:467} INFO - Running <TaskInstance: mini_riskagent_file_ingestion.wait_for_csv scheduled__2026-09-05T19:09:00+00:00 [running]> on host mac.home
[2026-09-05T21:46:51.980+0200] {taskinstance.py:3134} INFO - Exporting env vars: AIRFLOW_CTX_DAG_OWNER='autoquery' AIRFLOW_CTX_DAG_ID='mini_riskagent_file_ingestion' AIRFLOW_CTX_TASK_ID='wait_for_csv' AIRFLOW_CTX_EXECUTION_DATE='2026-09-05T19:09:00+00:00' AIRFLOW_CTX_TRY_NUMBER='1' AIRFLOW_CTX_DAG_RUN_ID='scheduled__2026-09-05T19:09:00+00:00'
[2026-09-05T21:46:51.980+0200] {logging_mixin.py:190} INFO - Task instance is in running state
[2026-09-05T21:46:51.981+0200] {logging_mixin.py:190} INFO -  Previous state of the Task instance: queued
[2026-09-05T21:46:51.981+0200] {logging_mixin.py:190} INFO - Current task name:wait_for_csv state:running start_date:2026-09-05 19:46:51.930233+00:00
[2026-09-05T21:46:51.981+0200] {logging_mixin.py:190} INFO - Dag name:mini_riskagent_file_ingestion and current dag run status:running
[2026-09-05T21:46:51.981+0200] {taskinstance.py:732} INFO - ::endgroup::
[2026-09-05T21:46:51.983+0200] {python.py:75} INFO - Poking callable: <function check_for_csv_files at 0x108a96b60>
[2026-09-05T21:46:51.986+0200] {taskinstance.py:310} INFO - Rescheduling task, marking task as UP_FOR_RESCHEDULE
[2026-09-05T21:46:51.986+0200] {taskinstance.py:341} INFO - ::group::Post task execution logs
[2026-09-05T21:46:52.006+0200] {local_task_job_runner.py:266} INFO - Task exited with return code 0
[2026-09-05T21:46:52.013+0200] {taskinstance.py:3901} INFO - 0 downstream tasks scheduled from follow-on schedule check
[2026-09-05T21:46:52.013+0200] {local_task_job_runner.py:245} INFO - ::endgroup::
[2026-09-05T21:47:23.751+0200] {local_task_job_runner.py:123} INFO - ::group::Pre task execution logs
[2026-09-05T21:47:23.754+0200] {taskinstance.py:2614} INFO - Dependencies all met for dep_context=non-requeueable deps ti=<TaskInstance: mini_riskagent_file_ingestion.wait_for_csv scheduled__2026-09-05T19:09:00+00:00 [queued]>
[2026-09-05T21:47:23.755+0200] {taskinstance.py:2614} INFO - Dependencies all met for dep_context=requeueable deps ti=<TaskInstance: mini_riskagent_file_ingestion.wait_for_csv scheduled__2026-09-05T19:09:00+00:00 [queued]>
[2026-09-05T21:47:23.755+0200] {taskinstance.py:2867} INFO - Starting attempt 1 of 2
[2026-09-05T21:47:23.758+0200] {taskinstance.py:2890} INFO - Executing <Task(PythonSensor): wait_for_csv> on 2026-09-05 19:09:00+00:00
[2026-09-05T21:47:23.763+0200] {logging_mixin.py:190} WARNING - /Users/swarnalidatta/Desktop/AutoQueryChatbot/.airflow-venv/lib/python3.12/site-packages/airflow/task/task_runner/standard_task_runner.py:70 DeprecationWarning: This process (pid=49233) is multi-threaded, use of fork() may lead to deadlocks in the child.
[2026-09-05T21:47:23.763+0200] {standard_task_runner.py:72} INFO - Started process 49237 to run task
[2026-09-05T21:47:23.763+0200] {standard_task_runner.py:104} INFO - Running: ['airflow', 'tasks', 'run', 'mini_riskagent_file_ingestion', 'wait_for_csv', 'scheduled__2026-09-05T19:09:00+00:00', '--job-id', '2900', '--raw', '--subdir', 'DAGS_FOLDER/data_ingest_pipeline.py', '--cfg-path', '/var/folders/5p/201rr1sj03g8gksxm9x48mbh0000gn/T/tmpcxg5hmdb']
[2026-09-05T21:47:23.764+0200] {standard_task_runner.py:105} INFO - Job 2900: Subtask wait_for_csv
[2026-09-05T21:47:23.778+0200] {task_command.py:467} INFO - Running <TaskInstance: mini_riskagent_file_ingestion.wait_for_csv scheduled__2026-09-05T19:09:00+00:00 [running]> on host mac.home
[2026-09-05T21:47:23.794+0200] {taskinstance.py:3134} INFO - Exporting env vars: AIRFLOW_CTX_DAG_OWNER='autoquery' AIRFLOW_CTX_DAG_ID='mini_riskagent_file_ingestion' AIRFLOW_CTX_TASK_ID='wait_for_csv' AIRFLOW_CTX_EXECUTION_DATE='2026-09-05T19:09:00+00:00' AIRFLOW_CTX_TRY_NUMBER='1' AIRFLOW_CTX_DAG_RUN_ID='scheduled__2026-09-05T19:09:00+00:00'
[2026-09-05T21:47:23.795+0200] {logging_mixin.py:190} INFO - Task instance is in running state
[2026-09-05T21:47:23.795+0200] {logging_mixin.py:190} INFO -  Previous state of the Task instance: queued
[2026-09-05T21:47:23.795+0200] {logging_mixin.py:190} INFO - Current task name:wait_for_csv state:running start_date:2026-09-05 19:47:23.754506+00:00
[2026-09-05T21:47:23.795+0200] {logging_mixin.py:190} INFO - Dag name:mini_riskagent_file_ingestion and current dag run status:running
[2026-09-05T21:47:23.796+0200] {taskinstance.py:732} INFO - ::endgroup::
[2026-09-05T21:47:23.797+0200] {python.py:75} INFO - Poking callable: <function check_for_csv_files at 0x10b596b60>
[2026-09-05T21:47:23.801+0200] {taskinstance.py:310} INFO - Rescheduling task, marking task as UP_FOR_RESCHEDULE
[2026-09-05T21:47:23.801+0200] {taskinstance.py:341} INFO - ::group::Post task execution logs
[2026-09-05T21:47:23.822+0200] {local_task_job_runner.py:266} INFO - Task exited with return code 0
[2026-09-05T21:47:23.829+0200] {taskinstance.py:3901} INFO - 0 downstream tasks scheduled from follow-on schedule check
[2026-09-05T21:47:23.829+0200] {local_task_job_runner.py:245} INFO - ::endgroup::
[2026-09-05T21:47:55.766+0200] {local_task_job_runner.py:123} INFO - ::group::Pre task execution logs
[2026-09-05T21:47:55.768+0200] {taskinstance.py:2614} INFO - Dependencies all met for dep_context=non-requeueable deps ti=<TaskInstance: mini_riskagent_file_ingestion.wait_for_csv scheduled__2026-09-05T19:09:00+00:00 [queued]>
[2026-09-05T21:47:55.770+0200] {taskinstance.py:2614} INFO - Dependencies all met for dep_context=requeueable deps ti=<TaskInstance: mini_riskagent_file_ingestion.wait_for_csv scheduled__2026-09-05T19:09:00+00:00 [queued]>
[2026-09-05T21:47:55.770+0200] {taskinstance.py:2867} INFO - Starting attempt 1 of 2
[2026-09-05T21:47:55.773+0200] {taskinstance.py:2890} INFO - Executing <Task(PythonSensor): wait_for_csv> on 2026-09-05 19:09:00+00:00
[2026-09-05T21:47:55.778+0200] {logging_mixin.py:190} WARNING - /Users/swarnalidatta/Desktop/AutoQueryChatbot/.airflow-venv/lib/python3.12/site-packages/airflow/task/task_runner/standard_task_runner.py:70 DeprecationWarning: This process (pid=49353) is multi-threaded, use of fork() may lead to deadlocks in the child.
[2026-09-05T21:47:55.778+0200] {standard_task_runner.py:72} INFO - Started process 49355 to run task
[2026-09-05T21:47:55.778+0200] {standard_task_runner.py:104} INFO - Running: ['airflow', 'tasks', 'run', 'mini_riskagent_file_ingestion', 'wait_for_csv', 'scheduled__2026-09-05T19:09:00+00:00', '--job-id', '2912', '--raw', '--subdir', 'DAGS_FOLDER/data_ingest_pipeline.py', '--cfg-path', '/var/folders/5p/201rr1sj03g8gksxm9x48mbh0000gn/T/tmpcfge0u91']
[2026-09-05T21:47:55.778+0200] {standard_task_runner.py:105} INFO - Job 2912: Subtask wait_for_csv
[2026-09-05T21:47:55.792+0200] {task_command.py:467} INFO - Running <TaskInstance: mini_riskagent_file_ingestion.wait_for_csv scheduled__2026-09-05T19:09:00+00:00 [running]> on host mac.home
[2026-09-05T21:47:55.808+0200] {taskinstance.py:3134} INFO - Exporting env vars: AIRFLOW_CTX_DAG_OWNER='autoquery' AIRFLOW_CTX_DAG_ID='mini_riskagent_file_ingestion' AIRFLOW_CTX_TASK_ID='wait_for_csv' AIRFLOW_CTX_EXECUTION_DATE='2026-09-05T19:09:00+00:00' AIRFLOW_CTX_TRY_NUMBER='1' AIRFLOW_CTX_DAG_RUN_ID='scheduled__2026-09-05T19:09:00+00:00'
[2026-09-05T21:47:55.808+0200] {logging_mixin.py:190} INFO - Task instance is in running state
[2026-09-05T21:47:55.808+0200] {logging_mixin.py:190} INFO -  Previous state of the Task instance: queued
[2026-09-05T21:47:55.809+0200] {logging_mixin.py:190} INFO - Current task name:wait_for_csv state:running start_date:2026-09-05 19:47:55.768781+00:00
[2026-09-05T21:47:55.809+0200] {logging_mixin.py:190} INFO - Dag name:mini_riskagent_file_ingestion and current dag run status:running
[2026-09-05T21:47:55.809+0200] {taskinstance.py:732} INFO - ::endgroup::
[2026-09-05T21:47:55.810+0200] {python.py:75} INFO - Poking callable: <function check_for_csv_files at 0x10a846b60>
[2026-09-05T21:47:55.814+0200] {taskinstance.py:310} INFO - Rescheduling task, marking task as UP_FOR_RESCHEDULE
[2026-09-05T21:47:55.814+0200] {taskinstance.py:341} INFO - ::group::Post task execution logs
[2026-09-05T21:47:55.837+0200] {local_task_job_runner.py:266} INFO - Task exited with return code 0
[2026-09-05T21:47:55.844+0200] {taskinstance.py:3901} INFO - 0 downstream tasks scheduled from follow-on schedule check
[2026-09-05T21:47:55.844+0200] {local_task_job_runner.py:245} INFO - ::endgroup::
[2026-09-05T21:48:26.720+0200] {local_task_job_runner.py:123} INFO - ::group::Pre task execution logs
[2026-09-05T21:48:26.723+0200] {taskinstance.py:2614} INFO - Dependencies all met for dep_context=non-requeueable deps ti=<TaskInstance: mini_riskagent_file_ingestion.wait_for_csv scheduled__2026-09-05T19:09:00+00:00 [queued]>
[2026-09-05T21:48:26.724+0200] {taskinstance.py:2614} INFO - Dependencies all met for dep_context=requeueable deps ti=<TaskInstance: mini_riskagent_file_ingestion.wait_for_csv scheduled__2026-09-05T19:09:00+00:00 [queued]>
[2026-09-05T21:48:26.724+0200] {taskinstance.py:2867} INFO - Starting attempt 1 of 2
[2026-09-05T21:48:26.727+0200] {taskinstance.py:2890} INFO - Executing <Task(PythonSensor): wait_for_csv> on 2026-09-05 19:09:00+00:00
[2026-09-05T21:48:26.732+0200] {logging_mixin.py:190} WARNING - /Users/swarnalidatta/Desktop/AutoQueryChatbot/.airflow-venv/lib/python3.12/site-packages/airflow/task/task_runner/standard_task_runner.py:70 DeprecationWarning: This process (pid=49451) is multi-threaded, use of fork() may lead to deadlocks in the child.
[2026-09-05T21:48:26.732+0200] {standard_task_runner.py:72} INFO - Started process 49453 to run task
[2026-09-05T21:48:26.732+0200] {standard_task_runner.py:104} INFO - Running: ['airflow', 'tasks', 'run', 'mini_riskagent_file_ingestion', 'wait_for_csv', 'scheduled__2026-09-05T19:09:00+00:00', '--job-id', '2925', '--raw', '--subdir', 'DAGS_FOLDER/data_ingest_pipeline.py', '--cfg-path', '/var/folders/5p/201rr1sj03g8gksxm9x48mbh0000gn/T/tmpi_ht5ikr']
[2026-09-05T21:48:26.733+0200] {standard_task_runner.py:105} INFO - Job 2925: Subtask wait_for_csv
[2026-09-05T21:48:26.746+0200] {task_command.py:467} INFO - Running <TaskInstance: mini_riskagent_file_ingestion.wait_for_csv scheduled__2026-09-05T19:09:00+00:00 [running]> on host mac.home
[2026-09-05T21:48:26.762+0200] {taskinstance.py:3134} INFO - Exporting env vars: AIRFLOW_CTX_DAG_OWNER='autoquery' AIRFLOW_CTX_DAG_ID='mini_riskagent_file_ingestion' AIRFLOW_CTX_TASK_ID='wait_for_csv' AIRFLOW_CTX_EXECUTION_DATE='2026-09-05T19:09:00+00:00' AIRFLOW_CTX_TRY_NUMBER='1' AIRFLOW_CTX_DAG_RUN_ID='scheduled__2026-09-05T19:09:00+00:00'
[2026-09-05T21:48:26.763+0200] {logging_mixin.py:190} INFO - Task instance is in running state
[2026-09-05T21:48:26.763+0200] {logging_mixin.py:190} INFO -  Previous state of the Task instance: queued
[2026-09-05T21:48:26.763+0200] {logging_mixin.py:190} INFO - Current task name:wait_for_csv state:running start_date:2026-09-05 19:48:26.723539+00:00
[2026-09-05T21:48:26.763+0200] {logging_mixin.py:190} INFO - Dag name:mini_riskagent_file_ingestion and current dag run status:running
[2026-09-05T21:48:26.763+0200] {taskinstance.py:732} INFO - ::endgroup::
[2026-09-05T21:48:26.765+0200] {python.py:75} INFO - Poking callable: <function check_for_csv_files at 0x108deab60>
[2026-09-05T21:48:26.768+0200] {taskinstance.py:310} INFO - Rescheduling task, marking task as UP_FOR_RESCHEDULE
[2026-09-05T21:48:26.768+0200] {taskinstance.py:341} INFO - ::group::Post task execution logs
[2026-09-05T21:48:26.791+0200] {local_task_job_runner.py:266} INFO - Task exited with return code 0
[2026-09-05T21:48:26.798+0200] {taskinstance.py:3901} INFO - 0 downstream tasks scheduled from follow-on schedule check
[2026-09-05T21:48:26.799+0200] {local_task_job_runner.py:245} INFO - ::endgroup::
[2026-09-05T21:48:59.370+0200] {local_task_job_runner.py:123} INFO - ::group::Pre task execution logs
[2026-09-05T21:48:59.373+0200] {taskinstance.py:2614} INFO - Dependencies all met for dep_context=non-requeueable deps ti=<TaskInstance: mini_riskagent_file_ingestion.wait_for_csv scheduled__2026-09-05T19:09:00+00:00 [queued]>
[2026-09-05T21:48:59.374+0200] {taskinstance.py:2614} INFO - Dependencies all met for dep_context=requeueable deps ti=<TaskInstance: mini_riskagent_file_ingestion.wait_for_csv scheduled__2026-09-05T19:09:00+00:00 [queued]>
[2026-09-05T21:48:59.374+0200] {taskinstance.py:2867} INFO - Starting attempt 1 of 2
[2026-09-05T21:48:59.377+0200] {taskinstance.py:2890} INFO - Executing <Task(PythonSensor): wait_for_csv> on 2026-09-05 19:09:00+00:00
[2026-09-05T21:48:59.382+0200] {logging_mixin.py:190} WARNING - /Users/swarnalidatta/Desktop/AutoQueryChatbot/.airflow-venv/lib/python3.12/site-packages/airflow/task/task_runner/standard_task_runner.py:70 DeprecationWarning: This process (pid=49553) is multi-threaded, use of fork() may lead to deadlocks in the child.
[2026-09-05T21:48:59.382+0200] {standard_task_runner.py:72} INFO - Started process 49560 to run task
[2026-09-05T21:48:59.381+0200] {standard_task_runner.py:104} INFO - Running: ['airflow', 'tasks', 'run', 'mini_riskagent_file_ingestion', 'wait_for_csv', 'scheduled__2026-09-05T19:09:00+00:00', '--job-id', '2938', '--raw', '--subdir', 'DAGS_FOLDER/data_ingest_pipeline.py', '--cfg-path', '/var/folders/5p/201rr1sj03g8gksxm9x48mbh0000gn/T/tmp37tjpwl2']
[2026-09-05T21:48:59.382+0200] {standard_task_runner.py:105} INFO - Job 2938: Subtask wait_for_csv
[2026-09-05T21:48:59.395+0200] {task_command.py:467} INFO - Running <TaskInstance: mini_riskagent_file_ingestion.wait_for_csv scheduled__2026-09-05T19:09:00+00:00 [running]> on host mac.home
[2026-09-05T21:48:59.412+0200] {taskinstance.py:3134} INFO - Exporting env vars: AIRFLOW_CTX_DAG_OWNER='autoquery' AIRFLOW_CTX_DAG_ID='mini_riskagent_file_ingestion' AIRFLOW_CTX_TASK_ID='wait_for_csv' AIRFLOW_CTX_EXECUTION_DATE='2026-09-05T19:09:00+00:00' AIRFLOW_CTX_TRY_NUMBER='1' AIRFLOW_CTX_DAG_RUN_ID='scheduled__2026-09-05T19:09:00+00:00'
[2026-09-05T21:48:59.413+0200] {logging_mixin.py:190} INFO - Task instance is in running state
[2026-09-05T21:48:59.413+0200] {logging_mixin.py:190} INFO -  Previous state of the Task instance: queued
[2026-09-05T21:48:59.413+0200] {logging_mixin.py:190} INFO - Current task name:wait_for_csv state:running start_date:2026-09-05 19:48:59.373398+00:00
[2026-09-05T21:48:59.414+0200] {logging_mixin.py:190} INFO - Dag name:mini_riskagent_file_ingestion and current dag run status:running
[2026-09-05T21:48:59.414+0200] {taskinstance.py:732} INFO - ::endgroup::
[2026-09-05T21:48:59.415+0200] {python.py:75} INFO - Poking callable: <function check_for_csv_files at 0x10a602b60>
[2026-09-05T21:48:59.419+0200] {taskinstance.py:310} INFO - Rescheduling task, marking task as UP_FOR_RESCHEDULE
[2026-09-05T21:48:59.419+0200] {taskinstance.py:341} INFO - ::group::Post task execution logs
[2026-09-05T21:48:59.441+0200] {local_task_job_runner.py:266} INFO - Task exited with return code 0
[2026-09-05T21:48:59.448+0200] {taskinstance.py:3901} INFO - 0 downstream tasks scheduled from follow-on schedule check
[2026-09-05T21:48:59.448+0200] {local_task_job_runner.py:245} INFO - ::endgroup::
[2026-09-05T21:49:30.387+0200] {local_task_job_runner.py:123} INFO - ::group::Pre task execution logs
[2026-09-05T21:49:30.390+0200] {taskinstance.py:2614} INFO - Dependencies all met for dep_context=non-requeueable deps ti=<TaskInstance: mini_riskagent_file_ingestion.wait_for_csv scheduled__2026-09-05T19:09:00+00:00 [queued]>
[2026-09-05T21:49:30.391+0200] {taskinstance.py:2614} INFO - Dependencies all met for dep_context=requeueable deps ti=<TaskInstance: mini_riskagent_file_ingestion.wait_for_csv scheduled__2026-09-05T19:09:00+00:00 [queued]>
[2026-09-05T21:49:30.391+0200] {taskinstance.py:2867} INFO - Starting attempt 1 of 2
[2026-09-05T21:49:30.394+0200] {taskinstance.py:2890} INFO - Executing <Task(PythonSensor): wait_for_csv> on 2026-09-05 19:09:00+00:00
[2026-09-05T21:49:30.399+0200] {logging_mixin.py:190} WARNING - /Users/swarnalidatta/Desktop/AutoQueryChatbot/.airflow-venv/lib/python3.12/site-packages/airflow/task/task_runner/standard_task_runner.py:70 DeprecationWarning: This process (pid=49667) is multi-threaded, use of fork() may lead to deadlocks in the child.
[2026-09-05T21:49:30.398+0200] {standard_task_runner.py:104} INFO - Running: ['airflow', 'tasks', 'run', 'mini_riskagent_file_ingestion', 'wait_for_csv', 'scheduled__2026-09-05T19:09:00+00:00', '--job-id', '2952', '--raw', '--subdir', 'DAGS_FOLDER/data_ingest_pipeline.py', '--cfg-path', '/var/folders/5p/201rr1sj03g8gksxm9x48mbh0000gn/T/tmpqcvdo8qj']
[2026-09-05T21:49:30.399+0200] {standard_task_runner.py:72} INFO - Started process 49673 to run task
[2026-09-05T21:49:30.399+0200] {standard_task_runner.py:105} INFO - Job 2952: Subtask wait_for_csv
[2026-09-05T21:49:30.412+0200] {task_command.py:467} INFO - Running <TaskInstance: mini_riskagent_file_ingestion.wait_for_csv scheduled__2026-09-05T19:09:00+00:00 [running]> on host mac.home
[2026-09-05T21:49:30.428+0200] {taskinstance.py:3134} INFO - Exporting env vars: AIRFLOW_CTX_DAG_OWNER='autoquery' AIRFLOW_CTX_DAG_ID='mini_riskagent_file_ingestion' AIRFLOW_CTX_TASK_ID='wait_for_csv' AIRFLOW_CTX_EXECUTION_DATE='2026-09-05T19:09:00+00:00' AIRFLOW_CTX_TRY_NUMBER='1' AIRFLOW_CTX_DAG_RUN_ID='scheduled__2026-09-05T19:09:00+00:00'
[2026-09-05T21:49:30.429+0200] {logging_mixin.py:190} INFO - Task instance is in running state
[2026-09-05T21:49:30.429+0200] {logging_mixin.py:190} INFO -  Previous state of the Task instance: queued
[2026-09-05T21:49:30.429+0200] {logging_mixin.py:190} INFO - Current task name:wait_for_csv state:running start_date:2026-09-05 19:49:30.390148+00:00
[2026-09-05T21:49:30.429+0200] {logging_mixin.py:190} INFO - Dag name:mini_riskagent_file_ingestion and current dag run status:running
[2026-09-05T21:49:30.430+0200] {taskinstance.py:732} INFO - ::endgroup::
[2026-09-05T21:49:30.431+0200] {python.py:75} INFO - Poking callable: <function check_for_csv_files at 0x10ac5eb60>
[2026-09-05T21:49:30.434+0200] {taskinstance.py:310} INFO - Rescheduling task, marking task as UP_FOR_RESCHEDULE
[2026-09-05T21:49:30.434+0200] {taskinstance.py:341} INFO - ::group::Post task execution logs
[2026-09-05T21:49:30.458+0200] {local_task_job_runner.py:266} INFO - Task exited with return code 0
[2026-09-05T21:49:30.465+0200] {taskinstance.py:3901} INFO - 0 downstream tasks scheduled from follow-on schedule check
[2026-09-05T21:49:30.465+0200] {local_task_job_runner.py:245} INFO - ::endgroup::
[2026-09-05T21:50:02.258+0200] {local_task_job_runner.py:123} INFO - ::group::Pre task execution logs
[2026-09-05T21:50:02.261+0200] {taskinstance.py:2614} INFO - Dependencies all met for dep_context=non-requeueable deps ti=<TaskInstance: mini_riskagent_file_ingestion.wait_for_csv scheduled__2026-09-05T19:09:00+00:00 [queued]>
[2026-09-05T21:50:02.262+0200] {taskinstance.py:2614} INFO - Dependencies all met for dep_context=requeueable deps ti=<TaskInstance: mini_riskagent_file_ingestion.wait_for_csv scheduled__2026-09-05T19:09:00+00:00 [queued]>
[2026-09-05T21:50:02.262+0200] {taskinstance.py:2867} INFO - Starting attempt 1 of 2
[2026-09-05T21:50:02.265+0200] {taskinstance.py:2890} INFO - Executing <Task(PythonSensor): wait_for_csv> on 2026-09-05 19:09:00+00:00
[2026-09-05T21:50:02.270+0200] {logging_mixin.py:190} WARNING - /Users/swarnalidatta/Desktop/AutoQueryChatbot/.airflow-venv/lib/python3.12/site-packages/airflow/task/task_runner/standard_task_runner.py:70 DeprecationWarning: This process (pid=49982) is multi-threaded, use of fork() may lead to deadlocks in the child.
[2026-09-05T21:50:02.270+0200] {standard_task_runner.py:72} INFO - Started process 49986 to run task
[2026-09-05T21:50:02.270+0200] {standard_task_runner.py:104} INFO - Running: ['airflow', 'tasks', 'run', 'mini_riskagent_file_ingestion', 'wait_for_csv', 'scheduled__2026-09-05T19:09:00+00:00', '--job-id', '2966', '--raw', '--subdir', 'DAGS_FOLDER/data_ingest_pipeline.py', '--cfg-path', '/var/folders/5p/201rr1sj03g8gksxm9x48mbh0000gn/T/tmprmue2dkt']
[2026-09-05T21:50:02.271+0200] {standard_task_runner.py:105} INFO - Job 2966: Subtask wait_for_csv
[2026-09-05T21:50:02.284+0200] {task_command.py:467} INFO - Running <TaskInstance: mini_riskagent_file_ingestion.wait_for_csv scheduled__2026-09-05T19:09:00+00:00 [running]> on host mac.home
[2026-09-05T21:50:02.300+0200] {taskinstance.py:3134} INFO - Exporting env vars: AIRFLOW_CTX_DAG_OWNER='autoquery' AIRFLOW_CTX_DAG_ID='mini_riskagent_file_ingestion' AIRFLOW_CTX_TASK_ID='wait_for_csv' AIRFLOW_CTX_EXECUTION_DATE='2026-09-05T19:09:00+00:00' AIRFLOW_CTX_TRY_NUMBER='1' AIRFLOW_CTX_DAG_RUN_ID='scheduled__2026-09-05T19:09:00+00:00'
[2026-09-05T21:50:02.301+0200] {logging_mixin.py:190} INFO - Task instance is in running state
[2026-09-05T21:50:02.301+0200] {logging_mixin.py:190} INFO -  Previous state of the Task instance: queued
[2026-09-05T21:50:02.301+0200] {logging_mixin.py:190} INFO - Current task name:wait_for_csv state:running start_date:2026-09-05 19:50:02.261130+00:00
[2026-09-05T21:50:02.301+0200] {logging_mixin.py:190} INFO - Dag name:mini_riskagent_file_ingestion and current dag run status:running
[2026-09-05T21:50:02.302+0200] {taskinstance.py:732} INFO - ::endgroup::
[2026-09-05T21:50:02.303+0200] {python.py:75} INFO - Poking callable: <function check_for_csv_files at 0x10cc9ab60>
[2026-09-05T21:50:02.306+0200] {taskinstance.py:310} INFO - Rescheduling task, marking task as UP_FOR_RESCHEDULE
[2026-09-05T21:50:02.307+0200] {taskinstance.py:341} INFO - ::group::Post task execution logs
[2026-09-05T21:50:02.329+0200] {local_task_job_runner.py:266} INFO - Task exited with return code 0
[2026-09-05T21:50:02.336+0200] {taskinstance.py:3901} INFO - 0 downstream tasks scheduled from follow-on schedule check
[2026-09-05T21:50:02.336+0200] {local_task_job_runner.py:245} INFO - ::endgroup::
[2026-09-05T21:50:33.590+0200] {local_task_job_runner.py:123} INFO - ::group::Pre task execution logs
[2026-09-05T21:50:33.593+0200] {taskinstance.py:2614} INFO - Dependencies all met for dep_context=non-requeueable deps ti=<TaskInstance: mini_riskagent_file_ingestion.wait_for_csv scheduled__2026-09-05T19:09:00+00:00 [queued]>
[2026-09-05T21:50:33.594+0200] {taskinstance.py:2614} INFO - Dependencies all met for dep_context=requeueable deps ti=<TaskInstance: mini_riskagent_file_ingestion.wait_for_csv scheduled__2026-09-05T19:09:00+00:00 [queued]>
[2026-09-05T21:50:33.594+0200] {taskinstance.py:2867} INFO - Starting attempt 1 of 2
[2026-09-05T21:50:33.598+0200] {taskinstance.py:2890} INFO - Executing <Task(PythonSensor): wait_for_csv> on 2026-09-05 19:09:00+00:00
[2026-09-05T21:50:33.602+0200] {logging_mixin.py:190} WARNING - /Users/swarnalidatta/Desktop/AutoQueryChatbot/.airflow-venv/lib/python3.12/site-packages/airflow/task/task_runner/standard_task_runner.py:70 DeprecationWarning: This process (pid=50106) is multi-threaded, use of fork() may lead to deadlocks in the child.
[2026-09-05T21:50:33.602+0200] {standard_task_runner.py:72} INFO - Started process 50108 to run task
[2026-09-05T21:50:33.602+0200] {standard_task_runner.py:104} INFO - Running: ['airflow', 'tasks', 'run', 'mini_riskagent_file_ingestion', 'wait_for_csv', 'scheduled__2026-09-05T19:09:00+00:00', '--job-id', '2981', '--raw', '--subdir', 'DAGS_FOLDER/data_ingest_pipeline.py', '--cfg-path', '/var/folders/5p/201rr1sj03g8gksxm9x48mbh0000gn/T/tmprv18blf3']
[2026-09-05T21:50:33.603+0200] {standard_task_runner.py:105} INFO - Job 2981: Subtask wait_for_csv
[2026-09-05T21:50:33.616+0200] {task_command.py:467} INFO - Running <TaskInstance: mini_riskagent_file_ingestion.wait_for_csv scheduled__2026-09-05T19:09:00+00:00 [running]> on host mac.home
[2026-09-05T21:50:33.632+0200] {taskinstance.py:3134} INFO - Exporting env vars: AIRFLOW_CTX_DAG_OWNER='autoquery' AIRFLOW_CTX_DAG_ID='mini_riskagent_file_ingestion' AIRFLOW_CTX_TASK_ID='wait_for_csv' AIRFLOW_CTX_EXECUTION_DATE='2026-09-05T19:09:00+00:00' AIRFLOW_CTX_TRY_NUMBER='1' AIRFLOW_CTX_DAG_RUN_ID='scheduled__2026-09-05T19:09:00+00:00'
[2026-09-05T21:50:33.633+0200] {logging_mixin.py:190} INFO - Task instance is in running state
[2026-09-05T21:50:33.633+0200] {logging_mixin.py:190} INFO -  Previous state of the Task instance: queued
[2026-09-05T21:50:33.633+0200] {logging_mixin.py:190} INFO - Current task name:wait_for_csv state:running start_date:2026-09-05 19:50:33.593487+00:00
[2026-09-05T21:50:33.633+0200] {logging_mixin.py:190} INFO - Dag name:mini_riskagent_file_ingestion and current dag run status:running
[2026-09-05T21:50:33.633+0200] {taskinstance.py:732} INFO - ::endgroup::
[2026-09-05T21:50:33.635+0200] {python.py:75} INFO - Poking callable: <function check_for_csv_files at 0x108b7ab60>
[2026-09-05T21:50:33.638+0200] {taskinstance.py:310} INFO - Rescheduling task, marking task as UP_FOR_RESCHEDULE
[2026-09-05T21:50:33.638+0200] {taskinstance.py:341} INFO - ::group::Post task execution logs
[2026-09-05T21:50:33.661+0200] {local_task_job_runner.py:266} INFO - Task exited with return code 0
[2026-09-05T21:50:33.668+0200] {taskinstance.py:3901} INFO - 0 downstream tasks scheduled from follow-on schedule check
[2026-09-05T21:50:33.668+0200] {local_task_job_runner.py:245} INFO - ::endgroup::
[2026-09-05T21:51:06.689+0200] {local_task_job_runner.py:123} INFO - ::group::Pre task execution logs
[2026-09-05T21:51:06.692+0200] {taskinstance.py:2614} INFO - Dependencies all met for dep_context=non-requeueable deps ti=<TaskInstance: mini_riskagent_file_ingestion.wait_for_csv scheduled__2026-09-05T19:09:00+00:00 [queued]>
[2026-09-05T21:51:06.694+0200] {taskinstance.py:2614} INFO - Dependencies all met for dep_context=requeueable deps ti=<TaskInstance: mini_riskagent_file_ingestion.wait_for_csv scheduled__2026-09-05T19:09:00+00:00 [queued]>
[2026-09-05T21:51:06.694+0200] {taskinstance.py:2867} INFO - Starting attempt 1 of 2
[2026-09-05T21:51:06.697+0200] {taskinstance.py:2890} INFO - Executing <Task(PythonSensor): wait_for_csv> on 2026-09-05 19:09:00+00:00
[2026-09-05T21:51:06.702+0200] {logging_mixin.py:190} WARNING - /Users/swarnalidatta/Desktop/AutoQueryChatbot/.airflow-venv/lib/python3.12/site-packages/airflow/task/task_runner/standard_task_runner.py:70 DeprecationWarning: This process (pid=50228) is multi-threaded, use of fork() may lead to deadlocks in the child.
[2026-09-05T21:51:06.702+0200] {standard_task_runner.py:72} INFO - Started process 50234 to run task
[2026-09-05T21:51:06.702+0200] {standard_task_runner.py:104} INFO - Running: ['airflow', 'tasks', 'run', 'mini_riskagent_file_ingestion', 'wait_for_csv', 'scheduled__2026-09-05T19:09:00+00:00', '--job-id', '2997', '--raw', '--subdir', 'DAGS_FOLDER/data_ingest_pipeline.py', '--cfg-path', '/var/folders/5p/201rr1sj03g8gksxm9x48mbh0000gn/T/tmp9v2rfrsd']
[2026-09-05T21:51:06.702+0200] {standard_task_runner.py:105} INFO - Job 2997: Subtask wait_for_csv
[2026-09-05T21:51:06.717+0200] {task_command.py:467} INFO - Running <TaskInstance: mini_riskagent_file_ingestion.wait_for_csv scheduled__2026-09-05T19:09:00+00:00 [running]> on host mac.home
[2026-09-05T21:51:06.733+0200] {taskinstance.py:3134} INFO - Exporting env vars: AIRFLOW_CTX_DAG_OWNER='autoquery' AIRFLOW_CTX_DAG_ID='mini_riskagent_file_ingestion' AIRFLOW_CTX_TASK_ID='wait_for_csv' AIRFLOW_CTX_EXECUTION_DATE='2026-09-05T19:09:00+00:00' AIRFLOW_CTX_TRY_NUMBER='1' AIRFLOW_CTX_DAG_RUN_ID='scheduled__2026-09-05T19:09:00+00:00'
[2026-09-05T21:51:06.734+0200] {logging_mixin.py:190} INFO - Task instance is in running state
[2026-09-05T21:51:06.734+0200] {logging_mixin.py:190} INFO -  Previous state of the Task instance: queued
[2026-09-05T21:51:06.734+0200] {logging_mixin.py:190} INFO - Current task name:wait_for_csv state:running start_date:2026-09-05 19:51:06.692966+00:00
[2026-09-05T21:51:06.734+0200] {logging_mixin.py:190} INFO - Dag name:mini_riskagent_file_ingestion and current dag run status:running
[2026-09-05T21:51:06.734+0200] {taskinstance.py:732} INFO - ::endgroup::
[2026-09-05T21:51:06.736+0200] {python.py:75} INFO - Poking callable: <function check_for_csv_files at 0x10c53ab60>
[2026-09-05T21:51:06.739+0200] {taskinstance.py:310} INFO - Rescheduling task, marking task as UP_FOR_RESCHEDULE
[2026-09-05T21:51:06.740+0200] {taskinstance.py:341} INFO - ::group::Post task execution logs
[2026-09-05T21:51:06.761+0200] {local_task_job_runner.py:266} INFO - Task exited with return code 0
[2026-09-05T21:51:06.768+0200] {taskinstance.py:3901} INFO - 0 downstream tasks scheduled from follow-on schedule check
[2026-09-05T21:51:06.768+0200] {local_task_job_runner.py:245} INFO - ::endgroup::
[2026-09-05T21:51:39.165+0200] {local_task_job_runner.py:123} INFO - ::group::Pre task execution logs
[2026-09-05T21:51:39.168+0200] {taskinstance.py:2614} INFO - Dependencies all met for dep_context=non-requeueable deps ti=<TaskInstance: mini_riskagent_file_ingestion.wait_for_csv scheduled__2026-09-05T19:09:00+00:00 [queued]>
[2026-09-05T21:51:39.170+0200] {taskinstance.py:2614} INFO - Dependencies all met for dep_context=requeueable deps ti=<TaskInstance: mini_riskagent_file_ingestion.wait_for_csv scheduled__2026-09-05T19:09:00+00:00 [queued]>
[2026-09-05T21:51:39.170+0200] {taskinstance.py:2867} INFO - Starting attempt 1 of 2
[2026-09-05T21:51:39.173+0200] {taskinstance.py:2890} INFO - Executing <Task(PythonSensor): wait_for_csv> on 2026-09-05 19:09:00+00:00
[2026-09-05T21:51:39.178+0200] {logging_mixin.py:190} WARNING - /Users/swarnalidatta/Desktop/AutoQueryChatbot/.airflow-venv/lib/python3.12/site-packages/airflow/task/task_runner/standard_task_runner.py:70 DeprecationWarning: This process (pid=50342) is multi-threaded, use of fork() may lead to deadlocks in the child.
[2026-09-05T21:51:39.178+0200] {standard_task_runner.py:72} INFO - Started process 50344 to run task
[2026-09-05T21:51:39.178+0200] {standard_task_runner.py:104} INFO - Running: ['airflow', 'tasks', 'run', 'mini_riskagent_file_ingestion', 'wait_for_csv', 'scheduled__2026-09-05T19:09:00+00:00', '--job-id', '3013', '--raw', '--subdir', 'DAGS_FOLDER/data_ingest_pipeline.py', '--cfg-path', '/var/folders/5p/201rr1sj03g8gksxm9x48mbh0000gn/T/tmpjwzh9__x']
[2026-09-05T21:51:39.178+0200] {standard_task_runner.py:105} INFO - Job 3013: Subtask wait_for_csv
[2026-09-05T21:51:39.193+0200] {task_command.py:467} INFO - Running <TaskInstance: mini_riskagent_file_ingestion.wait_for_csv scheduled__2026-09-05T19:09:00+00:00 [running]> on host mac.home
[2026-09-05T21:51:39.210+0200] {taskinstance.py:3134} INFO - Exporting env vars: AIRFLOW_CTX_DAG_OWNER='autoquery' AIRFLOW_CTX_DAG_ID='mini_riskagent_file_ingestion' AIRFLOW_CTX_TASK_ID='wait_for_csv' AIRFLOW_CTX_EXECUTION_DATE='2026-09-05T19:09:00+00:00' AIRFLOW_CTX_TRY_NUMBER='1' AIRFLOW_CTX_DAG_RUN_ID='scheduled__2026-09-05T19:09:00+00:00'
[2026-09-05T21:51:39.211+0200] {logging_mixin.py:190} INFO - Task instance is in running state
[2026-09-05T21:51:39.211+0200] {logging_mixin.py:190} INFO -  Previous state of the Task instance: queued
[2026-09-05T21:51:39.211+0200] {logging_mixin.py:190} INFO - Current task name:wait_for_csv state:running start_date:2026-09-05 19:51:39.168674+00:00
[2026-09-05T21:51:39.211+0200] {logging_mixin.py:190} INFO - Dag name:mini_riskagent_file_ingestion and current dag run status:running
[2026-09-05T21:51:39.211+0200] {taskinstance.py:732} INFO - ::endgroup::
[2026-09-05T21:51:39.213+0200] {python.py:75} INFO - Poking callable: <function check_for_csv_files at 0x108caeb60>
[2026-09-05T21:51:39.216+0200] {taskinstance.py:310} INFO - Rescheduling task, marking task as UP_FOR_RESCHEDULE
[2026-09-05T21:51:39.216+0200] {taskinstance.py:341} INFO - ::group::Post task execution logs
[2026-09-05T21:51:39.237+0200] {local_task_job_runner.py:266} INFO - Task exited with return code 0
[2026-09-05T21:51:39.244+0200] {taskinstance.py:3901} INFO - 0 downstream tasks scheduled from follow-on schedule check
[2026-09-05T21:51:39.244+0200] {local_task_job_runner.py:245} INFO - ::endgroup::
[2026-09-05T21:52:10.909+0200] {local_task_job_runner.py:123} INFO - ::group::Pre task execution logs
[2026-09-05T21:52:10.912+0200] {taskinstance.py:2614} INFO - Dependencies all met for dep_context=non-requeueable deps ti=<TaskInstance: mini_riskagent_file_ingestion.wait_for_csv scheduled__2026-09-05T19:09:00+00:00 [queued]>
[2026-09-05T21:52:10.914+0200] {taskinstance.py:2614} INFO - Dependencies all met for dep_context=requeueable deps ti=<TaskInstance: mini_riskagent_file_ingestion.wait_for_csv scheduled__2026-09-05T19:09:00+00:00 [queued]>
[2026-09-05T21:52:10.914+0200] {taskinstance.py:2867} INFO - Starting attempt 1 of 2
[2026-09-05T21:52:10.917+0200] {taskinstance.py:2890} INFO - Executing <Task(PythonSensor): wait_for_csv> on 2026-09-05 19:09:00+00:00
[2026-09-05T21:52:10.922+0200] {logging_mixin.py:190} WARNING - /Users/swarnalidatta/Desktop/AutoQueryChatbot/.airflow-venv/lib/python3.12/site-packages/airflow/task/task_runner/standard_task_runner.py:70 DeprecationWarning: This process (pid=50448) is multi-threaded, use of fork() may lead to deadlocks in the child.
[2026-09-05T21:52:10.922+0200] {standard_task_runner.py:72} INFO - Started process 50450 to run task
[2026-09-05T21:52:10.921+0200] {standard_task_runner.py:104} INFO - Running: ['airflow', 'tasks', 'run', 'mini_riskagent_file_ingestion', 'wait_for_csv', 'scheduled__2026-09-05T19:09:00+00:00', '--job-id', '3029', '--raw', '--subdir', 'DAGS_FOLDER/data_ingest_pipeline.py', '--cfg-path', '/var/folders/5p/201rr1sj03g8gksxm9x48mbh0000gn/T/tmp1zj_uivo']
[2026-09-05T21:52:10.922+0200] {standard_task_runner.py:105} INFO - Job 3029: Subtask wait_for_csv
[2026-09-05T21:52:10.936+0200] {task_command.py:467} INFO - Running <TaskInstance: mini_riskagent_file_ingestion.wait_for_csv scheduled__2026-09-05T19:09:00+00:00 [running]> on host mac.home
[2026-09-05T21:52:10.953+0200] {taskinstance.py:3134} INFO - Exporting env vars: AIRFLOW_CTX_DAG_OWNER='autoquery' AIRFLOW_CTX_DAG_ID='mini_riskagent_file_ingestion' AIRFLOW_CTX_TASK_ID='wait_for_csv' AIRFLOW_CTX_EXECUTION_DATE='2026-09-05T19:09:00+00:00' AIRFLOW_CTX_TRY_NUMBER='1' AIRFLOW_CTX_DAG_RUN_ID='scheduled__2026-09-05T19:09:00+00:00'
[2026-09-05T21:52:10.953+0200] {logging_mixin.py:190} INFO - Task instance is in running state
[2026-09-05T21:52:10.953+0200] {logging_mixin.py:190} INFO -  Previous state of the Task instance: queued
[2026-09-05T21:52:10.954+0200] {logging_mixin.py:190} INFO - Current task name:wait_for_csv state:running start_date:2026-09-05 19:52:10.912781+00:00
[2026-09-05T21:52:10.954+0200] {logging_mixin.py:190} INFO - Dag name:mini_riskagent_file_ingestion and current dag run status:running
[2026-09-05T21:52:10.954+0200] {taskinstance.py:732} INFO - ::endgroup::
[2026-09-05T21:52:10.955+0200] {python.py:75} INFO - Poking callable: <function check_for_csv_files at 0x10b356b60>
[2026-09-05T21:52:10.959+0200] {taskinstance.py:310} INFO - Rescheduling task, marking task as UP_FOR_RESCHEDULE
[2026-09-05T21:52:10.959+0200] {taskinstance.py:341} INFO - ::group::Post task execution logs
[2026-09-05T21:52:10.981+0200] {local_task_job_runner.py:266} INFO - Task exited with return code 0
[2026-09-05T21:52:10.988+0200] {taskinstance.py:3901} INFO - 0 downstream tasks scheduled from follow-on schedule check
[2026-09-05T21:52:10.988+0200] {local_task_job_runner.py:245} INFO - ::endgroup::
[2026-09-05T21:52:42.533+0200] {local_task_job_runner.py:123} INFO - ::group::Pre task execution logs
[2026-09-05T21:52:42.536+0200] {taskinstance.py:2614} INFO - Dependencies all met for dep_context=non-requeueable deps ti=<TaskInstance: mini_riskagent_file_ingestion.wait_for_csv scheduled__2026-09-05T19:09:00+00:00 [queued]>
[2026-09-05T21:52:42.537+0200] {taskinstance.py:2614} INFO - Dependencies all met for dep_context=requeueable deps ti=<TaskInstance: mini_riskagent_file_ingestion.wait_for_csv scheduled__2026-09-05T19:09:00+00:00 [queued]>
[2026-09-05T21:52:42.537+0200] {taskinstance.py:2867} INFO - Starting attempt 1 of 2
[2026-09-05T21:52:42.540+0200] {taskinstance.py:2890} INFO - Executing <Task(PythonSensor): wait_for_csv> on 2026-09-05 19:09:00+00:00
[2026-09-05T21:52:42.545+0200] {logging_mixin.py:190} WARNING - /Users/swarnalidatta/Desktop/AutoQueryChatbot/.airflow-venv/lib/python3.12/site-packages/airflow/task/task_runner/standard_task_runner.py:70 DeprecationWarning: This process (pid=50554) is multi-threaded, use of fork() may lead to deadlocks in the child.
[2026-09-05T21:52:42.546+0200] {standard_task_runner.py:72} INFO - Started process 50556 to run task
[2026-09-05T21:52:42.545+0200] {standard_task_runner.py:104} INFO - Running: ['airflow', 'tasks', 'run', 'mini_riskagent_file_ingestion', 'wait_for_csv', 'scheduled__2026-09-05T19:09:00+00:00', '--job-id', '3045', '--raw', '--subdir', 'DAGS_FOLDER/data_ingest_pipeline.py', '--cfg-path', '/var/folders/5p/201rr1sj03g8gksxm9x48mbh0000gn/T/tmpu6alwiyc']
[2026-09-05T21:52:42.546+0200] {standard_task_runner.py:105} INFO - Job 3045: Subtask wait_for_csv
[2026-09-05T21:52:42.560+0200] {task_command.py:467} INFO - Running <TaskInstance: mini_riskagent_file_ingestion.wait_for_csv scheduled__2026-09-05T19:09:00+00:00 [running]> on host mac.home
[2026-09-05T21:52:42.576+0200] {taskinstance.py:3134} INFO - Exporting env vars: AIRFLOW_CTX_DAG_OWNER='autoquery' AIRFLOW_CTX_DAG_ID='mini_riskagent_file_ingestion' AIRFLOW_CTX_TASK_ID='wait_for_csv' AIRFLOW_CTX_EXECUTION_DATE='2026-09-05T19:09:00+00:00' AIRFLOW_CTX_TRY_NUMBER='1' AIRFLOW_CTX_DAG_RUN_ID='scheduled__2026-09-05T19:09:00+00:00'
[2026-09-05T21:52:42.577+0200] {logging_mixin.py:190} INFO - Task instance is in running state
[2026-09-05T21:52:42.577+0200] {logging_mixin.py:190} INFO -  Previous state of the Task instance: queued
[2026-09-05T21:52:42.577+0200] {logging_mixin.py:190} INFO - Current task name:wait_for_csv state:running start_date:2026-09-05 19:52:42.536276+00:00
[2026-09-05T21:52:42.577+0200] {logging_mixin.py:190} INFO - Dag name:mini_riskagent_file_ingestion and current dag run status:running
[2026-09-05T21:52:42.577+0200] {taskinstance.py:732} INFO - ::endgroup::
[2026-09-05T21:52:42.579+0200] {python.py:75} INFO - Poking callable: <function check_for_csv_files at 0x112c96b60>
[2026-09-05T21:52:42.582+0200] {taskinstance.py:310} INFO - Rescheduling task, marking task as UP_FOR_RESCHEDULE
[2026-09-05T21:52:42.582+0200] {taskinstance.py:341} INFO - ::group::Post task execution logs
[2026-09-05T21:52:42.605+0200] {local_task_job_runner.py:266} INFO - Task exited with return code 0
[2026-09-05T21:52:42.612+0200] {taskinstance.py:3901} INFO - 0 downstream tasks scheduled from follow-on schedule check
[2026-09-05T21:52:42.612+0200] {local_task_job_runner.py:245} INFO - ::endgroup::
[2026-09-05T21:53:15.077+0200] {local_task_job_runner.py:123} INFO - ::group::Pre task execution logs
[2026-09-05T21:53:15.080+0200] {taskinstance.py:2614} INFO - Dependencies all met for dep_context=non-requeueable deps ti=<TaskInstance: mini_riskagent_file_ingestion.wait_for_csv scheduled__2026-09-05T19:09:00+00:00 [queued]>
[2026-09-05T21:53:15.081+0200] {taskinstance.py:2614} INFO - Dependencies all met for dep_context=requeueable deps ti=<TaskInstance: mini_riskagent_file_ingestion.wait_for_csv scheduled__2026-09-05T19:09:00+00:00 [queued]>
[2026-09-05T21:53:15.081+0200] {taskinstance.py:2867} INFO - Starting attempt 1 of 2
[2026-09-05T21:53:15.084+0200] {taskinstance.py:2890} INFO - Executing <Task(PythonSensor): wait_for_csv> on 2026-09-05 19:09:00+00:00
[2026-09-05T21:53:15.089+0200] {logging_mixin.py:190} WARNING - /Users/swarnalidatta/Desktop/AutoQueryChatbot/.airflow-venv/lib/python3.12/site-packages/airflow/task/task_runner/standard_task_runner.py:70 DeprecationWarning: This process (pid=50664) is multi-threaded, use of fork() may lead to deadlocks in the child.
[2026-09-05T21:53:15.090+0200] {standard_task_runner.py:72} INFO - Started process 50666 to run task
[2026-09-05T21:53:15.089+0200] {standard_task_runner.py:104} INFO - Running: ['airflow', 'tasks', 'run', 'mini_riskagent_file_ingestion', 'wait_for_csv', 'scheduled__2026-09-05T19:09:00+00:00', '--job-id', '3061', '--raw', '--subdir', 'DAGS_FOLDER/data_ingest_pipeline.py', '--cfg-path', '/var/folders/5p/201rr1sj03g8gksxm9x48mbh0000gn/T/tmpia4d39ct']
[2026-09-05T21:53:15.090+0200] {standard_task_runner.py:105} INFO - Job 3061: Subtask wait_for_csv
[2026-09-05T21:53:15.104+0200] {task_command.py:467} INFO - Running <TaskInstance: mini_riskagent_file_ingestion.wait_for_csv scheduled__2026-09-05T19:09:00+00:00 [running]> on host mac.home
[2026-09-05T21:53:15.120+0200] {taskinstance.py:3134} INFO - Exporting env vars: AIRFLOW_CTX_DAG_OWNER='autoquery' AIRFLOW_CTX_DAG_ID='mini_riskagent_file_ingestion' AIRFLOW_CTX_TASK_ID='wait_for_csv' AIRFLOW_CTX_EXECUTION_DATE='2026-09-05T19:09:00+00:00' AIRFLOW_CTX_TRY_NUMBER='1' AIRFLOW_CTX_DAG_RUN_ID='scheduled__2026-09-05T19:09:00+00:00'
[2026-09-05T21:53:15.120+0200] {logging_mixin.py:190} INFO - Task instance is in running state
[2026-09-05T21:53:15.121+0200] {logging_mixin.py:190} INFO -  Previous state of the Task instance: queued
[2026-09-05T21:53:15.121+0200] {logging_mixin.py:190} INFO - Current task name:wait_for_csv state:running start_date:2026-09-05 19:53:15.080400+00:00
[2026-09-05T21:53:15.121+0200] {logging_mixin.py:190} INFO - Dag name:mini_riskagent_file_ingestion and current dag run status:running
[2026-09-05T21:53:15.121+0200] {taskinstance.py:732} INFO - ::endgroup::
[2026-09-05T21:53:15.123+0200] {python.py:75} INFO - Poking callable: <function check_for_csv_files at 0x10c826b60>
[2026-09-05T21:53:15.126+0200] {taskinstance.py:310} INFO - Rescheduling task, marking task as UP_FOR_RESCHEDULE
[2026-09-05T21:53:15.126+0200] {taskinstance.py:341} INFO - ::group::Post task execution logs
[2026-09-05T21:53:15.149+0200] {local_task_job_runner.py:266} INFO - Task exited with return code 0
[2026-09-05T21:53:15.155+0200] {taskinstance.py:3901} INFO - 0 downstream tasks scheduled from follow-on schedule check
[2026-09-05T21:53:15.156+0200] {local_task_job_runner.py:245} INFO - ::endgroup::
[2026-09-05T21:53:48.087+0200] {local_task_job_runner.py:123} INFO - ::group::Pre task execution logs
[2026-09-05T21:53:48.090+0200] {taskinstance.py:2614} INFO - Dependencies all met for dep_context=non-requeueable deps ti=<TaskInstance: mini_riskagent_file_ingestion.wait_for_csv scheduled__2026-09-05T19:09:00+00:00 [queued]>
[2026-09-05T21:53:48.092+0200] {taskinstance.py:2614} INFO - Dependencies all met for dep_context=requeueable deps ti=<TaskInstance: mini_riskagent_file_ingestion.wait_for_csv scheduled__2026-09-05T19:09:00+00:00 [queued]>
[2026-09-05T21:53:48.092+0200] {taskinstance.py:2867} INFO - Starting attempt 1 of 2
[2026-09-05T21:53:48.095+0200] {taskinstance.py:2890} INFO - Executing <Task(PythonSensor): wait_for_csv> on 2026-09-05 19:09:00+00:00
[2026-09-05T21:53:48.100+0200] {logging_mixin.py:190} WARNING - /Users/swarnalidatta/Desktop/AutoQueryChatbot/.airflow-venv/lib/python3.12/site-packages/airflow/task/task_runner/standard_task_runner.py:70 DeprecationWarning: This process (pid=50771) is multi-threaded, use of fork() may lead to deadlocks in the child.
[2026-09-05T21:53:48.100+0200] {standard_task_runner.py:72} INFO - Started process 50773 to run task
[2026-09-05T21:53:48.099+0200] {standard_task_runner.py:104} INFO - Running: ['airflow', 'tasks', 'run', 'mini_riskagent_file_ingestion', 'wait_for_csv', 'scheduled__2026-09-05T19:09:00+00:00', '--job-id', '3077', '--raw', '--subdir', 'DAGS_FOLDER/data_ingest_pipeline.py', '--cfg-path', '/var/folders/5p/201rr1sj03g8gksxm9x48mbh0000gn/T/tmpo8z74l7d']
[2026-09-05T21:53:48.100+0200] {standard_task_runner.py:105} INFO - Job 3077: Subtask wait_for_csv
[2026-09-05T21:53:48.114+0200] {task_command.py:467} INFO - Running <TaskInstance: mini_riskagent_file_ingestion.wait_for_csv scheduled__2026-09-05T19:09:00+00:00 [running]> on host mac.home
[2026-09-05T21:53:48.131+0200] {taskinstance.py:3134} INFO - Exporting env vars: AIRFLOW_CTX_DAG_OWNER='autoquery' AIRFLOW_CTX_DAG_ID='mini_riskagent_file_ingestion' AIRFLOW_CTX_TASK_ID='wait_for_csv' AIRFLOW_CTX_EXECUTION_DATE='2026-09-05T19:09:00+00:00' AIRFLOW_CTX_TRY_NUMBER='1' AIRFLOW_CTX_DAG_RUN_ID='scheduled__2026-09-05T19:09:00+00:00'
[2026-09-05T21:53:48.131+0200] {logging_mixin.py:190} INFO - Task instance is in running state
[2026-09-05T21:53:48.131+0200] {logging_mixin.py:190} INFO -  Previous state of the Task instance: queued
[2026-09-05T21:53:48.132+0200] {logging_mixin.py:190} INFO - Current task name:wait_for_csv state:running start_date:2026-09-05 19:53:48.090823+00:00
[2026-09-05T21:53:48.132+0200] {logging_mixin.py:190} INFO - Dag name:mini_riskagent_file_ingestion and current dag run status:running
[2026-09-05T21:53:48.132+0200] {taskinstance.py:732} INFO - ::endgroup::
[2026-09-05T21:53:48.133+0200] {python.py:75} INFO - Poking callable: <function check_for_csv_files at 0x108686b60>
[2026-09-05T21:53:48.137+0200] {taskinstance.py:310} INFO - Rescheduling task, marking task as UP_FOR_RESCHEDULE
[2026-09-05T21:53:48.137+0200] {taskinstance.py:341} INFO - ::group::Post task execution logs
[2026-09-05T21:53:48.159+0200] {local_task_job_runner.py:266} INFO - Task exited with return code 0
[2026-09-05T21:53:48.166+0200] {taskinstance.py:3901} INFO - 0 downstream tasks scheduled from follow-on schedule check
[2026-09-05T21:53:48.166+0200] {local_task_job_runner.py:245} INFO - ::endgroup::
[2026-09-05T21:54:20.566+0200] {local_task_job_runner.py:123} INFO - ::group::Pre task execution logs
[2026-09-05T21:54:20.569+0200] {taskinstance.py:2614} INFO - Dependencies all met for dep_context=non-requeueable deps ti=<TaskInstance: mini_riskagent_file_ingestion.wait_for_csv scheduled__2026-09-05T19:09:00+00:00 [queued]>
[2026-09-05T21:54:20.570+0200] {taskinstance.py:2614} INFO - Dependencies all met for dep_context=requeueable deps ti=<TaskInstance: mini_riskagent_file_ingestion.wait_for_csv scheduled__2026-09-05T19:09:00+00:00 [queued]>
[2026-09-05T21:54:20.570+0200] {taskinstance.py:2867} INFO - Starting attempt 1 of 2
[2026-09-05T21:54:20.573+0200] {taskinstance.py:2890} INFO - Executing <Task(PythonSensor): wait_for_csv> on 2026-09-05 19:09:00+00:00
[2026-09-05T21:54:20.578+0200] {logging_mixin.py:190} WARNING - /Users/swarnalidatta/Desktop/AutoQueryChatbot/.airflow-venv/lib/python3.12/site-packages/airflow/task/task_runner/standard_task_runner.py:70 DeprecationWarning: This process (pid=50875) is multi-threaded, use of fork() may lead to deadlocks in the child.
[2026-09-05T21:54:20.578+0200] {standard_task_runner.py:72} INFO - Started process 50877 to run task
[2026-09-05T21:54:20.578+0200] {standard_task_runner.py:104} INFO - Running: ['airflow', 'tasks', 'run', 'mini_riskagent_file_ingestion', 'wait_for_csv', 'scheduled__2026-09-05T19:09:00+00:00', '--job-id', '3093', '--raw', '--subdir', 'DAGS_FOLDER/data_ingest_pipeline.py', '--cfg-path', '/var/folders/5p/201rr1sj03g8gksxm9x48mbh0000gn/T/tmpuvy9s1z_']
[2026-09-05T21:54:20.578+0200] {standard_task_runner.py:105} INFO - Job 3093: Subtask wait_for_csv
[2026-09-05T21:54:20.593+0200] {task_command.py:467} INFO - Running <TaskInstance: mini_riskagent_file_ingestion.wait_for_csv scheduled__2026-09-05T19:09:00+00:00 [running]> on host mac.home
[2026-09-05T21:54:20.609+0200] {taskinstance.py:3134} INFO - Exporting env vars: AIRFLOW_CTX_DAG_OWNER='autoquery' AIRFLOW_CTX_DAG_ID='mini_riskagent_file_ingestion' AIRFLOW_CTX_TASK_ID='wait_for_csv' AIRFLOW_CTX_EXECUTION_DATE='2026-09-05T19:09:00+00:00' AIRFLOW_CTX_TRY_NUMBER='1' AIRFLOW_CTX_DAG_RUN_ID='scheduled__2026-09-05T19:09:00+00:00'
[2026-09-05T21:54:20.609+0200] {logging_mixin.py:190} INFO - Task instance is in running state
[2026-09-05T21:54:20.609+0200] {logging_mixin.py:190} INFO -  Previous state of the Task instance: queued
[2026-09-05T21:54:20.609+0200] {logging_mixin.py:190} INFO - Current task name:wait_for_csv state:running start_date:2026-09-05 19:54:20.569116+00:00
[2026-09-05T21:54:20.610+0200] {logging_mixin.py:190} INFO - Dag name:mini_riskagent_file_ingestion and current dag run status:running
[2026-09-05T21:54:20.610+0200] {taskinstance.py:732} INFO - ::endgroup::
[2026-09-05T21:54:20.611+0200] {python.py:75} INFO - Poking callable: <function check_for_csv_files at 0x10952ab60>
[2026-09-05T21:54:20.614+0200] {taskinstance.py:310} INFO - Rescheduling task, marking task as UP_FOR_RESCHEDULE
[2026-09-05T21:54:20.615+0200] {taskinstance.py:341} INFO - ::group::Post task execution logs
[2026-09-05T21:54:20.637+0200] {local_task_job_runner.py:266} INFO - Task exited with return code 0
[2026-09-05T21:54:20.644+0200] {taskinstance.py:3901} INFO - 0 downstream tasks scheduled from follow-on schedule check
[2026-09-05T21:54:20.644+0200] {local_task_job_runner.py:245} INFO - ::endgroup::
[2026-09-05T21:54:52.754+0200] {local_task_job_runner.py:123} INFO - ::group::Pre task execution logs
[2026-09-05T21:54:52.756+0200] {taskinstance.py:2614} INFO - Dependencies all met for dep_context=non-requeueable deps ti=<TaskInstance: mini_riskagent_file_ingestion.wait_for_csv scheduled__2026-09-05T19:09:00+00:00 [queued]>
[2026-09-05T21:54:52.758+0200] {taskinstance.py:2614} INFO - Dependencies all met for dep_context=requeueable deps ti=<TaskInstance: mini_riskagent_file_ingestion.wait_for_csv scheduled__2026-09-05T19:09:00+00:00 [queued]>
[2026-09-05T21:54:52.758+0200] {taskinstance.py:2867} INFO - Starting attempt 1 of 2
[2026-09-05T21:54:52.761+0200] {taskinstance.py:2890} INFO - Executing <Task(PythonSensor): wait_for_csv> on 2026-09-05 19:09:00+00:00
[2026-09-05T21:54:52.766+0200] {logging_mixin.py:190} WARNING - /Users/swarnalidatta/Desktop/AutoQueryChatbot/.airflow-venv/lib/python3.12/site-packages/airflow/task/task_runner/standard_task_runner.py:70 DeprecationWarning: This process (pid=50985) is multi-threaded, use of fork() may lead to deadlocks in the child.
[2026-09-05T21:54:52.766+0200] {standard_task_runner.py:72} INFO - Started process 50987 to run task
[2026-09-05T21:54:52.766+0200] {standard_task_runner.py:104} INFO - Running: ['airflow', 'tasks', 'run', 'mini_riskagent_file_ingestion', 'wait_for_csv', 'scheduled__2026-09-05T19:09:00+00:00', '--job-id', '3109', '--raw', '--subdir', 'DAGS_FOLDER/data_ingest_pipeline.py', '--cfg-path', '/var/folders/5p/201rr1sj03g8gksxm9x48mbh0000gn/T/tmp2vyh3_ka']
[2026-09-05T21:54:52.767+0200] {standard_task_runner.py:105} INFO - Job 3109: Subtask wait_for_csv
[2026-09-05T21:54:52.781+0200] {task_command.py:467} INFO - Running <TaskInstance: mini_riskagent_file_ingestion.wait_for_csv scheduled__2026-09-05T19:09:00+00:00 [running]> on host mac.home
[2026-09-05T21:54:52.797+0200] {taskinstance.py:3134} INFO - Exporting env vars: AIRFLOW_CTX_DAG_OWNER='autoquery' AIRFLOW_CTX_DAG_ID='mini_riskagent_file_ingestion' AIRFLOW_CTX_TASK_ID='wait_for_csv' AIRFLOW_CTX_EXECUTION_DATE='2026-09-05T19:09:00+00:00' AIRFLOW_CTX_TRY_NUMBER='1' AIRFLOW_CTX_DAG_RUN_ID='scheduled__2026-09-05T19:09:00+00:00'
[2026-09-05T21:54:52.797+0200] {logging_mixin.py:190} INFO - Task instance is in running state
[2026-09-05T21:54:52.798+0200] {logging_mixin.py:190} INFO -  Previous state of the Task instance: queued
[2026-09-05T21:54:52.798+0200] {logging_mixin.py:190} INFO - Current task name:wait_for_csv state:running start_date:2026-09-05 19:54:52.757047+00:00
[2026-09-05T21:54:52.798+0200] {logging_mixin.py:190} INFO - Dag name:mini_riskagent_file_ingestion and current dag run status:running
[2026-09-05T21:54:52.798+0200] {taskinstance.py:732} INFO - ::endgroup::
[2026-09-05T21:54:52.800+0200] {python.py:75} INFO - Poking callable: <function check_for_csv_files at 0x10854eb60>
[2026-09-05T21:54:52.803+0200] {taskinstance.py:310} INFO - Rescheduling task, marking task as UP_FOR_RESCHEDULE
[2026-09-05T21:54:52.803+0200] {taskinstance.py:341} INFO - ::group::Post task execution logs
[2026-09-05T21:54:52.825+0200] {local_task_job_runner.py:266} INFO - Task exited with return code 0
[2026-09-05T21:54:52.832+0200] {taskinstance.py:3901} INFO - 0 downstream tasks scheduled from follow-on schedule check
[2026-09-05T21:54:52.832+0200] {local_task_job_runner.py:245} INFO - ::endgroup::
[2026-09-05T21:55:24.424+0200] {local_task_job_runner.py:123} INFO - ::group::Pre task execution logs
[2026-09-05T21:55:24.426+0200] {taskinstance.py:2614} INFO - Dependencies all met for dep_context=non-requeueable deps ti=<TaskInstance: mini_riskagent_file_ingestion.wait_for_csv scheduled__2026-09-05T19:09:00+00:00 [queued]>
[2026-09-05T21:55:24.428+0200] {taskinstance.py:2614} INFO - Dependencies all met for dep_context=requeueable deps ti=<TaskInstance: mini_riskagent_file_ingestion.wait_for_csv scheduled__2026-09-05T19:09:00+00:00 [queued]>
[2026-09-05T21:55:24.428+0200] {taskinstance.py:2867} INFO - Starting attempt 1 of 2
[2026-09-05T21:55:24.431+0200] {taskinstance.py:2890} INFO - Executing <Task(PythonSensor): wait_for_csv> on 2026-09-05 19:09:00+00:00
[2026-09-05T21:55:24.436+0200] {logging_mixin.py:190} WARNING - /Users/swarnalidatta/Desktop/AutoQueryChatbot/.airflow-venv/lib/python3.12/site-packages/airflow/task/task_runner/standard_task_runner.py:70 DeprecationWarning: This process (pid=51089) is multi-threaded, use of fork() may lead to deadlocks in the child.
[2026-09-05T21:55:24.435+0200] {standard_task_runner.py:104} INFO - Running: ['airflow', 'tasks', 'run', 'mini_riskagent_file_ingestion', 'wait_for_csv', 'scheduled__2026-09-05T19:09:00+00:00', '--job-id', '3125', '--raw', '--subdir', 'DAGS_FOLDER/data_ingest_pipeline.py', '--cfg-path', '/var/folders/5p/201rr1sj03g8gksxm9x48mbh0000gn/T/tmp7rz3bblb']
[2026-09-05T21:55:24.436+0200] {standard_task_runner.py:72} INFO - Started process 51091 to run task
[2026-09-05T21:55:24.436+0200] {standard_task_runner.py:105} INFO - Job 3125: Subtask wait_for_csv
[2026-09-05T21:55:24.450+0200] {task_command.py:467} INFO - Running <TaskInstance: mini_riskagent_file_ingestion.wait_for_csv scheduled__2026-09-05T19:09:00+00:00 [running]> on host mac.home
[2026-09-05T21:55:24.468+0200] {taskinstance.py:3134} INFO - Exporting env vars: AIRFLOW_CTX_DAG_OWNER='autoquery' AIRFLOW_CTX_DAG_ID='mini_riskagent_file_ingestion' AIRFLOW_CTX_TASK_ID='wait_for_csv' AIRFLOW_CTX_EXECUTION_DATE='2026-09-05T19:09:00+00:00' AIRFLOW_CTX_TRY_NUMBER='1' AIRFLOW_CTX_DAG_RUN_ID='scheduled__2026-09-05T19:09:00+00:00'
[2026-09-05T21:55:24.468+0200] {logging_mixin.py:190} INFO - Task instance is in running state
[2026-09-05T21:55:24.468+0200] {logging_mixin.py:190} INFO -  Previous state of the Task instance: queued
[2026-09-05T21:55:24.468+0200] {logging_mixin.py:190} INFO - Current task name:wait_for_csv state:running start_date:2026-09-05 19:55:24.426888+00:00
[2026-09-05T21:55:24.469+0200] {logging_mixin.py:190} INFO - Dag name:mini_riskagent_file_ingestion and current dag run status:running
[2026-09-05T21:55:24.469+0200] {taskinstance.py:732} INFO - ::endgroup::
[2026-09-05T21:55:24.470+0200] {python.py:75} INFO - Poking callable: <function check_for_csv_files at 0x10ae0ab60>
[2026-09-05T21:55:24.473+0200] {taskinstance.py:310} INFO - Rescheduling task, marking task as UP_FOR_RESCHEDULE
[2026-09-05T21:55:24.474+0200] {taskinstance.py:341} INFO - ::group::Post task execution logs
[2026-09-05T21:55:24.495+0200] {local_task_job_runner.py:266} INFO - Task exited with return code 0
[2026-09-05T21:55:24.502+0200] {taskinstance.py:3901} INFO - 0 downstream tasks scheduled from follow-on schedule check
[2026-09-05T21:55:24.502+0200] {local_task_job_runner.py:245} INFO - ::endgroup::
[2026-09-05T21:55:56.300+0200] {local_task_job_runner.py:123} INFO - ::group::Pre task execution logs
[2026-09-05T21:55:56.303+0200] {taskinstance.py:2614} INFO - Dependencies all met for dep_context=non-requeueable deps ti=<TaskInstance: mini_riskagent_file_ingestion.wait_for_csv scheduled__2026-09-05T19:09:00+00:00 [queued]>
[2026-09-05T21:55:56.304+0200] {taskinstance.py:2614} INFO - Dependencies all met for dep_context=requeueable deps ti=<TaskInstance: mini_riskagent_file_ingestion.wait_for_csv scheduled__2026-09-05T19:09:00+00:00 [queued]>
[2026-09-05T21:55:56.305+0200] {taskinstance.py:2867} INFO - Starting attempt 1 of 2
[2026-09-05T21:55:56.308+0200] {taskinstance.py:2890} INFO - Executing <Task(PythonSensor): wait_for_csv> on 2026-09-05 19:09:00+00:00
[2026-09-05T21:55:56.312+0200] {logging_mixin.py:190} WARNING - /Users/swarnalidatta/Desktop/AutoQueryChatbot/.airflow-venv/lib/python3.12/site-packages/airflow/task/task_runner/standard_task_runner.py:70 DeprecationWarning: This process (pid=51200) is multi-threaded, use of fork() may lead to deadlocks in the child.
[2026-09-05T21:55:56.313+0200] {standard_task_runner.py:72} INFO - Started process 51202 to run task
[2026-09-05T21:55:56.312+0200] {standard_task_runner.py:104} INFO - Running: ['airflow', 'tasks', 'run', 'mini_riskagent_file_ingestion', 'wait_for_csv', 'scheduled__2026-09-05T19:09:00+00:00', '--job-id', '3141', '--raw', '--subdir', 'DAGS_FOLDER/data_ingest_pipeline.py', '--cfg-path', '/var/folders/5p/201rr1sj03g8gksxm9x48mbh0000gn/T/tmpd8p2f6hl']
[2026-09-05T21:55:56.313+0200] {standard_task_runner.py:105} INFO - Job 3141: Subtask wait_for_csv
[2026-09-05T21:55:56.326+0200] {task_command.py:467} INFO - Running <TaskInstance: mini_riskagent_file_ingestion.wait_for_csv scheduled__2026-09-05T19:09:00+00:00 [running]> on host mac.home
[2026-09-05T21:55:56.342+0200] {taskinstance.py:3134} INFO - Exporting env vars: AIRFLOW_CTX_DAG_OWNER='autoquery' AIRFLOW_CTX_DAG_ID='mini_riskagent_file_ingestion' AIRFLOW_CTX_TASK_ID='wait_for_csv' AIRFLOW_CTX_EXECUTION_DATE='2026-09-05T19:09:00+00:00' AIRFLOW_CTX_TRY_NUMBER='1' AIRFLOW_CTX_DAG_RUN_ID='scheduled__2026-09-05T19:09:00+00:00'
[2026-09-05T21:55:56.343+0200] {logging_mixin.py:190} INFO - Task instance is in running state
[2026-09-05T21:55:56.343+0200] {logging_mixin.py:190} INFO -  Previous state of the Task instance: queued
[2026-09-05T21:55:56.343+0200] {logging_mixin.py:190} INFO - Current task name:wait_for_csv state:running start_date:2026-09-05 19:55:56.303606+00:00
[2026-09-05T21:55:56.343+0200] {logging_mixin.py:190} INFO - Dag name:mini_riskagent_file_ingestion and current dag run status:running
[2026-09-05T21:55:56.344+0200] {taskinstance.py:732} INFO - ::endgroup::
[2026-09-05T21:55:56.345+0200] {python.py:75} INFO - Poking callable: <function check_for_csv_files at 0x110e96b60>
[2026-09-05T21:55:56.348+0200] {taskinstance.py:310} INFO - Rescheduling task, marking task as UP_FOR_RESCHEDULE
[2026-09-05T21:55:56.349+0200] {taskinstance.py:341} INFO - ::group::Post task execution logs
[2026-09-05T21:55:56.372+0200] {local_task_job_runner.py:266} INFO - Task exited with return code 0
[2026-09-05T21:55:56.379+0200] {taskinstance.py:3901} INFO - 0 downstream tasks scheduled from follow-on schedule check
[2026-09-05T21:55:56.379+0200] {local_task_job_runner.py:245} INFO - ::endgroup::
[2026-09-05T21:56:28.312+0200] {local_task_job_runner.py:123} INFO - ::group::Pre task execution logs
[2026-09-05T21:56:28.315+0200] {taskinstance.py:2614} INFO - Dependencies all met for dep_context=non-requeueable deps ti=<TaskInstance: mini_riskagent_file_ingestion.wait_for_csv scheduled__2026-09-05T19:09:00+00:00 [queued]>
[2026-09-05T21:56:28.317+0200] {taskinstance.py:2614} INFO - Dependencies all met for dep_context=requeueable deps ti=<TaskInstance: mini_riskagent_file_ingestion.wait_for_csv scheduled__2026-09-05T19:09:00+00:00 [queued]>
[2026-09-05T21:56:28.317+0200] {taskinstance.py:2867} INFO - Starting attempt 1 of 2
[2026-09-05T21:56:28.320+0200] {taskinstance.py:2890} INFO - Executing <Task(PythonSensor): wait_for_csv> on 2026-09-05 19:09:00+00:00
[2026-09-05T21:56:28.325+0200] {logging_mixin.py:190} WARNING - /Users/swarnalidatta/Desktop/AutoQueryChatbot/.airflow-venv/lib/python3.12/site-packages/airflow/task/task_runner/standard_task_runner.py:70 DeprecationWarning: This process (pid=51308) is multi-threaded, use of fork() may lead to deadlocks in the child.
[2026-09-05T21:56:28.325+0200] {standard_task_runner.py:72} INFO - Started process 51310 to run task
[2026-09-05T21:56:28.324+0200] {standard_task_runner.py:104} INFO - Running: ['airflow', 'tasks', 'run', 'mini_riskagent_file_ingestion', 'wait_for_csv', 'scheduled__2026-09-05T19:09:00+00:00', '--job-id', '3157', '--raw', '--subdir', 'DAGS_FOLDER/data_ingest_pipeline.py', '--cfg-path', '/var/folders/5p/201rr1sj03g8gksxm9x48mbh0000gn/T/tmpis8odm__']
[2026-09-05T21:56:28.325+0200] {standard_task_runner.py:105} INFO - Job 3157: Subtask wait_for_csv
[2026-09-05T21:56:28.339+0200] {task_command.py:467} INFO - Running <TaskInstance: mini_riskagent_file_ingestion.wait_for_csv scheduled__2026-09-05T19:09:00+00:00 [running]> on host mac.home
[2026-09-05T21:56:28.355+0200] {taskinstance.py:3134} INFO - Exporting env vars: AIRFLOW_CTX_DAG_OWNER='autoquery' AIRFLOW_CTX_DAG_ID='mini_riskagent_file_ingestion' AIRFLOW_CTX_TASK_ID='wait_for_csv' AIRFLOW_CTX_EXECUTION_DATE='2026-09-05T19:09:00+00:00' AIRFLOW_CTX_TRY_NUMBER='1' AIRFLOW_CTX_DAG_RUN_ID='scheduled__2026-09-05T19:09:00+00:00'
[2026-09-05T21:56:28.356+0200] {logging_mixin.py:190} INFO - Task instance is in running state
[2026-09-05T21:56:28.356+0200] {logging_mixin.py:190} INFO -  Previous state of the Task instance: queued
[2026-09-05T21:56:28.356+0200] {logging_mixin.py:190} INFO - Current task name:wait_for_csv state:running start_date:2026-09-05 19:56:28.315730+00:00
[2026-09-05T21:56:28.356+0200] {logging_mixin.py:190} INFO - Dag name:mini_riskagent_file_ingestion and current dag run status:running
[2026-09-05T21:56:28.356+0200] {taskinstance.py:732} INFO - ::endgroup::
[2026-09-05T21:56:28.358+0200] {python.py:75} INFO - Poking callable: <function check_for_csv_files at 0x10cf42b60>
[2026-09-05T21:56:28.361+0200] {taskinstance.py:310} INFO - Rescheduling task, marking task as UP_FOR_RESCHEDULE
[2026-09-05T21:56:28.361+0200] {taskinstance.py:341} INFO - ::group::Post task execution logs
[2026-09-05T21:56:28.384+0200] {local_task_job_runner.py:266} INFO - Task exited with return code 0
[2026-09-05T21:56:28.391+0200] {taskinstance.py:3901} INFO - 0 downstream tasks scheduled from follow-on schedule check
[2026-09-05T21:56:28.391+0200] {local_task_job_runner.py:245} INFO - ::endgroup::
[2026-09-05T21:57:00.813+0200] {local_task_job_runner.py:123} INFO - ::group::Pre task execution logs
[2026-09-05T21:57:00.816+0200] {taskinstance.py:2614} INFO - Dependencies all met for dep_context=non-requeueable deps ti=<TaskInstance: mini_riskagent_file_ingestion.wait_for_csv scheduled__2026-09-05T19:09:00+00:00 [queued]>
[2026-09-05T21:57:00.817+0200] {taskinstance.py:2614} INFO - Dependencies all met for dep_context=requeueable deps ti=<TaskInstance: mini_riskagent_file_ingestion.wait_for_csv scheduled__2026-09-05T19:09:00+00:00 [queued]>
[2026-09-05T21:57:00.817+0200] {taskinstance.py:2867} INFO - Starting attempt 1 of 2
[2026-09-05T21:57:00.820+0200] {taskinstance.py:2890} INFO - Executing <Task(PythonSensor): wait_for_csv> on 2026-09-05 19:09:00+00:00
[2026-09-05T21:57:00.825+0200] {logging_mixin.py:190} WARNING - /Users/swarnalidatta/Desktop/AutoQueryChatbot/.airflow-venv/lib/python3.12/site-packages/airflow/task/task_runner/standard_task_runner.py:70 DeprecationWarning: This process (pid=51416) is multi-threaded, use of fork() may lead to deadlocks in the child.
[2026-09-05T21:57:00.825+0200] {standard_task_runner.py:104} INFO - Running: ['airflow', 'tasks', 'run', 'mini_riskagent_file_ingestion', 'wait_for_csv', 'scheduled__2026-09-05T19:09:00+00:00', '--job-id', '3173', '--raw', '--subdir', 'DAGS_FOLDER/data_ingest_pipeline.py', '--cfg-path', '/var/folders/5p/201rr1sj03g8gksxm9x48mbh0000gn/T/tmpt8h92aix']
[2026-09-05T21:57:00.826+0200] {standard_task_runner.py:72} INFO - Started process 51418 to run task
[2026-09-05T21:57:00.826+0200] {standard_task_runner.py:105} INFO - Job 3173: Subtask wait_for_csv
[2026-09-05T21:57:00.839+0200] {task_command.py:467} INFO - Running <TaskInstance: mini_riskagent_file_ingestion.wait_for_csv scheduled__2026-09-05T19:09:00+00:00 [running]> on host mac.home
[2026-09-05T21:57:00.855+0200] {taskinstance.py:3134} INFO - Exporting env vars: AIRFLOW_CTX_DAG_OWNER='autoquery' AIRFLOW_CTX_DAG_ID='mini_riskagent_file_ingestion' AIRFLOW_CTX_TASK_ID='wait_for_csv' AIRFLOW_CTX_EXECUTION_DATE='2026-09-05T19:09:00+00:00' AIRFLOW_CTX_TRY_NUMBER='1' AIRFLOW_CTX_DAG_RUN_ID='scheduled__2026-09-05T19:09:00+00:00'
[2026-09-05T21:57:00.855+0200] {logging_mixin.py:190} INFO - Task instance is in running state
[2026-09-05T21:57:00.856+0200] {logging_mixin.py:190} INFO -  Previous state of the Task instance: queued
[2026-09-05T21:57:00.856+0200] {logging_mixin.py:190} INFO - Current task name:wait_for_csv state:running start_date:2026-09-05 19:57:00.816466+00:00
[2026-09-05T21:57:00.856+0200] {logging_mixin.py:190} INFO - Dag name:mini_riskagent_file_ingestion and current dag run status:running
[2026-09-05T21:57:00.856+0200] {taskinstance.py:732} INFO - ::endgroup::
[2026-09-05T21:57:00.858+0200] {python.py:75} INFO - Poking callable: <function check_for_csv_files at 0x10a846b60>
[2026-09-05T21:57:00.861+0200] {taskinstance.py:310} INFO - Rescheduling task, marking task as UP_FOR_RESCHEDULE
[2026-09-05T21:57:00.861+0200] {taskinstance.py:341} INFO - ::group::Post task execution logs
[2026-09-05T21:57:00.885+0200] {local_task_job_runner.py:266} INFO - Task exited with return code 0
[2026-09-05T21:57:00.891+0200] {taskinstance.py:3901} INFO - 0 downstream tasks scheduled from follow-on schedule check
[2026-09-05T21:57:00.892+0200] {local_task_job_runner.py:245} INFO - ::endgroup::
[2026-09-05T21:57:32.877+0200] {local_task_job_runner.py:123} INFO - ::group::Pre task execution logs
[2026-09-05T21:57:32.880+0200] {taskinstance.py:2614} INFO - Dependencies all met for dep_context=non-requeueable deps ti=<TaskInstance: mini_riskagent_file_ingestion.wait_for_csv scheduled__2026-09-05T19:09:00+00:00 [queued]>
[2026-09-05T21:57:32.881+0200] {taskinstance.py:2614} INFO - Dependencies all met for dep_context=requeueable deps ti=<TaskInstance: mini_riskagent_file_ingestion.wait_for_csv scheduled__2026-09-05T19:09:00+00:00 [queued]>
[2026-09-05T21:57:32.881+0200] {taskinstance.py:2867} INFO - Starting attempt 1 of 2
[2026-09-05T21:57:32.884+0200] {taskinstance.py:2890} INFO - Executing <Task(PythonSensor): wait_for_csv> on 2026-09-05 19:09:00+00:00
[2026-09-05T21:57:32.889+0200] {logging_mixin.py:190} WARNING - /Users/swarnalidatta/Desktop/AutoQueryChatbot/.airflow-venv/lib/python3.12/site-packages/airflow/task/task_runner/standard_task_runner.py:70 DeprecationWarning: This process (pid=51521) is multi-threaded, use of fork() may lead to deadlocks in the child.
[2026-09-05T21:57:32.890+0200] {standard_task_runner.py:72} INFO - Started process 51523 to run task
[2026-09-05T21:57:32.889+0200] {standard_task_runner.py:104} INFO - Running: ['airflow', 'tasks', 'run', 'mini_riskagent_file_ingestion', 'wait_for_csv', 'scheduled__2026-09-05T19:09:00+00:00', '--job-id', '3189', '--raw', '--subdir', 'DAGS_FOLDER/data_ingest_pipeline.py', '--cfg-path', '/var/folders/5p/201rr1sj03g8gksxm9x48mbh0000gn/T/tmpjwx1v40a']
[2026-09-05T21:57:32.890+0200] {standard_task_runner.py:105} INFO - Job 3189: Subtask wait_for_csv
[2026-09-05T21:57:32.903+0200] {task_command.py:467} INFO - Running <TaskInstance: mini_riskagent_file_ingestion.wait_for_csv scheduled__2026-09-05T19:09:00+00:00 [running]> on host mac.home
[2026-09-05T21:57:32.920+0200] {taskinstance.py:3134} INFO - Exporting env vars: AIRFLOW_CTX_DAG_OWNER='autoquery' AIRFLOW_CTX_DAG_ID='mini_riskagent_file_ingestion' AIRFLOW_CTX_TASK_ID='wait_for_csv' AIRFLOW_CTX_EXECUTION_DATE='2026-09-05T19:09:00+00:00' AIRFLOW_CTX_TRY_NUMBER='1' AIRFLOW_CTX_DAG_RUN_ID='scheduled__2026-09-05T19:09:00+00:00'
[2026-09-05T21:57:32.921+0200] {logging_mixin.py:190} INFO - Task instance is in running state
[2026-09-05T21:57:32.921+0200] {logging_mixin.py:190} INFO -  Previous state of the Task instance: queued
[2026-09-05T21:57:32.921+0200] {logging_mixin.py:190} INFO - Current task name:wait_for_csv state:running start_date:2026-09-05 19:57:32.880446+00:00
[2026-09-05T21:57:32.921+0200] {logging_mixin.py:190} INFO - Dag name:mini_riskagent_file_ingestion and current dag run status:running
[2026-09-05T21:57:32.922+0200] {taskinstance.py:732} INFO - ::endgroup::
[2026-09-05T21:57:32.923+0200] {python.py:75} INFO - Poking callable: <function check_for_csv_files at 0x110b96b60>
[2026-09-05T21:57:32.926+0200] {taskinstance.py:310} INFO - Rescheduling task, marking task as UP_FOR_RESCHEDULE
[2026-09-05T21:57:32.927+0200] {taskinstance.py:341} INFO - ::group::Post task execution logs
[2026-09-05T21:57:32.947+0200] {local_task_job_runner.py:266} INFO - Task exited with return code 0
[2026-09-05T21:57:32.953+0200] {taskinstance.py:3901} INFO - 0 downstream tasks scheduled from follow-on schedule check
[2026-09-05T21:57:32.954+0200] {local_task_job_runner.py:245} INFO - ::endgroup::
[2026-09-05T21:58:05.069+0200] {local_task_job_runner.py:123} INFO - ::group::Pre task execution logs
[2026-09-05T21:58:05.072+0200] {taskinstance.py:2614} INFO - Dependencies all met for dep_context=non-requeueable deps ti=<TaskInstance: mini_riskagent_file_ingestion.wait_for_csv scheduled__2026-09-05T19:09:00+00:00 [queued]>
[2026-09-05T21:58:05.074+0200] {taskinstance.py:2614} INFO - Dependencies all met for dep_context=requeueable deps ti=<TaskInstance: mini_riskagent_file_ingestion.wait_for_csv scheduled__2026-09-05T19:09:00+00:00 [queued]>
[2026-09-05T21:58:05.074+0200] {taskinstance.py:2867} INFO - Starting attempt 1 of 2
[2026-09-05T21:58:05.077+0200] {taskinstance.py:2890} INFO - Executing <Task(PythonSensor): wait_for_csv> on 2026-09-05 19:09:00+00:00
[2026-09-05T21:58:05.081+0200] {logging_mixin.py:190} WARNING - /Users/swarnalidatta/Desktop/AutoQueryChatbot/.airflow-venv/lib/python3.12/site-packages/airflow/task/task_runner/standard_task_runner.py:70 DeprecationWarning: This process (pid=51632) is multi-threaded, use of fork() may lead to deadlocks in the child.
[2026-09-05T21:58:05.081+0200] {standard_task_runner.py:104} INFO - Running: ['airflow', 'tasks', 'run', 'mini_riskagent_file_ingestion', 'wait_for_csv', 'scheduled__2026-09-05T19:09:00+00:00', '--job-id', '3205', '--raw', '--subdir', 'DAGS_FOLDER/data_ingest_pipeline.py', '--cfg-path', '/var/folders/5p/201rr1sj03g8gksxm9x48mbh0000gn/T/tmpuueatg1x']
[2026-09-05T21:58:05.081+0200] {standard_task_runner.py:72} INFO - Started process 51634 to run task
[2026-09-05T21:58:05.081+0200] {standard_task_runner.py:105} INFO - Job 3205: Subtask wait_for_csv
[2026-09-05T21:58:05.095+0200] {task_command.py:467} INFO - Running <TaskInstance: mini_riskagent_file_ingestion.wait_for_csv scheduled__2026-09-05T19:09:00+00:00 [running]> on host mac.home
[2026-09-05T21:58:05.111+0200] {taskinstance.py:3134} INFO - Exporting env vars: AIRFLOW_CTX_DAG_OWNER='autoquery' AIRFLOW_CTX_DAG_ID='mini_riskagent_file_ingestion' AIRFLOW_CTX_TASK_ID='wait_for_csv' AIRFLOW_CTX_EXECUTION_DATE='2026-09-05T19:09:00+00:00' AIRFLOW_CTX_TRY_NUMBER='1' AIRFLOW_CTX_DAG_RUN_ID='scheduled__2026-09-05T19:09:00+00:00'
[2026-09-05T21:58:05.112+0200] {logging_mixin.py:190} INFO - Task instance is in running state
[2026-09-05T21:58:05.112+0200] {logging_mixin.py:190} INFO -  Previous state of the Task instance: queued
[2026-09-05T21:58:05.112+0200] {logging_mixin.py:190} INFO - Current task name:wait_for_csv state:running start_date:2026-09-05 19:58:05.072724+00:00
[2026-09-05T21:58:05.112+0200] {logging_mixin.py:190} INFO - Dag name:mini_riskagent_file_ingestion and current dag run status:running
[2026-09-05T21:58:05.113+0200] {taskinstance.py:732} INFO - ::endgroup::
[2026-09-05T21:58:05.114+0200] {python.py:75} INFO - Poking callable: <function check_for_csv_files at 0x112026b60>
[2026-09-05T21:58:05.117+0200] {taskinstance.py:310} INFO - Rescheduling task, marking task as UP_FOR_RESCHEDULE
[2026-09-05T21:58:05.118+0200] {taskinstance.py:341} INFO - ::group::Post task execution logs
[2026-09-05T21:58:05.140+0200] {local_task_job_runner.py:266} INFO - Task exited with return code 0
[2026-09-05T21:58:05.147+0200] {taskinstance.py:3901} INFO - 0 downstream tasks scheduled from follow-on schedule check
[2026-09-05T21:58:05.147+0200] {local_task_job_runner.py:245} INFO - ::endgroup::
[2026-09-17T19:21:53.067+0200] {local_task_job_runner.py:123} INFO - ::group::Pre task execution logs
[2026-09-17T19:21:53.070+0200] {taskinstance.py:2614} INFO - Dependencies all met for dep_context=non-requeueable deps ti=<TaskInstance: mini_riskagent_file_ingestion.wait_for_csv scheduled__2026-09-05T19:09:00+00:00 [queued]>
[2026-09-17T19:21:53.071+0200] {taskinstance.py:2614} INFO - Dependencies all met for dep_context=requeueable deps ti=<TaskInstance: mini_riskagent_file_ingestion.wait_for_csv scheduled__2026-09-05T19:09:00+00:00 [queued]>
[2026-09-17T19:21:53.071+0200] {taskinstance.py:2867} INFO - Starting attempt 1 of 2
[2026-09-17T19:21:53.074+0200] {taskinstance.py:2890} INFO - Executing <Task(PythonSensor): wait_for_csv> on 2026-09-05 19:09:00+00:00
[2026-09-17T19:21:53.079+0200] {logging_mixin.py:190} WARNING - /Users/swarnalidatta/Desktop/AutoQueryChatbot/.airflow-venv/lib/python3.12/site-packages/airflow/task/task_runner/standard_task_runner.py:70 DeprecationWarning: This process (pid=73841) is multi-threaded, use of fork() may lead to deadlocks in the child.
[2026-09-17T19:21:53.079+0200] {standard_task_runner.py:72} INFO - Started process 73848 to run task
[2026-09-17T19:21:53.078+0200] {standard_task_runner.py:104} INFO - Running: ['airflow', 'tasks', 'run', 'mini_riskagent_file_ingestion', 'wait_for_csv', 'scheduled__2026-09-05T19:09:00+00:00', '--job-id', '3214', '--raw', '--subdir', 'DAGS_FOLDER/data_ingest_pipeline.py', '--cfg-path', '/var/folders/5p/201rr1sj03g8gksxm9x48mbh0000gn/T/tmp96ob5jlk']
[2026-09-17T19:21:53.079+0200] {standard_task_runner.py:105} INFO - Job 3214: Subtask wait_for_csv
[2026-09-17T19:21:53.093+0200] {task_command.py:467} INFO - Running <TaskInstance: mini_riskagent_file_ingestion.wait_for_csv scheduled__2026-09-05T19:09:00+00:00 [running]> on host mac.home
[2026-09-17T19:21:53.110+0200] {taskinstance.py:3134} INFO - Exporting env vars: AIRFLOW_CTX_DAG_OWNER='autoquery' AIRFLOW_CTX_DAG_ID='mini_riskagent_file_ingestion' AIRFLOW_CTX_TASK_ID='wait_for_csv' AIRFLOW_CTX_EXECUTION_DATE='2026-09-05T19:09:00+00:00' AIRFLOW_CTX_TRY_NUMBER='1' AIRFLOW_CTX_DAG_RUN_ID='scheduled__2026-09-05T19:09:00+00:00'
[2026-09-17T19:21:53.111+0200] {logging_mixin.py:190} INFO - Task instance is in running state
[2026-09-17T19:21:53.111+0200] {logging_mixin.py:190} INFO -  Previous state of the Task instance: queued
[2026-09-17T19:21:53.111+0200] {logging_mixin.py:190} INFO - Current task name:wait_for_csv state:running start_date:2026-09-17 17:21:53.070219+00:00
[2026-09-17T19:21:53.111+0200] {logging_mixin.py:190} INFO - Dag name:mini_riskagent_file_ingestion and current dag run status:running
[2026-09-17T19:21:53.111+0200] {taskinstance.py:732} INFO - ::endgroup::
[2026-09-17T19:21:53.113+0200] {python.py:75} INFO - Poking callable: <function check_for_csv_files at 0x10868ab60>
[2026-09-17T19:21:53.113+0200] {taskinstance.py:3313} ERROR - Task failed with exception
Traceback (most recent call last):
  File "/Users/swarnalidatta/Desktop/AutoQueryChatbot/.airflow-venv/lib/python3.12/site-packages/airflow/models/taskinstance.py", line 768, in _execute_task
    result = _execute_callable(context=context, **execute_callable_kwargs)
             ^^^^^^^^^^^^^^^^^^^^^^^^^^^^^^^^^^^^^^^^^^^^^^^^^^^^^^^^^^^^^
  File "/Users/swarnalidatta/Desktop/AutoQueryChatbot/.airflow-venv/lib/python3.12/site-packages/airflow/models/taskinstance.py", line 734, in _execute_callable
    return ExecutionCallableRunner(
           ^^^^^^^^^^^^^^^^^^^^^^^^
  File "/Users/swarnalidatta/Desktop/AutoQueryChatbot/.airflow-venv/lib/python3.12/site-packages/airflow/utils/operator_helpers.py", line 252, in run
    return self.func(*args, **kwargs)
           ^^^^^^^^^^^^^^^^^^^^^^^^^^
  File "/Users/swarnalidatta/Desktop/AutoQueryChatbot/.airflow-venv/lib/python3.12/site-packages/airflow/models/baseoperator.py", line 424, in wrapper
    return func(self, *args, **kwargs)
           ^^^^^^^^^^^^^^^^^^^^^^^^^^^
  File "/Users/swarnalidatta/Desktop/AutoQueryChatbot/.airflow-venv/lib/python3.12/site-packages/airflow/sensors/base.py", line 326, in execute
    raise AirflowSensorTimeout(message)
airflow.exceptions.AirflowSensorTimeout: Sensor has timed out; run duration of 1029440.118243 seconds exceeds the specified timeout of 3600.0.
[2026-09-17T19:21:53.115+0200] {logging_mixin.py:190} INFO - Task instance in failure state
[2026-09-17T19:21:53.115+0200] {logging_mixin.py:190} INFO - Task start:2026-09-17 17:21:53.070219+00:00 end:2026-09-17 17:21:53.114986+00:00 duration:0.044767
[2026-09-17T19:21:53.115+0200] {logging_mixin.py:190} INFO - Task:<Task(PythonSensor): wait_for_csv> dag:<DAG: mini_riskagent_file_ingestion> dagrun:<DagRun mini_riskagent_file_ingestion @ 2026-09-05 19:09:00+00:00: scheduled__2026-09-05T19:09:00+00:00, state:running, queued_at: 2026-09-05 19:24:28.912786+00:00. externally triggered: False>
[2026-09-17T19:21:53.115+0200] {logging_mixin.py:190} INFO - Failure caused by Sensor has timed out; run duration of 1029440.118243 seconds exceeds the specified timeout of 3600.0.
[2026-09-17T19:21:53.116+0200] {taskinstance.py:1226} INFO - Immediate failure requested. Marking task as FAILED. dag_id=mini_riskagent_file_ingestion, task_id=wait_for_csv, run_id=scheduled__2026-09-05T19:09:00+00:00, execution_date=20260905T190900, start_date=20260917T172153, end_date=20260917T172153
[2026-09-17T19:21:53.120+0200] {taskinstance.py:341} INFO - ::group::Post task execution logs
[2026-09-17T19:21:53.120+0200] {standard_task_runner.py:124} ERROR - Failed to execute job 3214 for task wait_for_csv (Sensor has timed out; run duration of 1029440.118243 seconds exceeds the specified timeout of 3600.0.; 73848)
Traceback (most recent call last):
  File "/Users/swarnalidatta/Desktop/AutoQueryChatbot/.airflow-venv/lib/python3.12/site-packages/airflow/task/task_runner/standard_task_runner.py", line 117, in _start_by_fork
    ret = args.func(args, dag=self.dag)
          ^^^^^^^^^^^^^^^^^^^^^^^^^^^^^
  File "/Users/swarnalidatta/Desktop/AutoQueryChatbot/.airflow-venv/lib/python3.12/site-packages/airflow/cli/cli_config.py", line 49, in command
    return func(*args, **kwargs)
           ^^^^^^^^^^^^^^^^^^^^^
  File "/Users/swarnalidatta/Desktop/AutoQueryChatbot/.airflow-venv/lib/python3.12/site-packages/airflow/utils/cli.py", line 116, in wrapper
    return f(*args, **kwargs)
           ^^^^^^^^^^^^^^^^^^
  File "/Users/swarnalidatta/Desktop/AutoQueryChatbot/.airflow-venv/lib/python3.12/site-packages/airflow/cli/commands/task_command.py", line 483, in task_run
    task_return_code = _run_task_by_selected_method(args, _dag, ti)
                       ^^^^^^^^^^^^^^^^^^^^^^^^^^^^^^^^^^^^^^^^^^^^
  File "/Users/swarnalidatta/Desktop/AutoQueryChatbot/.airflow-venv/lib/python3.12/site-packages/airflow/cli/commands/task_command.py", line 256, in _run_task_by_selected_method
    return _run_raw_task(args, ti)
           ^^^^^^^^^^^^^^^^^^^^^^^
  File "/Users/swarnalidatta/Desktop/AutoQueryChatbot/.airflow-venv/lib/python3.12/site-packages/airflow/cli/commands/task_command.py", line 341, in _run_raw_task
    return ti._run_raw_task(
           ^^^^^^^^^^^^^^^^^
  File "/Users/swarnalidatta/Desktop/AutoQueryChatbot/.airflow-venv/lib/python3.12/site-packages/airflow/utils/session.py", line 97, in wrapper
    return func(*args, session=session, **kwargs)
           ^^^^^^^^^^^^^^^^^^^^^^^^^^^^^^^^^^^^^^
  File "/Users/swarnalidatta/Desktop/AutoQueryChatbot/.airflow-venv/lib/python3.12/site-packages/airflow/models/taskinstance.py", line 3006, in _run_raw_task
    return _run_raw_task(
           ^^^^^^^^^^^^^^
  File "/Users/swarnalidatta/Desktop/AutoQueryChatbot/.airflow-venv/lib/python3.12/site-packages/airflow/models/taskinstance.py", line 274, in _run_raw_task
    TaskInstance._execute_task_with_callbacks(
  File "/Users/swarnalidatta/Desktop/AutoQueryChatbot/.airflow-venv/lib/python3.12/site-packages/airflow/models/taskinstance.py", line 3161, in _execute_task_with_callbacks
    result = self._execute_task(context, task_orig)
             ^^^^^^^^^^^^^^^^^^^^^^^^^^^^^^^^^^^^^^
  File "/Users/swarnalidatta/Desktop/AutoQueryChatbot/.airflow-venv/lib/python3.12/site-packages/airflow/models/taskinstance.py", line 3185, in _execute_task
    return _execute_task(self, context, task_orig)
           ^^^^^^^^^^^^^^^^^^^^^^^^^^^^^^^^^^^^^^^
  File "/Users/swarnalidatta/Desktop/AutoQueryChatbot/.airflow-venv/lib/python3.12/site-packages/airflow/models/taskinstance.py", line 768, in _execute_task
    result = _execute_callable(context=context, **execute_callable_kwargs)
             ^^^^^^^^^^^^^^^^^^^^^^^^^^^^^^^^^^^^^^^^^^^^^^^^^^^^^^^^^^^^^
  File "/Users/swarnalidatta/Desktop/AutoQueryChatbot/.airflow-venv/lib/python3.12/site-packages/airflow/models/taskinstance.py", line 734, in _execute_callable
    return ExecutionCallableRunner(
           ^^^^^^^^^^^^^^^^^^^^^^^^
  File "/Users/swarnalidatta/Desktop/AutoQueryChatbot/.airflow-venv/lib/python3.12/site-packages/airflow/utils/operator_helpers.py", line 252, in run
    return self.func(*args, **kwargs)
           ^^^^^^^^^^^^^^^^^^^^^^^^^^
  File "/Users/swarnalidatta/Desktop/AutoQueryChatbot/.airflow-venv/lib/python3.12/site-packages/airflow/models/baseoperator.py", line 424, in wrapper
    return func(self, *args, **kwargs)
           ^^^^^^^^^^^^^^^^^^^^^^^^^^^
  File "/Users/swarnalidatta/Desktop/AutoQueryChatbot/.airflow-venv/lib/python3.12/site-packages/airflow/sensors/base.py", line 326, in execute
    raise AirflowSensorTimeout(message)
airflow.exceptions.AirflowSensorTimeout: Sensor has timed out; run duration of 1029440.118243 seconds exceeds the specified timeout of 3600.0.
[2026-09-17T19:21:53.135+0200] {local_task_job_runner.py:266} INFO - Task exited with return code 1
[2026-09-17T19:21:53.141+0200] {taskinstance.py:3901} INFO - 0 downstream tasks scheduled from follow-on schedule check
[2026-09-17T19:21:53.142+0200] {local_task_job_runner.py:245} INFO - ::endgroup::
