[2026-09-05T20:06:03.242+0200] {local_task_job_runner.py:123} INFO - ::group::Pre task execution logs
[2026-09-05T20:06:03.245+0200] {taskinstance.py:2614} INFO - Dependencies all met for dep_context=non-requeueable deps ti=<TaskInstance: mini_riskagent_file_ingestion.wait_for_csv scheduled__2026-09-05T18:05:00+00:00 [queued]>
[2026-09-05T20:06:03.246+0200] {taskinstance.py:2614} INFO - Dependencies all met for dep_context=requeueable deps ti=<TaskInstance: mini_riskagent_file_ingestion.wait_for_csv scheduled__2026-09-05T18:05:00+00:00 [queued]>
[2026-09-05T20:06:03.246+0200] {taskinstance.py:2867} INFO - Starting attempt 1 of 2
[2026-09-05T20:06:03.249+0200] {taskinstance.py:2890} INFO - Executing <Task(PythonSensor): wait_for_csv> on 2026-09-05 18:05:00+00:00
[2026-09-05T20:06:03.254+0200] {logging_mixin.py:190} WARNING - /Users/swarnalidatta/Desktop/AutoQueryChatbot/.airflow-venv/lib/python3.12/site-packages/airflow/task/task_runner/standard_task_runner.py:70 DeprecationWarning: This process (pid=38990) is multi-threaded, use of fork() may lead to deadlocks in the child.
[2026-09-05T20:06:03.254+0200] {standard_task_runner.py:72} INFO - Started process 38992 to run task
[2026-09-05T20:06:03.253+0200] {standard_task_runner.py:104} INFO - Running: ['airflow', 'tasks', 'run', 'mini_riskagent_file_ingestion', 'wait_for_csv', 'scheduled__2026-09-05T18:05:00+00:00', '--job-id', '2405', '--raw', '--subdir', 'DAGS_FOLDER/data_ingest_pipeline.py', '--cfg-path', '/var/folders/5p/201rr1sj03g8gksxm9x48mbh0000gn/T/tmp767erfb6']
[2026-09-05T20:06:03.254+0200] {standard_task_runner.py:105} INFO - Job 2405: Subtask wait_for_csv
[2026-09-05T20:06:03.268+0200] {task_command.py:467} INFO - Running <TaskInstance: mini_riskagent_file_ingestion.wait_for_csv scheduled__2026-09-05T18:05:00+00:00 [running]> on host mac.home
[2026-09-05T20:06:03.284+0200] {taskinstance.py:3134} INFO - Exporting env vars: AIRFLOW_CTX_DAG_OWNER='autoquery' AIRFLOW_CTX_DAG_ID='mini_riskagent_file_ingestion' AIRFLOW_CTX_TASK_ID='wait_for_csv' AIRFLOW_CTX_EXECUTION_DATE='2026-09-05T18:05:00+00:00' AIRFLOW_CTX_TRY_NUMBER='1' AIRFLOW_CTX_DAG_RUN_ID='scheduled__2026-09-05T18:05:00+00:00'
[2026-09-05T20:06:03.284+0200] {logging_mixin.py:190} INFO - Task instance is in running state
[2026-09-05T20:06:03.284+0200] {logging_mixin.py:190} INFO -  Previous state of the Task instance: queued
[2026-09-05T20:06:03.284+0200] {logging_mixin.py:190} INFO - Current task name:wait_for_csv state:running start_date:2026-09-05 18:06:03.245454+00:00
[2026-09-05T20:06:03.285+0200] {logging_mixin.py:190} INFO - Dag name:mini_riskagent_file_ingestion and current dag run status:running
[2026-09-05T20:06:03.285+0200] {taskinstance.py:732} INFO - ::endgroup::
[2026-09-05T20:06:03.286+0200] {python.py:75} INFO - Poking callable: <function check_for_csv_files at 0x116426b60>
[2026-09-05T20:06:03.290+0200] {taskinstance.py:310} INFO - Rescheduling task, marking task as UP_FOR_RESCHEDULE
[2026-09-05T20:06:03.290+0200] {taskinstance.py:341} INFO - ::group::Post task execution logs
[2026-09-05T20:06:03.309+0200] {local_task_job_runner.py:266} INFO - Task exited with return code 0
[2026-09-05T20:06:03.316+0200] {taskinstance.py:3901} INFO - 0 downstream tasks scheduled from follow-on schedule check
[2026-09-05T20:06:03.316+0200] {local_task_job_runner.py:245} INFO - ::endgroup::
[2026-09-05T20:06:34.816+0200] {local_task_job_runner.py:123} INFO - ::group::Pre task execution logs
[2026-09-05T20:06:34.819+0200] {taskinstance.py:2614} INFO - Dependencies all met for dep_context=non-requeueable deps ti=<TaskInstance: mini_riskagent_file_ingestion.wait_for_csv scheduled__2026-09-05T18:05:00+00:00 [queued]>
[2026-09-05T20:06:34.820+0200] {taskinstance.py:2614} INFO - Dependencies all met for dep_context=requeueable deps ti=<TaskInstance: mini_riskagent_file_ingestion.wait_for_csv scheduled__2026-09-05T18:05:00+00:00 [queued]>
[2026-09-05T20:06:34.820+0200] {taskinstance.py:2867} INFO - Starting attempt 1 of 2
[2026-09-05T20:06:34.823+0200] {taskinstance.py:2890} INFO - Executing <Task(PythonSensor): wait_for_csv> on 2026-09-05 18:05:00+00:00
[2026-09-05T20:06:34.828+0200] {logging_mixin.py:190} WARNING - /Users/swarnalidatta/Desktop/AutoQueryChatbot/.airflow-venv/lib/python3.12/site-packages/airflow/task/task_runner/standard_task_runner.py:70 DeprecationWarning: This process (pid=39068) is multi-threaded, use of fork() may lead to deadlocks in the child.
[2026-09-05T20:06:34.828+0200] {standard_task_runner.py:72} INFO - Started process 39074 to run task
[2026-09-05T20:06:34.828+0200] {standard_task_runner.py:104} INFO - Running: ['airflow', 'tasks', 'run', 'mini_riskagent_file_ingestion', 'wait_for_csv', 'scheduled__2026-09-05T18:05:00+00:00', '--job-id', '2408', '--raw', '--subdir', 'DAGS_FOLDER/data_ingest_pipeline.py', '--cfg-path', '/var/folders/5p/201rr1sj03g8gksxm9x48mbh0000gn/T/tmpnrt4cgoa']
[2026-09-05T20:06:34.829+0200] {standard_task_runner.py:105} INFO - Job 2408: Subtask wait_for_csv
[2026-09-05T20:06:34.843+0200] {task_command.py:467} INFO - Running <TaskInstance: mini_riskagent_file_ingestion.wait_for_csv scheduled__2026-09-05T18:05:00+00:00 [running]> on host mac.home
[2026-09-05T20:06:34.859+0200] {taskinstance.py:3134} INFO - Exporting env vars: AIRFLOW_CTX_DAG_OWNER='autoquery' AIRFLOW_CTX_DAG_ID='mini_riskagent_file_ingestion' AIRFLOW_CTX_TASK_ID='wait_for_csv' AIRFLOW_CTX_EXECUTION_DATE='2026-09-05T18:05:00+00:00' AIRFLOW_CTX_TRY_NUMBER='1' AIRFLOW_CTX_DAG_RUN_ID='scheduled__2026-09-05T18:05:00+00:00'
[2026-09-05T20:06:34.860+0200] {logging_mixin.py:190} INFO - Task instance is in running state
[2026-09-05T20:06:34.860+0200] {logging_mixin.py:190} INFO -  Previous state of the Task instance: queued
[2026-09-05T20:06:34.860+0200] {logging_mixin.py:190} INFO - Current task name:wait_for_csv state:running start_date:2026-09-05 18:06:34.819477+00:00
[2026-09-05T20:06:34.860+0200] {logging_mixin.py:190} INFO - Dag name:mini_riskagent_file_ingestion and current dag run status:running
[2026-09-05T20:06:34.860+0200] {taskinstance.py:732} INFO - ::endgroup::
[2026-09-05T20:06:34.862+0200] {python.py:75} INFO - Poking callable: <function check_for_csv_files at 0x10d32eb60>
[2026-09-05T20:06:34.865+0200] {taskinstance.py:310} INFO - Rescheduling task, marking task as UP_FOR_RESCHEDULE
[2026-09-05T20:06:34.865+0200] {taskinstance.py:341} INFO - ::group::Post task execution logs
[2026-09-05T20:06:34.884+0200] {local_task_job_runner.py:266} INFO - Task exited with return code 0
[2026-09-05T20:06:34.891+0200] {taskinstance.py:3901} INFO - 0 downstream tasks scheduled from follow-on schedule check
[2026-09-05T20:06:34.891+0200] {local_task_job_runner.py:245} INFO - ::endgroup::
[2026-09-05T20:07:07.191+0200] {local_task_job_runner.py:123} INFO - ::group::Pre task execution logs
[2026-09-05T20:07:07.194+0200] {taskinstance.py:2614} INFO - Dependencies all met for dep_context=non-requeueable deps ti=<TaskInstance: mini_riskagent_file_ingestion.wait_for_csv scheduled__2026-09-05T18:05:00+00:00 [queued]>
[2026-09-05T20:07:07.196+0200] {taskinstance.py:2614} INFO - Dependencies all met for dep_context=requeueable deps ti=<TaskInstance: mini_riskagent_file_ingestion.wait_for_csv scheduled__2026-09-05T18:05:00+00:00 [queued]>
[2026-09-05T20:07:07.196+0200] {taskinstance.py:2867} INFO - Starting attempt 1 of 2
[2026-09-05T20:07:07.198+0200] {taskinstance.py:2890} INFO - Executing <Task(PythonSensor): wait_for_csv> on 2026-09-05 18:05:00+00:00
[2026-09-05T20:07:07.203+0200] {logging_mixin.py:190} WARNING - /Users/swarnalidatta/Desktop/AutoQueryChatbot/.airflow-venv/lib/python3.12/site-packages/airflow/task/task_runner/standard_task_runner.py:70 DeprecationWarning: This process (pid=39160) is multi-threaded, use of fork() may lead to deadlocks in the child.
[2026-09-05T20:07:07.204+0200] {standard_task_runner.py:72} INFO - Started process 39162 to run task
[2026-09-05T20:07:07.203+0200] {standard_task_runner.py:104} INFO - Running: ['airflow', 'tasks', 'run', 'mini_riskagent_file_ingestion', 'wait_for_csv', 'scheduled__2026-09-05T18:05:00+00:00', '--job-id', '2412', '--raw', '--subdir', 'DAGS_FOLDER/data_ingest_pipeline.py', '--cfg-path', '/var/folders/5p/201rr1sj03g8gksxm9x48mbh0000gn/T/tmpe7gq3lgx']
[2026-09-05T20:07:07.204+0200] {standard_task_runner.py:105} INFO - Job 2412: Subtask wait_for_csv
[2026-09-05T20:07:07.218+0200] {task_command.py:467} INFO - Running <TaskInstance: mini_riskagent_file_ingestion.wait_for_csv scheduled__2026-09-05T18:05:00+00:00 [running]> on host mac.home
[2026-09-05T20:07:07.234+0200] {taskinstance.py:3134} INFO - Exporting env vars: AIRFLOW_CTX_DAG_OWNER='autoquery' AIRFLOW_CTX_DAG_ID='mini_riskagent_file_ingestion' AIRFLOW_CTX_TASK_ID='wait_for_csv' AIRFLOW_CTX_EXECUTION_DATE='2026-09-05T18:05:00+00:00' AIRFLOW_CTX_TRY_NUMBER='1' AIRFLOW_CTX_DAG_RUN_ID='scheduled__2026-09-05T18:05:00+00:00'
[2026-09-05T20:07:07.234+0200] {logging_mixin.py:190} INFO - Task instance is in running state
[2026-09-05T20:07:07.235+0200] {logging_mixin.py:190} INFO -  Previous state of the Task instance: queued
[2026-09-05T20:07:07.235+0200] {logging_mixin.py:190} INFO - Current task name:wait_for_csv state:running start_date:2026-09-05 18:07:07.194792+00:00
[2026-09-05T20:07:07.235+0200] {logging_mixin.py:190} INFO - Dag name:mini_riskagent_file_ingestion and current dag run status:running
[2026-09-05T20:07:07.235+0200] {taskinstance.py:732} INFO - ::endgroup::
[2026-09-05T20:07:07.236+0200] {python.py:75} INFO - Poking callable: <function check_for_csv_files at 0x10b526b60>
[2026-09-05T20:07:07.240+0200] {taskinstance.py:310} INFO - Rescheduling task, marking task as UP_FOR_RESCHEDULE
[2026-09-05T20:07:07.240+0200] {taskinstance.py:341} INFO - ::group::Post task execution logs
[2026-09-05T20:07:07.260+0200] {local_task_job_runner.py:266} INFO - Task exited with return code 0
[2026-09-05T20:07:07.266+0200] {taskinstance.py:3901} INFO - 0 downstream tasks scheduled from follow-on schedule check
[2026-09-05T20:07:07.266+0200] {local_task_job_runner.py:245} INFO - ::endgroup::
[2026-09-05T20:07:40.189+0200] {local_task_job_runner.py:123} INFO - ::group::Pre task execution logs
[2026-09-05T20:07:40.192+0200] {taskinstance.py:2614} INFO - Dependencies all met for dep_context=non-requeueable deps ti=<TaskInstance: mini_riskagent_file_ingestion.wait_for_csv scheduled__2026-09-05T18:05:00+00:00 [queued]>
[2026-09-05T20:07:40.194+0200] {taskinstance.py:2614} INFO - Dependencies all met for dep_context=requeueable deps ti=<TaskInstance: mini_riskagent_file_ingestion.wait_for_csv scheduled__2026-09-05T18:05:00+00:00 [queued]>
[2026-09-05T20:07:40.194+0200] {taskinstance.py:2867} INFO - Starting attempt 1 of 2
[2026-09-05T20:07:40.197+0200] {taskinstance.py:2890} INFO - Executing <Task(PythonSensor): wait_for_csv> on 2026-09-05 18:05:00+00:00
[2026-09-05T20:07:40.201+0200] {logging_mixin.py:190} WARNING - /Users/swarnalidatta/Desktop/AutoQueryChatbot/.airflow-venv/lib/python3.12/site-packages/airflow/task/task_runner/standard_task_runner.py:70 DeprecationWarning: This process (pid=39244) is multi-threaded, use of fork() may lead to deadlocks in the child.
[2026-09-05T20:07:40.201+0200] {standard_task_runner.py:104} INFO - Running: ['airflow', 'tasks', 'run', 'mini_riskagent_file_ingestion', 'wait_for_csv', 'scheduled__2026-09-05T18:05:00+00:00', '--job-id', '2418', '--raw', '--subdir', 'DAGS_FOLDER/data_ingest_pipeline.py', '--cfg-path', '/var/folders/5p/201rr1sj03g8gksxm9x48mbh0000gn/T/tmp3uwy21cf']
[2026-09-05T20:07:40.202+0200] {standard_task_runner.py:72} INFO - Started process 39250 to run task
[2026-09-05T20:07:40.202+0200] {standard_task_runner.py:105} INFO - Job 2418: Subtask wait_for_csv
[2026-09-05T20:07:40.216+0200] {task_command.py:467} INFO - Running <TaskInstance: mini_riskagent_file_ingestion.wait_for_csv scheduled__2026-09-05T18:05:00+00:00 [running]> on host mac.home
[2026-09-05T20:07:40.232+0200] {taskinstance.py:3134} INFO - Exporting env vars: AIRFLOW_CTX_DAG_OWNER='autoquery' AIRFLOW_CTX_DAG_ID='mini_riskagent_file_ingestion' AIRFLOW_CTX_TASK_ID='wait_for_csv' AIRFLOW_CTX_EXECUTION_DATE='2026-09-05T18:05:00+00:00' AIRFLOW_CTX_TRY_NUMBER='1' AIRFLOW_CTX_DAG_RUN_ID='scheduled__2026-09-05T18:05:00+00:00'
[2026-09-05T20:07:40.232+0200] {logging_mixin.py:190} INFO - Task instance is in running state
[2026-09-05T20:07:40.232+0200] {logging_mixin.py:190} INFO -  Previous state of the Task instance: queued
[2026-09-05T20:07:40.232+0200] {logging_mixin.py:190} INFO - Current task name:wait_for_csv state:running start_date:2026-09-05 18:07:40.192665+00:00
[2026-09-05T20:07:40.233+0200] {logging_mixin.py:190} INFO - Dag name:mini_riskagent_file_ingestion and current dag run status:running
[2026-09-05T20:07:40.233+0200] {taskinstance.py:732} INFO - ::endgroup::
[2026-09-05T20:07:40.234+0200] {python.py:75} INFO - Poking callable: <function check_for_csv_files at 0x10947eb60>
[2026-09-05T20:07:40.238+0200] {taskinstance.py:310} INFO - Rescheduling task, marking task as UP_FOR_RESCHEDULE
[2026-09-05T20:07:40.238+0200] {taskinstance.py:341} INFO - ::group::Post task execution logs
[2026-09-05T20:07:40.257+0200] {local_task_job_runner.py:266} INFO - Task exited with return code 0
[2026-09-05T20:07:40.264+0200] {taskinstance.py:3901} INFO - 0 downstream tasks scheduled from follow-on schedule check
[2026-09-05T20:07:40.264+0200] {local_task_job_runner.py:245} INFO - ::endgroup::
[2026-09-05T20:08:11.951+0200] {local_task_job_runner.py:123} INFO - ::group::Pre task execution logs
[2026-09-05T20:08:11.954+0200] {taskinstance.py:2614} INFO - Dependencies all met for dep_context=non-requeueable deps ti=<TaskInstance: mini_riskagent_file_ingestion.wait_for_csv scheduled__2026-09-05T18:05:00+00:00 [queued]>
[2026-09-05T20:08:11.955+0200] {taskinstance.py:2614} INFO - Dependencies all met for dep_context=requeueable deps ti=<TaskInstance: mini_riskagent_file_ingestion.wait_for_csv scheduled__2026-09-05T18:05:00+00:00 [queued]>
[2026-09-05T20:08:11.955+0200] {taskinstance.py:2867} INFO - Starting attempt 1 of 2
[2026-09-05T20:08:11.958+0200] {taskinstance.py:2890} INFO - Executing <Task(PythonSensor): wait_for_csv> on 2026-09-05 18:05:00+00:00
[2026-09-05T20:08:11.963+0200] {logging_mixin.py:190} WARNING - /Users/swarnalidatta/Desktop/AutoQueryChatbot/.airflow-venv/lib/python3.12/site-packages/airflow/task/task_runner/standard_task_runner.py:70 DeprecationWarning: This process (pid=39325) is multi-threaded, use of fork() may lead to deadlocks in the child.
[2026-09-05T20:08:11.963+0200] {standard_task_runner.py:72} INFO - Started process 39327 to run task
[2026-09-05T20:08:11.962+0200] {standard_task_runner.py:104} INFO - Running: ['airflow', 'tasks', 'run', 'mini_riskagent_file_ingestion', 'wait_for_csv', 'scheduled__2026-09-05T18:05:00+00:00', '--job-id', '2423', '--raw', '--subdir', 'DAGS_FOLDER/data_ingest_pipeline.py', '--cfg-path', '/var/folders/5p/201rr1sj03g8gksxm9x48mbh0000gn/T/tmpytg1n7i9']
[2026-09-05T20:08:11.963+0200] {standard_task_runner.py:105} INFO - Job 2423: Subtask wait_for_csv
[2026-09-05T20:08:11.976+0200] {task_command.py:467} INFO - Running <TaskInstance: mini_riskagent_file_ingestion.wait_for_csv scheduled__2026-09-05T18:05:00+00:00 [running]> on host mac.home
[2026-09-05T20:08:11.992+0200] {taskinstance.py:3134} INFO - Exporting env vars: AIRFLOW_CTX_DAG_OWNER='autoquery' AIRFLOW_CTX_DAG_ID='mini_riskagent_file_ingestion' AIRFLOW_CTX_TASK_ID='wait_for_csv' AIRFLOW_CTX_EXECUTION_DATE='2026-09-05T18:05:00+00:00' AIRFLOW_CTX_TRY_NUMBER='1' AIRFLOW_CTX_DAG_RUN_ID='scheduled__2026-09-05T18:05:00+00:00'
[2026-09-05T20:08:11.993+0200] {logging_mixin.py:190} INFO - Task instance is in running state
[2026-09-05T20:08:11.993+0200] {logging_mixin.py:190} INFO -  Previous state of the Task instance: queued
[2026-09-05T20:08:11.993+0200] {logging_mixin.py:190} INFO - Current task name:wait_for_csv state:running start_date:2026-09-05 18:08:11.954136+00:00
[2026-09-05T20:08:11.993+0200] {logging_mixin.py:190} INFO - Dag name:mini_riskagent_file_ingestion and current dag run status:running
[2026-09-05T20:08:11.993+0200] {taskinstance.py:732} INFO - ::endgroup::
[2026-09-05T20:08:11.995+0200] {python.py:75} INFO - Poking callable: <function check_for_csv_files at 0x10ab26b60>
[2026-09-05T20:08:11.998+0200] {taskinstance.py:310} INFO - Rescheduling task, marking task as UP_FOR_RESCHEDULE
[2026-09-05T20:08:11.998+0200] {taskinstance.py:341} INFO - ::group::Post task execution logs
[2026-09-05T20:08:12.019+0200] {local_task_job_runner.py:266} INFO - Task exited with return code 0
[2026-09-05T20:08:12.025+0200] {taskinstance.py:3901} INFO - 0 downstream tasks scheduled from follow-on schedule check
[2026-09-05T20:08:12.025+0200] {local_task_job_runner.py:245} INFO - ::endgroup::
[2026-09-05T20:08:44.795+0200] {local_task_job_runner.py:123} INFO - ::group::Pre task execution logs
[2026-09-05T20:08:44.798+0200] {taskinstance.py:2614} INFO - Dependencies all met for dep_context=non-requeueable deps ti=<TaskInstance: mini_riskagent_file_ingestion.wait_for_csv scheduled__2026-09-05T18:05:00+00:00 [queued]>
[2026-09-05T20:08:44.799+0200] {taskinstance.py:2614} INFO - Dependencies all met for dep_context=requeueable deps ti=<TaskInstance: mini_riskagent_file_ingestion.wait_for_csv scheduled__2026-09-05T18:05:00+00:00 [queued]>
[2026-09-05T20:08:44.799+0200] {taskinstance.py:2867} INFO - Starting attempt 1 of 2
[2026-09-05T20:08:44.803+0200] {taskinstance.py:2890} INFO - Executing <Task(PythonSensor): wait_for_csv> on 2026-09-05 18:05:00+00:00
[2026-09-05T20:08:44.807+0200] {logging_mixin.py:190} WARNING - /Users/swarnalidatta/Desktop/AutoQueryChatbot/.airflow-venv/lib/python3.12/site-packages/airflow/task/task_runner/standard_task_runner.py:70 DeprecationWarning: This process (pid=39422) is multi-threaded, use of fork() may lead to deadlocks in the child.
[2026-09-05T20:08:44.807+0200] {standard_task_runner.py:72} INFO - Started process 39424 to run task
[2026-09-05T20:08:44.807+0200] {standard_task_runner.py:104} INFO - Running: ['airflow', 'tasks', 'run', 'mini_riskagent_file_ingestion', 'wait_for_csv', 'scheduled__2026-09-05T18:05:00+00:00', '--job-id', '2430', '--raw', '--subdir', 'DAGS_FOLDER/data_ingest_pipeline.py', '--cfg-path', '/var/folders/5p/201rr1sj03g8gksxm9x48mbh0000gn/T/tmp6604vqno']
[2026-09-05T20:08:44.808+0200] {standard_task_runner.py:105} INFO - Job 2430: Subtask wait_for_csv
[2026-09-05T20:08:44.822+0200] {task_command.py:467} INFO - Running <TaskInstance: mini_riskagent_file_ingestion.wait_for_csv scheduled__2026-09-05T18:05:00+00:00 [running]> on host mac.home
[2026-09-05T20:08:44.839+0200] {taskinstance.py:3134} INFO - Exporting env vars: AIRFLOW_CTX_DAG_OWNER='autoquery' AIRFLOW_CTX_DAG_ID='mini_riskagent_file_ingestion' AIRFLOW_CTX_TASK_ID='wait_for_csv' AIRFLOW_CTX_EXECUTION_DATE='2026-09-05T18:05:00+00:00' AIRFLOW_CTX_TRY_NUMBER='1' AIRFLOW_CTX_DAG_RUN_ID='scheduled__2026-09-05T18:05:00+00:00'
[2026-09-05T20:08:44.840+0200] {logging_mixin.py:190} INFO - Task instance is in running state
[2026-09-05T20:08:44.840+0200] {logging_mixin.py:190} INFO -  Previous state of the Task instance: queued
[2026-09-05T20:08:44.840+0200] {logging_mixin.py:190} INFO - Current task name:wait_for_csv state:running start_date:2026-09-05 18:08:44.798483+00:00
[2026-09-05T20:08:44.840+0200] {logging_mixin.py:190} INFO - Dag name:mini_riskagent_file_ingestion and current dag run status:running
[2026-09-05T20:08:44.840+0200] {taskinstance.py:732} INFO - ::endgroup::
[2026-09-05T20:08:44.842+0200] {python.py:75} INFO - Poking callable: <function check_for_csv_files at 0x10a926b60>
[2026-09-05T20:08:44.845+0200] {taskinstance.py:310} INFO - Rescheduling task, marking task as UP_FOR_RESCHEDULE
[2026-09-05T20:08:44.845+0200] {taskinstance.py:341} INFO - ::group::Post task execution logs
[2026-09-05T20:08:44.863+0200] {local_task_job_runner.py:266} INFO - Task exited with return code 0
[2026-09-05T20:08:44.871+0200] {taskinstance.py:3901} INFO - 0 downstream tasks scheduled from follow-on schedule check
[2026-09-05T20:08:44.871+0200] {local_task_job_runner.py:245} INFO - ::endgroup::
[2026-09-05T20:09:17.246+0200] {local_task_job_runner.py:123} INFO - ::group::Pre task execution logs
[2026-09-05T20:09:17.249+0200] {taskinstance.py:2614} INFO - Dependencies all met for dep_context=non-requeueable deps ti=<TaskInstance: mini_riskagent_file_ingestion.wait_for_csv scheduled__2026-09-05T18:05:00+00:00 [queued]>
[2026-09-05T20:09:17.250+0200] {taskinstance.py:2614} INFO - Dependencies all met for dep_context=requeueable deps ti=<TaskInstance: mini_riskagent_file_ingestion.wait_for_csv scheduled__2026-09-05T18:05:00+00:00 [queued]>
[2026-09-05T20:09:17.250+0200] {taskinstance.py:2867} INFO - Starting attempt 1 of 2
[2026-09-05T20:09:17.253+0200] {taskinstance.py:2890} INFO - Executing <Task(PythonSensor): wait_for_csv> on 2026-09-05 18:05:00+00:00
[2026-09-05T20:09:17.258+0200] {logging_mixin.py:190} WARNING - /Users/swarnalidatta/Desktop/AutoQueryChatbot/.airflow-venv/lib/python3.12/site-packages/airflow/task/task_runner/standard_task_runner.py:70 DeprecationWarning: This process (pid=39505) is multi-threaded, use of fork() may lead to deadlocks in the child.
[2026-09-05T20:09:17.258+0200] {standard_task_runner.py:72} INFO - Started process 39507 to run task
[2026-09-05T20:09:17.257+0200] {standard_task_runner.py:104} INFO - Running: ['airflow', 'tasks', 'run', 'mini_riskagent_file_ingestion', 'wait_for_csv', 'scheduled__2026-09-05T18:05:00+00:00', '--job-id', '2436', '--raw', '--subdir', 'DAGS_FOLDER/data_ingest_pipeline.py', '--cfg-path', '/var/folders/5p/201rr1sj03g8gksxm9x48mbh0000gn/T/tmp8wkdvmsu']
[2026-09-05T20:09:17.258+0200] {standard_task_runner.py:105} INFO - Job 2436: Subtask wait_for_csv
[2026-09-05T20:09:17.273+0200] {task_command.py:467} INFO - Running <TaskInstance: mini_riskagent_file_ingestion.wait_for_csv scheduled__2026-09-05T18:05:00+00:00 [running]> on host mac.home
[2026-09-05T20:09:17.290+0200] {taskinstance.py:3134} INFO - Exporting env vars: AIRFLOW_CTX_DAG_OWNER='autoquery' AIRFLOW_CTX_DAG_ID='mini_riskagent_file_ingestion' AIRFLOW_CTX_TASK_ID='wait_for_csv' AIRFLOW_CTX_EXECUTION_DATE='2026-09-05T18:05:00+00:00' AIRFLOW_CTX_TRY_NUMBER='1' AIRFLOW_CTX_DAG_RUN_ID='scheduled__2026-09-05T18:05:00+00:00'
[2026-09-05T20:09:17.290+0200] {logging_mixin.py:190} INFO - Task instance is in running state
[2026-09-05T20:09:17.290+0200] {logging_mixin.py:190} INFO -  Previous state of the Task instance: queued
[2026-09-05T20:09:17.290+0200] {logging_mixin.py:190} INFO - Current task name:wait_for_csv state:running start_date:2026-09-05 18:09:17.249211+00:00
[2026-09-05T20:09:17.291+0200] {logging_mixin.py:190} INFO - Dag name:mini_riskagent_file_ingestion and current dag run status:running
[2026-09-05T20:09:17.291+0200] {taskinstance.py:732} INFO - ::endgroup::
[2026-09-05T20:09:17.292+0200] {python.py:75} INFO - Poking callable: <function check_for_csv_files at 0x10b0a6b60>
[2026-09-05T20:09:17.295+0200] {taskinstance.py:310} INFO - Rescheduling task, marking task as UP_FOR_RESCHEDULE
[2026-09-05T20:09:17.296+0200] {taskinstance.py:341} INFO - ::group::Post task execution logs
[2026-09-05T20:09:17.314+0200] {local_task_job_runner.py:266} INFO - Task exited with return code 0
[2026-09-05T20:09:17.320+0200] {taskinstance.py:3901} INFO - 0 downstream tasks scheduled from follow-on schedule check
[2026-09-05T20:09:17.320+0200] {local_task_job_runner.py:245} INFO - ::endgroup::
[2026-09-05T20:09:48.760+0200] {local_task_job_runner.py:123} INFO - ::group::Pre task execution logs
[2026-09-05T20:09:48.762+0200] {taskinstance.py:2614} INFO - Dependencies all met for dep_context=non-requeueable deps ti=<TaskInstance: mini_riskagent_file_ingestion.wait_for_csv scheduled__2026-09-05T18:05:00+00:00 [queued]>
[2026-09-05T20:09:48.764+0200] {taskinstance.py:2614} INFO - Dependencies all met for dep_context=requeueable deps ti=<TaskInstance: mini_riskagent_file_ingestion.wait_for_csv scheduled__2026-09-05T18:05:00+00:00 [queued]>
[2026-09-05T20:09:48.764+0200] {taskinstance.py:2867} INFO - Starting attempt 1 of 2
[2026-09-05T20:09:48.767+0200] {taskinstance.py:2890} INFO - Executing <Task(PythonSensor): wait_for_csv> on 2026-09-05 18:05:00+00:00
[2026-09-05T20:09:48.771+0200] {standard_task_runner.py:104} INFO - Running: ['airflow', 'tasks', 'run', 'mini_riskagent_file_ingestion', 'wait_for_csv', 'scheduled__2026-09-05T18:05:00+00:00', '--job-id', '2441', '--raw', '--subdir', 'DAGS_FOLDER/data_ingest_pipeline.py', '--cfg-path', '/var/folders/5p/201rr1sj03g8gksxm9x48mbh0000gn/T/tmpeyzi_ail']
[2026-09-05T20:09:48.771+0200] {logging_mixin.py:190} WARNING - /Users/swarnalidatta/Desktop/AutoQueryChatbot/.airflow-venv/lib/python3.12/site-packages/airflow/task/task_runner/standard_task_runner.py:70 DeprecationWarning: This process (pid=39590) is multi-threaded, use of fork() may lead to deadlocks in the child.
[2026-09-05T20:09:48.772+0200] {standard_task_runner.py:72} INFO - Started process 39592 to run task
[2026-09-05T20:09:48.772+0200] {standard_task_runner.py:105} INFO - Job 2441: Subtask wait_for_csv
[2026-09-05T20:09:48.785+0200] {task_command.py:467} INFO - Running <TaskInstance: mini_riskagent_file_ingestion.wait_for_csv scheduled__2026-09-05T18:05:00+00:00 [running]> on host mac.home
[2026-09-05T20:09:48.803+0200] {taskinstance.py:3134} INFO - Exporting env vars: AIRFLOW_CTX_DAG_OWNER='autoquery' AIRFLOW_CTX_DAG_ID='mini_riskagent_file_ingestion' AIRFLOW_CTX_TASK_ID='wait_for_csv' AIRFLOW_CTX_EXECUTION_DATE='2026-09-05T18:05:00+00:00' AIRFLOW_CTX_TRY_NUMBER='1' AIRFLOW_CTX_DAG_RUN_ID='scheduled__2026-09-05T18:05:00+00:00'
[2026-09-05T20:09:48.803+0200] {logging_mixin.py:190} INFO - Task instance is in running state
[2026-09-05T20:09:48.803+0200] {logging_mixin.py:190} INFO -  Previous state of the Task instance: queued
[2026-09-05T20:09:48.804+0200] {logging_mixin.py:190} INFO - Current task name:wait_for_csv state:running start_date:2026-09-05 18:09:48.763020+00:00
[2026-09-05T20:09:48.804+0200] {logging_mixin.py:190} INFO - Dag name:mini_riskagent_file_ingestion and current dag run status:running
[2026-09-05T20:09:48.804+0200] {taskinstance.py:732} INFO - ::endgroup::
[2026-09-05T20:09:48.805+0200] {python.py:75} INFO - Poking callable: <function check_for_csv_files at 0x10b1f2b60>
[2026-09-05T20:09:48.809+0200] {taskinstance.py:310} INFO - Rescheduling task, marking task as UP_FOR_RESCHEDULE
[2026-09-05T20:09:48.809+0200] {taskinstance.py:341} INFO - ::group::Post task execution logs
[2026-09-05T20:09:48.827+0200] {local_task_job_runner.py:266} INFO - Task exited with return code 0
[2026-09-05T20:09:48.834+0200] {taskinstance.py:3901} INFO - 0 downstream tasks scheduled from follow-on schedule check
[2026-09-05T20:09:48.834+0200] {local_task_job_runner.py:245} INFO - ::endgroup::
[2026-09-05T20:10:20.464+0200] {local_task_job_runner.py:123} INFO - ::group::Pre task execution logs
[2026-09-05T20:10:20.467+0200] {taskinstance.py:2614} INFO - Dependencies all met for dep_context=non-requeueable deps ti=<TaskInstance: mini_riskagent_file_ingestion.wait_for_csv scheduled__2026-09-05T18:05:00+00:00 [queued]>
[2026-09-05T20:10:20.468+0200] {taskinstance.py:2614} INFO - Dependencies all met for dep_context=requeueable deps ti=<TaskInstance: mini_riskagent_file_ingestion.wait_for_csv scheduled__2026-09-05T18:05:00+00:00 [queued]>
[2026-09-05T20:10:20.468+0200] {taskinstance.py:2867} INFO - Starting attempt 1 of 2
[2026-09-05T20:10:20.472+0200] {taskinstance.py:2890} INFO - Executing <Task(PythonSensor): wait_for_csv> on 2026-09-05 18:05:00+00:00
[2026-09-05T20:10:20.477+0200] {logging_mixin.py:190} WARNING - /Users/swarnalidatta/Desktop/AutoQueryChatbot/.airflow-venv/lib/python3.12/site-packages/airflow/task/task_runner/standard_task_runner.py:70 DeprecationWarning: This process (pid=39672) is multi-threaded, use of fork() may lead to deadlocks in the child.
[2026-09-05T20:10:20.477+0200] {standard_task_runner.py:72} INFO - Started process 39674 to run task
[2026-09-05T20:10:20.477+0200] {standard_task_runner.py:104} INFO - Running: ['airflow', 'tasks', 'run', 'mini_riskagent_file_ingestion', 'wait_for_csv', 'scheduled__2026-09-05T18:05:00+00:00', '--job-id', '2446', '--raw', '--subdir', 'DAGS_FOLDER/data_ingest_pipeline.py', '--cfg-path', '/var/folders/5p/201rr1sj03g8gksxm9x48mbh0000gn/T/tmp8ie04oem']
[2026-09-05T20:10:20.477+0200] {standard_task_runner.py:105} INFO - Job 2446: Subtask wait_for_csv
[2026-09-05T20:10:20.492+0200] {task_command.py:467} INFO - Running <TaskInstance: mini_riskagent_file_ingestion.wait_for_csv scheduled__2026-09-05T18:05:00+00:00 [running]> on host mac.home
[2026-09-05T20:10:20.509+0200] {taskinstance.py:3134} INFO - Exporting env vars: AIRFLOW_CTX_DAG_OWNER='autoquery' AIRFLOW_CTX_DAG_ID='mini_riskagent_file_ingestion' AIRFLOW_CTX_TASK_ID='wait_for_csv' AIRFLOW_CTX_EXECUTION_DATE='2026-09-05T18:05:00+00:00' AIRFLOW_CTX_TRY_NUMBER='1' AIRFLOW_CTX_DAG_RUN_ID='scheduled__2026-09-05T18:05:00+00:00'
[2026-09-05T20:10:20.510+0200] {logging_mixin.py:190} INFO - Task instance is in running state
[2026-09-05T20:10:20.510+0200] {logging_mixin.py:190} INFO -  Previous state of the Task instance: queued
[2026-09-05T20:10:20.510+0200] {logging_mixin.py:190} INFO - Current task name:wait_for_csv state:running start_date:2026-09-05 18:10:20.467180+00:00
[2026-09-05T20:10:20.511+0200] {logging_mixin.py:190} INFO - Dag name:mini_riskagent_file_ingestion and current dag run status:running
[2026-09-05T20:10:20.511+0200] {taskinstance.py:732} INFO - ::endgroup::
[2026-09-05T20:10:20.512+0200] {python.py:75} INFO - Poking callable: <function check_for_csv_files at 0x10aa76b60>
[2026-09-05T20:10:20.515+0200] {taskinstance.py:310} INFO - Rescheduling task, marking task as UP_FOR_RESCHEDULE
[2026-09-05T20:10:20.516+0200] {taskinstance.py:341} INFO - ::group::Post task execution logs
[2026-09-05T20:10:20.533+0200] {local_task_job_runner.py:266} INFO - Task exited with return code 0
[2026-09-05T20:10:20.539+0200] {taskinstance.py:3901} INFO - 0 downstream tasks scheduled from follow-on schedule check
[2026-09-05T20:10:20.539+0200] {local_task_job_runner.py:245} INFO - ::endgroup::
[2026-09-05T20:10:52.428+0200] {local_task_job_runner.py:123} INFO - ::group::Pre task execution logs
[2026-09-05T20:10:52.431+0200] {taskinstance.py:2614} INFO - Dependencies all met for dep_context=non-requeueable deps ti=<TaskInstance: mini_riskagent_file_ingestion.wait_for_csv scheduled__2026-09-05T18:05:00+00:00 [queued]>
[2026-09-05T20:10:52.433+0200] {taskinstance.py:2614} INFO - Dependencies all met for dep_context=requeueable deps ti=<TaskInstance: mini_riskagent_file_ingestion.wait_for_csv scheduled__2026-09-05T18:05:00+00:00 [queued]>
[2026-09-05T20:10:52.433+0200] {taskinstance.py:2867} INFO - Starting attempt 1 of 2
[2026-09-05T20:10:52.436+0200] {taskinstance.py:2890} INFO - Executing <Task(PythonSensor): wait_for_csv> on 2026-09-05 18:05:00+00:00
[2026-09-05T20:10:52.440+0200] {logging_mixin.py:190} WARNING - /Users/swarnalidatta/Desktop/AutoQueryChatbot/.airflow-venv/lib/python3.12/site-packages/airflow/task/task_runner/standard_task_runner.py:70 DeprecationWarning: This process (pid=39760) is multi-threaded, use of fork() may lead to deadlocks in the child.
[2026-09-05T20:10:52.440+0200] {standard_task_runner.py:72} INFO - Started process 39762 to run task
[2026-09-05T20:10:52.440+0200] {standard_task_runner.py:104} INFO - Running: ['airflow', 'tasks', 'run', 'mini_riskagent_file_ingestion', 'wait_for_csv', 'scheduled__2026-09-05T18:05:00+00:00', '--job-id', '2451', '--raw', '--subdir', 'DAGS_FOLDER/data_ingest_pipeline.py', '--cfg-path', '/var/folders/5p/201rr1sj03g8gksxm9x48mbh0000gn/T/tmpun9_4n65']
[2026-09-05T20:10:52.441+0200] {standard_task_runner.py:105} INFO - Job 2451: Subtask wait_for_csv
[2026-09-05T20:10:52.454+0200] {task_command.py:467} INFO - Running <TaskInstance: mini_riskagent_file_ingestion.wait_for_csv scheduled__2026-09-05T18:05:00+00:00 [running]> on host mac.home
[2026-09-05T20:10:52.470+0200] {taskinstance.py:3134} INFO - Exporting env vars: AIRFLOW_CTX_DAG_OWNER='autoquery' AIRFLOW_CTX_DAG_ID='mini_riskagent_file_ingestion' AIRFLOW_CTX_TASK_ID='wait_for_csv' AIRFLOW_CTX_EXECUTION_DATE='2026-09-05T18:05:00+00:00' AIRFLOW_CTX_TRY_NUMBER='1' AIRFLOW_CTX_DAG_RUN_ID='scheduled__2026-09-05T18:05:00+00:00'
[2026-09-05T20:10:52.470+0200] {logging_mixin.py:190} INFO - Task instance is in running state
[2026-09-05T20:10:52.470+0200] {logging_mixin.py:190} INFO -  Previous state of the Task instance: queued
[2026-09-05T20:10:52.471+0200] {logging_mixin.py:190} INFO - Current task name:wait_for_csv state:running start_date:2026-09-05 18:10:52.431685+00:00
[2026-09-05T20:10:52.471+0200] {logging_mixin.py:190} INFO - Dag name:mini_riskagent_file_ingestion and current dag run status:running
[2026-09-05T20:10:52.471+0200] {taskinstance.py:732} INFO - ::endgroup::
[2026-09-05T20:10:52.472+0200] {python.py:75} INFO - Poking callable: <function check_for_csv_files at 0x115a26b60>
[2026-09-05T20:10:52.476+0200] {taskinstance.py:310} INFO - Rescheduling task, marking task as UP_FOR_RESCHEDULE
[2026-09-05T20:10:52.476+0200] {taskinstance.py:341} INFO - ::group::Post task execution logs
[2026-09-05T20:10:52.496+0200] {local_task_job_runner.py:266} INFO - Task exited with return code 0
[2026-09-05T20:10:52.502+0200] {taskinstance.py:3901} INFO - 0 downstream tasks scheduled from follow-on schedule check
[2026-09-05T20:10:52.503+0200] {local_task_job_runner.py:245} INFO - ::endgroup::
[2026-09-05T20:11:23.727+0200] {local_task_job_runner.py:123} INFO - ::group::Pre task execution logs
[2026-09-05T20:11:23.730+0200] {taskinstance.py:2614} INFO - Dependencies all met for dep_context=non-requeueable deps ti=<TaskInstance: mini_riskagent_file_ingestion.wait_for_csv scheduled__2026-09-05T18:05:00+00:00 [queued]>
[2026-09-05T20:11:23.731+0200] {taskinstance.py:2614} INFO - Dependencies all met for dep_context=requeueable deps ti=<TaskInstance: mini_riskagent_file_ingestion.wait_for_csv scheduled__2026-09-05T18:05:00+00:00 [queued]>
[2026-09-05T20:11:23.732+0200] {taskinstance.py:2867} INFO - Starting attempt 1 of 2
[2026-09-05T20:11:23.735+0200] {taskinstance.py:2890} INFO - Executing <Task(PythonSensor): wait_for_csv> on 2026-09-05 18:05:00+00:00
[2026-09-05T20:11:23.739+0200] {logging_mixin.py:190} WARNING - /Users/swarnalidatta/Desktop/AutoQueryChatbot/.airflow-venv/lib/python3.12/site-packages/airflow/task/task_runner/standard_task_runner.py:70 DeprecationWarning: This process (pid=41067) is multi-threaded, use of fork() may lead to deadlocks in the child.
[2026-09-05T20:11:23.739+0200] {standard_task_runner.py:72} INFO - Started process 41073 to run task
[2026-09-05T20:11:23.739+0200] {standard_task_runner.py:104} INFO - Running: ['airflow', 'tasks', 'run', 'mini_riskagent_file_ingestion', 'wait_for_csv', 'scheduled__2026-09-05T18:05:00+00:00', '--job-id', '2457', '--raw', '--subdir', 'DAGS_FOLDER/data_ingest_pipeline.py', '--cfg-path', '/var/folders/5p/201rr1sj03g8gksxm9x48mbh0000gn/T/tmp3x12m_dz']
[2026-09-05T20:11:23.740+0200] {standard_task_runner.py:105} INFO - Job 2457: Subtask wait_for_csv
[2026-09-05T20:11:23.753+0200] {task_command.py:467} INFO - Running <TaskInstance: mini_riskagent_file_ingestion.wait_for_csv scheduled__2026-09-05T18:05:00+00:00 [running]> on host mac.home
[2026-09-05T20:11:23.770+0200] {taskinstance.py:3134} INFO - Exporting env vars: AIRFLOW_CTX_DAG_OWNER='autoquery' AIRFLOW_CTX_DAG_ID='mini_riskagent_file_ingestion' AIRFLOW_CTX_TASK_ID='wait_for_csv' AIRFLOW_CTX_EXECUTION_DATE='2026-09-05T18:05:00+00:00' AIRFLOW_CTX_TRY_NUMBER='1' AIRFLOW_CTX_DAG_RUN_ID='scheduled__2026-09-05T18:05:00+00:00'
[2026-09-05T20:11:23.771+0200] {logging_mixin.py:190} INFO - Task instance is in running state
[2026-09-05T20:11:23.771+0200] {logging_mixin.py:190} INFO -  Previous state of the Task instance: queued
[2026-09-05T20:11:23.771+0200] {logging_mixin.py:190} INFO - Current task name:wait_for_csv state:running start_date:2026-09-05 18:11:23.730630+00:00
[2026-09-05T20:11:23.771+0200] {logging_mixin.py:190} INFO - Dag name:mini_riskagent_file_ingestion and current dag run status:running
[2026-09-05T20:11:23.771+0200] {taskinstance.py:732} INFO - ::endgroup::
[2026-09-05T20:11:23.773+0200] {python.py:75} INFO - Poking callable: <function check_for_csv_files at 0x10a512b60>
[2026-09-05T20:11:23.776+0200] {taskinstance.py:310} INFO - Rescheduling task, marking task as UP_FOR_RESCHEDULE
[2026-09-05T20:11:23.776+0200] {taskinstance.py:341} INFO - ::group::Post task execution logs
[2026-09-05T20:11:23.795+0200] {local_task_job_runner.py:266} INFO - Task exited with return code 0
[2026-09-05T20:11:23.801+0200] {taskinstance.py:3901} INFO - 0 downstream tasks scheduled from follow-on schedule check
[2026-09-05T20:11:23.802+0200] {local_task_job_runner.py:245} INFO - ::endgroup::
[2026-09-05T20:11:56.002+0200] {local_task_job_runner.py:123} INFO - ::group::Pre task execution logs
[2026-09-05T20:11:56.005+0200] {taskinstance.py:2614} INFO - Dependencies all met for dep_context=non-requeueable deps ti=<TaskInstance: mini_riskagent_file_ingestion.wait_for_csv scheduled__2026-09-05T18:05:00+00:00 [queued]>
[2026-09-05T20:11:56.007+0200] {taskinstance.py:2614} INFO - Dependencies all met for dep_context=requeueable deps ti=<TaskInstance: mini_riskagent_file_ingestion.wait_for_csv scheduled__2026-09-05T18:05:00+00:00 [queued]>
[2026-09-05T20:11:56.007+0200] {taskinstance.py:2867} INFO - Starting attempt 1 of 2
[2026-09-05T20:11:56.010+0200] {taskinstance.py:2890} INFO - Executing <Task(PythonSensor): wait_for_csv> on 2026-09-05 18:05:00+00:00
[2026-09-05T20:11:56.015+0200] {logging_mixin.py:190} WARNING - /Users/swarnalidatta/Desktop/AutoQueryChatbot/.airflow-venv/lib/python3.12/site-packages/airflow/task/task_runner/standard_task_runner.py:70 DeprecationWarning: This process (pid=41356) is multi-threaded, use of fork() may lead to deadlocks in the child.
[2026-09-05T20:11:56.015+0200] {standard_task_runner.py:72} INFO - Started process 41358 to run task
[2026-09-05T20:11:56.014+0200] {standard_task_runner.py:104} INFO - Running: ['airflow', 'tasks', 'run', 'mini_riskagent_file_ingestion', 'wait_for_csv', 'scheduled__2026-09-05T18:05:00+00:00', '--job-id', '2463', '--raw', '--subdir', 'DAGS_FOLDER/data_ingest_pipeline.py', '--cfg-path', '/var/folders/5p/201rr1sj03g8gksxm9x48mbh0000gn/T/tmp45rxxzay']
[2026-09-05T20:11:56.015+0200] {standard_task_runner.py:105} INFO - Job 2463: Subtask wait_for_csv
[2026-09-05T20:11:56.029+0200] {task_command.py:467} INFO - Running <TaskInstance: mini_riskagent_file_ingestion.wait_for_csv scheduled__2026-09-05T18:05:00+00:00 [running]> on host mac.home
[2026-09-05T20:11:56.046+0200] {taskinstance.py:3134} INFO - Exporting env vars: AIRFLOW_CTX_DAG_OWNER='autoquery' AIRFLOW_CTX_DAG_ID='mini_riskagent_file_ingestion' AIRFLOW_CTX_TASK_ID='wait_for_csv' AIRFLOW_CTX_EXECUTION_DATE='2026-09-05T18:05:00+00:00' AIRFLOW_CTX_TRY_NUMBER='1' AIRFLOW_CTX_DAG_RUN_ID='scheduled__2026-09-05T18:05:00+00:00'
[2026-09-05T20:11:56.047+0200] {logging_mixin.py:190} INFO - Task instance is in running state
[2026-09-05T20:11:56.047+0200] {logging_mixin.py:190} INFO -  Previous state of the Task instance: queued
[2026-09-05T20:11:56.047+0200] {logging_mixin.py:190} INFO - Current task name:wait_for_csv state:running start_date:2026-09-05 18:11:56.005747+00:00
[2026-09-05T20:11:56.047+0200] {logging_mixin.py:190} INFO - Dag name:mini_riskagent_file_ingestion and current dag run status:running
[2026-09-05T20:11:56.047+0200] {taskinstance.py:732} INFO - ::endgroup::
[2026-09-05T20:11:56.049+0200] {python.py:75} INFO - Poking callable: <function check_for_csv_files at 0x117d12b60>
[2026-09-05T20:11:56.052+0200] {taskinstance.py:310} INFO - Rescheduling task, marking task as UP_FOR_RESCHEDULE
[2026-09-05T20:11:56.052+0200] {taskinstance.py:341} INFO - ::group::Post task execution logs
[2026-09-05T20:11:56.071+0200] {local_task_job_runner.py:266} INFO - Task exited with return code 0
[2026-09-05T20:11:56.078+0200] {taskinstance.py:3901} INFO - 0 downstream tasks scheduled from follow-on schedule check
[2026-09-05T20:11:56.078+0200] {local_task_job_runner.py:245} INFO - ::endgroup::
[2026-09-05T20:12:27.991+0200] {local_task_job_runner.py:123} INFO - ::group::Pre task execution logs
[2026-09-05T20:12:27.994+0200] {taskinstance.py:2614} INFO - Dependencies all met for dep_context=non-requeueable deps ti=<TaskInstance: mini_riskagent_file_ingestion.wait_for_csv scheduled__2026-09-05T18:05:00+00:00 [queued]>
[2026-09-05T20:12:27.995+0200] {taskinstance.py:2614} INFO - Dependencies all met for dep_context=requeueable deps ti=<TaskInstance: mini_riskagent_file_ingestion.wait_for_csv scheduled__2026-09-05T18:05:00+00:00 [queued]>
[2026-09-05T20:12:27.995+0200] {taskinstance.py:2867} INFO - Starting attempt 1 of 2
[2026-09-05T20:12:27.998+0200] {taskinstance.py:2890} INFO - Executing <Task(PythonSensor): wait_for_csv> on 2026-09-05 18:05:00+00:00
[2026-09-05T20:12:28.003+0200] {logging_mixin.py:190} WARNING - /Users/swarnalidatta/Desktop/AutoQueryChatbot/.airflow-venv/lib/python3.12/site-packages/airflow/task/task_runner/standard_task_runner.py:70 DeprecationWarning: This process (pid=42160) is multi-threaded, use of fork() may lead to deadlocks in the child.
[2026-09-05T20:12:28.003+0200] {standard_task_runner.py:72} INFO - Started process 42162 to run task
[2026-09-05T20:12:28.002+0200] {standard_task_runner.py:104} INFO - Running: ['airflow', 'tasks', 'run', 'mini_riskagent_file_ingestion', 'wait_for_csv', 'scheduled__2026-09-05T18:05:00+00:00', '--job-id', '2470', '--raw', '--subdir', 'DAGS_FOLDER/data_ingest_pipeline.py', '--cfg-path', '/var/folders/5p/201rr1sj03g8gksxm9x48mbh0000gn/T/tmpryuyjaa0']
[2026-09-05T20:12:28.003+0200] {standard_task_runner.py:105} INFO - Job 2470: Subtask wait_for_csv
[2026-09-05T20:12:28.017+0200] {task_command.py:467} INFO - Running <TaskInstance: mini_riskagent_file_ingestion.wait_for_csv scheduled__2026-09-05T18:05:00+00:00 [running]> on host mac.home
[2026-09-05T20:12:28.034+0200] {taskinstance.py:3134} INFO - Exporting env vars: AIRFLOW_CTX_DAG_OWNER='autoquery' AIRFLOW_CTX_DAG_ID='mini_riskagent_file_ingestion' AIRFLOW_CTX_TASK_ID='wait_for_csv' AIRFLOW_CTX_EXECUTION_DATE='2026-09-05T18:05:00+00:00' AIRFLOW_CTX_TRY_NUMBER='1' AIRFLOW_CTX_DAG_RUN_ID='scheduled__2026-09-05T18:05:00+00:00'
[2026-09-05T20:12:28.034+0200] {logging_mixin.py:190} INFO - Task instance is in running state
[2026-09-05T20:12:28.034+0200] {logging_mixin.py:190} INFO -  Previous state of the Task instance: queued
[2026-09-05T20:12:28.034+0200] {logging_mixin.py:190} INFO - Current task name:wait_for_csv state:running start_date:2026-09-05 18:12:27.994204+00:00
[2026-09-05T20:12:28.035+0200] {logging_mixin.py:190} INFO - Dag name:mini_riskagent_file_ingestion and current dag run status:running
[2026-09-05T20:12:28.035+0200] {taskinstance.py:732} INFO - ::endgroup::
[2026-09-05T20:12:28.036+0200] {python.py:75} INFO - Poking callable: <function check_for_csv_files at 0x108922b60>
[2026-09-05T20:12:28.039+0200] {taskinstance.py:310} INFO - Rescheduling task, marking task as UP_FOR_RESCHEDULE
[2026-09-05T20:12:28.040+0200] {taskinstance.py:341} INFO - ::group::Post task execution logs
[2026-09-05T20:12:28.058+0200] {local_task_job_runner.py:266} INFO - Task exited with return code 0
[2026-09-05T20:12:28.065+0200] {taskinstance.py:3901} INFO - 0 downstream tasks scheduled from follow-on schedule check
[2026-09-05T20:12:28.065+0200] {local_task_job_runner.py:245} INFO - ::endgroup::
[2026-09-05T20:12:59.463+0200] {local_task_job_runner.py:123} INFO - ::group::Pre task execution logs
[2026-09-05T20:12:59.466+0200] {taskinstance.py:2614} INFO - Dependencies all met for dep_context=non-requeueable deps ti=<TaskInstance: mini_riskagent_file_ingestion.wait_for_csv scheduled__2026-09-05T18:05:00+00:00 [queued]>
[2026-09-05T20:12:59.467+0200] {taskinstance.py:2614} INFO - Dependencies all met for dep_context=requeueable deps ti=<TaskInstance: mini_riskagent_file_ingestion.wait_for_csv scheduled__2026-09-05T18:05:00+00:00 [queued]>
[2026-09-05T20:12:59.467+0200] {taskinstance.py:2867} INFO - Starting attempt 1 of 2
[2026-09-05T20:12:59.471+0200] {taskinstance.py:2890} INFO - Executing <Task(PythonSensor): wait_for_csv> on 2026-09-05 18:05:00+00:00
[2026-09-05T20:12:59.475+0200] {logging_mixin.py:190} WARNING - /Users/swarnalidatta/Desktop/AutoQueryChatbot/.airflow-venv/lib/python3.12/site-packages/airflow/task/task_runner/standard_task_runner.py:70 DeprecationWarning: This process (pid=42963) is multi-threaded, use of fork() may lead to deadlocks in the child.
[2026-09-05T20:12:59.475+0200] {standard_task_runner.py:104} INFO - Running: ['airflow', 'tasks', 'run', 'mini_riskagent_file_ingestion', 'wait_for_csv', 'scheduled__2026-09-05T18:05:00+00:00', '--job-id', '2477', '--raw', '--subdir', 'DAGS_FOLDER/data_ingest_pipeline.py', '--cfg-path', '/var/folders/5p/201rr1sj03g8gksxm9x48mbh0000gn/T/tmp0ia9uauu']
[2026-09-05T20:12:59.475+0200] {standard_task_runner.py:72} INFO - Started process 42965 to run task
[2026-09-05T20:12:59.475+0200] {standard_task_runner.py:105} INFO - Job 2477: Subtask wait_for_csv
[2026-09-05T20:12:59.490+0200] {task_command.py:467} INFO - Running <TaskInstance: mini_riskagent_file_ingestion.wait_for_csv scheduled__2026-09-05T18:05:00+00:00 [running]> on host mac.home
[2026-09-05T20:12:59.506+0200] {taskinstance.py:3134} INFO - Exporting env vars: AIRFLOW_CTX_DAG_OWNER='autoquery' AIRFLOW_CTX_DAG_ID='mini_riskagent_file_ingestion' AIRFLOW_CTX_TASK_ID='wait_for_csv' AIRFLOW_CTX_EXECUTION_DATE='2026-09-05T18:05:00+00:00' AIRFLOW_CTX_TRY_NUMBER='1' AIRFLOW_CTX_DAG_RUN_ID='scheduled__2026-09-05T18:05:00+00:00'
[2026-09-05T20:12:59.507+0200] {logging_mixin.py:190} INFO - Task instance is in running state
[2026-09-05T20:12:59.507+0200] {logging_mixin.py:190} INFO -  Previous state of the Task instance: queued
[2026-09-05T20:12:59.507+0200] {logging_mixin.py:190} INFO - Current task name:wait_for_csv state:running start_date:2026-09-05 18:12:59.466510+00:00
[2026-09-05T20:12:59.507+0200] {logging_mixin.py:190} INFO - Dag name:mini_riskagent_file_ingestion and current dag run status:running
[2026-09-05T20:12:59.507+0200] {taskinstance.py:732} INFO - ::endgroup::
[2026-09-05T20:12:59.509+0200] {python.py:75} INFO - Poking callable: <function check_for_csv_files at 0x10939ab60>
[2026-09-05T20:12:59.512+0200] {taskinstance.py:310} INFO - Rescheduling task, marking task as UP_FOR_RESCHEDULE
[2026-09-05T20:12:59.512+0200] {taskinstance.py:341} INFO - ::group::Post task execution logs
[2026-09-05T20:12:59.531+0200] {local_task_job_runner.py:266} INFO - Task exited with return code 0
[2026-09-05T20:12:59.537+0200] {taskinstance.py:3901} INFO - 0 downstream tasks scheduled from follow-on schedule check
[2026-09-05T20:12:59.538+0200] {local_task_job_runner.py:245} INFO - ::endgroup::
[2026-09-05T20:13:30.771+0200] {local_task_job_runner.py:123} INFO - ::group::Pre task execution logs
[2026-09-05T20:13:30.774+0200] {taskinstance.py:2614} INFO - Dependencies all met for dep_context=non-requeueable deps ti=<TaskInstance: mini_riskagent_file_ingestion.wait_for_csv scheduled__2026-09-05T18:05:00+00:00 [queued]>
[2026-09-05T20:13:30.776+0200] {taskinstance.py:2614} INFO - Dependencies all met for dep_context=requeueable deps ti=<TaskInstance: mini_riskagent_file_ingestion.wait_for_csv scheduled__2026-09-05T18:05:00+00:00 [queued]>
[2026-09-05T20:13:30.776+0200] {taskinstance.py:2867} INFO - Starting attempt 1 of 2
[2026-09-05T20:13:30.779+0200] {taskinstance.py:2890} INFO - Executing <Task(PythonSensor): wait_for_csv> on 2026-09-05 18:05:00+00:00
[2026-09-05T20:13:30.783+0200] {logging_mixin.py:190} WARNING - /Users/swarnalidatta/Desktop/AutoQueryChatbot/.airflow-venv/lib/python3.12/site-packages/airflow/task/task_runner/standard_task_runner.py:70 DeprecationWarning: This process (pid=43187) is multi-threaded, use of fork() may lead to deadlocks in the child.
[2026-09-05T20:13:30.783+0200] {standard_task_runner.py:72} INFO - Started process 43193 to run task
[2026-09-05T20:13:30.783+0200] {standard_task_runner.py:104} INFO - Running: ['airflow', 'tasks', 'run', 'mini_riskagent_file_ingestion', 'wait_for_csv', 'scheduled__2026-09-05T18:05:00+00:00', '--job-id', '2485', '--raw', '--subdir', 'DAGS_FOLDER/data_ingest_pipeline.py', '--cfg-path', '/var/folders/5p/201rr1sj03g8gksxm9x48mbh0000gn/T/tmpph8ew63i']
[2026-09-05T20:13:30.783+0200] {standard_task_runner.py:105} INFO - Job 2485: Subtask wait_for_csv
[2026-09-05T20:13:30.798+0200] {task_command.py:467} INFO - Running <TaskInstance: mini_riskagent_file_ingestion.wait_for_csv scheduled__2026-09-05T18:05:00+00:00 [running]> on host mac.home
[2026-09-05T20:13:30.814+0200] {taskinstance.py:3134} INFO - Exporting env vars: AIRFLOW_CTX_DAG_OWNER='autoquery' AIRFLOW_CTX_DAG_ID='mini_riskagent_file_ingestion' AIRFLOW_CTX_TASK_ID='wait_for_csv' AIRFLOW_CTX_EXECUTION_DATE='2026-09-05T18:05:00+00:00' AIRFLOW_CTX_TRY_NUMBER='1' AIRFLOW_CTX_DAG_RUN_ID='scheduled__2026-09-05T18:05:00+00:00'
[2026-09-05T20:13:30.814+0200] {logging_mixin.py:190} INFO - Task instance is in running state
[2026-09-05T20:13:30.815+0200] {logging_mixin.py:190} INFO -  Previous state of the Task instance: queued
[2026-09-05T20:13:30.815+0200] {logging_mixin.py:190} INFO - Current task name:wait_for_csv state:running start_date:2026-09-05 18:13:30.774678+00:00
[2026-09-05T20:13:30.815+0200] {logging_mixin.py:190} INFO - Dag name:mini_riskagent_file_ingestion and current dag run status:running
[2026-09-05T20:13:30.815+0200] {taskinstance.py:732} INFO - ::endgroup::
[2026-09-05T20:13:30.817+0200] {python.py:75} INFO - Poking callable: <function check_for_csv_files at 0x1089beb60>
[2026-09-05T20:13:30.820+0200] {taskinstance.py:310} INFO - Rescheduling task, marking task as UP_FOR_RESCHEDULE
[2026-09-05T20:13:30.820+0200] {taskinstance.py:341} INFO - ::group::Post task execution logs
[2026-09-05T20:13:30.839+0200] {local_task_job_runner.py:266} INFO - Task exited with return code 0
[2026-09-05T20:13:30.845+0200] {taskinstance.py:3901} INFO - 0 downstream tasks scheduled from follow-on schedule check
[2026-09-05T20:13:30.845+0200] {local_task_job_runner.py:245} INFO - ::endgroup::
[2026-09-05T20:14:01.908+0200] {local_task_job_runner.py:123} INFO - ::group::Pre task execution logs
[2026-09-05T20:14:01.911+0200] {taskinstance.py:2614} INFO - Dependencies all met for dep_context=non-requeueable deps ti=<TaskInstance: mini_riskagent_file_ingestion.wait_for_csv scheduled__2026-09-05T18:05:00+00:00 [queued]>
[2026-09-05T20:14:01.912+0200] {taskinstance.py:2614} INFO - Dependencies all met for dep_context=requeueable deps ti=<TaskInstance: mini_riskagent_file_ingestion.wait_for_csv scheduled__2026-09-05T18:05:00+00:00 [queued]>
[2026-09-05T20:14:01.912+0200] {taskinstance.py:2867} INFO - Starting attempt 1 of 2
[2026-09-05T20:14:01.915+0200] {taskinstance.py:2890} INFO - Executing <Task(PythonSensor): wait_for_csv> on 2026-09-05 18:05:00+00:00
[2026-09-05T20:14:01.920+0200] {logging_mixin.py:190} WARNING - /Users/swarnalidatta/Desktop/AutoQueryChatbot/.airflow-venv/lib/python3.12/site-packages/airflow/task/task_runner/standard_task_runner.py:70 DeprecationWarning: This process (pid=43281) is multi-threaded, use of fork() may lead to deadlocks in the child.
[2026-09-05T20:14:01.919+0200] {standard_task_runner.py:104} INFO - Running: ['airflow', 'tasks', 'run', 'mini_riskagent_file_ingestion', 'wait_for_csv', 'scheduled__2026-09-05T18:05:00+00:00', '--job-id', '2493', '--raw', '--subdir', 'DAGS_FOLDER/data_ingest_pipeline.py', '--cfg-path', '/var/folders/5p/201rr1sj03g8gksxm9x48mbh0000gn/T/tmp1q07vcq8']
[2026-09-05T20:14:01.920+0200] {standard_task_runner.py:72} INFO - Started process 43283 to run task
[2026-09-05T20:14:01.920+0200] {standard_task_runner.py:105} INFO - Job 2493: Subtask wait_for_csv
[2026-09-05T20:14:01.934+0200] {task_command.py:467} INFO - Running <TaskInstance: mini_riskagent_file_ingestion.wait_for_csv scheduled__2026-09-05T18:05:00+00:00 [running]> on host mac.home
[2026-09-05T20:14:01.951+0200] {taskinstance.py:3134} INFO - Exporting env vars: AIRFLOW_CTX_DAG_OWNER='autoquery' AIRFLOW_CTX_DAG_ID='mini_riskagent_file_ingestion' AIRFLOW_CTX_TASK_ID='wait_for_csv' AIRFLOW_CTX_EXECUTION_DATE='2026-09-05T18:05:00+00:00' AIRFLOW_CTX_TRY_NUMBER='1' AIRFLOW_CTX_DAG_RUN_ID='scheduled__2026-09-05T18:05:00+00:00'
[2026-09-05T20:14:01.951+0200] {logging_mixin.py:190} INFO - Task instance is in running state
[2026-09-05T20:14:01.952+0200] {logging_mixin.py:190} INFO -  Previous state of the Task instance: queued
[2026-09-05T20:14:01.952+0200] {logging_mixin.py:190} INFO - Current task name:wait_for_csv state:running start_date:2026-09-05 18:14:01.911451+00:00
[2026-09-05T20:14:01.952+0200] {logging_mixin.py:190} INFO - Dag name:mini_riskagent_file_ingestion and current dag run status:running
[2026-09-05T20:14:01.952+0200] {taskinstance.py:732} INFO - ::endgroup::
[2026-09-05T20:14:01.954+0200] {python.py:75} INFO - Poking callable: <function check_for_csv_files at 0x10a326b60>
[2026-09-05T20:14:01.957+0200] {taskinstance.py:310} INFO - Rescheduling task, marking task as UP_FOR_RESCHEDULE
[2026-09-05T20:14:01.957+0200] {taskinstance.py:341} INFO - ::group::Post task execution logs
[2026-09-05T20:14:01.976+0200] {local_task_job_runner.py:266} INFO - Task exited with return code 0
[2026-09-05T20:14:01.982+0200] {taskinstance.py:3901} INFO - 0 downstream tasks scheduled from follow-on schedule check
[2026-09-05T20:14:01.982+0200] {local_task_job_runner.py:245} INFO - ::endgroup::
[2026-09-05T20:14:33.041+0200] {local_task_job_runner.py:123} INFO - ::group::Pre task execution logs
[2026-09-05T20:14:33.044+0200] {taskinstance.py:2614} INFO - Dependencies all met for dep_context=non-requeueable deps ti=<TaskInstance: mini_riskagent_file_ingestion.wait_for_csv scheduled__2026-09-05T18:05:00+00:00 [queued]>
[2026-09-05T20:14:33.045+0200] {taskinstance.py:2614} INFO - Dependencies all met for dep_context=requeueable deps ti=<TaskInstance: mini_riskagent_file_ingestion.wait_for_csv scheduled__2026-09-05T18:05:00+00:00 [queued]>
[2026-09-05T20:14:33.046+0200] {taskinstance.py:2867} INFO - Starting attempt 1 of 2
[2026-09-05T20:14:33.049+0200] {taskinstance.py:2890} INFO - Executing <Task(PythonSensor): wait_for_csv> on 2026-09-05 18:05:00+00:00
[2026-09-05T20:14:33.053+0200] {logging_mixin.py:190} WARNING - /Users/swarnalidatta/Desktop/AutoQueryChatbot/.airflow-venv/lib/python3.12/site-packages/airflow/task/task_runner/standard_task_runner.py:70 DeprecationWarning: This process (pid=43376) is multi-threaded, use of fork() may lead to deadlocks in the child.
[2026-09-05T20:14:33.053+0200] {standard_task_runner.py:72} INFO - Started process 43378 to run task
[2026-09-05T20:14:33.053+0200] {standard_task_runner.py:104} INFO - Running: ['airflow', 'tasks', 'run', 'mini_riskagent_file_ingestion', 'wait_for_csv', 'scheduled__2026-09-05T18:05:00+00:00', '--job-id', '2502', '--raw', '--subdir', 'DAGS_FOLDER/data_ingest_pipeline.py', '--cfg-path', '/var/folders/5p/201rr1sj03g8gksxm9x48mbh0000gn/T/tmp6hidswt3']
[2026-09-05T20:14:33.053+0200] {standard_task_runner.py:105} INFO - Job 2502: Subtask wait_for_csv
[2026-09-05T20:14:33.068+0200] {task_command.py:467} INFO - Running <TaskInstance: mini_riskagent_file_ingestion.wait_for_csv scheduled__2026-09-05T18:05:00+00:00 [running]> on host mac.home
[2026-09-05T20:14:33.085+0200] {taskinstance.py:3134} INFO - Exporting env vars: AIRFLOW_CTX_DAG_OWNER='autoquery' AIRFLOW_CTX_DAG_ID='mini_riskagent_file_ingestion' AIRFLOW_CTX_TASK_ID='wait_for_csv' AIRFLOW_CTX_EXECUTION_DATE='2026-09-05T18:05:00+00:00' AIRFLOW_CTX_TRY_NUMBER='1' AIRFLOW_CTX_DAG_RUN_ID='scheduled__2026-09-05T18:05:00+00:00'
[2026-09-05T20:14:33.085+0200] {logging_mixin.py:190} INFO - Task instance is in running state
[2026-09-05T20:14:33.085+0200] {logging_mixin.py:190} INFO -  Previous state of the Task instance: queued
[2026-09-05T20:14:33.085+0200] {logging_mixin.py:190} INFO - Current task name:wait_for_csv state:running start_date:2026-09-05 18:14:33.044584+00:00
[2026-09-05T20:14:33.086+0200] {logging_mixin.py:190} INFO - Dag name:mini_riskagent_file_ingestion and current dag run status:running
[2026-09-05T20:14:33.086+0200] {taskinstance.py:732} INFO - ::endgroup::
[2026-09-05T20:14:33.087+0200] {python.py:75} INFO - Poking callable: <function check_for_csv_files at 0x10933ab60>
[2026-09-05T20:14:33.090+0200] {taskinstance.py:310} INFO - Rescheduling task, marking task as UP_FOR_RESCHEDULE
[2026-09-05T20:14:33.091+0200] {taskinstance.py:341} INFO - ::group::Post task execution logs
[2026-09-05T20:14:33.109+0200] {local_task_job_runner.py:266} INFO - Task exited with return code 0
[2026-09-05T20:14:33.115+0200] {taskinstance.py:3901} INFO - 0 downstream tasks scheduled from follow-on schedule check
[2026-09-05T20:14:33.116+0200] {local_task_job_runner.py:245} INFO - ::endgroup::
[2026-09-05T20:15:05.918+0200] {local_task_job_runner.py:123} INFO - ::group::Pre task execution logs
[2026-09-05T20:15:05.921+0200] {taskinstance.py:2614} INFO - Dependencies all met for dep_context=non-requeueable deps ti=<TaskInstance: mini_riskagent_file_ingestion.wait_for_csv scheduled__2026-09-05T18:05:00+00:00 [queued]>
[2026-09-05T20:15:05.922+0200] {taskinstance.py:2614} INFO - Dependencies all met for dep_context=requeueable deps ti=<TaskInstance: mini_riskagent_file_ingestion.wait_for_csv scheduled__2026-09-05T18:05:00+00:00 [queued]>
[2026-09-05T20:15:05.923+0200] {taskinstance.py:2867} INFO - Starting attempt 1 of 2
[2026-09-05T20:15:05.926+0200] {taskinstance.py:2890} INFO - Executing <Task(PythonSensor): wait_for_csv> on 2026-09-05 18:05:00+00:00
[2026-09-05T20:15:05.930+0200] {logging_mixin.py:190} WARNING - /Users/swarnalidatta/Desktop/AutoQueryChatbot/.airflow-venv/lib/python3.12/site-packages/airflow/task/task_runner/standard_task_runner.py:70 DeprecationWarning: This process (pid=43669) is multi-threaded, use of fork() may lead to deadlocks in the child.
[2026-09-05T20:15:05.930+0200] {standard_task_runner.py:104} INFO - Running: ['airflow', 'tasks', 'run', 'mini_riskagent_file_ingestion', 'wait_for_csv', 'scheduled__2026-09-05T18:05:00+00:00', '--job-id', '2512', '--raw', '--subdir', 'DAGS_FOLDER/data_ingest_pipeline.py', '--cfg-path', '/var/folders/5p/201rr1sj03g8gksxm9x48mbh0000gn/T/tmpv0pwuuh1']
[2026-09-05T20:15:05.930+0200] {standard_task_runner.py:72} INFO - Started process 43671 to run task
[2026-09-05T20:15:05.930+0200] {standard_task_runner.py:105} INFO - Job 2512: Subtask wait_for_csv
[2026-09-05T20:15:05.944+0200] {task_command.py:467} INFO - Running <TaskInstance: mini_riskagent_file_ingestion.wait_for_csv scheduled__2026-09-05T18:05:00+00:00 [running]> on host mac.home
[2026-09-05T20:15:05.961+0200] {taskinstance.py:3134} INFO - Exporting env vars: AIRFLOW_CTX_DAG_OWNER='autoquery' AIRFLOW_CTX_DAG_ID='mini_riskagent_file_ingestion' AIRFLOW_CTX_TASK_ID='wait_for_csv' AIRFLOW_CTX_EXECUTION_DATE='2026-09-05T18:05:00+00:00' AIRFLOW_CTX_TRY_NUMBER='1' AIRFLOW_CTX_DAG_RUN_ID='scheduled__2026-09-05T18:05:00+00:00'
[2026-09-05T20:15:05.962+0200] {logging_mixin.py:190} INFO - Task instance is in running state
[2026-09-05T20:15:05.962+0200] {logging_mixin.py:190} INFO -  Previous state of the Task instance: queued
[2026-09-05T20:15:05.962+0200] {logging_mixin.py:190} INFO - Current task name:wait_for_csv state:running start_date:2026-09-05 18:15:05.921636+00:00
[2026-09-05T20:15:05.962+0200] {logging_mixin.py:190} INFO - Dag name:mini_riskagent_file_ingestion and current dag run status:running
[2026-09-05T20:15:05.963+0200] {taskinstance.py:732} INFO - ::endgroup::
[2026-09-05T20:15:05.964+0200] {python.py:75} INFO - Poking callable: <function check_for_csv_files at 0x10dc12b60>
[2026-09-05T20:15:05.967+0200] {taskinstance.py:310} INFO - Rescheduling task, marking task as UP_FOR_RESCHEDULE
[2026-09-05T20:15:05.968+0200] {taskinstance.py:341} INFO - ::group::Post task execution logs
[2026-09-05T20:15:05.986+0200] {local_task_job_runner.py:266} INFO - Task exited with return code 0
[2026-09-05T20:15:05.992+0200] {taskinstance.py:3901} INFO - 0 downstream tasks scheduled from follow-on schedule check
[2026-09-05T20:15:05.993+0200] {local_task_job_runner.py:245} INFO - ::endgroup::
[2026-09-05T20:15:37.121+0200] {local_task_job_runner.py:123} INFO - ::group::Pre task execution logs
[2026-09-05T20:15:37.125+0200] {taskinstance.py:2614} INFO - Dependencies all met for dep_context=non-requeueable deps ti=<TaskInstance: mini_riskagent_file_ingestion.wait_for_csv scheduled__2026-09-05T18:05:00+00:00 [queued]>
[2026-09-05T20:15:37.127+0200] {taskinstance.py:2614} INFO - Dependencies all met for dep_context=requeueable deps ti=<TaskInstance: mini_riskagent_file_ingestion.wait_for_csv scheduled__2026-09-05T18:05:00+00:00 [queued]>
[2026-09-05T20:15:37.127+0200] {taskinstance.py:2867} INFO - Starting attempt 1 of 2
[2026-09-05T20:15:37.130+0200] {taskinstance.py:2890} INFO - Executing <Task(PythonSensor): wait_for_csv> on 2026-09-05 18:05:00+00:00
[2026-09-05T20:15:37.135+0200] {logging_mixin.py:190} WARNING - /Users/swarnalidatta/Desktop/AutoQueryChatbot/.airflow-venv/lib/python3.12/site-packages/airflow/task/task_runner/standard_task_runner.py:70 DeprecationWarning: This process (pid=43833) is multi-threaded, use of fork() may lead to deadlocks in the child.
[2026-09-05T20:15:37.135+0200] {standard_task_runner.py:72} INFO - Started process 43839 to run task
[2026-09-05T20:15:37.134+0200] {standard_task_runner.py:104} INFO - Running: ['airflow', 'tasks', 'run', 'mini_riskagent_file_ingestion', 'wait_for_csv', 'scheduled__2026-09-05T18:05:00+00:00', '--job-id', '2522', '--raw', '--subdir', 'DAGS_FOLDER/data_ingest_pipeline.py', '--cfg-path', '/var/folders/5p/201rr1sj03g8gksxm9x48mbh0000gn/T/tmpedipxklw']
[2026-09-05T20:15:37.135+0200] {standard_task_runner.py:105} INFO - Job 2522: Subtask wait_for_csv
[2026-09-05T20:15:37.150+0200] {task_command.py:467} INFO - Running <TaskInstance: mini_riskagent_file_ingestion.wait_for_csv scheduled__2026-09-05T18:05:00+00:00 [running]> on host mac.home
[2026-09-05T20:15:37.171+0200] {taskinstance.py:3134} INFO - Exporting env vars: AIRFLOW_CTX_DAG_OWNER='autoquery' AIRFLOW_CTX_DAG_ID='mini_riskagent_file_ingestion' AIRFLOW_CTX_TASK_ID='wait_for_csv' AIRFLOW_CTX_EXECUTION_DATE='2026-09-05T18:05:00+00:00' AIRFLOW_CTX_TRY_NUMBER='1' AIRFLOW_CTX_DAG_RUN_ID='scheduled__2026-09-05T18:05:00+00:00'
[2026-09-05T20:15:37.171+0200] {logging_mixin.py:190} INFO - Task instance is in running state
[2026-09-05T20:15:37.172+0200] {logging_mixin.py:190} INFO -  Previous state of the Task instance: queued
[2026-09-05T20:15:37.172+0200] {logging_mixin.py:190} INFO - Current task name:wait_for_csv state:running start_date:2026-09-05 18:15:37.125605+00:00
[2026-09-05T20:15:37.172+0200] {logging_mixin.py:190} INFO - Dag name:mini_riskagent_file_ingestion and current dag run status:running
[2026-09-05T20:15:37.172+0200] {taskinstance.py:732} INFO - ::endgroup::
[2026-09-05T20:15:37.174+0200] {python.py:75} INFO - Poking callable: <function check_for_csv_files at 0x108c56b60>
[2026-09-05T20:15:37.177+0200] {taskinstance.py:310} INFO - Rescheduling task, marking task as UP_FOR_RESCHEDULE
[2026-09-05T20:15:37.178+0200] {taskinstance.py:341} INFO - ::group::Post task execution logs
[2026-09-05T20:15:37.191+0200] {local_task_job_runner.py:266} INFO - Task exited with return code 0
[2026-09-05T20:15:37.198+0200] {taskinstance.py:3901} INFO - 0 downstream tasks scheduled from follow-on schedule check
[2026-09-05T20:15:37.199+0200] {local_task_job_runner.py:245} INFO - ::endgroup::
[2026-09-05T20:16:08.968+0200] {local_task_job_runner.py:123} INFO - ::group::Pre task execution logs
[2026-09-05T20:16:08.970+0200] {taskinstance.py:2614} INFO - Dependencies all met for dep_context=non-requeueable deps ti=<TaskInstance: mini_riskagent_file_ingestion.wait_for_csv scheduled__2026-09-05T18:05:00+00:00 [queued]>
[2026-09-05T20:16:08.972+0200] {taskinstance.py:2614} INFO - Dependencies all met for dep_context=requeueable deps ti=<TaskInstance: mini_riskagent_file_ingestion.wait_for_csv scheduled__2026-09-05T18:05:00+00:00 [queued]>
[2026-09-05T20:16:08.972+0200] {taskinstance.py:2867} INFO - Starting attempt 1 of 2
[2026-09-05T20:16:08.975+0200] {taskinstance.py:2890} INFO - Executing <Task(PythonSensor): wait_for_csv> on 2026-09-05 18:05:00+00:00
[2026-09-05T20:16:08.979+0200] {logging_mixin.py:190} WARNING - /Users/swarnalidatta/Desktop/AutoQueryChatbot/.airflow-venv/lib/python3.12/site-packages/airflow/task/task_runner/standard_task_runner.py:70 DeprecationWarning: This process (pid=43936) is multi-threaded, use of fork() may lead to deadlocks in the child.
[2026-09-05T20:16:08.979+0200] {standard_task_runner.py:72} INFO - Started process 43938 to run task
[2026-09-05T20:16:08.979+0200] {standard_task_runner.py:104} INFO - Running: ['airflow', 'tasks', 'run', 'mini_riskagent_file_ingestion', 'wait_for_csv', 'scheduled__2026-09-05T18:05:00+00:00', '--job-id', '2533', '--raw', '--subdir', 'DAGS_FOLDER/data_ingest_pipeline.py', '--cfg-path', '/var/folders/5p/201rr1sj03g8gksxm9x48mbh0000gn/T/tmpax95z314']
[2026-09-05T20:16:08.980+0200] {standard_task_runner.py:105} INFO - Job 2533: Subtask wait_for_csv
[2026-09-05T20:16:08.994+0200] {task_command.py:467} INFO - Running <TaskInstance: mini_riskagent_file_ingestion.wait_for_csv scheduled__2026-09-05T18:05:00+00:00 [running]> on host mac.home
[2026-09-05T20:16:09.011+0200] {taskinstance.py:3134} INFO - Exporting env vars: AIRFLOW_CTX_DAG_OWNER='autoquery' AIRFLOW_CTX_DAG_ID='mini_riskagent_file_ingestion' AIRFLOW_CTX_TASK_ID='wait_for_csv' AIRFLOW_CTX_EXECUTION_DATE='2026-09-05T18:05:00+00:00' AIRFLOW_CTX_TRY_NUMBER='1' AIRFLOW_CTX_DAG_RUN_ID='scheduled__2026-09-05T18:05:00+00:00'
[2026-09-05T20:16:09.011+0200] {logging_mixin.py:190} INFO - Task instance is in running state
[2026-09-05T20:16:09.011+0200] {logging_mixin.py:190} INFO -  Previous state of the Task instance: queued
[2026-09-05T20:16:09.011+0200] {logging_mixin.py:190} INFO - Current task name:wait_for_csv state:running start_date:2026-09-05 18:16:08.970783+00:00
[2026-09-05T20:16:09.012+0200] {logging_mixin.py:190} INFO - Dag name:mini_riskagent_file_ingestion and current dag run status:running
[2026-09-05T20:16:09.012+0200] {taskinstance.py:732} INFO - ::endgroup::
[2026-09-05T20:16:09.013+0200] {python.py:75} INFO - Poking callable: <function check_for_csv_files at 0x1086cab60>
[2026-09-05T20:16:09.016+0200] {taskinstance.py:310} INFO - Rescheduling task, marking task as UP_FOR_RESCHEDULE
[2026-09-05T20:16:09.017+0200] {taskinstance.py:341} INFO - ::group::Post task execution logs
[2026-09-05T20:16:09.035+0200] {local_task_job_runner.py:266} INFO - Task exited with return code 0
[2026-09-05T20:16:09.042+0200] {taskinstance.py:3901} INFO - 0 downstream tasks scheduled from follow-on schedule check
[2026-09-05T20:16:09.042+0200] {local_task_job_runner.py:245} INFO - ::endgroup::
[2026-09-05T20:16:40.463+0200] {local_task_job_runner.py:123} INFO - ::group::Pre task execution logs
[2026-09-05T20:16:40.466+0200] {taskinstance.py:2614} INFO - Dependencies all met for dep_context=non-requeueable deps ti=<TaskInstance: mini_riskagent_file_ingestion.wait_for_csv scheduled__2026-09-05T18:05:00+00:00 [queued]>
[2026-09-05T20:16:40.467+0200] {taskinstance.py:2614} INFO - Dependencies all met for dep_context=requeueable deps ti=<TaskInstance: mini_riskagent_file_ingestion.wait_for_csv scheduled__2026-09-05T18:05:00+00:00 [queued]>
[2026-09-05T20:16:40.467+0200] {taskinstance.py:2867} INFO - Starting attempt 1 of 2
[2026-09-05T20:16:40.471+0200] {taskinstance.py:2890} INFO - Executing <Task(PythonSensor): wait_for_csv> on 2026-09-05 18:05:00+00:00
[2026-09-05T20:16:40.475+0200] {logging_mixin.py:190} WARNING - /Users/swarnalidatta/Desktop/AutoQueryChatbot/.airflow-venv/lib/python3.12/site-packages/airflow/task/task_runner/standard_task_runner.py:70 DeprecationWarning: This process (pid=44659) is multi-threaded, use of fork() may lead to deadlocks in the child.
[2026-09-05T20:16:40.475+0200] {standard_task_runner.py:72} INFO - Started process 44661 to run task
[2026-09-05T20:16:40.475+0200] {standard_task_runner.py:104} INFO - Running: ['airflow', 'tasks', 'run', 'mini_riskagent_file_ingestion', 'wait_for_csv', 'scheduled__2026-09-05T18:05:00+00:00', '--job-id', '2544', '--raw', '--subdir', 'DAGS_FOLDER/data_ingest_pipeline.py', '--cfg-path', '/var/folders/5p/201rr1sj03g8gksxm9x48mbh0000gn/T/tmpfbev0wfm']
[2026-09-05T20:16:40.476+0200] {standard_task_runner.py:105} INFO - Job 2544: Subtask wait_for_csv
[2026-09-05T20:16:40.490+0200] {task_command.py:467} INFO - Running <TaskInstance: mini_riskagent_file_ingestion.wait_for_csv scheduled__2026-09-05T18:05:00+00:00 [running]> on host mac.home
[2026-09-05T20:16:40.506+0200] {taskinstance.py:3134} INFO - Exporting env vars: AIRFLOW_CTX_DAG_OWNER='autoquery' AIRFLOW_CTX_DAG_ID='mini_riskagent_file_ingestion' AIRFLOW_CTX_TASK_ID='wait_for_csv' AIRFLOW_CTX_EXECUTION_DATE='2026-09-05T18:05:00+00:00' AIRFLOW_CTX_TRY_NUMBER='1' AIRFLOW_CTX_DAG_RUN_ID='scheduled__2026-09-05T18:05:00+00:00'
[2026-09-05T20:16:40.507+0200] {logging_mixin.py:190} INFO - Task instance is in running state
[2026-09-05T20:16:40.507+0200] {logging_mixin.py:190} INFO -  Previous state of the Task instance: queued
[2026-09-05T20:16:40.507+0200] {logging_mixin.py:190} INFO - Current task name:wait_for_csv state:running start_date:2026-09-05 18:16:40.466535+00:00
[2026-09-05T20:16:40.507+0200] {logging_mixin.py:190} INFO - Dag name:mini_riskagent_file_ingestion and current dag run status:running
[2026-09-05T20:16:40.508+0200] {taskinstance.py:732} INFO - ::endgroup::
[2026-09-05T20:16:40.509+0200] {python.py:75} INFO - Poking callable: <function check_for_csv_files at 0x10b112b60>
[2026-09-05T20:16:40.512+0200] {taskinstance.py:310} INFO - Rescheduling task, marking task as UP_FOR_RESCHEDULE
[2026-09-05T20:16:40.513+0200] {taskinstance.py:341} INFO - ::group::Post task execution logs
[2026-09-05T20:16:40.531+0200] {local_task_job_runner.py:266} INFO - Task exited with return code 0
[2026-09-05T20:16:40.538+0200] {taskinstance.py:3901} INFO - 0 downstream tasks scheduled from follow-on schedule check
[2026-09-05T20:16:40.538+0200] {local_task_job_runner.py:245} INFO - ::endgroup::
[2026-09-05T20:17:12.526+0200] {local_task_job_runner.py:123} INFO - ::group::Pre task execution logs
[2026-09-05T20:17:12.529+0200] {taskinstance.py:2614} INFO - Dependencies all met for dep_context=non-requeueable deps ti=<TaskInstance: mini_riskagent_file_ingestion.wait_for_csv scheduled__2026-09-05T18:05:00+00:00 [queued]>
[2026-09-05T20:17:12.530+0200] {taskinstance.py:2614} INFO - Dependencies all met for dep_context=requeueable deps ti=<TaskInstance: mini_riskagent_file_ingestion.wait_for_csv scheduled__2026-09-05T18:05:00+00:00 [queued]>
[2026-09-05T20:17:12.530+0200] {taskinstance.py:2867} INFO - Starting attempt 1 of 2
[2026-09-05T20:17:12.533+0200] {taskinstance.py:2890} INFO - Executing <Task(PythonSensor): wait_for_csv> on 2026-09-05 18:05:00+00:00
[2026-09-05T20:17:12.538+0200] {logging_mixin.py:190} WARNING - /Users/swarnalidatta/Desktop/AutoQueryChatbot/.airflow-venv/lib/python3.12/site-packages/airflow/task/task_runner/standard_task_runner.py:70 DeprecationWarning: This process (pid=45213) is multi-threaded, use of fork() may lead to deadlocks in the child.
[2026-09-05T20:17:12.538+0200] {standard_task_runner.py:72} INFO - Started process 45215 to run task
[2026-09-05T20:17:12.537+0200] {standard_task_runner.py:104} INFO - Running: ['airflow', 'tasks', 'run', 'mini_riskagent_file_ingestion', 'wait_for_csv', 'scheduled__2026-09-05T18:05:00+00:00', '--job-id', '2556', '--raw', '--subdir', 'DAGS_FOLDER/data_ingest_pipeline.py', '--cfg-path', '/var/folders/5p/201rr1sj03g8gksxm9x48mbh0000gn/T/tmpa4tvyqh8']
[2026-09-05T20:17:12.538+0200] {standard_task_runner.py:105} INFO - Job 2556: Subtask wait_for_csv
[2026-09-05T20:17:12.551+0200] {task_command.py:467} INFO - Running <TaskInstance: mini_riskagent_file_ingestion.wait_for_csv scheduled__2026-09-05T18:05:00+00:00 [running]> on host mac.home
[2026-09-05T20:17:12.567+0200] {taskinstance.py:3134} INFO - Exporting env vars: AIRFLOW_CTX_DAG_OWNER='autoquery' AIRFLOW_CTX_DAG_ID='mini_riskagent_file_ingestion' AIRFLOW_CTX_TASK_ID='wait_for_csv' AIRFLOW_CTX_EXECUTION_DATE='2026-09-05T18:05:00+00:00' AIRFLOW_CTX_TRY_NUMBER='1' AIRFLOW_CTX_DAG_RUN_ID='scheduled__2026-09-05T18:05:00+00:00'
[2026-09-05T20:17:12.568+0200] {logging_mixin.py:190} INFO - Task instance is in running state
[2026-09-05T20:17:12.568+0200] {logging_mixin.py:190} INFO -  Previous state of the Task instance: queued
[2026-09-05T20:17:12.568+0200] {logging_mixin.py:190} INFO - Current task name:wait_for_csv state:running start_date:2026-09-05 18:17:12.529409+00:00
[2026-09-05T20:17:12.568+0200] {logging_mixin.py:190} INFO - Dag name:mini_riskagent_file_ingestion and current dag run status:running
[2026-09-05T20:17:12.568+0200] {taskinstance.py:732} INFO - ::endgroup::
[2026-09-05T20:17:12.570+0200] {python.py:75} INFO - Poking callable: <function check_for_csv_files at 0x10c9b6b60>
[2026-09-05T20:17:12.573+0200] {taskinstance.py:310} INFO - Rescheduling task, marking task as UP_FOR_RESCHEDULE
[2026-09-05T20:17:12.573+0200] {taskinstance.py:341} INFO - ::group::Post task execution logs
[2026-09-05T20:17:12.593+0200] {local_task_job_runner.py:266} INFO - Task exited with return code 0
[2026-09-05T20:17:12.601+0200] {taskinstance.py:3901} INFO - 0 downstream tasks scheduled from follow-on schedule check
[2026-09-05T20:17:12.601+0200] {local_task_job_runner.py:245} INFO - ::endgroup::
[2026-09-05T20:17:43.837+0200] {local_task_job_runner.py:123} INFO - ::group::Pre task execution logs
[2026-09-05T20:17:43.840+0200] {taskinstance.py:2614} INFO - Dependencies all met for dep_context=non-requeueable deps ti=<TaskInstance: mini_riskagent_file_ingestion.wait_for_csv scheduled__2026-09-05T18:05:00+00:00 [queued]>
[2026-09-05T20:17:43.841+0200] {taskinstance.py:2614} INFO - Dependencies all met for dep_context=requeueable deps ti=<TaskInstance: mini_riskagent_file_ingestion.wait_for_csv scheduled__2026-09-05T18:05:00+00:00 [queued]>
[2026-09-05T20:17:43.842+0200] {taskinstance.py:2867} INFO - Starting attempt 1 of 2
[2026-09-05T20:17:43.845+0200] {taskinstance.py:2890} INFO - Executing <Task(PythonSensor): wait_for_csv> on 2026-09-05 18:05:00+00:00
[2026-09-05T20:17:43.849+0200] {logging_mixin.py:190} WARNING - /Users/swarnalidatta/Desktop/AutoQueryChatbot/.airflow-venv/lib/python3.12/site-packages/airflow/task/task_runner/standard_task_runner.py:70 DeprecationWarning: This process (pid=45318) is multi-threaded, use of fork() may lead to deadlocks in the child.
[2026-09-05T20:17:43.850+0200] {standard_task_runner.py:72} INFO - Started process 45324 to run task
[2026-09-05T20:17:43.849+0200] {standard_task_runner.py:104} INFO - Running: ['airflow', 'tasks', 'run', 'mini_riskagent_file_ingestion', 'wait_for_csv', 'scheduled__2026-09-05T18:05:00+00:00', '--job-id', '2568', '--raw', '--subdir', 'DAGS_FOLDER/data_ingest_pipeline.py', '--cfg-path', '/var/folders/5p/201rr1sj03g8gksxm9x48mbh0000gn/T/tmp4_c_pj1g']
[2026-09-05T20:17:43.850+0200] {standard_task_runner.py:105} INFO - Job 2568: Subtask wait_for_csv
[2026-09-05T20:17:43.864+0200] {task_command.py:467} INFO - Running <TaskInstance: mini_riskagent_file_ingestion.wait_for_csv scheduled__2026-09-05T18:05:00+00:00 [running]> on host mac.home
[2026-09-05T20:17:43.880+0200] {taskinstance.py:3134} INFO - Exporting env vars: AIRFLOW_CTX_DAG_OWNER='autoquery' AIRFLOW_CTX_DAG_ID='mini_riskagent_file_ingestion' AIRFLOW_CTX_TASK_ID='wait_for_csv' AIRFLOW_CTX_EXECUTION_DATE='2026-09-05T18:05:00+00:00' AIRFLOW_CTX_TRY_NUMBER='1' AIRFLOW_CTX_DAG_RUN_ID='scheduled__2026-09-05T18:05:00+00:00'
[2026-09-05T20:17:43.881+0200] {logging_mixin.py:190} INFO - Task instance is in running state
[2026-09-05T20:17:43.881+0200] {logging_mixin.py:190} INFO -  Previous state of the Task instance: queued
[2026-09-05T20:17:43.881+0200] {logging_mixin.py:190} INFO - Current task name:wait_for_csv state:running start_date:2026-09-05 18:17:43.840607+00:00
[2026-09-05T20:17:43.881+0200] {logging_mixin.py:190} INFO - Dag name:mini_riskagent_file_ingestion and current dag run status:running
[2026-09-05T20:17:43.881+0200] {taskinstance.py:732} INFO - ::endgroup::
[2026-09-05T20:17:43.883+0200] {python.py:75} INFO - Poking callable: <function check_for_csv_files at 0x10c126b60>
[2026-09-05T20:17:43.886+0200] {taskinstance.py:310} INFO - Rescheduling task, marking task as UP_FOR_RESCHEDULE
[2026-09-05T20:17:43.886+0200] {taskinstance.py:341} INFO - ::group::Post task execution logs
[2026-09-05T20:17:43.905+0200] {local_task_job_runner.py:266} INFO - Task exited with return code 0
[2026-09-05T20:17:43.911+0200] {taskinstance.py:3901} INFO - 0 downstream tasks scheduled from follow-on schedule check
[2026-09-05T20:17:43.912+0200] {local_task_job_runner.py:245} INFO - ::endgroup::
[2026-09-05T20:18:15.727+0200] {local_task_job_runner.py:123} INFO - ::group::Pre task execution logs
[2026-09-05T20:18:15.730+0200] {taskinstance.py:2614} INFO - Dependencies all met for dep_context=non-requeueable deps ti=<TaskInstance: mini_riskagent_file_ingestion.wait_for_csv scheduled__2026-09-05T18:05:00+00:00 [queued]>
[2026-09-05T20:18:15.731+0200] {taskinstance.py:2614} INFO - Dependencies all met for dep_context=requeueable deps ti=<TaskInstance: mini_riskagent_file_ingestion.wait_for_csv scheduled__2026-09-05T18:05:00+00:00 [queued]>
[2026-09-05T20:18:15.731+0200] {taskinstance.py:2867} INFO - Starting attempt 1 of 2
[2026-09-05T20:18:15.734+0200] {taskinstance.py:2890} INFO - Executing <Task(PythonSensor): wait_for_csv> on 2026-09-05 18:05:00+00:00
[2026-09-05T20:18:15.739+0200] {logging_mixin.py:190} WARNING - /Users/swarnalidatta/Desktop/AutoQueryChatbot/.airflow-venv/lib/python3.12/site-packages/airflow/task/task_runner/standard_task_runner.py:70 DeprecationWarning: This process (pid=45428) is multi-threaded, use of fork() may lead to deadlocks in the child.
[2026-09-05T20:18:15.739+0200] {standard_task_runner.py:72} INFO - Started process 45430 to run task
[2026-09-05T20:18:15.739+0200] {standard_task_runner.py:104} INFO - Running: ['airflow', 'tasks', 'run', 'mini_riskagent_file_ingestion', 'wait_for_csv', 'scheduled__2026-09-05T18:05:00+00:00', '--job-id', '2581', '--raw', '--subdir', 'DAGS_FOLDER/data_ingest_pipeline.py', '--cfg-path', '/var/folders/5p/201rr1sj03g8gksxm9x48mbh0000gn/T/tmpxn9eq12p']
[2026-09-05T20:18:15.740+0200] {standard_task_runner.py:105} INFO - Job 2581: Subtask wait_for_csv
[2026-09-05T20:18:15.754+0200] {task_command.py:467} INFO - Running <TaskInstance: mini_riskagent_file_ingestion.wait_for_csv scheduled__2026-09-05T18:05:00+00:00 [running]> on host mac.home
[2026-09-05T20:18:15.771+0200] {taskinstance.py:3134} INFO - Exporting env vars: AIRFLOW_CTX_DAG_OWNER='autoquery' AIRFLOW_CTX_DAG_ID='mini_riskagent_file_ingestion' AIRFLOW_CTX_TASK_ID='wait_for_csv' AIRFLOW_CTX_EXECUTION_DATE='2026-09-05T18:05:00+00:00' AIRFLOW_CTX_TRY_NUMBER='1' AIRFLOW_CTX_DAG_RUN_ID='scheduled__2026-09-05T18:05:00+00:00'
[2026-09-05T20:18:15.771+0200] {logging_mixin.py:190} INFO - Task instance is in running state
[2026-09-05T20:18:15.771+0200] {logging_mixin.py:190} INFO -  Previous state of the Task instance: queued
[2026-09-05T20:18:15.772+0200] {logging_mixin.py:190} INFO - Current task name:wait_for_csv state:running start_date:2026-09-05 18:18:15.730233+00:00
[2026-09-05T20:18:15.772+0200] {logging_mixin.py:190} INFO - Dag name:mini_riskagent_file_ingestion and current dag run status:running
[2026-09-05T20:18:15.772+0200] {taskinstance.py:732} INFO - ::endgroup::
[2026-09-05T20:18:15.773+0200] {python.py:75} INFO - Poking callable: <function check_for_csv_files at 0x10c196b60>
[2026-09-05T20:18:15.777+0200] {taskinstance.py:310} INFO - Rescheduling task, marking task as UP_FOR_RESCHEDULE
[2026-09-05T20:18:15.777+0200] {taskinstance.py:341} INFO - ::group::Post task execution logs
[2026-09-05T20:18:15.795+0200] {local_task_job_runner.py:266} INFO - Task exited with return code 0
[2026-09-05T20:18:15.802+0200] {taskinstance.py:3901} INFO - 0 downstream tasks scheduled from follow-on schedule check
[2026-09-05T20:18:15.802+0200] {local_task_job_runner.py:245} INFO - ::endgroup::
[2026-09-05T20:18:47.067+0200] {local_task_job_runner.py:123} INFO - ::group::Pre task execution logs
[2026-09-05T20:18:47.069+0200] {taskinstance.py:2614} INFO - Dependencies all met for dep_context=non-requeueable deps ti=<TaskInstance: mini_riskagent_file_ingestion.wait_for_csv scheduled__2026-09-05T18:05:00+00:00 [queued]>
[2026-09-05T20:18:47.071+0200] {taskinstance.py:2614} INFO - Dependencies all met for dep_context=requeueable deps ti=<TaskInstance: mini_riskagent_file_ingestion.wait_for_csv scheduled__2026-09-05T18:05:00+00:00 [queued]>
[2026-09-05T20:18:47.071+0200] {taskinstance.py:2867} INFO - Starting attempt 1 of 2
[2026-09-05T20:18:47.074+0200] {taskinstance.py:2890} INFO - Executing <Task(PythonSensor): wait_for_csv> on 2026-09-05 18:05:00+00:00
[2026-09-05T20:18:47.079+0200] {logging_mixin.py:190} WARNING - /Users/swarnalidatta/Desktop/AutoQueryChatbot/.airflow-venv/lib/python3.12/site-packages/airflow/task/task_runner/standard_task_runner.py:70 DeprecationWarning: This process (pid=45526) is multi-threaded, use of fork() may lead to deadlocks in the child.
[2026-09-05T20:18:47.079+0200] {standard_task_runner.py:72} INFO - Started process 45528 to run task
[2026-09-05T20:18:47.078+0200] {standard_task_runner.py:104} INFO - Running: ['airflow', 'tasks', 'run', 'mini_riskagent_file_ingestion', 'wait_for_csv', 'scheduled__2026-09-05T18:05:00+00:00', '--job-id', '2594', '--raw', '--subdir', 'DAGS_FOLDER/data_ingest_pipeline.py', '--cfg-path', '/var/folders/5p/201rr1sj03g8gksxm9x48mbh0000gn/T/tmpzr_1pes2']
[2026-09-05T20:18:47.079+0200] {standard_task_runner.py:105} INFO - Job 2594: Subtask wait_for_csv
[2026-09-05T20:18:47.094+0200] {task_command.py:467} INFO - Running <TaskInstance: mini_riskagent_file_ingestion.wait_for_csv scheduled__2026-09-05T18:05:00+00:00 [running]> on host mac.home
[2026-09-05T20:18:47.110+0200] {taskinstance.py:3134} INFO - Exporting env vars: AIRFLOW_CTX_DAG_OWNER='autoquery' AIRFLOW_CTX_DAG_ID='mini_riskagent_file_ingestion' AIRFLOW_CTX_TASK_ID='wait_for_csv' AIRFLOW_CTX_EXECUTION_DATE='2026-09-05T18:05:00+00:00' AIRFLOW_CTX_TRY_NUMBER='1' AIRFLOW_CTX_DAG_RUN_ID='scheduled__2026-09-05T18:05:00+00:00'
[2026-09-05T20:18:47.110+0200] {logging_mixin.py:190} INFO - Task instance is in running state
[2026-09-05T20:18:47.110+0200] {logging_mixin.py:190} INFO -  Previous state of the Task instance: queued
[2026-09-05T20:18:47.111+0200] {logging_mixin.py:190} INFO - Current task name:wait_for_csv state:running start_date:2026-09-05 18:18:47.069862+00:00
[2026-09-05T20:18:47.111+0200] {logging_mixin.py:190} INFO - Dag name:mini_riskagent_file_ingestion and current dag run status:running
[2026-09-05T20:18:47.111+0200] {taskinstance.py:732} INFO - ::endgroup::
[2026-09-05T20:18:47.112+0200] {python.py:75} INFO - Poking callable: <function check_for_csv_files at 0x10e026b60>
[2026-09-05T20:18:47.116+0200] {taskinstance.py:310} INFO - Rescheduling task, marking task as UP_FOR_RESCHEDULE
[2026-09-05T20:18:47.116+0200] {taskinstance.py:341} INFO - ::group::Post task execution logs
[2026-09-05T20:18:47.135+0200] {local_task_job_runner.py:266} INFO - Task exited with return code 0
[2026-09-05T20:18:47.141+0200] {taskinstance.py:3901} INFO - 0 downstream tasks scheduled from follow-on schedule check
[2026-09-05T20:18:47.141+0200] {local_task_job_runner.py:245} INFO - ::endgroup::
[2026-09-05T20:19:18.986+0200] {local_task_job_runner.py:123} INFO - ::group::Pre task execution logs
[2026-09-05T20:19:18.989+0200] {taskinstance.py:2614} INFO - Dependencies all met for dep_context=non-requeueable deps ti=<TaskInstance: mini_riskagent_file_ingestion.wait_for_csv scheduled__2026-09-05T18:05:00+00:00 [queued]>
[2026-09-05T20:19:18.991+0200] {taskinstance.py:2614} INFO - Dependencies all met for dep_context=requeueable deps ti=<TaskInstance: mini_riskagent_file_ingestion.wait_for_csv scheduled__2026-09-05T18:05:00+00:00 [queued]>
[2026-09-05T20:19:18.991+0200] {taskinstance.py:2867} INFO - Starting attempt 1 of 2
[2026-09-05T20:19:18.994+0200] {taskinstance.py:2890} INFO - Executing <Task(PythonSensor): wait_for_csv> on 2026-09-05 18:05:00+00:00
[2026-09-05T20:19:18.998+0200] {logging_mixin.py:190} WARNING - /Users/swarnalidatta/Desktop/AutoQueryChatbot/.airflow-venv/lib/python3.12/site-packages/airflow/task/task_runner/standard_task_runner.py:70 DeprecationWarning: This process (pid=45638) is multi-threaded, use of fork() may lead to deadlocks in the child.
[2026-09-05T20:19:18.998+0200] {standard_task_runner.py:104} INFO - Running: ['airflow', 'tasks', 'run', 'mini_riskagent_file_ingestion', 'wait_for_csv', 'scheduled__2026-09-05T18:05:00+00:00', '--job-id', '2608', '--raw', '--subdir', 'DAGS_FOLDER/data_ingest_pipeline.py', '--cfg-path', '/var/folders/5p/201rr1sj03g8gksxm9x48mbh0000gn/T/tmp6sf3wev9']
[2026-09-05T20:19:18.999+0200] {standard_task_runner.py:72} INFO - Started process 45640 to run task
[2026-09-05T20:19:18.999+0200] {standard_task_runner.py:105} INFO - Job 2608: Subtask wait_for_csv
[2026-09-05T20:19:19.013+0200] {task_command.py:467} INFO - Running <TaskInstance: mini_riskagent_file_ingestion.wait_for_csv scheduled__2026-09-05T18:05:00+00:00 [running]> on host mac.home
[2026-09-05T20:19:19.029+0200] {taskinstance.py:3134} INFO - Exporting env vars: AIRFLOW_CTX_DAG_OWNER='autoquery' AIRFLOW_CTX_DAG_ID='mini_riskagent_file_ingestion' AIRFLOW_CTX_TASK_ID='wait_for_csv' AIRFLOW_CTX_EXECUTION_DATE='2026-09-05T18:05:00+00:00' AIRFLOW_CTX_TRY_NUMBER='1' AIRFLOW_CTX_DAG_RUN_ID='scheduled__2026-09-05T18:05:00+00:00'
[2026-09-05T20:19:19.030+0200] {logging_mixin.py:190} INFO - Task instance is in running state
[2026-09-05T20:19:19.030+0200] {logging_mixin.py:190} INFO -  Previous state of the Task instance: queued
[2026-09-05T20:19:19.030+0200] {logging_mixin.py:190} INFO - Current task name:wait_for_csv state:running start_date:2026-09-05 18:19:18.989758+00:00
[2026-09-05T20:19:19.030+0200] {logging_mixin.py:190} INFO - Dag name:mini_riskagent_file_ingestion and current dag run status:running
[2026-09-05T20:19:19.030+0200] {taskinstance.py:732} INFO - ::endgroup::
[2026-09-05T20:19:19.032+0200] {python.py:75} INFO - Poking callable: <function check_for_csv_files at 0x10c88eb60>
[2026-09-05T20:19:19.035+0200] {taskinstance.py:310} INFO - Rescheduling task, marking task as UP_FOR_RESCHEDULE
[2026-09-05T20:19:19.035+0200] {taskinstance.py:341} INFO - ::group::Post task execution logs
[2026-09-05T20:19:19.054+0200] {local_task_job_runner.py:266} INFO - Task exited with return code 0
[2026-09-05T20:19:19.061+0200] {taskinstance.py:3901} INFO - 0 downstream tasks scheduled from follow-on schedule check
[2026-09-05T20:19:19.061+0200] {local_task_job_runner.py:245} INFO - ::endgroup::
[2026-09-05T20:19:51.190+0200] {local_task_job_runner.py:123} INFO - ::group::Pre task execution logs
[2026-09-05T20:19:51.192+0200] {taskinstance.py:2614} INFO - Dependencies all met for dep_context=non-requeueable deps ti=<TaskInstance: mini_riskagent_file_ingestion.wait_for_csv scheduled__2026-09-05T18:05:00+00:00 [queued]>
[2026-09-05T20:19:51.194+0200] {taskinstance.py:2614} INFO - Dependencies all met for dep_context=requeueable deps ti=<TaskInstance: mini_riskagent_file_ingestion.wait_for_csv scheduled__2026-09-05T18:05:00+00:00 [queued]>
[2026-09-05T20:19:51.194+0200] {taskinstance.py:2867} INFO - Starting attempt 1 of 2
[2026-09-05T20:19:51.197+0200] {taskinstance.py:2890} INFO - Executing <Task(PythonSensor): wait_for_csv> on 2026-09-05 18:05:00+00:00
[2026-09-05T20:19:51.202+0200] {logging_mixin.py:190} WARNING - /Users/swarnalidatta/Desktop/AutoQueryChatbot/.airflow-venv/lib/python3.12/site-packages/airflow/task/task_runner/standard_task_runner.py:70 DeprecationWarning: This process (pid=45757) is multi-threaded, use of fork() may lead to deadlocks in the child.
[2026-09-05T20:19:51.202+0200] {standard_task_runner.py:72} INFO - Started process 45759 to run task
[2026-09-05T20:19:51.201+0200] {standard_task_runner.py:104} INFO - Running: ['airflow', 'tasks', 'run', 'mini_riskagent_file_ingestion', 'wait_for_csv', 'scheduled__2026-09-05T18:05:00+00:00', '--job-id', '2622', '--raw', '--subdir', 'DAGS_FOLDER/data_ingest_pipeline.py', '--cfg-path', '/var/folders/5p/201rr1sj03g8gksxm9x48mbh0000gn/T/tmp52tkrhz0']
[2026-09-05T20:19:51.202+0200] {standard_task_runner.py:105} INFO - Job 2622: Subtask wait_for_csv
[2026-09-05T20:19:51.217+0200] {task_command.py:467} INFO - Running <TaskInstance: mini_riskagent_file_ingestion.wait_for_csv scheduled__2026-09-05T18:05:00+00:00 [running]> on host mac.home
[2026-09-05T20:19:51.234+0200] {taskinstance.py:3134} INFO - Exporting env vars: AIRFLOW_CTX_DAG_OWNER='autoquery' AIRFLOW_CTX_DAG_ID='mini_riskagent_file_ingestion' AIRFLOW_CTX_TASK_ID='wait_for_csv' AIRFLOW_CTX_EXECUTION_DATE='2026-09-05T18:05:00+00:00' AIRFLOW_CTX_TRY_NUMBER='1' AIRFLOW_CTX_DAG_RUN_ID='scheduled__2026-09-05T18:05:00+00:00'
[2026-09-05T20:19:51.235+0200] {logging_mixin.py:190} INFO - Task instance is in running state
[2026-09-05T20:19:51.235+0200] {logging_mixin.py:190} INFO -  Previous state of the Task instance: queued
[2026-09-05T20:19:51.235+0200] {logging_mixin.py:190} INFO - Current task name:wait_for_csv state:running start_date:2026-09-05 18:19:51.192958+00:00
[2026-09-05T20:19:51.235+0200] {logging_mixin.py:190} INFO - Dag name:mini_riskagent_file_ingestion and current dag run status:running
[2026-09-05T20:19:51.235+0200] {taskinstance.py:732} INFO - ::endgroup::
[2026-09-05T20:19:51.237+0200] {python.py:75} INFO - Poking callable: <function check_for_csv_files at 0x116e12b60>
[2026-09-05T20:19:51.240+0200] {taskinstance.py:310} INFO - Rescheduling task, marking task as UP_FOR_RESCHEDULE
[2026-09-05T20:19:51.241+0200] {taskinstance.py:341} INFO - ::group::Post task execution logs
[2026-09-05T20:19:51.258+0200] {local_task_job_runner.py:266} INFO - Task exited with return code 0
[2026-09-05T20:19:51.264+0200] {taskinstance.py:3901} INFO - 0 downstream tasks scheduled from follow-on schedule check
[2026-09-05T20:19:51.265+0200] {local_task_job_runner.py:245} INFO - ::endgroup::
[2026-09-05T20:20:23.612+0200] {local_task_job_runner.py:123} INFO - ::group::Pre task execution logs
[2026-09-05T20:20:23.615+0200] {taskinstance.py:2614} INFO - Dependencies all met for dep_context=non-requeueable deps ti=<TaskInstance: mini_riskagent_file_ingestion.wait_for_csv scheduled__2026-09-05T18:05:00+00:00 [queued]>
[2026-09-05T20:20:23.617+0200] {taskinstance.py:2614} INFO - Dependencies all met for dep_context=requeueable deps ti=<TaskInstance: mini_riskagent_file_ingestion.wait_for_csv scheduled__2026-09-05T18:05:00+00:00 [queued]>
[2026-09-05T20:20:23.617+0200] {taskinstance.py:2867} INFO - Starting attempt 1 of 2
[2026-09-05T20:20:23.620+0200] {taskinstance.py:2890} INFO - Executing <Task(PythonSensor): wait_for_csv> on 2026-09-05 18:05:00+00:00
[2026-09-05T20:20:23.624+0200] {logging_mixin.py:190} WARNING - /Users/swarnalidatta/Desktop/AutoQueryChatbot/.airflow-venv/lib/python3.12/site-packages/airflow/task/task_runner/standard_task_runner.py:70 DeprecationWarning: This process (pid=45868) is multi-threaded, use of fork() may lead to deadlocks in the child.
[2026-09-05T20:20:23.624+0200] {standard_task_runner.py:72} INFO - Started process 45870 to run task
[2026-09-05T20:20:23.624+0200] {standard_task_runner.py:104} INFO - Running: ['airflow', 'tasks', 'run', 'mini_riskagent_file_ingestion', 'wait_for_csv', 'scheduled__2026-09-05T18:05:00+00:00', '--job-id', '2637', '--raw', '--subdir', 'DAGS_FOLDER/data_ingest_pipeline.py', '--cfg-path', '/var/folders/5p/201rr1sj03g8gksxm9x48mbh0000gn/T/tmpgpad5_i8']
[2026-09-05T20:20:23.625+0200] {standard_task_runner.py:105} INFO - Job 2637: Subtask wait_for_csv
[2026-09-05T20:20:23.638+0200] {task_command.py:467} INFO - Running <TaskInstance: mini_riskagent_file_ingestion.wait_for_csv scheduled__2026-09-05T18:05:00+00:00 [running]> on host mac.home
[2026-09-05T20:20:23.655+0200] {taskinstance.py:3134} INFO - Exporting env vars: AIRFLOW_CTX_DAG_OWNER='autoquery' AIRFLOW_CTX_DAG_ID='mini_riskagent_file_ingestion' AIRFLOW_CTX_TASK_ID='wait_for_csv' AIRFLOW_CTX_EXECUTION_DATE='2026-09-05T18:05:00+00:00' AIRFLOW_CTX_TRY_NUMBER='1' AIRFLOW_CTX_DAG_RUN_ID='scheduled__2026-09-05T18:05:00+00:00'
[2026-09-05T20:20:23.655+0200] {logging_mixin.py:190} INFO - Task instance is in running state
[2026-09-05T20:20:23.656+0200] {logging_mixin.py:190} INFO -  Previous state of the Task instance: queued
[2026-09-05T20:20:23.656+0200] {logging_mixin.py:190} INFO - Current task name:wait_for_csv state:running start_date:2026-09-05 18:20:23.615710+00:00
[2026-09-05T20:20:23.656+0200] {logging_mixin.py:190} INFO - Dag name:mini_riskagent_file_ingestion and current dag run status:running
[2026-09-05T20:20:23.656+0200] {taskinstance.py:732} INFO - ::endgroup::
[2026-09-05T20:20:23.658+0200] {python.py:75} INFO - Poking callable: <function check_for_csv_files at 0x10a5ceb60>
[2026-09-05T20:20:23.661+0200] {taskinstance.py:310} INFO - Rescheduling task, marking task as UP_FOR_RESCHEDULE
[2026-09-05T20:20:23.661+0200] {taskinstance.py:341} INFO - ::group::Post task execution logs
[2026-09-05T20:20:23.680+0200] {local_task_job_runner.py:266} INFO - Task exited with return code 0
[2026-09-05T20:20:23.686+0200] {taskinstance.py:3901} INFO - 0 downstream tasks scheduled from follow-on schedule check
[2026-09-05T20:20:23.686+0200] {local_task_job_runner.py:245} INFO - ::endgroup::
[2026-09-05T20:20:56.108+0200] {local_task_job_runner.py:123} INFO - ::group::Pre task execution logs
[2026-09-05T20:20:56.111+0200] {taskinstance.py:2614} INFO - Dependencies all met for dep_context=non-requeueable deps ti=<TaskInstance: mini_riskagent_file_ingestion.wait_for_csv scheduled__2026-09-05T18:05:00+00:00 [queued]>
[2026-09-05T20:20:56.112+0200] {taskinstance.py:2614} INFO - Dependencies all met for dep_context=requeueable deps ti=<TaskInstance: mini_riskagent_file_ingestion.wait_for_csv scheduled__2026-09-05T18:05:00+00:00 [queued]>
[2026-09-05T20:20:56.112+0200] {taskinstance.py:2867} INFO - Starting attempt 1 of 2
[2026-09-05T20:20:56.115+0200] {taskinstance.py:2890} INFO - Executing <Task(PythonSensor): wait_for_csv> on 2026-09-05 18:05:00+00:00
[2026-09-05T20:20:56.120+0200] {logging_mixin.py:190} WARNING - /Users/swarnalidatta/Desktop/AutoQueryChatbot/.airflow-venv/lib/python3.12/site-packages/airflow/task/task_runner/standard_task_runner.py:70 DeprecationWarning: This process (pid=45979) is multi-threaded, use of fork() may lead to deadlocks in the child.
[2026-09-05T20:20:56.120+0200] {standard_task_runner.py:72} INFO - Started process 45981 to run task
[2026-09-05T20:20:56.119+0200] {standard_task_runner.py:104} INFO - Running: ['airflow', 'tasks', 'run', 'mini_riskagent_file_ingestion', 'wait_for_csv', 'scheduled__2026-09-05T18:05:00+00:00', '--job-id', '2652', '--raw', '--subdir', 'DAGS_FOLDER/data_ingest_pipeline.py', '--cfg-path', '/var/folders/5p/201rr1sj03g8gksxm9x48mbh0000gn/T/tmpm8u16fot']
[2026-09-05T20:20:56.120+0200] {standard_task_runner.py:105} INFO - Job 2652: Subtask wait_for_csv
[2026-09-05T20:20:56.135+0200] {task_command.py:467} INFO - Running <TaskInstance: mini_riskagent_file_ingestion.wait_for_csv scheduled__2026-09-05T18:05:00+00:00 [running]> on host mac.home
[2026-09-05T20:20:56.152+0200] {taskinstance.py:3134} INFO - Exporting env vars: AIRFLOW_CTX_DAG_OWNER='autoquery' AIRFLOW_CTX_DAG_ID='mini_riskagent_file_ingestion' AIRFLOW_CTX_TASK_ID='wait_for_csv' AIRFLOW_CTX_EXECUTION_DATE='2026-09-05T18:05:00+00:00' AIRFLOW_CTX_TRY_NUMBER='1' AIRFLOW_CTX_DAG_RUN_ID='scheduled__2026-09-05T18:05:00+00:00'
[2026-09-05T20:20:56.152+0200] {logging_mixin.py:190} INFO - Task instance is in running state
[2026-09-05T20:20:56.152+0200] {logging_mixin.py:190} INFO -  Previous state of the Task instance: queued
[2026-09-05T20:20:56.152+0200] {logging_mixin.py:190} INFO - Current task name:wait_for_csv state:running start_date:2026-09-05 18:20:56.111431+00:00
[2026-09-05T20:20:56.153+0200] {logging_mixin.py:190} INFO - Dag name:mini_riskagent_file_ingestion and current dag run status:running
[2026-09-05T20:20:56.153+0200] {taskinstance.py:732} INFO - ::endgroup::
[2026-09-05T20:20:56.154+0200] {python.py:75} INFO - Poking callable: <function check_for_csv_files at 0x10b4dab60>
[2026-09-05T20:20:56.157+0200] {taskinstance.py:310} INFO - Rescheduling task, marking task as UP_FOR_RESCHEDULE
[2026-09-05T20:20:56.158+0200] {taskinstance.py:341} INFO - ::group::Post task execution logs
[2026-09-05T20:20:56.176+0200] {local_task_job_runner.py:266} INFO - Task exited with return code 0
[2026-09-05T20:20:56.182+0200] {taskinstance.py:3901} INFO - 0 downstream tasks scheduled from follow-on schedule check
[2026-09-05T20:20:56.182+0200] {local_task_job_runner.py:245} INFO - ::endgroup::
[2026-09-05T20:21:27.736+0200] {local_task_job_runner.py:123} INFO - ::group::Pre task execution logs
[2026-09-05T20:21:27.739+0200] {taskinstance.py:2614} INFO - Dependencies all met for dep_context=non-requeueable deps ti=<TaskInstance: mini_riskagent_file_ingestion.wait_for_csv scheduled__2026-09-05T18:05:00+00:00 [queued]>
[2026-09-05T20:21:27.740+0200] {taskinstance.py:2614} INFO - Dependencies all met for dep_context=requeueable deps ti=<TaskInstance: mini_riskagent_file_ingestion.wait_for_csv scheduled__2026-09-05T18:05:00+00:00 [queued]>
[2026-09-05T20:21:27.741+0200] {taskinstance.py:2867} INFO - Starting attempt 1 of 2
[2026-09-05T20:21:27.744+0200] {taskinstance.py:2890} INFO - Executing <Task(PythonSensor): wait_for_csv> on 2026-09-05 18:05:00+00:00
[2026-09-05T20:21:27.748+0200] {logging_mixin.py:190} WARNING - /Users/swarnalidatta/Desktop/AutoQueryChatbot/.airflow-venv/lib/python3.12/site-packages/airflow/task/task_runner/standard_task_runner.py:70 DeprecationWarning: This process (pid=46088) is multi-threaded, use of fork() may lead to deadlocks in the child.
[2026-09-05T20:21:27.748+0200] {standard_task_runner.py:72} INFO - Started process 46090 to run task
[2026-09-05T20:21:27.748+0200] {standard_task_runner.py:104} INFO - Running: ['airflow', 'tasks', 'run', 'mini_riskagent_file_ingestion', 'wait_for_csv', 'scheduled__2026-09-05T18:05:00+00:00', '--job-id', '2668', '--raw', '--subdir', 'DAGS_FOLDER/data_ingest_pipeline.py', '--cfg-path', '/var/folders/5p/201rr1sj03g8gksxm9x48mbh0000gn/T/tmpkpnp4wtu']
[2026-09-05T20:21:27.748+0200] {standard_task_runner.py:105} INFO - Job 2668: Subtask wait_for_csv
[2026-09-05T20:21:27.763+0200] {task_command.py:467} INFO - Running <TaskInstance: mini_riskagent_file_ingestion.wait_for_csv scheduled__2026-09-05T18:05:00+00:00 [running]> on host mac.home
[2026-09-05T20:21:27.779+0200] {taskinstance.py:3134} INFO - Exporting env vars: AIRFLOW_CTX_DAG_OWNER='autoquery' AIRFLOW_CTX_DAG_ID='mini_riskagent_file_ingestion' AIRFLOW_CTX_TASK_ID='wait_for_csv' AIRFLOW_CTX_EXECUTION_DATE='2026-09-05T18:05:00+00:00' AIRFLOW_CTX_TRY_NUMBER='1' AIRFLOW_CTX_DAG_RUN_ID='scheduled__2026-09-05T18:05:00+00:00'
[2026-09-05T20:21:27.779+0200] {logging_mixin.py:190} INFO - Task instance is in running state
[2026-09-05T20:21:27.779+0200] {logging_mixin.py:190} INFO -  Previous state of the Task instance: queued
[2026-09-05T20:21:27.780+0200] {logging_mixin.py:190} INFO - Current task name:wait_for_csv state:running start_date:2026-09-05 18:21:27.739625+00:00
[2026-09-05T20:21:27.780+0200] {logging_mixin.py:190} INFO - Dag name:mini_riskagent_file_ingestion and current dag run status:running
[2026-09-05T20:21:27.780+0200] {taskinstance.py:732} INFO - ::endgroup::
[2026-09-05T20:21:27.782+0200] {python.py:75} INFO - Poking callable: <function check_for_csv_files at 0x10d02ab60>
[2026-09-05T20:21:27.785+0200] {taskinstance.py:310} INFO - Rescheduling task, marking task as UP_FOR_RESCHEDULE
[2026-09-05T20:21:27.785+0200] {taskinstance.py:341} INFO - ::group::Post task execution logs
[2026-09-05T20:21:27.804+0200] {local_task_job_runner.py:266} INFO - Task exited with return code 0
[2026-09-05T20:21:27.811+0200] {taskinstance.py:3901} INFO - 0 downstream tasks scheduled from follow-on schedule check
[2026-09-05T20:21:27.811+0200] {local_task_job_runner.py:245} INFO - ::endgroup::
[2026-09-05T20:22:00.503+0200] {local_task_job_runner.py:123} INFO - ::group::Pre task execution logs
[2026-09-05T20:22:00.506+0200] {taskinstance.py:2614} INFO - Dependencies all met for dep_context=non-requeueable deps ti=<TaskInstance: mini_riskagent_file_ingestion.wait_for_csv scheduled__2026-09-05T18:05:00+00:00 [queued]>
[2026-09-05T20:22:00.508+0200] {taskinstance.py:2614} INFO - Dependencies all met for dep_context=requeueable deps ti=<TaskInstance: mini_riskagent_file_ingestion.wait_for_csv scheduled__2026-09-05T18:05:00+00:00 [queued]>
[2026-09-05T20:22:00.508+0200] {taskinstance.py:2867} INFO - Starting attempt 1 of 2
[2026-09-05T20:22:00.511+0200] {taskinstance.py:2890} INFO - Executing <Task(PythonSensor): wait_for_csv> on 2026-09-05 18:05:00+00:00
[2026-09-05T20:22:00.515+0200] {logging_mixin.py:190} WARNING - /Users/swarnalidatta/Desktop/AutoQueryChatbot/.airflow-venv/lib/python3.12/site-packages/airflow/task/task_runner/standard_task_runner.py:70 DeprecationWarning: This process (pid=46200) is multi-threaded, use of fork() may lead to deadlocks in the child.
[2026-09-05T20:22:00.516+0200] {standard_task_runner.py:72} INFO - Started process 46202 to run task
[2026-09-05T20:22:00.515+0200] {standard_task_runner.py:104} INFO - Running: ['airflow', 'tasks', 'run', 'mini_riskagent_file_ingestion', 'wait_for_csv', 'scheduled__2026-09-05T18:05:00+00:00', '--job-id', '2686', '--raw', '--subdir', 'DAGS_FOLDER/data_ingest_pipeline.py', '--cfg-path', '/var/folders/5p/201rr1sj03g8gksxm9x48mbh0000gn/T/tmpl__vwnor']
[2026-09-05T20:22:00.516+0200] {standard_task_runner.py:105} INFO - Job 2686: Subtask wait_for_csv
[2026-09-05T20:22:00.530+0200] {task_command.py:467} INFO - Running <TaskInstance: mini_riskagent_file_ingestion.wait_for_csv scheduled__2026-09-05T18:05:00+00:00 [running]> on host mac.home
[2026-09-05T20:22:00.547+0200] {taskinstance.py:3134} INFO - Exporting env vars: AIRFLOW_CTX_DAG_OWNER='autoquery' AIRFLOW_CTX_DAG_ID='mini_riskagent_file_ingestion' AIRFLOW_CTX_TASK_ID='wait_for_csv' AIRFLOW_CTX_EXECUTION_DATE='2026-09-05T18:05:00+00:00' AIRFLOW_CTX_TRY_NUMBER='1' AIRFLOW_CTX_DAG_RUN_ID='scheduled__2026-09-05T18:05:00+00:00'
[2026-09-05T20:22:00.547+0200] {logging_mixin.py:190} INFO - Task instance is in running state
[2026-09-05T20:22:00.547+0200] {logging_mixin.py:190} INFO -  Previous state of the Task instance: queued
[2026-09-05T20:22:00.547+0200] {logging_mixin.py:190} INFO - Current task name:wait_for_csv state:running start_date:2026-09-05 18:22:00.506751+00:00
[2026-09-05T20:22:00.548+0200] {logging_mixin.py:190} INFO - Dag name:mini_riskagent_file_ingestion and current dag run status:running
[2026-09-05T20:22:00.548+0200] {taskinstance.py:732} INFO - ::endgroup::
[2026-09-05T20:22:00.549+0200] {python.py:75} INFO - Poking callable: <function check_for_csv_files at 0x108a42b60>
[2026-09-05T20:22:00.550+0200] {base.py:339} INFO - Success criteria met. Exiting.
[2026-09-05T20:22:00.551+0200] {taskinstance.py:341} INFO - ::group::Post task execution logs
[2026-09-05T20:22:00.551+0200] {taskinstance.py:353} INFO - Marking task as SUCCESS. dag_id=mini_riskagent_file_ingestion, task_id=wait_for_csv, run_id=scheduled__2026-09-05T18:05:00+00:00, execution_date=20260905T180500, start_date=20260905T182200, end_date=20260905T182200
[2026-09-05T20:22:00.555+0200] {logging_mixin.py:190} INFO - Task instance in success state
[2026-09-05T20:22:00.555+0200] {logging_mixin.py:190} INFO -  Previous state of the Task instance: running
[2026-09-05T20:22:00.555+0200] {logging_mixin.py:190} INFO - Dag name:mini_riskagent_file_ingestion queued_at:2026-09-05 18:06:02.317476+00:00
[2026-09-05T20:22:00.555+0200] {logging_mixin.py:190} INFO - Task hostname:mac.home operator:PythonSensor
[2026-09-05T20:22:00.571+0200] {local_task_job_runner.py:266} INFO - Task exited with return code 0
[2026-09-05T20:22:00.579+0200] {taskinstance.py:3901} INFO - 1 downstream tasks scheduled from follow-on schedule check
[2026-09-05T20:22:00.579+0200] {local_task_job_runner.py:245} INFO - ::endgroup::
