[2026-09-05T14:15:32.237+0200] {processor.py:186} INFO - Started process (PID=3679) to work on /Users/swarnalidatta/Desktop/AutoQueryChatbot/.airflow-venv/lib/python3.12/site-packages/airflow/example_dags/example_dataset_alias.py
[2026-09-05T14:15:32.238+0200] {processor.py:914} INFO - Processing file /Users/swarnalidatta/Desktop/AutoQueryChatbot/.airflow-venv/lib/python3.12/site-packages/airflow/example_dags/example_dataset_alias.py for tasks to queue
[2026-09-05T14:15:32.238+0200] {logging_mixin.py:190} INFO - [2026-09-05T14:15:32.238+0200] {dagbag.py:588} INFO - Filling up the DagBag from /Users/swarnalidatta/Desktop/AutoQueryChatbot/.airflow-venv/lib/python3.12/site-packages/airflow/example_dags/example_dataset_alias.py
[2026-09-05T14:15:32.284+0200] {processor.py:925} INFO - DAG(s) 'dataset_alias_example_alias_consumer', 'dataset_alias_example_alias_producer', 'dataset_s3_bucket_consumer', 'dataset_s3_bucket_producer' retrieved from /Users/swarnalidatta/Desktop/AutoQueryChatbot/.airflow-venv/lib/python3.12/site-packages/airflow/example_dags/example_dataset_alias.py
[2026-09-05T14:15:32.314+0200] {logging_mixin.py:190} INFO - [2026-09-05T14:15:32.314+0200] {override.py:1912} INFO - Created Permission View: can edit on DAG:dataset_alias_example_alias_consumer
[2026-09-05T14:15:32.316+0200] {logging_mixin.py:190} INFO - [2026-09-05T14:15:32.316+0200] {override.py:1912} INFO - Created Permission View: can read on DAG:dataset_alias_example_alias_consumer
[2026-09-05T14:15:32.318+0200] {logging_mixin.py:190} INFO - [2026-09-05T14:15:32.318+0200] {override.py:1912} INFO - Created Permission View: can delete on DAG:dataset_alias_example_alias_consumer
[2026-09-05T14:15:32.320+0200] {logging_mixin.py:190} INFO - [2026-09-05T14:15:32.320+0200] {override.py:1912} INFO - Created Permission View: can create on DAG Run:dataset_alias_example_alias_consumer
[2026-09-05T14:15:32.321+0200] {logging_mixin.py:190} INFO - [2026-09-05T14:15:32.321+0200] {override.py:1912} INFO - Created Permission View: menu access on DAG Run:dataset_alias_example_alias_consumer
[2026-09-05T14:15:32.323+0200] {logging_mixin.py:190} INFO - [2026-09-05T14:15:32.323+0200] {override.py:1912} INFO - Created Permission View: can read on DAG Run:dataset_alias_example_alias_consumer
[2026-09-05T14:15:32.326+0200] {logging_mixin.py:190} INFO - [2026-09-05T14:15:32.325+0200] {override.py:1912} INFO - Created Permission View: can delete on DAG Run:dataset_alias_example_alias_consumer
[2026-09-05T14:15:32.329+0200] {logging_mixin.py:190} INFO - [2026-09-05T14:15:32.329+0200] {override.py:1912} INFO - Created Permission View: can edit on DAG:dataset_alias_example_alias_producer
[2026-09-05T14:15:32.331+0200] {logging_mixin.py:190} INFO - [2026-09-05T14:15:32.331+0200] {override.py:1912} INFO - Created Permission View: can read on DAG:dataset_alias_example_alias_producer
[2026-09-05T14:15:32.332+0200] {logging_mixin.py:190} INFO - [2026-09-05T14:15:32.332+0200] {override.py:1912} INFO - Created Permission View: can delete on DAG:dataset_alias_example_alias_producer
[2026-09-05T14:15:32.333+0200] {logging_mixin.py:190} INFO - [2026-09-05T14:15:32.333+0200] {override.py:1912} INFO - Created Permission View: can create on DAG Run:dataset_alias_example_alias_producer
[2026-09-05T14:15:32.335+0200] {logging_mixin.py:190} INFO - [2026-09-05T14:15:32.334+0200] {override.py:1912} INFO - Created Permission View: menu access on DAG Run:dataset_alias_example_alias_producer
[2026-09-05T14:15:32.336+0200] {logging_mixin.py:190} INFO - [2026-09-05T14:15:32.336+0200] {override.py:1912} INFO - Created Permission View: can read on DAG Run:dataset_alias_example_alias_producer
[2026-09-05T14:15:32.337+0200] {logging_mixin.py:190} INFO - [2026-09-05T14:15:32.337+0200] {override.py:1912} INFO - Created Permission View: can delete on DAG Run:dataset_alias_example_alias_producer
[2026-09-05T14:15:32.340+0200] {logging_mixin.py:190} INFO - [2026-09-05T14:15:32.339+0200] {override.py:1912} INFO - Created Permission View: can edit on DAG:dataset_s3_bucket_consumer
[2026-09-05T14:15:32.341+0200] {logging_mixin.py:190} INFO - [2026-09-05T14:15:32.341+0200] {override.py:1912} INFO - Created Permission View: can read on DAG:dataset_s3_bucket_consumer
[2026-09-05T14:15:32.342+0200] {logging_mixin.py:190} INFO - [2026-09-05T14:15:32.342+0200] {override.py:1912} INFO - Created Permission View: can delete on DAG:dataset_s3_bucket_consumer
[2026-09-05T14:15:32.343+0200] {logging_mixin.py:190} INFO - [2026-09-05T14:15:32.343+0200] {override.py:1912} INFO - Created Permission View: can create on DAG Run:dataset_s3_bucket_consumer
[2026-09-05T14:15:32.345+0200] {logging_mixin.py:190} INFO - [2026-09-05T14:15:32.345+0200] {override.py:1912} INFO - Created Permission View: menu access on DAG Run:dataset_s3_bucket_consumer
[2026-09-05T14:15:32.346+0200] {logging_mixin.py:190} INFO - [2026-09-05T14:15:32.346+0200] {override.py:1912} INFO - Created Permission View: can read on DAG Run:dataset_s3_bucket_consumer
[2026-09-05T14:15:32.347+0200] {logging_mixin.py:190} INFO - [2026-09-05T14:15:32.347+0200] {override.py:1912} INFO - Created Permission View: can delete on DAG Run:dataset_s3_bucket_consumer
[2026-09-05T14:15:32.350+0200] {logging_mixin.py:190} INFO - [2026-09-05T14:15:32.350+0200] {override.py:1912} INFO - Created Permission View: can edit on DAG:dataset_s3_bucket_producer
[2026-09-05T14:15:32.351+0200] {logging_mixin.py:190} INFO - [2026-09-05T14:15:32.351+0200] {override.py:1912} INFO - Created Permission View: can read on DAG:dataset_s3_bucket_producer
[2026-09-05T14:15:32.352+0200] {logging_mixin.py:190} INFO - [2026-09-05T14:15:32.352+0200] {override.py:1912} INFO - Created Permission View: can delete on DAG:dataset_s3_bucket_producer
[2026-09-05T14:15:32.353+0200] {logging_mixin.py:190} INFO - [2026-09-05T14:15:32.353+0200] {override.py:1912} INFO - Created Permission View: can create on DAG Run:dataset_s3_bucket_producer
[2026-09-05T14:15:32.355+0200] {logging_mixin.py:190} INFO - [2026-09-05T14:15:32.355+0200] {override.py:1912} INFO - Created Permission View: menu access on DAG Run:dataset_s3_bucket_producer
[2026-09-05T14:15:32.356+0200] {logging_mixin.py:190} INFO - [2026-09-05T14:15:32.356+0200] {override.py:1912} INFO - Created Permission View: can read on DAG Run:dataset_s3_bucket_producer
[2026-09-05T14:15:32.357+0200] {logging_mixin.py:190} INFO - [2026-09-05T14:15:32.357+0200] {override.py:1912} INFO - Created Permission View: can delete on DAG Run:dataset_s3_bucket_producer
[2026-09-05T14:15:32.357+0200] {logging_mixin.py:190} INFO - [2026-09-05T14:15:32.357+0200] {dag.py:3239} INFO - Sync 4 DAGs
[2026-09-05T14:15:32.382+0200] {logging_mixin.py:190} INFO - [2026-09-05T14:15:32.382+0200] {dag.py:3262} INFO - Creating ORM DAG for dataset_alias_example_alias_consumer
[2026-09-05T14:15:32.383+0200] {logging_mixin.py:190} INFO - [2026-09-05T14:15:32.383+0200] {dag.py:3262} INFO - Creating ORM DAG for dataset_alias_example_alias_producer
[2026-09-05T14:15:32.383+0200] {logging_mixin.py:190} INFO - [2026-09-05T14:15:32.383+0200] {dag.py:3262} INFO - Creating ORM DAG for dataset_s3_bucket_consumer
[2026-09-05T14:15:32.383+0200] {logging_mixin.py:190} INFO - [2026-09-05T14:15:32.383+0200] {dag.py:3262} INFO - Creating ORM DAG for dataset_s3_bucket_producer
[2026-09-05T14:15:32.385+0200] {logging_mixin.py:190} INFO - [2026-09-05T14:15:32.385+0200] {dag.py:4180} INFO - Setting next_dagrun for dataset_alias_example_alias_consumer to None, run_after=None
[2026-09-05T14:15:32.385+0200] {logging_mixin.py:190} INFO - [2026-09-05T14:15:32.385+0200] {dag.py:4180} INFO - Setting next_dagrun for dataset_alias_example_alias_producer to None, run_after=None
[2026-09-05T14:15:32.385+0200] {logging_mixin.py:190} INFO - [2026-09-05T14:15:32.385+0200] {dag.py:4180} INFO - Setting next_dagrun for dataset_s3_bucket_consumer to None, run_after=None
[2026-09-05T14:15:32.385+0200] {logging_mixin.py:190} INFO - [2026-09-05T14:15:32.385+0200] {dag.py:4180} INFO - Setting next_dagrun for dataset_s3_bucket_producer to None, run_after=None
[2026-09-05T14:15:32.536+0200] {processor.py:208} INFO - Processing /Users/swarnalidatta/Desktop/AutoQueryChatbot/.airflow-venv/lib/python3.12/site-packages/airflow/example_dags/example_dataset_alias.py took 0.300 seconds
[2026-09-05T14:17:28.125+0200] {processor.py:186} INFO - Started process (PID=3936) to work on /Users/swarnalidatta/Desktop/AutoQueryChatbot/.airflow-venv/lib/python3.12/site-packages/airflow/example_dags/example_dataset_alias.py
[2026-09-05T14:17:28.125+0200] {processor.py:914} INFO - Processing file /Users/swarnalidatta/Desktop/AutoQueryChatbot/.airflow-venv/lib/python3.12/site-packages/airflow/example_dags/example_dataset_alias.py for tasks to queue
[2026-09-05T14:17:28.126+0200] {logging_mixin.py:190} INFO - [2026-09-05T14:17:28.126+0200] {dagbag.py:588} INFO - Filling up the DagBag from /Users/swarnalidatta/Desktop/AutoQueryChatbot/.airflow-venv/lib/python3.12/site-packages/airflow/example_dags/example_dataset_alias.py
[2026-09-05T14:17:28.171+0200] {processor.py:925} INFO - DAG(s) 'dataset_s3_bucket_consumer', 'dataset_alias_example_alias_consumer', 'dataset_s3_bucket_producer', 'dataset_alias_example_alias_producer' retrieved from /Users/swarnalidatta/Desktop/AutoQueryChatbot/.airflow-venv/lib/python3.12/site-packages/airflow/example_dags/example_dataset_alias.py
[2026-09-05T14:17:28.177+0200] {logging_mixin.py:190} INFO - [2026-09-05T14:17:28.177+0200] {dag.py:3239} INFO - Sync 4 DAGs
[2026-09-05T14:17:28.182+0200] {logging_mixin.py:190} INFO - [2026-09-05T14:17:28.182+0200] {dag.py:4180} INFO - Setting next_dagrun for dataset_alias_example_alias_consumer to None, run_after=None
[2026-09-05T14:17:28.183+0200] {logging_mixin.py:190} INFO - [2026-09-05T14:17:28.183+0200] {dag.py:4180} INFO - Setting next_dagrun for dataset_alias_example_alias_producer to None, run_after=None
[2026-09-05T14:17:28.183+0200] {logging_mixin.py:190} INFO - [2026-09-05T14:17:28.183+0200] {dag.py:4180} INFO - Setting next_dagrun for dataset_s3_bucket_consumer to None, run_after=None
[2026-09-05T14:17:28.183+0200] {logging_mixin.py:190} INFO - [2026-09-05T14:17:28.183+0200] {dag.py:4180} INFO - Setting next_dagrun for dataset_s3_bucket_producer to None, run_after=None
[2026-09-05T14:17:28.189+0200] {processor.py:208} INFO - Processing /Users/swarnalidatta/Desktop/AutoQueryChatbot/.airflow-venv/lib/python3.12/site-packages/airflow/example_dags/example_dataset_alias.py took 0.066 seconds
[2026-09-05T14:19:27.930+0200] {processor.py:186} INFO - Started process (PID=4203) to work on /Users/swarnalidatta/Desktop/AutoQueryChatbot/.airflow-venv/lib/python3.12/site-packages/airflow/example_dags/example_dataset_alias.py
[2026-09-05T14:19:27.931+0200] {processor.py:914} INFO - Processing file /Users/swarnalidatta/Desktop/AutoQueryChatbot/.airflow-venv/lib/python3.12/site-packages/airflow/example_dags/example_dataset_alias.py for tasks to queue
[2026-09-05T14:19:27.931+0200] {logging_mixin.py:190} INFO - [2026-09-05T14:19:27.931+0200] {dagbag.py:588} INFO - Filling up the DagBag from /Users/swarnalidatta/Desktop/AutoQueryChatbot/.airflow-venv/lib/python3.12/site-packages/airflow/example_dags/example_dataset_alias.py
[2026-09-05T14:19:27.976+0200] {processor.py:925} INFO - DAG(s) 'dataset_alias_example_alias_consumer', 'dataset_s3_bucket_producer', 'dataset_alias_example_alias_producer', 'dataset_s3_bucket_consumer' retrieved from /Users/swarnalidatta/Desktop/AutoQueryChatbot/.airflow-venv/lib/python3.12/site-packages/airflow/example_dags/example_dataset_alias.py
[2026-09-05T14:19:27.983+0200] {logging_mixin.py:190} INFO - [2026-09-05T14:19:27.982+0200] {dag.py:3239} INFO - Sync 4 DAGs
[2026-09-05T14:19:27.987+0200] {logging_mixin.py:190} INFO - [2026-09-05T14:19:27.987+0200] {dag.py:4180} INFO - Setting next_dagrun for dataset_alias_example_alias_consumer to None, run_after=None
[2026-09-05T14:19:27.988+0200] {logging_mixin.py:190} INFO - [2026-09-05T14:19:27.988+0200] {dag.py:4180} INFO - Setting next_dagrun for dataset_alias_example_alias_producer to None, run_after=None
[2026-09-05T14:19:27.988+0200] {logging_mixin.py:190} INFO - [2026-09-05T14:19:27.988+0200] {dag.py:4180} INFO - Setting next_dagrun for dataset_s3_bucket_consumer to None, run_after=None
[2026-09-05T14:19:27.988+0200] {logging_mixin.py:190} INFO - [2026-09-05T14:19:27.988+0200] {dag.py:4180} INFO - Setting next_dagrun for dataset_s3_bucket_producer to None, run_after=None
[2026-09-05T14:19:27.994+0200] {processor.py:208} INFO - Processing /Users/swarnalidatta/Desktop/AutoQueryChatbot/.airflow-venv/lib/python3.12/site-packages/airflow/example_dags/example_dataset_alias.py took 0.065 seconds
[2026-09-05T14:21:20.842+0200] {processor.py:186} INFO - Started process (PID=4447) to work on /Users/swarnalidatta/Desktop/AutoQueryChatbot/.airflow-venv/lib/python3.12/site-packages/airflow/example_dags/example_dataset_alias.py
[2026-09-05T14:21:20.842+0200] {processor.py:914} INFO - Processing file /Users/swarnalidatta/Desktop/AutoQueryChatbot/.airflow-venv/lib/python3.12/site-packages/airflow/example_dags/example_dataset_alias.py for tasks to queue
[2026-09-05T14:21:20.843+0200] {logging_mixin.py:190} INFO - [2026-09-05T14:21:20.843+0200] {dagbag.py:588} INFO - Filling up the DagBag from /Users/swarnalidatta/Desktop/AutoQueryChatbot/.airflow-venv/lib/python3.12/site-packages/airflow/example_dags/example_dataset_alias.py
[2026-09-05T14:21:20.889+0200] {processor.py:925} INFO - DAG(s) 'dataset_s3_bucket_consumer', 'dataset_s3_bucket_producer', 'dataset_alias_example_alias_producer', 'dataset_alias_example_alias_consumer' retrieved from /Users/swarnalidatta/Desktop/AutoQueryChatbot/.airflow-venv/lib/python3.12/site-packages/airflow/example_dags/example_dataset_alias.py
[2026-09-05T14:21:20.895+0200] {logging_mixin.py:190} INFO - [2026-09-05T14:21:20.895+0200] {dag.py:3239} INFO - Sync 4 DAGs
[2026-09-05T14:21:20.900+0200] {logging_mixin.py:190} INFO - [2026-09-05T14:21:20.900+0200] {dag.py:4180} INFO - Setting next_dagrun for dataset_alias_example_alias_consumer to None, run_after=None
[2026-09-05T14:21:20.901+0200] {logging_mixin.py:190} INFO - [2026-09-05T14:21:20.901+0200] {dag.py:4180} INFO - Setting next_dagrun for dataset_alias_example_alias_producer to None, run_after=None
[2026-09-05T14:21:20.901+0200] {logging_mixin.py:190} INFO - [2026-09-05T14:21:20.901+0200] {dag.py:4180} INFO - Setting next_dagrun for dataset_s3_bucket_consumer to None, run_after=None
[2026-09-05T14:21:20.901+0200] {logging_mixin.py:190} INFO - [2026-09-05T14:21:20.901+0200] {dag.py:4180} INFO - Setting next_dagrun for dataset_s3_bucket_producer to None, run_after=None
[2026-09-05T14:21:20.907+0200] {processor.py:208} INFO - Processing /Users/swarnalidatta/Desktop/AutoQueryChatbot/.airflow-venv/lib/python3.12/site-packages/airflow/example_dags/example_dataset_alias.py took 0.066 seconds
[2026-09-05T14:23:12.433+0200] {processor.py:186} INFO - Started process (PID=4698) to work on /Users/swarnalidatta/Desktop/AutoQueryChatbot/.airflow-venv/lib/python3.12/site-packages/airflow/example_dags/example_dataset_alias.py
[2026-09-05T14:23:12.434+0200] {processor.py:914} INFO - Processing file /Users/swarnalidatta/Desktop/AutoQueryChatbot/.airflow-venv/lib/python3.12/site-packages/airflow/example_dags/example_dataset_alias.py for tasks to queue
[2026-09-05T14:23:12.434+0200] {logging_mixin.py:190} INFO - [2026-09-05T14:23:12.434+0200] {dagbag.py:588} INFO - Filling up the DagBag from /Users/swarnalidatta/Desktop/AutoQueryChatbot/.airflow-venv/lib/python3.12/site-packages/airflow/example_dags/example_dataset_alias.py
[2026-09-05T14:23:12.479+0200] {processor.py:925} INFO - DAG(s) 'dataset_alias_example_alias_producer', 'dataset_alias_example_alias_consumer', 'dataset_s3_bucket_producer', 'dataset_s3_bucket_consumer' retrieved from /Users/swarnalidatta/Desktop/AutoQueryChatbot/.airflow-venv/lib/python3.12/site-packages/airflow/example_dags/example_dataset_alias.py
[2026-09-05T14:23:12.486+0200] {logging_mixin.py:190} INFO - [2026-09-05T14:23:12.486+0200] {dag.py:3239} INFO - Sync 4 DAGs
[2026-09-05T14:23:12.491+0200] {logging_mixin.py:190} INFO - [2026-09-05T14:23:12.491+0200] {dag.py:4180} INFO - Setting next_dagrun for dataset_alias_example_alias_consumer to None, run_after=None
[2026-09-05T14:23:12.491+0200] {logging_mixin.py:190} INFO - [2026-09-05T14:23:12.491+0200] {dag.py:4180} INFO - Setting next_dagrun for dataset_alias_example_alias_producer to None, run_after=None
[2026-09-05T14:23:12.491+0200] {logging_mixin.py:190} INFO - [2026-09-05T14:23:12.491+0200] {dag.py:4180} INFO - Setting next_dagrun for dataset_s3_bucket_consumer to None, run_after=None
[2026-09-05T14:23:12.492+0200] {logging_mixin.py:190} INFO - [2026-09-05T14:23:12.492+0200] {dag.py:4180} INFO - Setting next_dagrun for dataset_s3_bucket_producer to None, run_after=None
[2026-09-05T14:23:12.497+0200] {processor.py:208} INFO - Processing /Users/swarnalidatta/Desktop/AutoQueryChatbot/.airflow-venv/lib/python3.12/site-packages/airflow/example_dags/example_dataset_alias.py took 0.065 seconds
[2026-09-05T14:26:34.670+0200] {processor.py:186} INFO - Started process (PID=5057) to work on /Users/swarnalidatta/Desktop/AutoQueryChatbot/.airflow-venv/lib/python3.12/site-packages/airflow/example_dags/example_dataset_alias.py
[2026-09-05T14:26:34.670+0200] {processor.py:914} INFO - Processing file /Users/swarnalidatta/Desktop/AutoQueryChatbot/.airflow-venv/lib/python3.12/site-packages/airflow/example_dags/example_dataset_alias.py for tasks to queue
[2026-09-05T14:26:34.671+0200] {logging_mixin.py:190} INFO - [2026-09-05T14:26:34.671+0200] {dagbag.py:588} INFO - Filling up the DagBag from /Users/swarnalidatta/Desktop/AutoQueryChatbot/.airflow-venv/lib/python3.12/site-packages/airflow/example_dags/example_dataset_alias.py
[2026-09-05T14:26:34.716+0200] {processor.py:925} INFO - DAG(s) 'dataset_alias_example_alias_producer', 'dataset_alias_example_alias_consumer', 'dataset_s3_bucket_producer', 'dataset_s3_bucket_consumer' retrieved from /Users/swarnalidatta/Desktop/AutoQueryChatbot/.airflow-venv/lib/python3.12/site-packages/airflow/example_dags/example_dataset_alias.py
[2026-09-05T14:26:34.755+0200] {logging_mixin.py:190} INFO - [2026-09-05T14:26:34.755+0200] {dag.py:3239} INFO - Sync 4 DAGs
[2026-09-05T14:26:34.781+0200] {logging_mixin.py:190} INFO - [2026-09-05T14:26:34.781+0200] {dag.py:4180} INFO - Setting next_dagrun for dataset_alias_example_alias_consumer to None, run_after=None
[2026-09-05T14:26:34.782+0200] {logging_mixin.py:190} INFO - [2026-09-05T14:26:34.782+0200] {dag.py:4180} INFO - Setting next_dagrun for dataset_alias_example_alias_producer to None, run_after=None
[2026-09-05T14:26:34.782+0200] {logging_mixin.py:190} INFO - [2026-09-05T14:26:34.782+0200] {dag.py:4180} INFO - Setting next_dagrun for dataset_s3_bucket_consumer to None, run_after=None
[2026-09-05T14:26:34.782+0200] {logging_mixin.py:190} INFO - [2026-09-05T14:26:34.782+0200] {dag.py:4180} INFO - Setting next_dagrun for dataset_s3_bucket_producer to None, run_after=None
[2026-09-05T14:26:34.788+0200] {processor.py:208} INFO - Processing /Users/swarnalidatta/Desktop/AutoQueryChatbot/.airflow-venv/lib/python3.12/site-packages/airflow/example_dags/example_dataset_alias.py took 0.119 seconds
[2026-09-05T14:28:29.493+0200] {processor.py:186} INFO - Started process (PID=5327) to work on /Users/swarnalidatta/Desktop/AutoQueryChatbot/.airflow-venv/lib/python3.12/site-packages/airflow/example_dags/example_dataset_alias.py
[2026-09-05T14:28:29.493+0200] {processor.py:914} INFO - Processing file /Users/swarnalidatta/Desktop/AutoQueryChatbot/.airflow-venv/lib/python3.12/site-packages/airflow/example_dags/example_dataset_alias.py for tasks to queue
[2026-09-05T14:28:29.494+0200] {logging_mixin.py:190} INFO - [2026-09-05T14:28:29.494+0200] {dagbag.py:588} INFO - Filling up the DagBag from /Users/swarnalidatta/Desktop/AutoQueryChatbot/.airflow-venv/lib/python3.12/site-packages/airflow/example_dags/example_dataset_alias.py
[2026-09-05T14:28:29.539+0200] {processor.py:925} INFO - DAG(s) 'dataset_alias_example_alias_consumer', 'dataset_alias_example_alias_producer', 'dataset_s3_bucket_consumer', 'dataset_s3_bucket_producer' retrieved from /Users/swarnalidatta/Desktop/AutoQueryChatbot/.airflow-venv/lib/python3.12/site-packages/airflow/example_dags/example_dataset_alias.py
[2026-09-05T14:28:29.545+0200] {logging_mixin.py:190} INFO - [2026-09-05T14:28:29.545+0200] {dag.py:3239} INFO - Sync 4 DAGs
[2026-09-05T14:28:29.550+0200] {logging_mixin.py:190} INFO - [2026-09-05T14:28:29.550+0200] {dag.py:4180} INFO - Setting next_dagrun for dataset_alias_example_alias_consumer to None, run_after=None
[2026-09-05T14:28:29.550+0200] {logging_mixin.py:190} INFO - [2026-09-05T14:28:29.550+0200] {dag.py:4180} INFO - Setting next_dagrun for dataset_alias_example_alias_producer to None, run_after=None
[2026-09-05T14:28:29.550+0200] {logging_mixin.py:190} INFO - [2026-09-05T14:28:29.550+0200] {dag.py:4180} INFO - Setting next_dagrun for dataset_s3_bucket_consumer to None, run_after=None
[2026-09-05T14:28:29.551+0200] {logging_mixin.py:190} INFO - [2026-09-05T14:28:29.551+0200] {dag.py:4180} INFO - Setting next_dagrun for dataset_s3_bucket_producer to None, run_after=None
[2026-09-05T14:28:29.556+0200] {processor.py:208} INFO - Processing /Users/swarnalidatta/Desktop/AutoQueryChatbot/.airflow-venv/lib/python3.12/site-packages/airflow/example_dags/example_dataset_alias.py took 0.064 seconds
[2026-09-05T14:30:26.001+0200] {processor.py:186} INFO - Started process (PID=5583) to work on /Users/swarnalidatta/Desktop/AutoQueryChatbot/.airflow-venv/lib/python3.12/site-packages/airflow/example_dags/example_dataset_alias.py
[2026-09-05T14:30:26.001+0200] {processor.py:914} INFO - Processing file /Users/swarnalidatta/Desktop/AutoQueryChatbot/.airflow-venv/lib/python3.12/site-packages/airflow/example_dags/example_dataset_alias.py for tasks to queue
[2026-09-05T14:30:26.001+0200] {logging_mixin.py:190} INFO - [2026-09-05T14:30:26.001+0200] {dagbag.py:588} INFO - Filling up the DagBag from /Users/swarnalidatta/Desktop/AutoQueryChatbot/.airflow-venv/lib/python3.12/site-packages/airflow/example_dags/example_dataset_alias.py
[2026-09-05T14:30:26.046+0200] {processor.py:925} INFO - DAG(s) 'dataset_alias_example_alias_consumer', 'dataset_s3_bucket_producer', 'dataset_alias_example_alias_producer', 'dataset_s3_bucket_consumer' retrieved from /Users/swarnalidatta/Desktop/AutoQueryChatbot/.airflow-venv/lib/python3.12/site-packages/airflow/example_dags/example_dataset_alias.py
[2026-09-05T14:30:26.053+0200] {logging_mixin.py:190} INFO - [2026-09-05T14:30:26.053+0200] {dag.py:3239} INFO - Sync 4 DAGs
[2026-09-05T14:30:26.058+0200] {logging_mixin.py:190} INFO - [2026-09-05T14:30:26.057+0200] {dag.py:4180} INFO - Setting next_dagrun for dataset_alias_example_alias_consumer to None, run_after=None
[2026-09-05T14:30:26.058+0200] {logging_mixin.py:190} INFO - [2026-09-05T14:30:26.058+0200] {dag.py:4180} INFO - Setting next_dagrun for dataset_alias_example_alias_producer to None, run_after=None
[2026-09-05T14:30:26.058+0200] {logging_mixin.py:190} INFO - [2026-09-05T14:30:26.058+0200] {dag.py:4180} INFO - Setting next_dagrun for dataset_s3_bucket_consumer to None, run_after=None
[2026-09-05T14:30:26.059+0200] {logging_mixin.py:190} INFO - [2026-09-05T14:30:26.058+0200] {dag.py:4180} INFO - Setting next_dagrun for dataset_s3_bucket_producer to None, run_after=None
[2026-09-05T14:30:26.064+0200] {processor.py:208} INFO - Processing /Users/swarnalidatta/Desktop/AutoQueryChatbot/.airflow-venv/lib/python3.12/site-packages/airflow/example_dags/example_dataset_alias.py took 0.065 seconds
[2026-09-05T14:32:15.440+0200] {processor.py:186} INFO - Started process (PID=5831) to work on /Users/swarnalidatta/Desktop/AutoQueryChatbot/.airflow-venv/lib/python3.12/site-packages/airflow/example_dags/example_dataset_alias.py
[2026-09-05T14:32:15.440+0200] {processor.py:914} INFO - Processing file /Users/swarnalidatta/Desktop/AutoQueryChatbot/.airflow-venv/lib/python3.12/site-packages/airflow/example_dags/example_dataset_alias.py for tasks to queue
[2026-09-05T14:32:15.441+0200] {logging_mixin.py:190} INFO - [2026-09-05T14:32:15.441+0200] {dagbag.py:588} INFO - Filling up the DagBag from /Users/swarnalidatta/Desktop/AutoQueryChatbot/.airflow-venv/lib/python3.12/site-packages/airflow/example_dags/example_dataset_alias.py
[2026-09-05T14:32:15.486+0200] {processor.py:925} INFO - DAG(s) 'dataset_s3_bucket_consumer', 'dataset_alias_example_alias_consumer', 'dataset_alias_example_alias_producer', 'dataset_s3_bucket_producer' retrieved from /Users/swarnalidatta/Desktop/AutoQueryChatbot/.airflow-venv/lib/python3.12/site-packages/airflow/example_dags/example_dataset_alias.py
[2026-09-05T14:32:15.493+0200] {logging_mixin.py:190} INFO - [2026-09-05T14:32:15.493+0200] {dag.py:3239} INFO - Sync 4 DAGs
[2026-09-05T14:32:15.498+0200] {logging_mixin.py:190} INFO - [2026-09-05T14:32:15.498+0200] {dag.py:4180} INFO - Setting next_dagrun for dataset_alias_example_alias_consumer to None, run_after=None
[2026-09-05T14:32:15.498+0200] {logging_mixin.py:190} INFO - [2026-09-05T14:32:15.498+0200] {dag.py:4180} INFO - Setting next_dagrun for dataset_alias_example_alias_producer to None, run_after=None
[2026-09-05T14:32:15.498+0200] {logging_mixin.py:190} INFO - [2026-09-05T14:32:15.498+0200] {dag.py:4180} INFO - Setting next_dagrun for dataset_s3_bucket_consumer to None, run_after=None
[2026-09-05T14:32:15.499+0200] {logging_mixin.py:190} INFO - [2026-09-05T14:32:15.499+0200] {dag.py:4180} INFO - Setting next_dagrun for dataset_s3_bucket_producer to None, run_after=None
[2026-09-05T14:32:15.504+0200] {processor.py:208} INFO - Processing /Users/swarnalidatta/Desktop/AutoQueryChatbot/.airflow-venv/lib/python3.12/site-packages/airflow/example_dags/example_dataset_alias.py took 0.066 seconds
[2026-09-05T14:34:13.807+0200] {processor.py:186} INFO - Started process (PID=6089) to work on /Users/swarnalidatta/Desktop/AutoQueryChatbot/.airflow-venv/lib/python3.12/site-packages/airflow/example_dags/example_dataset_alias.py
[2026-09-05T14:34:13.808+0200] {processor.py:914} INFO - Processing file /Users/swarnalidatta/Desktop/AutoQueryChatbot/.airflow-venv/lib/python3.12/site-packages/airflow/example_dags/example_dataset_alias.py for tasks to queue
[2026-09-05T14:34:13.808+0200] {logging_mixin.py:190} INFO - [2026-09-05T14:34:13.808+0200] {dagbag.py:588} INFO - Filling up the DagBag from /Users/swarnalidatta/Desktop/AutoQueryChatbot/.airflow-venv/lib/python3.12/site-packages/airflow/example_dags/example_dataset_alias.py
[2026-09-05T14:34:13.854+0200] {processor.py:925} INFO - DAG(s) 'dataset_s3_bucket_producer', 'dataset_alias_example_alias_consumer', 'dataset_s3_bucket_consumer', 'dataset_alias_example_alias_producer' retrieved from /Users/swarnalidatta/Desktop/AutoQueryChatbot/.airflow-venv/lib/python3.12/site-packages/airflow/example_dags/example_dataset_alias.py
[2026-09-05T14:34:13.860+0200] {logging_mixin.py:190} INFO - [2026-09-05T14:34:13.860+0200] {dag.py:3239} INFO - Sync 4 DAGs
[2026-09-05T14:34:13.865+0200] {logging_mixin.py:190} INFO - [2026-09-05T14:34:13.865+0200] {dag.py:4180} INFO - Setting next_dagrun for dataset_alias_example_alias_consumer to None, run_after=None
[2026-09-05T14:34:13.866+0200] {logging_mixin.py:190} INFO - [2026-09-05T14:34:13.866+0200] {dag.py:4180} INFO - Setting next_dagrun for dataset_alias_example_alias_producer to None, run_after=None
[2026-09-05T14:34:13.866+0200] {logging_mixin.py:190} INFO - [2026-09-05T14:34:13.866+0200] {dag.py:4180} INFO - Setting next_dagrun for dataset_s3_bucket_consumer to None, run_after=None
[2026-09-05T14:34:13.866+0200] {logging_mixin.py:190} INFO - [2026-09-05T14:34:13.866+0200] {dag.py:4180} INFO - Setting next_dagrun for dataset_s3_bucket_producer to None, run_after=None
[2026-09-05T14:34:13.872+0200] {processor.py:208} INFO - Processing /Users/swarnalidatta/Desktop/AutoQueryChatbot/.airflow-venv/lib/python3.12/site-packages/airflow/example_dags/example_dataset_alias.py took 0.066 seconds
[2026-09-05T14:36:30.069+0200] {processor.py:186} INFO - Started process (PID=6424) to work on /Users/swarnalidatta/Desktop/AutoQueryChatbot/.airflow-venv/lib/python3.12/site-packages/airflow/example_dags/example_dataset_alias.py
[2026-09-05T14:36:30.070+0200] {processor.py:914} INFO - Processing file /Users/swarnalidatta/Desktop/AutoQueryChatbot/.airflow-venv/lib/python3.12/site-packages/airflow/example_dags/example_dataset_alias.py for tasks to queue
[2026-09-05T14:36:30.070+0200] {logging_mixin.py:190} INFO - [2026-09-05T14:36:30.070+0200] {dagbag.py:588} INFO - Filling up the DagBag from /Users/swarnalidatta/Desktop/AutoQueryChatbot/.airflow-venv/lib/python3.12/site-packages/airflow/example_dags/example_dataset_alias.py
[2026-09-05T14:36:30.115+0200] {processor.py:925} INFO - DAG(s) 'dataset_s3_bucket_producer', 'dataset_alias_example_alias_producer', 'dataset_alias_example_alias_consumer', 'dataset_s3_bucket_consumer' retrieved from /Users/swarnalidatta/Desktop/AutoQueryChatbot/.airflow-venv/lib/python3.12/site-packages/airflow/example_dags/example_dataset_alias.py
[2026-09-05T14:36:30.122+0200] {logging_mixin.py:190} INFO - [2026-09-05T14:36:30.122+0200] {dag.py:3239} INFO - Sync 4 DAGs
[2026-09-05T14:36:30.127+0200] {logging_mixin.py:190} INFO - [2026-09-05T14:36:30.127+0200] {dag.py:4180} INFO - Setting next_dagrun for dataset_alias_example_alias_consumer to None, run_after=None
[2026-09-05T14:36:30.127+0200] {logging_mixin.py:190} INFO - [2026-09-05T14:36:30.127+0200] {dag.py:4180} INFO - Setting next_dagrun for dataset_alias_example_alias_producer to None, run_after=None
[2026-09-05T14:36:30.128+0200] {logging_mixin.py:190} INFO - [2026-09-05T14:36:30.128+0200] {dag.py:4180} INFO - Setting next_dagrun for dataset_s3_bucket_consumer to None, run_after=None
[2026-09-05T14:36:30.128+0200] {logging_mixin.py:190} INFO - [2026-09-05T14:36:30.128+0200] {dag.py:4180} INFO - Setting next_dagrun for dataset_s3_bucket_producer to None, run_after=None
[2026-09-05T14:36:30.134+0200] {processor.py:208} INFO - Processing /Users/swarnalidatta/Desktop/AutoQueryChatbot/.airflow-venv/lib/python3.12/site-packages/airflow/example_dags/example_dataset_alias.py took 0.065 seconds
[2026-09-05T14:38:52.384+0200] {processor.py:186} INFO - Started process (PID=6767) to work on /Users/swarnalidatta/Desktop/AutoQueryChatbot/.airflow-venv/lib/python3.12/site-packages/airflow/example_dags/example_dataset_alias.py
[2026-09-05T14:38:52.384+0200] {processor.py:914} INFO - Processing file /Users/swarnalidatta/Desktop/AutoQueryChatbot/.airflow-venv/lib/python3.12/site-packages/airflow/example_dags/example_dataset_alias.py for tasks to queue
[2026-09-05T14:38:52.384+0200] {logging_mixin.py:190} INFO - [2026-09-05T14:38:52.384+0200] {dagbag.py:588} INFO - Filling up the DagBag from /Users/swarnalidatta/Desktop/AutoQueryChatbot/.airflow-venv/lib/python3.12/site-packages/airflow/example_dags/example_dataset_alias.py
[2026-09-05T14:38:52.430+0200] {processor.py:925} INFO - DAG(s) 'dataset_s3_bucket_consumer', 'dataset_s3_bucket_producer', 'dataset_alias_example_alias_producer', 'dataset_alias_example_alias_consumer' retrieved from /Users/swarnalidatta/Desktop/AutoQueryChatbot/.airflow-venv/lib/python3.12/site-packages/airflow/example_dags/example_dataset_alias.py
[2026-09-05T14:38:52.436+0200] {logging_mixin.py:190} INFO - [2026-09-05T14:38:52.436+0200] {dag.py:3239} INFO - Sync 4 DAGs
[2026-09-05T14:38:52.441+0200] {logging_mixin.py:190} INFO - [2026-09-05T14:38:52.441+0200] {dag.py:4180} INFO - Setting next_dagrun for dataset_alias_example_alias_consumer to None, run_after=None
[2026-09-05T14:38:52.442+0200] {logging_mixin.py:190} INFO - [2026-09-05T14:38:52.442+0200] {dag.py:4180} INFO - Setting next_dagrun for dataset_alias_example_alias_producer to None, run_after=None
[2026-09-05T14:38:52.442+0200] {logging_mixin.py:190} INFO - [2026-09-05T14:38:52.442+0200] {dag.py:4180} INFO - Setting next_dagrun for dataset_s3_bucket_consumer to None, run_after=None
[2026-09-05T14:38:52.442+0200] {logging_mixin.py:190} INFO - [2026-09-05T14:38:52.442+0200] {dag.py:4180} INFO - Setting next_dagrun for dataset_s3_bucket_producer to None, run_after=None
[2026-09-05T14:38:52.448+0200] {processor.py:208} INFO - Processing /Users/swarnalidatta/Desktop/AutoQueryChatbot/.airflow-venv/lib/python3.12/site-packages/airflow/example_dags/example_dataset_alias.py took 0.066 seconds
[2026-09-05T14:40:55.266+0200] {processor.py:186} INFO - Started process (PID=7050) to work on /Users/swarnalidatta/Desktop/AutoQueryChatbot/.airflow-venv/lib/python3.12/site-packages/airflow/example_dags/example_dataset_alias.py
[2026-09-05T14:40:55.266+0200] {processor.py:914} INFO - Processing file /Users/swarnalidatta/Desktop/AutoQueryChatbot/.airflow-venv/lib/python3.12/site-packages/airflow/example_dags/example_dataset_alias.py for tasks to queue
[2026-09-05T14:40:55.267+0200] {logging_mixin.py:190} INFO - [2026-09-05T14:40:55.267+0200] {dagbag.py:588} INFO - Filling up the DagBag from /Users/swarnalidatta/Desktop/AutoQueryChatbot/.airflow-venv/lib/python3.12/site-packages/airflow/example_dags/example_dataset_alias.py
[2026-09-05T14:40:55.312+0200] {processor.py:925} INFO - DAG(s) 'dataset_alias_example_alias_producer', 'dataset_alias_example_alias_consumer', 'dataset_s3_bucket_producer', 'dataset_s3_bucket_consumer' retrieved from /Users/swarnalidatta/Desktop/AutoQueryChatbot/.airflow-venv/lib/python3.12/site-packages/airflow/example_dags/example_dataset_alias.py
[2026-09-05T14:40:55.318+0200] {logging_mixin.py:190} INFO - [2026-09-05T14:40:55.318+0200] {dag.py:3239} INFO - Sync 4 DAGs
[2026-09-05T14:40:55.323+0200] {logging_mixin.py:190} INFO - [2026-09-05T14:40:55.323+0200] {dag.py:4180} INFO - Setting next_dagrun for dataset_alias_example_alias_consumer to None, run_after=None
[2026-09-05T14:40:55.324+0200] {logging_mixin.py:190} INFO - [2026-09-05T14:40:55.324+0200] {dag.py:4180} INFO - Setting next_dagrun for dataset_alias_example_alias_producer to None, run_after=None
[2026-09-05T14:40:55.324+0200] {logging_mixin.py:190} INFO - [2026-09-05T14:40:55.324+0200] {dag.py:4180} INFO - Setting next_dagrun for dataset_s3_bucket_consumer to None, run_after=None
[2026-09-05T14:40:55.324+0200] {logging_mixin.py:190} INFO - [2026-09-05T14:40:55.324+0200] {dag.py:4180} INFO - Setting next_dagrun for dataset_s3_bucket_producer to None, run_after=None
[2026-09-05T14:40:55.331+0200] {processor.py:208} INFO - Processing /Users/swarnalidatta/Desktop/AutoQueryChatbot/.airflow-venv/lib/python3.12/site-packages/airflow/example_dags/example_dataset_alias.py took 0.067 seconds
[2026-09-05T14:43:13.612+0200] {processor.py:186} INFO - Started process (PID=7388) to work on /Users/swarnalidatta/Desktop/AutoQueryChatbot/.airflow-venv/lib/python3.12/site-packages/airflow/example_dags/example_dataset_alias.py
[2026-09-05T14:43:13.613+0200] {processor.py:914} INFO - Processing file /Users/swarnalidatta/Desktop/AutoQueryChatbot/.airflow-venv/lib/python3.12/site-packages/airflow/example_dags/example_dataset_alias.py for tasks to queue
[2026-09-05T14:43:13.613+0200] {logging_mixin.py:190} INFO - [2026-09-05T14:43:13.613+0200] {dagbag.py:588} INFO - Filling up the DagBag from /Users/swarnalidatta/Desktop/AutoQueryChatbot/.airflow-venv/lib/python3.12/site-packages/airflow/example_dags/example_dataset_alias.py
[2026-09-05T14:43:13.659+0200] {processor.py:925} INFO - DAG(s) 'dataset_s3_bucket_consumer', 'dataset_alias_example_alias_consumer', 'dataset_s3_bucket_producer', 'dataset_alias_example_alias_producer' retrieved from /Users/swarnalidatta/Desktop/AutoQueryChatbot/.airflow-venv/lib/python3.12/site-packages/airflow/example_dags/example_dataset_alias.py
[2026-09-05T14:43:13.666+0200] {logging_mixin.py:190} INFO - [2026-09-05T14:43:13.666+0200] {dag.py:3239} INFO - Sync 4 DAGs
[2026-09-05T14:43:13.672+0200] {logging_mixin.py:190} INFO - [2026-09-05T14:43:13.672+0200] {dag.py:4180} INFO - Setting next_dagrun for dataset_alias_example_alias_consumer to None, run_after=None
[2026-09-05T14:43:13.672+0200] {logging_mixin.py:190} INFO - [2026-09-05T14:43:13.672+0200] {dag.py:4180} INFO - Setting next_dagrun for dataset_alias_example_alias_producer to None, run_after=None
[2026-09-05T14:43:13.672+0200] {logging_mixin.py:190} INFO - [2026-09-05T14:43:13.672+0200] {dag.py:4180} INFO - Setting next_dagrun for dataset_s3_bucket_consumer to None, run_after=None
[2026-09-05T14:43:13.673+0200] {logging_mixin.py:190} INFO - [2026-09-05T14:43:13.673+0200] {dag.py:4180} INFO - Setting next_dagrun for dataset_s3_bucket_producer to None, run_after=None
[2026-09-05T14:43:13.679+0200] {processor.py:208} INFO - Processing /Users/swarnalidatta/Desktop/AutoQueryChatbot/.airflow-venv/lib/python3.12/site-packages/airflow/example_dags/example_dataset_alias.py took 0.068 seconds
[2026-09-05T14:46:07.522+0200] {processor.py:186} INFO - Started process (PID=8236) to work on /Users/swarnalidatta/Desktop/AutoQueryChatbot/.airflow-venv/lib/python3.12/site-packages/airflow/example_dags/example_dataset_alias.py
[2026-09-05T14:46:07.522+0200] {processor.py:914} INFO - Processing file /Users/swarnalidatta/Desktop/AutoQueryChatbot/.airflow-venv/lib/python3.12/site-packages/airflow/example_dags/example_dataset_alias.py for tasks to queue
[2026-09-05T14:46:07.523+0200] {logging_mixin.py:190} INFO - [2026-09-05T14:46:07.523+0200] {dagbag.py:588} INFO - Filling up the DagBag from /Users/swarnalidatta/Desktop/AutoQueryChatbot/.airflow-venv/lib/python3.12/site-packages/airflow/example_dags/example_dataset_alias.py
[2026-09-05T14:46:07.569+0200] {processor.py:925} INFO - DAG(s) 'dataset_alias_example_alias_consumer', 'dataset_alias_example_alias_producer', 'dataset_s3_bucket_consumer', 'dataset_s3_bucket_producer' retrieved from /Users/swarnalidatta/Desktop/AutoQueryChatbot/.airflow-venv/lib/python3.12/site-packages/airflow/example_dags/example_dataset_alias.py
[2026-09-05T14:46:07.575+0200] {logging_mixin.py:190} INFO - [2026-09-05T14:46:07.575+0200] {dag.py:3239} INFO - Sync 4 DAGs
[2026-09-05T14:46:07.580+0200] {logging_mixin.py:190} INFO - [2026-09-05T14:46:07.580+0200] {dag.py:4180} INFO - Setting next_dagrun for dataset_alias_example_alias_consumer to None, run_after=None
[2026-09-05T14:46:07.581+0200] {logging_mixin.py:190} INFO - [2026-09-05T14:46:07.581+0200] {dag.py:4180} INFO - Setting next_dagrun for dataset_alias_example_alias_producer to None, run_after=None
[2026-09-05T14:46:07.581+0200] {logging_mixin.py:190} INFO - [2026-09-05T14:46:07.581+0200] {dag.py:4180} INFO - Setting next_dagrun for dataset_s3_bucket_consumer to None, run_after=None
[2026-09-05T14:46:07.581+0200] {logging_mixin.py:190} INFO - [2026-09-05T14:46:07.581+0200] {dag.py:4180} INFO - Setting next_dagrun for dataset_s3_bucket_producer to None, run_after=None
[2026-09-05T14:46:07.587+0200] {processor.py:208} INFO - Processing /Users/swarnalidatta/Desktop/AutoQueryChatbot/.airflow-venv/lib/python3.12/site-packages/airflow/example_dags/example_dataset_alias.py took 0.067 seconds
[2026-09-05T14:48:27.691+0200] {processor.py:186} INFO - Started process (PID=8561) to work on /Users/swarnalidatta/Desktop/AutoQueryChatbot/.airflow-venv/lib/python3.12/site-packages/airflow/example_dags/example_dataset_alias.py
[2026-09-05T14:48:27.691+0200] {processor.py:914} INFO - Processing file /Users/swarnalidatta/Desktop/AutoQueryChatbot/.airflow-venv/lib/python3.12/site-packages/airflow/example_dags/example_dataset_alias.py for tasks to queue
[2026-09-05T14:48:27.691+0200] {logging_mixin.py:190} INFO - [2026-09-05T14:48:27.691+0200] {dagbag.py:588} INFO - Filling up the DagBag from /Users/swarnalidatta/Desktop/AutoQueryChatbot/.airflow-venv/lib/python3.12/site-packages/airflow/example_dags/example_dataset_alias.py
[2026-09-05T14:48:27.737+0200] {processor.py:925} INFO - DAG(s) 'dataset_s3_bucket_consumer', 'dataset_alias_example_alias_consumer', 'dataset_alias_example_alias_producer', 'dataset_s3_bucket_producer' retrieved from /Users/swarnalidatta/Desktop/AutoQueryChatbot/.airflow-venv/lib/python3.12/site-packages/airflow/example_dags/example_dataset_alias.py
[2026-09-05T14:48:27.743+0200] {logging_mixin.py:190} INFO - [2026-09-05T14:48:27.743+0200] {dag.py:3239} INFO - Sync 4 DAGs
[2026-09-05T14:48:27.748+0200] {logging_mixin.py:190} INFO - [2026-09-05T14:48:27.748+0200] {dag.py:4180} INFO - Setting next_dagrun for dataset_alias_example_alias_consumer to None, run_after=None
[2026-09-05T14:48:27.749+0200] {logging_mixin.py:190} INFO - [2026-09-05T14:48:27.749+0200] {dag.py:4180} INFO - Setting next_dagrun for dataset_alias_example_alias_producer to None, run_after=None
[2026-09-05T14:48:27.749+0200] {logging_mixin.py:190} INFO - [2026-09-05T14:48:27.749+0200] {dag.py:4180} INFO - Setting next_dagrun for dataset_s3_bucket_consumer to None, run_after=None
[2026-09-05T14:48:27.749+0200] {logging_mixin.py:190} INFO - [2026-09-05T14:48:27.749+0200] {dag.py:4180} INFO - Setting next_dagrun for dataset_s3_bucket_producer to None, run_after=None
[2026-09-05T14:48:27.755+0200] {processor.py:208} INFO - Processing /Users/swarnalidatta/Desktop/AutoQueryChatbot/.airflow-venv/lib/python3.12/site-packages/airflow/example_dags/example_dataset_alias.py took 0.066 seconds
[2026-09-05T14:50:29.135+0200] {processor.py:186} INFO - Started process (PID=8843) to work on /Users/swarnalidatta/Desktop/AutoQueryChatbot/.airflow-venv/lib/python3.12/site-packages/airflow/example_dags/example_dataset_alias.py
[2026-09-05T14:50:29.135+0200] {processor.py:914} INFO - Processing file /Users/swarnalidatta/Desktop/AutoQueryChatbot/.airflow-venv/lib/python3.12/site-packages/airflow/example_dags/example_dataset_alias.py for tasks to queue
[2026-09-05T14:50:29.135+0200] {logging_mixin.py:190} INFO - [2026-09-05T14:50:29.135+0200] {dagbag.py:588} INFO - Filling up the DagBag from /Users/swarnalidatta/Desktop/AutoQueryChatbot/.airflow-venv/lib/python3.12/site-packages/airflow/example_dags/example_dataset_alias.py
[2026-09-05T14:50:29.182+0200] {processor.py:925} INFO - DAG(s) 'dataset_alias_example_alias_producer', 'dataset_s3_bucket_consumer', 'dataset_s3_bucket_producer', 'dataset_alias_example_alias_consumer' retrieved from /Users/swarnalidatta/Desktop/AutoQueryChatbot/.airflow-venv/lib/python3.12/site-packages/airflow/example_dags/example_dataset_alias.py
[2026-09-05T14:50:29.189+0200] {logging_mixin.py:190} INFO - [2026-09-05T14:50:29.189+0200] {dag.py:3239} INFO - Sync 4 DAGs
[2026-09-05T14:50:29.194+0200] {logging_mixin.py:190} INFO - [2026-09-05T14:50:29.194+0200] {dag.py:4180} INFO - Setting next_dagrun for dataset_alias_example_alias_consumer to None, run_after=None
[2026-09-05T14:50:29.195+0200] {logging_mixin.py:190} INFO - [2026-09-05T14:50:29.195+0200] {dag.py:4180} INFO - Setting next_dagrun for dataset_alias_example_alias_producer to None, run_after=None
[2026-09-05T14:50:29.195+0200] {logging_mixin.py:190} INFO - [2026-09-05T14:50:29.195+0200] {dag.py:4180} INFO - Setting next_dagrun for dataset_s3_bucket_consumer to None, run_after=None
[2026-09-05T14:50:29.195+0200] {logging_mixin.py:190} INFO - [2026-09-05T14:50:29.195+0200] {dag.py:4180} INFO - Setting next_dagrun for dataset_s3_bucket_producer to None, run_after=None
[2026-09-05T14:50:29.201+0200] {processor.py:208} INFO - Processing /Users/swarnalidatta/Desktop/AutoQueryChatbot/.airflow-venv/lib/python3.12/site-packages/airflow/example_dags/example_dataset_alias.py took 0.068 seconds
[2026-09-05T14:52:29.208+0200] {processor.py:186} INFO - Started process (PID=9126) to work on /Users/swarnalidatta/Desktop/AutoQueryChatbot/.airflow-venv/lib/python3.12/site-packages/airflow/example_dags/example_dataset_alias.py
[2026-09-05T14:52:29.209+0200] {processor.py:914} INFO - Processing file /Users/swarnalidatta/Desktop/AutoQueryChatbot/.airflow-venv/lib/python3.12/site-packages/airflow/example_dags/example_dataset_alias.py for tasks to queue
[2026-09-05T14:52:29.209+0200] {logging_mixin.py:190} INFO - [2026-09-05T14:52:29.209+0200] {dagbag.py:588} INFO - Filling up the DagBag from /Users/swarnalidatta/Desktop/AutoQueryChatbot/.airflow-venv/lib/python3.12/site-packages/airflow/example_dags/example_dataset_alias.py
[2026-09-05T14:52:29.256+0200] {processor.py:925} INFO - DAG(s) 'dataset_s3_bucket_producer', 'dataset_alias_example_alias_producer', 'dataset_s3_bucket_consumer', 'dataset_alias_example_alias_consumer' retrieved from /Users/swarnalidatta/Desktop/AutoQueryChatbot/.airflow-venv/lib/python3.12/site-packages/airflow/example_dags/example_dataset_alias.py
[2026-09-05T14:52:29.262+0200] {logging_mixin.py:190} INFO - [2026-09-05T14:52:29.262+0200] {dag.py:3239} INFO - Sync 4 DAGs
[2026-09-05T14:52:29.267+0200] {logging_mixin.py:190} INFO - [2026-09-05T14:52:29.267+0200] {dag.py:4180} INFO - Setting next_dagrun for dataset_alias_example_alias_consumer to None, run_after=None
[2026-09-05T14:52:29.268+0200] {logging_mixin.py:190} INFO - [2026-09-05T14:52:29.268+0200] {dag.py:4180} INFO - Setting next_dagrun for dataset_alias_example_alias_producer to None, run_after=None
[2026-09-05T14:52:29.268+0200] {logging_mixin.py:190} INFO - [2026-09-05T14:52:29.268+0200] {dag.py:4180} INFO - Setting next_dagrun for dataset_s3_bucket_consumer to None, run_after=None
[2026-09-05T14:52:29.268+0200] {logging_mixin.py:190} INFO - [2026-09-05T14:52:29.268+0200] {dag.py:4180} INFO - Setting next_dagrun for dataset_s3_bucket_producer to None, run_after=None
[2026-09-05T14:52:29.275+0200] {processor.py:208} INFO - Processing /Users/swarnalidatta/Desktop/AutoQueryChatbot/.airflow-venv/lib/python3.12/site-packages/airflow/example_dags/example_dataset_alias.py took 0.067 seconds
[2026-09-05T15:28:52.048+0200] {processor.py:186} INFO - Started process (PID=9426) to work on /Users/swarnalidatta/Desktop/AutoQueryChatbot/.airflow-venv/lib/python3.12/site-packages/airflow/example_dags/example_dataset_alias.py
[2026-09-05T15:28:52.049+0200] {processor.py:914} INFO - Processing file /Users/swarnalidatta/Desktop/AutoQueryChatbot/.airflow-venv/lib/python3.12/site-packages/airflow/example_dags/example_dataset_alias.py for tasks to queue
[2026-09-05T15:28:52.049+0200] {logging_mixin.py:190} INFO - [2026-09-05T15:28:52.049+0200] {dagbag.py:588} INFO - Filling up the DagBag from /Users/swarnalidatta/Desktop/AutoQueryChatbot/.airflow-venv/lib/python3.12/site-packages/airflow/example_dags/example_dataset_alias.py
[2026-09-05T15:28:52.092+0200] {processor.py:925} INFO - DAG(s) 'dataset_s3_bucket_consumer', 'dataset_alias_example_alias_consumer', 'dataset_alias_example_alias_producer', 'dataset_s3_bucket_producer' retrieved from /Users/swarnalidatta/Desktop/AutoQueryChatbot/.airflow-venv/lib/python3.12/site-packages/airflow/example_dags/example_dataset_alias.py
[2026-09-05T15:28:52.099+0200] {logging_mixin.py:190} INFO - [2026-09-05T15:28:52.099+0200] {dag.py:3239} INFO - Sync 4 DAGs
[2026-09-05T15:28:52.103+0200] {logging_mixin.py:190} INFO - [2026-09-05T15:28:52.103+0200] {dag.py:4180} INFO - Setting next_dagrun for dataset_alias_example_alias_consumer to None, run_after=None
[2026-09-05T15:28:52.104+0200] {logging_mixin.py:190} INFO - [2026-09-05T15:28:52.104+0200] {dag.py:4180} INFO - Setting next_dagrun for dataset_alias_example_alias_producer to None, run_after=None
[2026-09-05T15:28:52.104+0200] {logging_mixin.py:190} INFO - [2026-09-05T15:28:52.104+0200] {dag.py:4180} INFO - Setting next_dagrun for dataset_s3_bucket_consumer to None, run_after=None
[2026-09-05T15:28:52.104+0200] {logging_mixin.py:190} INFO - [2026-09-05T15:28:52.104+0200] {dag.py:4180} INFO - Setting next_dagrun for dataset_s3_bucket_producer to None, run_after=None
[2026-09-05T15:28:52.109+0200] {processor.py:208} INFO - Processing /Users/swarnalidatta/Desktop/AutoQueryChatbot/.airflow-venv/lib/python3.12/site-packages/airflow/example_dags/example_dataset_alias.py took 0.062 seconds
[2026-09-05T16:26:10.906+0200] {processor.py:186} INFO - Started process (PID=9891) to work on /Users/swarnalidatta/Desktop/AutoQueryChatbot/.airflow-venv/lib/python3.12/site-packages/airflow/example_dags/example_dataset_alias.py
[2026-09-05T16:26:10.907+0200] {processor.py:914} INFO - Processing file /Users/swarnalidatta/Desktop/AutoQueryChatbot/.airflow-venv/lib/python3.12/site-packages/airflow/example_dags/example_dataset_alias.py for tasks to queue
[2026-09-05T16:26:10.907+0200] {logging_mixin.py:190} INFO - [2026-09-05T16:26:10.907+0200] {dagbag.py:588} INFO - Filling up the DagBag from /Users/swarnalidatta/Desktop/AutoQueryChatbot/.airflow-venv/lib/python3.12/site-packages/airflow/example_dags/example_dataset_alias.py
[2026-09-05T16:26:10.957+0200] {processor.py:925} INFO - DAG(s) 'dataset_s3_bucket_consumer', 'dataset_alias_example_alias_producer', 'dataset_s3_bucket_producer', 'dataset_alias_example_alias_consumer' retrieved from /Users/swarnalidatta/Desktop/AutoQueryChatbot/.airflow-venv/lib/python3.12/site-packages/airflow/example_dags/example_dataset_alias.py
[2026-09-05T16:26:10.965+0200] {logging_mixin.py:190} INFO - [2026-09-05T16:26:10.965+0200] {dag.py:3239} INFO - Sync 4 DAGs
[2026-09-05T16:26:10.970+0200] {logging_mixin.py:190} INFO - [2026-09-05T16:26:10.970+0200] {dag.py:4180} INFO - Setting next_dagrun for dataset_alias_example_alias_consumer to None, run_after=None
[2026-09-05T16:26:10.971+0200] {logging_mixin.py:190} INFO - [2026-09-05T16:26:10.971+0200] {dag.py:4180} INFO - Setting next_dagrun for dataset_alias_example_alias_producer to None, run_after=None
[2026-09-05T16:26:10.971+0200] {logging_mixin.py:190} INFO - [2026-09-05T16:26:10.971+0200] {dag.py:4180} INFO - Setting next_dagrun for dataset_s3_bucket_consumer to None, run_after=None
[2026-09-05T16:26:10.971+0200] {logging_mixin.py:190} INFO - [2026-09-05T16:26:10.971+0200] {dag.py:4180} INFO - Setting next_dagrun for dataset_s3_bucket_producer to None, run_after=None
[2026-09-05T16:26:10.978+0200] {processor.py:208} INFO - Processing /Users/swarnalidatta/Desktop/AutoQueryChatbot/.airflow-venv/lib/python3.12/site-packages/airflow/example_dags/example_dataset_alias.py took 0.073 seconds
[2026-09-05T16:28:07.842+0200] {processor.py:186} INFO - Started process (PID=10153) to work on /Users/swarnalidatta/Desktop/AutoQueryChatbot/.airflow-venv/lib/python3.12/site-packages/airflow/example_dags/example_dataset_alias.py
[2026-09-05T16:28:07.843+0200] {processor.py:914} INFO - Processing file /Users/swarnalidatta/Desktop/AutoQueryChatbot/.airflow-venv/lib/python3.12/site-packages/airflow/example_dags/example_dataset_alias.py for tasks to queue
[2026-09-05T16:28:07.843+0200] {logging_mixin.py:190} INFO - [2026-09-05T16:28:07.843+0200] {dagbag.py:588} INFO - Filling up the DagBag from /Users/swarnalidatta/Desktop/AutoQueryChatbot/.airflow-venv/lib/python3.12/site-packages/airflow/example_dags/example_dataset_alias.py
[2026-09-05T16:28:07.887+0200] {processor.py:925} INFO - DAG(s) 'dataset_s3_bucket_producer', 'dataset_s3_bucket_consumer', 'dataset_alias_example_alias_producer', 'dataset_alias_example_alias_consumer' retrieved from /Users/swarnalidatta/Desktop/AutoQueryChatbot/.airflow-venv/lib/python3.12/site-packages/airflow/example_dags/example_dataset_alias.py
[2026-09-05T16:28:07.893+0200] {logging_mixin.py:190} INFO - [2026-09-05T16:28:07.893+0200] {dag.py:3239} INFO - Sync 4 DAGs
[2026-09-05T16:28:07.898+0200] {logging_mixin.py:190} INFO - [2026-09-05T16:28:07.898+0200] {dag.py:4180} INFO - Setting next_dagrun for dataset_alias_example_alias_consumer to None, run_after=None
[2026-09-05T16:28:07.898+0200] {logging_mixin.py:190} INFO - [2026-09-05T16:28:07.898+0200] {dag.py:4180} INFO - Setting next_dagrun for dataset_alias_example_alias_producer to None, run_after=None
[2026-09-05T16:28:07.898+0200] {logging_mixin.py:190} INFO - [2026-09-05T16:28:07.898+0200] {dag.py:4180} INFO - Setting next_dagrun for dataset_s3_bucket_consumer to None, run_after=None
[2026-09-05T16:28:07.899+0200] {logging_mixin.py:190} INFO - [2026-09-05T16:28:07.899+0200] {dag.py:4180} INFO - Setting next_dagrun for dataset_s3_bucket_producer to None, run_after=None
[2026-09-05T16:28:07.904+0200] {processor.py:208} INFO - Processing /Users/swarnalidatta/Desktop/AutoQueryChatbot/.airflow-venv/lib/python3.12/site-packages/airflow/example_dags/example_dataset_alias.py took 0.063 seconds
[2026-09-05T16:30:01.500+0200] {processor.py:186} INFO - Started process (PID=10680) to work on /Users/swarnalidatta/Desktop/AutoQueryChatbot/.airflow-venv/lib/python3.12/site-packages/airflow/example_dags/example_dataset_alias.py
[2026-09-05T16:30:01.500+0200] {processor.py:914} INFO - Processing file /Users/swarnalidatta/Desktop/AutoQueryChatbot/.airflow-venv/lib/python3.12/site-packages/airflow/example_dags/example_dataset_alias.py for tasks to queue
[2026-09-05T16:30:01.501+0200] {logging_mixin.py:190} INFO - [2026-09-05T16:30:01.500+0200] {dagbag.py:588} INFO - Filling up the DagBag from /Users/swarnalidatta/Desktop/AutoQueryChatbot/.airflow-venv/lib/python3.12/site-packages/airflow/example_dags/example_dataset_alias.py
[2026-09-05T16:30:01.547+0200] {processor.py:925} INFO - DAG(s) 'dataset_s3_bucket_consumer', 'dataset_s3_bucket_producer', 'dataset_alias_example_alias_producer', 'dataset_alias_example_alias_consumer' retrieved from /Users/swarnalidatta/Desktop/AutoQueryChatbot/.airflow-venv/lib/python3.12/site-packages/airflow/example_dags/example_dataset_alias.py
[2026-09-05T16:30:01.554+0200] {logging_mixin.py:190} INFO - [2026-09-05T16:30:01.554+0200] {dag.py:3239} INFO - Sync 4 DAGs
[2026-09-05T16:30:01.559+0200] {logging_mixin.py:190} INFO - [2026-09-05T16:30:01.559+0200] {dag.py:4180} INFO - Setting next_dagrun for dataset_alias_example_alias_consumer to None, run_after=None
[2026-09-05T16:30:01.559+0200] {logging_mixin.py:190} INFO - [2026-09-05T16:30:01.559+0200] {dag.py:4180} INFO - Setting next_dagrun for dataset_alias_example_alias_producer to None, run_after=None
[2026-09-05T16:30:01.559+0200] {logging_mixin.py:190} INFO - [2026-09-05T16:30:01.559+0200] {dag.py:4180} INFO - Setting next_dagrun for dataset_s3_bucket_consumer to None, run_after=None
[2026-09-05T16:30:01.560+0200] {logging_mixin.py:190} INFO - [2026-09-05T16:30:01.560+0200] {dag.py:4180} INFO - Setting next_dagrun for dataset_s3_bucket_producer to None, run_after=None
[2026-09-05T16:30:01.566+0200] {processor.py:208} INFO - Processing /Users/swarnalidatta/Desktop/AutoQueryChatbot/.airflow-venv/lib/python3.12/site-packages/airflow/example_dags/example_dataset_alias.py took 0.067 seconds
[2026-09-05T17:24:19.192+0200] {processor.py:186} INFO - Started process (PID=17923) to work on /Users/swarnalidatta/Desktop/AutoQueryChatbot/.airflow-venv/lib/python3.12/site-packages/airflow/example_dags/example_dataset_alias.py
[2026-09-05T17:24:19.194+0200] {processor.py:914} INFO - Processing file /Users/swarnalidatta/Desktop/AutoQueryChatbot/.airflow-venv/lib/python3.12/site-packages/airflow/example_dags/example_dataset_alias.py for tasks to queue
[2026-09-05T17:24:19.194+0200] {logging_mixin.py:190} INFO - [2026-09-05T17:24:19.194+0200] {dagbag.py:588} INFO - Filling up the DagBag from /Users/swarnalidatta/Desktop/AutoQueryChatbot/.airflow-venv/lib/python3.12/site-packages/airflow/example_dags/example_dataset_alias.py
[2026-09-05T17:24:19.240+0200] {processor.py:925} INFO - DAG(s) 'dataset_s3_bucket_producer', 'dataset_alias_example_alias_consumer', 'dataset_alias_example_alias_producer', 'dataset_s3_bucket_consumer' retrieved from /Users/swarnalidatta/Desktop/AutoQueryChatbot/.airflow-venv/lib/python3.12/site-packages/airflow/example_dags/example_dataset_alias.py
[2026-09-05T17:24:19.246+0200] {logging_mixin.py:190} INFO - [2026-09-05T17:24:19.246+0200] {dag.py:3239} INFO - Sync 4 DAGs
[2026-09-05T17:24:19.251+0200] {logging_mixin.py:190} INFO - [2026-09-05T17:24:19.251+0200] {dag.py:4180} INFO - Setting next_dagrun for dataset_alias_example_alias_consumer to None, run_after=None
[2026-09-05T17:24:19.252+0200] {logging_mixin.py:190} INFO - [2026-09-05T17:24:19.252+0200] {dag.py:4180} INFO - Setting next_dagrun for dataset_alias_example_alias_producer to None, run_after=None
[2026-09-05T17:24:19.252+0200] {logging_mixin.py:190} INFO - [2026-09-05T17:24:19.252+0200] {dag.py:4180} INFO - Setting next_dagrun for dataset_s3_bucket_consumer to None, run_after=None
[2026-09-05T17:24:19.252+0200] {logging_mixin.py:190} INFO - [2026-09-05T17:24:19.252+0200] {dag.py:4180} INFO - Setting next_dagrun for dataset_s3_bucket_producer to None, run_after=None
[2026-09-05T17:24:19.258+0200] {processor.py:208} INFO - Processing /Users/swarnalidatta/Desktop/AutoQueryChatbot/.airflow-venv/lib/python3.12/site-packages/airflow/example_dags/example_dataset_alias.py took 0.067 seconds
[2026-09-05T17:26:21.538+0200] {processor.py:186} INFO - Started process (PID=18214) to work on /Users/swarnalidatta/Desktop/AutoQueryChatbot/.airflow-venv/lib/python3.12/site-packages/airflow/example_dags/example_dataset_alias.py
[2026-09-05T17:26:21.538+0200] {processor.py:914} INFO - Processing file /Users/swarnalidatta/Desktop/AutoQueryChatbot/.airflow-venv/lib/python3.12/site-packages/airflow/example_dags/example_dataset_alias.py for tasks to queue
[2026-09-05T17:26:21.539+0200] {logging_mixin.py:190} INFO - [2026-09-05T17:26:21.539+0200] {dagbag.py:588} INFO - Filling up the DagBag from /Users/swarnalidatta/Desktop/AutoQueryChatbot/.airflow-venv/lib/python3.12/site-packages/airflow/example_dags/example_dataset_alias.py
[2026-09-05T17:26:21.585+0200] {processor.py:925} INFO - DAG(s) 'dataset_alias_example_alias_producer', 'dataset_s3_bucket_consumer', 'dataset_alias_example_alias_consumer', 'dataset_s3_bucket_producer' retrieved from /Users/swarnalidatta/Desktop/AutoQueryChatbot/.airflow-venv/lib/python3.12/site-packages/airflow/example_dags/example_dataset_alias.py
[2026-09-05T17:26:21.592+0200] {logging_mixin.py:190} INFO - [2026-09-05T17:26:21.592+0200] {dag.py:3239} INFO - Sync 4 DAGs
[2026-09-05T17:26:21.597+0200] {logging_mixin.py:190} INFO - [2026-09-05T17:26:21.596+0200] {dag.py:4180} INFO - Setting next_dagrun for dataset_alias_example_alias_consumer to None, run_after=None
[2026-09-05T17:26:21.597+0200] {logging_mixin.py:190} INFO - [2026-09-05T17:26:21.597+0200] {dag.py:4180} INFO - Setting next_dagrun for dataset_alias_example_alias_producer to None, run_after=None
[2026-09-05T17:26:21.597+0200] {logging_mixin.py:190} INFO - [2026-09-05T17:26:21.597+0200] {dag.py:4180} INFO - Setting next_dagrun for dataset_s3_bucket_consumer to None, run_after=None
[2026-09-05T17:26:21.598+0200] {logging_mixin.py:190} INFO - [2026-09-05T17:26:21.598+0200] {dag.py:4180} INFO - Setting next_dagrun for dataset_s3_bucket_producer to None, run_after=None
[2026-09-05T17:26:21.604+0200] {processor.py:208} INFO - Processing /Users/swarnalidatta/Desktop/AutoQueryChatbot/.airflow-venv/lib/python3.12/site-packages/airflow/example_dags/example_dataset_alias.py took 0.067 seconds
[2026-09-05T17:37:12.712+0200] {processor.py:186} INFO - Started process (PID=18500) to work on /Users/swarnalidatta/Desktop/AutoQueryChatbot/.airflow-venv/lib/python3.12/site-packages/airflow/example_dags/example_dataset_alias.py
[2026-09-05T17:37:12.712+0200] {processor.py:914} INFO - Processing file /Users/swarnalidatta/Desktop/AutoQueryChatbot/.airflow-venv/lib/python3.12/site-packages/airflow/example_dags/example_dataset_alias.py for tasks to queue
[2026-09-05T17:37:12.713+0200] {logging_mixin.py:190} INFO - [2026-09-05T17:37:12.713+0200] {dagbag.py:588} INFO - Filling up the DagBag from /Users/swarnalidatta/Desktop/AutoQueryChatbot/.airflow-venv/lib/python3.12/site-packages/airflow/example_dags/example_dataset_alias.py
[2026-09-05T17:37:12.759+0200] {processor.py:925} INFO - DAG(s) 'dataset_alias_example_alias_producer', 'dataset_s3_bucket_producer', 'dataset_s3_bucket_consumer', 'dataset_alias_example_alias_consumer' retrieved from /Users/swarnalidatta/Desktop/AutoQueryChatbot/.airflow-venv/lib/python3.12/site-packages/airflow/example_dags/example_dataset_alias.py
[2026-09-05T17:37:12.765+0200] {logging_mixin.py:190} INFO - [2026-09-05T17:37:12.765+0200] {dag.py:3239} INFO - Sync 4 DAGs
[2026-09-05T17:37:12.770+0200] {logging_mixin.py:190} INFO - [2026-09-05T17:37:12.770+0200] {dag.py:4180} INFO - Setting next_dagrun for dataset_alias_example_alias_consumer to None, run_after=None
[2026-09-05T17:37:12.771+0200] {logging_mixin.py:190} INFO - [2026-09-05T17:37:12.771+0200] {dag.py:4180} INFO - Setting next_dagrun for dataset_alias_example_alias_producer to None, run_after=None
[2026-09-05T17:37:12.771+0200] {logging_mixin.py:190} INFO - [2026-09-05T17:37:12.771+0200] {dag.py:4180} INFO - Setting next_dagrun for dataset_s3_bucket_consumer to None, run_after=None
[2026-09-05T17:37:12.771+0200] {logging_mixin.py:190} INFO - [2026-09-05T17:37:12.771+0200] {dag.py:4180} INFO - Setting next_dagrun for dataset_s3_bucket_producer to None, run_after=None
[2026-09-05T17:37:12.777+0200] {processor.py:208} INFO - Processing /Users/swarnalidatta/Desktop/AutoQueryChatbot/.airflow-venv/lib/python3.12/site-packages/airflow/example_dags/example_dataset_alias.py took 0.066 seconds
[2026-09-05T17:39:26.824+0200] {processor.py:186} INFO - Started process (PID=18874) to work on /Users/swarnalidatta/Desktop/AutoQueryChatbot/.airflow-venv/lib/python3.12/site-packages/airflow/example_dags/example_dataset_alias.py
[2026-09-05T17:39:26.824+0200] {processor.py:914} INFO - Processing file /Users/swarnalidatta/Desktop/AutoQueryChatbot/.airflow-venv/lib/python3.12/site-packages/airflow/example_dags/example_dataset_alias.py for tasks to queue
[2026-09-05T17:39:26.825+0200] {logging_mixin.py:190} INFO - [2026-09-05T17:39:26.825+0200] {dagbag.py:588} INFO - Filling up the DagBag from /Users/swarnalidatta/Desktop/AutoQueryChatbot/.airflow-venv/lib/python3.12/site-packages/airflow/example_dags/example_dataset_alias.py
[2026-09-05T17:39:26.870+0200] {processor.py:925} INFO - DAG(s) 'dataset_alias_example_alias_producer', 'dataset_s3_bucket_consumer', 'dataset_s3_bucket_producer', 'dataset_alias_example_alias_consumer' retrieved from /Users/swarnalidatta/Desktop/AutoQueryChatbot/.airflow-venv/lib/python3.12/site-packages/airflow/example_dags/example_dataset_alias.py
[2026-09-05T17:39:26.877+0200] {logging_mixin.py:190} INFO - [2026-09-05T17:39:26.877+0200] {dag.py:3239} INFO - Sync 4 DAGs
[2026-09-05T17:39:26.882+0200] {logging_mixin.py:190} INFO - [2026-09-05T17:39:26.882+0200] {dag.py:4180} INFO - Setting next_dagrun for dataset_alias_example_alias_consumer to None, run_after=None
[2026-09-05T17:39:26.882+0200] {logging_mixin.py:190} INFO - [2026-09-05T17:39:26.882+0200] {dag.py:4180} INFO - Setting next_dagrun for dataset_alias_example_alias_producer to None, run_after=None
[2026-09-05T17:39:26.883+0200] {logging_mixin.py:190} INFO - [2026-09-05T17:39:26.883+0200] {dag.py:4180} INFO - Setting next_dagrun for dataset_s3_bucket_consumer to None, run_after=None
[2026-09-05T17:39:26.883+0200] {logging_mixin.py:190} INFO - [2026-09-05T17:39:26.883+0200] {dag.py:4180} INFO - Setting next_dagrun for dataset_s3_bucket_producer to None, run_after=None
[2026-09-05T17:39:26.889+0200] {processor.py:208} INFO - Processing /Users/swarnalidatta/Desktop/AutoQueryChatbot/.airflow-venv/lib/python3.12/site-packages/airflow/example_dags/example_dataset_alias.py took 0.066 seconds
[2026-09-05T17:41:50.296+0200] {processor.py:186} INFO - Started process (PID=19516) to work on /Users/swarnalidatta/Desktop/AutoQueryChatbot/.airflow-venv/lib/python3.12/site-packages/airflow/example_dags/example_dataset_alias.py
[2026-09-05T17:41:50.297+0200] {processor.py:914} INFO - Processing file /Users/swarnalidatta/Desktop/AutoQueryChatbot/.airflow-venv/lib/python3.12/site-packages/airflow/example_dags/example_dataset_alias.py for tasks to queue
[2026-09-05T17:41:50.297+0200] {logging_mixin.py:190} INFO - [2026-09-05T17:41:50.297+0200] {dagbag.py:588} INFO - Filling up the DagBag from /Users/swarnalidatta/Desktop/AutoQueryChatbot/.airflow-venv/lib/python3.12/site-packages/airflow/example_dags/example_dataset_alias.py
[2026-09-05T17:41:50.345+0200] {processor.py:925} INFO - DAG(s) 'dataset_alias_example_alias_producer', 'dataset_s3_bucket_producer', 'dataset_s3_bucket_consumer', 'dataset_alias_example_alias_consumer' retrieved from /Users/swarnalidatta/Desktop/AutoQueryChatbot/.airflow-venv/lib/python3.12/site-packages/airflow/example_dags/example_dataset_alias.py
[2026-09-05T17:41:50.351+0200] {logging_mixin.py:190} INFO - [2026-09-05T17:41:50.351+0200] {dag.py:3239} INFO - Sync 4 DAGs
[2026-09-05T17:41:50.356+0200] {logging_mixin.py:190} INFO - [2026-09-05T17:41:50.356+0200] {dag.py:4180} INFO - Setting next_dagrun for dataset_alias_example_alias_consumer to None, run_after=None
[2026-09-05T17:41:50.357+0200] {logging_mixin.py:190} INFO - [2026-09-05T17:41:50.357+0200] {dag.py:4180} INFO - Setting next_dagrun for dataset_alias_example_alias_producer to None, run_after=None
[2026-09-05T17:41:50.357+0200] {logging_mixin.py:190} INFO - [2026-09-05T17:41:50.357+0200] {dag.py:4180} INFO - Setting next_dagrun for dataset_s3_bucket_consumer to None, run_after=None
[2026-09-05T17:41:50.357+0200] {logging_mixin.py:190} INFO - [2026-09-05T17:41:50.357+0200] {dag.py:4180} INFO - Setting next_dagrun for dataset_s3_bucket_producer to None, run_after=None
[2026-09-05T17:41:50.363+0200] {processor.py:208} INFO - Processing /Users/swarnalidatta/Desktop/AutoQueryChatbot/.airflow-venv/lib/python3.12/site-packages/airflow/example_dags/example_dataset_alias.py took 0.068 seconds
[2026-09-05T17:44:55.969+0200] {processor.py:186} INFO - Started process (PID=20036) to work on /Users/swarnalidatta/Desktop/AutoQueryChatbot/.airflow-venv/lib/python3.12/site-packages/airflow/example_dags/example_dataset_alias.py
[2026-09-05T17:44:55.969+0200] {processor.py:914} INFO - Processing file /Users/swarnalidatta/Desktop/AutoQueryChatbot/.airflow-venv/lib/python3.12/site-packages/airflow/example_dags/example_dataset_alias.py for tasks to queue
[2026-09-05T17:44:55.969+0200] {logging_mixin.py:190} INFO - [2026-09-05T17:44:55.969+0200] {dagbag.py:588} INFO - Filling up the DagBag from /Users/swarnalidatta/Desktop/AutoQueryChatbot/.airflow-venv/lib/python3.12/site-packages/airflow/example_dags/example_dataset_alias.py
[2026-09-05T17:44:56.016+0200] {processor.py:925} INFO - DAG(s) 'dataset_alias_example_alias_producer', 'dataset_s3_bucket_consumer', 'dataset_s3_bucket_producer', 'dataset_alias_example_alias_consumer' retrieved from /Users/swarnalidatta/Desktop/AutoQueryChatbot/.airflow-venv/lib/python3.12/site-packages/airflow/example_dags/example_dataset_alias.py
[2026-09-05T17:44:56.022+0200] {logging_mixin.py:190} INFO - [2026-09-05T17:44:56.022+0200] {dag.py:3239} INFO - Sync 4 DAGs
[2026-09-05T17:44:56.027+0200] {logging_mixin.py:190} INFO - [2026-09-05T17:44:56.027+0200] {dag.py:4180} INFO - Setting next_dagrun for dataset_alias_example_alias_consumer to None, run_after=None
[2026-09-05T17:44:56.028+0200] {logging_mixin.py:190} INFO - [2026-09-05T17:44:56.028+0200] {dag.py:4180} INFO - Setting next_dagrun for dataset_alias_example_alias_producer to None, run_after=None
[2026-09-05T17:44:56.028+0200] {logging_mixin.py:190} INFO - [2026-09-05T17:44:56.028+0200] {dag.py:4180} INFO - Setting next_dagrun for dataset_s3_bucket_consumer to None, run_after=None
[2026-09-05T17:44:56.028+0200] {logging_mixin.py:190} INFO - [2026-09-05T17:44:56.028+0200] {dag.py:4180} INFO - Setting next_dagrun for dataset_s3_bucket_producer to None, run_after=None
[2026-09-05T17:44:56.034+0200] {processor.py:208} INFO - Processing /Users/swarnalidatta/Desktop/AutoQueryChatbot/.airflow-venv/lib/python3.12/site-packages/airflow/example_dags/example_dataset_alias.py took 0.067 seconds
[2026-09-05T17:48:00.022+0200] {processor.py:186} INFO - Started process (PID=20649) to work on /Users/swarnalidatta/Desktop/AutoQueryChatbot/.airflow-venv/lib/python3.12/site-packages/airflow/example_dags/example_dataset_alias.py
[2026-09-05T17:48:00.022+0200] {processor.py:914} INFO - Processing file /Users/swarnalidatta/Desktop/AutoQueryChatbot/.airflow-venv/lib/python3.12/site-packages/airflow/example_dags/example_dataset_alias.py for tasks to queue
[2026-09-05T17:48:00.023+0200] {logging_mixin.py:190} INFO - [2026-09-05T17:48:00.022+0200] {dagbag.py:588} INFO - Filling up the DagBag from /Users/swarnalidatta/Desktop/AutoQueryChatbot/.airflow-venv/lib/python3.12/site-packages/airflow/example_dags/example_dataset_alias.py
[2026-09-05T17:48:00.069+0200] {processor.py:925} INFO - DAG(s) 'dataset_alias_example_alias_producer', 'dataset_s3_bucket_producer', 'dataset_s3_bucket_consumer', 'dataset_alias_example_alias_consumer' retrieved from /Users/swarnalidatta/Desktop/AutoQueryChatbot/.airflow-venv/lib/python3.12/site-packages/airflow/example_dags/example_dataset_alias.py
[2026-09-05T17:48:00.075+0200] {logging_mixin.py:190} INFO - [2026-09-05T17:48:00.075+0200] {dag.py:3239} INFO - Sync 4 DAGs
[2026-09-05T17:48:00.080+0200] {logging_mixin.py:190} INFO - [2026-09-05T17:48:00.080+0200] {dag.py:4180} INFO - Setting next_dagrun for dataset_alias_example_alias_consumer to None, run_after=None
[2026-09-05T17:48:00.081+0200] {logging_mixin.py:190} INFO - [2026-09-05T17:48:00.081+0200] {dag.py:4180} INFO - Setting next_dagrun for dataset_alias_example_alias_producer to None, run_after=None
[2026-09-05T17:48:00.081+0200] {logging_mixin.py:190} INFO - [2026-09-05T17:48:00.081+0200] {dag.py:4180} INFO - Setting next_dagrun for dataset_s3_bucket_consumer to None, run_after=None
[2026-09-05T17:48:00.081+0200] {logging_mixin.py:190} INFO - [2026-09-05T17:48:00.081+0200] {dag.py:4180} INFO - Setting next_dagrun for dataset_s3_bucket_producer to None, run_after=None
[2026-09-05T17:48:00.087+0200] {processor.py:208} INFO - Processing /Users/swarnalidatta/Desktop/AutoQueryChatbot/.airflow-venv/lib/python3.12/site-packages/airflow/example_dags/example_dataset_alias.py took 0.067 seconds
[2026-09-05T17:50:23.347+0200] {processor.py:186} INFO - Started process (PID=21267) to work on /Users/swarnalidatta/Desktop/AutoQueryChatbot/.airflow-venv/lib/python3.12/site-packages/airflow/example_dags/example_dataset_alias.py
[2026-09-05T17:50:23.347+0200] {processor.py:914} INFO - Processing file /Users/swarnalidatta/Desktop/AutoQueryChatbot/.airflow-venv/lib/python3.12/site-packages/airflow/example_dags/example_dataset_alias.py for tasks to queue
[2026-09-05T17:50:23.348+0200] {logging_mixin.py:190} INFO - [2026-09-05T17:50:23.348+0200] {dagbag.py:588} INFO - Filling up the DagBag from /Users/swarnalidatta/Desktop/AutoQueryChatbot/.airflow-venv/lib/python3.12/site-packages/airflow/example_dags/example_dataset_alias.py
[2026-09-05T17:50:23.395+0200] {processor.py:925} INFO - DAG(s) 'dataset_alias_example_alias_consumer', 'dataset_alias_example_alias_producer', 'dataset_s3_bucket_producer', 'dataset_s3_bucket_consumer' retrieved from /Users/swarnalidatta/Desktop/AutoQueryChatbot/.airflow-venv/lib/python3.12/site-packages/airflow/example_dags/example_dataset_alias.py
[2026-09-05T17:50:23.402+0200] {logging_mixin.py:190} INFO - [2026-09-05T17:50:23.401+0200] {dag.py:3239} INFO - Sync 4 DAGs
[2026-09-05T17:50:23.406+0200] {logging_mixin.py:190} INFO - [2026-09-05T17:50:23.406+0200] {dag.py:4180} INFO - Setting next_dagrun for dataset_alias_example_alias_consumer to None, run_after=None
[2026-09-05T17:50:23.407+0200] {logging_mixin.py:190} INFO - [2026-09-05T17:50:23.407+0200] {dag.py:4180} INFO - Setting next_dagrun for dataset_alias_example_alias_producer to None, run_after=None
[2026-09-05T17:50:23.407+0200] {logging_mixin.py:190} INFO - [2026-09-05T17:50:23.407+0200] {dag.py:4180} INFO - Setting next_dagrun for dataset_s3_bucket_consumer to None, run_after=None
[2026-09-05T17:50:23.407+0200] {logging_mixin.py:190} INFO - [2026-09-05T17:50:23.407+0200] {dag.py:4180} INFO - Setting next_dagrun for dataset_s3_bucket_producer to None, run_after=None
[2026-09-05T17:50:23.413+0200] {processor.py:208} INFO - Processing /Users/swarnalidatta/Desktop/AutoQueryChatbot/.airflow-venv/lib/python3.12/site-packages/airflow/example_dags/example_dataset_alias.py took 0.067 seconds
[2026-09-05T17:52:27.586+0200] {processor.py:186} INFO - Started process (PID=21559) to work on /Users/swarnalidatta/Desktop/AutoQueryChatbot/.airflow-venv/lib/python3.12/site-packages/airflow/example_dags/example_dataset_alias.py
[2026-09-05T17:52:27.587+0200] {processor.py:914} INFO - Processing file /Users/swarnalidatta/Desktop/AutoQueryChatbot/.airflow-venv/lib/python3.12/site-packages/airflow/example_dags/example_dataset_alias.py for tasks to queue
[2026-09-05T17:52:27.587+0200] {logging_mixin.py:190} INFO - [2026-09-05T17:52:27.587+0200] {dagbag.py:588} INFO - Filling up the DagBag from /Users/swarnalidatta/Desktop/AutoQueryChatbot/.airflow-venv/lib/python3.12/site-packages/airflow/example_dags/example_dataset_alias.py
[2026-09-05T17:52:27.635+0200] {processor.py:925} INFO - DAG(s) 'dataset_s3_bucket_producer', 'dataset_alias_example_alias_producer', 'dataset_s3_bucket_consumer', 'dataset_alias_example_alias_consumer' retrieved from /Users/swarnalidatta/Desktop/AutoQueryChatbot/.airflow-venv/lib/python3.12/site-packages/airflow/example_dags/example_dataset_alias.py
[2026-09-05T17:52:27.641+0200] {logging_mixin.py:190} INFO - [2026-09-05T17:52:27.641+0200] {dag.py:3239} INFO - Sync 4 DAGs
[2026-09-05T17:52:27.646+0200] {logging_mixin.py:190} INFO - [2026-09-05T17:52:27.646+0200] {dag.py:4180} INFO - Setting next_dagrun for dataset_alias_example_alias_consumer to None, run_after=None
[2026-09-05T17:52:27.647+0200] {logging_mixin.py:190} INFO - [2026-09-05T17:52:27.647+0200] {dag.py:4180} INFO - Setting next_dagrun for dataset_alias_example_alias_producer to None, run_after=None
[2026-09-05T17:52:27.647+0200] {logging_mixin.py:190} INFO - [2026-09-05T17:52:27.647+0200] {dag.py:4180} INFO - Setting next_dagrun for dataset_s3_bucket_consumer to None, run_after=None
[2026-09-05T17:52:27.647+0200] {logging_mixin.py:190} INFO - [2026-09-05T17:52:27.647+0200] {dag.py:4180} INFO - Setting next_dagrun for dataset_s3_bucket_producer to None, run_after=None
[2026-09-05T17:52:27.653+0200] {processor.py:208} INFO - Processing /Users/swarnalidatta/Desktop/AutoQueryChatbot/.airflow-venv/lib/python3.12/site-packages/airflow/example_dags/example_dataset_alias.py took 0.068 seconds
[2026-09-05T17:54:30.850+0200] {processor.py:186} INFO - Started process (PID=21847) to work on /Users/swarnalidatta/Desktop/AutoQueryChatbot/.airflow-venv/lib/python3.12/site-packages/airflow/example_dags/example_dataset_alias.py
[2026-09-05T17:54:30.851+0200] {processor.py:914} INFO - Processing file /Users/swarnalidatta/Desktop/AutoQueryChatbot/.airflow-venv/lib/python3.12/site-packages/airflow/example_dags/example_dataset_alias.py for tasks to queue
[2026-09-05T17:54:30.851+0200] {logging_mixin.py:190} INFO - [2026-09-05T17:54:30.851+0200] {dagbag.py:588} INFO - Filling up the DagBag from /Users/swarnalidatta/Desktop/AutoQueryChatbot/.airflow-venv/lib/python3.12/site-packages/airflow/example_dags/example_dataset_alias.py
[2026-09-05T17:54:30.897+0200] {processor.py:925} INFO - DAG(s) 'dataset_s3_bucket_producer', 'dataset_alias_example_alias_consumer', 'dataset_alias_example_alias_producer', 'dataset_s3_bucket_consumer' retrieved from /Users/swarnalidatta/Desktop/AutoQueryChatbot/.airflow-venv/lib/python3.12/site-packages/airflow/example_dags/example_dataset_alias.py
[2026-09-05T17:54:30.904+0200] {logging_mixin.py:190} INFO - [2026-09-05T17:54:30.904+0200] {dag.py:3239} INFO - Sync 4 DAGs
[2026-09-05T17:54:30.909+0200] {logging_mixin.py:190} INFO - [2026-09-05T17:54:30.909+0200] {dag.py:4180} INFO - Setting next_dagrun for dataset_alias_example_alias_consumer to None, run_after=None
[2026-09-05T17:54:30.909+0200] {logging_mixin.py:190} INFO - [2026-09-05T17:54:30.909+0200] {dag.py:4180} INFO - Setting next_dagrun for dataset_alias_example_alias_producer to None, run_after=None
[2026-09-05T17:54:30.909+0200] {logging_mixin.py:190} INFO - [2026-09-05T17:54:30.909+0200] {dag.py:4180} INFO - Setting next_dagrun for dataset_s3_bucket_consumer to None, run_after=None
[2026-09-05T17:54:30.910+0200] {logging_mixin.py:190} INFO - [2026-09-05T17:54:30.910+0200] {dag.py:4180} INFO - Setting next_dagrun for dataset_s3_bucket_producer to None, run_after=None
[2026-09-05T17:54:30.916+0200] {processor.py:208} INFO - Processing /Users/swarnalidatta/Desktop/AutoQueryChatbot/.airflow-venv/lib/python3.12/site-packages/airflow/example_dags/example_dataset_alias.py took 0.067 seconds
[2026-09-05T17:56:30.093+0200] {processor.py:186} INFO - Started process (PID=22137) to work on /Users/swarnalidatta/Desktop/AutoQueryChatbot/.airflow-venv/lib/python3.12/site-packages/airflow/example_dags/example_dataset_alias.py
[2026-09-05T17:56:30.094+0200] {processor.py:914} INFO - Processing file /Users/swarnalidatta/Desktop/AutoQueryChatbot/.airflow-venv/lib/python3.12/site-packages/airflow/example_dags/example_dataset_alias.py for tasks to queue
[2026-09-05T17:56:30.094+0200] {logging_mixin.py:190} INFO - [2026-09-05T17:56:30.094+0200] {dagbag.py:588} INFO - Filling up the DagBag from /Users/swarnalidatta/Desktop/AutoQueryChatbot/.airflow-venv/lib/python3.12/site-packages/airflow/example_dags/example_dataset_alias.py
[2026-09-05T17:56:30.141+0200] {processor.py:925} INFO - DAG(s) 'dataset_alias_example_alias_consumer', 'dataset_alias_example_alias_producer', 'dataset_s3_bucket_producer', 'dataset_s3_bucket_consumer' retrieved from /Users/swarnalidatta/Desktop/AutoQueryChatbot/.airflow-venv/lib/python3.12/site-packages/airflow/example_dags/example_dataset_alias.py
[2026-09-05T17:56:30.148+0200] {logging_mixin.py:190} INFO - [2026-09-05T17:56:30.148+0200] {dag.py:3239} INFO - Sync 4 DAGs
[2026-09-05T17:56:30.153+0200] {logging_mixin.py:190} INFO - [2026-09-05T17:56:30.153+0200] {dag.py:4180} INFO - Setting next_dagrun for dataset_alias_example_alias_consumer to None, run_after=None
[2026-09-05T17:56:30.153+0200] {logging_mixin.py:190} INFO - [2026-09-05T17:56:30.153+0200] {dag.py:4180} INFO - Setting next_dagrun for dataset_alias_example_alias_producer to None, run_after=None
[2026-09-05T17:56:30.153+0200] {logging_mixin.py:190} INFO - [2026-09-05T17:56:30.153+0200] {dag.py:4180} INFO - Setting next_dagrun for dataset_s3_bucket_consumer to None, run_after=None
[2026-09-05T17:56:30.154+0200] {logging_mixin.py:190} INFO - [2026-09-05T17:56:30.154+0200] {dag.py:4180} INFO - Setting next_dagrun for dataset_s3_bucket_producer to None, run_after=None
[2026-09-05T17:56:30.160+0200] {processor.py:208} INFO - Processing /Users/swarnalidatta/Desktop/AutoQueryChatbot/.airflow-venv/lib/python3.12/site-packages/airflow/example_dags/example_dataset_alias.py took 0.068 seconds
[2026-09-05T17:58:43.470+0200] {processor.py:186} INFO - Started process (PID=22440) to work on /Users/swarnalidatta/Desktop/AutoQueryChatbot/.airflow-venv/lib/python3.12/site-packages/airflow/example_dags/example_dataset_alias.py
[2026-09-05T17:58:43.471+0200] {processor.py:914} INFO - Processing file /Users/swarnalidatta/Desktop/AutoQueryChatbot/.airflow-venv/lib/python3.12/site-packages/airflow/example_dags/example_dataset_alias.py for tasks to queue
[2026-09-05T17:58:43.471+0200] {logging_mixin.py:190} INFO - [2026-09-05T17:58:43.471+0200] {dagbag.py:588} INFO - Filling up the DagBag from /Users/swarnalidatta/Desktop/AutoQueryChatbot/.airflow-venv/lib/python3.12/site-packages/airflow/example_dags/example_dataset_alias.py
[2026-09-05T17:58:43.521+0200] {processor.py:925} INFO - DAG(s) 'dataset_s3_bucket_producer', 'dataset_alias_example_alias_producer', 'dataset_alias_example_alias_consumer', 'dataset_s3_bucket_consumer' retrieved from /Users/swarnalidatta/Desktop/AutoQueryChatbot/.airflow-venv/lib/python3.12/site-packages/airflow/example_dags/example_dataset_alias.py
[2026-09-05T17:58:43.527+0200] {logging_mixin.py:190} INFO - [2026-09-05T17:58:43.527+0200] {dag.py:3239} INFO - Sync 4 DAGs
[2026-09-05T17:58:43.532+0200] {logging_mixin.py:190} INFO - [2026-09-05T17:58:43.532+0200] {dag.py:4180} INFO - Setting next_dagrun for dataset_alias_example_alias_consumer to None, run_after=None
[2026-09-05T17:58:43.533+0200] {logging_mixin.py:190} INFO - [2026-09-05T17:58:43.533+0200] {dag.py:4180} INFO - Setting next_dagrun for dataset_alias_example_alias_producer to None, run_after=None
[2026-09-05T17:58:43.533+0200] {logging_mixin.py:190} INFO - [2026-09-05T17:58:43.533+0200] {dag.py:4180} INFO - Setting next_dagrun for dataset_s3_bucket_consumer to None, run_after=None
[2026-09-05T17:58:43.533+0200] {logging_mixin.py:190} INFO - [2026-09-05T17:58:43.533+0200] {dag.py:4180} INFO - Setting next_dagrun for dataset_s3_bucket_producer to None, run_after=None
[2026-09-05T17:58:43.539+0200] {processor.py:208} INFO - Processing /Users/swarnalidatta/Desktop/AutoQueryChatbot/.airflow-venv/lib/python3.12/site-packages/airflow/example_dags/example_dataset_alias.py took 0.071 seconds
[2026-09-05T18:00:45.828+0200] {processor.py:186} INFO - Started process (PID=22715) to work on /Users/swarnalidatta/Desktop/AutoQueryChatbot/.airflow-venv/lib/python3.12/site-packages/airflow/example_dags/example_dataset_alias.py
[2026-09-05T18:00:45.829+0200] {processor.py:914} INFO - Processing file /Users/swarnalidatta/Desktop/AutoQueryChatbot/.airflow-venv/lib/python3.12/site-packages/airflow/example_dags/example_dataset_alias.py for tasks to queue
[2026-09-05T18:00:45.829+0200] {logging_mixin.py:190} INFO - [2026-09-05T18:00:45.829+0200] {dagbag.py:588} INFO - Filling up the DagBag from /Users/swarnalidatta/Desktop/AutoQueryChatbot/.airflow-venv/lib/python3.12/site-packages/airflow/example_dags/example_dataset_alias.py
[2026-09-05T18:00:45.876+0200] {processor.py:925} INFO - DAG(s) 'dataset_alias_example_alias_consumer', 'dataset_alias_example_alias_producer', 'dataset_s3_bucket_consumer', 'dataset_s3_bucket_producer' retrieved from /Users/swarnalidatta/Desktop/AutoQueryChatbot/.airflow-venv/lib/python3.12/site-packages/airflow/example_dags/example_dataset_alias.py
[2026-09-05T18:00:45.882+0200] {logging_mixin.py:190} INFO - [2026-09-05T18:00:45.882+0200] {dag.py:3239} INFO - Sync 4 DAGs
[2026-09-05T18:00:45.887+0200] {logging_mixin.py:190} INFO - [2026-09-05T18:00:45.887+0200] {dag.py:4180} INFO - Setting next_dagrun for dataset_alias_example_alias_consumer to None, run_after=None
[2026-09-05T18:00:45.888+0200] {logging_mixin.py:190} INFO - [2026-09-05T18:00:45.888+0200] {dag.py:4180} INFO - Setting next_dagrun for dataset_alias_example_alias_producer to None, run_after=None
[2026-09-05T18:00:45.888+0200] {logging_mixin.py:190} INFO - [2026-09-05T18:00:45.888+0200] {dag.py:4180} INFO - Setting next_dagrun for dataset_s3_bucket_consumer to None, run_after=None
[2026-09-05T18:00:45.888+0200] {logging_mixin.py:190} INFO - [2026-09-05T18:00:45.888+0200] {dag.py:4180} INFO - Setting next_dagrun for dataset_s3_bucket_producer to None, run_after=None
[2026-09-05T18:00:45.894+0200] {processor.py:208} INFO - Processing /Users/swarnalidatta/Desktop/AutoQueryChatbot/.airflow-venv/lib/python3.12/site-packages/airflow/example_dags/example_dataset_alias.py took 0.067 seconds
[2026-09-05T18:20:28.738+0200] {processor.py:186} INFO - Started process (PID=23116) to work on /Users/swarnalidatta/Desktop/AutoQueryChatbot/.airflow-venv/lib/python3.12/site-packages/airflow/example_dags/example_dataset_alias.py
[2026-09-05T18:20:28.739+0200] {processor.py:914} INFO - Processing file /Users/swarnalidatta/Desktop/AutoQueryChatbot/.airflow-venv/lib/python3.12/site-packages/airflow/example_dags/example_dataset_alias.py for tasks to queue
[2026-09-05T18:20:28.740+0200] {logging_mixin.py:190} INFO - [2026-09-05T18:20:28.740+0200] {dagbag.py:588} INFO - Filling up the DagBag from /Users/swarnalidatta/Desktop/AutoQueryChatbot/.airflow-venv/lib/python3.12/site-packages/airflow/example_dags/example_dataset_alias.py
[2026-09-05T18:20:28.785+0200] {processor.py:925} INFO - DAG(s) 'dataset_alias_example_alias_producer', 'dataset_alias_example_alias_consumer', 'dataset_s3_bucket_producer', 'dataset_s3_bucket_consumer' retrieved from /Users/swarnalidatta/Desktop/AutoQueryChatbot/.airflow-venv/lib/python3.12/site-packages/airflow/example_dags/example_dataset_alias.py
[2026-09-05T18:20:28.791+0200] {logging_mixin.py:190} INFO - [2026-09-05T18:20:28.791+0200] {dag.py:3239} INFO - Sync 4 DAGs
[2026-09-05T18:20:28.796+0200] {logging_mixin.py:190} INFO - [2026-09-05T18:20:28.796+0200] {dag.py:4180} INFO - Setting next_dagrun for dataset_alias_example_alias_consumer to None, run_after=None
[2026-09-05T18:20:28.796+0200] {logging_mixin.py:190} INFO - [2026-09-05T18:20:28.796+0200] {dag.py:4180} INFO - Setting next_dagrun for dataset_alias_example_alias_producer to None, run_after=None
[2026-09-05T18:20:28.797+0200] {logging_mixin.py:190} INFO - [2026-09-05T18:20:28.797+0200] {dag.py:4180} INFO - Setting next_dagrun for dataset_s3_bucket_consumer to None, run_after=None
[2026-09-05T18:20:28.797+0200] {logging_mixin.py:190} INFO - [2026-09-05T18:20:28.797+0200] {dag.py:4180} INFO - Setting next_dagrun for dataset_s3_bucket_producer to None, run_after=None
[2026-09-05T18:20:28.803+0200] {processor.py:208} INFO - Processing /Users/swarnalidatta/Desktop/AutoQueryChatbot/.airflow-venv/lib/python3.12/site-packages/airflow/example_dags/example_dataset_alias.py took 0.065 seconds
[2026-09-05T18:22:40.739+0200] {processor.py:186} INFO - Started process (PID=23488) to work on /Users/swarnalidatta/Desktop/AutoQueryChatbot/.airflow-venv/lib/python3.12/site-packages/airflow/example_dags/example_dataset_alias.py
[2026-09-05T18:22:40.739+0200] {processor.py:914} INFO - Processing file /Users/swarnalidatta/Desktop/AutoQueryChatbot/.airflow-venv/lib/python3.12/site-packages/airflow/example_dags/example_dataset_alias.py for tasks to queue
[2026-09-05T18:22:40.739+0200] {logging_mixin.py:190} INFO - [2026-09-05T18:22:40.739+0200] {dagbag.py:588} INFO - Filling up the DagBag from /Users/swarnalidatta/Desktop/AutoQueryChatbot/.airflow-venv/lib/python3.12/site-packages/airflow/example_dags/example_dataset_alias.py
[2026-09-05T18:22:40.785+0200] {processor.py:925} INFO - DAG(s) 'dataset_s3_bucket_consumer', 'dataset_alias_example_alias_consumer', 'dataset_s3_bucket_producer', 'dataset_alias_example_alias_producer' retrieved from /Users/swarnalidatta/Desktop/AutoQueryChatbot/.airflow-venv/lib/python3.12/site-packages/airflow/example_dags/example_dataset_alias.py
[2026-09-05T18:22:40.791+0200] {logging_mixin.py:190} INFO - [2026-09-05T18:22:40.791+0200] {dag.py:3239} INFO - Sync 4 DAGs
[2026-09-05T18:22:40.796+0200] {logging_mixin.py:190} INFO - [2026-09-05T18:22:40.796+0200] {dag.py:4180} INFO - Setting next_dagrun for dataset_alias_example_alias_consumer to None, run_after=None
[2026-09-05T18:22:40.797+0200] {logging_mixin.py:190} INFO - [2026-09-05T18:22:40.797+0200] {dag.py:4180} INFO - Setting next_dagrun for dataset_alias_example_alias_producer to None, run_after=None
[2026-09-05T18:22:40.797+0200] {logging_mixin.py:190} INFO - [2026-09-05T18:22:40.797+0200] {dag.py:4180} INFO - Setting next_dagrun for dataset_s3_bucket_consumer to None, run_after=None
[2026-09-05T18:22:40.797+0200] {logging_mixin.py:190} INFO - [2026-09-05T18:22:40.797+0200] {dag.py:4180} INFO - Setting next_dagrun for dataset_s3_bucket_producer to None, run_after=None
[2026-09-05T18:22:40.803+0200] {processor.py:208} INFO - Processing /Users/swarnalidatta/Desktop/AutoQueryChatbot/.airflow-venv/lib/python3.12/site-packages/airflow/example_dags/example_dataset_alias.py took 0.066 seconds
[2026-09-05T18:24:57.740+0200] {processor.py:186} INFO - Started process (PID=24212) to work on /Users/swarnalidatta/Desktop/AutoQueryChatbot/.airflow-venv/lib/python3.12/site-packages/airflow/example_dags/example_dataset_alias.py
[2026-09-05T18:24:57.740+0200] {processor.py:914} INFO - Processing file /Users/swarnalidatta/Desktop/AutoQueryChatbot/.airflow-venv/lib/python3.12/site-packages/airflow/example_dags/example_dataset_alias.py for tasks to queue
[2026-09-05T18:24:57.740+0200] {logging_mixin.py:190} INFO - [2026-09-05T18:24:57.740+0200] {dagbag.py:588} INFO - Filling up the DagBag from /Users/swarnalidatta/Desktop/AutoQueryChatbot/.airflow-venv/lib/python3.12/site-packages/airflow/example_dags/example_dataset_alias.py
[2026-09-05T18:24:57.788+0200] {processor.py:925} INFO - DAG(s) 'dataset_s3_bucket_producer', 'dataset_alias_example_alias_consumer', 'dataset_s3_bucket_consumer', 'dataset_alias_example_alias_producer' retrieved from /Users/swarnalidatta/Desktop/AutoQueryChatbot/.airflow-venv/lib/python3.12/site-packages/airflow/example_dags/example_dataset_alias.py
[2026-09-05T18:24:57.794+0200] {logging_mixin.py:190} INFO - [2026-09-05T18:24:57.794+0200] {dag.py:3239} INFO - Sync 4 DAGs
[2026-09-05T18:24:57.799+0200] {logging_mixin.py:190} INFO - [2026-09-05T18:24:57.799+0200] {dag.py:4180} INFO - Setting next_dagrun for dataset_alias_example_alias_consumer to None, run_after=None
[2026-09-05T18:24:57.800+0200] {logging_mixin.py:190} INFO - [2026-09-05T18:24:57.800+0200] {dag.py:4180} INFO - Setting next_dagrun for dataset_alias_example_alias_producer to None, run_after=None
[2026-09-05T18:24:57.800+0200] {logging_mixin.py:190} INFO - [2026-09-05T18:24:57.800+0200] {dag.py:4180} INFO - Setting next_dagrun for dataset_s3_bucket_consumer to None, run_after=None
[2026-09-05T18:24:57.800+0200] {logging_mixin.py:190} INFO - [2026-09-05T18:24:57.800+0200] {dag.py:4180} INFO - Setting next_dagrun for dataset_s3_bucket_producer to None, run_after=None
[2026-09-05T18:24:57.806+0200] {processor.py:208} INFO - Processing /Users/swarnalidatta/Desktop/AutoQueryChatbot/.airflow-venv/lib/python3.12/site-packages/airflow/example_dags/example_dataset_alias.py took 0.068 seconds
[2026-09-05T18:51:17.484+0200] {processor.py:186} INFO - Started process (PID=25061) to work on /Users/swarnalidatta/Desktop/AutoQueryChatbot/.airflow-venv/lib/python3.12/site-packages/airflow/example_dags/example_dataset_alias.py
[2026-09-05T18:51:17.484+0200] {processor.py:914} INFO - Processing file /Users/swarnalidatta/Desktop/AutoQueryChatbot/.airflow-venv/lib/python3.12/site-packages/airflow/example_dags/example_dataset_alias.py for tasks to queue
[2026-09-05T18:51:17.485+0200] {logging_mixin.py:190} INFO - [2026-09-05T18:51:17.485+0200] {dagbag.py:588} INFO - Filling up the DagBag from /Users/swarnalidatta/Desktop/AutoQueryChatbot/.airflow-venv/lib/python3.12/site-packages/airflow/example_dags/example_dataset_alias.py
[2026-09-05T18:51:17.530+0200] {processor.py:925} INFO - DAG(s) 'dataset_alias_example_alias_consumer', 'dataset_s3_bucket_producer', 'dataset_s3_bucket_consumer', 'dataset_alias_example_alias_producer' retrieved from /Users/swarnalidatta/Desktop/AutoQueryChatbot/.airflow-venv/lib/python3.12/site-packages/airflow/example_dags/example_dataset_alias.py
[2026-09-05T18:51:17.536+0200] {logging_mixin.py:190} INFO - [2026-09-05T18:51:17.536+0200] {dag.py:3239} INFO - Sync 4 DAGs
[2026-09-05T18:51:17.541+0200] {logging_mixin.py:190} INFO - [2026-09-05T18:51:17.541+0200] {dag.py:4180} INFO - Setting next_dagrun for dataset_alias_example_alias_consumer to None, run_after=None
[2026-09-05T18:51:17.542+0200] {logging_mixin.py:190} INFO - [2026-09-05T18:51:17.542+0200] {dag.py:4180} INFO - Setting next_dagrun for dataset_alias_example_alias_producer to None, run_after=None
[2026-09-05T18:51:17.542+0200] {logging_mixin.py:190} INFO - [2026-09-05T18:51:17.542+0200] {dag.py:4180} INFO - Setting next_dagrun for dataset_s3_bucket_consumer to None, run_after=None
[2026-09-05T18:51:17.542+0200] {logging_mixin.py:190} INFO - [2026-09-05T18:51:17.542+0200] {dag.py:4180} INFO - Setting next_dagrun for dataset_s3_bucket_producer to None, run_after=None
[2026-09-05T18:51:17.548+0200] {processor.py:208} INFO - Processing /Users/swarnalidatta/Desktop/AutoQueryChatbot/.airflow-venv/lib/python3.12/site-packages/airflow/example_dags/example_dataset_alias.py took 0.065 seconds
[2026-09-05T18:54:13.469+0200] {processor.py:186} INFO - Started process (PID=25707) to work on /Users/swarnalidatta/Desktop/AutoQueryChatbot/.airflow-venv/lib/python3.12/site-packages/airflow/example_dags/example_dataset_alias.py
[2026-09-05T18:54:13.469+0200] {processor.py:914} INFO - Processing file /Users/swarnalidatta/Desktop/AutoQueryChatbot/.airflow-venv/lib/python3.12/site-packages/airflow/example_dags/example_dataset_alias.py for tasks to queue
[2026-09-05T18:54:13.469+0200] {logging_mixin.py:190} INFO - [2026-09-05T18:54:13.469+0200] {dagbag.py:588} INFO - Filling up the DagBag from /Users/swarnalidatta/Desktop/AutoQueryChatbot/.airflow-venv/lib/python3.12/site-packages/airflow/example_dags/example_dataset_alias.py
[2026-09-05T18:54:13.516+0200] {processor.py:925} INFO - DAG(s) 'dataset_alias_example_alias_consumer', 'dataset_s3_bucket_producer', 'dataset_alias_example_alias_producer', 'dataset_s3_bucket_consumer' retrieved from /Users/swarnalidatta/Desktop/AutoQueryChatbot/.airflow-venv/lib/python3.12/site-packages/airflow/example_dags/example_dataset_alias.py
[2026-09-05T18:54:13.523+0200] {logging_mixin.py:190} INFO - [2026-09-05T18:54:13.523+0200] {dag.py:3239} INFO - Sync 4 DAGs
[2026-09-05T18:54:13.528+0200] {logging_mixin.py:190} INFO - [2026-09-05T18:54:13.528+0200] {dag.py:4180} INFO - Setting next_dagrun for dataset_alias_example_alias_consumer to None, run_after=None
[2026-09-05T18:54:13.529+0200] {logging_mixin.py:190} INFO - [2026-09-05T18:54:13.529+0200] {dag.py:4180} INFO - Setting next_dagrun for dataset_alias_example_alias_producer to None, run_after=None
[2026-09-05T18:54:13.529+0200] {logging_mixin.py:190} INFO - [2026-09-05T18:54:13.529+0200] {dag.py:4180} INFO - Setting next_dagrun for dataset_s3_bucket_consumer to None, run_after=None
[2026-09-05T18:54:13.529+0200] {logging_mixin.py:190} INFO - [2026-09-05T18:54:13.529+0200] {dag.py:4180} INFO - Setting next_dagrun for dataset_s3_bucket_producer to None, run_after=None
[2026-09-05T18:54:13.535+0200] {processor.py:208} INFO - Processing /Users/swarnalidatta/Desktop/AutoQueryChatbot/.airflow-venv/lib/python3.12/site-packages/airflow/example_dags/example_dataset_alias.py took 0.068 seconds
[2026-09-05T19:00:12.405+0200] {processor.py:186} INFO - Started process (PID=26507) to work on /Users/swarnalidatta/Desktop/AutoQueryChatbot/.airflow-venv/lib/python3.12/site-packages/airflow/example_dags/example_dataset_alias.py
[2026-09-05T19:00:12.405+0200] {processor.py:914} INFO - Processing file /Users/swarnalidatta/Desktop/AutoQueryChatbot/.airflow-venv/lib/python3.12/site-packages/airflow/example_dags/example_dataset_alias.py for tasks to queue
[2026-09-05T19:00:12.406+0200] {logging_mixin.py:190} INFO - [2026-09-05T19:00:12.406+0200] {dagbag.py:588} INFO - Filling up the DagBag from /Users/swarnalidatta/Desktop/AutoQueryChatbot/.airflow-venv/lib/python3.12/site-packages/airflow/example_dags/example_dataset_alias.py
[2026-09-05T19:00:12.452+0200] {processor.py:925} INFO - DAG(s) 'dataset_s3_bucket_producer', 'dataset_alias_example_alias_consumer', 'dataset_s3_bucket_consumer', 'dataset_alias_example_alias_producer' retrieved from /Users/swarnalidatta/Desktop/AutoQueryChatbot/.airflow-venv/lib/python3.12/site-packages/airflow/example_dags/example_dataset_alias.py
[2026-09-05T19:00:12.459+0200] {logging_mixin.py:190} INFO - [2026-09-05T19:00:12.459+0200] {dag.py:3239} INFO - Sync 4 DAGs
[2026-09-05T19:00:12.464+0200] {logging_mixin.py:190} INFO - [2026-09-05T19:00:12.464+0200] {dag.py:4180} INFO - Setting next_dagrun for dataset_alias_example_alias_consumer to None, run_after=None
[2026-09-05T19:00:12.465+0200] {logging_mixin.py:190} INFO - [2026-09-05T19:00:12.465+0200] {dag.py:4180} INFO - Setting next_dagrun for dataset_alias_example_alias_producer to None, run_after=None
[2026-09-05T19:00:12.465+0200] {logging_mixin.py:190} INFO - [2026-09-05T19:00:12.465+0200] {dag.py:4180} INFO - Setting next_dagrun for dataset_s3_bucket_consumer to None, run_after=None
[2026-09-05T19:00:12.465+0200] {logging_mixin.py:190} INFO - [2026-09-05T19:00:12.465+0200] {dag.py:4180} INFO - Setting next_dagrun for dataset_s3_bucket_producer to None, run_after=None
[2026-09-05T19:00:12.471+0200] {processor.py:208} INFO - Processing /Users/swarnalidatta/Desktop/AutoQueryChatbot/.airflow-venv/lib/python3.12/site-packages/airflow/example_dags/example_dataset_alias.py took 0.067 seconds
[2026-09-05T19:03:18.663+0200] {processor.py:186} INFO - Started process (PID=27159) to work on /Users/swarnalidatta/Desktop/AutoQueryChatbot/.airflow-venv/lib/python3.12/site-packages/airflow/example_dags/example_dataset_alias.py
[2026-09-05T19:03:18.663+0200] {processor.py:914} INFO - Processing file /Users/swarnalidatta/Desktop/AutoQueryChatbot/.airflow-venv/lib/python3.12/site-packages/airflow/example_dags/example_dataset_alias.py for tasks to queue
[2026-09-05T19:03:18.664+0200] {logging_mixin.py:190} INFO - [2026-09-05T19:03:18.664+0200] {dagbag.py:588} INFO - Filling up the DagBag from /Users/swarnalidatta/Desktop/AutoQueryChatbot/.airflow-venv/lib/python3.12/site-packages/airflow/example_dags/example_dataset_alias.py
[2026-09-05T19:03:18.710+0200] {processor.py:925} INFO - DAG(s) 'dataset_s3_bucket_consumer', 'dataset_alias_example_alias_producer', 'dataset_s3_bucket_producer', 'dataset_alias_example_alias_consumer' retrieved from /Users/swarnalidatta/Desktop/AutoQueryChatbot/.airflow-venv/lib/python3.12/site-packages/airflow/example_dags/example_dataset_alias.py
[2026-09-05T19:03:18.717+0200] {logging_mixin.py:190} INFO - [2026-09-05T19:03:18.717+0200] {dag.py:3239} INFO - Sync 4 DAGs
[2026-09-05T19:03:18.722+0200] {logging_mixin.py:190} INFO - [2026-09-05T19:03:18.722+0200] {dag.py:4180} INFO - Setting next_dagrun for dataset_alias_example_alias_consumer to None, run_after=None
[2026-09-05T19:03:18.722+0200] {logging_mixin.py:190} INFO - [2026-09-05T19:03:18.722+0200] {dag.py:4180} INFO - Setting next_dagrun for dataset_alias_example_alias_producer to None, run_after=None
[2026-09-05T19:03:18.723+0200] {logging_mixin.py:190} INFO - [2026-09-05T19:03:18.723+0200] {dag.py:4180} INFO - Setting next_dagrun for dataset_s3_bucket_consumer to None, run_after=None
[2026-09-05T19:03:18.723+0200] {logging_mixin.py:190} INFO - [2026-09-05T19:03:18.723+0200] {dag.py:4180} INFO - Setting next_dagrun for dataset_s3_bucket_producer to None, run_after=None
[2026-09-05T19:03:18.729+0200] {processor.py:208} INFO - Processing /Users/swarnalidatta/Desktop/AutoQueryChatbot/.airflow-venv/lib/python3.12/site-packages/airflow/example_dags/example_dataset_alias.py took 0.067 seconds
[2026-09-05T19:05:57.193+0200] {processor.py:186} INFO - Started process (PID=27927) to work on /Users/swarnalidatta/Desktop/AutoQueryChatbot/.airflow-venv/lib/python3.12/site-packages/airflow/example_dags/example_dataset_alias.py
[2026-09-05T19:05:57.193+0200] {processor.py:914} INFO - Processing file /Users/swarnalidatta/Desktop/AutoQueryChatbot/.airflow-venv/lib/python3.12/site-packages/airflow/example_dags/example_dataset_alias.py for tasks to queue
[2026-09-05T19:05:57.194+0200] {logging_mixin.py:190} INFO - [2026-09-05T19:05:57.193+0200] {dagbag.py:588} INFO - Filling up the DagBag from /Users/swarnalidatta/Desktop/AutoQueryChatbot/.airflow-venv/lib/python3.12/site-packages/airflow/example_dags/example_dataset_alias.py
[2026-09-05T19:05:57.240+0200] {processor.py:925} INFO - DAG(s) 'dataset_alias_example_alias_producer', 'dataset_s3_bucket_producer', 'dataset_s3_bucket_consumer', 'dataset_alias_example_alias_consumer' retrieved from /Users/swarnalidatta/Desktop/AutoQueryChatbot/.airflow-venv/lib/python3.12/site-packages/airflow/example_dags/example_dataset_alias.py
[2026-09-05T19:05:57.247+0200] {logging_mixin.py:190} INFO - [2026-09-05T19:05:57.246+0200] {dag.py:3239} INFO - Sync 4 DAGs
[2026-09-05T19:05:57.251+0200] {logging_mixin.py:190} INFO - [2026-09-05T19:05:57.251+0200] {dag.py:4180} INFO - Setting next_dagrun for dataset_alias_example_alias_consumer to None, run_after=None
[2026-09-05T19:05:57.252+0200] {logging_mixin.py:190} INFO - [2026-09-05T19:05:57.252+0200] {dag.py:4180} INFO - Setting next_dagrun for dataset_alias_example_alias_producer to None, run_after=None
[2026-09-05T19:05:57.252+0200] {logging_mixin.py:190} INFO - [2026-09-05T19:05:57.252+0200] {dag.py:4180} INFO - Setting next_dagrun for dataset_s3_bucket_consumer to None, run_after=None
[2026-09-05T19:05:57.252+0200] {logging_mixin.py:190} INFO - [2026-09-05T19:05:57.252+0200] {dag.py:4180} INFO - Setting next_dagrun for dataset_s3_bucket_producer to None, run_after=None
[2026-09-05T19:05:57.259+0200] {processor.py:208} INFO - Processing /Users/swarnalidatta/Desktop/AutoQueryChatbot/.airflow-venv/lib/python3.12/site-packages/airflow/example_dags/example_dataset_alias.py took 0.067 seconds
[2026-09-05T19:08:36.907+0200] {processor.py:186} INFO - Started process (PID=28511) to work on /Users/swarnalidatta/Desktop/AutoQueryChatbot/.airflow-venv/lib/python3.12/site-packages/airflow/example_dags/example_dataset_alias.py
[2026-09-05T19:08:36.907+0200] {processor.py:914} INFO - Processing file /Users/swarnalidatta/Desktop/AutoQueryChatbot/.airflow-venv/lib/python3.12/site-packages/airflow/example_dags/example_dataset_alias.py for tasks to queue
[2026-09-05T19:08:36.907+0200] {logging_mixin.py:190} INFO - [2026-09-05T19:08:36.907+0200] {dagbag.py:588} INFO - Filling up the DagBag from /Users/swarnalidatta/Desktop/AutoQueryChatbot/.airflow-venv/lib/python3.12/site-packages/airflow/example_dags/example_dataset_alias.py
[2026-09-05T19:08:36.953+0200] {processor.py:925} INFO - DAG(s) 'dataset_alias_example_alias_producer', 'dataset_alias_example_alias_consumer', 'dataset_s3_bucket_consumer', 'dataset_s3_bucket_producer' retrieved from /Users/swarnalidatta/Desktop/AutoQueryChatbot/.airflow-venv/lib/python3.12/site-packages/airflow/example_dags/example_dataset_alias.py
[2026-09-05T19:08:36.960+0200] {logging_mixin.py:190} INFO - [2026-09-05T19:08:36.960+0200] {dag.py:3239} INFO - Sync 4 DAGs
[2026-09-05T19:08:36.965+0200] {logging_mixin.py:190} INFO - [2026-09-05T19:08:36.965+0200] {dag.py:4180} INFO - Setting next_dagrun for dataset_alias_example_alias_consumer to None, run_after=None
[2026-09-05T19:08:36.965+0200] {logging_mixin.py:190} INFO - [2026-09-05T19:08:36.965+0200] {dag.py:4180} INFO - Setting next_dagrun for dataset_alias_example_alias_producer to None, run_after=None
[2026-09-05T19:08:36.966+0200] {logging_mixin.py:190} INFO - [2026-09-05T19:08:36.966+0200] {dag.py:4180} INFO - Setting next_dagrun for dataset_s3_bucket_consumer to None, run_after=None
[2026-09-05T19:08:36.966+0200] {logging_mixin.py:190} INFO - [2026-09-05T19:08:36.966+0200] {dag.py:4180} INFO - Setting next_dagrun for dataset_s3_bucket_producer to None, run_after=None
[2026-09-05T19:08:36.972+0200] {processor.py:208} INFO - Processing /Users/swarnalidatta/Desktop/AutoQueryChatbot/.airflow-venv/lib/python3.12/site-packages/airflow/example_dags/example_dataset_alias.py took 0.066 seconds
[2026-09-05T19:11:14.507+0200] {processor.py:186} INFO - Started process (PID=29088) to work on /Users/swarnalidatta/Desktop/AutoQueryChatbot/.airflow-venv/lib/python3.12/site-packages/airflow/example_dags/example_dataset_alias.py
[2026-09-05T19:11:14.507+0200] {processor.py:914} INFO - Processing file /Users/swarnalidatta/Desktop/AutoQueryChatbot/.airflow-venv/lib/python3.12/site-packages/airflow/example_dags/example_dataset_alias.py for tasks to queue
[2026-09-05T19:11:14.508+0200] {logging_mixin.py:190} INFO - [2026-09-05T19:11:14.508+0200] {dagbag.py:588} INFO - Filling up the DagBag from /Users/swarnalidatta/Desktop/AutoQueryChatbot/.airflow-venv/lib/python3.12/site-packages/airflow/example_dags/example_dataset_alias.py
[2026-09-05T19:11:14.554+0200] {processor.py:925} INFO - DAG(s) 'dataset_s3_bucket_consumer', 'dataset_alias_example_alias_producer', 'dataset_s3_bucket_producer', 'dataset_alias_example_alias_consumer' retrieved from /Users/swarnalidatta/Desktop/AutoQueryChatbot/.airflow-venv/lib/python3.12/site-packages/airflow/example_dags/example_dataset_alias.py
[2026-09-05T19:11:14.561+0200] {logging_mixin.py:190} INFO - [2026-09-05T19:11:14.561+0200] {dag.py:3239} INFO - Sync 4 DAGs
[2026-09-05T19:11:14.566+0200] {logging_mixin.py:190} INFO - [2026-09-05T19:11:14.566+0200] {dag.py:4180} INFO - Setting next_dagrun for dataset_alias_example_alias_consumer to None, run_after=None
[2026-09-05T19:11:14.566+0200] {logging_mixin.py:190} INFO - [2026-09-05T19:11:14.566+0200] {dag.py:4180} INFO - Setting next_dagrun for dataset_alias_example_alias_producer to None, run_after=None
[2026-09-05T19:11:14.566+0200] {logging_mixin.py:190} INFO - [2026-09-05T19:11:14.566+0200] {dag.py:4180} INFO - Setting next_dagrun for dataset_s3_bucket_consumer to None, run_after=None
[2026-09-05T19:11:14.567+0200] {logging_mixin.py:190} INFO - [2026-09-05T19:11:14.567+0200] {dag.py:4180} INFO - Setting next_dagrun for dataset_s3_bucket_producer to None, run_after=None
[2026-09-05T19:11:14.573+0200] {processor.py:208} INFO - Processing /Users/swarnalidatta/Desktop/AutoQueryChatbot/.airflow-venv/lib/python3.12/site-packages/airflow/example_dags/example_dataset_alias.py took 0.067 seconds
[2026-09-05T19:13:41.678+0200] {processor.py:186} INFO - Started process (PID=29628) to work on /Users/swarnalidatta/Desktop/AutoQueryChatbot/.airflow-venv/lib/python3.12/site-packages/airflow/example_dags/example_dataset_alias.py
[2026-09-05T19:13:41.678+0200] {processor.py:914} INFO - Processing file /Users/swarnalidatta/Desktop/AutoQueryChatbot/.airflow-venv/lib/python3.12/site-packages/airflow/example_dags/example_dataset_alias.py for tasks to queue
[2026-09-05T19:13:41.679+0200] {logging_mixin.py:190} INFO - [2026-09-05T19:13:41.679+0200] {dagbag.py:588} INFO - Filling up the DagBag from /Users/swarnalidatta/Desktop/AutoQueryChatbot/.airflow-venv/lib/python3.12/site-packages/airflow/example_dags/example_dataset_alias.py
[2026-09-05T19:13:41.725+0200] {processor.py:925} INFO - DAG(s) 'dataset_s3_bucket_producer', 'dataset_s3_bucket_consumer', 'dataset_alias_example_alias_producer', 'dataset_alias_example_alias_consumer' retrieved from /Users/swarnalidatta/Desktop/AutoQueryChatbot/.airflow-venv/lib/python3.12/site-packages/airflow/example_dags/example_dataset_alias.py
[2026-09-05T19:13:41.732+0200] {logging_mixin.py:190} INFO - [2026-09-05T19:13:41.732+0200] {dag.py:3239} INFO - Sync 4 DAGs
[2026-09-05T19:13:41.737+0200] {logging_mixin.py:190} INFO - [2026-09-05T19:13:41.737+0200] {dag.py:4180} INFO - Setting next_dagrun for dataset_alias_example_alias_consumer to None, run_after=None
[2026-09-05T19:13:41.737+0200] {logging_mixin.py:190} INFO - [2026-09-05T19:13:41.737+0200] {dag.py:4180} INFO - Setting next_dagrun for dataset_alias_example_alias_producer to None, run_after=None
[2026-09-05T19:13:41.738+0200] {logging_mixin.py:190} INFO - [2026-09-05T19:13:41.738+0200] {dag.py:4180} INFO - Setting next_dagrun for dataset_s3_bucket_consumer to None, run_after=None
[2026-09-05T19:13:41.738+0200] {logging_mixin.py:190} INFO - [2026-09-05T19:13:41.738+0200] {dag.py:4180} INFO - Setting next_dagrun for dataset_s3_bucket_producer to None, run_after=None
[2026-09-05T19:13:41.744+0200] {processor.py:208} INFO - Processing /Users/swarnalidatta/Desktop/AutoQueryChatbot/.airflow-venv/lib/python3.12/site-packages/airflow/example_dags/example_dataset_alias.py took 0.067 seconds
[2026-09-05T19:16:21.350+0200] {processor.py:186} INFO - Started process (PID=30220) to work on /Users/swarnalidatta/Desktop/AutoQueryChatbot/.airflow-venv/lib/python3.12/site-packages/airflow/example_dags/example_dataset_alias.py
[2026-09-05T19:16:21.350+0200] {processor.py:914} INFO - Processing file /Users/swarnalidatta/Desktop/AutoQueryChatbot/.airflow-venv/lib/python3.12/site-packages/airflow/example_dags/example_dataset_alias.py for tasks to queue
[2026-09-05T19:16:21.350+0200] {logging_mixin.py:190} INFO - [2026-09-05T19:16:21.350+0200] {dagbag.py:588} INFO - Filling up the DagBag from /Users/swarnalidatta/Desktop/AutoQueryChatbot/.airflow-venv/lib/python3.12/site-packages/airflow/example_dags/example_dataset_alias.py
[2026-09-05T19:16:21.397+0200] {processor.py:925} INFO - DAG(s) 'dataset_alias_example_alias_producer', 'dataset_s3_bucket_producer', 'dataset_s3_bucket_consumer', 'dataset_alias_example_alias_consumer' retrieved from /Users/swarnalidatta/Desktop/AutoQueryChatbot/.airflow-venv/lib/python3.12/site-packages/airflow/example_dags/example_dataset_alias.py
[2026-09-05T19:16:21.404+0200] {logging_mixin.py:190} INFO - [2026-09-05T19:16:21.404+0200] {dag.py:3239} INFO - Sync 4 DAGs
[2026-09-05T19:16:21.409+0200] {logging_mixin.py:190} INFO - [2026-09-05T19:16:21.409+0200] {dag.py:4180} INFO - Setting next_dagrun for dataset_alias_example_alias_consumer to None, run_after=None
[2026-09-05T19:16:21.409+0200] {logging_mixin.py:190} INFO - [2026-09-05T19:16:21.409+0200] {dag.py:4180} INFO - Setting next_dagrun for dataset_alias_example_alias_producer to None, run_after=None
[2026-09-05T19:16:21.409+0200] {logging_mixin.py:190} INFO - [2026-09-05T19:16:21.409+0200] {dag.py:4180} INFO - Setting next_dagrun for dataset_s3_bucket_consumer to None, run_after=None
[2026-09-05T19:16:21.410+0200] {logging_mixin.py:190} INFO - [2026-09-05T19:16:21.410+0200] {dag.py:4180} INFO - Setting next_dagrun for dataset_s3_bucket_producer to None, run_after=None
[2026-09-05T19:16:21.416+0200] {processor.py:208} INFO - Processing /Users/swarnalidatta/Desktop/AutoQueryChatbot/.airflow-venv/lib/python3.12/site-packages/airflow/example_dags/example_dataset_alias.py took 0.067 seconds
[2026-09-05T19:18:52.326+0200] {processor.py:186} INFO - Started process (PID=30779) to work on /Users/swarnalidatta/Desktop/AutoQueryChatbot/.airflow-venv/lib/python3.12/site-packages/airflow/example_dags/example_dataset_alias.py
[2026-09-05T19:18:52.326+0200] {processor.py:914} INFO - Processing file /Users/swarnalidatta/Desktop/AutoQueryChatbot/.airflow-venv/lib/python3.12/site-packages/airflow/example_dags/example_dataset_alias.py for tasks to queue
[2026-09-05T19:18:52.326+0200] {logging_mixin.py:190} INFO - [2026-09-05T19:18:52.326+0200] {dagbag.py:588} INFO - Filling up the DagBag from /Users/swarnalidatta/Desktop/AutoQueryChatbot/.airflow-venv/lib/python3.12/site-packages/airflow/example_dags/example_dataset_alias.py
[2026-09-05T19:18:52.373+0200] {processor.py:925} INFO - DAG(s) 'dataset_alias_example_alias_consumer', 'dataset_alias_example_alias_producer', 'dataset_s3_bucket_consumer', 'dataset_s3_bucket_producer' retrieved from /Users/swarnalidatta/Desktop/AutoQueryChatbot/.airflow-venv/lib/python3.12/site-packages/airflow/example_dags/example_dataset_alias.py
[2026-09-05T19:18:52.379+0200] {logging_mixin.py:190} INFO - [2026-09-05T19:18:52.379+0200] {dag.py:3239} INFO - Sync 4 DAGs
[2026-09-05T19:18:52.384+0200] {logging_mixin.py:190} INFO - [2026-09-05T19:18:52.384+0200] {dag.py:4180} INFO - Setting next_dagrun for dataset_alias_example_alias_consumer to None, run_after=None
[2026-09-05T19:18:52.385+0200] {logging_mixin.py:190} INFO - [2026-09-05T19:18:52.385+0200] {dag.py:4180} INFO - Setting next_dagrun for dataset_alias_example_alias_producer to None, run_after=None
[2026-09-05T19:18:52.385+0200] {logging_mixin.py:190} INFO - [2026-09-05T19:18:52.385+0200] {dag.py:4180} INFO - Setting next_dagrun for dataset_s3_bucket_consumer to None, run_after=None
[2026-09-05T19:18:52.385+0200] {logging_mixin.py:190} INFO - [2026-09-05T19:18:52.385+0200] {dag.py:4180} INFO - Setting next_dagrun for dataset_s3_bucket_producer to None, run_after=None
[2026-09-05T19:18:52.391+0200] {processor.py:208} INFO - Processing /Users/swarnalidatta/Desktop/AutoQueryChatbot/.airflow-venv/lib/python3.12/site-packages/airflow/example_dags/example_dataset_alias.py took 0.066 seconds
[2026-09-05T19:30:19.611+0200] {processor.py:186} INFO - Started process (PID=31353) to work on /Users/swarnalidatta/Desktop/AutoQueryChatbot/.airflow-venv/lib/python3.12/site-packages/airflow/example_dags/example_dataset_alias.py
[2026-09-05T19:30:19.612+0200] {processor.py:914} INFO - Processing file /Users/swarnalidatta/Desktop/AutoQueryChatbot/.airflow-venv/lib/python3.12/site-packages/airflow/example_dags/example_dataset_alias.py for tasks to queue
[2026-09-05T19:30:19.612+0200] {logging_mixin.py:190} INFO - [2026-09-05T19:30:19.612+0200] {dagbag.py:588} INFO - Filling up the DagBag from /Users/swarnalidatta/Desktop/AutoQueryChatbot/.airflow-venv/lib/python3.12/site-packages/airflow/example_dags/example_dataset_alias.py
[2026-09-05T19:30:19.658+0200] {processor.py:925} INFO - DAG(s) 'dataset_alias_example_alias_consumer', 'dataset_s3_bucket_producer', 'dataset_alias_example_alias_producer', 'dataset_s3_bucket_consumer' retrieved from /Users/swarnalidatta/Desktop/AutoQueryChatbot/.airflow-venv/lib/python3.12/site-packages/airflow/example_dags/example_dataset_alias.py
[2026-09-05T19:30:19.664+0200] {logging_mixin.py:190} INFO - [2026-09-05T19:30:19.664+0200] {dag.py:3239} INFO - Sync 4 DAGs
[2026-09-05T19:30:19.669+0200] {logging_mixin.py:190} INFO - [2026-09-05T19:30:19.669+0200] {dag.py:4180} INFO - Setting next_dagrun for dataset_alias_example_alias_consumer to None, run_after=None
[2026-09-05T19:30:19.670+0200] {logging_mixin.py:190} INFO - [2026-09-05T19:30:19.670+0200] {dag.py:4180} INFO - Setting next_dagrun for dataset_alias_example_alias_producer to None, run_after=None
[2026-09-05T19:30:19.670+0200] {logging_mixin.py:190} INFO - [2026-09-05T19:30:19.670+0200] {dag.py:4180} INFO - Setting next_dagrun for dataset_s3_bucket_consumer to None, run_after=None
[2026-09-05T19:30:19.670+0200] {logging_mixin.py:190} INFO - [2026-09-05T19:30:19.670+0200] {dag.py:4180} INFO - Setting next_dagrun for dataset_s3_bucket_producer to None, run_after=None
[2026-09-05T19:30:19.676+0200] {processor.py:208} INFO - Processing /Users/swarnalidatta/Desktop/AutoQueryChatbot/.airflow-venv/lib/python3.12/site-packages/airflow/example_dags/example_dataset_alias.py took 0.066 seconds
[2026-09-05T19:33:11.752+0200] {processor.py:186} INFO - Started process (PID=31917) to work on /Users/swarnalidatta/Desktop/AutoQueryChatbot/.airflow-venv/lib/python3.12/site-packages/airflow/example_dags/example_dataset_alias.py
[2026-09-05T19:33:11.753+0200] {processor.py:914} INFO - Processing file /Users/swarnalidatta/Desktop/AutoQueryChatbot/.airflow-venv/lib/python3.12/site-packages/airflow/example_dags/example_dataset_alias.py for tasks to queue
[2026-09-05T19:33:11.753+0200] {logging_mixin.py:190} INFO - [2026-09-05T19:33:11.753+0200] {dagbag.py:588} INFO - Filling up the DagBag from /Users/swarnalidatta/Desktop/AutoQueryChatbot/.airflow-venv/lib/python3.12/site-packages/airflow/example_dags/example_dataset_alias.py
[2026-09-05T19:33:11.799+0200] {processor.py:925} INFO - DAG(s) 'dataset_alias_example_alias_consumer', 'dataset_alias_example_alias_producer', 'dataset_s3_bucket_producer', 'dataset_s3_bucket_consumer' retrieved from /Users/swarnalidatta/Desktop/AutoQueryChatbot/.airflow-venv/lib/python3.12/site-packages/airflow/example_dags/example_dataset_alias.py
[2026-09-05T19:33:11.806+0200] {logging_mixin.py:190} INFO - [2026-09-05T19:33:11.806+0200] {dag.py:3239} INFO - Sync 4 DAGs
[2026-09-05T19:33:11.811+0200] {logging_mixin.py:190} INFO - [2026-09-05T19:33:11.811+0200] {dag.py:4180} INFO - Setting next_dagrun for dataset_alias_example_alias_consumer to None, run_after=None
[2026-09-05T19:33:11.811+0200] {logging_mixin.py:190} INFO - [2026-09-05T19:33:11.811+0200] {dag.py:4180} INFO - Setting next_dagrun for dataset_alias_example_alias_producer to None, run_after=None
[2026-09-05T19:33:11.812+0200] {logging_mixin.py:190} INFO - [2026-09-05T19:33:11.812+0200] {dag.py:4180} INFO - Setting next_dagrun for dataset_s3_bucket_consumer to None, run_after=None
[2026-09-05T19:33:11.812+0200] {logging_mixin.py:190} INFO - [2026-09-05T19:33:11.812+0200] {dag.py:4180} INFO - Setting next_dagrun for dataset_s3_bucket_producer to None, run_after=None
[2026-09-05T19:33:11.818+0200] {processor.py:208} INFO - Processing /Users/swarnalidatta/Desktop/AutoQueryChatbot/.airflow-venv/lib/python3.12/site-packages/airflow/example_dags/example_dataset_alias.py took 0.067 seconds
[2026-09-05T19:35:54.663+0200] {processor.py:186} INFO - Started process (PID=32701) to work on /Users/swarnalidatta/Desktop/AutoQueryChatbot/.airflow-venv/lib/python3.12/site-packages/airflow/example_dags/example_dataset_alias.py
[2026-09-05T19:35:54.664+0200] {processor.py:914} INFO - Processing file /Users/swarnalidatta/Desktop/AutoQueryChatbot/.airflow-venv/lib/python3.12/site-packages/airflow/example_dags/example_dataset_alias.py for tasks to queue
[2026-09-05T19:35:54.664+0200] {logging_mixin.py:190} INFO - [2026-09-05T19:35:54.664+0200] {dagbag.py:588} INFO - Filling up the DagBag from /Users/swarnalidatta/Desktop/AutoQueryChatbot/.airflow-venv/lib/python3.12/site-packages/airflow/example_dags/example_dataset_alias.py
[2026-09-05T19:35:54.711+0200] {processor.py:925} INFO - DAG(s) 'dataset_s3_bucket_producer', 'dataset_alias_example_alias_consumer', 'dataset_alias_example_alias_producer', 'dataset_s3_bucket_consumer' retrieved from /Users/swarnalidatta/Desktop/AutoQueryChatbot/.airflow-venv/lib/python3.12/site-packages/airflow/example_dags/example_dataset_alias.py
[2026-09-05T19:35:54.718+0200] {logging_mixin.py:190} INFO - [2026-09-05T19:35:54.718+0200] {dag.py:3239} INFO - Sync 4 DAGs
[2026-09-05T19:35:54.723+0200] {logging_mixin.py:190} INFO - [2026-09-05T19:35:54.723+0200] {dag.py:4180} INFO - Setting next_dagrun for dataset_alias_example_alias_consumer to None, run_after=None
[2026-09-05T19:35:54.723+0200] {logging_mixin.py:190} INFO - [2026-09-05T19:35:54.723+0200] {dag.py:4180} INFO - Setting next_dagrun for dataset_alias_example_alias_producer to None, run_after=None
[2026-09-05T19:35:54.723+0200] {logging_mixin.py:190} INFO - [2026-09-05T19:35:54.723+0200] {dag.py:4180} INFO - Setting next_dagrun for dataset_s3_bucket_consumer to None, run_after=None
[2026-09-05T19:35:54.724+0200] {logging_mixin.py:190} INFO - [2026-09-05T19:35:54.724+0200] {dag.py:4180} INFO - Setting next_dagrun for dataset_s3_bucket_producer to None, run_after=None
[2026-09-05T19:35:54.730+0200] {processor.py:208} INFO - Processing /Users/swarnalidatta/Desktop/AutoQueryChatbot/.airflow-venv/lib/python3.12/site-packages/airflow/example_dags/example_dataset_alias.py took 0.067 seconds
[2026-09-05T19:38:22.586+0200] {processor.py:186} INFO - Started process (PID=33289) to work on /Users/swarnalidatta/Desktop/AutoQueryChatbot/.airflow-venv/lib/python3.12/site-packages/airflow/example_dags/example_dataset_alias.py
[2026-09-05T19:38:22.587+0200] {processor.py:914} INFO - Processing file /Users/swarnalidatta/Desktop/AutoQueryChatbot/.airflow-venv/lib/python3.12/site-packages/airflow/example_dags/example_dataset_alias.py for tasks to queue
[2026-09-05T19:38:22.587+0200] {logging_mixin.py:190} INFO - [2026-09-05T19:38:22.587+0200] {dagbag.py:588} INFO - Filling up the DagBag from /Users/swarnalidatta/Desktop/AutoQueryChatbot/.airflow-venv/lib/python3.12/site-packages/airflow/example_dags/example_dataset_alias.py
[2026-09-05T19:38:22.634+0200] {processor.py:925} INFO - DAG(s) 'dataset_s3_bucket_producer', 'dataset_alias_example_alias_consumer', 'dataset_s3_bucket_consumer', 'dataset_alias_example_alias_producer' retrieved from /Users/swarnalidatta/Desktop/AutoQueryChatbot/.airflow-venv/lib/python3.12/site-packages/airflow/example_dags/example_dataset_alias.py
[2026-09-05T19:38:22.641+0200] {logging_mixin.py:190} INFO - [2026-09-05T19:38:22.641+0200] {dag.py:3239} INFO - Sync 4 DAGs
[2026-09-05T19:38:22.646+0200] {logging_mixin.py:190} INFO - [2026-09-05T19:38:22.645+0200] {dag.py:4180} INFO - Setting next_dagrun for dataset_alias_example_alias_consumer to None, run_after=None
[2026-09-05T19:38:22.646+0200] {logging_mixin.py:190} INFO - [2026-09-05T19:38:22.646+0200] {dag.py:4180} INFO - Setting next_dagrun for dataset_alias_example_alias_producer to None, run_after=None
[2026-09-05T19:38:22.646+0200] {logging_mixin.py:190} INFO - [2026-09-05T19:38:22.646+0200] {dag.py:4180} INFO - Setting next_dagrun for dataset_s3_bucket_consumer to None, run_after=None
[2026-09-05T19:38:22.647+0200] {logging_mixin.py:190} INFO - [2026-09-05T19:38:22.647+0200] {dag.py:4180} INFO - Setting next_dagrun for dataset_s3_bucket_producer to None, run_after=None
[2026-09-05T19:38:22.653+0200] {processor.py:208} INFO - Processing /Users/swarnalidatta/Desktop/AutoQueryChatbot/.airflow-venv/lib/python3.12/site-packages/airflow/example_dags/example_dataset_alias.py took 0.067 seconds
[2026-09-05T19:40:47.153+0200] {processor.py:186} INFO - Started process (PID=33816) to work on /Users/swarnalidatta/Desktop/AutoQueryChatbot/.airflow-venv/lib/python3.12/site-packages/airflow/example_dags/example_dataset_alias.py
[2026-09-05T19:40:47.153+0200] {processor.py:914} INFO - Processing file /Users/swarnalidatta/Desktop/AutoQueryChatbot/.airflow-venv/lib/python3.12/site-packages/airflow/example_dags/example_dataset_alias.py for tasks to queue
[2026-09-05T19:40:47.153+0200] {logging_mixin.py:190} INFO - [2026-09-05T19:40:47.153+0200] {dagbag.py:588} INFO - Filling up the DagBag from /Users/swarnalidatta/Desktop/AutoQueryChatbot/.airflow-venv/lib/python3.12/site-packages/airflow/example_dags/example_dataset_alias.py
[2026-09-05T19:40:47.200+0200] {processor.py:925} INFO - DAG(s) 'dataset_s3_bucket_consumer', 'dataset_alias_example_alias_consumer', 'dataset_alias_example_alias_producer', 'dataset_s3_bucket_producer' retrieved from /Users/swarnalidatta/Desktop/AutoQueryChatbot/.airflow-venv/lib/python3.12/site-packages/airflow/example_dags/example_dataset_alias.py
[2026-09-05T19:40:47.206+0200] {logging_mixin.py:190} INFO - [2026-09-05T19:40:47.206+0200] {dag.py:3239} INFO - Sync 4 DAGs
[2026-09-05T19:40:47.211+0200] {logging_mixin.py:190} INFO - [2026-09-05T19:40:47.211+0200] {dag.py:4180} INFO - Setting next_dagrun for dataset_alias_example_alias_consumer to None, run_after=None
[2026-09-05T19:40:47.212+0200] {logging_mixin.py:190} INFO - [2026-09-05T19:40:47.212+0200] {dag.py:4180} INFO - Setting next_dagrun for dataset_alias_example_alias_producer to None, run_after=None
[2026-09-05T19:40:47.212+0200] {logging_mixin.py:190} INFO - [2026-09-05T19:40:47.212+0200] {dag.py:4180} INFO - Setting next_dagrun for dataset_s3_bucket_consumer to None, run_after=None
[2026-09-05T19:40:47.212+0200] {logging_mixin.py:190} INFO - [2026-09-05T19:40:47.212+0200] {dag.py:4180} INFO - Setting next_dagrun for dataset_s3_bucket_producer to None, run_after=None
[2026-09-05T19:40:47.218+0200] {processor.py:208} INFO - Processing /Users/swarnalidatta/Desktop/AutoQueryChatbot/.airflow-venv/lib/python3.12/site-packages/airflow/example_dags/example_dataset_alias.py took 0.067 seconds
[2026-09-05T19:43:16.446+0200] {processor.py:186} INFO - Started process (PID=34384) to work on /Users/swarnalidatta/Desktop/AutoQueryChatbot/.airflow-venv/lib/python3.12/site-packages/airflow/example_dags/example_dataset_alias.py
[2026-09-05T19:43:16.447+0200] {processor.py:914} INFO - Processing file /Users/swarnalidatta/Desktop/AutoQueryChatbot/.airflow-venv/lib/python3.12/site-packages/airflow/example_dags/example_dataset_alias.py for tasks to queue
[2026-09-05T19:43:16.447+0200] {logging_mixin.py:190} INFO - [2026-09-05T19:43:16.447+0200] {dagbag.py:588} INFO - Filling up the DagBag from /Users/swarnalidatta/Desktop/AutoQueryChatbot/.airflow-venv/lib/python3.12/site-packages/airflow/example_dags/example_dataset_alias.py
[2026-09-05T19:43:16.493+0200] {processor.py:925} INFO - DAG(s) 'dataset_alias_example_alias_producer', 'dataset_s3_bucket_consumer', 'dataset_s3_bucket_producer', 'dataset_alias_example_alias_consumer' retrieved from /Users/swarnalidatta/Desktop/AutoQueryChatbot/.airflow-venv/lib/python3.12/site-packages/airflow/example_dags/example_dataset_alias.py
[2026-09-05T19:43:16.500+0200] {logging_mixin.py:190} INFO - [2026-09-05T19:43:16.500+0200] {dag.py:3239} INFO - Sync 4 DAGs
[2026-09-05T19:43:16.504+0200] {logging_mixin.py:190} INFO - [2026-09-05T19:43:16.504+0200] {dag.py:4180} INFO - Setting next_dagrun for dataset_alias_example_alias_consumer to None, run_after=None
[2026-09-05T19:43:16.505+0200] {logging_mixin.py:190} INFO - [2026-09-05T19:43:16.505+0200] {dag.py:4180} INFO - Setting next_dagrun for dataset_alias_example_alias_producer to None, run_after=None
[2026-09-05T19:43:16.505+0200] {logging_mixin.py:190} INFO - [2026-09-05T19:43:16.505+0200] {dag.py:4180} INFO - Setting next_dagrun for dataset_s3_bucket_consumer to None, run_after=None
[2026-09-05T19:43:16.505+0200] {logging_mixin.py:190} INFO - [2026-09-05T19:43:16.505+0200] {dag.py:4180} INFO - Setting next_dagrun for dataset_s3_bucket_producer to None, run_after=None
[2026-09-05T19:43:16.512+0200] {processor.py:208} INFO - Processing /Users/swarnalidatta/Desktop/AutoQueryChatbot/.airflow-venv/lib/python3.12/site-packages/airflow/example_dags/example_dataset_alias.py took 0.066 seconds
[2026-09-05T19:45:42.602+0200] {processor.py:186} INFO - Started process (PID=34938) to work on /Users/swarnalidatta/Desktop/AutoQueryChatbot/.airflow-venv/lib/python3.12/site-packages/airflow/example_dags/example_dataset_alias.py
[2026-09-05T19:45:42.603+0200] {processor.py:914} INFO - Processing file /Users/swarnalidatta/Desktop/AutoQueryChatbot/.airflow-venv/lib/python3.12/site-packages/airflow/example_dags/example_dataset_alias.py for tasks to queue
[2026-09-05T19:45:42.603+0200] {logging_mixin.py:190} INFO - [2026-09-05T19:45:42.603+0200] {dagbag.py:588} INFO - Filling up the DagBag from /Users/swarnalidatta/Desktop/AutoQueryChatbot/.airflow-venv/lib/python3.12/site-packages/airflow/example_dags/example_dataset_alias.py
[2026-09-05T19:45:42.650+0200] {processor.py:925} INFO - DAG(s) 'dataset_s3_bucket_producer', 'dataset_alias_example_alias_consumer', 'dataset_alias_example_alias_producer', 'dataset_s3_bucket_consumer' retrieved from /Users/swarnalidatta/Desktop/AutoQueryChatbot/.airflow-venv/lib/python3.12/site-packages/airflow/example_dags/example_dataset_alias.py
[2026-09-05T19:45:42.656+0200] {logging_mixin.py:190} INFO - [2026-09-05T19:45:42.656+0200] {dag.py:3239} INFO - Sync 4 DAGs
[2026-09-05T19:45:42.661+0200] {logging_mixin.py:190} INFO - [2026-09-05T19:45:42.661+0200] {dag.py:4180} INFO - Setting next_dagrun for dataset_alias_example_alias_consumer to None, run_after=None
[2026-09-05T19:45:42.662+0200] {logging_mixin.py:190} INFO - [2026-09-05T19:45:42.662+0200] {dag.py:4180} INFO - Setting next_dagrun for dataset_alias_example_alias_producer to None, run_after=None
[2026-09-05T19:45:42.662+0200] {logging_mixin.py:190} INFO - [2026-09-05T19:45:42.662+0200] {dag.py:4180} INFO - Setting next_dagrun for dataset_s3_bucket_consumer to None, run_after=None
[2026-09-05T19:45:42.662+0200] {logging_mixin.py:190} INFO - [2026-09-05T19:45:42.662+0200] {dag.py:4180} INFO - Setting next_dagrun for dataset_s3_bucket_producer to None, run_after=None
[2026-09-05T19:45:42.668+0200] {processor.py:208} INFO - Processing /Users/swarnalidatta/Desktop/AutoQueryChatbot/.airflow-venv/lib/python3.12/site-packages/airflow/example_dags/example_dataset_alias.py took 0.067 seconds
[2026-09-05T19:48:09.268+0200] {processor.py:186} INFO - Started process (PID=35474) to work on /Users/swarnalidatta/Desktop/AutoQueryChatbot/.airflow-venv/lib/python3.12/site-packages/airflow/example_dags/example_dataset_alias.py
[2026-09-05T19:48:09.268+0200] {processor.py:914} INFO - Processing file /Users/swarnalidatta/Desktop/AutoQueryChatbot/.airflow-venv/lib/python3.12/site-packages/airflow/example_dags/example_dataset_alias.py for tasks to queue
[2026-09-05T19:48:09.269+0200] {logging_mixin.py:190} INFO - [2026-09-05T19:48:09.269+0200] {dagbag.py:588} INFO - Filling up the DagBag from /Users/swarnalidatta/Desktop/AutoQueryChatbot/.airflow-venv/lib/python3.12/site-packages/airflow/example_dags/example_dataset_alias.py
[2026-09-05T19:48:09.315+0200] {processor.py:925} INFO - DAG(s) 'dataset_s3_bucket_consumer', 'dataset_alias_example_alias_consumer', 'dataset_s3_bucket_producer', 'dataset_alias_example_alias_producer' retrieved from /Users/swarnalidatta/Desktop/AutoQueryChatbot/.airflow-venv/lib/python3.12/site-packages/airflow/example_dags/example_dataset_alias.py
[2026-09-05T19:48:09.322+0200] {logging_mixin.py:190} INFO - [2026-09-05T19:48:09.322+0200] {dag.py:3239} INFO - Sync 4 DAGs
[2026-09-05T19:48:09.326+0200] {logging_mixin.py:190} INFO - [2026-09-05T19:48:09.326+0200] {dag.py:4180} INFO - Setting next_dagrun for dataset_alias_example_alias_consumer to None, run_after=None
[2026-09-05T19:48:09.327+0200] {logging_mixin.py:190} INFO - [2026-09-05T19:48:09.327+0200] {dag.py:4180} INFO - Setting next_dagrun for dataset_alias_example_alias_producer to None, run_after=None
[2026-09-05T19:48:09.327+0200] {logging_mixin.py:190} INFO - [2026-09-05T19:48:09.327+0200] {dag.py:4180} INFO - Setting next_dagrun for dataset_s3_bucket_consumer to None, run_after=None
[2026-09-05T19:48:09.328+0200] {logging_mixin.py:190} INFO - [2026-09-05T19:48:09.327+0200] {dag.py:4180} INFO - Setting next_dagrun for dataset_s3_bucket_producer to None, run_after=None
[2026-09-05T19:48:09.334+0200] {processor.py:208} INFO - Processing /Users/swarnalidatta/Desktop/AutoQueryChatbot/.airflow-venv/lib/python3.12/site-packages/airflow/example_dags/example_dataset_alias.py took 0.067 seconds
[2026-09-05T19:50:34.305+0200] {processor.py:186} INFO - Started process (PID=36198) to work on /Users/swarnalidatta/Desktop/AutoQueryChatbot/.airflow-venv/lib/python3.12/site-packages/airflow/example_dags/example_dataset_alias.py
[2026-09-05T19:50:34.305+0200] {processor.py:914} INFO - Processing file /Users/swarnalidatta/Desktop/AutoQueryChatbot/.airflow-venv/lib/python3.12/site-packages/airflow/example_dags/example_dataset_alias.py for tasks to queue
[2026-09-05T19:50:34.305+0200] {logging_mixin.py:190} INFO - [2026-09-05T19:50:34.305+0200] {dagbag.py:588} INFO - Filling up the DagBag from /Users/swarnalidatta/Desktop/AutoQueryChatbot/.airflow-venv/lib/python3.12/site-packages/airflow/example_dags/example_dataset_alias.py
[2026-09-05T19:50:34.352+0200] {processor.py:925} INFO - DAG(s) 'dataset_s3_bucket_consumer', 'dataset_s3_bucket_producer', 'dataset_alias_example_alias_consumer', 'dataset_alias_example_alias_producer' retrieved from /Users/swarnalidatta/Desktop/AutoQueryChatbot/.airflow-venv/lib/python3.12/site-packages/airflow/example_dags/example_dataset_alias.py
[2026-09-05T19:50:34.359+0200] {logging_mixin.py:190} INFO - [2026-09-05T19:50:34.358+0200] {dag.py:3239} INFO - Sync 4 DAGs
[2026-09-05T19:50:34.363+0200] {logging_mixin.py:190} INFO - [2026-09-05T19:50:34.363+0200] {dag.py:4180} INFO - Setting next_dagrun for dataset_alias_example_alias_consumer to None, run_after=None
[2026-09-05T19:50:34.364+0200] {logging_mixin.py:190} INFO - [2026-09-05T19:50:34.364+0200] {dag.py:4180} INFO - Setting next_dagrun for dataset_alias_example_alias_producer to None, run_after=None
[2026-09-05T19:50:34.364+0200] {logging_mixin.py:190} INFO - [2026-09-05T19:50:34.364+0200] {dag.py:4180} INFO - Setting next_dagrun for dataset_s3_bucket_consumer to None, run_after=None
[2026-09-05T19:50:34.364+0200] {logging_mixin.py:190} INFO - [2026-09-05T19:50:34.364+0200] {dag.py:4180} INFO - Setting next_dagrun for dataset_s3_bucket_producer to None, run_after=None
[2026-09-05T19:50:34.371+0200] {processor.py:208} INFO - Processing /Users/swarnalidatta/Desktop/AutoQueryChatbot/.airflow-venv/lib/python3.12/site-packages/airflow/example_dags/example_dataset_alias.py took 0.067 seconds
[2026-09-05T19:53:28.751+0200] {processor.py:186} INFO - Started process (PID=36821) to work on /Users/swarnalidatta/Desktop/AutoQueryChatbot/.airflow-venv/lib/python3.12/site-packages/airflow/example_dags/example_dataset_alias.py
[2026-09-05T19:53:28.752+0200] {processor.py:914} INFO - Processing file /Users/swarnalidatta/Desktop/AutoQueryChatbot/.airflow-venv/lib/python3.12/site-packages/airflow/example_dags/example_dataset_alias.py for tasks to queue
[2026-09-05T19:53:28.752+0200] {logging_mixin.py:190} INFO - [2026-09-05T19:53:28.752+0200] {dagbag.py:588} INFO - Filling up the DagBag from /Users/swarnalidatta/Desktop/AutoQueryChatbot/.airflow-venv/lib/python3.12/site-packages/airflow/example_dags/example_dataset_alias.py
[2026-09-05T19:53:28.799+0200] {processor.py:925} INFO - DAG(s) 'dataset_s3_bucket_consumer', 'dataset_s3_bucket_producer', 'dataset_alias_example_alias_producer', 'dataset_alias_example_alias_consumer' retrieved from /Users/swarnalidatta/Desktop/AutoQueryChatbot/.airflow-venv/lib/python3.12/site-packages/airflow/example_dags/example_dataset_alias.py
[2026-09-05T19:53:28.806+0200] {logging_mixin.py:190} INFO - [2026-09-05T19:53:28.805+0200] {dag.py:3239} INFO - Sync 4 DAGs
[2026-09-05T19:53:28.810+0200] {logging_mixin.py:190} INFO - [2026-09-05T19:53:28.810+0200] {dag.py:4180} INFO - Setting next_dagrun for dataset_alias_example_alias_consumer to None, run_after=None
[2026-09-05T19:53:28.811+0200] {logging_mixin.py:190} INFO - [2026-09-05T19:53:28.811+0200] {dag.py:4180} INFO - Setting next_dagrun for dataset_alias_example_alias_producer to None, run_after=None
[2026-09-05T19:53:28.811+0200] {logging_mixin.py:190} INFO - [2026-09-05T19:53:28.811+0200] {dag.py:4180} INFO - Setting next_dagrun for dataset_s3_bucket_consumer to None, run_after=None
[2026-09-05T19:53:28.811+0200] {logging_mixin.py:190} INFO - [2026-09-05T19:53:28.811+0200] {dag.py:4180} INFO - Setting next_dagrun for dataset_s3_bucket_producer to None, run_after=None
[2026-09-05T19:53:28.818+0200] {processor.py:208} INFO - Processing /Users/swarnalidatta/Desktop/AutoQueryChatbot/.airflow-venv/lib/python3.12/site-packages/airflow/example_dags/example_dataset_alias.py took 0.067 seconds
[2026-09-05T19:56:12.652+0200] {processor.py:186} INFO - Started process (PID=37381) to work on /Users/swarnalidatta/Desktop/AutoQueryChatbot/.airflow-venv/lib/python3.12/site-packages/airflow/example_dags/example_dataset_alias.py
[2026-09-05T19:56:12.653+0200] {processor.py:914} INFO - Processing file /Users/swarnalidatta/Desktop/AutoQueryChatbot/.airflow-venv/lib/python3.12/site-packages/airflow/example_dags/example_dataset_alias.py for tasks to queue
[2026-09-05T19:56:12.653+0200] {logging_mixin.py:190} INFO - [2026-09-05T19:56:12.653+0200] {dagbag.py:588} INFO - Filling up the DagBag from /Users/swarnalidatta/Desktop/AutoQueryChatbot/.airflow-venv/lib/python3.12/site-packages/airflow/example_dags/example_dataset_alias.py
[2026-09-05T19:56:12.699+0200] {processor.py:925} INFO - DAG(s) 'dataset_alias_example_alias_consumer', 'dataset_s3_bucket_consumer', 'dataset_alias_example_alias_producer', 'dataset_s3_bucket_producer' retrieved from /Users/swarnalidatta/Desktop/AutoQueryChatbot/.airflow-venv/lib/python3.12/site-packages/airflow/example_dags/example_dataset_alias.py
[2026-09-05T19:56:12.706+0200] {logging_mixin.py:190} INFO - [2026-09-05T19:56:12.706+0200] {dag.py:3239} INFO - Sync 4 DAGs
[2026-09-05T19:56:12.711+0200] {logging_mixin.py:190} INFO - [2026-09-05T19:56:12.710+0200] {dag.py:4180} INFO - Setting next_dagrun for dataset_alias_example_alias_consumer to None, run_after=None
[2026-09-05T19:56:12.711+0200] {logging_mixin.py:190} INFO - [2026-09-05T19:56:12.711+0200] {dag.py:4180} INFO - Setting next_dagrun for dataset_alias_example_alias_producer to None, run_after=None
[2026-09-05T19:56:12.711+0200] {logging_mixin.py:190} INFO - [2026-09-05T19:56:12.711+0200] {dag.py:4180} INFO - Setting next_dagrun for dataset_s3_bucket_consumer to None, run_after=None
[2026-09-05T19:56:12.712+0200] {logging_mixin.py:190} INFO - [2026-09-05T19:56:12.711+0200] {dag.py:4180} INFO - Setting next_dagrun for dataset_s3_bucket_producer to None, run_after=None
[2026-09-05T19:56:12.718+0200] {processor.py:208} INFO - Processing /Users/swarnalidatta/Desktop/AutoQueryChatbot/.airflow-venv/lib/python3.12/site-packages/airflow/example_dags/example_dataset_alias.py took 0.066 seconds
[2026-09-05T19:58:52.320+0200] {processor.py:186} INFO - Started process (PID=37899) to work on /Users/swarnalidatta/Desktop/AutoQueryChatbot/.airflow-venv/lib/python3.12/site-packages/airflow/example_dags/example_dataset_alias.py
[2026-09-05T19:58:52.320+0200] {processor.py:914} INFO - Processing file /Users/swarnalidatta/Desktop/AutoQueryChatbot/.airflow-venv/lib/python3.12/site-packages/airflow/example_dags/example_dataset_alias.py for tasks to queue
[2026-09-05T19:58:52.320+0200] {logging_mixin.py:190} INFO - [2026-09-05T19:58:52.320+0200] {dagbag.py:588} INFO - Filling up the DagBag from /Users/swarnalidatta/Desktop/AutoQueryChatbot/.airflow-venv/lib/python3.12/site-packages/airflow/example_dags/example_dataset_alias.py
[2026-09-05T19:58:52.370+0200] {processor.py:925} INFO - DAG(s) 'dataset_s3_bucket_consumer', 'dataset_alias_example_alias_producer', 'dataset_s3_bucket_producer', 'dataset_alias_example_alias_consumer' retrieved from /Users/swarnalidatta/Desktop/AutoQueryChatbot/.airflow-venv/lib/python3.12/site-packages/airflow/example_dags/example_dataset_alias.py
[2026-09-05T19:58:52.377+0200] {logging_mixin.py:190} INFO - [2026-09-05T19:58:52.377+0200] {dag.py:3239} INFO - Sync 4 DAGs
[2026-09-05T19:58:52.382+0200] {logging_mixin.py:190} INFO - [2026-09-05T19:58:52.382+0200] {dag.py:4180} INFO - Setting next_dagrun for dataset_alias_example_alias_consumer to None, run_after=None
[2026-09-05T19:58:52.383+0200] {logging_mixin.py:190} INFO - [2026-09-05T19:58:52.383+0200] {dag.py:4180} INFO - Setting next_dagrun for dataset_alias_example_alias_producer to None, run_after=None
[2026-09-05T19:58:52.383+0200] {logging_mixin.py:190} INFO - [2026-09-05T19:58:52.383+0200] {dag.py:4180} INFO - Setting next_dagrun for dataset_s3_bucket_consumer to None, run_after=None
[2026-09-05T19:58:52.383+0200] {logging_mixin.py:190} INFO - [2026-09-05T19:58:52.383+0200] {dag.py:4180} INFO - Setting next_dagrun for dataset_s3_bucket_producer to None, run_after=None
[2026-09-05T19:58:52.390+0200] {processor.py:208} INFO - Processing /Users/swarnalidatta/Desktop/AutoQueryChatbot/.airflow-venv/lib/python3.12/site-packages/airflow/example_dags/example_dataset_alias.py took 0.071 seconds
[2026-09-05T20:01:41.986+0200] {processor.py:186} INFO - Started process (PID=38421) to work on /Users/swarnalidatta/Desktop/AutoQueryChatbot/.airflow-venv/lib/python3.12/site-packages/airflow/example_dags/example_dataset_alias.py
[2026-09-05T20:01:41.987+0200] {processor.py:914} INFO - Processing file /Users/swarnalidatta/Desktop/AutoQueryChatbot/.airflow-venv/lib/python3.12/site-packages/airflow/example_dags/example_dataset_alias.py for tasks to queue
[2026-09-05T20:01:41.987+0200] {logging_mixin.py:190} INFO - [2026-09-05T20:01:41.987+0200] {dagbag.py:588} INFO - Filling up the DagBag from /Users/swarnalidatta/Desktop/AutoQueryChatbot/.airflow-venv/lib/python3.12/site-packages/airflow/example_dags/example_dataset_alias.py
[2026-09-05T20:01:42.037+0200] {processor.py:925} INFO - DAG(s) 'dataset_s3_bucket_producer', 'dataset_alias_example_alias_producer', 'dataset_s3_bucket_consumer', 'dataset_alias_example_alias_consumer' retrieved from /Users/swarnalidatta/Desktop/AutoQueryChatbot/.airflow-venv/lib/python3.12/site-packages/airflow/example_dags/example_dataset_alias.py
[2026-09-05T20:01:42.080+0200] {logging_mixin.py:190} INFO - [2026-09-05T20:01:42.080+0200] {dag.py:3239} INFO - Sync 4 DAGs
[2026-09-05T20:01:42.086+0200] {logging_mixin.py:190} INFO - [2026-09-05T20:01:42.086+0200] {dag.py:4180} INFO - Setting next_dagrun for dataset_alias_example_alias_consumer to None, run_after=None
[2026-09-05T20:01:42.087+0200] {logging_mixin.py:190} INFO - [2026-09-05T20:01:42.087+0200] {dag.py:4180} INFO - Setting next_dagrun for dataset_alias_example_alias_producer to None, run_after=None
[2026-09-05T20:01:42.087+0200] {logging_mixin.py:190} INFO - [2026-09-05T20:01:42.087+0200] {dag.py:4180} INFO - Setting next_dagrun for dataset_s3_bucket_consumer to None, run_after=None
[2026-09-05T20:01:42.087+0200] {logging_mixin.py:190} INFO - [2026-09-05T20:01:42.087+0200] {dag.py:4180} INFO - Setting next_dagrun for dataset_s3_bucket_producer to None, run_after=None
[2026-09-05T20:01:42.095+0200] {processor.py:208} INFO - Processing /Users/swarnalidatta/Desktop/AutoQueryChatbot/.airflow-venv/lib/python3.12/site-packages/airflow/example_dags/example_dataset_alias.py took 0.110 seconds
[2026-09-05T20:05:16.841+0200] {processor.py:186} INFO - Started process (PID=38878) to work on /Users/swarnalidatta/Desktop/AutoQueryChatbot/.airflow-venv/lib/python3.12/site-packages/airflow/example_dags/example_dataset_alias.py
[2026-09-05T20:05:16.842+0200] {processor.py:914} INFO - Processing file /Users/swarnalidatta/Desktop/AutoQueryChatbot/.airflow-venv/lib/python3.12/site-packages/airflow/example_dags/example_dataset_alias.py for tasks to queue
[2026-09-05T20:05:16.842+0200] {logging_mixin.py:190} INFO - [2026-09-05T20:05:16.842+0200] {dagbag.py:588} INFO - Filling up the DagBag from /Users/swarnalidatta/Desktop/AutoQueryChatbot/.airflow-venv/lib/python3.12/site-packages/airflow/example_dags/example_dataset_alias.py
[2026-09-05T20:05:16.889+0200] {processor.py:925} INFO - DAG(s) 'dataset_s3_bucket_consumer', 'dataset_alias_example_alias_consumer', 'dataset_s3_bucket_producer', 'dataset_alias_example_alias_producer' retrieved from /Users/swarnalidatta/Desktop/AutoQueryChatbot/.airflow-venv/lib/python3.12/site-packages/airflow/example_dags/example_dataset_alias.py
[2026-09-05T20:05:16.917+0200] {logging_mixin.py:190} INFO - [2026-09-05T20:05:16.917+0200] {dag.py:3239} INFO - Sync 4 DAGs
[2026-09-05T20:05:16.922+0200] {logging_mixin.py:190} INFO - [2026-09-05T20:05:16.922+0200] {dag.py:4180} INFO - Setting next_dagrun for dataset_alias_example_alias_consumer to None, run_after=None
[2026-09-05T20:05:16.923+0200] {logging_mixin.py:190} INFO - [2026-09-05T20:05:16.922+0200] {dag.py:4180} INFO - Setting next_dagrun for dataset_alias_example_alias_producer to None, run_after=None
[2026-09-05T20:05:16.923+0200] {logging_mixin.py:190} INFO - [2026-09-05T20:05:16.923+0200] {dag.py:4180} INFO - Setting next_dagrun for dataset_s3_bucket_consumer to None, run_after=None
[2026-09-05T20:05:16.923+0200] {logging_mixin.py:190} INFO - [2026-09-05T20:05:16.923+0200] {dag.py:4180} INFO - Setting next_dagrun for dataset_s3_bucket_producer to None, run_after=None
[2026-09-05T20:05:16.929+0200] {processor.py:208} INFO - Processing /Users/swarnalidatta/Desktop/AutoQueryChatbot/.airflow-venv/lib/python3.12/site-packages/airflow/example_dags/example_dataset_alias.py took 0.089 seconds
[2026-09-05T20:09:22.770+0200] {processor.py:186} INFO - Started process (PID=39523) to work on /Users/swarnalidatta/Desktop/AutoQueryChatbot/.airflow-venv/lib/python3.12/site-packages/airflow/example_dags/example_dataset_alias.py
[2026-09-05T20:09:22.770+0200] {processor.py:914} INFO - Processing file /Users/swarnalidatta/Desktop/AutoQueryChatbot/.airflow-venv/lib/python3.12/site-packages/airflow/example_dags/example_dataset_alias.py for tasks to queue
[2026-09-05T20:09:22.770+0200] {logging_mixin.py:190} INFO - [2026-09-05T20:09:22.770+0200] {dagbag.py:588} INFO - Filling up the DagBag from /Users/swarnalidatta/Desktop/AutoQueryChatbot/.airflow-venv/lib/python3.12/site-packages/airflow/example_dags/example_dataset_alias.py
[2026-09-05T20:09:22.818+0200] {processor.py:925} INFO - DAG(s) 'dataset_s3_bucket_consumer', 'dataset_s3_bucket_producer', 'dataset_alias_example_alias_consumer', 'dataset_alias_example_alias_producer' retrieved from /Users/swarnalidatta/Desktop/AutoQueryChatbot/.airflow-venv/lib/python3.12/site-packages/airflow/example_dags/example_dataset_alias.py
[2026-09-05T20:09:22.847+0200] {logging_mixin.py:190} INFO - [2026-09-05T20:09:22.846+0200] {dag.py:3239} INFO - Sync 4 DAGs
[2026-09-05T20:09:22.851+0200] {logging_mixin.py:190} INFO - [2026-09-05T20:09:22.851+0200] {dag.py:4180} INFO - Setting next_dagrun for dataset_alias_example_alias_consumer to None, run_after=None
[2026-09-05T20:09:22.852+0200] {logging_mixin.py:190} INFO - [2026-09-05T20:09:22.852+0200] {dag.py:4180} INFO - Setting next_dagrun for dataset_alias_example_alias_producer to None, run_after=None
[2026-09-05T20:09:22.852+0200] {logging_mixin.py:190} INFO - [2026-09-05T20:09:22.852+0200] {dag.py:4180} INFO - Setting next_dagrun for dataset_s3_bucket_consumer to None, run_after=None
[2026-09-05T20:09:22.852+0200] {logging_mixin.py:190} INFO - [2026-09-05T20:09:22.852+0200] {dag.py:4180} INFO - Setting next_dagrun for dataset_s3_bucket_producer to None, run_after=None
[2026-09-05T20:09:22.858+0200] {processor.py:208} INFO - Processing /Users/swarnalidatta/Desktop/AutoQueryChatbot/.airflow-venv/lib/python3.12/site-packages/airflow/example_dags/example_dataset_alias.py took 0.089 seconds
[2026-09-05T20:11:39.300+0200] {processor.py:186} INFO - Started process (PID=41119) to work on /Users/swarnalidatta/Desktop/AutoQueryChatbot/.airflow-venv/lib/python3.12/site-packages/airflow/example_dags/example_dataset_alias.py
[2026-09-05T20:11:39.300+0200] {processor.py:914} INFO - Processing file /Users/swarnalidatta/Desktop/AutoQueryChatbot/.airflow-venv/lib/python3.12/site-packages/airflow/example_dags/example_dataset_alias.py for tasks to queue
[2026-09-05T20:11:39.300+0200] {logging_mixin.py:190} INFO - [2026-09-05T20:11:39.300+0200] {dagbag.py:588} INFO - Filling up the DagBag from /Users/swarnalidatta/Desktop/AutoQueryChatbot/.airflow-venv/lib/python3.12/site-packages/airflow/example_dags/example_dataset_alias.py
[2026-09-05T20:11:39.347+0200] {processor.py:925} INFO - DAG(s) 'dataset_s3_bucket_consumer', 'dataset_s3_bucket_producer', 'dataset_alias_example_alias_consumer', 'dataset_alias_example_alias_producer' retrieved from /Users/swarnalidatta/Desktop/AutoQueryChatbot/.airflow-venv/lib/python3.12/site-packages/airflow/example_dags/example_dataset_alias.py
[2026-09-05T20:11:39.375+0200] {logging_mixin.py:190} INFO - [2026-09-05T20:11:39.375+0200] {dag.py:3239} INFO - Sync 4 DAGs
[2026-09-05T20:11:39.380+0200] {logging_mixin.py:190} INFO - [2026-09-05T20:11:39.380+0200] {dag.py:4180} INFO - Setting next_dagrun for dataset_alias_example_alias_consumer to None, run_after=None
[2026-09-05T20:11:39.381+0200] {logging_mixin.py:190} INFO - [2026-09-05T20:11:39.381+0200] {dag.py:4180} INFO - Setting next_dagrun for dataset_alias_example_alias_producer to None, run_after=None
[2026-09-05T20:11:39.381+0200] {logging_mixin.py:190} INFO - [2026-09-05T20:11:39.381+0200] {dag.py:4180} INFO - Setting next_dagrun for dataset_s3_bucket_consumer to None, run_after=None
[2026-09-05T20:11:39.381+0200] {logging_mixin.py:190} INFO - [2026-09-05T20:11:39.381+0200] {dag.py:4180} INFO - Setting next_dagrun for dataset_s3_bucket_producer to None, run_after=None
[2026-09-05T20:11:39.387+0200] {processor.py:208} INFO - Processing /Users/swarnalidatta/Desktop/AutoQueryChatbot/.airflow-venv/lib/python3.12/site-packages/airflow/example_dags/example_dataset_alias.py took 0.088 seconds
[2026-09-05T20:13:57.334+0200] {processor.py:186} INFO - Started process (PID=43271) to work on /Users/swarnalidatta/Desktop/AutoQueryChatbot/.airflow-venv/lib/python3.12/site-packages/airflow/example_dags/example_dataset_alias.py
[2026-09-05T20:13:57.335+0200] {processor.py:914} INFO - Processing file /Users/swarnalidatta/Desktop/AutoQueryChatbot/.airflow-venv/lib/python3.12/site-packages/airflow/example_dags/example_dataset_alias.py for tasks to queue
[2026-09-05T20:13:57.335+0200] {logging_mixin.py:190} INFO - [2026-09-05T20:13:57.335+0200] {dagbag.py:588} INFO - Filling up the DagBag from /Users/swarnalidatta/Desktop/AutoQueryChatbot/.airflow-venv/lib/python3.12/site-packages/airflow/example_dags/example_dataset_alias.py
[2026-09-05T20:13:57.382+0200] {processor.py:925} INFO - DAG(s) 'dataset_alias_example_alias_producer', 'dataset_s3_bucket_consumer', 'dataset_s3_bucket_producer', 'dataset_alias_example_alias_consumer' retrieved from /Users/swarnalidatta/Desktop/AutoQueryChatbot/.airflow-venv/lib/python3.12/site-packages/airflow/example_dags/example_dataset_alias.py
[2026-09-05T20:13:57.410+0200] {logging_mixin.py:190} INFO - [2026-09-05T20:13:57.410+0200] {dag.py:3239} INFO - Sync 4 DAGs
[2026-09-05T20:13:57.415+0200] {logging_mixin.py:190} INFO - [2026-09-05T20:13:57.415+0200] {dag.py:4180} INFO - Setting next_dagrun for dataset_alias_example_alias_consumer to None, run_after=None
[2026-09-05T20:13:57.415+0200] {logging_mixin.py:190} INFO - [2026-09-05T20:13:57.415+0200] {dag.py:4180} INFO - Setting next_dagrun for dataset_alias_example_alias_producer to None, run_after=None
[2026-09-05T20:13:57.415+0200] {logging_mixin.py:190} INFO - [2026-09-05T20:13:57.415+0200] {dag.py:4180} INFO - Setting next_dagrun for dataset_s3_bucket_consumer to None, run_after=None
[2026-09-05T20:13:57.416+0200] {logging_mixin.py:190} INFO - [2026-09-05T20:13:57.416+0200] {dag.py:4180} INFO - Setting next_dagrun for dataset_s3_bucket_producer to None, run_after=None
[2026-09-05T20:13:57.421+0200] {processor.py:208} INFO - Processing /Users/swarnalidatta/Desktop/AutoQueryChatbot/.airflow-venv/lib/python3.12/site-packages/airflow/example_dags/example_dataset_alias.py took 0.088 seconds
[2026-09-05T20:16:22.652+0200] {processor.py:186} INFO - Started process (PID=44209) to work on /Users/swarnalidatta/Desktop/AutoQueryChatbot/.airflow-venv/lib/python3.12/site-packages/airflow/example_dags/example_dataset_alias.py
[2026-09-05T20:16:22.653+0200] {processor.py:914} INFO - Processing file /Users/swarnalidatta/Desktop/AutoQueryChatbot/.airflow-venv/lib/python3.12/site-packages/airflow/example_dags/example_dataset_alias.py for tasks to queue
[2026-09-05T20:16:22.653+0200] {logging_mixin.py:190} INFO - [2026-09-05T20:16:22.653+0200] {dagbag.py:588} INFO - Filling up the DagBag from /Users/swarnalidatta/Desktop/AutoQueryChatbot/.airflow-venv/lib/python3.12/site-packages/airflow/example_dags/example_dataset_alias.py
[2026-09-05T20:16:22.701+0200] {processor.py:925} INFO - DAG(s) 'dataset_alias_example_alias_consumer', 'dataset_s3_bucket_consumer', 'dataset_alias_example_alias_producer', 'dataset_s3_bucket_producer' retrieved from /Users/swarnalidatta/Desktop/AutoQueryChatbot/.airflow-venv/lib/python3.12/site-packages/airflow/example_dags/example_dataset_alias.py
[2026-09-05T20:16:22.731+0200] {logging_mixin.py:190} INFO - [2026-09-05T20:16:22.730+0200] {dag.py:3239} INFO - Sync 4 DAGs
[2026-09-05T20:16:22.736+0200] {logging_mixin.py:190} INFO - [2026-09-05T20:16:22.735+0200] {dag.py:4180} INFO - Setting next_dagrun for dataset_alias_example_alias_consumer to None, run_after=None
[2026-09-05T20:16:22.736+0200] {logging_mixin.py:190} INFO - [2026-09-05T20:16:22.736+0200] {dag.py:4180} INFO - Setting next_dagrun for dataset_alias_example_alias_producer to None, run_after=None
[2026-09-05T20:16:22.736+0200] {logging_mixin.py:190} INFO - [2026-09-05T20:16:22.736+0200] {dag.py:4180} INFO - Setting next_dagrun for dataset_s3_bucket_consumer to None, run_after=None
[2026-09-05T20:16:22.737+0200] {logging_mixin.py:190} INFO - [2026-09-05T20:16:22.737+0200] {dag.py:4180} INFO - Setting next_dagrun for dataset_s3_bucket_producer to None, run_after=None
[2026-09-05T20:16:22.742+0200] {processor.py:208} INFO - Processing /Users/swarnalidatta/Desktop/AutoQueryChatbot/.airflow-venv/lib/python3.12/site-packages/airflow/example_dags/example_dataset_alias.py took 0.091 seconds
[2026-09-05T20:18:49.741+0200] {processor.py:186} INFO - Started process (PID=45534) to work on /Users/swarnalidatta/Desktop/AutoQueryChatbot/.airflow-venv/lib/python3.12/site-packages/airflow/example_dags/example_dataset_alias.py
[2026-09-05T20:18:49.742+0200] {processor.py:914} INFO - Processing file /Users/swarnalidatta/Desktop/AutoQueryChatbot/.airflow-venv/lib/python3.12/site-packages/airflow/example_dags/example_dataset_alias.py for tasks to queue
[2026-09-05T20:18:49.742+0200] {logging_mixin.py:190} INFO - [2026-09-05T20:18:49.742+0200] {dagbag.py:588} INFO - Filling up the DagBag from /Users/swarnalidatta/Desktop/AutoQueryChatbot/.airflow-venv/lib/python3.12/site-packages/airflow/example_dags/example_dataset_alias.py
[2026-09-05T20:18:49.790+0200] {processor.py:925} INFO - DAG(s) 'dataset_alias_example_alias_consumer', 'dataset_alias_example_alias_producer', 'dataset_s3_bucket_consumer', 'dataset_s3_bucket_producer' retrieved from /Users/swarnalidatta/Desktop/AutoQueryChatbot/.airflow-venv/lib/python3.12/site-packages/airflow/example_dags/example_dataset_alias.py
[2026-09-05T20:18:49.820+0200] {logging_mixin.py:190} INFO - [2026-09-05T20:18:49.820+0200] {dag.py:3239} INFO - Sync 4 DAGs
[2026-09-05T20:18:49.825+0200] {logging_mixin.py:190} INFO - [2026-09-05T20:18:49.825+0200] {dag.py:4180} INFO - Setting next_dagrun for dataset_alias_example_alias_consumer to None, run_after=None
[2026-09-05T20:18:49.826+0200] {logging_mixin.py:190} INFO - [2026-09-05T20:18:49.826+0200] {dag.py:4180} INFO - Setting next_dagrun for dataset_alias_example_alias_producer to None, run_after=None
[2026-09-05T20:18:49.826+0200] {logging_mixin.py:190} INFO - [2026-09-05T20:18:49.826+0200] {dag.py:4180} INFO - Setting next_dagrun for dataset_s3_bucket_consumer to None, run_after=None
[2026-09-05T20:18:49.826+0200] {logging_mixin.py:190} INFO - [2026-09-05T20:18:49.826+0200] {dag.py:4180} INFO - Setting next_dagrun for dataset_s3_bucket_producer to None, run_after=None
[2026-09-05T20:18:49.832+0200] {processor.py:208} INFO - Processing /Users/swarnalidatta/Desktop/AutoQueryChatbot/.airflow-venv/lib/python3.12/site-packages/airflow/example_dags/example_dataset_alias.py took 0.091 seconds
[2026-09-05T20:21:32.219+0200] {processor.py:186} INFO - Started process (PID=46105) to work on /Users/swarnalidatta/Desktop/AutoQueryChatbot/.airflow-venv/lib/python3.12/site-packages/airflow/example_dags/example_dataset_alias.py
[2026-09-05T20:21:32.219+0200] {processor.py:914} INFO - Processing file /Users/swarnalidatta/Desktop/AutoQueryChatbot/.airflow-venv/lib/python3.12/site-packages/airflow/example_dags/example_dataset_alias.py for tasks to queue
[2026-09-05T20:21:32.219+0200] {logging_mixin.py:190} INFO - [2026-09-05T20:21:32.219+0200] {dagbag.py:588} INFO - Filling up the DagBag from /Users/swarnalidatta/Desktop/AutoQueryChatbot/.airflow-venv/lib/python3.12/site-packages/airflow/example_dags/example_dataset_alias.py
[2026-09-05T20:21:32.266+0200] {processor.py:925} INFO - DAG(s) 'dataset_s3_bucket_producer', 'dataset_alias_example_alias_consumer', 'dataset_s3_bucket_consumer', 'dataset_alias_example_alias_producer' retrieved from /Users/swarnalidatta/Desktop/AutoQueryChatbot/.airflow-venv/lib/python3.12/site-packages/airflow/example_dags/example_dataset_alias.py
[2026-09-05T20:21:32.294+0200] {logging_mixin.py:190} INFO - [2026-09-05T20:21:32.294+0200] {dag.py:3239} INFO - Sync 4 DAGs
[2026-09-05T20:21:32.299+0200] {logging_mixin.py:190} INFO - [2026-09-05T20:21:32.299+0200] {dag.py:4180} INFO - Setting next_dagrun for dataset_alias_example_alias_consumer to None, run_after=None
[2026-09-05T20:21:32.300+0200] {logging_mixin.py:190} INFO - [2026-09-05T20:21:32.300+0200] {dag.py:4180} INFO - Setting next_dagrun for dataset_alias_example_alias_producer to None, run_after=None
[2026-09-05T20:21:32.300+0200] {logging_mixin.py:190} INFO - [2026-09-05T20:21:32.300+0200] {dag.py:4180} INFO - Setting next_dagrun for dataset_s3_bucket_consumer to None, run_after=None
[2026-09-05T20:21:32.300+0200] {logging_mixin.py:190} INFO - [2026-09-05T20:21:32.300+0200] {dag.py:4180} INFO - Setting next_dagrun for dataset_s3_bucket_producer to None, run_after=None
[2026-09-05T20:21:32.306+0200] {processor.py:208} INFO - Processing /Users/swarnalidatta/Desktop/AutoQueryChatbot/.airflow-venv/lib/python3.12/site-packages/airflow/example_dags/example_dataset_alias.py took 0.088 seconds
[2026-09-05T20:26:00.461+0200] {processor.py:186} INFO - Started process (PID=47095) to work on /Users/swarnalidatta/Desktop/AutoQueryChatbot/.airflow-venv/lib/python3.12/site-packages/airflow/example_dags/example_dataset_alias.py
[2026-09-05T20:26:00.462+0200] {processor.py:914} INFO - Processing file /Users/swarnalidatta/Desktop/AutoQueryChatbot/.airflow-venv/lib/python3.12/site-packages/airflow/example_dags/example_dataset_alias.py for tasks to queue
[2026-09-05T20:26:00.462+0200] {logging_mixin.py:190} INFO - [2026-09-05T20:26:00.462+0200] {dagbag.py:588} INFO - Filling up the DagBag from /Users/swarnalidatta/Desktop/AutoQueryChatbot/.airflow-venv/lib/python3.12/site-packages/airflow/example_dags/example_dataset_alias.py
[2026-09-05T20:26:00.510+0200] {processor.py:925} INFO - DAG(s) 'dataset_alias_example_alias_producer', 'dataset_s3_bucket_producer', 'dataset_alias_example_alias_consumer', 'dataset_s3_bucket_consumer' retrieved from /Users/swarnalidatta/Desktop/AutoQueryChatbot/.airflow-venv/lib/python3.12/site-packages/airflow/example_dags/example_dataset_alias.py
[2026-09-05T20:26:00.538+0200] {logging_mixin.py:190} INFO - [2026-09-05T20:26:00.538+0200] {dag.py:3239} INFO - Sync 4 DAGs
[2026-09-05T20:26:00.543+0200] {logging_mixin.py:190} INFO - [2026-09-05T20:26:00.543+0200] {dag.py:4180} INFO - Setting next_dagrun for dataset_alias_example_alias_consumer to None, run_after=None
[2026-09-05T20:26:00.544+0200] {logging_mixin.py:190} INFO - [2026-09-05T20:26:00.544+0200] {dag.py:4180} INFO - Setting next_dagrun for dataset_alias_example_alias_producer to None, run_after=None
[2026-09-05T20:26:00.544+0200] {logging_mixin.py:190} INFO - [2026-09-05T20:26:00.544+0200] {dag.py:4180} INFO - Setting next_dagrun for dataset_s3_bucket_consumer to None, run_after=None
[2026-09-05T20:26:00.544+0200] {logging_mixin.py:190} INFO - [2026-09-05T20:26:00.544+0200] {dag.py:4180} INFO - Setting next_dagrun for dataset_s3_bucket_producer to None, run_after=None
[2026-09-05T20:26:00.550+0200] {processor.py:208} INFO - Processing /Users/swarnalidatta/Desktop/AutoQueryChatbot/.airflow-venv/lib/python3.12/site-packages/airflow/example_dags/example_dataset_alias.py took 0.090 seconds
[2026-09-05T20:28:33.907+0200] {processor.py:186} INFO - Started process (PID=47440) to work on /Users/swarnalidatta/Desktop/AutoQueryChatbot/.airflow-venv/lib/python3.12/site-packages/airflow/example_dags/example_dataset_alias.py
[2026-09-05T20:28:33.908+0200] {processor.py:914} INFO - Processing file /Users/swarnalidatta/Desktop/AutoQueryChatbot/.airflow-venv/lib/python3.12/site-packages/airflow/example_dags/example_dataset_alias.py for tasks to queue
[2026-09-05T20:28:33.908+0200] {logging_mixin.py:190} INFO - [2026-09-05T20:28:33.908+0200] {dagbag.py:588} INFO - Filling up the DagBag from /Users/swarnalidatta/Desktop/AutoQueryChatbot/.airflow-venv/lib/python3.12/site-packages/airflow/example_dags/example_dataset_alias.py
[2026-09-05T20:28:33.955+0200] {processor.py:925} INFO - DAG(s) 'dataset_s3_bucket_producer', 'dataset_alias_example_alias_consumer', 'dataset_alias_example_alias_producer', 'dataset_s3_bucket_consumer' retrieved from /Users/swarnalidatta/Desktop/AutoQueryChatbot/.airflow-venv/lib/python3.12/site-packages/airflow/example_dags/example_dataset_alias.py
[2026-09-05T20:28:33.986+0200] {logging_mixin.py:190} INFO - [2026-09-05T20:28:33.986+0200] {dag.py:3239} INFO - Sync 4 DAGs
[2026-09-05T20:28:33.991+0200] {logging_mixin.py:190} INFO - [2026-09-05T20:28:33.991+0200] {dag.py:4180} INFO - Setting next_dagrun for dataset_alias_example_alias_consumer to None, run_after=None
[2026-09-05T20:28:33.992+0200] {logging_mixin.py:190} INFO - [2026-09-05T20:28:33.991+0200] {dag.py:4180} INFO - Setting next_dagrun for dataset_alias_example_alias_producer to None, run_after=None
[2026-09-05T20:28:33.992+0200] {logging_mixin.py:190} INFO - [2026-09-05T20:28:33.992+0200] {dag.py:4180} INFO - Setting next_dagrun for dataset_s3_bucket_consumer to None, run_after=None
[2026-09-05T20:28:33.992+0200] {logging_mixin.py:190} INFO - [2026-09-05T20:28:33.992+0200] {dag.py:4180} INFO - Setting next_dagrun for dataset_s3_bucket_producer to None, run_after=None
[2026-09-05T20:28:33.999+0200] {processor.py:208} INFO - Processing /Users/swarnalidatta/Desktop/AutoQueryChatbot/.airflow-venv/lib/python3.12/site-packages/airflow/example_dags/example_dataset_alias.py took 0.093 seconds
[2026-09-05T20:30:40.981+0200] {processor.py:186} INFO - Started process (PID=47790) to work on /Users/swarnalidatta/Desktop/AutoQueryChatbot/.airflow-venv/lib/python3.12/site-packages/airflow/example_dags/example_dataset_alias.py
[2026-09-05T20:30:40.982+0200] {processor.py:914} INFO - Processing file /Users/swarnalidatta/Desktop/AutoQueryChatbot/.airflow-venv/lib/python3.12/site-packages/airflow/example_dags/example_dataset_alias.py for tasks to queue
[2026-09-05T20:30:40.982+0200] {logging_mixin.py:190} INFO - [2026-09-05T20:30:40.982+0200] {dagbag.py:588} INFO - Filling up the DagBag from /Users/swarnalidatta/Desktop/AutoQueryChatbot/.airflow-venv/lib/python3.12/site-packages/airflow/example_dags/example_dataset_alias.py
[2026-09-05T20:30:41.029+0200] {processor.py:925} INFO - DAG(s) 'dataset_alias_example_alias_producer', 'dataset_s3_bucket_consumer', 'dataset_alias_example_alias_consumer', 'dataset_s3_bucket_producer' retrieved from /Users/swarnalidatta/Desktop/AutoQueryChatbot/.airflow-venv/lib/python3.12/site-packages/airflow/example_dags/example_dataset_alias.py
[2026-09-05T20:30:41.057+0200] {logging_mixin.py:190} INFO - [2026-09-05T20:30:41.057+0200] {dag.py:3239} INFO - Sync 4 DAGs
[2026-09-05T20:30:41.062+0200] {logging_mixin.py:190} INFO - [2026-09-05T20:30:41.062+0200] {dag.py:4180} INFO - Setting next_dagrun for dataset_alias_example_alias_consumer to None, run_after=None
[2026-09-05T20:30:41.063+0200] {logging_mixin.py:190} INFO - [2026-09-05T20:30:41.063+0200] {dag.py:4180} INFO - Setting next_dagrun for dataset_alias_example_alias_producer to None, run_after=None
[2026-09-05T20:30:41.063+0200] {logging_mixin.py:190} INFO - [2026-09-05T20:30:41.063+0200] {dag.py:4180} INFO - Setting next_dagrun for dataset_s3_bucket_consumer to None, run_after=None
[2026-09-05T20:30:41.063+0200] {logging_mixin.py:190} INFO - [2026-09-05T20:30:41.063+0200] {dag.py:4180} INFO - Setting next_dagrun for dataset_s3_bucket_producer to None, run_after=None
[2026-09-05T20:30:41.069+0200] {processor.py:208} INFO - Processing /Users/swarnalidatta/Desktop/AutoQueryChatbot/.airflow-venv/lib/python3.12/site-packages/airflow/example_dags/example_dataset_alias.py took 0.089 seconds
[2026-09-05T20:33:19.162+0200] {processor.py:186} INFO - Started process (PID=48189) to work on /Users/swarnalidatta/Desktop/AutoQueryChatbot/.airflow-venv/lib/python3.12/site-packages/airflow/example_dags/example_dataset_alias.py
[2026-09-05T20:33:19.162+0200] {processor.py:914} INFO - Processing file /Users/swarnalidatta/Desktop/AutoQueryChatbot/.airflow-venv/lib/python3.12/site-packages/airflow/example_dags/example_dataset_alias.py for tasks to queue
[2026-09-05T20:33:19.163+0200] {logging_mixin.py:190} INFO - [2026-09-05T20:33:19.163+0200] {dagbag.py:588} INFO - Filling up the DagBag from /Users/swarnalidatta/Desktop/AutoQueryChatbot/.airflow-venv/lib/python3.12/site-packages/airflow/example_dags/example_dataset_alias.py
[2026-09-05T20:33:19.209+0200] {processor.py:925} INFO - DAG(s) 'dataset_alias_example_alias_producer', 'dataset_s3_bucket_consumer', 'dataset_s3_bucket_producer', 'dataset_alias_example_alias_consumer' retrieved from /Users/swarnalidatta/Desktop/AutoQueryChatbot/.airflow-venv/lib/python3.12/site-packages/airflow/example_dags/example_dataset_alias.py
[2026-09-05T20:33:19.237+0200] {logging_mixin.py:190} INFO - [2026-09-05T20:33:19.237+0200] {dag.py:3239} INFO - Sync 4 DAGs
[2026-09-05T20:33:19.242+0200] {logging_mixin.py:190} INFO - [2026-09-05T20:33:19.242+0200] {dag.py:4180} INFO - Setting next_dagrun for dataset_alias_example_alias_consumer to None, run_after=None
[2026-09-05T20:33:19.242+0200] {logging_mixin.py:190} INFO - [2026-09-05T20:33:19.242+0200] {dag.py:4180} INFO - Setting next_dagrun for dataset_alias_example_alias_producer to None, run_after=None
[2026-09-05T20:33:19.242+0200] {logging_mixin.py:190} INFO - [2026-09-05T20:33:19.242+0200] {dag.py:4180} INFO - Setting next_dagrun for dataset_s3_bucket_consumer to None, run_after=None
[2026-09-05T20:33:19.243+0200] {logging_mixin.py:190} INFO - [2026-09-05T20:33:19.243+0200] {dag.py:4180} INFO - Setting next_dagrun for dataset_s3_bucket_producer to None, run_after=None
[2026-09-05T20:33:19.248+0200] {processor.py:208} INFO - Processing /Users/swarnalidatta/Desktop/AutoQueryChatbot/.airflow-venv/lib/python3.12/site-packages/airflow/example_dags/example_dataset_alias.py took 0.087 seconds
[2026-09-05T21:24:46.932+0200] {processor.py:186} INFO - Started process (PID=48620) to work on /Users/swarnalidatta/Desktop/AutoQueryChatbot/.airflow-venv/lib/python3.12/site-packages/airflow/example_dags/example_dataset_alias.py
[2026-09-05T21:24:46.933+0200] {processor.py:914} INFO - Processing file /Users/swarnalidatta/Desktop/AutoQueryChatbot/.airflow-venv/lib/python3.12/site-packages/airflow/example_dags/example_dataset_alias.py for tasks to queue
[2026-09-05T21:24:46.933+0200] {logging_mixin.py:190} INFO - [2026-09-05T21:24:46.933+0200] {dagbag.py:588} INFO - Filling up the DagBag from /Users/swarnalidatta/Desktop/AutoQueryChatbot/.airflow-venv/lib/python3.12/site-packages/airflow/example_dags/example_dataset_alias.py
[2026-09-05T21:24:46.984+0200] {processor.py:925} INFO - DAG(s) 'dataset_s3_bucket_consumer', 'dataset_s3_bucket_producer', 'dataset_alias_example_alias_consumer', 'dataset_alias_example_alias_producer' retrieved from /Users/swarnalidatta/Desktop/AutoQueryChatbot/.airflow-venv/lib/python3.12/site-packages/airflow/example_dags/example_dataset_alias.py
[2026-09-05T21:24:47.015+0200] {logging_mixin.py:190} INFO - [2026-09-05T21:24:47.015+0200] {dag.py:3239} INFO - Sync 4 DAGs
[2026-09-05T21:24:47.020+0200] {logging_mixin.py:190} INFO - [2026-09-05T21:24:47.020+0200] {dag.py:4180} INFO - Setting next_dagrun for dataset_alias_example_alias_consumer to None, run_after=None
[2026-09-05T21:24:47.020+0200] {logging_mixin.py:190} INFO - [2026-09-05T21:24:47.020+0200] {dag.py:4180} INFO - Setting next_dagrun for dataset_alias_example_alias_producer to None, run_after=None
[2026-09-05T21:24:47.021+0200] {logging_mixin.py:190} INFO - [2026-09-05T21:24:47.021+0200] {dag.py:4180} INFO - Setting next_dagrun for dataset_s3_bucket_consumer to None, run_after=None
[2026-09-05T21:24:47.021+0200] {logging_mixin.py:190} INFO - [2026-09-05T21:24:47.021+0200] {dag.py:4180} INFO - Setting next_dagrun for dataset_s3_bucket_producer to None, run_after=None
[2026-09-05T21:24:47.026+0200] {processor.py:208} INFO - Processing /Users/swarnalidatta/Desktop/AutoQueryChatbot/.airflow-venv/lib/python3.12/site-packages/airflow/example_dags/example_dataset_alias.py took 0.095 seconds
[2026-09-05T21:46:50.852+0200] {processor.py:186} INFO - Started process (PID=49124) to work on /Users/swarnalidatta/Desktop/AutoQueryChatbot/.airflow-venv/lib/python3.12/site-packages/airflow/example_dags/example_dataset_alias.py
[2026-09-05T21:46:50.852+0200] {processor.py:914} INFO - Processing file /Users/swarnalidatta/Desktop/AutoQueryChatbot/.airflow-venv/lib/python3.12/site-packages/airflow/example_dags/example_dataset_alias.py for tasks to queue
[2026-09-05T21:46:50.852+0200] {logging_mixin.py:190} INFO - [2026-09-05T21:46:50.852+0200] {dagbag.py:588} INFO - Filling up the DagBag from /Users/swarnalidatta/Desktop/AutoQueryChatbot/.airflow-venv/lib/python3.12/site-packages/airflow/example_dags/example_dataset_alias.py
[2026-09-05T21:46:50.900+0200] {processor.py:925} INFO - DAG(s) 'dataset_alias_example_alias_consumer', 'dataset_s3_bucket_producer', 'dataset_s3_bucket_consumer', 'dataset_alias_example_alias_producer' retrieved from /Users/swarnalidatta/Desktop/AutoQueryChatbot/.airflow-venv/lib/python3.12/site-packages/airflow/example_dags/example_dataset_alias.py
[2026-09-05T21:46:50.928+0200] {logging_mixin.py:190} INFO - [2026-09-05T21:46:50.927+0200] {dag.py:3239} INFO - Sync 4 DAGs
[2026-09-05T21:46:50.932+0200] {logging_mixin.py:190} INFO - [2026-09-05T21:46:50.932+0200] {dag.py:4180} INFO - Setting next_dagrun for dataset_alias_example_alias_consumer to None, run_after=None
[2026-09-05T21:46:50.933+0200] {logging_mixin.py:190} INFO - [2026-09-05T21:46:50.933+0200] {dag.py:4180} INFO - Setting next_dagrun for dataset_alias_example_alias_producer to None, run_after=None
[2026-09-05T21:46:50.933+0200] {logging_mixin.py:190} INFO - [2026-09-05T21:46:50.933+0200] {dag.py:4180} INFO - Setting next_dagrun for dataset_s3_bucket_consumer to None, run_after=None
[2026-09-05T21:46:50.934+0200] {logging_mixin.py:190} INFO - [2026-09-05T21:46:50.934+0200] {dag.py:4180} INFO - Setting next_dagrun for dataset_s3_bucket_producer to None, run_after=None
[2026-09-05T21:46:50.939+0200] {processor.py:208} INFO - Processing /Users/swarnalidatta/Desktop/AutoQueryChatbot/.airflow-venv/lib/python3.12/site-packages/airflow/example_dags/example_dataset_alias.py took 0.088 seconds
[2026-09-05T21:49:36.610+0200] {processor.py:186} INFO - Started process (PID=49693) to work on /Users/swarnalidatta/Desktop/AutoQueryChatbot/.airflow-venv/lib/python3.12/site-packages/airflow/example_dags/example_dataset_alias.py
[2026-09-05T21:49:36.610+0200] {processor.py:914} INFO - Processing file /Users/swarnalidatta/Desktop/AutoQueryChatbot/.airflow-venv/lib/python3.12/site-packages/airflow/example_dags/example_dataset_alias.py for tasks to queue
[2026-09-05T21:49:36.611+0200] {logging_mixin.py:190} INFO - [2026-09-05T21:49:36.611+0200] {dagbag.py:588} INFO - Filling up the DagBag from /Users/swarnalidatta/Desktop/AutoQueryChatbot/.airflow-venv/lib/python3.12/site-packages/airflow/example_dags/example_dataset_alias.py
[2026-09-05T21:49:36.657+0200] {processor.py:925} INFO - DAG(s) 'dataset_alias_example_alias_consumer', 'dataset_s3_bucket_producer', 'dataset_alias_example_alias_producer', 'dataset_s3_bucket_consumer' retrieved from /Users/swarnalidatta/Desktop/AutoQueryChatbot/.airflow-venv/lib/python3.12/site-packages/airflow/example_dags/example_dataset_alias.py
[2026-09-05T21:49:36.685+0200] {logging_mixin.py:190} INFO - [2026-09-05T21:49:36.685+0200] {dag.py:3239} INFO - Sync 4 DAGs
[2026-09-05T21:49:36.690+0200] {logging_mixin.py:190} INFO - [2026-09-05T21:49:36.690+0200] {dag.py:4180} INFO - Setting next_dagrun for dataset_alias_example_alias_consumer to None, run_after=None
[2026-09-05T21:49:36.691+0200] {logging_mixin.py:190} INFO - [2026-09-05T21:49:36.691+0200] {dag.py:4180} INFO - Setting next_dagrun for dataset_alias_example_alias_producer to None, run_after=None
[2026-09-05T21:49:36.691+0200] {logging_mixin.py:190} INFO - [2026-09-05T21:49:36.691+0200] {dag.py:4180} INFO - Setting next_dagrun for dataset_s3_bucket_consumer to None, run_after=None
[2026-09-05T21:49:36.691+0200] {logging_mixin.py:190} INFO - [2026-09-05T21:49:36.691+0200] {dag.py:4180} INFO - Setting next_dagrun for dataset_s3_bucket_producer to None, run_after=None
[2026-09-05T21:49:36.697+0200] {processor.py:208} INFO - Processing /Users/swarnalidatta/Desktop/AutoQueryChatbot/.airflow-venv/lib/python3.12/site-packages/airflow/example_dags/example_dataset_alias.py took 0.088 seconds
[2026-09-05T21:52:29.836+0200] {processor.py:186} INFO - Started process (PID=50517) to work on /Users/swarnalidatta/Desktop/AutoQueryChatbot/.airflow-venv/lib/python3.12/site-packages/airflow/example_dags/example_dataset_alias.py
[2026-09-05T21:52:29.837+0200] {processor.py:914} INFO - Processing file /Users/swarnalidatta/Desktop/AutoQueryChatbot/.airflow-venv/lib/python3.12/site-packages/airflow/example_dags/example_dataset_alias.py for tasks to queue
[2026-09-05T21:52:29.837+0200] {logging_mixin.py:190} INFO - [2026-09-05T21:52:29.837+0200] {dagbag.py:588} INFO - Filling up the DagBag from /Users/swarnalidatta/Desktop/AutoQueryChatbot/.airflow-venv/lib/python3.12/site-packages/airflow/example_dags/example_dataset_alias.py
[2026-09-05T21:52:29.887+0200] {processor.py:925} INFO - DAG(s) 'dataset_alias_example_alias_producer', 'dataset_alias_example_alias_consumer', 'dataset_s3_bucket_producer', 'dataset_s3_bucket_consumer' retrieved from /Users/swarnalidatta/Desktop/AutoQueryChatbot/.airflow-venv/lib/python3.12/site-packages/airflow/example_dags/example_dataset_alias.py
[2026-09-05T21:52:29.917+0200] {logging_mixin.py:190} INFO - [2026-09-05T21:52:29.917+0200] {dag.py:3239} INFO - Sync 4 DAGs
[2026-09-05T21:52:29.922+0200] {logging_mixin.py:190} INFO - [2026-09-05T21:52:29.922+0200] {dag.py:4180} INFO - Setting next_dagrun for dataset_alias_example_alias_consumer to None, run_after=None
[2026-09-05T21:52:29.922+0200] {logging_mixin.py:190} INFO - [2026-09-05T21:52:29.922+0200] {dag.py:4180} INFO - Setting next_dagrun for dataset_alias_example_alias_producer to None, run_after=None
[2026-09-05T21:52:29.923+0200] {logging_mixin.py:190} INFO - [2026-09-05T21:52:29.923+0200] {dag.py:4180} INFO - Setting next_dagrun for dataset_s3_bucket_consumer to None, run_after=None
[2026-09-05T21:52:29.923+0200] {logging_mixin.py:190} INFO - [2026-09-05T21:52:29.923+0200] {dag.py:4180} INFO - Setting next_dagrun for dataset_s3_bucket_producer to None, run_after=None
[2026-09-05T21:52:29.928+0200] {processor.py:208} INFO - Processing /Users/swarnalidatta/Desktop/AutoQueryChatbot/.airflow-venv/lib/python3.12/site-packages/airflow/example_dags/example_dataset_alias.py took 0.093 seconds
[2026-09-05T21:55:36.637+0200] {processor.py:186} INFO - Started process (PID=51135) to work on /Users/swarnalidatta/Desktop/AutoQueryChatbot/.airflow-venv/lib/python3.12/site-packages/airflow/example_dags/example_dataset_alias.py
[2026-09-05T21:55:36.638+0200] {processor.py:914} INFO - Processing file /Users/swarnalidatta/Desktop/AutoQueryChatbot/.airflow-venv/lib/python3.12/site-packages/airflow/example_dags/example_dataset_alias.py for tasks to queue
[2026-09-05T21:55:36.638+0200] {logging_mixin.py:190} INFO - [2026-09-05T21:55:36.638+0200] {dagbag.py:588} INFO - Filling up the DagBag from /Users/swarnalidatta/Desktop/AutoQueryChatbot/.airflow-venv/lib/python3.12/site-packages/airflow/example_dags/example_dataset_alias.py
[2026-09-05T21:55:36.686+0200] {processor.py:925} INFO - DAG(s) 'dataset_alias_example_alias_consumer', 'dataset_s3_bucket_consumer', 'dataset_s3_bucket_producer', 'dataset_alias_example_alias_producer' retrieved from /Users/swarnalidatta/Desktop/AutoQueryChatbot/.airflow-venv/lib/python3.12/site-packages/airflow/example_dags/example_dataset_alias.py
[2026-09-05T21:55:36.717+0200] {logging_mixin.py:190} INFO - [2026-09-05T21:55:36.717+0200] {dag.py:3239} INFO - Sync 4 DAGs
[2026-09-05T21:55:36.722+0200] {logging_mixin.py:190} INFO - [2026-09-05T21:55:36.722+0200] {dag.py:4180} INFO - Setting next_dagrun for dataset_alias_example_alias_consumer to None, run_after=None
[2026-09-05T21:55:36.722+0200] {logging_mixin.py:190} INFO - [2026-09-05T21:55:36.722+0200] {dag.py:4180} INFO - Setting next_dagrun for dataset_alias_example_alias_producer to None, run_after=None
[2026-09-05T21:55:36.723+0200] {logging_mixin.py:190} INFO - [2026-09-05T21:55:36.722+0200] {dag.py:4180} INFO - Setting next_dagrun for dataset_s3_bucket_consumer to None, run_after=None
[2026-09-05T21:55:36.723+0200] {logging_mixin.py:190} INFO - [2026-09-05T21:55:36.723+0200] {dag.py:4180} INFO - Setting next_dagrun for dataset_s3_bucket_producer to None, run_after=None
[2026-09-05T21:55:36.728+0200] {processor.py:208} INFO - Processing /Users/swarnalidatta/Desktop/AutoQueryChatbot/.airflow-venv/lib/python3.12/site-packages/airflow/example_dags/example_dataset_alias.py took 0.092 seconds
