[2026-09-05T14:14:57.599+0200] {processor.py:186} INFO - Started process (PID=3597) to work on /Users/swarnalidatta/Desktop/AutoQueryChatbot/.airflow-venv/lib/python3.12/site-packages/airflow/example_dags/example_setup_teardown.py
[2026-09-05T14:14:57.599+0200] {processor.py:914} INFO - Processing file /Users/swarnalidatta/Desktop/AutoQueryChatbot/.airflow-venv/lib/python3.12/site-packages/airflow/example_dags/example_setup_teardown.py for tasks to queue
[2026-09-05T14:14:57.599+0200] {logging_mixin.py:190} INFO - [2026-09-05T14:14:57.599+0200] {dagbag.py:588} INFO - Filling up the DagBag from /Users/swarnalidatta/Desktop/AutoQueryChatbot/.airflow-venv/lib/python3.12/site-packages/airflow/example_dags/example_setup_teardown.py
[2026-09-05T14:14:57.602+0200] {processor.py:925} INFO - DAG(s) 'example_setup_teardown' retrieved from /Users/swarnalidatta/Desktop/AutoQueryChatbot/.airflow-venv/lib/python3.12/site-packages/airflow/example_dags/example_setup_teardown.py
[2026-09-05T14:14:57.651+0200] {logging_mixin.py:190} INFO - [2026-09-05T14:14:57.651+0200] {override.py:1912} INFO - Created Permission View: can delete on DAG:example_setup_teardown
[2026-09-05T14:14:57.654+0200] {logging_mixin.py:190} INFO - [2026-09-05T14:14:57.653+0200] {override.py:1912} INFO - Created Permission View: can edit on DAG:example_setup_teardown
[2026-09-05T14:14:57.655+0200] {logging_mixin.py:190} INFO - [2026-09-05T14:14:57.655+0200] {override.py:1912} INFO - Created Permission View: can read on DAG:example_setup_teardown
[2026-09-05T14:14:57.657+0200] {logging_mixin.py:190} INFO - [2026-09-05T14:14:57.657+0200] {override.py:1912} INFO - Created Permission View: can delete on DAG Run:example_setup_teardown
[2026-09-05T14:14:57.659+0200] {logging_mixin.py:190} INFO - [2026-09-05T14:14:57.659+0200] {override.py:1912} INFO - Created Permission View: can create on DAG Run:example_setup_teardown
[2026-09-05T14:14:57.660+0200] {logging_mixin.py:190} INFO - [2026-09-05T14:14:57.660+0200] {override.py:1912} INFO - Created Permission View: can read on DAG Run:example_setup_teardown
[2026-09-05T14:14:57.661+0200] {logging_mixin.py:190} INFO - [2026-09-05T14:14:57.661+0200] {override.py:1912} INFO - Created Permission View: menu access on DAG Run:example_setup_teardown
[2026-09-05T14:14:57.661+0200] {logging_mixin.py:190} INFO - [2026-09-05T14:14:57.661+0200] {dag.py:3239} INFO - Sync 1 DAGs
[2026-09-05T14:14:57.664+0200] {logging_mixin.py:190} INFO - [2026-09-05T14:14:57.664+0200] {dag.py:3262} INFO - Creating ORM DAG for example_setup_teardown
[2026-09-05T14:14:57.664+0200] {logging_mixin.py:190} INFO - [2026-09-05T14:14:57.664+0200] {dag.py:4180} INFO - Setting next_dagrun for example_setup_teardown to None, run_after=None
[2026-09-05T14:14:57.669+0200] {processor.py:208} INFO - Processing /Users/swarnalidatta/Desktop/AutoQueryChatbot/.airflow-venv/lib/python3.12/site-packages/airflow/example_dags/example_setup_teardown.py took 0.071 seconds
[2026-09-05T14:16:28.073+0200] {processor.py:186} INFO - Started process (PID=3807) to work on /Users/swarnalidatta/Desktop/AutoQueryChatbot/.airflow-venv/lib/python3.12/site-packages/airflow/example_dags/example_setup_teardown.py
[2026-09-05T14:16:28.073+0200] {processor.py:914} INFO - Processing file /Users/swarnalidatta/Desktop/AutoQueryChatbot/.airflow-venv/lib/python3.12/site-packages/airflow/example_dags/example_setup_teardown.py for tasks to queue
[2026-09-05T14:16:28.074+0200] {logging_mixin.py:190} INFO - [2026-09-05T14:16:28.074+0200] {dagbag.py:588} INFO - Filling up the DagBag from /Users/swarnalidatta/Desktop/AutoQueryChatbot/.airflow-venv/lib/python3.12/site-packages/airflow/example_dags/example_setup_teardown.py
[2026-09-05T14:16:28.076+0200] {processor.py:925} INFO - DAG(s) 'example_setup_teardown' retrieved from /Users/swarnalidatta/Desktop/AutoQueryChatbot/.airflow-venv/lib/python3.12/site-packages/airflow/example_dags/example_setup_teardown.py
[2026-09-05T14:16:28.103+0200] {logging_mixin.py:190} INFO - [2026-09-05T14:16:28.103+0200] {dag.py:3239} INFO - Sync 1 DAGs
[2026-09-05T14:16:28.106+0200] {logging_mixin.py:190} INFO - [2026-09-05T14:16:28.106+0200] {dag.py:4180} INFO - Setting next_dagrun for example_setup_teardown to None, run_after=None
[2026-09-05T14:16:28.111+0200] {processor.py:208} INFO - Processing /Users/swarnalidatta/Desktop/AutoQueryChatbot/.airflow-venv/lib/python3.12/site-packages/airflow/example_dags/example_setup_teardown.py took 0.039 seconds
[2026-09-05T14:18:22.740+0200] {processor.py:186} INFO - Started process (PID=4057) to work on /Users/swarnalidatta/Desktop/AutoQueryChatbot/.airflow-venv/lib/python3.12/site-packages/airflow/example_dags/example_setup_teardown.py
[2026-09-05T14:18:22.741+0200] {processor.py:914} INFO - Processing file /Users/swarnalidatta/Desktop/AutoQueryChatbot/.airflow-venv/lib/python3.12/site-packages/airflow/example_dags/example_setup_teardown.py for tasks to queue
[2026-09-05T14:18:22.741+0200] {logging_mixin.py:190} INFO - [2026-09-05T14:18:22.741+0200] {dagbag.py:588} INFO - Filling up the DagBag from /Users/swarnalidatta/Desktop/AutoQueryChatbot/.airflow-venv/lib/python3.12/site-packages/airflow/example_dags/example_setup_teardown.py
[2026-09-05T14:18:22.744+0200] {processor.py:925} INFO - DAG(s) 'example_setup_teardown' retrieved from /Users/swarnalidatta/Desktop/AutoQueryChatbot/.airflow-venv/lib/python3.12/site-packages/airflow/example_dags/example_setup_teardown.py
[2026-09-05T14:18:22.773+0200] {logging_mixin.py:190} INFO - [2026-09-05T14:18:22.773+0200] {dag.py:3239} INFO - Sync 1 DAGs
[2026-09-05T14:18:22.776+0200] {logging_mixin.py:190} INFO - [2026-09-05T14:18:22.776+0200] {dag.py:4180} INFO - Setting next_dagrun for example_setup_teardown to None, run_after=None
[2026-09-05T14:18:22.781+0200] {processor.py:208} INFO - Processing /Users/swarnalidatta/Desktop/AutoQueryChatbot/.airflow-venv/lib/python3.12/site-packages/airflow/example_dags/example_setup_teardown.py took 0.042 seconds
[2026-09-05T14:20:18.986+0200] {processor.py:186} INFO - Started process (PID=4316) to work on /Users/swarnalidatta/Desktop/AutoQueryChatbot/.airflow-venv/lib/python3.12/site-packages/airflow/example_dags/example_setup_teardown.py
[2026-09-05T14:20:18.986+0200] {processor.py:914} INFO - Processing file /Users/swarnalidatta/Desktop/AutoQueryChatbot/.airflow-venv/lib/python3.12/site-packages/airflow/example_dags/example_setup_teardown.py for tasks to queue
[2026-09-05T14:20:18.987+0200] {logging_mixin.py:190} INFO - [2026-09-05T14:20:18.987+0200] {dagbag.py:588} INFO - Filling up the DagBag from /Users/swarnalidatta/Desktop/AutoQueryChatbot/.airflow-venv/lib/python3.12/site-packages/airflow/example_dags/example_setup_teardown.py
[2026-09-05T14:20:18.989+0200] {processor.py:925} INFO - DAG(s) 'example_setup_teardown' retrieved from /Users/swarnalidatta/Desktop/AutoQueryChatbot/.airflow-venv/lib/python3.12/site-packages/airflow/example_dags/example_setup_teardown.py
[2026-09-05T14:20:19.016+0200] {logging_mixin.py:190} INFO - [2026-09-05T14:20:19.016+0200] {dag.py:3239} INFO - Sync 1 DAGs
[2026-09-05T14:20:19.018+0200] {logging_mixin.py:190} INFO - [2026-09-05T14:20:19.018+0200] {dag.py:4180} INFO - Setting next_dagrun for example_setup_teardown to None, run_after=None
[2026-09-05T14:20:19.024+0200] {processor.py:208} INFO - Processing /Users/swarnalidatta/Desktop/AutoQueryChatbot/.airflow-venv/lib/python3.12/site-packages/airflow/example_dags/example_setup_teardown.py took 0.039 seconds
[2026-09-05T14:22:12.812+0200] {processor.py:186} INFO - Started process (PID=4563) to work on /Users/swarnalidatta/Desktop/AutoQueryChatbot/.airflow-venv/lib/python3.12/site-packages/airflow/example_dags/example_setup_teardown.py
[2026-09-05T14:22:12.813+0200] {processor.py:914} INFO - Processing file /Users/swarnalidatta/Desktop/AutoQueryChatbot/.airflow-venv/lib/python3.12/site-packages/airflow/example_dags/example_setup_teardown.py for tasks to queue
[2026-09-05T14:22:12.813+0200] {logging_mixin.py:190} INFO - [2026-09-05T14:22:12.813+0200] {dagbag.py:588} INFO - Filling up the DagBag from /Users/swarnalidatta/Desktop/AutoQueryChatbot/.airflow-venv/lib/python3.12/site-packages/airflow/example_dags/example_setup_teardown.py
[2026-09-05T14:22:12.816+0200] {processor.py:925} INFO - DAG(s) 'example_setup_teardown' retrieved from /Users/swarnalidatta/Desktop/AutoQueryChatbot/.airflow-venv/lib/python3.12/site-packages/airflow/example_dags/example_setup_teardown.py
[2026-09-05T14:22:12.842+0200] {logging_mixin.py:190} INFO - [2026-09-05T14:22:12.842+0200] {dag.py:3239} INFO - Sync 1 DAGs
[2026-09-05T14:22:12.845+0200] {logging_mixin.py:190} INFO - [2026-09-05T14:22:12.845+0200] {dag.py:4180} INFO - Setting next_dagrun for example_setup_teardown to None, run_after=None
[2026-09-05T14:22:12.850+0200] {processor.py:208} INFO - Processing /Users/swarnalidatta/Desktop/AutoQueryChatbot/.airflow-venv/lib/python3.12/site-packages/airflow/example_dags/example_setup_teardown.py took 0.039 seconds
[2026-09-05T14:26:00.629+0200] {processor.py:186} INFO - Started process (PID=4986) to work on /Users/swarnalidatta/Desktop/AutoQueryChatbot/.airflow-venv/lib/python3.12/site-packages/airflow/example_dags/example_setup_teardown.py
[2026-09-05T14:26:00.629+0200] {processor.py:914} INFO - Processing file /Users/swarnalidatta/Desktop/AutoQueryChatbot/.airflow-venv/lib/python3.12/site-packages/airflow/example_dags/example_setup_teardown.py for tasks to queue
[2026-09-05T14:26:00.629+0200] {logging_mixin.py:190} INFO - [2026-09-05T14:26:00.629+0200] {dagbag.py:588} INFO - Filling up the DagBag from /Users/swarnalidatta/Desktop/AutoQueryChatbot/.airflow-venv/lib/python3.12/site-packages/airflow/example_dags/example_setup_teardown.py
[2026-09-05T14:26:00.632+0200] {processor.py:925} INFO - DAG(s) 'example_setup_teardown' retrieved from /Users/swarnalidatta/Desktop/AutoQueryChatbot/.airflow-venv/lib/python3.12/site-packages/airflow/example_dags/example_setup_teardown.py
[2026-09-05T14:26:00.683+0200] {logging_mixin.py:190} INFO - [2026-09-05T14:26:00.682+0200] {dag.py:3239} INFO - Sync 1 DAGs
[2026-09-05T14:26:00.685+0200] {logging_mixin.py:190} INFO - [2026-09-05T14:26:00.685+0200] {dag.py:4180} INFO - Setting next_dagrun for example_setup_teardown to None, run_after=None
[2026-09-05T14:26:00.690+0200] {processor.py:208} INFO - Processing /Users/swarnalidatta/Desktop/AutoQueryChatbot/.airflow-venv/lib/python3.12/site-packages/airflow/example_dags/example_setup_teardown.py took 0.063 seconds
[2026-09-05T14:27:28.759+0200] {processor.py:186} INFO - Started process (PID=5192) to work on /Users/swarnalidatta/Desktop/AutoQueryChatbot/.airflow-venv/lib/python3.12/site-packages/airflow/example_dags/example_setup_teardown.py
[2026-09-05T14:27:28.759+0200] {processor.py:914} INFO - Processing file /Users/swarnalidatta/Desktop/AutoQueryChatbot/.airflow-venv/lib/python3.12/site-packages/airflow/example_dags/example_setup_teardown.py for tasks to queue
[2026-09-05T14:27:28.759+0200] {logging_mixin.py:190} INFO - [2026-09-05T14:27:28.759+0200] {dagbag.py:588} INFO - Filling up the DagBag from /Users/swarnalidatta/Desktop/AutoQueryChatbot/.airflow-venv/lib/python3.12/site-packages/airflow/example_dags/example_setup_teardown.py
[2026-09-05T14:27:28.762+0200] {processor.py:925} INFO - DAG(s) 'example_setup_teardown' retrieved from /Users/swarnalidatta/Desktop/AutoQueryChatbot/.airflow-venv/lib/python3.12/site-packages/airflow/example_dags/example_setup_teardown.py
[2026-09-05T14:27:28.789+0200] {logging_mixin.py:190} INFO - [2026-09-05T14:27:28.789+0200] {dag.py:3239} INFO - Sync 1 DAGs
[2026-09-05T14:27:28.792+0200] {logging_mixin.py:190} INFO - [2026-09-05T14:27:28.792+0200] {dag.py:4180} INFO - Setting next_dagrun for example_setup_teardown to None, run_after=None
[2026-09-05T14:27:28.797+0200] {processor.py:208} INFO - Processing /Users/swarnalidatta/Desktop/AutoQueryChatbot/.airflow-venv/lib/python3.12/site-packages/airflow/example_dags/example_setup_teardown.py took 0.039 seconds
[2026-09-05T14:29:25.947+0200] {processor.py:186} INFO - Started process (PID=5447) to work on /Users/swarnalidatta/Desktop/AutoQueryChatbot/.airflow-venv/lib/python3.12/site-packages/airflow/example_dags/example_setup_teardown.py
[2026-09-05T14:29:25.947+0200] {processor.py:914} INFO - Processing file /Users/swarnalidatta/Desktop/AutoQueryChatbot/.airflow-venv/lib/python3.12/site-packages/airflow/example_dags/example_setup_teardown.py for tasks to queue
[2026-09-05T14:29:25.947+0200] {logging_mixin.py:190} INFO - [2026-09-05T14:29:25.947+0200] {dagbag.py:588} INFO - Filling up the DagBag from /Users/swarnalidatta/Desktop/AutoQueryChatbot/.airflow-venv/lib/python3.12/site-packages/airflow/example_dags/example_setup_teardown.py
[2026-09-05T14:29:25.950+0200] {processor.py:925} INFO - DAG(s) 'example_setup_teardown' retrieved from /Users/swarnalidatta/Desktop/AutoQueryChatbot/.airflow-venv/lib/python3.12/site-packages/airflow/example_dags/example_setup_teardown.py
[2026-09-05T14:29:25.977+0200] {logging_mixin.py:190} INFO - [2026-09-05T14:29:25.977+0200] {dag.py:3239} INFO - Sync 1 DAGs
[2026-09-05T14:29:25.980+0200] {logging_mixin.py:190} INFO - [2026-09-05T14:29:25.980+0200] {dag.py:4180} INFO - Setting next_dagrun for example_setup_teardown to None, run_after=None
[2026-09-05T14:29:25.985+0200] {processor.py:208} INFO - Processing /Users/swarnalidatta/Desktop/AutoQueryChatbot/.airflow-venv/lib/python3.12/site-packages/airflow/example_dags/example_setup_teardown.py took 0.040 seconds
[2026-09-05T14:31:18.455+0200] {processor.py:186} INFO - Started process (PID=5702) to work on /Users/swarnalidatta/Desktop/AutoQueryChatbot/.airflow-venv/lib/python3.12/site-packages/airflow/example_dags/example_setup_teardown.py
[2026-09-05T14:31:18.456+0200] {processor.py:914} INFO - Processing file /Users/swarnalidatta/Desktop/AutoQueryChatbot/.airflow-venv/lib/python3.12/site-packages/airflow/example_dags/example_setup_teardown.py for tasks to queue
[2026-09-05T14:31:18.456+0200] {logging_mixin.py:190} INFO - [2026-09-05T14:31:18.456+0200] {dagbag.py:588} INFO - Filling up the DagBag from /Users/swarnalidatta/Desktop/AutoQueryChatbot/.airflow-venv/lib/python3.12/site-packages/airflow/example_dags/example_setup_teardown.py
[2026-09-05T14:31:18.459+0200] {processor.py:925} INFO - DAG(s) 'example_setup_teardown' retrieved from /Users/swarnalidatta/Desktop/AutoQueryChatbot/.airflow-venv/lib/python3.12/site-packages/airflow/example_dags/example_setup_teardown.py
[2026-09-05T14:31:18.486+0200] {logging_mixin.py:190} INFO - [2026-09-05T14:31:18.486+0200] {dag.py:3239} INFO - Sync 1 DAGs
[2026-09-05T14:31:18.488+0200] {logging_mixin.py:190} INFO - [2026-09-05T14:31:18.488+0200] {dag.py:4180} INFO - Setting next_dagrun for example_setup_teardown to None, run_after=None
[2026-09-05T14:31:18.494+0200] {processor.py:208} INFO - Processing /Users/swarnalidatta/Desktop/AutoQueryChatbot/.airflow-venv/lib/python3.12/site-packages/airflow/example_dags/example_setup_teardown.py took 0.039 seconds
[2026-09-05T14:33:11.714+0200] {processor.py:186} INFO - Started process (PID=5954) to work on /Users/swarnalidatta/Desktop/AutoQueryChatbot/.airflow-venv/lib/python3.12/site-packages/airflow/example_dags/example_setup_teardown.py
[2026-09-05T14:33:11.714+0200] {processor.py:914} INFO - Processing file /Users/swarnalidatta/Desktop/AutoQueryChatbot/.airflow-venv/lib/python3.12/site-packages/airflow/example_dags/example_setup_teardown.py for tasks to queue
[2026-09-05T14:33:11.714+0200] {logging_mixin.py:190} INFO - [2026-09-05T14:33:11.714+0200] {dagbag.py:588} INFO - Filling up the DagBag from /Users/swarnalidatta/Desktop/AutoQueryChatbot/.airflow-venv/lib/python3.12/site-packages/airflow/example_dags/example_setup_teardown.py
[2026-09-05T14:33:11.717+0200] {processor.py:925} INFO - DAG(s) 'example_setup_teardown' retrieved from /Users/swarnalidatta/Desktop/AutoQueryChatbot/.airflow-venv/lib/python3.12/site-packages/airflow/example_dags/example_setup_teardown.py
[2026-09-05T14:33:11.744+0200] {logging_mixin.py:190} INFO - [2026-09-05T14:33:11.744+0200] {dag.py:3239} INFO - Sync 1 DAGs
[2026-09-05T14:33:11.747+0200] {logging_mixin.py:190} INFO - [2026-09-05T14:33:11.747+0200] {dag.py:4180} INFO - Setting next_dagrun for example_setup_teardown to None, run_after=None
[2026-09-05T14:33:11.752+0200] {processor.py:208} INFO - Processing /Users/swarnalidatta/Desktop/AutoQueryChatbot/.airflow-venv/lib/python3.12/site-packages/airflow/example_dags/example_setup_teardown.py took 0.040 seconds
[2026-09-05T14:35:10.625+0200] {processor.py:186} INFO - Started process (PID=6239) to work on /Users/swarnalidatta/Desktop/AutoQueryChatbot/.airflow-venv/lib/python3.12/site-packages/airflow/example_dags/example_setup_teardown.py
[2026-09-05T14:35:10.625+0200] {processor.py:914} INFO - Processing file /Users/swarnalidatta/Desktop/AutoQueryChatbot/.airflow-venv/lib/python3.12/site-packages/airflow/example_dags/example_setup_teardown.py for tasks to queue
[2026-09-05T14:35:10.625+0200] {logging_mixin.py:190} INFO - [2026-09-05T14:35:10.625+0200] {dagbag.py:588} INFO - Filling up the DagBag from /Users/swarnalidatta/Desktop/AutoQueryChatbot/.airflow-venv/lib/python3.12/site-packages/airflow/example_dags/example_setup_teardown.py
[2026-09-05T14:35:10.628+0200] {processor.py:925} INFO - DAG(s) 'example_setup_teardown' retrieved from /Users/swarnalidatta/Desktop/AutoQueryChatbot/.airflow-venv/lib/python3.12/site-packages/airflow/example_dags/example_setup_teardown.py
[2026-09-05T14:35:10.655+0200] {logging_mixin.py:190} INFO - [2026-09-05T14:35:10.655+0200] {dag.py:3239} INFO - Sync 1 DAGs
[2026-09-05T14:35:10.658+0200] {logging_mixin.py:190} INFO - [2026-09-05T14:35:10.658+0200] {dag.py:4180} INFO - Setting next_dagrun for example_setup_teardown to None, run_after=None
[2026-09-05T14:35:10.663+0200] {processor.py:208} INFO - Processing /Users/swarnalidatta/Desktop/AutoQueryChatbot/.airflow-venv/lib/python3.12/site-packages/airflow/example_dags/example_setup_teardown.py took 0.039 seconds
[2026-09-05T14:37:28.278+0200] {processor.py:186} INFO - Started process (PID=6568) to work on /Users/swarnalidatta/Desktop/AutoQueryChatbot/.airflow-venv/lib/python3.12/site-packages/airflow/example_dags/example_setup_teardown.py
[2026-09-05T14:37:28.278+0200] {processor.py:914} INFO - Processing file /Users/swarnalidatta/Desktop/AutoQueryChatbot/.airflow-venv/lib/python3.12/site-packages/airflow/example_dags/example_setup_teardown.py for tasks to queue
[2026-09-05T14:37:28.278+0200] {logging_mixin.py:190} INFO - [2026-09-05T14:37:28.278+0200] {dagbag.py:588} INFO - Filling up the DagBag from /Users/swarnalidatta/Desktop/AutoQueryChatbot/.airflow-venv/lib/python3.12/site-packages/airflow/example_dags/example_setup_teardown.py
[2026-09-05T14:37:28.281+0200] {processor.py:925} INFO - DAG(s) 'example_setup_teardown' retrieved from /Users/swarnalidatta/Desktop/AutoQueryChatbot/.airflow-venv/lib/python3.12/site-packages/airflow/example_dags/example_setup_teardown.py
[2026-09-05T14:37:28.308+0200] {logging_mixin.py:190} INFO - [2026-09-05T14:37:28.308+0200] {dag.py:3239} INFO - Sync 1 DAGs
[2026-09-05T14:37:28.311+0200] {logging_mixin.py:190} INFO - [2026-09-05T14:37:28.311+0200] {dag.py:4180} INFO - Setting next_dagrun for example_setup_teardown to None, run_after=None
[2026-09-05T14:37:28.316+0200] {processor.py:208} INFO - Processing /Users/swarnalidatta/Desktop/AutoQueryChatbot/.airflow-venv/lib/python3.12/site-packages/airflow/example_dags/example_setup_teardown.py took 0.040 seconds
[2026-09-05T14:38:40.022+0200] {processor.py:186} INFO - Started process (PID=6736) to work on /Users/swarnalidatta/Desktop/AutoQueryChatbot/.airflow-venv/lib/python3.12/site-packages/airflow/example_dags/example_setup_teardown.py
[2026-09-05T14:38:40.022+0200] {processor.py:914} INFO - Processing file /Users/swarnalidatta/Desktop/AutoQueryChatbot/.airflow-venv/lib/python3.12/site-packages/airflow/example_dags/example_setup_teardown.py for tasks to queue
[2026-09-05T14:38:40.023+0200] {logging_mixin.py:190} INFO - [2026-09-05T14:38:40.023+0200] {dagbag.py:588} INFO - Filling up the DagBag from /Users/swarnalidatta/Desktop/AutoQueryChatbot/.airflow-venv/lib/python3.12/site-packages/airflow/example_dags/example_setup_teardown.py
[2026-09-05T14:38:40.025+0200] {processor.py:925} INFO - DAG(s) 'example_setup_teardown' retrieved from /Users/swarnalidatta/Desktop/AutoQueryChatbot/.airflow-venv/lib/python3.12/site-packages/airflow/example_dags/example_setup_teardown.py
[2026-09-05T14:38:40.052+0200] {logging_mixin.py:190} INFO - [2026-09-05T14:38:40.052+0200] {dag.py:3239} INFO - Sync 1 DAGs
[2026-09-05T14:38:40.055+0200] {logging_mixin.py:190} INFO - [2026-09-05T14:38:40.055+0200] {dag.py:4180} INFO - Setting next_dagrun for example_setup_teardown to None, run_after=None
[2026-09-05T14:38:40.060+0200] {processor.py:208} INFO - Processing /Users/swarnalidatta/Desktop/AutoQueryChatbot/.airflow-venv/lib/python3.12/site-packages/airflow/example_dags/example_setup_teardown.py took 0.039 seconds
[2026-09-05T14:40:41.550+0200] {processor.py:186} INFO - Started process (PID=7013) to work on /Users/swarnalidatta/Desktop/AutoQueryChatbot/.airflow-venv/lib/python3.12/site-packages/airflow/example_dags/example_setup_teardown.py
[2026-09-05T14:40:41.551+0200] {processor.py:914} INFO - Processing file /Users/swarnalidatta/Desktop/AutoQueryChatbot/.airflow-venv/lib/python3.12/site-packages/airflow/example_dags/example_setup_teardown.py for tasks to queue
[2026-09-05T14:40:41.551+0200] {logging_mixin.py:190} INFO - [2026-09-05T14:40:41.551+0200] {dagbag.py:588} INFO - Filling up the DagBag from /Users/swarnalidatta/Desktop/AutoQueryChatbot/.airflow-venv/lib/python3.12/site-packages/airflow/example_dags/example_setup_teardown.py
[2026-09-05T14:40:41.553+0200] {processor.py:925} INFO - DAG(s) 'example_setup_teardown' retrieved from /Users/swarnalidatta/Desktop/AutoQueryChatbot/.airflow-venv/lib/python3.12/site-packages/airflow/example_dags/example_setup_teardown.py
[2026-09-05T14:40:41.582+0200] {logging_mixin.py:190} INFO - [2026-09-05T14:40:41.582+0200] {dag.py:3239} INFO - Sync 1 DAGs
[2026-09-05T14:40:41.585+0200] {logging_mixin.py:190} INFO - [2026-09-05T14:40:41.585+0200] {dag.py:4180} INFO - Setting next_dagrun for example_setup_teardown to None, run_after=None
[2026-09-05T14:40:41.591+0200] {processor.py:208} INFO - Processing /Users/swarnalidatta/Desktop/AutoQueryChatbot/.airflow-venv/lib/python3.12/site-packages/airflow/example_dags/example_setup_teardown.py took 0.041 seconds
[2026-09-05T14:41:57.584+0200] {processor.py:186} INFO - Started process (PID=7195) to work on /Users/swarnalidatta/Desktop/AutoQueryChatbot/.airflow-venv/lib/python3.12/site-packages/airflow/example_dags/example_setup_teardown.py
[2026-09-05T14:41:57.584+0200] {processor.py:914} INFO - Processing file /Users/swarnalidatta/Desktop/AutoQueryChatbot/.airflow-venv/lib/python3.12/site-packages/airflow/example_dags/example_setup_teardown.py for tasks to queue
[2026-09-05T14:41:57.585+0200] {logging_mixin.py:190} INFO - [2026-09-05T14:41:57.584+0200] {dagbag.py:588} INFO - Filling up the DagBag from /Users/swarnalidatta/Desktop/AutoQueryChatbot/.airflow-venv/lib/python3.12/site-packages/airflow/example_dags/example_setup_teardown.py
[2026-09-05T14:41:57.587+0200] {processor.py:925} INFO - DAG(s) 'example_setup_teardown' retrieved from /Users/swarnalidatta/Desktop/AutoQueryChatbot/.airflow-venv/lib/python3.12/site-packages/airflow/example_dags/example_setup_teardown.py
[2026-09-05T14:41:57.616+0200] {logging_mixin.py:190} INFO - [2026-09-05T14:41:57.615+0200] {dag.py:3239} INFO - Sync 1 DAGs
[2026-09-05T14:41:57.619+0200] {logging_mixin.py:190} INFO - [2026-09-05T14:41:57.618+0200] {dag.py:4180} INFO - Setting next_dagrun for example_setup_teardown to None, run_after=None
[2026-09-05T14:41:57.624+0200] {processor.py:208} INFO - Processing /Users/swarnalidatta/Desktop/AutoQueryChatbot/.airflow-venv/lib/python3.12/site-packages/airflow/example_dags/example_setup_teardown.py took 0.041 seconds
[2026-09-05T14:44:10.448+0200] {processor.py:186} INFO - Started process (PID=7956) to work on /Users/swarnalidatta/Desktop/AutoQueryChatbot/.airflow-venv/lib/python3.12/site-packages/airflow/example_dags/example_setup_teardown.py
[2026-09-05T14:44:10.449+0200] {processor.py:914} INFO - Processing file /Users/swarnalidatta/Desktop/AutoQueryChatbot/.airflow-venv/lib/python3.12/site-packages/airflow/example_dags/example_setup_teardown.py for tasks to queue
[2026-09-05T14:44:10.449+0200] {logging_mixin.py:190} INFO - [2026-09-05T14:44:10.449+0200] {dagbag.py:588} INFO - Filling up the DagBag from /Users/swarnalidatta/Desktop/AutoQueryChatbot/.airflow-venv/lib/python3.12/site-packages/airflow/example_dags/example_setup_teardown.py
[2026-09-05T14:44:10.452+0200] {processor.py:925} INFO - DAG(s) 'example_setup_teardown' retrieved from /Users/swarnalidatta/Desktop/AutoQueryChatbot/.airflow-venv/lib/python3.12/site-packages/airflow/example_dags/example_setup_teardown.py
[2026-09-05T14:44:10.481+0200] {logging_mixin.py:190} INFO - [2026-09-05T14:44:10.481+0200] {dag.py:3239} INFO - Sync 1 DAGs
[2026-09-05T14:44:10.484+0200] {logging_mixin.py:190} INFO - [2026-09-05T14:44:10.484+0200] {dag.py:4180} INFO - Setting next_dagrun for example_setup_teardown to None, run_after=None
[2026-09-05T14:44:10.490+0200] {processor.py:208} INFO - Processing /Users/swarnalidatta/Desktop/AutoQueryChatbot/.airflow-venv/lib/python3.12/site-packages/airflow/example_dags/example_setup_teardown.py took 0.043 seconds
[2026-09-05T14:45:33.146+0200] {processor.py:186} INFO - Started process (PID=8139) to work on /Users/swarnalidatta/Desktop/AutoQueryChatbot/.airflow-venv/lib/python3.12/site-packages/airflow/example_dags/example_setup_teardown.py
[2026-09-05T14:45:33.146+0200] {processor.py:914} INFO - Processing file /Users/swarnalidatta/Desktop/AutoQueryChatbot/.airflow-venv/lib/python3.12/site-packages/airflow/example_dags/example_setup_teardown.py for tasks to queue
[2026-09-05T14:45:33.146+0200] {logging_mixin.py:190} INFO - [2026-09-05T14:45:33.146+0200] {dagbag.py:588} INFO - Filling up the DagBag from /Users/swarnalidatta/Desktop/AutoQueryChatbot/.airflow-venv/lib/python3.12/site-packages/airflow/example_dags/example_setup_teardown.py
[2026-09-05T14:45:33.149+0200] {processor.py:925} INFO - DAG(s) 'example_setup_teardown' retrieved from /Users/swarnalidatta/Desktop/AutoQueryChatbot/.airflow-venv/lib/python3.12/site-packages/airflow/example_dags/example_setup_teardown.py
[2026-09-05T14:45:33.176+0200] {logging_mixin.py:190} INFO - [2026-09-05T14:45:33.176+0200] {dag.py:3239} INFO - Sync 1 DAGs
[2026-09-05T14:45:33.179+0200] {logging_mixin.py:190} INFO - [2026-09-05T14:45:33.179+0200] {dag.py:4180} INFO - Setting next_dagrun for example_setup_teardown to None, run_after=None
[2026-09-05T14:45:33.184+0200] {processor.py:208} INFO - Processing /Users/swarnalidatta/Desktop/AutoQueryChatbot/.airflow-venv/lib/python3.12/site-packages/airflow/example_dags/example_setup_teardown.py took 0.040 seconds
[2026-09-05T14:47:07.438+0200] {processor.py:186} INFO - Started process (PID=8381) to work on /Users/swarnalidatta/Desktop/AutoQueryChatbot/.airflow-venv/lib/python3.12/site-packages/airflow/example_dags/example_setup_teardown.py
[2026-09-05T14:47:07.438+0200] {processor.py:914} INFO - Processing file /Users/swarnalidatta/Desktop/AutoQueryChatbot/.airflow-venv/lib/python3.12/site-packages/airflow/example_dags/example_setup_teardown.py for tasks to queue
[2026-09-05T14:47:07.439+0200] {logging_mixin.py:190} INFO - [2026-09-05T14:47:07.439+0200] {dagbag.py:588} INFO - Filling up the DagBag from /Users/swarnalidatta/Desktop/AutoQueryChatbot/.airflow-venv/lib/python3.12/site-packages/airflow/example_dags/example_setup_teardown.py
[2026-09-05T14:47:07.441+0200] {processor.py:925} INFO - DAG(s) 'example_setup_teardown' retrieved from /Users/swarnalidatta/Desktop/AutoQueryChatbot/.airflow-venv/lib/python3.12/site-packages/airflow/example_dags/example_setup_teardown.py
[2026-09-05T14:47:07.469+0200] {logging_mixin.py:190} INFO - [2026-09-05T14:47:07.469+0200] {dag.py:3239} INFO - Sync 1 DAGs
[2026-09-05T14:47:07.472+0200] {logging_mixin.py:190} INFO - [2026-09-05T14:47:07.472+0200] {dag.py:4180} INFO - Setting next_dagrun for example_setup_teardown to None, run_after=None
[2026-09-05T14:47:07.478+0200] {processor.py:208} INFO - Processing /Users/swarnalidatta/Desktop/AutoQueryChatbot/.airflow-venv/lib/python3.12/site-packages/airflow/example_dags/example_setup_teardown.py took 0.041 seconds
[2026-09-05T14:49:24.681+0200] {processor.py:186} INFO - Started process (PID=8698) to work on /Users/swarnalidatta/Desktop/AutoQueryChatbot/.airflow-venv/lib/python3.12/site-packages/airflow/example_dags/example_setup_teardown.py
[2026-09-05T14:49:24.681+0200] {processor.py:914} INFO - Processing file /Users/swarnalidatta/Desktop/AutoQueryChatbot/.airflow-venv/lib/python3.12/site-packages/airflow/example_dags/example_setup_teardown.py for tasks to queue
[2026-09-05T14:49:24.682+0200] {logging_mixin.py:190} INFO - [2026-09-05T14:49:24.682+0200] {dagbag.py:588} INFO - Filling up the DagBag from /Users/swarnalidatta/Desktop/AutoQueryChatbot/.airflow-venv/lib/python3.12/site-packages/airflow/example_dags/example_setup_teardown.py
[2026-09-05T14:49:24.685+0200] {processor.py:925} INFO - DAG(s) 'example_setup_teardown' retrieved from /Users/swarnalidatta/Desktop/AutoQueryChatbot/.airflow-venv/lib/python3.12/site-packages/airflow/example_dags/example_setup_teardown.py
[2026-09-05T14:49:24.712+0200] {logging_mixin.py:190} INFO - [2026-09-05T14:49:24.712+0200] {dag.py:3239} INFO - Sync 1 DAGs
[2026-09-05T14:49:24.715+0200] {logging_mixin.py:190} INFO - [2026-09-05T14:49:24.715+0200] {dag.py:4180} INFO - Setting next_dagrun for example_setup_teardown to None, run_after=None
[2026-09-05T14:49:24.720+0200] {processor.py:208} INFO - Processing /Users/swarnalidatta/Desktop/AutoQueryChatbot/.airflow-venv/lib/python3.12/site-packages/airflow/example_dags/example_setup_teardown.py took 0.040 seconds
[2026-09-05T14:51:27.105+0200] {processor.py:186} INFO - Started process (PID=8977) to work on /Users/swarnalidatta/Desktop/AutoQueryChatbot/.airflow-venv/lib/python3.12/site-packages/airflow/example_dags/example_setup_teardown.py
[2026-09-05T14:51:27.106+0200] {processor.py:914} INFO - Processing file /Users/swarnalidatta/Desktop/AutoQueryChatbot/.airflow-venv/lib/python3.12/site-packages/airflow/example_dags/example_setup_teardown.py for tasks to queue
[2026-09-05T14:51:27.106+0200] {logging_mixin.py:190} INFO - [2026-09-05T14:51:27.106+0200] {dagbag.py:588} INFO - Filling up the DagBag from /Users/swarnalidatta/Desktop/AutoQueryChatbot/.airflow-venv/lib/python3.12/site-packages/airflow/example_dags/example_setup_teardown.py
[2026-09-05T14:51:27.109+0200] {processor.py:925} INFO - DAG(s) 'example_setup_teardown' retrieved from /Users/swarnalidatta/Desktop/AutoQueryChatbot/.airflow-venv/lib/python3.12/site-packages/airflow/example_dags/example_setup_teardown.py
[2026-09-05T14:51:27.136+0200] {logging_mixin.py:190} INFO - [2026-09-05T14:51:27.136+0200] {dag.py:3239} INFO - Sync 1 DAGs
[2026-09-05T14:51:27.139+0200] {logging_mixin.py:190} INFO - [2026-09-05T14:51:27.139+0200] {dag.py:4180} INFO - Setting next_dagrun for example_setup_teardown to None, run_after=None
[2026-09-05T14:51:27.145+0200] {processor.py:208} INFO - Processing /Users/swarnalidatta/Desktop/AutoQueryChatbot/.airflow-venv/lib/python3.12/site-packages/airflow/example_dags/example_setup_teardown.py took 0.040 seconds
[2026-09-05T14:53:20.958+0200] {processor.py:186} INFO - Started process (PID=9246) to work on /Users/swarnalidatta/Desktop/AutoQueryChatbot/.airflow-venv/lib/python3.12/site-packages/airflow/example_dags/example_setup_teardown.py
[2026-09-05T14:53:20.958+0200] {processor.py:914} INFO - Processing file /Users/swarnalidatta/Desktop/AutoQueryChatbot/.airflow-venv/lib/python3.12/site-packages/airflow/example_dags/example_setup_teardown.py for tasks to queue
[2026-09-05T14:53:20.959+0200] {logging_mixin.py:190} INFO - [2026-09-05T14:53:20.959+0200] {dagbag.py:588} INFO - Filling up the DagBag from /Users/swarnalidatta/Desktop/AutoQueryChatbot/.airflow-venv/lib/python3.12/site-packages/airflow/example_dags/example_setup_teardown.py
[2026-09-05T14:53:20.961+0200] {processor.py:925} INFO - DAG(s) 'example_setup_teardown' retrieved from /Users/swarnalidatta/Desktop/AutoQueryChatbot/.airflow-venv/lib/python3.12/site-packages/airflow/example_dags/example_setup_teardown.py
[2026-09-05T14:53:20.988+0200] {logging_mixin.py:190} INFO - [2026-09-05T14:53:20.988+0200] {dag.py:3239} INFO - Sync 1 DAGs
[2026-09-05T14:53:20.991+0200] {logging_mixin.py:190} INFO - [2026-09-05T14:53:20.991+0200] {dag.py:4180} INFO - Setting next_dagrun for example_setup_teardown to None, run_after=None
[2026-09-05T14:53:20.996+0200] {processor.py:208} INFO - Processing /Users/swarnalidatta/Desktop/AutoQueryChatbot/.airflow-venv/lib/python3.12/site-packages/airflow/example_dags/example_setup_teardown.py took 0.039 seconds
[2026-09-05T16:25:39.980+0200] {processor.py:186} INFO - Started process (PID=9812) to work on /Users/swarnalidatta/Desktop/AutoQueryChatbot/.airflow-venv/lib/python3.12/site-packages/airflow/example_dags/example_setup_teardown.py
[2026-09-05T16:25:39.980+0200] {processor.py:914} INFO - Processing file /Users/swarnalidatta/Desktop/AutoQueryChatbot/.airflow-venv/lib/python3.12/site-packages/airflow/example_dags/example_setup_teardown.py for tasks to queue
[2026-09-05T16:25:39.980+0200] {logging_mixin.py:190} INFO - [2026-09-05T16:25:39.980+0200] {dagbag.py:588} INFO - Filling up the DagBag from /Users/swarnalidatta/Desktop/AutoQueryChatbot/.airflow-venv/lib/python3.12/site-packages/airflow/example_dags/example_setup_teardown.py
[2026-09-05T16:25:39.983+0200] {processor.py:925} INFO - DAG(s) 'example_setup_teardown' retrieved from /Users/swarnalidatta/Desktop/AutoQueryChatbot/.airflow-venv/lib/python3.12/site-packages/airflow/example_dags/example_setup_teardown.py
[2026-09-05T16:25:40.009+0200] {logging_mixin.py:190} INFO - [2026-09-05T16:25:40.009+0200] {dag.py:3239} INFO - Sync 1 DAGs
[2026-09-05T16:25:40.011+0200] {logging_mixin.py:190} INFO - [2026-09-05T16:25:40.011+0200] {dag.py:4180} INFO - Setting next_dagrun for example_setup_teardown to None, run_after=None
[2026-09-05T16:25:40.016+0200] {processor.py:208} INFO - Processing /Users/swarnalidatta/Desktop/AutoQueryChatbot/.airflow-venv/lib/python3.12/site-packages/airflow/example_dags/example_setup_teardown.py took 0.038 seconds
[2026-09-05T16:27:06.097+0200] {processor.py:186} INFO - Started process (PID=10022) to work on /Users/swarnalidatta/Desktop/AutoQueryChatbot/.airflow-venv/lib/python3.12/site-packages/airflow/example_dags/example_setup_teardown.py
[2026-09-05T16:27:06.098+0200] {processor.py:914} INFO - Processing file /Users/swarnalidatta/Desktop/AutoQueryChatbot/.airflow-venv/lib/python3.12/site-packages/airflow/example_dags/example_setup_teardown.py for tasks to queue
[2026-09-05T16:27:06.098+0200] {logging_mixin.py:190} INFO - [2026-09-05T16:27:06.098+0200] {dagbag.py:588} INFO - Filling up the DagBag from /Users/swarnalidatta/Desktop/AutoQueryChatbot/.airflow-venv/lib/python3.12/site-packages/airflow/example_dags/example_setup_teardown.py
[2026-09-05T16:27:06.100+0200] {processor.py:925} INFO - DAG(s) 'example_setup_teardown' retrieved from /Users/swarnalidatta/Desktop/AutoQueryChatbot/.airflow-venv/lib/python3.12/site-packages/airflow/example_dags/example_setup_teardown.py
[2026-09-05T16:27:06.127+0200] {logging_mixin.py:190} INFO - [2026-09-05T16:27:06.127+0200] {dag.py:3239} INFO - Sync 1 DAGs
[2026-09-05T16:27:06.129+0200] {logging_mixin.py:190} INFO - [2026-09-05T16:27:06.129+0200] {dag.py:4180} INFO - Setting next_dagrun for example_setup_teardown to None, run_after=None
[2026-09-05T16:27:06.134+0200] {processor.py:208} INFO - Processing /Users/swarnalidatta/Desktop/AutoQueryChatbot/.airflow-venv/lib/python3.12/site-packages/airflow/example_dags/example_setup_teardown.py took 0.038 seconds
[2026-09-05T16:29:02.177+0200] {processor.py:186} INFO - Started process (PID=10364) to work on /Users/swarnalidatta/Desktop/AutoQueryChatbot/.airflow-venv/lib/python3.12/site-packages/airflow/example_dags/example_setup_teardown.py
[2026-09-05T16:29:02.178+0200] {processor.py:914} INFO - Processing file /Users/swarnalidatta/Desktop/AutoQueryChatbot/.airflow-venv/lib/python3.12/site-packages/airflow/example_dags/example_setup_teardown.py for tasks to queue
[2026-09-05T16:29:02.178+0200] {logging_mixin.py:190} INFO - [2026-09-05T16:29:02.178+0200] {dagbag.py:588} INFO - Filling up the DagBag from /Users/swarnalidatta/Desktop/AutoQueryChatbot/.airflow-venv/lib/python3.12/site-packages/airflow/example_dags/example_setup_teardown.py
[2026-09-05T16:29:02.181+0200] {processor.py:925} INFO - DAG(s) 'example_setup_teardown' retrieved from /Users/swarnalidatta/Desktop/AutoQueryChatbot/.airflow-venv/lib/python3.12/site-packages/airflow/example_dags/example_setup_teardown.py
[2026-09-05T16:29:02.207+0200] {logging_mixin.py:190} INFO - [2026-09-05T16:29:02.207+0200] {dag.py:3239} INFO - Sync 1 DAGs
[2026-09-05T16:29:02.210+0200] {logging_mixin.py:190} INFO - [2026-09-05T16:29:02.210+0200] {dag.py:4180} INFO - Setting next_dagrun for example_setup_teardown to None, run_after=None
[2026-09-05T16:29:02.215+0200] {processor.py:208} INFO - Processing /Users/swarnalidatta/Desktop/AutoQueryChatbot/.airflow-venv/lib/python3.12/site-packages/airflow/example_dags/example_setup_teardown.py took 0.039 seconds
[2026-09-05T16:30:55.769+0200] {processor.py:186} INFO - Started process (PID=10815) to work on /Users/swarnalidatta/Desktop/AutoQueryChatbot/.airflow-venv/lib/python3.12/site-packages/airflow/example_dags/example_setup_teardown.py
[2026-09-05T16:30:55.769+0200] {processor.py:914} INFO - Processing file /Users/swarnalidatta/Desktop/AutoQueryChatbot/.airflow-venv/lib/python3.12/site-packages/airflow/example_dags/example_setup_teardown.py for tasks to queue
[2026-09-05T16:30:55.770+0200] {logging_mixin.py:190} INFO - [2026-09-05T16:30:55.770+0200] {dagbag.py:588} INFO - Filling up the DagBag from /Users/swarnalidatta/Desktop/AutoQueryChatbot/.airflow-venv/lib/python3.12/site-packages/airflow/example_dags/example_setup_teardown.py
[2026-09-05T16:30:55.772+0200] {processor.py:925} INFO - DAG(s) 'example_setup_teardown' retrieved from /Users/swarnalidatta/Desktop/AutoQueryChatbot/.airflow-venv/lib/python3.12/site-packages/airflow/example_dags/example_setup_teardown.py
[2026-09-05T16:30:55.799+0200] {logging_mixin.py:190} INFO - [2026-09-05T16:30:55.799+0200] {dag.py:3239} INFO - Sync 1 DAGs
[2026-09-05T16:30:55.802+0200] {logging_mixin.py:190} INFO - [2026-09-05T16:30:55.802+0200] {dag.py:4180} INFO - Setting next_dagrun for example_setup_teardown to None, run_after=None
[2026-09-05T16:30:55.807+0200] {processor.py:208} INFO - Processing /Users/swarnalidatta/Desktop/AutoQueryChatbot/.airflow-venv/lib/python3.12/site-packages/airflow/example_dags/example_setup_teardown.py took 0.040 seconds
[2026-09-05T17:23:37.919+0200] {processor.py:186} INFO - Started process (PID=17821) to work on /Users/swarnalidatta/Desktop/AutoQueryChatbot/.airflow-venv/lib/python3.12/site-packages/airflow/example_dags/example_setup_teardown.py
[2026-09-05T17:23:37.920+0200] {processor.py:914} INFO - Processing file /Users/swarnalidatta/Desktop/AutoQueryChatbot/.airflow-venv/lib/python3.12/site-packages/airflow/example_dags/example_setup_teardown.py for tasks to queue
[2026-09-05T17:23:37.920+0200] {logging_mixin.py:190} INFO - [2026-09-05T17:23:37.920+0200] {dagbag.py:588} INFO - Filling up the DagBag from /Users/swarnalidatta/Desktop/AutoQueryChatbot/.airflow-venv/lib/python3.12/site-packages/airflow/example_dags/example_setup_teardown.py
[2026-09-05T17:23:37.923+0200] {processor.py:925} INFO - DAG(s) 'example_setup_teardown' retrieved from /Users/swarnalidatta/Desktop/AutoQueryChatbot/.airflow-venv/lib/python3.12/site-packages/airflow/example_dags/example_setup_teardown.py
[2026-09-05T17:23:37.953+0200] {logging_mixin.py:190} INFO - [2026-09-05T17:23:37.953+0200] {dag.py:3239} INFO - Sync 1 DAGs
[2026-09-05T17:23:37.956+0200] {logging_mixin.py:190} INFO - [2026-09-05T17:23:37.956+0200] {dag.py:4180} INFO - Setting next_dagrun for example_setup_teardown to None, run_after=None
[2026-09-05T17:23:37.962+0200] {processor.py:208} INFO - Processing /Users/swarnalidatta/Desktop/AutoQueryChatbot/.airflow-venv/lib/python3.12/site-packages/airflow/example_dags/example_setup_teardown.py took 0.045 seconds
[2026-09-05T17:25:14.354+0200] {processor.py:186} INFO - Started process (PID=18056) to work on /Users/swarnalidatta/Desktop/AutoQueryChatbot/.airflow-venv/lib/python3.12/site-packages/airflow/example_dags/example_setup_teardown.py
[2026-09-05T17:25:14.354+0200] {processor.py:914} INFO - Processing file /Users/swarnalidatta/Desktop/AutoQueryChatbot/.airflow-venv/lib/python3.12/site-packages/airflow/example_dags/example_setup_teardown.py for tasks to queue
[2026-09-05T17:25:14.355+0200] {logging_mixin.py:190} INFO - [2026-09-05T17:25:14.355+0200] {dagbag.py:588} INFO - Filling up the DagBag from /Users/swarnalidatta/Desktop/AutoQueryChatbot/.airflow-venv/lib/python3.12/site-packages/airflow/example_dags/example_setup_teardown.py
[2026-09-05T17:25:14.357+0200] {processor.py:925} INFO - DAG(s) 'example_setup_teardown' retrieved from /Users/swarnalidatta/Desktop/AutoQueryChatbot/.airflow-venv/lib/python3.12/site-packages/airflow/example_dags/example_setup_teardown.py
[2026-09-05T17:25:14.384+0200] {logging_mixin.py:190} INFO - [2026-09-05T17:25:14.384+0200] {dag.py:3239} INFO - Sync 1 DAGs
[2026-09-05T17:25:14.387+0200] {logging_mixin.py:190} INFO - [2026-09-05T17:25:14.387+0200] {dag.py:4180} INFO - Setting next_dagrun for example_setup_teardown to None, run_after=None
[2026-09-05T17:25:14.393+0200] {processor.py:208} INFO - Processing /Users/swarnalidatta/Desktop/AutoQueryChatbot/.airflow-venv/lib/python3.12/site-packages/airflow/example_dags/example_setup_teardown.py took 0.040 seconds
[2026-09-05T17:36:37.217+0200] {processor.py:186} INFO - Started process (PID=18406) to work on /Users/swarnalidatta/Desktop/AutoQueryChatbot/.airflow-venv/lib/python3.12/site-packages/airflow/example_dags/example_setup_teardown.py
[2026-09-05T17:36:37.218+0200] {processor.py:914} INFO - Processing file /Users/swarnalidatta/Desktop/AutoQueryChatbot/.airflow-venv/lib/python3.12/site-packages/airflow/example_dags/example_setup_teardown.py for tasks to queue
[2026-09-05T17:36:37.218+0200] {logging_mixin.py:190} INFO - [2026-09-05T17:36:37.218+0200] {dagbag.py:588} INFO - Filling up the DagBag from /Users/swarnalidatta/Desktop/AutoQueryChatbot/.airflow-venv/lib/python3.12/site-packages/airflow/example_dags/example_setup_teardown.py
[2026-09-05T17:36:37.220+0200] {processor.py:925} INFO - DAG(s) 'example_setup_teardown' retrieved from /Users/swarnalidatta/Desktop/AutoQueryChatbot/.airflow-venv/lib/python3.12/site-packages/airflow/example_dags/example_setup_teardown.py
[2026-09-05T17:36:37.247+0200] {logging_mixin.py:190} INFO - [2026-09-05T17:36:37.247+0200] {dag.py:3239} INFO - Sync 1 DAGs
[2026-09-05T17:36:37.250+0200] {logging_mixin.py:190} INFO - [2026-09-05T17:36:37.250+0200] {dag.py:4180} INFO - Setting next_dagrun for example_setup_teardown to None, run_after=None
[2026-09-05T17:36:37.255+0200] {processor.py:208} INFO - Processing /Users/swarnalidatta/Desktop/AutoQueryChatbot/.airflow-venv/lib/python3.12/site-packages/airflow/example_dags/example_setup_teardown.py took 0.039 seconds
[2026-09-05T17:38:11.530+0200] {processor.py:186} INFO - Started process (PID=18666) to work on /Users/swarnalidatta/Desktop/AutoQueryChatbot/.airflow-venv/lib/python3.12/site-packages/airflow/example_dags/example_setup_teardown.py
[2026-09-05T17:38:11.531+0200] {processor.py:914} INFO - Processing file /Users/swarnalidatta/Desktop/AutoQueryChatbot/.airflow-venv/lib/python3.12/site-packages/airflow/example_dags/example_setup_teardown.py for tasks to queue
[2026-09-05T17:38:11.531+0200] {logging_mixin.py:190} INFO - [2026-09-05T17:38:11.531+0200] {dagbag.py:588} INFO - Filling up the DagBag from /Users/swarnalidatta/Desktop/AutoQueryChatbot/.airflow-venv/lib/python3.12/site-packages/airflow/example_dags/example_setup_teardown.py
[2026-09-05T17:38:11.534+0200] {processor.py:925} INFO - DAG(s) 'example_setup_teardown' retrieved from /Users/swarnalidatta/Desktop/AutoQueryChatbot/.airflow-venv/lib/python3.12/site-packages/airflow/example_dags/example_setup_teardown.py
[2026-09-05T17:38:11.561+0200] {logging_mixin.py:190} INFO - [2026-09-05T17:38:11.561+0200] {dag.py:3239} INFO - Sync 1 DAGs
[2026-09-05T17:38:11.564+0200] {logging_mixin.py:190} INFO - [2026-09-05T17:38:11.564+0200] {dag.py:4180} INFO - Setting next_dagrun for example_setup_teardown to None, run_after=None
[2026-09-05T17:38:11.569+0200] {processor.py:208} INFO - Processing /Users/swarnalidatta/Desktop/AutoQueryChatbot/.airflow-venv/lib/python3.12/site-packages/airflow/example_dags/example_setup_teardown.py took 0.040 seconds
[2026-09-05T17:40:29.300+0200] {processor.py:186} INFO - Started process (PID=19056) to work on /Users/swarnalidatta/Desktop/AutoQueryChatbot/.airflow-venv/lib/python3.12/site-packages/airflow/example_dags/example_setup_teardown.py
[2026-09-05T17:40:29.300+0200] {processor.py:914} INFO - Processing file /Users/swarnalidatta/Desktop/AutoQueryChatbot/.airflow-venv/lib/python3.12/site-packages/airflow/example_dags/example_setup_teardown.py for tasks to queue
[2026-09-05T17:40:29.300+0200] {logging_mixin.py:190} INFO - [2026-09-05T17:40:29.300+0200] {dagbag.py:588} INFO - Filling up the DagBag from /Users/swarnalidatta/Desktop/AutoQueryChatbot/.airflow-venv/lib/python3.12/site-packages/airflow/example_dags/example_setup_teardown.py
[2026-09-05T17:40:29.303+0200] {processor.py:925} INFO - DAG(s) 'example_setup_teardown' retrieved from /Users/swarnalidatta/Desktop/AutoQueryChatbot/.airflow-venv/lib/python3.12/site-packages/airflow/example_dags/example_setup_teardown.py
[2026-09-05T17:40:29.330+0200] {logging_mixin.py:190} INFO - [2026-09-05T17:40:29.330+0200] {dag.py:3239} INFO - Sync 1 DAGs
[2026-09-05T17:40:29.333+0200] {logging_mixin.py:190} INFO - [2026-09-05T17:40:29.333+0200] {dag.py:4180} INFO - Setting next_dagrun for example_setup_teardown to None, run_after=None
[2026-09-05T17:40:29.338+0200] {processor.py:208} INFO - Processing /Users/swarnalidatta/Desktop/AutoQueryChatbot/.airflow-venv/lib/python3.12/site-packages/airflow/example_dags/example_setup_teardown.py took 0.040 seconds
[2026-09-05T17:42:52.685+0200] {processor.py:186} INFO - Started process (PID=19714) to work on /Users/swarnalidatta/Desktop/AutoQueryChatbot/.airflow-venv/lib/python3.12/site-packages/airflow/example_dags/example_setup_teardown.py
[2026-09-05T17:42:52.686+0200] {processor.py:914} INFO - Processing file /Users/swarnalidatta/Desktop/AutoQueryChatbot/.airflow-venv/lib/python3.12/site-packages/airflow/example_dags/example_setup_teardown.py for tasks to queue
[2026-09-05T17:42:52.686+0200] {logging_mixin.py:190} INFO - [2026-09-05T17:42:52.686+0200] {dagbag.py:588} INFO - Filling up the DagBag from /Users/swarnalidatta/Desktop/AutoQueryChatbot/.airflow-venv/lib/python3.12/site-packages/airflow/example_dags/example_setup_teardown.py
[2026-09-05T17:42:52.689+0200] {processor.py:925} INFO - DAG(s) 'example_setup_teardown' retrieved from /Users/swarnalidatta/Desktop/AutoQueryChatbot/.airflow-venv/lib/python3.12/site-packages/airflow/example_dags/example_setup_teardown.py
[2026-09-05T17:42:52.716+0200] {logging_mixin.py:190} INFO - [2026-09-05T17:42:52.716+0200] {dag.py:3239} INFO - Sync 1 DAGs
[2026-09-05T17:42:52.719+0200] {logging_mixin.py:190} INFO - [2026-09-05T17:42:52.719+0200] {dag.py:4180} INFO - Setting next_dagrun for example_setup_teardown to None, run_after=None
[2026-09-05T17:42:52.724+0200] {processor.py:208} INFO - Processing /Users/swarnalidatta/Desktop/AutoQueryChatbot/.airflow-venv/lib/python3.12/site-packages/airflow/example_dags/example_setup_teardown.py took 0.040 seconds
[2026-09-05T17:46:11.976+0200] {processor.py:186} INFO - Started process (PID=20288) to work on /Users/swarnalidatta/Desktop/AutoQueryChatbot/.airflow-venv/lib/python3.12/site-packages/airflow/example_dags/example_setup_teardown.py
[2026-09-05T17:46:11.977+0200] {processor.py:914} INFO - Processing file /Users/swarnalidatta/Desktop/AutoQueryChatbot/.airflow-venv/lib/python3.12/site-packages/airflow/example_dags/example_setup_teardown.py for tasks to queue
[2026-09-05T17:46:11.977+0200] {logging_mixin.py:190} INFO - [2026-09-05T17:46:11.977+0200] {dagbag.py:588} INFO - Filling up the DagBag from /Users/swarnalidatta/Desktop/AutoQueryChatbot/.airflow-venv/lib/python3.12/site-packages/airflow/example_dags/example_setup_teardown.py
[2026-09-05T17:46:11.980+0200] {processor.py:925} INFO - DAG(s) 'example_setup_teardown' retrieved from /Users/swarnalidatta/Desktop/AutoQueryChatbot/.airflow-venv/lib/python3.12/site-packages/airflow/example_dags/example_setup_teardown.py
[2026-09-05T17:46:12.007+0200] {logging_mixin.py:190} INFO - [2026-09-05T17:46:12.007+0200] {dag.py:3239} INFO - Sync 1 DAGs
[2026-09-05T17:46:12.010+0200] {logging_mixin.py:190} INFO - [2026-09-05T17:46:12.010+0200] {dag.py:4180} INFO - Setting next_dagrun for example_setup_teardown to None, run_after=None
[2026-09-05T17:46:12.016+0200] {processor.py:208} INFO - Processing /Users/swarnalidatta/Desktop/AutoQueryChatbot/.airflow-venv/lib/python3.12/site-packages/airflow/example_dags/example_setup_teardown.py took 0.041 seconds
[2026-09-05T17:47:40.055+0200] {processor.py:186} INFO - Started process (PID=20584) to work on /Users/swarnalidatta/Desktop/AutoQueryChatbot/.airflow-venv/lib/python3.12/site-packages/airflow/example_dags/example_setup_teardown.py
[2026-09-05T17:47:40.055+0200] {processor.py:914} INFO - Processing file /Users/swarnalidatta/Desktop/AutoQueryChatbot/.airflow-venv/lib/python3.12/site-packages/airflow/example_dags/example_setup_teardown.py for tasks to queue
[2026-09-05T17:47:40.056+0200] {logging_mixin.py:190} INFO - [2026-09-05T17:47:40.056+0200] {dagbag.py:588} INFO - Filling up the DagBag from /Users/swarnalidatta/Desktop/AutoQueryChatbot/.airflow-venv/lib/python3.12/site-packages/airflow/example_dags/example_setup_teardown.py
[2026-09-05T17:47:40.058+0200] {processor.py:925} INFO - DAG(s) 'example_setup_teardown' retrieved from /Users/swarnalidatta/Desktop/AutoQueryChatbot/.airflow-venv/lib/python3.12/site-packages/airflow/example_dags/example_setup_teardown.py
[2026-09-05T17:47:40.086+0200] {logging_mixin.py:190} INFO - [2026-09-05T17:47:40.086+0200] {dag.py:3239} INFO - Sync 1 DAGs
[2026-09-05T17:47:40.089+0200] {logging_mixin.py:190} INFO - [2026-09-05T17:47:40.089+0200] {dag.py:4180} INFO - Setting next_dagrun for example_setup_teardown to None, run_after=None
[2026-09-05T17:47:40.094+0200] {processor.py:208} INFO - Processing /Users/swarnalidatta/Desktop/AutoQueryChatbot/.airflow-venv/lib/python3.12/site-packages/airflow/example_dags/example_setup_teardown.py took 0.041 seconds
[2026-09-05T17:49:06.590+0200] {processor.py:186} INFO - Started process (PID=20877) to work on /Users/swarnalidatta/Desktop/AutoQueryChatbot/.airflow-venv/lib/python3.12/site-packages/airflow/example_dags/example_setup_teardown.py
[2026-09-05T17:49:06.590+0200] {processor.py:914} INFO - Processing file /Users/swarnalidatta/Desktop/AutoQueryChatbot/.airflow-venv/lib/python3.12/site-packages/airflow/example_dags/example_setup_teardown.py for tasks to queue
[2026-09-05T17:49:06.590+0200] {logging_mixin.py:190} INFO - [2026-09-05T17:49:06.590+0200] {dagbag.py:588} INFO - Filling up the DagBag from /Users/swarnalidatta/Desktop/AutoQueryChatbot/.airflow-venv/lib/python3.12/site-packages/airflow/example_dags/example_setup_teardown.py
[2026-09-05T17:49:06.593+0200] {processor.py:925} INFO - DAG(s) 'example_setup_teardown' retrieved from /Users/swarnalidatta/Desktop/AutoQueryChatbot/.airflow-venv/lib/python3.12/site-packages/airflow/example_dags/example_setup_teardown.py
[2026-09-05T17:49:06.620+0200] {logging_mixin.py:190} INFO - [2026-09-05T17:49:06.620+0200] {dag.py:3239} INFO - Sync 1 DAGs
[2026-09-05T17:49:06.623+0200] {logging_mixin.py:190} INFO - [2026-09-05T17:49:06.623+0200] {dag.py:4180} INFO - Setting next_dagrun for example_setup_teardown to None, run_after=None
[2026-09-05T17:49:06.629+0200] {processor.py:208} INFO - Processing /Users/swarnalidatta/Desktop/AutoQueryChatbot/.airflow-venv/lib/python3.12/site-packages/airflow/example_dags/example_setup_teardown.py took 0.040 seconds
[2026-09-05T17:51:16.906+0200] {processor.py:186} INFO - Started process (PID=21390) to work on /Users/swarnalidatta/Desktop/AutoQueryChatbot/.airflow-venv/lib/python3.12/site-packages/airflow/example_dags/example_setup_teardown.py
[2026-09-05T17:51:16.907+0200] {processor.py:914} INFO - Processing file /Users/swarnalidatta/Desktop/AutoQueryChatbot/.airflow-venv/lib/python3.12/site-packages/airflow/example_dags/example_setup_teardown.py for tasks to queue
[2026-09-05T17:51:16.907+0200] {logging_mixin.py:190} INFO - [2026-09-05T17:51:16.907+0200] {dagbag.py:588} INFO - Filling up the DagBag from /Users/swarnalidatta/Desktop/AutoQueryChatbot/.airflow-venv/lib/python3.12/site-packages/airflow/example_dags/example_setup_teardown.py
[2026-09-05T17:51:16.910+0200] {processor.py:925} INFO - DAG(s) 'example_setup_teardown' retrieved from /Users/swarnalidatta/Desktop/AutoQueryChatbot/.airflow-venv/lib/python3.12/site-packages/airflow/example_dags/example_setup_teardown.py
[2026-09-05T17:51:16.937+0200] {logging_mixin.py:190} INFO - [2026-09-05T17:51:16.937+0200] {dag.py:3239} INFO - Sync 1 DAGs
[2026-09-05T17:51:16.940+0200] {logging_mixin.py:190} INFO - [2026-09-05T17:51:16.940+0200] {dag.py:4180} INFO - Setting next_dagrun for example_setup_teardown to None, run_after=None
[2026-09-05T17:51:16.946+0200] {processor.py:208} INFO - Processing /Users/swarnalidatta/Desktop/AutoQueryChatbot/.airflow-venv/lib/python3.12/site-packages/airflow/example_dags/example_setup_teardown.py took 0.041 seconds
[2026-09-05T17:53:16.934+0200] {processor.py:186} INFO - Started process (PID=21663) to work on /Users/swarnalidatta/Desktop/AutoQueryChatbot/.airflow-venv/lib/python3.12/site-packages/airflow/example_dags/example_setup_teardown.py
[2026-09-05T17:53:16.935+0200] {processor.py:914} INFO - Processing file /Users/swarnalidatta/Desktop/AutoQueryChatbot/.airflow-venv/lib/python3.12/site-packages/airflow/example_dags/example_setup_teardown.py for tasks to queue
[2026-09-05T17:53:16.935+0200] {logging_mixin.py:190} INFO - [2026-09-05T17:53:16.935+0200] {dagbag.py:588} INFO - Filling up the DagBag from /Users/swarnalidatta/Desktop/AutoQueryChatbot/.airflow-venv/lib/python3.12/site-packages/airflow/example_dags/example_setup_teardown.py
[2026-09-05T17:53:16.937+0200] {processor.py:925} INFO - DAG(s) 'example_setup_teardown' retrieved from /Users/swarnalidatta/Desktop/AutoQueryChatbot/.airflow-venv/lib/python3.12/site-packages/airflow/example_dags/example_setup_teardown.py
[2026-09-05T17:53:16.965+0200] {logging_mixin.py:190} INFO - [2026-09-05T17:53:16.964+0200] {dag.py:3239} INFO - Sync 1 DAGs
[2026-09-05T17:53:16.968+0200] {logging_mixin.py:190} INFO - [2026-09-05T17:53:16.967+0200] {dag.py:4180} INFO - Setting next_dagrun for example_setup_teardown to None, run_after=None
[2026-09-05T17:53:16.973+0200] {processor.py:208} INFO - Processing /Users/swarnalidatta/Desktop/AutoQueryChatbot/.airflow-venv/lib/python3.12/site-packages/airflow/example_dags/example_setup_teardown.py took 0.040 seconds
[2026-09-05T17:55:18.858+0200] {processor.py:186} INFO - Started process (PID=21963) to work on /Users/swarnalidatta/Desktop/AutoQueryChatbot/.airflow-venv/lib/python3.12/site-packages/airflow/example_dags/example_setup_teardown.py
[2026-09-05T17:55:18.858+0200] {processor.py:914} INFO - Processing file /Users/swarnalidatta/Desktop/AutoQueryChatbot/.airflow-venv/lib/python3.12/site-packages/airflow/example_dags/example_setup_teardown.py for tasks to queue
[2026-09-05T17:55:18.858+0200] {logging_mixin.py:190} INFO - [2026-09-05T17:55:18.858+0200] {dagbag.py:588} INFO - Filling up the DagBag from /Users/swarnalidatta/Desktop/AutoQueryChatbot/.airflow-venv/lib/python3.12/site-packages/airflow/example_dags/example_setup_teardown.py
[2026-09-05T17:55:18.861+0200] {processor.py:925} INFO - DAG(s) 'example_setup_teardown' retrieved from /Users/swarnalidatta/Desktop/AutoQueryChatbot/.airflow-venv/lib/python3.12/site-packages/airflow/example_dags/example_setup_teardown.py
[2026-09-05T17:55:18.888+0200] {logging_mixin.py:190} INFO - [2026-09-05T17:55:18.888+0200] {dag.py:3239} INFO - Sync 1 DAGs
[2026-09-05T17:55:18.891+0200] {logging_mixin.py:190} INFO - [2026-09-05T17:55:18.891+0200] {dag.py:4180} INFO - Setting next_dagrun for example_setup_teardown to None, run_after=None
[2026-09-05T17:55:18.896+0200] {processor.py:208} INFO - Processing /Users/swarnalidatta/Desktop/AutoQueryChatbot/.airflow-venv/lib/python3.12/site-packages/airflow/example_dags/example_setup_teardown.py took 0.040 seconds
[2026-09-05T17:57:31.728+0200] {processor.py:186} INFO - Started process (PID=22276) to work on /Users/swarnalidatta/Desktop/AutoQueryChatbot/.airflow-venv/lib/python3.12/site-packages/airflow/example_dags/example_setup_teardown.py
[2026-09-05T17:57:31.729+0200] {processor.py:914} INFO - Processing file /Users/swarnalidatta/Desktop/AutoQueryChatbot/.airflow-venv/lib/python3.12/site-packages/airflow/example_dags/example_setup_teardown.py for tasks to queue
[2026-09-05T17:57:31.729+0200] {logging_mixin.py:190} INFO - [2026-09-05T17:57:31.729+0200] {dagbag.py:588} INFO - Filling up the DagBag from /Users/swarnalidatta/Desktop/AutoQueryChatbot/.airflow-venv/lib/python3.12/site-packages/airflow/example_dags/example_setup_teardown.py
[2026-09-05T17:57:31.732+0200] {processor.py:925} INFO - DAG(s) 'example_setup_teardown' retrieved from /Users/swarnalidatta/Desktop/AutoQueryChatbot/.airflow-venv/lib/python3.12/site-packages/airflow/example_dags/example_setup_teardown.py
[2026-09-05T17:57:31.759+0200] {logging_mixin.py:190} INFO - [2026-09-05T17:57:31.758+0200] {dag.py:3239} INFO - Sync 1 DAGs
[2026-09-05T17:57:31.761+0200] {logging_mixin.py:190} INFO - [2026-09-05T17:57:31.761+0200] {dag.py:4180} INFO - Setting next_dagrun for example_setup_teardown to None, run_after=None
[2026-09-05T17:57:31.767+0200] {processor.py:208} INFO - Processing /Users/swarnalidatta/Desktop/AutoQueryChatbot/.airflow-venv/lib/python3.12/site-packages/airflow/example_dags/example_setup_teardown.py took 0.040 seconds
[2026-09-05T17:59:35.705+0200] {processor.py:186} INFO - Started process (PID=22557) to work on /Users/swarnalidatta/Desktop/AutoQueryChatbot/.airflow-venv/lib/python3.12/site-packages/airflow/example_dags/example_setup_teardown.py
[2026-09-05T17:59:35.707+0200] {processor.py:914} INFO - Processing file /Users/swarnalidatta/Desktop/AutoQueryChatbot/.airflow-venv/lib/python3.12/site-packages/airflow/example_dags/example_setup_teardown.py for tasks to queue
[2026-09-05T17:59:35.707+0200] {logging_mixin.py:190} INFO - [2026-09-05T17:59:35.707+0200] {dagbag.py:588} INFO - Filling up the DagBag from /Users/swarnalidatta/Desktop/AutoQueryChatbot/.airflow-venv/lib/python3.12/site-packages/airflow/example_dags/example_setup_teardown.py
[2026-09-05T17:59:35.709+0200] {processor.py:925} INFO - DAG(s) 'example_setup_teardown' retrieved from /Users/swarnalidatta/Desktop/AutoQueryChatbot/.airflow-venv/lib/python3.12/site-packages/airflow/example_dags/example_setup_teardown.py
[2026-09-05T17:59:35.737+0200] {logging_mixin.py:190} INFO - [2026-09-05T17:59:35.737+0200] {dag.py:3239} INFO - Sync 1 DAGs
[2026-09-05T17:59:35.740+0200] {logging_mixin.py:190} INFO - [2026-09-05T17:59:35.739+0200] {dag.py:4180} INFO - Setting next_dagrun for example_setup_teardown to None, run_after=None
[2026-09-05T17:59:35.745+0200] {processor.py:208} INFO - Processing /Users/swarnalidatta/Desktop/AutoQueryChatbot/.airflow-venv/lib/python3.12/site-packages/airflow/example_dags/example_setup_teardown.py took 0.041 seconds
[2026-09-05T18:01:36.664+0200] {processor.py:186} INFO - Started process (PID=22829) to work on /Users/swarnalidatta/Desktop/AutoQueryChatbot/.airflow-venv/lib/python3.12/site-packages/airflow/example_dags/example_setup_teardown.py
[2026-09-05T18:01:36.664+0200] {processor.py:914} INFO - Processing file /Users/swarnalidatta/Desktop/AutoQueryChatbot/.airflow-venv/lib/python3.12/site-packages/airflow/example_dags/example_setup_teardown.py for tasks to queue
[2026-09-05T18:01:36.665+0200] {logging_mixin.py:190} INFO - [2026-09-05T18:01:36.665+0200] {dagbag.py:588} INFO - Filling up the DagBag from /Users/swarnalidatta/Desktop/AutoQueryChatbot/.airflow-venv/lib/python3.12/site-packages/airflow/example_dags/example_setup_teardown.py
[2026-09-05T18:01:36.667+0200] {processor.py:925} INFO - DAG(s) 'example_setup_teardown' retrieved from /Users/swarnalidatta/Desktop/AutoQueryChatbot/.airflow-venv/lib/python3.12/site-packages/airflow/example_dags/example_setup_teardown.py
[2026-09-05T18:01:36.694+0200] {logging_mixin.py:190} INFO - [2026-09-05T18:01:36.694+0200] {dag.py:3239} INFO - Sync 1 DAGs
[2026-09-05T18:01:36.697+0200] {logging_mixin.py:190} INFO - [2026-09-05T18:01:36.697+0200] {dag.py:4180} INFO - Setting next_dagrun for example_setup_teardown to None, run_after=None
[2026-09-05T18:01:36.702+0200] {processor.py:208} INFO - Processing /Users/swarnalidatta/Desktop/AutoQueryChatbot/.airflow-venv/lib/python3.12/site-packages/airflow/example_dags/example_setup_teardown.py took 0.040 seconds
[2026-09-05T18:19:58.068+0200] {processor.py:186} INFO - Started process (PID=23035) to work on /Users/swarnalidatta/Desktop/AutoQueryChatbot/.airflow-venv/lib/python3.12/site-packages/airflow/example_dags/example_setup_teardown.py
[2026-09-05T18:19:58.068+0200] {processor.py:914} INFO - Processing file /Users/swarnalidatta/Desktop/AutoQueryChatbot/.airflow-venv/lib/python3.12/site-packages/airflow/example_dags/example_setup_teardown.py for tasks to queue
[2026-09-05T18:19:58.069+0200] {logging_mixin.py:190} INFO - [2026-09-05T18:19:58.069+0200] {dagbag.py:588} INFO - Filling up the DagBag from /Users/swarnalidatta/Desktop/AutoQueryChatbot/.airflow-venv/lib/python3.12/site-packages/airflow/example_dags/example_setup_teardown.py
[2026-09-05T18:19:58.071+0200] {processor.py:925} INFO - DAG(s) 'example_setup_teardown' retrieved from /Users/swarnalidatta/Desktop/AutoQueryChatbot/.airflow-venv/lib/python3.12/site-packages/airflow/example_dags/example_setup_teardown.py
[2026-09-05T18:19:58.098+0200] {logging_mixin.py:190} INFO - [2026-09-05T18:19:58.098+0200] {dag.py:3239} INFO - Sync 1 DAGs
[2026-09-05T18:19:58.101+0200] {logging_mixin.py:190} INFO - [2026-09-05T18:19:58.101+0200] {dag.py:4180} INFO - Setting next_dagrun for example_setup_teardown to None, run_after=None
[2026-09-05T18:19:58.106+0200] {processor.py:208} INFO - Processing /Users/swarnalidatta/Desktop/AutoQueryChatbot/.airflow-venv/lib/python3.12/site-packages/airflow/example_dags/example_setup_teardown.py took 0.039 seconds
[2026-09-05T18:21:26.404+0200] {processor.py:186} INFO - Started process (PID=23277) to work on /Users/swarnalidatta/Desktop/AutoQueryChatbot/.airflow-venv/lib/python3.12/site-packages/airflow/example_dags/example_setup_teardown.py
[2026-09-05T18:21:26.404+0200] {processor.py:914} INFO - Processing file /Users/swarnalidatta/Desktop/AutoQueryChatbot/.airflow-venv/lib/python3.12/site-packages/airflow/example_dags/example_setup_teardown.py for tasks to queue
[2026-09-05T18:21:26.405+0200] {logging_mixin.py:190} INFO - [2026-09-05T18:21:26.405+0200] {dagbag.py:588} INFO - Filling up the DagBag from /Users/swarnalidatta/Desktop/AutoQueryChatbot/.airflow-venv/lib/python3.12/site-packages/airflow/example_dags/example_setup_teardown.py
[2026-09-05T18:21:26.407+0200] {processor.py:925} INFO - DAG(s) 'example_setup_teardown' retrieved from /Users/swarnalidatta/Desktop/AutoQueryChatbot/.airflow-venv/lib/python3.12/site-packages/airflow/example_dags/example_setup_teardown.py
[2026-09-05T18:21:26.435+0200] {logging_mixin.py:190} INFO - [2026-09-05T18:21:26.434+0200] {dag.py:3239} INFO - Sync 1 DAGs
[2026-09-05T18:21:26.437+0200] {logging_mixin.py:190} INFO - [2026-09-05T18:21:26.437+0200] {dag.py:4180} INFO - Setting next_dagrun for example_setup_teardown to None, run_after=None
[2026-09-05T18:21:26.443+0200] {processor.py:208} INFO - Processing /Users/swarnalidatta/Desktop/AutoQueryChatbot/.airflow-venv/lib/python3.12/site-packages/airflow/example_dags/example_setup_teardown.py took 0.040 seconds
[2026-09-05T18:23:40.192+0200] {processor.py:186} INFO - Started process (PID=23677) to work on /Users/swarnalidatta/Desktop/AutoQueryChatbot/.airflow-venv/lib/python3.12/site-packages/airflow/example_dags/example_setup_teardown.py
[2026-09-05T18:23:40.193+0200] {processor.py:914} INFO - Processing file /Users/swarnalidatta/Desktop/AutoQueryChatbot/.airflow-venv/lib/python3.12/site-packages/airflow/example_dags/example_setup_teardown.py for tasks to queue
[2026-09-05T18:23:40.193+0200] {logging_mixin.py:190} INFO - [2026-09-05T18:23:40.193+0200] {dagbag.py:588} INFO - Filling up the DagBag from /Users/swarnalidatta/Desktop/AutoQueryChatbot/.airflow-venv/lib/python3.12/site-packages/airflow/example_dags/example_setup_teardown.py
[2026-09-05T18:23:40.196+0200] {processor.py:925} INFO - DAG(s) 'example_setup_teardown' retrieved from /Users/swarnalidatta/Desktop/AutoQueryChatbot/.airflow-venv/lib/python3.12/site-packages/airflow/example_dags/example_setup_teardown.py
[2026-09-05T18:23:40.223+0200] {logging_mixin.py:190} INFO - [2026-09-05T18:23:40.223+0200] {dag.py:3239} INFO - Sync 1 DAGs
[2026-09-05T18:23:40.226+0200] {logging_mixin.py:190} INFO - [2026-09-05T18:23:40.226+0200] {dag.py:4180} INFO - Setting next_dagrun for example_setup_teardown to None, run_after=None
[2026-09-05T18:23:40.232+0200] {processor.py:208} INFO - Processing /Users/swarnalidatta/Desktop/AutoQueryChatbot/.airflow-venv/lib/python3.12/site-packages/airflow/example_dags/example_setup_teardown.py took 0.041 seconds
[2026-09-05T18:25:59.056+0200] {processor.py:186} INFO - Started process (PID=24695) to work on /Users/swarnalidatta/Desktop/AutoQueryChatbot/.airflow-venv/lib/python3.12/site-packages/airflow/example_dags/example_setup_teardown.py
[2026-09-05T18:25:59.057+0200] {processor.py:914} INFO - Processing file /Users/swarnalidatta/Desktop/AutoQueryChatbot/.airflow-venv/lib/python3.12/site-packages/airflow/example_dags/example_setup_teardown.py for tasks to queue
[2026-09-05T18:25:59.057+0200] {logging_mixin.py:190} INFO - [2026-09-05T18:25:59.057+0200] {dagbag.py:588} INFO - Filling up the DagBag from /Users/swarnalidatta/Desktop/AutoQueryChatbot/.airflow-venv/lib/python3.12/site-packages/airflow/example_dags/example_setup_teardown.py
[2026-09-05T18:25:59.060+0200] {processor.py:925} INFO - DAG(s) 'example_setup_teardown' retrieved from /Users/swarnalidatta/Desktop/AutoQueryChatbot/.airflow-venv/lib/python3.12/site-packages/airflow/example_dags/example_setup_teardown.py
[2026-09-05T18:25:59.087+0200] {logging_mixin.py:190} INFO - [2026-09-05T18:25:59.087+0200] {dag.py:3239} INFO - Sync 1 DAGs
[2026-09-05T18:25:59.090+0200] {logging_mixin.py:190} INFO - [2026-09-05T18:25:59.090+0200] {dag.py:4180} INFO - Setting next_dagrun for example_setup_teardown to None, run_after=None
[2026-09-05T18:25:59.095+0200] {processor.py:208} INFO - Processing /Users/swarnalidatta/Desktop/AutoQueryChatbot/.airflow-venv/lib/python3.12/site-packages/airflow/example_dags/example_setup_teardown.py took 0.040 seconds
[2026-09-05T18:52:33.733+0200] {processor.py:186} INFO - Started process (PID=25336) to work on /Users/swarnalidatta/Desktop/AutoQueryChatbot/.airflow-venv/lib/python3.12/site-packages/airflow/example_dags/example_setup_teardown.py
[2026-09-05T18:52:33.734+0200] {processor.py:914} INFO - Processing file /Users/swarnalidatta/Desktop/AutoQueryChatbot/.airflow-venv/lib/python3.12/site-packages/airflow/example_dags/example_setup_teardown.py for tasks to queue
[2026-09-05T18:52:33.734+0200] {logging_mixin.py:190} INFO - [2026-09-05T18:52:33.734+0200] {dagbag.py:588} INFO - Filling up the DagBag from /Users/swarnalidatta/Desktop/AutoQueryChatbot/.airflow-venv/lib/python3.12/site-packages/airflow/example_dags/example_setup_teardown.py
[2026-09-05T18:52:33.737+0200] {processor.py:925} INFO - DAG(s) 'example_setup_teardown' retrieved from /Users/swarnalidatta/Desktop/AutoQueryChatbot/.airflow-venv/lib/python3.12/site-packages/airflow/example_dags/example_setup_teardown.py
[2026-09-05T18:52:33.766+0200] {logging_mixin.py:190} INFO - [2026-09-05T18:52:33.766+0200] {dag.py:3239} INFO - Sync 1 DAGs
[2026-09-05T18:52:33.769+0200] {logging_mixin.py:190} INFO - [2026-09-05T18:52:33.769+0200] {dag.py:4180} INFO - Setting next_dagrun for example_setup_teardown to None, run_after=None
[2026-09-05T18:52:33.774+0200] {processor.py:208} INFO - Processing /Users/swarnalidatta/Desktop/AutoQueryChatbot/.airflow-venv/lib/python3.12/site-packages/airflow/example_dags/example_setup_teardown.py took 0.042 seconds
[2026-09-05T18:53:59.453+0200] {processor.py:186} INFO - Started process (PID=25655) to work on /Users/swarnalidatta/Desktop/AutoQueryChatbot/.airflow-venv/lib/python3.12/site-packages/airflow/example_dags/example_setup_teardown.py
[2026-09-05T18:53:59.453+0200] {processor.py:914} INFO - Processing file /Users/swarnalidatta/Desktop/AutoQueryChatbot/.airflow-venv/lib/python3.12/site-packages/airflow/example_dags/example_setup_teardown.py for tasks to queue
[2026-09-05T18:53:59.453+0200] {logging_mixin.py:190} INFO - [2026-09-05T18:53:59.453+0200] {dagbag.py:588} INFO - Filling up the DagBag from /Users/swarnalidatta/Desktop/AutoQueryChatbot/.airflow-venv/lib/python3.12/site-packages/airflow/example_dags/example_setup_teardown.py
[2026-09-05T18:53:59.456+0200] {processor.py:925} INFO - DAG(s) 'example_setup_teardown' retrieved from /Users/swarnalidatta/Desktop/AutoQueryChatbot/.airflow-venv/lib/python3.12/site-packages/airflow/example_dags/example_setup_teardown.py
[2026-09-05T18:53:59.483+0200] {logging_mixin.py:190} INFO - [2026-09-05T18:53:59.483+0200] {dag.py:3239} INFO - Sync 1 DAGs
[2026-09-05T18:53:59.486+0200] {logging_mixin.py:190} INFO - [2026-09-05T18:53:59.486+0200] {dag.py:4180} INFO - Setting next_dagrun for example_setup_teardown to None, run_after=None
[2026-09-05T18:53:59.492+0200] {processor.py:208} INFO - Processing /Users/swarnalidatta/Desktop/AutoQueryChatbot/.airflow-venv/lib/python3.12/site-packages/airflow/example_dags/example_setup_teardown.py took 0.040 seconds
[2026-09-05T18:59:48.524+0200] {processor.py:186} INFO - Started process (PID=26421) to work on /Users/swarnalidatta/Desktop/AutoQueryChatbot/.airflow-venv/lib/python3.12/site-packages/airflow/example_dags/example_setup_teardown.py
[2026-09-05T18:59:48.524+0200] {processor.py:914} INFO - Processing file /Users/swarnalidatta/Desktop/AutoQueryChatbot/.airflow-venv/lib/python3.12/site-packages/airflow/example_dags/example_setup_teardown.py for tasks to queue
[2026-09-05T18:59:48.524+0200] {logging_mixin.py:190} INFO - [2026-09-05T18:59:48.524+0200] {dagbag.py:588} INFO - Filling up the DagBag from /Users/swarnalidatta/Desktop/AutoQueryChatbot/.airflow-venv/lib/python3.12/site-packages/airflow/example_dags/example_setup_teardown.py
[2026-09-05T18:59:48.527+0200] {processor.py:925} INFO - DAG(s) 'example_setup_teardown' retrieved from /Users/swarnalidatta/Desktop/AutoQueryChatbot/.airflow-venv/lib/python3.12/site-packages/airflow/example_dags/example_setup_teardown.py
[2026-09-05T18:59:48.554+0200] {logging_mixin.py:190} INFO - [2026-09-05T18:59:48.554+0200] {dag.py:3239} INFO - Sync 1 DAGs
[2026-09-05T18:59:48.557+0200] {logging_mixin.py:190} INFO - [2026-09-05T18:59:48.557+0200] {dag.py:4180} INFO - Setting next_dagrun for example_setup_teardown to None, run_after=None
[2026-09-05T18:59:48.562+0200] {processor.py:208} INFO - Processing /Users/swarnalidatta/Desktop/AutoQueryChatbot/.airflow-venv/lib/python3.12/site-packages/airflow/example_dags/example_setup_teardown.py took 0.040 seconds
[2026-09-05T19:01:25.345+0200] {processor.py:186} INFO - Started process (PID=26761) to work on /Users/swarnalidatta/Desktop/AutoQueryChatbot/.airflow-venv/lib/python3.12/site-packages/airflow/example_dags/example_setup_teardown.py
[2026-09-05T19:01:25.346+0200] {processor.py:914} INFO - Processing file /Users/swarnalidatta/Desktop/AutoQueryChatbot/.airflow-venv/lib/python3.12/site-packages/airflow/example_dags/example_setup_teardown.py for tasks to queue
[2026-09-05T19:01:25.346+0200] {logging_mixin.py:190} INFO - [2026-09-05T19:01:25.346+0200] {dagbag.py:588} INFO - Filling up the DagBag from /Users/swarnalidatta/Desktop/AutoQueryChatbot/.airflow-venv/lib/python3.12/site-packages/airflow/example_dags/example_setup_teardown.py
[2026-09-05T19:01:25.349+0200] {processor.py:925} INFO - DAG(s) 'example_setup_teardown' retrieved from /Users/swarnalidatta/Desktop/AutoQueryChatbot/.airflow-venv/lib/python3.12/site-packages/airflow/example_dags/example_setup_teardown.py
[2026-09-05T19:01:25.376+0200] {logging_mixin.py:190} INFO - [2026-09-05T19:01:25.376+0200] {dag.py:3239} INFO - Sync 1 DAGs
[2026-09-05T19:01:25.379+0200] {logging_mixin.py:190} INFO - [2026-09-05T19:01:25.379+0200] {dag.py:4180} INFO - Setting next_dagrun for example_setup_teardown to None, run_after=None
[2026-09-05T19:01:25.384+0200] {processor.py:208} INFO - Processing /Users/swarnalidatta/Desktop/AutoQueryChatbot/.airflow-venv/lib/python3.12/site-packages/airflow/example_dags/example_setup_teardown.py took 0.040 seconds
[2026-09-05T19:03:01.648+0200] {processor.py:186} INFO - Started process (PID=27095) to work on /Users/swarnalidatta/Desktop/AutoQueryChatbot/.airflow-venv/lib/python3.12/site-packages/airflow/example_dags/example_setup_teardown.py
[2026-09-05T19:03:01.649+0200] {processor.py:914} INFO - Processing file /Users/swarnalidatta/Desktop/AutoQueryChatbot/.airflow-venv/lib/python3.12/site-packages/airflow/example_dags/example_setup_teardown.py for tasks to queue
[2026-09-05T19:03:01.649+0200] {logging_mixin.py:190} INFO - [2026-09-05T19:03:01.649+0200] {dagbag.py:588} INFO - Filling up the DagBag from /Users/swarnalidatta/Desktop/AutoQueryChatbot/.airflow-venv/lib/python3.12/site-packages/airflow/example_dags/example_setup_teardown.py
[2026-09-05T19:03:01.651+0200] {processor.py:925} INFO - DAG(s) 'example_setup_teardown' retrieved from /Users/swarnalidatta/Desktop/AutoQueryChatbot/.airflow-venv/lib/python3.12/site-packages/airflow/example_dags/example_setup_teardown.py
[2026-09-05T19:03:01.679+0200] {logging_mixin.py:190} INFO - [2026-09-05T19:03:01.679+0200] {dag.py:3239} INFO - Sync 1 DAGs
[2026-09-05T19:03:01.682+0200] {logging_mixin.py:190} INFO - [2026-09-05T19:03:01.681+0200] {dag.py:4180} INFO - Setting next_dagrun for example_setup_teardown to None, run_after=None
[2026-09-05T19:03:01.687+0200] {processor.py:208} INFO - Processing /Users/swarnalidatta/Desktop/AutoQueryChatbot/.airflow-venv/lib/python3.12/site-packages/airflow/example_dags/example_setup_teardown.py took 0.040 seconds
[2026-09-05T19:04:26.276+0200] {processor.py:186} INFO - Started process (PID=27400) to work on /Users/swarnalidatta/Desktop/AutoQueryChatbot/.airflow-venv/lib/python3.12/site-packages/airflow/example_dags/example_setup_teardown.py
[2026-09-05T19:04:26.276+0200] {processor.py:914} INFO - Processing file /Users/swarnalidatta/Desktop/AutoQueryChatbot/.airflow-venv/lib/python3.12/site-packages/airflow/example_dags/example_setup_teardown.py for tasks to queue
[2026-09-05T19:04:26.277+0200] {logging_mixin.py:190} INFO - [2026-09-05T19:04:26.277+0200] {dagbag.py:588} INFO - Filling up the DagBag from /Users/swarnalidatta/Desktop/AutoQueryChatbot/.airflow-venv/lib/python3.12/site-packages/airflow/example_dags/example_setup_teardown.py
[2026-09-05T19:04:26.279+0200] {processor.py:925} INFO - DAG(s) 'example_setup_teardown' retrieved from /Users/swarnalidatta/Desktop/AutoQueryChatbot/.airflow-venv/lib/python3.12/site-packages/airflow/example_dags/example_setup_teardown.py
[2026-09-05T19:04:26.307+0200] {logging_mixin.py:190} INFO - [2026-09-05T19:04:26.307+0200] {dag.py:3239} INFO - Sync 1 DAGs
[2026-09-05T19:04:26.310+0200] {logging_mixin.py:190} INFO - [2026-09-05T19:04:26.309+0200] {dag.py:4180} INFO - Setting next_dagrun for example_setup_teardown to None, run_after=None
[2026-09-05T19:04:26.315+0200] {processor.py:208} INFO - Processing /Users/swarnalidatta/Desktop/AutoQueryChatbot/.airflow-venv/lib/python3.12/site-packages/airflow/example_dags/example_setup_teardown.py took 0.040 seconds
[2026-09-05T19:07:03.662+0200] {processor.py:186} INFO - Started process (PID=28161) to work on /Users/swarnalidatta/Desktop/AutoQueryChatbot/.airflow-venv/lib/python3.12/site-packages/airflow/example_dags/example_setup_teardown.py
[2026-09-05T19:07:03.663+0200] {processor.py:914} INFO - Processing file /Users/swarnalidatta/Desktop/AutoQueryChatbot/.airflow-venv/lib/python3.12/site-packages/airflow/example_dags/example_setup_teardown.py for tasks to queue
[2026-09-05T19:07:03.663+0200] {logging_mixin.py:190} INFO - [2026-09-05T19:07:03.663+0200] {dagbag.py:588} INFO - Filling up the DagBag from /Users/swarnalidatta/Desktop/AutoQueryChatbot/.airflow-venv/lib/python3.12/site-packages/airflow/example_dags/example_setup_teardown.py
[2026-09-05T19:07:03.666+0200] {processor.py:925} INFO - DAG(s) 'example_setup_teardown' retrieved from /Users/swarnalidatta/Desktop/AutoQueryChatbot/.airflow-venv/lib/python3.12/site-packages/airflow/example_dags/example_setup_teardown.py
[2026-09-05T19:07:03.693+0200] {logging_mixin.py:190} INFO - [2026-09-05T19:07:03.693+0200] {dag.py:3239} INFO - Sync 1 DAGs
[2026-09-05T19:07:03.696+0200] {logging_mixin.py:190} INFO - [2026-09-05T19:07:03.696+0200] {dag.py:4180} INFO - Setting next_dagrun for example_setup_teardown to None, run_after=None
[2026-09-05T19:07:03.701+0200] {processor.py:208} INFO - Processing /Users/swarnalidatta/Desktop/AutoQueryChatbot/.airflow-venv/lib/python3.12/site-packages/airflow/example_dags/example_setup_teardown.py took 0.040 seconds
[2026-09-05T19:09:43.358+0200] {processor.py:186} INFO - Started process (PID=28743) to work on /Users/swarnalidatta/Desktop/AutoQueryChatbot/.airflow-venv/lib/python3.12/site-packages/airflow/example_dags/example_setup_teardown.py
[2026-09-05T19:09:43.358+0200] {processor.py:914} INFO - Processing file /Users/swarnalidatta/Desktop/AutoQueryChatbot/.airflow-venv/lib/python3.12/site-packages/airflow/example_dags/example_setup_teardown.py for tasks to queue
[2026-09-05T19:09:43.359+0200] {logging_mixin.py:190} INFO - [2026-09-05T19:09:43.359+0200] {dagbag.py:588} INFO - Filling up the DagBag from /Users/swarnalidatta/Desktop/AutoQueryChatbot/.airflow-venv/lib/python3.12/site-packages/airflow/example_dags/example_setup_teardown.py
[2026-09-05T19:09:43.361+0200] {processor.py:925} INFO - DAG(s) 'example_setup_teardown' retrieved from /Users/swarnalidatta/Desktop/AutoQueryChatbot/.airflow-venv/lib/python3.12/site-packages/airflow/example_dags/example_setup_teardown.py
[2026-09-05T19:09:43.389+0200] {logging_mixin.py:190} INFO - [2026-09-05T19:09:43.389+0200] {dag.py:3239} INFO - Sync 1 DAGs
[2026-09-05T19:09:43.392+0200] {logging_mixin.py:190} INFO - [2026-09-05T19:09:43.392+0200] {dag.py:4180} INFO - Setting next_dagrun for example_setup_teardown to None, run_after=None
[2026-09-05T19:09:43.398+0200] {processor.py:208} INFO - Processing /Users/swarnalidatta/Desktop/AutoQueryChatbot/.airflow-venv/lib/python3.12/site-packages/airflow/example_dags/example_setup_teardown.py took 0.041 seconds
[2026-09-05T19:12:14.861+0200] {processor.py:186} INFO - Started process (PID=29310) to work on /Users/swarnalidatta/Desktop/AutoQueryChatbot/.airflow-venv/lib/python3.12/site-packages/airflow/example_dags/example_setup_teardown.py
[2026-09-05T19:12:14.862+0200] {processor.py:914} INFO - Processing file /Users/swarnalidatta/Desktop/AutoQueryChatbot/.airflow-venv/lib/python3.12/site-packages/airflow/example_dags/example_setup_teardown.py for tasks to queue
[2026-09-05T19:12:14.862+0200] {logging_mixin.py:190} INFO - [2026-09-05T19:12:14.862+0200] {dagbag.py:588} INFO - Filling up the DagBag from /Users/swarnalidatta/Desktop/AutoQueryChatbot/.airflow-venv/lib/python3.12/site-packages/airflow/example_dags/example_setup_teardown.py
[2026-09-05T19:12:14.865+0200] {processor.py:925} INFO - DAG(s) 'example_setup_teardown' retrieved from /Users/swarnalidatta/Desktop/AutoQueryChatbot/.airflow-venv/lib/python3.12/site-packages/airflow/example_dags/example_setup_teardown.py
[2026-09-05T19:12:14.893+0200] {logging_mixin.py:190} INFO - [2026-09-05T19:12:14.893+0200] {dag.py:3239} INFO - Sync 1 DAGs
[2026-09-05T19:12:14.896+0200] {logging_mixin.py:190} INFO - [2026-09-05T19:12:14.896+0200] {dag.py:4180} INFO - Setting next_dagrun for example_setup_teardown to None, run_after=None
[2026-09-05T19:12:14.901+0200] {processor.py:208} INFO - Processing /Users/swarnalidatta/Desktop/AutoQueryChatbot/.airflow-venv/lib/python3.12/site-packages/airflow/example_dags/example_setup_teardown.py took 0.041 seconds
[2026-09-05T19:14:49.715+0200] {processor.py:186} INFO - Started process (PID=29891) to work on /Users/swarnalidatta/Desktop/AutoQueryChatbot/.airflow-venv/lib/python3.12/site-packages/airflow/example_dags/example_setup_teardown.py
[2026-09-05T19:14:49.715+0200] {processor.py:914} INFO - Processing file /Users/swarnalidatta/Desktop/AutoQueryChatbot/.airflow-venv/lib/python3.12/site-packages/airflow/example_dags/example_setup_teardown.py for tasks to queue
[2026-09-05T19:14:49.716+0200] {logging_mixin.py:190} INFO - [2026-09-05T19:14:49.716+0200] {dagbag.py:588} INFO - Filling up the DagBag from /Users/swarnalidatta/Desktop/AutoQueryChatbot/.airflow-venv/lib/python3.12/site-packages/airflow/example_dags/example_setup_teardown.py
[2026-09-05T19:14:49.718+0200] {processor.py:925} INFO - DAG(s) 'example_setup_teardown' retrieved from /Users/swarnalidatta/Desktop/AutoQueryChatbot/.airflow-venv/lib/python3.12/site-packages/airflow/example_dags/example_setup_teardown.py
[2026-09-05T19:14:49.746+0200] {logging_mixin.py:190} INFO - [2026-09-05T19:14:49.746+0200] {dag.py:3239} INFO - Sync 1 DAGs
[2026-09-05T19:14:49.749+0200] {logging_mixin.py:190} INFO - [2026-09-05T19:14:49.749+0200] {dag.py:4180} INFO - Setting next_dagrun for example_setup_teardown to None, run_after=None
[2026-09-05T19:14:49.754+0200] {processor.py:208} INFO - Processing /Users/swarnalidatta/Desktop/AutoQueryChatbot/.airflow-venv/lib/python3.12/site-packages/airflow/example_dags/example_setup_teardown.py took 0.040 seconds
[2026-09-05T19:16:06.978+0200] {processor.py:186} INFO - Started process (PID=30170) to work on /Users/swarnalidatta/Desktop/AutoQueryChatbot/.airflow-venv/lib/python3.12/site-packages/airflow/example_dags/example_setup_teardown.py
[2026-09-05T19:16:06.978+0200] {processor.py:914} INFO - Processing file /Users/swarnalidatta/Desktop/AutoQueryChatbot/.airflow-venv/lib/python3.12/site-packages/airflow/example_dags/example_setup_teardown.py for tasks to queue
[2026-09-05T19:16:06.978+0200] {logging_mixin.py:190} INFO - [2026-09-05T19:16:06.978+0200] {dagbag.py:588} INFO - Filling up the DagBag from /Users/swarnalidatta/Desktop/AutoQueryChatbot/.airflow-venv/lib/python3.12/site-packages/airflow/example_dags/example_setup_teardown.py
[2026-09-05T19:16:06.981+0200] {processor.py:925} INFO - DAG(s) 'example_setup_teardown' retrieved from /Users/swarnalidatta/Desktop/AutoQueryChatbot/.airflow-venv/lib/python3.12/site-packages/airflow/example_dags/example_setup_teardown.py
[2026-09-05T19:16:07.008+0200] {logging_mixin.py:190} INFO - [2026-09-05T19:16:07.008+0200] {dag.py:3239} INFO - Sync 1 DAGs
[2026-09-05T19:16:07.011+0200] {logging_mixin.py:190} INFO - [2026-09-05T19:16:07.011+0200] {dag.py:4180} INFO - Setting next_dagrun for example_setup_teardown to None, run_after=None
[2026-09-05T19:16:07.017+0200] {processor.py:208} INFO - Processing /Users/swarnalidatta/Desktop/AutoQueryChatbot/.airflow-venv/lib/python3.12/site-packages/airflow/example_dags/example_setup_teardown.py took 0.040 seconds
[2026-09-05T19:18:38.320+0200] {processor.py:186} INFO - Started process (PID=30729) to work on /Users/swarnalidatta/Desktop/AutoQueryChatbot/.airflow-venv/lib/python3.12/site-packages/airflow/example_dags/example_setup_teardown.py
[2026-09-05T19:18:38.320+0200] {processor.py:914} INFO - Processing file /Users/swarnalidatta/Desktop/AutoQueryChatbot/.airflow-venv/lib/python3.12/site-packages/airflow/example_dags/example_setup_teardown.py for tasks to queue
[2026-09-05T19:18:38.321+0200] {logging_mixin.py:190} INFO - [2026-09-05T19:18:38.320+0200] {dagbag.py:588} INFO - Filling up the DagBag from /Users/swarnalidatta/Desktop/AutoQueryChatbot/.airflow-venv/lib/python3.12/site-packages/airflow/example_dags/example_setup_teardown.py
[2026-09-05T19:18:38.323+0200] {processor.py:925} INFO - DAG(s) 'example_setup_teardown' retrieved from /Users/swarnalidatta/Desktop/AutoQueryChatbot/.airflow-venv/lib/python3.12/site-packages/airflow/example_dags/example_setup_teardown.py
[2026-09-05T19:18:38.351+0200] {logging_mixin.py:190} INFO - [2026-09-05T19:18:38.351+0200] {dag.py:3239} INFO - Sync 1 DAGs
[2026-09-05T19:18:38.354+0200] {logging_mixin.py:190} INFO - [2026-09-05T19:18:38.354+0200] {dag.py:4180} INFO - Setting next_dagrun for example_setup_teardown to None, run_after=None
[2026-09-05T19:18:38.359+0200] {processor.py:208} INFO - Processing /Users/swarnalidatta/Desktop/AutoQueryChatbot/.airflow-venv/lib/python3.12/site-packages/airflow/example_dags/example_setup_teardown.py took 0.041 seconds
[2026-09-05T19:29:59.978+0200] {processor.py:186} INFO - Started process (PID=31289) to work on /Users/swarnalidatta/Desktop/AutoQueryChatbot/.airflow-venv/lib/python3.12/site-packages/airflow/example_dags/example_setup_teardown.py
[2026-09-05T19:29:59.978+0200] {processor.py:914} INFO - Processing file /Users/swarnalidatta/Desktop/AutoQueryChatbot/.airflow-venv/lib/python3.12/site-packages/airflow/example_dags/example_setup_teardown.py for tasks to queue
[2026-09-05T19:29:59.979+0200] {logging_mixin.py:190} INFO - [2026-09-05T19:29:59.979+0200] {dagbag.py:588} INFO - Filling up the DagBag from /Users/swarnalidatta/Desktop/AutoQueryChatbot/.airflow-venv/lib/python3.12/site-packages/airflow/example_dags/example_setup_teardown.py
[2026-09-05T19:29:59.981+0200] {processor.py:925} INFO - DAG(s) 'example_setup_teardown' retrieved from /Users/swarnalidatta/Desktop/AutoQueryChatbot/.airflow-venv/lib/python3.12/site-packages/airflow/example_dags/example_setup_teardown.py
[2026-09-05T19:30:00.008+0200] {logging_mixin.py:190} INFO - [2026-09-05T19:30:00.008+0200] {dag.py:3239} INFO - Sync 1 DAGs
[2026-09-05T19:30:00.011+0200] {logging_mixin.py:190} INFO - [2026-09-05T19:30:00.011+0200] {dag.py:4180} INFO - Setting next_dagrun for example_setup_teardown to None, run_after=None
[2026-09-05T19:30:00.017+0200] {processor.py:208} INFO - Processing /Users/swarnalidatta/Desktop/AutoQueryChatbot/.airflow-venv/lib/python3.12/site-packages/airflow/example_dags/example_setup_teardown.py took 0.040 seconds
[2026-09-05T19:31:28.720+0200] {processor.py:186} INFO - Started process (PID=31564) to work on /Users/swarnalidatta/Desktop/AutoQueryChatbot/.airflow-venv/lib/python3.12/site-packages/airflow/example_dags/example_setup_teardown.py
[2026-09-05T19:31:28.721+0200] {processor.py:914} INFO - Processing file /Users/swarnalidatta/Desktop/AutoQueryChatbot/.airflow-venv/lib/python3.12/site-packages/airflow/example_dags/example_setup_teardown.py for tasks to queue
[2026-09-05T19:31:28.721+0200] {logging_mixin.py:190} INFO - [2026-09-05T19:31:28.721+0200] {dagbag.py:588} INFO - Filling up the DagBag from /Users/swarnalidatta/Desktop/AutoQueryChatbot/.airflow-venv/lib/python3.12/site-packages/airflow/example_dags/example_setup_teardown.py
[2026-09-05T19:31:28.724+0200] {processor.py:925} INFO - DAG(s) 'example_setup_teardown' retrieved from /Users/swarnalidatta/Desktop/AutoQueryChatbot/.airflow-venv/lib/python3.12/site-packages/airflow/example_dags/example_setup_teardown.py
[2026-09-05T19:31:28.751+0200] {logging_mixin.py:190} INFO - [2026-09-05T19:31:28.751+0200] {dag.py:3239} INFO - Sync 1 DAGs
[2026-09-05T19:31:28.754+0200] {logging_mixin.py:190} INFO - [2026-09-05T19:31:28.754+0200] {dag.py:4180} INFO - Setting next_dagrun for example_setup_teardown to None, run_after=None
[2026-09-05T19:31:28.759+0200] {processor.py:208} INFO - Processing /Users/swarnalidatta/Desktop/AutoQueryChatbot/.airflow-venv/lib/python3.12/site-packages/airflow/example_dags/example_setup_teardown.py took 0.040 seconds
[2026-09-05T19:32:54.592+0200] {processor.py:186} INFO - Started process (PID=31864) to work on /Users/swarnalidatta/Desktop/AutoQueryChatbot/.airflow-venv/lib/python3.12/site-packages/airflow/example_dags/example_setup_teardown.py
[2026-09-05T19:32:54.593+0200] {processor.py:914} INFO - Processing file /Users/swarnalidatta/Desktop/AutoQueryChatbot/.airflow-venv/lib/python3.12/site-packages/airflow/example_dags/example_setup_teardown.py for tasks to queue
[2026-09-05T19:32:54.593+0200] {logging_mixin.py:190} INFO - [2026-09-05T19:32:54.593+0200] {dagbag.py:588} INFO - Filling up the DagBag from /Users/swarnalidatta/Desktop/AutoQueryChatbot/.airflow-venv/lib/python3.12/site-packages/airflow/example_dags/example_setup_teardown.py
[2026-09-05T19:32:54.596+0200] {processor.py:925} INFO - DAG(s) 'example_setup_teardown' retrieved from /Users/swarnalidatta/Desktop/AutoQueryChatbot/.airflow-venv/lib/python3.12/site-packages/airflow/example_dags/example_setup_teardown.py
[2026-09-05T19:32:54.623+0200] {logging_mixin.py:190} INFO - [2026-09-05T19:32:54.623+0200] {dag.py:3239} INFO - Sync 1 DAGs
[2026-09-05T19:32:54.626+0200] {logging_mixin.py:190} INFO - [2026-09-05T19:32:54.626+0200] {dag.py:4180} INFO - Setting next_dagrun for example_setup_teardown to None, run_after=None
[2026-09-05T19:32:54.631+0200] {processor.py:208} INFO - Processing /Users/swarnalidatta/Desktop/AutoQueryChatbot/.airflow-venv/lib/python3.12/site-packages/airflow/example_dags/example_setup_teardown.py took 0.040 seconds
[2026-09-05T19:34:18.176+0200] {processor.py:186} INFO - Started process (PID=32147) to work on /Users/swarnalidatta/Desktop/AutoQueryChatbot/.airflow-venv/lib/python3.12/site-packages/airflow/example_dags/example_setup_teardown.py
[2026-09-05T19:34:18.176+0200] {processor.py:914} INFO - Processing file /Users/swarnalidatta/Desktop/AutoQueryChatbot/.airflow-venv/lib/python3.12/site-packages/airflow/example_dags/example_setup_teardown.py for tasks to queue
[2026-09-05T19:34:18.177+0200] {logging_mixin.py:190} INFO - [2026-09-05T19:34:18.177+0200] {dagbag.py:588} INFO - Filling up the DagBag from /Users/swarnalidatta/Desktop/AutoQueryChatbot/.airflow-venv/lib/python3.12/site-packages/airflow/example_dags/example_setup_teardown.py
[2026-09-05T19:34:18.179+0200] {processor.py:925} INFO - DAG(s) 'example_setup_teardown' retrieved from /Users/swarnalidatta/Desktop/AutoQueryChatbot/.airflow-venv/lib/python3.12/site-packages/airflow/example_dags/example_setup_teardown.py
[2026-09-05T19:34:18.206+0200] {logging_mixin.py:190} INFO - [2026-09-05T19:34:18.206+0200] {dag.py:3239} INFO - Sync 1 DAGs
[2026-09-05T19:34:18.209+0200] {logging_mixin.py:190} INFO - [2026-09-05T19:34:18.209+0200] {dag.py:4180} INFO - Setting next_dagrun for example_setup_teardown to None, run_after=None
[2026-09-05T19:34:18.215+0200] {processor.py:208} INFO - Processing /Users/swarnalidatta/Desktop/AutoQueryChatbot/.airflow-venv/lib/python3.12/site-packages/airflow/example_dags/example_setup_teardown.py took 0.040 seconds
[2026-09-05T19:35:39.873+0200] {processor.py:186} INFO - Started process (PID=32655) to work on /Users/swarnalidatta/Desktop/AutoQueryChatbot/.airflow-venv/lib/python3.12/site-packages/airflow/example_dags/example_setup_teardown.py
[2026-09-05T19:35:39.874+0200] {processor.py:914} INFO - Processing file /Users/swarnalidatta/Desktop/AutoQueryChatbot/.airflow-venv/lib/python3.12/site-packages/airflow/example_dags/example_setup_teardown.py for tasks to queue
[2026-09-05T19:35:39.874+0200] {logging_mixin.py:190} INFO - [2026-09-05T19:35:39.874+0200] {dagbag.py:588} INFO - Filling up the DagBag from /Users/swarnalidatta/Desktop/AutoQueryChatbot/.airflow-venv/lib/python3.12/site-packages/airflow/example_dags/example_setup_teardown.py
[2026-09-05T19:35:39.877+0200] {processor.py:925} INFO - DAG(s) 'example_setup_teardown' retrieved from /Users/swarnalidatta/Desktop/AutoQueryChatbot/.airflow-venv/lib/python3.12/site-packages/airflow/example_dags/example_setup_teardown.py
[2026-09-05T19:35:39.904+0200] {logging_mixin.py:190} INFO - [2026-09-05T19:35:39.904+0200] {dag.py:3239} INFO - Sync 1 DAGs
[2026-09-05T19:35:39.907+0200] {logging_mixin.py:190} INFO - [2026-09-05T19:35:39.907+0200] {dag.py:4180} INFO - Setting next_dagrun for example_setup_teardown to None, run_after=None
[2026-09-05T19:35:39.912+0200] {processor.py:208} INFO - Processing /Users/swarnalidatta/Desktop/AutoQueryChatbot/.airflow-venv/lib/python3.12/site-packages/airflow/example_dags/example_setup_teardown.py took 0.040 seconds
[2026-09-05T19:38:08.230+0200] {processor.py:186} INFO - Started process (PID=33231) to work on /Users/swarnalidatta/Desktop/AutoQueryChatbot/.airflow-venv/lib/python3.12/site-packages/airflow/example_dags/example_setup_teardown.py
[2026-09-05T19:38:08.231+0200] {processor.py:914} INFO - Processing file /Users/swarnalidatta/Desktop/AutoQueryChatbot/.airflow-venv/lib/python3.12/site-packages/airflow/example_dags/example_setup_teardown.py for tasks to queue
[2026-09-05T19:38:08.231+0200] {logging_mixin.py:190} INFO - [2026-09-05T19:38:08.231+0200] {dagbag.py:588} INFO - Filling up the DagBag from /Users/swarnalidatta/Desktop/AutoQueryChatbot/.airflow-venv/lib/python3.12/site-packages/airflow/example_dags/example_setup_teardown.py
[2026-09-05T19:38:08.234+0200] {processor.py:925} INFO - DAG(s) 'example_setup_teardown' retrieved from /Users/swarnalidatta/Desktop/AutoQueryChatbot/.airflow-venv/lib/python3.12/site-packages/airflow/example_dags/example_setup_teardown.py
[2026-09-05T19:38:08.262+0200] {logging_mixin.py:190} INFO - [2026-09-05T19:38:08.262+0200] {dag.py:3239} INFO - Sync 1 DAGs
[2026-09-05T19:38:08.265+0200] {logging_mixin.py:190} INFO - [2026-09-05T19:38:08.265+0200] {dag.py:4180} INFO - Setting next_dagrun for example_setup_teardown to None, run_after=None
[2026-09-05T19:38:08.270+0200] {processor.py:208} INFO - Processing /Users/swarnalidatta/Desktop/AutoQueryChatbot/.airflow-venv/lib/python3.12/site-packages/airflow/example_dags/example_setup_teardown.py took 0.041 seconds
[2026-09-05T19:40:32.965+0200] {processor.py:186} INFO - Started process (PID=33764) to work on /Users/swarnalidatta/Desktop/AutoQueryChatbot/.airflow-venv/lib/python3.12/site-packages/airflow/example_dags/example_setup_teardown.py
[2026-09-05T19:40:32.965+0200] {processor.py:914} INFO - Processing file /Users/swarnalidatta/Desktop/AutoQueryChatbot/.airflow-venv/lib/python3.12/site-packages/airflow/example_dags/example_setup_teardown.py for tasks to queue
[2026-09-05T19:40:32.966+0200] {logging_mixin.py:190} INFO - [2026-09-05T19:40:32.965+0200] {dagbag.py:588} INFO - Filling up the DagBag from /Users/swarnalidatta/Desktop/AutoQueryChatbot/.airflow-venv/lib/python3.12/site-packages/airflow/example_dags/example_setup_teardown.py
[2026-09-05T19:40:32.968+0200] {processor.py:925} INFO - DAG(s) 'example_setup_teardown' retrieved from /Users/swarnalidatta/Desktop/AutoQueryChatbot/.airflow-venv/lib/python3.12/site-packages/airflow/example_dags/example_setup_teardown.py
[2026-09-05T19:40:32.996+0200] {logging_mixin.py:190} INFO - [2026-09-05T19:40:32.996+0200] {dag.py:3239} INFO - Sync 1 DAGs
[2026-09-05T19:40:32.999+0200] {logging_mixin.py:190} INFO - [2026-09-05T19:40:32.999+0200] {dag.py:4180} INFO - Setting next_dagrun for example_setup_teardown to None, run_after=None
[2026-09-05T19:40:33.004+0200] {processor.py:208} INFO - Processing /Users/swarnalidatta/Desktop/AutoQueryChatbot/.airflow-venv/lib/python3.12/site-packages/airflow/example_dags/example_setup_teardown.py took 0.040 seconds
[2026-09-05T19:43:02.432+0200] {processor.py:186} INFO - Started process (PID=34338) to work on /Users/swarnalidatta/Desktop/AutoQueryChatbot/.airflow-venv/lib/python3.12/site-packages/airflow/example_dags/example_setup_teardown.py
[2026-09-05T19:43:02.432+0200] {processor.py:914} INFO - Processing file /Users/swarnalidatta/Desktop/AutoQueryChatbot/.airflow-venv/lib/python3.12/site-packages/airflow/example_dags/example_setup_teardown.py for tasks to queue
[2026-09-05T19:43:02.432+0200] {logging_mixin.py:190} INFO - [2026-09-05T19:43:02.432+0200] {dagbag.py:588} INFO - Filling up the DagBag from /Users/swarnalidatta/Desktop/AutoQueryChatbot/.airflow-venv/lib/python3.12/site-packages/airflow/example_dags/example_setup_teardown.py
[2026-09-05T19:43:02.435+0200] {processor.py:925} INFO - DAG(s) 'example_setup_teardown' retrieved from /Users/swarnalidatta/Desktop/AutoQueryChatbot/.airflow-venv/lib/python3.12/site-packages/airflow/example_dags/example_setup_teardown.py
[2026-09-05T19:43:02.462+0200] {logging_mixin.py:190} INFO - [2026-09-05T19:43:02.462+0200] {dag.py:3239} INFO - Sync 1 DAGs
[2026-09-05T19:43:02.465+0200] {logging_mixin.py:190} INFO - [2026-09-05T19:43:02.465+0200] {dag.py:4180} INFO - Setting next_dagrun for example_setup_teardown to None, run_after=None
[2026-09-05T19:43:02.470+0200] {processor.py:208} INFO - Processing /Users/swarnalidatta/Desktop/AutoQueryChatbot/.airflow-venv/lib/python3.12/site-packages/airflow/example_dags/example_setup_teardown.py took 0.040 seconds
[2026-09-05T19:45:27.930+0200] {processor.py:186} INFO - Started process (PID=34874) to work on /Users/swarnalidatta/Desktop/AutoQueryChatbot/.airflow-venv/lib/python3.12/site-packages/airflow/example_dags/example_setup_teardown.py
[2026-09-05T19:45:27.930+0200] {processor.py:914} INFO - Processing file /Users/swarnalidatta/Desktop/AutoQueryChatbot/.airflow-venv/lib/python3.12/site-packages/airflow/example_dags/example_setup_teardown.py for tasks to queue
[2026-09-05T19:45:27.931+0200] {logging_mixin.py:190} INFO - [2026-09-05T19:45:27.931+0200] {dagbag.py:588} INFO - Filling up the DagBag from /Users/swarnalidatta/Desktop/AutoQueryChatbot/.airflow-venv/lib/python3.12/site-packages/airflow/example_dags/example_setup_teardown.py
[2026-09-05T19:45:27.933+0200] {processor.py:925} INFO - DAG(s) 'example_setup_teardown' retrieved from /Users/swarnalidatta/Desktop/AutoQueryChatbot/.airflow-venv/lib/python3.12/site-packages/airflow/example_dags/example_setup_teardown.py
[2026-09-05T19:45:27.961+0200] {logging_mixin.py:190} INFO - [2026-09-05T19:45:27.961+0200] {dag.py:3239} INFO - Sync 1 DAGs
[2026-09-05T19:45:27.964+0200] {logging_mixin.py:190} INFO - [2026-09-05T19:45:27.964+0200] {dag.py:4180} INFO - Setting next_dagrun for example_setup_teardown to None, run_after=None
[2026-09-05T19:45:27.970+0200] {processor.py:208} INFO - Processing /Users/swarnalidatta/Desktop/AutoQueryChatbot/.airflow-venv/lib/python3.12/site-packages/airflow/example_dags/example_setup_teardown.py took 0.041 seconds
[2026-09-05T19:47:54.946+0200] {processor.py:186} INFO - Started process (PID=35428) to work on /Users/swarnalidatta/Desktop/AutoQueryChatbot/.airflow-venv/lib/python3.12/site-packages/airflow/example_dags/example_setup_teardown.py
[2026-09-05T19:47:54.947+0200] {processor.py:914} INFO - Processing file /Users/swarnalidatta/Desktop/AutoQueryChatbot/.airflow-venv/lib/python3.12/site-packages/airflow/example_dags/example_setup_teardown.py for tasks to queue
[2026-09-05T19:47:54.947+0200] {logging_mixin.py:190} INFO - [2026-09-05T19:47:54.947+0200] {dagbag.py:588} INFO - Filling up the DagBag from /Users/swarnalidatta/Desktop/AutoQueryChatbot/.airflow-venv/lib/python3.12/site-packages/airflow/example_dags/example_setup_teardown.py
[2026-09-05T19:47:54.949+0200] {processor.py:925} INFO - DAG(s) 'example_setup_teardown' retrieved from /Users/swarnalidatta/Desktop/AutoQueryChatbot/.airflow-venv/lib/python3.12/site-packages/airflow/example_dags/example_setup_teardown.py
[2026-09-05T19:47:54.977+0200] {logging_mixin.py:190} INFO - [2026-09-05T19:47:54.977+0200] {dag.py:3239} INFO - Sync 1 DAGs
[2026-09-05T19:47:54.980+0200] {logging_mixin.py:190} INFO - [2026-09-05T19:47:54.980+0200] {dag.py:4180} INFO - Setting next_dagrun for example_setup_teardown to None, run_after=None
[2026-09-05T19:47:54.985+0200] {processor.py:208} INFO - Processing /Users/swarnalidatta/Desktop/AutoQueryChatbot/.airflow-venv/lib/python3.12/site-packages/airflow/example_dags/example_setup_teardown.py took 0.040 seconds
[2026-09-05T19:50:20.097+0200] {processor.py:186} INFO - Started process (PID=36149) to work on /Users/swarnalidatta/Desktop/AutoQueryChatbot/.airflow-venv/lib/python3.12/site-packages/airflow/example_dags/example_setup_teardown.py
[2026-09-05T19:50:20.098+0200] {processor.py:914} INFO - Processing file /Users/swarnalidatta/Desktop/AutoQueryChatbot/.airflow-venv/lib/python3.12/site-packages/airflow/example_dags/example_setup_teardown.py for tasks to queue
[2026-09-05T19:50:20.098+0200] {logging_mixin.py:190} INFO - [2026-09-05T19:50:20.098+0200] {dagbag.py:588} INFO - Filling up the DagBag from /Users/swarnalidatta/Desktop/AutoQueryChatbot/.airflow-venv/lib/python3.12/site-packages/airflow/example_dags/example_setup_teardown.py
[2026-09-05T19:50:20.101+0200] {processor.py:925} INFO - DAG(s) 'example_setup_teardown' retrieved from /Users/swarnalidatta/Desktop/AutoQueryChatbot/.airflow-venv/lib/python3.12/site-packages/airflow/example_dags/example_setup_teardown.py
[2026-09-05T19:50:20.129+0200] {logging_mixin.py:190} INFO - [2026-09-05T19:50:20.128+0200] {dag.py:3239} INFO - Sync 1 DAGs
[2026-09-05T19:50:20.131+0200] {logging_mixin.py:190} INFO - [2026-09-05T19:50:20.131+0200] {dag.py:4180} INFO - Setting next_dagrun for example_setup_teardown to None, run_after=None
[2026-09-05T19:50:20.137+0200] {processor.py:208} INFO - Processing /Users/swarnalidatta/Desktop/AutoQueryChatbot/.airflow-venv/lib/python3.12/site-packages/airflow/example_dags/example_setup_teardown.py took 0.041 seconds
[2026-09-05T19:51:42.781+0200] {processor.py:186} INFO - Started process (PID=36447) to work on /Users/swarnalidatta/Desktop/AutoQueryChatbot/.airflow-venv/lib/python3.12/site-packages/airflow/example_dags/example_setup_teardown.py
[2026-09-05T19:51:42.781+0200] {processor.py:914} INFO - Processing file /Users/swarnalidatta/Desktop/AutoQueryChatbot/.airflow-venv/lib/python3.12/site-packages/airflow/example_dags/example_setup_teardown.py for tasks to queue
[2026-09-05T19:51:42.782+0200] {logging_mixin.py:190} INFO - [2026-09-05T19:51:42.781+0200] {dagbag.py:588} INFO - Filling up the DagBag from /Users/swarnalidatta/Desktop/AutoQueryChatbot/.airflow-venv/lib/python3.12/site-packages/airflow/example_dags/example_setup_teardown.py
[2026-09-05T19:51:42.784+0200] {processor.py:925} INFO - DAG(s) 'example_setup_teardown' retrieved from /Users/swarnalidatta/Desktop/AutoQueryChatbot/.airflow-venv/lib/python3.12/site-packages/airflow/example_dags/example_setup_teardown.py
[2026-09-05T19:51:42.812+0200] {logging_mixin.py:190} INFO - [2026-09-05T19:51:42.812+0200] {dag.py:3239} INFO - Sync 1 DAGs
[2026-09-05T19:51:42.815+0200] {logging_mixin.py:190} INFO - [2026-09-05T19:51:42.815+0200] {dag.py:4180} INFO - Setting next_dagrun for example_setup_teardown to None, run_after=None
[2026-09-05T19:51:42.820+0200] {processor.py:208} INFO - Processing /Users/swarnalidatta/Desktop/AutoQueryChatbot/.airflow-venv/lib/python3.12/site-packages/airflow/example_dags/example_setup_teardown.py took 0.041 seconds
[2026-09-05T19:53:08.082+0200] {processor.py:186} INFO - Started process (PID=36741) to work on /Users/swarnalidatta/Desktop/AutoQueryChatbot/.airflow-venv/lib/python3.12/site-packages/airflow/example_dags/example_setup_teardown.py
[2026-09-05T19:53:08.082+0200] {processor.py:914} INFO - Processing file /Users/swarnalidatta/Desktop/AutoQueryChatbot/.airflow-venv/lib/python3.12/site-packages/airflow/example_dags/example_setup_teardown.py for tasks to queue
[2026-09-05T19:53:08.082+0200] {logging_mixin.py:190} INFO - [2026-09-05T19:53:08.082+0200] {dagbag.py:588} INFO - Filling up the DagBag from /Users/swarnalidatta/Desktop/AutoQueryChatbot/.airflow-venv/lib/python3.12/site-packages/airflow/example_dags/example_setup_teardown.py
[2026-09-05T19:53:08.085+0200] {processor.py:925} INFO - DAG(s) 'example_setup_teardown' retrieved from /Users/swarnalidatta/Desktop/AutoQueryChatbot/.airflow-venv/lib/python3.12/site-packages/airflow/example_dags/example_setup_teardown.py
[2026-09-05T19:53:08.113+0200] {logging_mixin.py:190} INFO - [2026-09-05T19:53:08.113+0200] {dag.py:3239} INFO - Sync 1 DAGs
[2026-09-05T19:53:08.116+0200] {logging_mixin.py:190} INFO - [2026-09-05T19:53:08.116+0200] {dag.py:4180} INFO - Setting next_dagrun for example_setup_teardown to None, run_after=None
[2026-09-05T19:53:08.122+0200] {processor.py:208} INFO - Processing /Users/swarnalidatta/Desktop/AutoQueryChatbot/.airflow-venv/lib/python3.12/site-packages/airflow/example_dags/example_setup_teardown.py took 0.041 seconds
[2026-09-05T19:54:35.268+0200] {processor.py:186} INFO - Started process (PID=37045) to work on /Users/swarnalidatta/Desktop/AutoQueryChatbot/.airflow-venv/lib/python3.12/site-packages/airflow/example_dags/example_setup_teardown.py
[2026-09-05T19:54:35.269+0200] {processor.py:914} INFO - Processing file /Users/swarnalidatta/Desktop/AutoQueryChatbot/.airflow-venv/lib/python3.12/site-packages/airflow/example_dags/example_setup_teardown.py for tasks to queue
[2026-09-05T19:54:35.269+0200] {logging_mixin.py:190} INFO - [2026-09-05T19:54:35.269+0200] {dagbag.py:588} INFO - Filling up the DagBag from /Users/swarnalidatta/Desktop/AutoQueryChatbot/.airflow-venv/lib/python3.12/site-packages/airflow/example_dags/example_setup_teardown.py
[2026-09-05T19:54:35.272+0200] {processor.py:925} INFO - DAG(s) 'example_setup_teardown' retrieved from /Users/swarnalidatta/Desktop/AutoQueryChatbot/.airflow-venv/lib/python3.12/site-packages/airflow/example_dags/example_setup_teardown.py
[2026-09-05T19:54:35.299+0200] {logging_mixin.py:190} INFO - [2026-09-05T19:54:35.299+0200] {dag.py:3239} INFO - Sync 1 DAGs
[2026-09-05T19:54:35.302+0200] {logging_mixin.py:190} INFO - [2026-09-05T19:54:35.302+0200] {dag.py:4180} INFO - Setting next_dagrun for example_setup_teardown to None, run_after=None
[2026-09-05T19:54:35.307+0200] {processor.py:208} INFO - Processing /Users/swarnalidatta/Desktop/AutoQueryChatbot/.airflow-venv/lib/python3.12/site-packages/airflow/example_dags/example_setup_teardown.py took 0.040 seconds
[2026-09-05T19:55:59.071+0200] {processor.py:186} INFO - Started process (PID=37338) to work on /Users/swarnalidatta/Desktop/AutoQueryChatbot/.airflow-venv/lib/python3.12/site-packages/airflow/example_dags/example_setup_teardown.py
[2026-09-05T19:55:59.071+0200] {processor.py:914} INFO - Processing file /Users/swarnalidatta/Desktop/AutoQueryChatbot/.airflow-venv/lib/python3.12/site-packages/airflow/example_dags/example_setup_teardown.py for tasks to queue
[2026-09-05T19:55:59.072+0200] {logging_mixin.py:190} INFO - [2026-09-05T19:55:59.072+0200] {dagbag.py:588} INFO - Filling up the DagBag from /Users/swarnalidatta/Desktop/AutoQueryChatbot/.airflow-venv/lib/python3.12/site-packages/airflow/example_dags/example_setup_teardown.py
[2026-09-05T19:55:59.074+0200] {processor.py:925} INFO - DAG(s) 'example_setup_teardown' retrieved from /Users/swarnalidatta/Desktop/AutoQueryChatbot/.airflow-venv/lib/python3.12/site-packages/airflow/example_dags/example_setup_teardown.py
[2026-09-05T19:55:59.102+0200] {logging_mixin.py:190} INFO - [2026-09-05T19:55:59.102+0200] {dag.py:3239} INFO - Sync 1 DAGs
[2026-09-05T19:55:59.105+0200] {logging_mixin.py:190} INFO - [2026-09-05T19:55:59.105+0200] {dag.py:4180} INFO - Setting next_dagrun for example_setup_teardown to None, run_after=None
[2026-09-05T19:55:59.110+0200] {processor.py:208} INFO - Processing /Users/swarnalidatta/Desktop/AutoQueryChatbot/.airflow-venv/lib/python3.12/site-packages/airflow/example_dags/example_setup_teardown.py took 0.041 seconds
[2026-09-05T19:58:35.943+0200] {processor.py:186} INFO - Started process (PID=37841) to work on /Users/swarnalidatta/Desktop/AutoQueryChatbot/.airflow-venv/lib/python3.12/site-packages/airflow/example_dags/example_setup_teardown.py
[2026-09-05T19:58:35.944+0200] {processor.py:914} INFO - Processing file /Users/swarnalidatta/Desktop/AutoQueryChatbot/.airflow-venv/lib/python3.12/site-packages/airflow/example_dags/example_setup_teardown.py for tasks to queue
[2026-09-05T19:58:35.944+0200] {logging_mixin.py:190} INFO - [2026-09-05T19:58:35.944+0200] {dagbag.py:588} INFO - Filling up the DagBag from /Users/swarnalidatta/Desktop/AutoQueryChatbot/.airflow-venv/lib/python3.12/site-packages/airflow/example_dags/example_setup_teardown.py
[2026-09-05T19:58:35.947+0200] {processor.py:925} INFO - DAG(s) 'example_setup_teardown' retrieved from /Users/swarnalidatta/Desktop/AutoQueryChatbot/.airflow-venv/lib/python3.12/site-packages/airflow/example_dags/example_setup_teardown.py
[2026-09-05T19:58:35.974+0200] {logging_mixin.py:190} INFO - [2026-09-05T19:58:35.974+0200] {dag.py:3239} INFO - Sync 1 DAGs
[2026-09-05T19:58:35.977+0200] {logging_mixin.py:190} INFO - [2026-09-05T19:58:35.977+0200] {dag.py:4180} INFO - Setting next_dagrun for example_setup_teardown to None, run_after=None
[2026-09-05T19:58:35.982+0200] {processor.py:208} INFO - Processing /Users/swarnalidatta/Desktop/AutoQueryChatbot/.airflow-venv/lib/python3.12/site-packages/airflow/example_dags/example_setup_teardown.py took 0.040 seconds
[2026-09-05T19:59:59.639+0200] {processor.py:186} INFO - Started process (PID=38130) to work on /Users/swarnalidatta/Desktop/AutoQueryChatbot/.airflow-venv/lib/python3.12/site-packages/airflow/example_dags/example_setup_teardown.py
[2026-09-05T19:59:59.641+0200] {processor.py:914} INFO - Processing file /Users/swarnalidatta/Desktop/AutoQueryChatbot/.airflow-venv/lib/python3.12/site-packages/airflow/example_dags/example_setup_teardown.py for tasks to queue
[2026-09-05T19:59:59.641+0200] {logging_mixin.py:190} INFO - [2026-09-05T19:59:59.641+0200] {dagbag.py:588} INFO - Filling up the DagBag from /Users/swarnalidatta/Desktop/AutoQueryChatbot/.airflow-venv/lib/python3.12/site-packages/airflow/example_dags/example_setup_teardown.py
[2026-09-05T19:59:59.644+0200] {processor.py:925} INFO - DAG(s) 'example_setup_teardown' retrieved from /Users/swarnalidatta/Desktop/AutoQueryChatbot/.airflow-venv/lib/python3.12/site-packages/airflow/example_dags/example_setup_teardown.py
[2026-09-05T19:59:59.671+0200] {logging_mixin.py:190} INFO - [2026-09-05T19:59:59.671+0200] {dag.py:3239} INFO - Sync 1 DAGs
[2026-09-05T19:59:59.674+0200] {logging_mixin.py:190} INFO - [2026-09-05T19:59:59.674+0200] {dag.py:4180} INFO - Setting next_dagrun for example_setup_teardown to None, run_after=None
[2026-09-05T19:59:59.679+0200] {processor.py:208} INFO - Processing /Users/swarnalidatta/Desktop/AutoQueryChatbot/.airflow-venv/lib/python3.12/site-packages/airflow/example_dags/example_setup_teardown.py took 0.041 seconds
[2026-09-05T20:01:27.483+0200] {processor.py:186} INFO - Started process (PID=38391) to work on /Users/swarnalidatta/Desktop/AutoQueryChatbot/.airflow-venv/lib/python3.12/site-packages/airflow/example_dags/example_setup_teardown.py
[2026-09-05T20:01:27.485+0200] {processor.py:914} INFO - Processing file /Users/swarnalidatta/Desktop/AutoQueryChatbot/.airflow-venv/lib/python3.12/site-packages/airflow/example_dags/example_setup_teardown.py for tasks to queue
[2026-09-05T20:01:27.485+0200] {logging_mixin.py:190} INFO - [2026-09-05T20:01:27.485+0200] {dagbag.py:588} INFO - Filling up the DagBag from /Users/swarnalidatta/Desktop/AutoQueryChatbot/.airflow-venv/lib/python3.12/site-packages/airflow/example_dags/example_setup_teardown.py
[2026-09-05T20:01:27.488+0200] {processor.py:925} INFO - DAG(s) 'example_setup_teardown' retrieved from /Users/swarnalidatta/Desktop/AutoQueryChatbot/.airflow-venv/lib/python3.12/site-packages/airflow/example_dags/example_setup_teardown.py
[2026-09-05T20:01:27.515+0200] {logging_mixin.py:190} INFO - [2026-09-05T20:01:27.515+0200] {dag.py:3239} INFO - Sync 1 DAGs
[2026-09-05T20:01:27.518+0200] {logging_mixin.py:190} INFO - [2026-09-05T20:01:27.518+0200] {dag.py:4180} INFO - Setting next_dagrun for example_setup_teardown to None, run_after=None
[2026-09-05T20:01:27.523+0200] {processor.py:208} INFO - Processing /Users/swarnalidatta/Desktop/AutoQueryChatbot/.airflow-venv/lib/python3.12/site-packages/airflow/example_dags/example_setup_teardown.py took 0.041 seconds
[2026-09-05T20:04:19.137+0200] {processor.py:186} INFO - Started process (PID=38726) to work on /Users/swarnalidatta/Desktop/AutoQueryChatbot/.airflow-venv/lib/python3.12/site-packages/airflow/example_dags/example_setup_teardown.py
[2026-09-05T20:04:19.137+0200] {processor.py:914} INFO - Processing file /Users/swarnalidatta/Desktop/AutoQueryChatbot/.airflow-venv/lib/python3.12/site-packages/airflow/example_dags/example_setup_teardown.py for tasks to queue
[2026-09-05T20:04:19.138+0200] {logging_mixin.py:190} INFO - [2026-09-05T20:04:19.138+0200] {dagbag.py:588} INFO - Filling up the DagBag from /Users/swarnalidatta/Desktop/AutoQueryChatbot/.airflow-venv/lib/python3.12/site-packages/airflow/example_dags/example_setup_teardown.py
[2026-09-05T20:04:19.141+0200] {processor.py:925} INFO - DAG(s) 'example_setup_teardown' retrieved from /Users/swarnalidatta/Desktop/AutoQueryChatbot/.airflow-venv/lib/python3.12/site-packages/airflow/example_dags/example_setup_teardown.py
[2026-09-05T20:04:19.170+0200] {logging_mixin.py:190} INFO - [2026-09-05T20:04:19.170+0200] {dag.py:3239} INFO - Sync 1 DAGs
[2026-09-05T20:04:19.173+0200] {logging_mixin.py:190} INFO - [2026-09-05T20:04:19.173+0200] {dag.py:4180} INFO - Setting next_dagrun for example_setup_teardown to None, run_after=None
[2026-09-05T20:04:19.178+0200] {processor.py:208} INFO - Processing /Users/swarnalidatta/Desktop/AutoQueryChatbot/.airflow-venv/lib/python3.12/site-packages/airflow/example_dags/example_setup_teardown.py took 0.043 seconds
[2026-09-05T20:06:14.050+0200] {processor.py:186} INFO - Started process (PID=39016) to work on /Users/swarnalidatta/Desktop/AutoQueryChatbot/.airflow-venv/lib/python3.12/site-packages/airflow/example_dags/example_setup_teardown.py
[2026-09-05T20:06:14.051+0200] {processor.py:914} INFO - Processing file /Users/swarnalidatta/Desktop/AutoQueryChatbot/.airflow-venv/lib/python3.12/site-packages/airflow/example_dags/example_setup_teardown.py for tasks to queue
[2026-09-05T20:06:14.051+0200] {logging_mixin.py:190} INFO - [2026-09-05T20:06:14.051+0200] {dagbag.py:588} INFO - Filling up the DagBag from /Users/swarnalidatta/Desktop/AutoQueryChatbot/.airflow-venv/lib/python3.12/site-packages/airflow/example_dags/example_setup_teardown.py
[2026-09-05T20:06:14.054+0200] {processor.py:925} INFO - DAG(s) 'example_setup_teardown' retrieved from /Users/swarnalidatta/Desktop/AutoQueryChatbot/.airflow-venv/lib/python3.12/site-packages/airflow/example_dags/example_setup_teardown.py
[2026-09-05T20:06:14.081+0200] {logging_mixin.py:190} INFO - [2026-09-05T20:06:14.081+0200] {dag.py:3239} INFO - Sync 1 DAGs
[2026-09-05T20:06:14.084+0200] {logging_mixin.py:190} INFO - [2026-09-05T20:06:14.084+0200] {dag.py:4180} INFO - Setting next_dagrun for example_setup_teardown to None, run_after=None
[2026-09-05T20:06:14.089+0200] {processor.py:208} INFO - Processing /Users/swarnalidatta/Desktop/AutoQueryChatbot/.airflow-venv/lib/python3.12/site-packages/airflow/example_dags/example_setup_teardown.py took 0.040 seconds
[2026-09-05T20:08:22.767+0200] {processor.py:186} INFO - Started process (PID=39358) to work on /Users/swarnalidatta/Desktop/AutoQueryChatbot/.airflow-venv/lib/python3.12/site-packages/airflow/example_dags/example_setup_teardown.py
[2026-09-05T20:08:22.768+0200] {processor.py:914} INFO - Processing file /Users/swarnalidatta/Desktop/AutoQueryChatbot/.airflow-venv/lib/python3.12/site-packages/airflow/example_dags/example_setup_teardown.py for tasks to queue
[2026-09-05T20:08:22.768+0200] {logging_mixin.py:190} INFO - [2026-09-05T20:08:22.768+0200] {dagbag.py:588} INFO - Filling up the DagBag from /Users/swarnalidatta/Desktop/AutoQueryChatbot/.airflow-venv/lib/python3.12/site-packages/airflow/example_dags/example_setup_teardown.py
[2026-09-05T20:08:22.771+0200] {processor.py:925} INFO - DAG(s) 'example_setup_teardown' retrieved from /Users/swarnalidatta/Desktop/AutoQueryChatbot/.airflow-venv/lib/python3.12/site-packages/airflow/example_dags/example_setup_teardown.py
[2026-09-05T20:08:22.798+0200] {logging_mixin.py:190} INFO - [2026-09-05T20:08:22.798+0200] {dag.py:3239} INFO - Sync 1 DAGs
[2026-09-05T20:08:22.801+0200] {logging_mixin.py:190} INFO - [2026-09-05T20:08:22.801+0200] {dag.py:4180} INFO - Setting next_dagrun for example_setup_teardown to None, run_after=None
[2026-09-05T20:08:22.806+0200] {processor.py:208} INFO - Processing /Users/swarnalidatta/Desktop/AutoQueryChatbot/.airflow-venv/lib/python3.12/site-packages/airflow/example_dags/example_setup_teardown.py took 0.040 seconds
[2026-09-05T20:10:21.219+0200] {processor.py:186} INFO - Started process (PID=39675) to work on /Users/swarnalidatta/Desktop/AutoQueryChatbot/.airflow-venv/lib/python3.12/site-packages/airflow/example_dags/example_setup_teardown.py
[2026-09-05T20:10:21.220+0200] {processor.py:914} INFO - Processing file /Users/swarnalidatta/Desktop/AutoQueryChatbot/.airflow-venv/lib/python3.12/site-packages/airflow/example_dags/example_setup_teardown.py for tasks to queue
[2026-09-05T20:10:21.220+0200] {logging_mixin.py:190} INFO - [2026-09-05T20:10:21.220+0200] {dagbag.py:588} INFO - Filling up the DagBag from /Users/swarnalidatta/Desktop/AutoQueryChatbot/.airflow-venv/lib/python3.12/site-packages/airflow/example_dags/example_setup_teardown.py
[2026-09-05T20:10:21.223+0200] {processor.py:925} INFO - DAG(s) 'example_setup_teardown' retrieved from /Users/swarnalidatta/Desktop/AutoQueryChatbot/.airflow-venv/lib/python3.12/site-packages/airflow/example_dags/example_setup_teardown.py
[2026-09-05T20:10:21.251+0200] {logging_mixin.py:190} INFO - [2026-09-05T20:10:21.251+0200] {dag.py:3239} INFO - Sync 1 DAGs
[2026-09-05T20:10:21.254+0200] {logging_mixin.py:190} INFO - [2026-09-05T20:10:21.254+0200] {dag.py:4180} INFO - Setting next_dagrun for example_setup_teardown to None, run_after=None
[2026-09-05T20:10:21.259+0200] {processor.py:208} INFO - Processing /Users/swarnalidatta/Desktop/AutoQueryChatbot/.airflow-venv/lib/python3.12/site-packages/airflow/example_dags/example_setup_teardown.py took 0.041 seconds
[2026-09-05T20:12:39.392+0200] {processor.py:186} INFO - Started process (PID=42908) to work on /Users/swarnalidatta/Desktop/AutoQueryChatbot/.airflow-venv/lib/python3.12/site-packages/airflow/example_dags/example_setup_teardown.py
[2026-09-05T20:12:39.392+0200] {processor.py:914} INFO - Processing file /Users/swarnalidatta/Desktop/AutoQueryChatbot/.airflow-venv/lib/python3.12/site-packages/airflow/example_dags/example_setup_teardown.py for tasks to queue
[2026-09-05T20:12:39.393+0200] {logging_mixin.py:190} INFO - [2026-09-05T20:12:39.392+0200] {dagbag.py:588} INFO - Filling up the DagBag from /Users/swarnalidatta/Desktop/AutoQueryChatbot/.airflow-venv/lib/python3.12/site-packages/airflow/example_dags/example_setup_teardown.py
[2026-09-05T20:12:39.395+0200] {processor.py:925} INFO - DAG(s) 'example_setup_teardown' retrieved from /Users/swarnalidatta/Desktop/AutoQueryChatbot/.airflow-venv/lib/python3.12/site-packages/airflow/example_dags/example_setup_teardown.py
[2026-09-05T20:12:39.422+0200] {logging_mixin.py:190} INFO - [2026-09-05T20:12:39.422+0200] {dag.py:3239} INFO - Sync 1 DAGs
[2026-09-05T20:12:39.425+0200] {logging_mixin.py:190} INFO - [2026-09-05T20:12:39.425+0200] {dag.py:4180} INFO - Setting next_dagrun for example_setup_teardown to None, run_after=None
[2026-09-05T20:12:39.430+0200] {processor.py:208} INFO - Processing /Users/swarnalidatta/Desktop/AutoQueryChatbot/.airflow-venv/lib/python3.12/site-packages/airflow/example_dags/example_setup_teardown.py took 0.040 seconds
[2026-09-05T20:15:00.885+0200] {processor.py:186} INFO - Started process (PID=43656) to work on /Users/swarnalidatta/Desktop/AutoQueryChatbot/.airflow-venv/lib/python3.12/site-packages/airflow/example_dags/example_setup_teardown.py
[2026-09-05T20:15:00.886+0200] {processor.py:914} INFO - Processing file /Users/swarnalidatta/Desktop/AutoQueryChatbot/.airflow-venv/lib/python3.12/site-packages/airflow/example_dags/example_setup_teardown.py for tasks to queue
[2026-09-05T20:15:00.886+0200] {logging_mixin.py:190} INFO - [2026-09-05T20:15:00.886+0200] {dagbag.py:588} INFO - Filling up the DagBag from /Users/swarnalidatta/Desktop/AutoQueryChatbot/.airflow-venv/lib/python3.12/site-packages/airflow/example_dags/example_setup_teardown.py
[2026-09-05T20:15:00.889+0200] {processor.py:925} INFO - DAG(s) 'example_setup_teardown' retrieved from /Users/swarnalidatta/Desktop/AutoQueryChatbot/.airflow-venv/lib/python3.12/site-packages/airflow/example_dags/example_setup_teardown.py
[2026-09-05T20:15:00.916+0200] {logging_mixin.py:190} INFO - [2026-09-05T20:15:00.916+0200] {dag.py:3239} INFO - Sync 1 DAGs
[2026-09-05T20:15:00.919+0200] {logging_mixin.py:190} INFO - [2026-09-05T20:15:00.919+0200] {dag.py:4180} INFO - Setting next_dagrun for example_setup_teardown to None, run_after=None
[2026-09-05T20:15:00.924+0200] {processor.py:208} INFO - Processing /Users/swarnalidatta/Desktop/AutoQueryChatbot/.airflow-venv/lib/python3.12/site-packages/airflow/example_dags/example_setup_teardown.py took 0.040 seconds
[2026-09-05T20:17:22.864+0200] {processor.py:186} INFO - Started process (PID=45257) to work on /Users/swarnalidatta/Desktop/AutoQueryChatbot/.airflow-venv/lib/python3.12/site-packages/airflow/example_dags/example_setup_teardown.py
[2026-09-05T20:17:22.865+0200] {processor.py:914} INFO - Processing file /Users/swarnalidatta/Desktop/AutoQueryChatbot/.airflow-venv/lib/python3.12/site-packages/airflow/example_dags/example_setup_teardown.py for tasks to queue
[2026-09-05T20:17:22.865+0200] {logging_mixin.py:190} INFO - [2026-09-05T20:17:22.865+0200] {dagbag.py:588} INFO - Filling up the DagBag from /Users/swarnalidatta/Desktop/AutoQueryChatbot/.airflow-venv/lib/python3.12/site-packages/airflow/example_dags/example_setup_teardown.py
[2026-09-05T20:17:22.868+0200] {processor.py:925} INFO - DAG(s) 'example_setup_teardown' retrieved from /Users/swarnalidatta/Desktop/AutoQueryChatbot/.airflow-venv/lib/python3.12/site-packages/airflow/example_dags/example_setup_teardown.py
[2026-09-05T20:17:22.896+0200] {logging_mixin.py:190} INFO - [2026-09-05T20:17:22.896+0200] {dag.py:3239} INFO - Sync 1 DAGs
[2026-09-05T20:17:22.900+0200] {logging_mixin.py:190} INFO - [2026-09-05T20:17:22.899+0200] {dag.py:4180} INFO - Setting next_dagrun for example_setup_teardown to None, run_after=None
[2026-09-05T20:17:22.905+0200] {processor.py:208} INFO - Processing /Users/swarnalidatta/Desktop/AutoQueryChatbot/.airflow-venv/lib/python3.12/site-packages/airflow/example_dags/example_setup_teardown.py took 0.042 seconds
[2026-09-05T20:19:57.649+0200] {processor.py:186} INFO - Started process (PID=45779) to work on /Users/swarnalidatta/Desktop/AutoQueryChatbot/.airflow-venv/lib/python3.12/site-packages/airflow/example_dags/example_setup_teardown.py
[2026-09-05T20:19:57.649+0200] {processor.py:914} INFO - Processing file /Users/swarnalidatta/Desktop/AutoQueryChatbot/.airflow-venv/lib/python3.12/site-packages/airflow/example_dags/example_setup_teardown.py for tasks to queue
[2026-09-05T20:19:57.650+0200] {logging_mixin.py:190} INFO - [2026-09-05T20:19:57.649+0200] {dagbag.py:588} INFO - Filling up the DagBag from /Users/swarnalidatta/Desktop/AutoQueryChatbot/.airflow-venv/lib/python3.12/site-packages/airflow/example_dags/example_setup_teardown.py
[2026-09-05T20:19:57.652+0200] {processor.py:925} INFO - DAG(s) 'example_setup_teardown' retrieved from /Users/swarnalidatta/Desktop/AutoQueryChatbot/.airflow-venv/lib/python3.12/site-packages/airflow/example_dags/example_setup_teardown.py
[2026-09-05T20:19:57.680+0200] {logging_mixin.py:190} INFO - [2026-09-05T20:19:57.680+0200] {dag.py:3239} INFO - Sync 1 DAGs
[2026-09-05T20:19:57.683+0200] {logging_mixin.py:190} INFO - [2026-09-05T20:19:57.683+0200] {dag.py:4180} INFO - Setting next_dagrun for example_setup_teardown to None, run_after=None
[2026-09-05T20:19:57.688+0200] {processor.py:208} INFO - Processing /Users/swarnalidatta/Desktop/AutoQueryChatbot/.airflow-venv/lib/python3.12/site-packages/airflow/example_dags/example_setup_teardown.py took 0.040 seconds
[2026-09-05T20:21:21.260+0200] {processor.py:186} INFO - Started process (PID=46065) to work on /Users/swarnalidatta/Desktop/AutoQueryChatbot/.airflow-venv/lib/python3.12/site-packages/airflow/example_dags/example_setup_teardown.py
[2026-09-05T20:21:21.260+0200] {processor.py:914} INFO - Processing file /Users/swarnalidatta/Desktop/AutoQueryChatbot/.airflow-venv/lib/python3.12/site-packages/airflow/example_dags/example_setup_teardown.py for tasks to queue
[2026-09-05T20:21:21.261+0200] {logging_mixin.py:190} INFO - [2026-09-05T20:21:21.260+0200] {dagbag.py:588} INFO - Filling up the DagBag from /Users/swarnalidatta/Desktop/AutoQueryChatbot/.airflow-venv/lib/python3.12/site-packages/airflow/example_dags/example_setup_teardown.py
[2026-09-05T20:21:21.263+0200] {processor.py:925} INFO - DAG(s) 'example_setup_teardown' retrieved from /Users/swarnalidatta/Desktop/AutoQueryChatbot/.airflow-venv/lib/python3.12/site-packages/airflow/example_dags/example_setup_teardown.py
[2026-09-05T20:21:21.291+0200] {logging_mixin.py:190} INFO - [2026-09-05T20:21:21.291+0200] {dag.py:3239} INFO - Sync 1 DAGs
[2026-09-05T20:21:21.294+0200] {logging_mixin.py:190} INFO - [2026-09-05T20:21:21.294+0200] {dag.py:4180} INFO - Setting next_dagrun for example_setup_teardown to None, run_after=None
[2026-09-05T20:21:21.299+0200] {processor.py:208} INFO - Processing /Users/swarnalidatta/Desktop/AutoQueryChatbot/.airflow-venv/lib/python3.12/site-packages/airflow/example_dags/example_setup_teardown.py took 0.041 seconds
[2026-09-05T20:24:44.037+0200] {processor.py:186} INFO - Started process (PID=46915) to work on /Users/swarnalidatta/Desktop/AutoQueryChatbot/.airflow-venv/lib/python3.12/site-packages/airflow/example_dags/example_setup_teardown.py
[2026-09-05T20:24:44.037+0200] {processor.py:914} INFO - Processing file /Users/swarnalidatta/Desktop/AutoQueryChatbot/.airflow-venv/lib/python3.12/site-packages/airflow/example_dags/example_setup_teardown.py for tasks to queue
[2026-09-05T20:24:44.038+0200] {logging_mixin.py:190} INFO - [2026-09-05T20:24:44.038+0200] {dagbag.py:588} INFO - Filling up the DagBag from /Users/swarnalidatta/Desktop/AutoQueryChatbot/.airflow-venv/lib/python3.12/site-packages/airflow/example_dags/example_setup_teardown.py
[2026-09-05T20:24:44.040+0200] {processor.py:925} INFO - DAG(s) 'example_setup_teardown' retrieved from /Users/swarnalidatta/Desktop/AutoQueryChatbot/.airflow-venv/lib/python3.12/site-packages/airflow/example_dags/example_setup_teardown.py
[2026-09-05T20:24:44.068+0200] {logging_mixin.py:190} INFO - [2026-09-05T20:24:44.068+0200] {dag.py:3239} INFO - Sync 1 DAGs
[2026-09-05T20:24:44.071+0200] {logging_mixin.py:190} INFO - [2026-09-05T20:24:44.071+0200] {dag.py:4180} INFO - Setting next_dagrun for example_setup_teardown to None, run_after=None
[2026-09-05T20:24:44.076+0200] {processor.py:208} INFO - Processing /Users/swarnalidatta/Desktop/AutoQueryChatbot/.airflow-venv/lib/python3.12/site-packages/airflow/example_dags/example_setup_teardown.py took 0.040 seconds
[2026-09-05T20:26:55.386+0200] {processor.py:186} INFO - Started process (PID=47216) to work on /Users/swarnalidatta/Desktop/AutoQueryChatbot/.airflow-venv/lib/python3.12/site-packages/airflow/example_dags/example_setup_teardown.py
[2026-09-05T20:26:55.387+0200] {processor.py:914} INFO - Processing file /Users/swarnalidatta/Desktop/AutoQueryChatbot/.airflow-venv/lib/python3.12/site-packages/airflow/example_dags/example_setup_teardown.py for tasks to queue
[2026-09-05T20:26:55.387+0200] {logging_mixin.py:190} INFO - [2026-09-05T20:26:55.387+0200] {dagbag.py:588} INFO - Filling up the DagBag from /Users/swarnalidatta/Desktop/AutoQueryChatbot/.airflow-venv/lib/python3.12/site-packages/airflow/example_dags/example_setup_teardown.py
[2026-09-05T20:26:55.390+0200] {processor.py:925} INFO - DAG(s) 'example_setup_teardown' retrieved from /Users/swarnalidatta/Desktop/AutoQueryChatbot/.airflow-venv/lib/python3.12/site-packages/airflow/example_dags/example_setup_teardown.py
[2026-09-05T20:26:55.417+0200] {logging_mixin.py:190} INFO - [2026-09-05T20:26:55.417+0200] {dag.py:3239} INFO - Sync 1 DAGs
[2026-09-05T20:26:55.420+0200] {logging_mixin.py:190} INFO - [2026-09-05T20:26:55.420+0200] {dag.py:4180} INFO - Setting next_dagrun for example_setup_teardown to None, run_after=None
[2026-09-05T20:26:55.426+0200] {processor.py:208} INFO - Processing /Users/swarnalidatta/Desktop/AutoQueryChatbot/.airflow-venv/lib/python3.12/site-packages/airflow/example_dags/example_setup_teardown.py took 0.041 seconds
[2026-09-05T20:30:03.700+0200] {processor.py:186} INFO - Started process (PID=47700) to work on /Users/swarnalidatta/Desktop/AutoQueryChatbot/.airflow-venv/lib/python3.12/site-packages/airflow/example_dags/example_setup_teardown.py
[2026-09-05T20:30:03.701+0200] {processor.py:914} INFO - Processing file /Users/swarnalidatta/Desktop/AutoQueryChatbot/.airflow-venv/lib/python3.12/site-packages/airflow/example_dags/example_setup_teardown.py for tasks to queue
[2026-09-05T20:30:03.701+0200] {logging_mixin.py:190} INFO - [2026-09-05T20:30:03.701+0200] {dagbag.py:588} INFO - Filling up the DagBag from /Users/swarnalidatta/Desktop/AutoQueryChatbot/.airflow-venv/lib/python3.12/site-packages/airflow/example_dags/example_setup_teardown.py
[2026-09-05T20:30:03.704+0200] {processor.py:925} INFO - DAG(s) 'example_setup_teardown' retrieved from /Users/swarnalidatta/Desktop/AutoQueryChatbot/.airflow-venv/lib/python3.12/site-packages/airflow/example_dags/example_setup_teardown.py
[2026-09-05T20:30:03.731+0200] {logging_mixin.py:190} INFO - [2026-09-05T20:30:03.731+0200] {dag.py:3239} INFO - Sync 1 DAGs
[2026-09-05T20:30:03.734+0200] {logging_mixin.py:190} INFO - [2026-09-05T20:30:03.734+0200] {dag.py:4180} INFO - Setting next_dagrun for example_setup_teardown to None, run_after=None
[2026-09-05T20:30:03.739+0200] {processor.py:208} INFO - Processing /Users/swarnalidatta/Desktop/AutoQueryChatbot/.airflow-venv/lib/python3.12/site-packages/airflow/example_dags/example_setup_teardown.py took 0.041 seconds
[2026-09-05T20:31:52.512+0200] {processor.py:186} INFO - Started process (PID=47982) to work on /Users/swarnalidatta/Desktop/AutoQueryChatbot/.airflow-venv/lib/python3.12/site-packages/airflow/example_dags/example_setup_teardown.py
[2026-09-05T20:31:52.513+0200] {processor.py:914} INFO - Processing file /Users/swarnalidatta/Desktop/AutoQueryChatbot/.airflow-venv/lib/python3.12/site-packages/airflow/example_dags/example_setup_teardown.py for tasks to queue
[2026-09-05T20:31:52.513+0200] {logging_mixin.py:190} INFO - [2026-09-05T20:31:52.513+0200] {dagbag.py:588} INFO - Filling up the DagBag from /Users/swarnalidatta/Desktop/AutoQueryChatbot/.airflow-venv/lib/python3.12/site-packages/airflow/example_dags/example_setup_teardown.py
[2026-09-05T20:31:52.515+0200] {processor.py:925} INFO - DAG(s) 'example_setup_teardown' retrieved from /Users/swarnalidatta/Desktop/AutoQueryChatbot/.airflow-venv/lib/python3.12/site-packages/airflow/example_dags/example_setup_teardown.py
[2026-09-05T20:31:52.543+0200] {logging_mixin.py:190} INFO - [2026-09-05T20:31:52.543+0200] {dag.py:3239} INFO - Sync 1 DAGs
[2026-09-05T20:31:52.546+0200] {logging_mixin.py:190} INFO - [2026-09-05T20:31:52.546+0200] {dag.py:4180} INFO - Setting next_dagrun for example_setup_teardown to None, run_after=None
[2026-09-05T20:31:52.551+0200] {processor.py:208} INFO - Processing /Users/swarnalidatta/Desktop/AutoQueryChatbot/.airflow-venv/lib/python3.12/site-packages/airflow/example_dags/example_setup_teardown.py took 0.040 seconds
[2026-09-05T20:34:11.272+0200] {processor.py:186} INFO - Started process (PID=48316) to work on /Users/swarnalidatta/Desktop/AutoQueryChatbot/.airflow-venv/lib/python3.12/site-packages/airflow/example_dags/example_setup_teardown.py
[2026-09-05T20:34:11.273+0200] {processor.py:914} INFO - Processing file /Users/swarnalidatta/Desktop/AutoQueryChatbot/.airflow-venv/lib/python3.12/site-packages/airflow/example_dags/example_setup_teardown.py for tasks to queue
[2026-09-05T20:34:11.273+0200] {logging_mixin.py:190} INFO - [2026-09-05T20:34:11.273+0200] {dagbag.py:588} INFO - Filling up the DagBag from /Users/swarnalidatta/Desktop/AutoQueryChatbot/.airflow-venv/lib/python3.12/site-packages/airflow/example_dags/example_setup_teardown.py
[2026-09-05T20:34:11.276+0200] {processor.py:925} INFO - DAG(s) 'example_setup_teardown' retrieved from /Users/swarnalidatta/Desktop/AutoQueryChatbot/.airflow-venv/lib/python3.12/site-packages/airflow/example_dags/example_setup_teardown.py
[2026-09-05T20:34:11.303+0200] {logging_mixin.py:190} INFO - [2026-09-05T20:34:11.303+0200] {dag.py:3239} INFO - Sync 1 DAGs
[2026-09-05T20:34:11.306+0200] {logging_mixin.py:190} INFO - [2026-09-05T20:34:11.306+0200] {dag.py:4180} INFO - Setting next_dagrun for example_setup_teardown to None, run_after=None
[2026-09-05T20:34:11.311+0200] {processor.py:208} INFO - Processing /Users/swarnalidatta/Desktop/AutoQueryChatbot/.airflow-venv/lib/python3.12/site-packages/airflow/example_dags/example_setup_teardown.py took 0.040 seconds
[2026-09-05T21:46:08.319+0200] {processor.py:186} INFO - Started process (PID=48973) to work on /Users/swarnalidatta/Desktop/AutoQueryChatbot/.airflow-venv/lib/python3.12/site-packages/airflow/example_dags/example_setup_teardown.py
[2026-09-05T21:46:08.320+0200] {processor.py:914} INFO - Processing file /Users/swarnalidatta/Desktop/AutoQueryChatbot/.airflow-venv/lib/python3.12/site-packages/airflow/example_dags/example_setup_teardown.py for tasks to queue
[2026-09-05T21:46:08.321+0200] {logging_mixin.py:190} INFO - [2026-09-05T21:46:08.320+0200] {dagbag.py:588} INFO - Filling up the DagBag from /Users/swarnalidatta/Desktop/AutoQueryChatbot/.airflow-venv/lib/python3.12/site-packages/airflow/example_dags/example_setup_teardown.py
[2026-09-05T21:46:08.323+0200] {processor.py:925} INFO - DAG(s) 'example_setup_teardown' retrieved from /Users/swarnalidatta/Desktop/AutoQueryChatbot/.airflow-venv/lib/python3.12/site-packages/airflow/example_dags/example_setup_teardown.py
[2026-09-05T21:46:08.351+0200] {logging_mixin.py:190} INFO - [2026-09-05T21:46:08.350+0200] {dag.py:3239} INFO - Sync 1 DAGs
[2026-09-05T21:46:08.353+0200] {logging_mixin.py:190} INFO - [2026-09-05T21:46:08.353+0200] {dag.py:4180} INFO - Setting next_dagrun for example_setup_teardown to None, run_after=None
[2026-09-05T21:46:08.358+0200] {processor.py:208} INFO - Processing /Users/swarnalidatta/Desktop/AutoQueryChatbot/.airflow-venv/lib/python3.12/site-packages/airflow/example_dags/example_setup_teardown.py took 0.040 seconds
[2026-09-05T21:48:00.397+0200] {processor.py:186} INFO - Started process (PID=49371) to work on /Users/swarnalidatta/Desktop/AutoQueryChatbot/.airflow-venv/lib/python3.12/site-packages/airflow/example_dags/example_setup_teardown.py
[2026-09-05T21:48:00.398+0200] {processor.py:914} INFO - Processing file /Users/swarnalidatta/Desktop/AutoQueryChatbot/.airflow-venv/lib/python3.12/site-packages/airflow/example_dags/example_setup_teardown.py for tasks to queue
[2026-09-05T21:48:00.398+0200] {logging_mixin.py:190} INFO - [2026-09-05T21:48:00.398+0200] {dagbag.py:588} INFO - Filling up the DagBag from /Users/swarnalidatta/Desktop/AutoQueryChatbot/.airflow-venv/lib/python3.12/site-packages/airflow/example_dags/example_setup_teardown.py
[2026-09-05T21:48:00.401+0200] {processor.py:925} INFO - DAG(s) 'example_setup_teardown' retrieved from /Users/swarnalidatta/Desktop/AutoQueryChatbot/.airflow-venv/lib/python3.12/site-packages/airflow/example_dags/example_setup_teardown.py
[2026-09-05T21:48:00.428+0200] {logging_mixin.py:190} INFO - [2026-09-05T21:48:00.428+0200] {dag.py:3239} INFO - Sync 1 DAGs
[2026-09-05T21:48:00.431+0200] {logging_mixin.py:190} INFO - [2026-09-05T21:48:00.431+0200] {dag.py:4180} INFO - Setting next_dagrun for example_setup_teardown to None, run_after=None
[2026-09-05T21:48:00.436+0200] {processor.py:208} INFO - Processing /Users/swarnalidatta/Desktop/AutoQueryChatbot/.airflow-venv/lib/python3.12/site-packages/airflow/example_dags/example_setup_teardown.py took 0.040 seconds
[2026-09-05T21:49:23.801+0200] {processor.py:186} INFO - Started process (PID=49646) to work on /Users/swarnalidatta/Desktop/AutoQueryChatbot/.airflow-venv/lib/python3.12/site-packages/airflow/example_dags/example_setup_teardown.py
[2026-09-05T21:49:23.801+0200] {processor.py:914} INFO - Processing file /Users/swarnalidatta/Desktop/AutoQueryChatbot/.airflow-venv/lib/python3.12/site-packages/airflow/example_dags/example_setup_teardown.py for tasks to queue
[2026-09-05T21:49:23.802+0200] {logging_mixin.py:190} INFO - [2026-09-05T21:49:23.802+0200] {dagbag.py:588} INFO - Filling up the DagBag from /Users/swarnalidatta/Desktop/AutoQueryChatbot/.airflow-venv/lib/python3.12/site-packages/airflow/example_dags/example_setup_teardown.py
[2026-09-05T21:49:23.804+0200] {processor.py:925} INFO - DAG(s) 'example_setup_teardown' retrieved from /Users/swarnalidatta/Desktop/AutoQueryChatbot/.airflow-venv/lib/python3.12/site-packages/airflow/example_dags/example_setup_teardown.py
[2026-09-05T21:49:23.831+0200] {logging_mixin.py:190} INFO - [2026-09-05T21:49:23.831+0200] {dag.py:3239} INFO - Sync 1 DAGs
[2026-09-05T21:49:23.834+0200] {logging_mixin.py:190} INFO - [2026-09-05T21:49:23.834+0200] {dag.py:4180} INFO - Setting next_dagrun for example_setup_teardown to None, run_after=None
[2026-09-05T21:49:23.839+0200] {processor.py:208} INFO - Processing /Users/swarnalidatta/Desktop/AutoQueryChatbot/.airflow-venv/lib/python3.12/site-packages/airflow/example_dags/example_setup_teardown.py took 0.039 seconds
[2026-09-05T21:52:09.845+0200] {processor.py:186} INFO - Started process (PID=50446) to work on /Users/swarnalidatta/Desktop/AutoQueryChatbot/.airflow-venv/lib/python3.12/site-packages/airflow/example_dags/example_setup_teardown.py
[2026-09-05T21:52:09.845+0200] {processor.py:914} INFO - Processing file /Users/swarnalidatta/Desktop/AutoQueryChatbot/.airflow-venv/lib/python3.12/site-packages/airflow/example_dags/example_setup_teardown.py for tasks to queue
[2026-09-05T21:52:09.846+0200] {logging_mixin.py:190} INFO - [2026-09-05T21:52:09.846+0200] {dagbag.py:588} INFO - Filling up the DagBag from /Users/swarnalidatta/Desktop/AutoQueryChatbot/.airflow-venv/lib/python3.12/site-packages/airflow/example_dags/example_setup_teardown.py
[2026-09-05T21:52:09.848+0200] {processor.py:925} INFO - DAG(s) 'example_setup_teardown' retrieved from /Users/swarnalidatta/Desktop/AutoQueryChatbot/.airflow-venv/lib/python3.12/site-packages/airflow/example_dags/example_setup_teardown.py
[2026-09-05T21:52:09.876+0200] {logging_mixin.py:190} INFO - [2026-09-05T21:52:09.876+0200] {dag.py:3239} INFO - Sync 1 DAGs
[2026-09-05T21:52:09.879+0200] {logging_mixin.py:190} INFO - [2026-09-05T21:52:09.879+0200] {dag.py:4180} INFO - Setting next_dagrun for example_setup_teardown to None, run_after=None
[2026-09-05T21:52:09.884+0200] {processor.py:208} INFO - Processing /Users/swarnalidatta/Desktop/AutoQueryChatbot/.airflow-venv/lib/python3.12/site-packages/airflow/example_dags/example_setup_teardown.py took 0.040 seconds
[2026-09-05T21:53:42.813+0200] {processor.py:186} INFO - Started process (PID=50754) to work on /Users/swarnalidatta/Desktop/AutoQueryChatbot/.airflow-venv/lib/python3.12/site-packages/airflow/example_dags/example_setup_teardown.py
[2026-09-05T21:53:42.814+0200] {processor.py:914} INFO - Processing file /Users/swarnalidatta/Desktop/AutoQueryChatbot/.airflow-venv/lib/python3.12/site-packages/airflow/example_dags/example_setup_teardown.py for tasks to queue
[2026-09-05T21:53:42.814+0200] {logging_mixin.py:190} INFO - [2026-09-05T21:53:42.814+0200] {dagbag.py:588} INFO - Filling up the DagBag from /Users/swarnalidatta/Desktop/AutoQueryChatbot/.airflow-venv/lib/python3.12/site-packages/airflow/example_dags/example_setup_teardown.py
[2026-09-05T21:53:42.817+0200] {processor.py:925} INFO - DAG(s) 'example_setup_teardown' retrieved from /Users/swarnalidatta/Desktop/AutoQueryChatbot/.airflow-venv/lib/python3.12/site-packages/airflow/example_dags/example_setup_teardown.py
[2026-09-05T21:53:42.844+0200] {logging_mixin.py:190} INFO - [2026-09-05T21:53:42.844+0200] {dag.py:3239} INFO - Sync 1 DAGs
[2026-09-05T21:53:42.847+0200] {logging_mixin.py:190} INFO - [2026-09-05T21:53:42.847+0200] {dag.py:4180} INFO - Setting next_dagrun for example_setup_teardown to None, run_after=None
[2026-09-05T21:53:42.852+0200] {processor.py:208} INFO - Processing /Users/swarnalidatta/Desktop/AutoQueryChatbot/.airflow-venv/lib/python3.12/site-packages/airflow/example_dags/example_setup_teardown.py took 0.039 seconds
[2026-09-05T21:55:17.655+0200] {processor.py:186} INFO - Started process (PID=51066) to work on /Users/swarnalidatta/Desktop/AutoQueryChatbot/.airflow-venv/lib/python3.12/site-packages/airflow/example_dags/example_setup_teardown.py
[2026-09-05T21:55:17.656+0200] {processor.py:914} INFO - Processing file /Users/swarnalidatta/Desktop/AutoQueryChatbot/.airflow-venv/lib/python3.12/site-packages/airflow/example_dags/example_setup_teardown.py for tasks to queue
[2026-09-05T21:55:17.656+0200] {logging_mixin.py:190} INFO - [2026-09-05T21:55:17.656+0200] {dagbag.py:588} INFO - Filling up the DagBag from /Users/swarnalidatta/Desktop/AutoQueryChatbot/.airflow-venv/lib/python3.12/site-packages/airflow/example_dags/example_setup_teardown.py
[2026-09-05T21:55:17.659+0200] {processor.py:925} INFO - DAG(s) 'example_setup_teardown' retrieved from /Users/swarnalidatta/Desktop/AutoQueryChatbot/.airflow-venv/lib/python3.12/site-packages/airflow/example_dags/example_setup_teardown.py
[2026-09-05T21:55:17.686+0200] {logging_mixin.py:190} INFO - [2026-09-05T21:55:17.686+0200] {dag.py:3239} INFO - Sync 1 DAGs
[2026-09-05T21:55:17.689+0200] {logging_mixin.py:190} INFO - [2026-09-05T21:55:17.689+0200] {dag.py:4180} INFO - Setting next_dagrun for example_setup_teardown to None, run_after=None
[2026-09-05T21:55:17.694+0200] {processor.py:208} INFO - Processing /Users/swarnalidatta/Desktop/AutoQueryChatbot/.airflow-venv/lib/python3.12/site-packages/airflow/example_dags/example_setup_teardown.py took 0.040 seconds
[2026-09-05T21:56:48.416+0200] {processor.py:186} INFO - Started process (PID=51378) to work on /Users/swarnalidatta/Desktop/AutoQueryChatbot/.airflow-venv/lib/python3.12/site-packages/airflow/example_dags/example_setup_teardown.py
[2026-09-05T21:56:48.417+0200] {processor.py:914} INFO - Processing file /Users/swarnalidatta/Desktop/AutoQueryChatbot/.airflow-venv/lib/python3.12/site-packages/airflow/example_dags/example_setup_teardown.py for tasks to queue
[2026-09-05T21:56:48.417+0200] {logging_mixin.py:190} INFO - [2026-09-05T21:56:48.417+0200] {dagbag.py:588} INFO - Filling up the DagBag from /Users/swarnalidatta/Desktop/AutoQueryChatbot/.airflow-venv/lib/python3.12/site-packages/airflow/example_dags/example_setup_teardown.py
[2026-09-05T21:56:48.420+0200] {processor.py:925} INFO - DAG(s) 'example_setup_teardown' retrieved from /Users/swarnalidatta/Desktop/AutoQueryChatbot/.airflow-venv/lib/python3.12/site-packages/airflow/example_dags/example_setup_teardown.py
[2026-09-05T21:56:48.447+0200] {logging_mixin.py:190} INFO - [2026-09-05T21:56:48.447+0200] {dag.py:3239} INFO - Sync 1 DAGs
[2026-09-05T21:56:48.450+0200] {logging_mixin.py:190} INFO - [2026-09-05T21:56:48.450+0200] {dag.py:4180} INFO - Setting next_dagrun for example_setup_teardown to None, run_after=None
[2026-09-05T21:56:48.455+0200] {processor.py:208} INFO - Processing /Users/swarnalidatta/Desktop/AutoQueryChatbot/.airflow-venv/lib/python3.12/site-packages/airflow/example_dags/example_setup_teardown.py took 0.040 seconds
