[2026-09-05T14:15:11.623+0200] {processor.py:186} INFO - Started process (PID=3625) to work on /Users/swarnalidatta/Desktop/AutoQueryChatbot/.airflow-venv/lib/python3.12/site-packages/airflow/example_dags/example_outlet_event_extra.py
[2026-09-05T14:15:11.624+0200] {processor.py:914} INFO - Processing file /Users/swarnalidatta/Desktop/AutoQueryChatbot/.airflow-venv/lib/python3.12/site-packages/airflow/example_dags/example_outlet_event_extra.py for tasks to queue
[2026-09-05T14:15:11.624+0200] {logging_mixin.py:190} INFO - [2026-09-05T14:15:11.624+0200] {dagbag.py:588} INFO - Filling up the DagBag from /Users/swarnalidatta/Desktop/AutoQueryChatbot/.airflow-venv/lib/python3.12/site-packages/airflow/example_dags/example_outlet_event_extra.py
[2026-09-05T14:15:11.650+0200] {processor.py:925} INFO - DAG(s) 'dataset_with_extra_from_classic_operator', 'dataset_with_extra_by_yield', 'dataset_with_extra_by_context' retrieved from /Users/swarnalidatta/Desktop/AutoQueryChatbot/.airflow-venv/lib/python3.12/site-packages/airflow/example_dags/example_outlet_event_extra.py
[2026-09-05T14:15:11.699+0200] {logging_mixin.py:190} INFO - [2026-09-05T14:15:11.699+0200] {override.py:1912} INFO - Created Permission View: can edit on DAG:dataset_with_extra_from_classic_operator
[2026-09-05T14:15:11.702+0200] {logging_mixin.py:190} INFO - [2026-09-05T14:15:11.702+0200] {override.py:1912} INFO - Created Permission View: can delete on DAG:dataset_with_extra_from_classic_operator
[2026-09-05T14:15:11.703+0200] {logging_mixin.py:190} INFO - [2026-09-05T14:15:11.703+0200] {override.py:1912} INFO - Created Permission View: can read on DAG:dataset_with_extra_from_classic_operator
[2026-09-05T14:15:11.705+0200] {logging_mixin.py:190} INFO - [2026-09-05T14:15:11.705+0200] {override.py:1912} INFO - Created Permission View: can delete on DAG Run:dataset_with_extra_from_classic_operator
[2026-09-05T14:15:11.706+0200] {logging_mixin.py:190} INFO - [2026-09-05T14:15:11.706+0200] {override.py:1912} INFO - Created Permission View: menu access on DAG Run:dataset_with_extra_from_classic_operator
[2026-09-05T14:15:11.707+0200] {logging_mixin.py:190} INFO - [2026-09-05T14:15:11.707+0200] {override.py:1912} INFO - Created Permission View: can read on DAG Run:dataset_with_extra_from_classic_operator
[2026-09-05T14:15:11.708+0200] {logging_mixin.py:190} INFO - [2026-09-05T14:15:11.708+0200] {override.py:1912} INFO - Created Permission View: can create on DAG Run:dataset_with_extra_from_classic_operator
[2026-09-05T14:15:11.711+0200] {logging_mixin.py:190} INFO - [2026-09-05T14:15:11.711+0200] {override.py:1912} INFO - Created Permission View: can edit on DAG:dataset_with_extra_by_yield
[2026-09-05T14:15:11.712+0200] {logging_mixin.py:190} INFO - [2026-09-05T14:15:11.712+0200] {override.py:1912} INFO - Created Permission View: can delete on DAG:dataset_with_extra_by_yield
[2026-09-05T14:15:11.714+0200] {logging_mixin.py:190} INFO - [2026-09-05T14:15:11.714+0200] {override.py:1912} INFO - Created Permission View: can read on DAG:dataset_with_extra_by_yield
[2026-09-05T14:15:11.715+0200] {logging_mixin.py:190} INFO - [2026-09-05T14:15:11.715+0200] {override.py:1912} INFO - Created Permission View: can delete on DAG Run:dataset_with_extra_by_yield
[2026-09-05T14:15:11.716+0200] {logging_mixin.py:190} INFO - [2026-09-05T14:15:11.716+0200] {override.py:1912} INFO - Created Permission View: menu access on DAG Run:dataset_with_extra_by_yield
[2026-09-05T14:15:11.718+0200] {logging_mixin.py:190} INFO - [2026-09-05T14:15:11.718+0200] {override.py:1912} INFO - Created Permission View: can read on DAG Run:dataset_with_extra_by_yield
[2026-09-05T14:15:11.719+0200] {logging_mixin.py:190} INFO - [2026-09-05T14:15:11.719+0200] {override.py:1912} INFO - Created Permission View: can create on DAG Run:dataset_with_extra_by_yield
[2026-09-05T14:15:11.722+0200] {logging_mixin.py:190} INFO - [2026-09-05T14:15:11.722+0200] {override.py:1912} INFO - Created Permission View: can edit on DAG:dataset_with_extra_by_context
[2026-09-05T14:15:11.723+0200] {logging_mixin.py:190} INFO - [2026-09-05T14:15:11.723+0200] {override.py:1912} INFO - Created Permission View: can delete on DAG:dataset_with_extra_by_context
[2026-09-05T14:15:11.724+0200] {logging_mixin.py:190} INFO - [2026-09-05T14:15:11.724+0200] {override.py:1912} INFO - Created Permission View: can read on DAG:dataset_with_extra_by_context
[2026-09-05T14:15:11.726+0200] {logging_mixin.py:190} INFO - [2026-09-05T14:15:11.726+0200] {override.py:1912} INFO - Created Permission View: can delete on DAG Run:dataset_with_extra_by_context
[2026-09-05T14:15:11.727+0200] {logging_mixin.py:190} INFO - [2026-09-05T14:15:11.727+0200] {override.py:1912} INFO - Created Permission View: menu access on DAG Run:dataset_with_extra_by_context
[2026-09-05T14:15:11.728+0200] {logging_mixin.py:190} INFO - [2026-09-05T14:15:11.728+0200] {override.py:1912} INFO - Created Permission View: can read on DAG Run:dataset_with_extra_by_context
[2026-09-05T14:15:11.729+0200] {logging_mixin.py:190} INFO - [2026-09-05T14:15:11.729+0200] {override.py:1912} INFO - Created Permission View: can create on DAG Run:dataset_with_extra_by_context
[2026-09-05T14:15:11.729+0200] {logging_mixin.py:190} INFO - [2026-09-05T14:15:11.729+0200] {dag.py:3239} INFO - Sync 3 DAGs
[2026-09-05T14:15:11.754+0200] {logging_mixin.py:190} INFO - [2026-09-05T14:15:11.753+0200] {dag.py:3262} INFO - Creating ORM DAG for dataset_with_extra_from_classic_operator
[2026-09-05T14:15:11.754+0200] {logging_mixin.py:190} INFO - [2026-09-05T14:15:11.754+0200] {dag.py:3262} INFO - Creating ORM DAG for dataset_with_extra_by_context
[2026-09-05T14:15:11.754+0200] {logging_mixin.py:190} INFO - [2026-09-05T14:15:11.754+0200] {dag.py:3262} INFO - Creating ORM DAG for dataset_with_extra_by_yield
[2026-09-05T14:15:11.756+0200] {logging_mixin.py:190} INFO - [2026-09-05T14:15:11.756+0200] {dag.py:4180} INFO - Setting next_dagrun for dataset_with_extra_by_context to 2026-09-04 00:00:00+00:00, run_after=2026-09-05 00:00:00+00:00
[2026-09-05T14:15:11.757+0200] {logging_mixin.py:190} INFO - [2026-09-05T14:15:11.757+0200] {dag.py:4180} INFO - Setting next_dagrun for dataset_with_extra_by_yield to 2026-09-04 00:00:00+00:00, run_after=2026-09-05 00:00:00+00:00
[2026-09-05T14:15:11.757+0200] {logging_mixin.py:190} INFO - [2026-09-05T14:15:11.757+0200] {dag.py:4180} INFO - Setting next_dagrun for dataset_with_extra_from_classic_operator to 2026-09-04 00:00:00+00:00, run_after=2026-09-05 00:00:00+00:00
[2026-09-05T14:15:11.905+0200] {processor.py:208} INFO - Processing /Users/swarnalidatta/Desktop/AutoQueryChatbot/.airflow-venv/lib/python3.12/site-packages/airflow/example_dags/example_outlet_event_extra.py took 0.283 seconds
[2026-09-05T14:16:40.501+0200] {processor.py:186} INFO - Started process (PID=3832) to work on /Users/swarnalidatta/Desktop/AutoQueryChatbot/.airflow-venv/lib/python3.12/site-packages/airflow/example_dags/example_outlet_event_extra.py
[2026-09-05T14:16:40.501+0200] {processor.py:914} INFO - Processing file /Users/swarnalidatta/Desktop/AutoQueryChatbot/.airflow-venv/lib/python3.12/site-packages/airflow/example_dags/example_outlet_event_extra.py for tasks to queue
[2026-09-05T14:16:40.502+0200] {logging_mixin.py:190} INFO - [2026-09-05T14:16:40.502+0200] {dagbag.py:588} INFO - Filling up the DagBag from /Users/swarnalidatta/Desktop/AutoQueryChatbot/.airflow-venv/lib/python3.12/site-packages/airflow/example_dags/example_outlet_event_extra.py
[2026-09-05T14:16:40.525+0200] {processor.py:925} INFO - DAG(s) 'dataset_with_extra_from_classic_operator', 'dataset_with_extra_by_context', 'dataset_with_extra_by_yield' retrieved from /Users/swarnalidatta/Desktop/AutoQueryChatbot/.airflow-venv/lib/python3.12/site-packages/airflow/example_dags/example_outlet_event_extra.py
[2026-09-05T14:16:40.551+0200] {logging_mixin.py:190} INFO - [2026-09-05T14:16:40.551+0200] {dag.py:3239} INFO - Sync 3 DAGs
[2026-09-05T14:16:40.556+0200] {logging_mixin.py:190} INFO - [2026-09-05T14:16:40.556+0200] {dag.py:4180} INFO - Setting next_dagrun for dataset_with_extra_by_context to 2026-09-04 00:00:00+00:00, run_after=2026-09-05 00:00:00+00:00
[2026-09-05T14:16:40.557+0200] {logging_mixin.py:190} INFO - [2026-09-05T14:16:40.557+0200] {dag.py:4180} INFO - Setting next_dagrun for dataset_with_extra_by_yield to 2026-09-04 00:00:00+00:00, run_after=2026-09-05 00:00:00+00:00
[2026-09-05T14:16:40.558+0200] {logging_mixin.py:190} INFO - [2026-09-05T14:16:40.558+0200] {dag.py:4180} INFO - Setting next_dagrun for dataset_with_extra_from_classic_operator to 2026-09-04 00:00:00+00:00, run_after=2026-09-05 00:00:00+00:00
[2026-09-05T14:16:40.563+0200] {processor.py:208} INFO - Processing /Users/swarnalidatta/Desktop/AutoQueryChatbot/.airflow-venv/lib/python3.12/site-packages/airflow/example_dags/example_outlet_event_extra.py took 0.063 seconds
[2026-09-05T14:18:36.507+0200] {processor.py:186} INFO - Started process (PID=4082) to work on /Users/swarnalidatta/Desktop/AutoQueryChatbot/.airflow-venv/lib/python3.12/site-packages/airflow/example_dags/example_outlet_event_extra.py
[2026-09-05T14:18:36.508+0200] {processor.py:914} INFO - Processing file /Users/swarnalidatta/Desktop/AutoQueryChatbot/.airflow-venv/lib/python3.12/site-packages/airflow/example_dags/example_outlet_event_extra.py for tasks to queue
[2026-09-05T14:18:36.508+0200] {logging_mixin.py:190} INFO - [2026-09-05T14:18:36.508+0200] {dagbag.py:588} INFO - Filling up the DagBag from /Users/swarnalidatta/Desktop/AutoQueryChatbot/.airflow-venv/lib/python3.12/site-packages/airflow/example_dags/example_outlet_event_extra.py
[2026-09-05T14:18:36.531+0200] {processor.py:925} INFO - DAG(s) 'dataset_with_extra_by_yield', 'dataset_with_extra_from_classic_operator', 'dataset_with_extra_by_context' retrieved from /Users/swarnalidatta/Desktop/AutoQueryChatbot/.airflow-venv/lib/python3.12/site-packages/airflow/example_dags/example_outlet_event_extra.py
[2026-09-05T14:18:36.558+0200] {logging_mixin.py:190} INFO - [2026-09-05T14:18:36.558+0200] {dag.py:3239} INFO - Sync 3 DAGs
[2026-09-05T14:18:36.563+0200] {logging_mixin.py:190} INFO - [2026-09-05T14:18:36.563+0200] {dag.py:4180} INFO - Setting next_dagrun for dataset_with_extra_by_context to 2026-09-04 00:00:00+00:00, run_after=2026-09-05 00:00:00+00:00
[2026-09-05T14:18:36.564+0200] {logging_mixin.py:190} INFO - [2026-09-05T14:18:36.564+0200] {dag.py:4180} INFO - Setting next_dagrun for dataset_with_extra_by_yield to 2026-09-04 00:00:00+00:00, run_after=2026-09-05 00:00:00+00:00
[2026-09-05T14:18:36.565+0200] {logging_mixin.py:190} INFO - [2026-09-05T14:18:36.565+0200] {dag.py:4180} INFO - Setting next_dagrun for dataset_with_extra_from_classic_operator to 2026-09-04 00:00:00+00:00, run_after=2026-09-05 00:00:00+00:00
[2026-09-05T14:18:36.570+0200] {processor.py:208} INFO - Processing /Users/swarnalidatta/Desktop/AutoQueryChatbot/.airflow-venv/lib/python3.12/site-packages/airflow/example_dags/example_outlet_event_extra.py took 0.064 seconds
[2026-09-05T14:20:31.708+0200] {processor.py:186} INFO - Started process (PID=4340) to work on /Users/swarnalidatta/Desktop/AutoQueryChatbot/.airflow-venv/lib/python3.12/site-packages/airflow/example_dags/example_outlet_event_extra.py
[2026-09-05T14:20:31.709+0200] {processor.py:914} INFO - Processing file /Users/swarnalidatta/Desktop/AutoQueryChatbot/.airflow-venv/lib/python3.12/site-packages/airflow/example_dags/example_outlet_event_extra.py for tasks to queue
[2026-09-05T14:20:31.709+0200] {logging_mixin.py:190} INFO - [2026-09-05T14:20:31.709+0200] {dagbag.py:588} INFO - Filling up the DagBag from /Users/swarnalidatta/Desktop/AutoQueryChatbot/.airflow-venv/lib/python3.12/site-packages/airflow/example_dags/example_outlet_event_extra.py
[2026-09-05T14:20:31.732+0200] {processor.py:925} INFO - DAG(s) 'dataset_with_extra_from_classic_operator', 'dataset_with_extra_by_yield', 'dataset_with_extra_by_context' retrieved from /Users/swarnalidatta/Desktop/AutoQueryChatbot/.airflow-venv/lib/python3.12/site-packages/airflow/example_dags/example_outlet_event_extra.py
[2026-09-05T14:20:31.759+0200] {logging_mixin.py:190} INFO - [2026-09-05T14:20:31.759+0200] {dag.py:3239} INFO - Sync 3 DAGs
[2026-09-05T14:20:31.764+0200] {logging_mixin.py:190} INFO - [2026-09-05T14:20:31.764+0200] {dag.py:4180} INFO - Setting next_dagrun for dataset_with_extra_by_context to 2026-09-04 00:00:00+00:00, run_after=2026-09-05 00:00:00+00:00
[2026-09-05T14:20:31.765+0200] {logging_mixin.py:190} INFO - [2026-09-05T14:20:31.765+0200] {dag.py:4180} INFO - Setting next_dagrun for dataset_with_extra_by_yield to 2026-09-04 00:00:00+00:00, run_after=2026-09-05 00:00:00+00:00
[2026-09-05T14:20:31.766+0200] {logging_mixin.py:190} INFO - [2026-09-05T14:20:31.766+0200] {dag.py:4180} INFO - Setting next_dagrun for dataset_with_extra_from_classic_operator to 2026-09-04 00:00:00+00:00, run_after=2026-09-05 00:00:00+00:00
[2026-09-05T14:20:31.771+0200] {processor.py:208} INFO - Processing /Users/swarnalidatta/Desktop/AutoQueryChatbot/.airflow-venv/lib/python3.12/site-packages/airflow/example_dags/example_outlet_event_extra.py took 0.064 seconds
[2026-09-05T14:22:25.176+0200] {processor.py:186} INFO - Started process (PID=4587) to work on /Users/swarnalidatta/Desktop/AutoQueryChatbot/.airflow-venv/lib/python3.12/site-packages/airflow/example_dags/example_outlet_event_extra.py
[2026-09-05T14:22:25.177+0200] {processor.py:914} INFO - Processing file /Users/swarnalidatta/Desktop/AutoQueryChatbot/.airflow-venv/lib/python3.12/site-packages/airflow/example_dags/example_outlet_event_extra.py for tasks to queue
[2026-09-05T14:22:25.177+0200] {logging_mixin.py:190} INFO - [2026-09-05T14:22:25.177+0200] {dagbag.py:588} INFO - Filling up the DagBag from /Users/swarnalidatta/Desktop/AutoQueryChatbot/.airflow-venv/lib/python3.12/site-packages/airflow/example_dags/example_outlet_event_extra.py
[2026-09-05T14:22:25.200+0200] {processor.py:925} INFO - DAG(s) 'dataset_with_extra_from_classic_operator', 'dataset_with_extra_by_yield', 'dataset_with_extra_by_context' retrieved from /Users/swarnalidatta/Desktop/AutoQueryChatbot/.airflow-venv/lib/python3.12/site-packages/airflow/example_dags/example_outlet_event_extra.py
[2026-09-05T14:22:25.228+0200] {logging_mixin.py:190} INFO - [2026-09-05T14:22:25.228+0200] {dag.py:3239} INFO - Sync 3 DAGs
[2026-09-05T14:22:25.233+0200] {logging_mixin.py:190} INFO - [2026-09-05T14:22:25.233+0200] {dag.py:4180} INFO - Setting next_dagrun for dataset_with_extra_by_context to 2026-09-04 00:00:00+00:00, run_after=2026-09-05 00:00:00+00:00
[2026-09-05T14:22:25.234+0200] {logging_mixin.py:190} INFO - [2026-09-05T14:22:25.234+0200] {dag.py:4180} INFO - Setting next_dagrun for dataset_with_extra_by_yield to 2026-09-04 00:00:00+00:00, run_after=2026-09-05 00:00:00+00:00
[2026-09-05T14:22:25.235+0200] {logging_mixin.py:190} INFO - [2026-09-05T14:22:25.235+0200] {dag.py:4180} INFO - Setting next_dagrun for dataset_with_extra_from_classic_operator to 2026-09-04 00:00:00+00:00, run_after=2026-09-05 00:00:00+00:00
[2026-09-05T14:22:25.240+0200] {processor.py:208} INFO - Processing /Users/swarnalidatta/Desktop/AutoQueryChatbot/.airflow-venv/lib/python3.12/site-packages/airflow/example_dags/example_outlet_event_extra.py took 0.065 seconds
[2026-09-05T14:26:14.645+0200] {processor.py:186} INFO - Started process (PID=5015) to work on /Users/swarnalidatta/Desktop/AutoQueryChatbot/.airflow-venv/lib/python3.12/site-packages/airflow/example_dags/example_outlet_event_extra.py
[2026-09-05T14:26:14.646+0200] {processor.py:914} INFO - Processing file /Users/swarnalidatta/Desktop/AutoQueryChatbot/.airflow-venv/lib/python3.12/site-packages/airflow/example_dags/example_outlet_event_extra.py for tasks to queue
[2026-09-05T14:26:14.646+0200] {logging_mixin.py:190} INFO - [2026-09-05T14:26:14.646+0200] {dagbag.py:588} INFO - Filling up the DagBag from /Users/swarnalidatta/Desktop/AutoQueryChatbot/.airflow-venv/lib/python3.12/site-packages/airflow/example_dags/example_outlet_event_extra.py
[2026-09-05T14:26:14.669+0200] {processor.py:925} INFO - DAG(s) 'dataset_with_extra_by_context', 'dataset_with_extra_from_classic_operator', 'dataset_with_extra_by_yield' retrieved from /Users/swarnalidatta/Desktop/AutoQueryChatbot/.airflow-venv/lib/python3.12/site-packages/airflow/example_dags/example_outlet_event_extra.py
[2026-09-05T14:26:14.726+0200] {logging_mixin.py:190} INFO - [2026-09-05T14:26:14.726+0200] {dag.py:3239} INFO - Sync 3 DAGs
[2026-09-05T14:26:14.752+0200] {logging_mixin.py:190} INFO - [2026-09-05T14:26:14.752+0200] {dag.py:4180} INFO - Setting next_dagrun for dataset_with_extra_by_context to 2026-09-04 00:00:00+00:00, run_after=2026-09-05 00:00:00+00:00
[2026-09-05T14:26:14.753+0200] {logging_mixin.py:190} INFO - [2026-09-05T14:26:14.753+0200] {dag.py:4180} INFO - Setting next_dagrun for dataset_with_extra_by_yield to 2026-09-04 00:00:00+00:00, run_after=2026-09-05 00:00:00+00:00
[2026-09-05T14:26:14.754+0200] {logging_mixin.py:190} INFO - [2026-09-05T14:26:14.754+0200] {dag.py:4180} INFO - Setting next_dagrun for dataset_with_extra_from_classic_operator to 2026-09-04 00:00:00+00:00, run_after=2026-09-05 00:00:00+00:00
[2026-09-05T14:26:14.759+0200] {processor.py:208} INFO - Processing /Users/swarnalidatta/Desktop/AutoQueryChatbot/.airflow-venv/lib/python3.12/site-packages/airflow/example_dags/example_outlet_event_extra.py took 0.115 seconds
[2026-09-05T14:27:42.172+0200] {processor.py:186} INFO - Started process (PID=5220) to work on /Users/swarnalidatta/Desktop/AutoQueryChatbot/.airflow-venv/lib/python3.12/site-packages/airflow/example_dags/example_outlet_event_extra.py
[2026-09-05T14:27:42.172+0200] {processor.py:914} INFO - Processing file /Users/swarnalidatta/Desktop/AutoQueryChatbot/.airflow-venv/lib/python3.12/site-packages/airflow/example_dags/example_outlet_event_extra.py for tasks to queue
[2026-09-05T14:27:42.173+0200] {logging_mixin.py:190} INFO - [2026-09-05T14:27:42.173+0200] {dagbag.py:588} INFO - Filling up the DagBag from /Users/swarnalidatta/Desktop/AutoQueryChatbot/.airflow-venv/lib/python3.12/site-packages/airflow/example_dags/example_outlet_event_extra.py
[2026-09-05T14:27:42.197+0200] {processor.py:925} INFO - DAG(s) 'dataset_with_extra_by_context', 'dataset_with_extra_from_classic_operator', 'dataset_with_extra_by_yield' retrieved from /Users/swarnalidatta/Desktop/AutoQueryChatbot/.airflow-venv/lib/python3.12/site-packages/airflow/example_dags/example_outlet_event_extra.py
[2026-09-05T14:27:42.225+0200] {logging_mixin.py:190} INFO - [2026-09-05T14:27:42.225+0200] {dag.py:3239} INFO - Sync 3 DAGs
[2026-09-05T14:27:42.230+0200] {logging_mixin.py:190} INFO - [2026-09-05T14:27:42.230+0200] {dag.py:4180} INFO - Setting next_dagrun for dataset_with_extra_by_context to 2026-09-04 00:00:00+00:00, run_after=2026-09-05 00:00:00+00:00
[2026-09-05T14:27:42.231+0200] {logging_mixin.py:190} INFO - [2026-09-05T14:27:42.231+0200] {dag.py:4180} INFO - Setting next_dagrun for dataset_with_extra_by_yield to 2026-09-04 00:00:00+00:00, run_after=2026-09-05 00:00:00+00:00
[2026-09-05T14:27:42.232+0200] {logging_mixin.py:190} INFO - [2026-09-05T14:27:42.231+0200] {dag.py:4180} INFO - Setting next_dagrun for dataset_with_extra_from_classic_operator to 2026-09-04 00:00:00+00:00, run_after=2026-09-05 00:00:00+00:00
[2026-09-05T14:27:42.237+0200] {processor.py:208} INFO - Processing /Users/swarnalidatta/Desktop/AutoQueryChatbot/.airflow-venv/lib/python3.12/site-packages/airflow/example_dags/example_outlet_event_extra.py took 0.066 seconds
[2026-09-05T14:29:38.605+0200] {processor.py:186} INFO - Started process (PID=5481) to work on /Users/swarnalidatta/Desktop/AutoQueryChatbot/.airflow-venv/lib/python3.12/site-packages/airflow/example_dags/example_outlet_event_extra.py
[2026-09-05T14:29:38.606+0200] {processor.py:914} INFO - Processing file /Users/swarnalidatta/Desktop/AutoQueryChatbot/.airflow-venv/lib/python3.12/site-packages/airflow/example_dags/example_outlet_event_extra.py for tasks to queue
[2026-09-05T14:29:38.606+0200] {logging_mixin.py:190} INFO - [2026-09-05T14:29:38.606+0200] {dagbag.py:588} INFO - Filling up the DagBag from /Users/swarnalidatta/Desktop/AutoQueryChatbot/.airflow-venv/lib/python3.12/site-packages/airflow/example_dags/example_outlet_event_extra.py
[2026-09-05T14:29:38.630+0200] {processor.py:925} INFO - DAG(s) 'dataset_with_extra_by_context', 'dataset_with_extra_from_classic_operator', 'dataset_with_extra_by_yield' retrieved from /Users/swarnalidatta/Desktop/AutoQueryChatbot/.airflow-venv/lib/python3.12/site-packages/airflow/example_dags/example_outlet_event_extra.py
[2026-09-05T14:29:38.657+0200] {logging_mixin.py:190} INFO - [2026-09-05T14:29:38.657+0200] {dag.py:3239} INFO - Sync 3 DAGs
[2026-09-05T14:29:38.663+0200] {logging_mixin.py:190} INFO - [2026-09-05T14:29:38.663+0200] {dag.py:4180} INFO - Setting next_dagrun for dataset_with_extra_by_context to 2026-09-04 00:00:00+00:00, run_after=2026-09-05 00:00:00+00:00
[2026-09-05T14:29:38.664+0200] {logging_mixin.py:190} INFO - [2026-09-05T14:29:38.664+0200] {dag.py:4180} INFO - Setting next_dagrun for dataset_with_extra_by_yield to 2026-09-04 00:00:00+00:00, run_after=2026-09-05 00:00:00+00:00
[2026-09-05T14:29:38.664+0200] {logging_mixin.py:190} INFO - [2026-09-05T14:29:38.664+0200] {dag.py:4180} INFO - Setting next_dagrun for dataset_with_extra_from_classic_operator to 2026-09-04 00:00:00+00:00, run_after=2026-09-05 00:00:00+00:00
[2026-09-05T14:29:38.670+0200] {processor.py:208} INFO - Processing /Users/swarnalidatta/Desktop/AutoQueryChatbot/.airflow-venv/lib/python3.12/site-packages/airflow/example_dags/example_outlet_event_extra.py took 0.065 seconds
[2026-09-05T14:31:29.718+0200] {processor.py:186} INFO - Started process (PID=5730) to work on /Users/swarnalidatta/Desktop/AutoQueryChatbot/.airflow-venv/lib/python3.12/site-packages/airflow/example_dags/example_outlet_event_extra.py
[2026-09-05T14:31:29.719+0200] {processor.py:914} INFO - Processing file /Users/swarnalidatta/Desktop/AutoQueryChatbot/.airflow-venv/lib/python3.12/site-packages/airflow/example_dags/example_outlet_event_extra.py for tasks to queue
[2026-09-05T14:31:29.719+0200] {logging_mixin.py:190} INFO - [2026-09-05T14:31:29.719+0200] {dagbag.py:588} INFO - Filling up the DagBag from /Users/swarnalidatta/Desktop/AutoQueryChatbot/.airflow-venv/lib/python3.12/site-packages/airflow/example_dags/example_outlet_event_extra.py
[2026-09-05T14:31:29.742+0200] {processor.py:925} INFO - DAG(s) 'dataset_with_extra_from_classic_operator', 'dataset_with_extra_by_yield', 'dataset_with_extra_by_context' retrieved from /Users/swarnalidatta/Desktop/AutoQueryChatbot/.airflow-venv/lib/python3.12/site-packages/airflow/example_dags/example_outlet_event_extra.py
[2026-09-05T14:31:29.770+0200] {logging_mixin.py:190} INFO - [2026-09-05T14:31:29.770+0200] {dag.py:3239} INFO - Sync 3 DAGs
[2026-09-05T14:31:29.775+0200] {logging_mixin.py:190} INFO - [2026-09-05T14:31:29.775+0200] {dag.py:4180} INFO - Setting next_dagrun for dataset_with_extra_by_context to 2026-09-04 00:00:00+00:00, run_after=2026-09-05 00:00:00+00:00
[2026-09-05T14:31:29.776+0200] {logging_mixin.py:190} INFO - [2026-09-05T14:31:29.776+0200] {dag.py:4180} INFO - Setting next_dagrun for dataset_with_extra_by_yield to 2026-09-04 00:00:00+00:00, run_after=2026-09-05 00:00:00+00:00
[2026-09-05T14:31:29.777+0200] {logging_mixin.py:190} INFO - [2026-09-05T14:31:29.777+0200] {dag.py:4180} INFO - Setting next_dagrun for dataset_with_extra_from_classic_operator to 2026-09-04 00:00:00+00:00, run_after=2026-09-05 00:00:00+00:00
[2026-09-05T14:31:29.783+0200] {processor.py:208} INFO - Processing /Users/swarnalidatta/Desktop/AutoQueryChatbot/.airflow-venv/lib/python3.12/site-packages/airflow/example_dags/example_outlet_event_extra.py took 0.066 seconds
[2026-09-05T14:33:22.320+0200] {processor.py:186} INFO - Started process (PID=5978) to work on /Users/swarnalidatta/Desktop/AutoQueryChatbot/.airflow-venv/lib/python3.12/site-packages/airflow/example_dags/example_outlet_event_extra.py
[2026-09-05T14:33:22.321+0200] {processor.py:914} INFO - Processing file /Users/swarnalidatta/Desktop/AutoQueryChatbot/.airflow-venv/lib/python3.12/site-packages/airflow/example_dags/example_outlet_event_extra.py for tasks to queue
[2026-09-05T14:33:22.321+0200] {logging_mixin.py:190} INFO - [2026-09-05T14:33:22.321+0200] {dagbag.py:588} INFO - Filling up the DagBag from /Users/swarnalidatta/Desktop/AutoQueryChatbot/.airflow-venv/lib/python3.12/site-packages/airflow/example_dags/example_outlet_event_extra.py
[2026-09-05T14:33:22.345+0200] {processor.py:925} INFO - DAG(s) 'dataset_with_extra_by_context', 'dataset_with_extra_by_yield', 'dataset_with_extra_from_classic_operator' retrieved from /Users/swarnalidatta/Desktop/AutoQueryChatbot/.airflow-venv/lib/python3.12/site-packages/airflow/example_dags/example_outlet_event_extra.py
[2026-09-05T14:33:22.373+0200] {logging_mixin.py:190} INFO - [2026-09-05T14:33:22.373+0200] {dag.py:3239} INFO - Sync 3 DAGs
[2026-09-05T14:33:22.378+0200] {logging_mixin.py:190} INFO - [2026-09-05T14:33:22.378+0200] {dag.py:4180} INFO - Setting next_dagrun for dataset_with_extra_by_context to 2026-09-04 00:00:00+00:00, run_after=2026-09-05 00:00:00+00:00
[2026-09-05T14:33:22.379+0200] {logging_mixin.py:190} INFO - [2026-09-05T14:33:22.379+0200] {dag.py:4180} INFO - Setting next_dagrun for dataset_with_extra_by_yield to 2026-09-04 00:00:00+00:00, run_after=2026-09-05 00:00:00+00:00
[2026-09-05T14:33:22.380+0200] {logging_mixin.py:190} INFO - [2026-09-05T14:33:22.380+0200] {dag.py:4180} INFO - Setting next_dagrun for dataset_with_extra_from_classic_operator to 2026-09-04 00:00:00+00:00, run_after=2026-09-05 00:00:00+00:00
[2026-09-05T14:33:22.385+0200] {processor.py:208} INFO - Processing /Users/swarnalidatta/Desktop/AutoQueryChatbot/.airflow-venv/lib/python3.12/site-packages/airflow/example_dags/example_outlet_event_extra.py took 0.066 seconds
[2026-09-05T14:35:22.976+0200] {processor.py:186} INFO - Started process (PID=6267) to work on /Users/swarnalidatta/Desktop/AutoQueryChatbot/.airflow-venv/lib/python3.12/site-packages/airflow/example_dags/example_outlet_event_extra.py
[2026-09-05T14:35:22.976+0200] {processor.py:914} INFO - Processing file /Users/swarnalidatta/Desktop/AutoQueryChatbot/.airflow-venv/lib/python3.12/site-packages/airflow/example_dags/example_outlet_event_extra.py for tasks to queue
[2026-09-05T14:35:22.977+0200] {logging_mixin.py:190} INFO - [2026-09-05T14:35:22.977+0200] {dagbag.py:588} INFO - Filling up the DagBag from /Users/swarnalidatta/Desktop/AutoQueryChatbot/.airflow-venv/lib/python3.12/site-packages/airflow/example_dags/example_outlet_event_extra.py
[2026-09-05T14:35:23.000+0200] {processor.py:925} INFO - DAG(s) 'dataset_with_extra_by_yield', 'dataset_with_extra_from_classic_operator', 'dataset_with_extra_by_context' retrieved from /Users/swarnalidatta/Desktop/AutoQueryChatbot/.airflow-venv/lib/python3.12/site-packages/airflow/example_dags/example_outlet_event_extra.py
[2026-09-05T14:35:23.029+0200] {logging_mixin.py:190} INFO - [2026-09-05T14:35:23.029+0200] {dag.py:3239} INFO - Sync 3 DAGs
[2026-09-05T14:35:23.035+0200] {logging_mixin.py:190} INFO - [2026-09-05T14:35:23.034+0200] {dag.py:4180} INFO - Setting next_dagrun for dataset_with_extra_by_context to 2026-09-04 00:00:00+00:00, run_after=2026-09-05 00:00:00+00:00
[2026-09-05T14:35:23.036+0200] {logging_mixin.py:190} INFO - [2026-09-05T14:35:23.036+0200] {dag.py:4180} INFO - Setting next_dagrun for dataset_with_extra_by_yield to 2026-09-04 00:00:00+00:00, run_after=2026-09-05 00:00:00+00:00
[2026-09-05T14:35:23.036+0200] {logging_mixin.py:190} INFO - [2026-09-05T14:35:23.036+0200] {dag.py:4180} INFO - Setting next_dagrun for dataset_with_extra_from_classic_operator to 2026-09-04 00:00:00+00:00, run_after=2026-09-05 00:00:00+00:00
[2026-09-05T14:35:23.042+0200] {processor.py:208} INFO - Processing /Users/swarnalidatta/Desktop/AutoQueryChatbot/.airflow-venv/lib/python3.12/site-packages/airflow/example_dags/example_outlet_event_extra.py took 0.067 seconds
[2026-09-05T14:37:42.940+0200] {processor.py:186} INFO - Started process (PID=6598) to work on /Users/swarnalidatta/Desktop/AutoQueryChatbot/.airflow-venv/lib/python3.12/site-packages/airflow/example_dags/example_outlet_event_extra.py
[2026-09-05T14:37:42.940+0200] {processor.py:914} INFO - Processing file /Users/swarnalidatta/Desktop/AutoQueryChatbot/.airflow-venv/lib/python3.12/site-packages/airflow/example_dags/example_outlet_event_extra.py for tasks to queue
[2026-09-05T14:37:42.940+0200] {logging_mixin.py:190} INFO - [2026-09-05T14:37:42.940+0200] {dagbag.py:588} INFO - Filling up the DagBag from /Users/swarnalidatta/Desktop/AutoQueryChatbot/.airflow-venv/lib/python3.12/site-packages/airflow/example_dags/example_outlet_event_extra.py
[2026-09-05T14:37:42.965+0200] {processor.py:925} INFO - DAG(s) 'dataset_with_extra_from_classic_operator', 'dataset_with_extra_by_yield', 'dataset_with_extra_by_context' retrieved from /Users/swarnalidatta/Desktop/AutoQueryChatbot/.airflow-venv/lib/python3.12/site-packages/airflow/example_dags/example_outlet_event_extra.py
[2026-09-05T14:37:42.994+0200] {logging_mixin.py:190} INFO - [2026-09-05T14:37:42.994+0200] {dag.py:3239} INFO - Sync 3 DAGs
[2026-09-05T14:37:43.000+0200] {logging_mixin.py:190} INFO - [2026-09-05T14:37:43.000+0200] {dag.py:4180} INFO - Setting next_dagrun for dataset_with_extra_by_context to 2026-09-04 00:00:00+00:00, run_after=2026-09-05 00:00:00+00:00
[2026-09-05T14:37:43.001+0200] {logging_mixin.py:190} INFO - [2026-09-05T14:37:43.001+0200] {dag.py:4180} INFO - Setting next_dagrun for dataset_with_extra_by_yield to 2026-09-04 00:00:00+00:00, run_after=2026-09-05 00:00:00+00:00
[2026-09-05T14:37:43.001+0200] {logging_mixin.py:190} INFO - [2026-09-05T14:37:43.001+0200] {dag.py:4180} INFO - Setting next_dagrun for dataset_with_extra_from_classic_operator to 2026-09-04 00:00:00+00:00, run_after=2026-09-05 00:00:00+00:00
[2026-09-05T14:37:43.007+0200] {processor.py:208} INFO - Processing /Users/swarnalidatta/Desktop/AutoQueryChatbot/.airflow-venv/lib/python3.12/site-packages/airflow/example_dags/example_outlet_event_extra.py took 0.069 seconds
[2026-09-05T14:40:02.837+0200] {processor.py:186} INFO - Started process (PID=6928) to work on /Users/swarnalidatta/Desktop/AutoQueryChatbot/.airflow-venv/lib/python3.12/site-packages/airflow/example_dags/example_outlet_event_extra.py
[2026-09-05T14:40:02.837+0200] {processor.py:914} INFO - Processing file /Users/swarnalidatta/Desktop/AutoQueryChatbot/.airflow-venv/lib/python3.12/site-packages/airflow/example_dags/example_outlet_event_extra.py for tasks to queue
[2026-09-05T14:40:02.837+0200] {logging_mixin.py:190} INFO - [2026-09-05T14:40:02.837+0200] {dagbag.py:588} INFO - Filling up the DagBag from /Users/swarnalidatta/Desktop/AutoQueryChatbot/.airflow-venv/lib/python3.12/site-packages/airflow/example_dags/example_outlet_event_extra.py
[2026-09-05T14:40:02.860+0200] {processor.py:925} INFO - DAG(s) 'dataset_with_extra_by_context', 'dataset_with_extra_by_yield', 'dataset_with_extra_from_classic_operator' retrieved from /Users/swarnalidatta/Desktop/AutoQueryChatbot/.airflow-venv/lib/python3.12/site-packages/airflow/example_dags/example_outlet_event_extra.py
[2026-09-05T14:40:02.888+0200] {logging_mixin.py:190} INFO - [2026-09-05T14:40:02.887+0200] {dag.py:3239} INFO - Sync 3 DAGs
[2026-09-05T14:40:02.893+0200] {logging_mixin.py:190} INFO - [2026-09-05T14:40:02.893+0200] {dag.py:4180} INFO - Setting next_dagrun for dataset_with_extra_by_context to 2026-09-04 00:00:00+00:00, run_after=2026-09-05 00:00:00+00:00
[2026-09-05T14:40:02.894+0200] {logging_mixin.py:190} INFO - [2026-09-05T14:40:02.894+0200] {dag.py:4180} INFO - Setting next_dagrun for dataset_with_extra_by_yield to 2026-09-04 00:00:00+00:00, run_after=2026-09-05 00:00:00+00:00
[2026-09-05T14:40:02.894+0200] {logging_mixin.py:190} INFO - [2026-09-05T14:40:02.894+0200] {dag.py:4180} INFO - Setting next_dagrun for dataset_with_extra_from_classic_operator to 2026-09-04 00:00:00+00:00, run_after=2026-09-05 00:00:00+00:00
[2026-09-05T14:40:02.900+0200] {processor.py:208} INFO - Processing /Users/swarnalidatta/Desktop/AutoQueryChatbot/.airflow-venv/lib/python3.12/site-packages/airflow/example_dags/example_outlet_event_extra.py took 0.064 seconds
[2026-09-05T14:42:11.580+0200] {processor.py:186} INFO - Started process (PID=7229) to work on /Users/swarnalidatta/Desktop/AutoQueryChatbot/.airflow-venv/lib/python3.12/site-packages/airflow/example_dags/example_outlet_event_extra.py
[2026-09-05T14:42:11.580+0200] {processor.py:914} INFO - Processing file /Users/swarnalidatta/Desktop/AutoQueryChatbot/.airflow-venv/lib/python3.12/site-packages/airflow/example_dags/example_outlet_event_extra.py for tasks to queue
[2026-09-05T14:42:11.581+0200] {logging_mixin.py:190} INFO - [2026-09-05T14:42:11.581+0200] {dagbag.py:588} INFO - Filling up the DagBag from /Users/swarnalidatta/Desktop/AutoQueryChatbot/.airflow-venv/lib/python3.12/site-packages/airflow/example_dags/example_outlet_event_extra.py
[2026-09-05T14:42:11.604+0200] {processor.py:925} INFO - DAG(s) 'dataset_with_extra_from_classic_operator', 'dataset_with_extra_by_context', 'dataset_with_extra_by_yield' retrieved from /Users/swarnalidatta/Desktop/AutoQueryChatbot/.airflow-venv/lib/python3.12/site-packages/airflow/example_dags/example_outlet_event_extra.py
[2026-09-05T14:42:11.631+0200] {logging_mixin.py:190} INFO - [2026-09-05T14:42:11.631+0200] {dag.py:3239} INFO - Sync 3 DAGs
[2026-09-05T14:42:11.637+0200] {logging_mixin.py:190} INFO - [2026-09-05T14:42:11.637+0200] {dag.py:4180} INFO - Setting next_dagrun for dataset_with_extra_by_context to 2026-09-04 00:00:00+00:00, run_after=2026-09-05 00:00:00+00:00
[2026-09-05T14:42:11.638+0200] {logging_mixin.py:190} INFO - [2026-09-05T14:42:11.638+0200] {dag.py:4180} INFO - Setting next_dagrun for dataset_with_extra_by_yield to 2026-09-04 00:00:00+00:00, run_after=2026-09-05 00:00:00+00:00
[2026-09-05T14:42:11.638+0200] {logging_mixin.py:190} INFO - [2026-09-05T14:42:11.638+0200] {dag.py:4180} INFO - Setting next_dagrun for dataset_with_extra_from_classic_operator to 2026-09-04 00:00:00+00:00, run_after=2026-09-05 00:00:00+00:00
[2026-09-05T14:42:11.644+0200] {processor.py:208} INFO - Processing /Users/swarnalidatta/Desktop/AutoQueryChatbot/.airflow-venv/lib/python3.12/site-packages/airflow/example_dags/example_outlet_event_extra.py took 0.065 seconds
[2026-09-05T14:44:22.876+0200] {processor.py:186} INFO - Started process (PID=7990) to work on /Users/swarnalidatta/Desktop/AutoQueryChatbot/.airflow-venv/lib/python3.12/site-packages/airflow/example_dags/example_outlet_event_extra.py
[2026-09-05T14:44:22.876+0200] {processor.py:914} INFO - Processing file /Users/swarnalidatta/Desktop/AutoQueryChatbot/.airflow-venv/lib/python3.12/site-packages/airflow/example_dags/example_outlet_event_extra.py for tasks to queue
[2026-09-05T14:44:22.877+0200] {logging_mixin.py:190} INFO - [2026-09-05T14:44:22.877+0200] {dagbag.py:588} INFO - Filling up the DagBag from /Users/swarnalidatta/Desktop/AutoQueryChatbot/.airflow-venv/lib/python3.12/site-packages/airflow/example_dags/example_outlet_event_extra.py
[2026-09-05T14:44:22.905+0200] {processor.py:925} INFO - DAG(s) 'dataset_with_extra_by_yield', 'dataset_with_extra_by_context', 'dataset_with_extra_from_classic_operator' retrieved from /Users/swarnalidatta/Desktop/AutoQueryChatbot/.airflow-venv/lib/python3.12/site-packages/airflow/example_dags/example_outlet_event_extra.py
[2026-09-05T14:44:22.933+0200] {logging_mixin.py:190} INFO - [2026-09-05T14:44:22.933+0200] {dag.py:3239} INFO - Sync 3 DAGs
[2026-09-05T14:44:22.938+0200] {logging_mixin.py:190} INFO - [2026-09-05T14:44:22.938+0200] {dag.py:4180} INFO - Setting next_dagrun for dataset_with_extra_by_context to 2026-09-04 00:00:00+00:00, run_after=2026-09-05 00:00:00+00:00
[2026-09-05T14:44:22.939+0200] {logging_mixin.py:190} INFO - [2026-09-05T14:44:22.939+0200] {dag.py:4180} INFO - Setting next_dagrun for dataset_with_extra_by_yield to 2026-09-04 00:00:00+00:00, run_after=2026-09-05 00:00:00+00:00
[2026-09-05T14:44:22.940+0200] {logging_mixin.py:190} INFO - [2026-09-05T14:44:22.939+0200] {dag.py:4180} INFO - Setting next_dagrun for dataset_with_extra_from_classic_operator to 2026-09-04 00:00:00+00:00, run_after=2026-09-05 00:00:00+00:00
[2026-09-05T14:44:22.945+0200] {processor.py:208} INFO - Processing /Users/swarnalidatta/Desktop/AutoQueryChatbot/.airflow-venv/lib/python3.12/site-packages/airflow/example_dags/example_outlet_event_extra.py took 0.070 seconds
[2026-09-05T14:45:48.607+0200] {processor.py:186} INFO - Started process (PID=8188) to work on /Users/swarnalidatta/Desktop/AutoQueryChatbot/.airflow-venv/lib/python3.12/site-packages/airflow/example_dags/example_outlet_event_extra.py
[2026-09-05T14:45:48.607+0200] {processor.py:914} INFO - Processing file /Users/swarnalidatta/Desktop/AutoQueryChatbot/.airflow-venv/lib/python3.12/site-packages/airflow/example_dags/example_outlet_event_extra.py for tasks to queue
[2026-09-05T14:45:48.608+0200] {logging_mixin.py:190} INFO - [2026-09-05T14:45:48.608+0200] {dagbag.py:588} INFO - Filling up the DagBag from /Users/swarnalidatta/Desktop/AutoQueryChatbot/.airflow-venv/lib/python3.12/site-packages/airflow/example_dags/example_outlet_event_extra.py
[2026-09-05T14:45:48.631+0200] {processor.py:925} INFO - DAG(s) 'dataset_with_extra_by_yield', 'dataset_with_extra_from_classic_operator', 'dataset_with_extra_by_context' retrieved from /Users/swarnalidatta/Desktop/AutoQueryChatbot/.airflow-venv/lib/python3.12/site-packages/airflow/example_dags/example_outlet_event_extra.py
[2026-09-05T14:45:48.659+0200] {logging_mixin.py:190} INFO - [2026-09-05T14:45:48.659+0200] {dag.py:3239} INFO - Sync 3 DAGs
[2026-09-05T14:45:48.664+0200] {logging_mixin.py:190} INFO - [2026-09-05T14:45:48.664+0200] {dag.py:4180} INFO - Setting next_dagrun for dataset_with_extra_by_context to 2026-09-04 00:00:00+00:00, run_after=2026-09-05 00:00:00+00:00
[2026-09-05T14:45:48.666+0200] {logging_mixin.py:190} INFO - [2026-09-05T14:45:48.666+0200] {dag.py:4180} INFO - Setting next_dagrun for dataset_with_extra_by_yield to 2026-09-04 00:00:00+00:00, run_after=2026-09-05 00:00:00+00:00
[2026-09-05T14:45:48.666+0200] {logging_mixin.py:190} INFO - [2026-09-05T14:45:48.666+0200] {dag.py:4180} INFO - Setting next_dagrun for dataset_with_extra_from_classic_operator to 2026-09-04 00:00:00+00:00, run_after=2026-09-05 00:00:00+00:00
[2026-09-05T14:45:48.672+0200] {processor.py:208} INFO - Processing /Users/swarnalidatta/Desktop/AutoQueryChatbot/.airflow-venv/lib/python3.12/site-packages/airflow/example_dags/example_outlet_event_extra.py took 0.066 seconds
[2026-09-05T14:47:26.558+0200] {processor.py:186} INFO - Started process (PID=8419) to work on /Users/swarnalidatta/Desktop/AutoQueryChatbot/.airflow-venv/lib/python3.12/site-packages/airflow/example_dags/example_outlet_event_extra.py
[2026-09-05T14:47:26.559+0200] {processor.py:914} INFO - Processing file /Users/swarnalidatta/Desktop/AutoQueryChatbot/.airflow-venv/lib/python3.12/site-packages/airflow/example_dags/example_outlet_event_extra.py for tasks to queue
[2026-09-05T14:47:26.559+0200] {logging_mixin.py:190} INFO - [2026-09-05T14:47:26.559+0200] {dagbag.py:588} INFO - Filling up the DagBag from /Users/swarnalidatta/Desktop/AutoQueryChatbot/.airflow-venv/lib/python3.12/site-packages/airflow/example_dags/example_outlet_event_extra.py
[2026-09-05T14:47:26.583+0200] {processor.py:925} INFO - DAG(s) 'dataset_with_extra_by_context', 'dataset_with_extra_by_yield', 'dataset_with_extra_from_classic_operator' retrieved from /Users/swarnalidatta/Desktop/AutoQueryChatbot/.airflow-venv/lib/python3.12/site-packages/airflow/example_dags/example_outlet_event_extra.py
[2026-09-05T14:47:26.610+0200] {logging_mixin.py:190} INFO - [2026-09-05T14:47:26.610+0200] {dag.py:3239} INFO - Sync 3 DAGs
[2026-09-05T14:47:26.616+0200] {logging_mixin.py:190} INFO - [2026-09-05T14:47:26.616+0200] {dag.py:4180} INFO - Setting next_dagrun for dataset_with_extra_by_context to 2026-09-04 00:00:00+00:00, run_after=2026-09-05 00:00:00+00:00
[2026-09-05T14:47:26.617+0200] {logging_mixin.py:190} INFO - [2026-09-05T14:47:26.617+0200] {dag.py:4180} INFO - Setting next_dagrun for dataset_with_extra_by_yield to 2026-09-04 00:00:00+00:00, run_after=2026-09-05 00:00:00+00:00
[2026-09-05T14:47:26.617+0200] {logging_mixin.py:190} INFO - [2026-09-05T14:47:26.617+0200] {dag.py:4180} INFO - Setting next_dagrun for dataset_with_extra_from_classic_operator to 2026-09-04 00:00:00+00:00, run_after=2026-09-05 00:00:00+00:00
[2026-09-05T14:47:26.623+0200] {processor.py:208} INFO - Processing /Users/swarnalidatta/Desktop/AutoQueryChatbot/.airflow-venv/lib/python3.12/site-packages/airflow/example_dags/example_outlet_event_extra.py took 0.065 seconds
[2026-09-05T14:49:37.827+0200] {processor.py:186} INFO - Started process (PID=8726) to work on /Users/swarnalidatta/Desktop/AutoQueryChatbot/.airflow-venv/lib/python3.12/site-packages/airflow/example_dags/example_outlet_event_extra.py
[2026-09-05T14:49:37.828+0200] {processor.py:914} INFO - Processing file /Users/swarnalidatta/Desktop/AutoQueryChatbot/.airflow-venv/lib/python3.12/site-packages/airflow/example_dags/example_outlet_event_extra.py for tasks to queue
[2026-09-05T14:49:37.828+0200] {logging_mixin.py:190} INFO - [2026-09-05T14:49:37.828+0200] {dagbag.py:588} INFO - Filling up the DagBag from /Users/swarnalidatta/Desktop/AutoQueryChatbot/.airflow-venv/lib/python3.12/site-packages/airflow/example_dags/example_outlet_event_extra.py
[2026-09-05T14:49:37.851+0200] {processor.py:925} INFO - DAG(s) 'dataset_with_extra_from_classic_operator', 'dataset_with_extra_by_yield', 'dataset_with_extra_by_context' retrieved from /Users/swarnalidatta/Desktop/AutoQueryChatbot/.airflow-venv/lib/python3.12/site-packages/airflow/example_dags/example_outlet_event_extra.py
[2026-09-05T14:49:37.879+0200] {logging_mixin.py:190} INFO - [2026-09-05T14:49:37.879+0200] {dag.py:3239} INFO - Sync 3 DAGs
[2026-09-05T14:49:37.884+0200] {logging_mixin.py:190} INFO - [2026-09-05T14:49:37.884+0200] {dag.py:4180} INFO - Setting next_dagrun for dataset_with_extra_by_context to 2026-09-04 00:00:00+00:00, run_after=2026-09-05 00:00:00+00:00
[2026-09-05T14:49:37.885+0200] {logging_mixin.py:190} INFO - [2026-09-05T14:49:37.885+0200] {dag.py:4180} INFO - Setting next_dagrun for dataset_with_extra_by_yield to 2026-09-04 00:00:00+00:00, run_after=2026-09-05 00:00:00+00:00
[2026-09-05T14:49:37.886+0200] {logging_mixin.py:190} INFO - [2026-09-05T14:49:37.886+0200] {dag.py:4180} INFO - Setting next_dagrun for dataset_with_extra_from_classic_operator to 2026-09-04 00:00:00+00:00, run_after=2026-09-05 00:00:00+00:00
[2026-09-05T14:49:37.892+0200] {processor.py:208} INFO - Processing /Users/swarnalidatta/Desktop/AutoQueryChatbot/.airflow-venv/lib/python3.12/site-packages/airflow/example_dags/example_outlet_event_extra.py took 0.066 seconds
[2026-09-05T14:51:40.037+0200] {processor.py:186} INFO - Started process (PID=9005) to work on /Users/swarnalidatta/Desktop/AutoQueryChatbot/.airflow-venv/lib/python3.12/site-packages/airflow/example_dags/example_outlet_event_extra.py
[2026-09-05T14:51:40.038+0200] {processor.py:914} INFO - Processing file /Users/swarnalidatta/Desktop/AutoQueryChatbot/.airflow-venv/lib/python3.12/site-packages/airflow/example_dags/example_outlet_event_extra.py for tasks to queue
[2026-09-05T14:51:40.038+0200] {logging_mixin.py:190} INFO - [2026-09-05T14:51:40.038+0200] {dagbag.py:588} INFO - Filling up the DagBag from /Users/swarnalidatta/Desktop/AutoQueryChatbot/.airflow-venv/lib/python3.12/site-packages/airflow/example_dags/example_outlet_event_extra.py
[2026-09-05T14:51:40.062+0200] {processor.py:925} INFO - DAG(s) 'dataset_with_extra_by_context', 'dataset_with_extra_from_classic_operator', 'dataset_with_extra_by_yield' retrieved from /Users/swarnalidatta/Desktop/AutoQueryChatbot/.airflow-venv/lib/python3.12/site-packages/airflow/example_dags/example_outlet_event_extra.py
[2026-09-05T14:51:40.089+0200] {logging_mixin.py:190} INFO - [2026-09-05T14:51:40.089+0200] {dag.py:3239} INFO - Sync 3 DAGs
[2026-09-05T14:51:40.095+0200] {logging_mixin.py:190} INFO - [2026-09-05T14:51:40.095+0200] {dag.py:4180} INFO - Setting next_dagrun for dataset_with_extra_by_context to 2026-09-04 00:00:00+00:00, run_after=2026-09-05 00:00:00+00:00
[2026-09-05T14:51:40.096+0200] {logging_mixin.py:190} INFO - [2026-09-05T14:51:40.096+0200] {dag.py:4180} INFO - Setting next_dagrun for dataset_with_extra_by_yield to 2026-09-04 00:00:00+00:00, run_after=2026-09-05 00:00:00+00:00
[2026-09-05T14:51:40.096+0200] {logging_mixin.py:190} INFO - [2026-09-05T14:51:40.096+0200] {dag.py:4180} INFO - Setting next_dagrun for dataset_with_extra_from_classic_operator to 2026-09-04 00:00:00+00:00, run_after=2026-09-05 00:00:00+00:00
[2026-09-05T14:51:40.102+0200] {processor.py:208} INFO - Processing /Users/swarnalidatta/Desktop/AutoQueryChatbot/.airflow-venv/lib/python3.12/site-packages/airflow/example_dags/example_outlet_event_extra.py took 0.066 seconds
[2026-09-05T14:53:34.675+0200] {processor.py:186} INFO - Started process (PID=9274) to work on /Users/swarnalidatta/Desktop/AutoQueryChatbot/.airflow-venv/lib/python3.12/site-packages/airflow/example_dags/example_outlet_event_extra.py
[2026-09-05T14:53:34.675+0200] {processor.py:914} INFO - Processing file /Users/swarnalidatta/Desktop/AutoQueryChatbot/.airflow-venv/lib/python3.12/site-packages/airflow/example_dags/example_outlet_event_extra.py for tasks to queue
[2026-09-05T14:53:34.676+0200] {logging_mixin.py:190} INFO - [2026-09-05T14:53:34.676+0200] {dagbag.py:588} INFO - Filling up the DagBag from /Users/swarnalidatta/Desktop/AutoQueryChatbot/.airflow-venv/lib/python3.12/site-packages/airflow/example_dags/example_outlet_event_extra.py
[2026-09-05T14:53:34.698+0200] {processor.py:925} INFO - DAG(s) 'dataset_with_extra_from_classic_operator', 'dataset_with_extra_by_context', 'dataset_with_extra_by_yield' retrieved from /Users/swarnalidatta/Desktop/AutoQueryChatbot/.airflow-venv/lib/python3.12/site-packages/airflow/example_dags/example_outlet_event_extra.py
[2026-09-05T14:53:34.726+0200] {logging_mixin.py:190} INFO - [2026-09-05T14:53:34.726+0200] {dag.py:3239} INFO - Sync 3 DAGs
[2026-09-05T14:53:34.731+0200] {logging_mixin.py:190} INFO - [2026-09-05T14:53:34.731+0200] {dag.py:4180} INFO - Setting next_dagrun for dataset_with_extra_by_context to 2026-09-04 00:00:00+00:00, run_after=2026-09-05 00:00:00+00:00
[2026-09-05T14:53:34.733+0200] {logging_mixin.py:190} INFO - [2026-09-05T14:53:34.733+0200] {dag.py:4180} INFO - Setting next_dagrun for dataset_with_extra_by_yield to 2026-09-04 00:00:00+00:00, run_after=2026-09-05 00:00:00+00:00
[2026-09-05T14:53:34.733+0200] {logging_mixin.py:190} INFO - [2026-09-05T14:53:34.733+0200] {dag.py:4180} INFO - Setting next_dagrun for dataset_with_extra_from_classic_operator to 2026-09-04 00:00:00+00:00, run_after=2026-09-05 00:00:00+00:00
[2026-09-05T14:53:34.739+0200] {processor.py:208} INFO - Processing /Users/swarnalidatta/Desktop/AutoQueryChatbot/.airflow-venv/lib/python3.12/site-packages/airflow/example_dags/example_outlet_event_extra.py took 0.065 seconds
[2026-09-05T16:25:51.456+0200] {processor.py:186} INFO - Started process (PID=9837) to work on /Users/swarnalidatta/Desktop/AutoQueryChatbot/.airflow-venv/lib/python3.12/site-packages/airflow/example_dags/example_outlet_event_extra.py
[2026-09-05T16:25:51.456+0200] {processor.py:914} INFO - Processing file /Users/swarnalidatta/Desktop/AutoQueryChatbot/.airflow-venv/lib/python3.12/site-packages/airflow/example_dags/example_outlet_event_extra.py for tasks to queue
[2026-09-05T16:25:51.457+0200] {logging_mixin.py:190} INFO - [2026-09-05T16:25:51.457+0200] {dagbag.py:588} INFO - Filling up the DagBag from /Users/swarnalidatta/Desktop/AutoQueryChatbot/.airflow-venv/lib/python3.12/site-packages/airflow/example_dags/example_outlet_event_extra.py
[2026-09-05T16:25:51.480+0200] {processor.py:925} INFO - DAG(s) 'dataset_with_extra_by_yield', 'dataset_with_extra_by_context', 'dataset_with_extra_from_classic_operator' retrieved from /Users/swarnalidatta/Desktop/AutoQueryChatbot/.airflow-venv/lib/python3.12/site-packages/airflow/example_dags/example_outlet_event_extra.py
[2026-09-05T16:25:51.507+0200] {logging_mixin.py:190} INFO - [2026-09-05T16:25:51.507+0200] {dag.py:3239} INFO - Sync 3 DAGs
[2026-09-05T16:25:51.512+0200] {logging_mixin.py:190} INFO - [2026-09-05T16:25:51.512+0200] {dag.py:4180} INFO - Setting next_dagrun for dataset_with_extra_by_context to 2026-09-04 00:00:00+00:00, run_after=2026-09-05 00:00:00+00:00
[2026-09-05T16:25:51.514+0200] {logging_mixin.py:190} INFO - [2026-09-05T16:25:51.513+0200] {dag.py:4180} INFO - Setting next_dagrun for dataset_with_extra_by_yield to 2026-09-04 00:00:00+00:00, run_after=2026-09-05 00:00:00+00:00
[2026-09-05T16:25:51.514+0200] {logging_mixin.py:190} INFO - [2026-09-05T16:25:51.514+0200] {dag.py:4180} INFO - Setting next_dagrun for dataset_with_extra_from_classic_operator to 2026-09-04 00:00:00+00:00, run_after=2026-09-05 00:00:00+00:00
[2026-09-05T16:25:51.519+0200] {processor.py:208} INFO - Processing /Users/swarnalidatta/Desktop/AutoQueryChatbot/.airflow-venv/lib/python3.12/site-packages/airflow/example_dags/example_outlet_event_extra.py took 0.064 seconds
[2026-09-05T16:27:18.766+0200] {processor.py:186} INFO - Started process (PID=10046) to work on /Users/swarnalidatta/Desktop/AutoQueryChatbot/.airflow-venv/lib/python3.12/site-packages/airflow/example_dags/example_outlet_event_extra.py
[2026-09-05T16:27:18.766+0200] {processor.py:914} INFO - Processing file /Users/swarnalidatta/Desktop/AutoQueryChatbot/.airflow-venv/lib/python3.12/site-packages/airflow/example_dags/example_outlet_event_extra.py for tasks to queue
[2026-09-05T16:27:18.766+0200] {logging_mixin.py:190} INFO - [2026-09-05T16:27:18.766+0200] {dagbag.py:588} INFO - Filling up the DagBag from /Users/swarnalidatta/Desktop/AutoQueryChatbot/.airflow-venv/lib/python3.12/site-packages/airflow/example_dags/example_outlet_event_extra.py
[2026-09-05T16:27:18.789+0200] {processor.py:925} INFO - DAG(s) 'dataset_with_extra_by_yield', 'dataset_with_extra_from_classic_operator', 'dataset_with_extra_by_context' retrieved from /Users/swarnalidatta/Desktop/AutoQueryChatbot/.airflow-venv/lib/python3.12/site-packages/airflow/example_dags/example_outlet_event_extra.py
[2026-09-05T16:27:18.816+0200] {logging_mixin.py:190} INFO - [2026-09-05T16:27:18.816+0200] {dag.py:3239} INFO - Sync 3 DAGs
[2026-09-05T16:27:18.821+0200] {logging_mixin.py:190} INFO - [2026-09-05T16:27:18.821+0200] {dag.py:4180} INFO - Setting next_dagrun for dataset_with_extra_by_context to 2026-09-04 00:00:00+00:00, run_after=2026-09-05 00:00:00+00:00
[2026-09-05T16:27:18.822+0200] {logging_mixin.py:190} INFO - [2026-09-05T16:27:18.822+0200] {dag.py:4180} INFO - Setting next_dagrun for dataset_with_extra_by_yield to 2026-09-04 00:00:00+00:00, run_after=2026-09-05 00:00:00+00:00
[2026-09-05T16:27:18.823+0200] {logging_mixin.py:190} INFO - [2026-09-05T16:27:18.823+0200] {dag.py:4180} INFO - Setting next_dagrun for dataset_with_extra_from_classic_operator to 2026-09-04 00:00:00+00:00, run_after=2026-09-05 00:00:00+00:00
[2026-09-05T16:27:18.828+0200] {processor.py:208} INFO - Processing /Users/swarnalidatta/Desktop/AutoQueryChatbot/.airflow-venv/lib/python3.12/site-packages/airflow/example_dags/example_outlet_event_extra.py took 0.063 seconds
[2026-09-05T16:29:14.518+0200] {processor.py:186} INFO - Started process (PID=10392) to work on /Users/swarnalidatta/Desktop/AutoQueryChatbot/.airflow-venv/lib/python3.12/site-packages/airflow/example_dags/example_outlet_event_extra.py
[2026-09-05T16:29:14.518+0200] {processor.py:914} INFO - Processing file /Users/swarnalidatta/Desktop/AutoQueryChatbot/.airflow-venv/lib/python3.12/site-packages/airflow/example_dags/example_outlet_event_extra.py for tasks to queue
[2026-09-05T16:29:14.519+0200] {logging_mixin.py:190} INFO - [2026-09-05T16:29:14.519+0200] {dagbag.py:588} INFO - Filling up the DagBag from /Users/swarnalidatta/Desktop/AutoQueryChatbot/.airflow-venv/lib/python3.12/site-packages/airflow/example_dags/example_outlet_event_extra.py
[2026-09-05T16:29:14.542+0200] {processor.py:925} INFO - DAG(s) 'dataset_with_extra_from_classic_operator', 'dataset_with_extra_by_yield', 'dataset_with_extra_by_context' retrieved from /Users/swarnalidatta/Desktop/AutoQueryChatbot/.airflow-venv/lib/python3.12/site-packages/airflow/example_dags/example_outlet_event_extra.py
[2026-09-05T16:29:14.569+0200] {logging_mixin.py:190} INFO - [2026-09-05T16:29:14.569+0200] {dag.py:3239} INFO - Sync 3 DAGs
[2026-09-05T16:29:14.574+0200] {logging_mixin.py:190} INFO - [2026-09-05T16:29:14.574+0200] {dag.py:4180} INFO - Setting next_dagrun for dataset_with_extra_by_context to 2026-09-04 00:00:00+00:00, run_after=2026-09-05 00:00:00+00:00
[2026-09-05T16:29:14.575+0200] {logging_mixin.py:190} INFO - [2026-09-05T16:29:14.575+0200] {dag.py:4180} INFO - Setting next_dagrun for dataset_with_extra_by_yield to 2026-09-04 00:00:00+00:00, run_after=2026-09-05 00:00:00+00:00
[2026-09-05T16:29:14.576+0200] {logging_mixin.py:190} INFO - [2026-09-05T16:29:14.576+0200] {dag.py:4180} INFO - Setting next_dagrun for dataset_with_extra_from_classic_operator to 2026-09-04 00:00:00+00:00, run_after=2026-09-05 00:00:00+00:00
[2026-09-05T16:29:14.581+0200] {processor.py:208} INFO - Processing /Users/swarnalidatta/Desktop/AutoQueryChatbot/.airflow-venv/lib/python3.12/site-packages/airflow/example_dags/example_outlet_event_extra.py took 0.065 seconds
[2026-09-05T16:31:07.662+0200] {processor.py:186} INFO - Started process (PID=10849) to work on /Users/swarnalidatta/Desktop/AutoQueryChatbot/.airflow-venv/lib/python3.12/site-packages/airflow/example_dags/example_outlet_event_extra.py
[2026-09-05T16:31:07.662+0200] {processor.py:914} INFO - Processing file /Users/swarnalidatta/Desktop/AutoQueryChatbot/.airflow-venv/lib/python3.12/site-packages/airflow/example_dags/example_outlet_event_extra.py for tasks to queue
[2026-09-05T16:31:07.663+0200] {logging_mixin.py:190} INFO - [2026-09-05T16:31:07.663+0200] {dagbag.py:588} INFO - Filling up the DagBag from /Users/swarnalidatta/Desktop/AutoQueryChatbot/.airflow-venv/lib/python3.12/site-packages/airflow/example_dags/example_outlet_event_extra.py
[2026-09-05T16:31:07.686+0200] {processor.py:925} INFO - DAG(s) 'dataset_with_extra_from_classic_operator', 'dataset_with_extra_by_yield', 'dataset_with_extra_by_context' retrieved from /Users/swarnalidatta/Desktop/AutoQueryChatbot/.airflow-venv/lib/python3.12/site-packages/airflow/example_dags/example_outlet_event_extra.py
[2026-09-05T16:31:07.713+0200] {logging_mixin.py:190} INFO - [2026-09-05T16:31:07.713+0200] {dag.py:3239} INFO - Sync 3 DAGs
[2026-09-05T16:31:07.718+0200] {logging_mixin.py:190} INFO - [2026-09-05T16:31:07.718+0200] {dag.py:4180} INFO - Setting next_dagrun for dataset_with_extra_by_context to 2026-09-04 00:00:00+00:00, run_after=2026-09-05 00:00:00+00:00
[2026-09-05T16:31:07.720+0200] {logging_mixin.py:190} INFO - [2026-09-05T16:31:07.720+0200] {dag.py:4180} INFO - Setting next_dagrun for dataset_with_extra_by_yield to 2026-09-04 00:00:00+00:00, run_after=2026-09-05 00:00:00+00:00
[2026-09-05T16:31:07.720+0200] {logging_mixin.py:190} INFO - [2026-09-05T16:31:07.720+0200] {dag.py:4180} INFO - Setting next_dagrun for dataset_with_extra_from_classic_operator to 2026-09-04 00:00:00+00:00, run_after=2026-09-05 00:00:00+00:00
[2026-09-05T16:31:07.726+0200] {processor.py:208} INFO - Processing /Users/swarnalidatta/Desktop/AutoQueryChatbot/.airflow-venv/lib/python3.12/site-packages/airflow/example_dags/example_outlet_event_extra.py took 0.065 seconds
[2026-09-05T17:23:50.712+0200] {processor.py:186} INFO - Started process (PID=17848) to work on /Users/swarnalidatta/Desktop/AutoQueryChatbot/.airflow-venv/lib/python3.12/site-packages/airflow/example_dags/example_outlet_event_extra.py
[2026-09-05T17:23:50.713+0200] {processor.py:914} INFO - Processing file /Users/swarnalidatta/Desktop/AutoQueryChatbot/.airflow-venv/lib/python3.12/site-packages/airflow/example_dags/example_outlet_event_extra.py for tasks to queue
[2026-09-05T17:23:50.714+0200] {logging_mixin.py:190} INFO - [2026-09-05T17:23:50.714+0200] {dagbag.py:588} INFO - Filling up the DagBag from /Users/swarnalidatta/Desktop/AutoQueryChatbot/.airflow-venv/lib/python3.12/site-packages/airflow/example_dags/example_outlet_event_extra.py
[2026-09-05T17:23:50.738+0200] {processor.py:925} INFO - DAG(s) 'dataset_with_extra_by_yield', 'dataset_with_extra_by_context', 'dataset_with_extra_from_classic_operator' retrieved from /Users/swarnalidatta/Desktop/AutoQueryChatbot/.airflow-venv/lib/python3.12/site-packages/airflow/example_dags/example_outlet_event_extra.py
[2026-09-05T17:23:50.766+0200] {logging_mixin.py:190} INFO - [2026-09-05T17:23:50.766+0200] {dag.py:3239} INFO - Sync 3 DAGs
[2026-09-05T17:23:50.771+0200] {logging_mixin.py:190} INFO - [2026-09-05T17:23:50.771+0200] {dag.py:4180} INFO - Setting next_dagrun for dataset_with_extra_by_context to 2026-09-04 00:00:00+00:00, run_after=2026-09-05 00:00:00+00:00
[2026-09-05T17:23:50.772+0200] {logging_mixin.py:190} INFO - [2026-09-05T17:23:50.772+0200] {dag.py:4180} INFO - Setting next_dagrun for dataset_with_extra_by_yield to 2026-09-04 00:00:00+00:00, run_after=2026-09-05 00:00:00+00:00
[2026-09-05T17:23:50.773+0200] {logging_mixin.py:190} INFO - [2026-09-05T17:23:50.772+0200] {dag.py:4180} INFO - Setting next_dagrun for dataset_with_extra_from_classic_operator to 2026-09-04 00:00:00+00:00, run_after=2026-09-05 00:00:00+00:00
[2026-09-05T17:23:50.778+0200] {processor.py:208} INFO - Processing /Users/swarnalidatta/Desktop/AutoQueryChatbot/.airflow-venv/lib/python3.12/site-packages/airflow/example_dags/example_outlet_event_extra.py took 0.067 seconds
[2026-09-05T17:25:26.970+0200] {processor.py:186} INFO - Started process (PID=18081) to work on /Users/swarnalidatta/Desktop/AutoQueryChatbot/.airflow-venv/lib/python3.12/site-packages/airflow/example_dags/example_outlet_event_extra.py
[2026-09-05T17:25:26.970+0200] {processor.py:914} INFO - Processing file /Users/swarnalidatta/Desktop/AutoQueryChatbot/.airflow-venv/lib/python3.12/site-packages/airflow/example_dags/example_outlet_event_extra.py for tasks to queue
[2026-09-05T17:25:26.970+0200] {logging_mixin.py:190} INFO - [2026-09-05T17:25:26.970+0200] {dagbag.py:588} INFO - Filling up the DagBag from /Users/swarnalidatta/Desktop/AutoQueryChatbot/.airflow-venv/lib/python3.12/site-packages/airflow/example_dags/example_outlet_event_extra.py
[2026-09-05T17:25:26.994+0200] {processor.py:925} INFO - DAG(s) 'dataset_with_extra_from_classic_operator', 'dataset_with_extra_by_context', 'dataset_with_extra_by_yield' retrieved from /Users/swarnalidatta/Desktop/AutoQueryChatbot/.airflow-venv/lib/python3.12/site-packages/airflow/example_dags/example_outlet_event_extra.py
[2026-09-05T17:25:27.022+0200] {logging_mixin.py:190} INFO - [2026-09-05T17:25:27.022+0200] {dag.py:3239} INFO - Sync 3 DAGs
[2026-09-05T17:25:27.028+0200] {logging_mixin.py:190} INFO - [2026-09-05T17:25:27.028+0200] {dag.py:4180} INFO - Setting next_dagrun for dataset_with_extra_by_context to 2026-09-04 00:00:00+00:00, run_after=2026-09-05 00:00:00+00:00
[2026-09-05T17:25:27.029+0200] {logging_mixin.py:190} INFO - [2026-09-05T17:25:27.029+0200] {dag.py:4180} INFO - Setting next_dagrun for dataset_with_extra_by_yield to 2026-09-04 00:00:00+00:00, run_after=2026-09-05 00:00:00+00:00
[2026-09-05T17:25:27.029+0200] {logging_mixin.py:190} INFO - [2026-09-05T17:25:27.029+0200] {dag.py:4180} INFO - Setting next_dagrun for dataset_with_extra_from_classic_operator to 2026-09-04 00:00:00+00:00, run_after=2026-09-05 00:00:00+00:00
[2026-09-05T17:25:27.035+0200] {processor.py:208} INFO - Processing /Users/swarnalidatta/Desktop/AutoQueryChatbot/.airflow-venv/lib/python3.12/site-packages/airflow/example_dags/example_outlet_event_extra.py took 0.067 seconds
[2026-09-05T17:36:50.800+0200] {processor.py:186} INFO - Started process (PID=18433) to work on /Users/swarnalidatta/Desktop/AutoQueryChatbot/.airflow-venv/lib/python3.12/site-packages/airflow/example_dags/example_outlet_event_extra.py
[2026-09-05T17:36:50.800+0200] {processor.py:914} INFO - Processing file /Users/swarnalidatta/Desktop/AutoQueryChatbot/.airflow-venv/lib/python3.12/site-packages/airflow/example_dags/example_outlet_event_extra.py for tasks to queue
[2026-09-05T17:36:50.800+0200] {logging_mixin.py:190} INFO - [2026-09-05T17:36:50.800+0200] {dagbag.py:588} INFO - Filling up the DagBag from /Users/swarnalidatta/Desktop/AutoQueryChatbot/.airflow-venv/lib/python3.12/site-packages/airflow/example_dags/example_outlet_event_extra.py
[2026-09-05T17:36:50.823+0200] {processor.py:925} INFO - DAG(s) 'dataset_with_extra_by_context', 'dataset_with_extra_by_yield', 'dataset_with_extra_from_classic_operator' retrieved from /Users/swarnalidatta/Desktop/AutoQueryChatbot/.airflow-venv/lib/python3.12/site-packages/airflow/example_dags/example_outlet_event_extra.py
[2026-09-05T17:36:50.851+0200] {logging_mixin.py:190} INFO - [2026-09-05T17:36:50.851+0200] {dag.py:3239} INFO - Sync 3 DAGs
[2026-09-05T17:36:50.856+0200] {logging_mixin.py:190} INFO - [2026-09-05T17:36:50.856+0200] {dag.py:4180} INFO - Setting next_dagrun for dataset_with_extra_by_context to 2026-09-04 00:00:00+00:00, run_after=2026-09-05 00:00:00+00:00
[2026-09-05T17:36:50.857+0200] {logging_mixin.py:190} INFO - [2026-09-05T17:36:50.857+0200] {dag.py:4180} INFO - Setting next_dagrun for dataset_with_extra_by_yield to 2026-09-04 00:00:00+00:00, run_after=2026-09-05 00:00:00+00:00
[2026-09-05T17:36:50.858+0200] {logging_mixin.py:190} INFO - [2026-09-05T17:36:50.858+0200] {dag.py:4180} INFO - Setting next_dagrun for dataset_with_extra_from_classic_operator to 2026-09-04 00:00:00+00:00, run_after=2026-09-05 00:00:00+00:00
[2026-09-05T17:36:50.863+0200] {processor.py:208} INFO - Processing /Users/swarnalidatta/Desktop/AutoQueryChatbot/.airflow-venv/lib/python3.12/site-packages/airflow/example_dags/example_outlet_event_extra.py took 0.064 seconds
[2026-09-05T17:38:23.819+0200] {processor.py:186} INFO - Started process (PID=18694) to work on /Users/swarnalidatta/Desktop/AutoQueryChatbot/.airflow-venv/lib/python3.12/site-packages/airflow/example_dags/example_outlet_event_extra.py
[2026-09-05T17:38:23.820+0200] {processor.py:914} INFO - Processing file /Users/swarnalidatta/Desktop/AutoQueryChatbot/.airflow-venv/lib/python3.12/site-packages/airflow/example_dags/example_outlet_event_extra.py for tasks to queue
[2026-09-05T17:38:23.820+0200] {logging_mixin.py:190} INFO - [2026-09-05T17:38:23.820+0200] {dagbag.py:588} INFO - Filling up the DagBag from /Users/swarnalidatta/Desktop/AutoQueryChatbot/.airflow-venv/lib/python3.12/site-packages/airflow/example_dags/example_outlet_event_extra.py
[2026-09-05T17:38:23.843+0200] {processor.py:925} INFO - DAG(s) 'dataset_with_extra_from_classic_operator', 'dataset_with_extra_by_yield', 'dataset_with_extra_by_context' retrieved from /Users/swarnalidatta/Desktop/AutoQueryChatbot/.airflow-venv/lib/python3.12/site-packages/airflow/example_dags/example_outlet_event_extra.py
[2026-09-05T17:38:23.870+0200] {logging_mixin.py:190} INFO - [2026-09-05T17:38:23.870+0200] {dag.py:3239} INFO - Sync 3 DAGs
[2026-09-05T17:38:23.876+0200] {logging_mixin.py:190} INFO - [2026-09-05T17:38:23.876+0200] {dag.py:4180} INFO - Setting next_dagrun for dataset_with_extra_by_context to 2026-09-04 00:00:00+00:00, run_after=2026-09-05 00:00:00+00:00
[2026-09-05T17:38:23.877+0200] {logging_mixin.py:190} INFO - [2026-09-05T17:38:23.877+0200] {dag.py:4180} INFO - Setting next_dagrun for dataset_with_extra_by_yield to 2026-09-04 00:00:00+00:00, run_after=2026-09-05 00:00:00+00:00
[2026-09-05T17:38:23.877+0200] {logging_mixin.py:190} INFO - [2026-09-05T17:38:23.877+0200] {dag.py:4180} INFO - Setting next_dagrun for dataset_with_extra_from_classic_operator to 2026-09-04 00:00:00+00:00, run_after=2026-09-05 00:00:00+00:00
[2026-09-05T17:38:23.883+0200] {processor.py:208} INFO - Processing /Users/swarnalidatta/Desktop/AutoQueryChatbot/.airflow-venv/lib/python3.12/site-packages/airflow/example_dags/example_outlet_event_extra.py took 0.065 seconds
[2026-09-05T17:40:43.744+0200] {processor.py:186} INFO - Started process (PID=19106) to work on /Users/swarnalidatta/Desktop/AutoQueryChatbot/.airflow-venv/lib/python3.12/site-packages/airflow/example_dags/example_outlet_event_extra.py
[2026-09-05T17:40:43.744+0200] {processor.py:914} INFO - Processing file /Users/swarnalidatta/Desktop/AutoQueryChatbot/.airflow-venv/lib/python3.12/site-packages/airflow/example_dags/example_outlet_event_extra.py for tasks to queue
[2026-09-05T17:40:43.745+0200] {logging_mixin.py:190} INFO - [2026-09-05T17:40:43.745+0200] {dagbag.py:588} INFO - Filling up the DagBag from /Users/swarnalidatta/Desktop/AutoQueryChatbot/.airflow-venv/lib/python3.12/site-packages/airflow/example_dags/example_outlet_event_extra.py
[2026-09-05T17:40:43.768+0200] {processor.py:925} INFO - DAG(s) 'dataset_with_extra_from_classic_operator', 'dataset_with_extra_by_context', 'dataset_with_extra_by_yield' retrieved from /Users/swarnalidatta/Desktop/AutoQueryChatbot/.airflow-venv/lib/python3.12/site-packages/airflow/example_dags/example_outlet_event_extra.py
[2026-09-05T17:40:43.796+0200] {logging_mixin.py:190} INFO - [2026-09-05T17:40:43.796+0200] {dag.py:3239} INFO - Sync 3 DAGs
[2026-09-05T17:40:43.801+0200] {logging_mixin.py:190} INFO - [2026-09-05T17:40:43.801+0200] {dag.py:4180} INFO - Setting next_dagrun for dataset_with_extra_by_context to 2026-09-04 00:00:00+00:00, run_after=2026-09-05 00:00:00+00:00
[2026-09-05T17:40:43.802+0200] {logging_mixin.py:190} INFO - [2026-09-05T17:40:43.802+0200] {dag.py:4180} INFO - Setting next_dagrun for dataset_with_extra_by_yield to 2026-09-04 00:00:00+00:00, run_after=2026-09-05 00:00:00+00:00
[2026-09-05T17:40:43.803+0200] {logging_mixin.py:190} INFO - [2026-09-05T17:40:43.803+0200] {dag.py:4180} INFO - Setting next_dagrun for dataset_with_extra_from_classic_operator to 2026-09-04 00:00:00+00:00, run_after=2026-09-05 00:00:00+00:00
[2026-09-05T17:40:43.809+0200] {processor.py:208} INFO - Processing /Users/swarnalidatta/Desktop/AutoQueryChatbot/.airflow-venv/lib/python3.12/site-packages/airflow/example_dags/example_outlet_event_extra.py took 0.066 seconds
[2026-09-05T17:43:06.065+0200] {processor.py:186} INFO - Started process (PID=19750) to work on /Users/swarnalidatta/Desktop/AutoQueryChatbot/.airflow-venv/lib/python3.12/site-packages/airflow/example_dags/example_outlet_event_extra.py
[2026-09-05T17:43:06.065+0200] {processor.py:914} INFO - Processing file /Users/swarnalidatta/Desktop/AutoQueryChatbot/.airflow-venv/lib/python3.12/site-packages/airflow/example_dags/example_outlet_event_extra.py for tasks to queue
[2026-09-05T17:43:06.066+0200] {logging_mixin.py:190} INFO - [2026-09-05T17:43:06.066+0200] {dagbag.py:588} INFO - Filling up the DagBag from /Users/swarnalidatta/Desktop/AutoQueryChatbot/.airflow-venv/lib/python3.12/site-packages/airflow/example_dags/example_outlet_event_extra.py
[2026-09-05T17:43:06.089+0200] {processor.py:925} INFO - DAG(s) 'dataset_with_extra_by_yield', 'dataset_with_extra_from_classic_operator', 'dataset_with_extra_by_context' retrieved from /Users/swarnalidatta/Desktop/AutoQueryChatbot/.airflow-venv/lib/python3.12/site-packages/airflow/example_dags/example_outlet_event_extra.py
[2026-09-05T17:43:06.117+0200] {logging_mixin.py:190} INFO - [2026-09-05T17:43:06.117+0200] {dag.py:3239} INFO - Sync 3 DAGs
[2026-09-05T17:43:06.122+0200] {logging_mixin.py:190} INFO - [2026-09-05T17:43:06.122+0200] {dag.py:4180} INFO - Setting next_dagrun for dataset_with_extra_by_context to 2026-09-04 00:00:00+00:00, run_after=2026-09-05 00:00:00+00:00
[2026-09-05T17:43:06.123+0200] {logging_mixin.py:190} INFO - [2026-09-05T17:43:06.123+0200] {dag.py:4180} INFO - Setting next_dagrun for dataset_with_extra_by_yield to 2026-09-04 00:00:00+00:00, run_after=2026-09-05 00:00:00+00:00
[2026-09-05T17:43:06.124+0200] {logging_mixin.py:190} INFO - [2026-09-05T17:43:06.124+0200] {dag.py:4180} INFO - Setting next_dagrun for dataset_with_extra_from_classic_operator to 2026-09-04 00:00:00+00:00, run_after=2026-09-05 00:00:00+00:00
[2026-09-05T17:43:06.129+0200] {processor.py:208} INFO - Processing /Users/swarnalidatta/Desktop/AutoQueryChatbot/.airflow-venv/lib/python3.12/site-packages/airflow/example_dags/example_outlet_event_extra.py took 0.065 seconds
[2026-09-05T17:46:26.875+0200] {processor.py:186} INFO - Started process (PID=20331) to work on /Users/swarnalidatta/Desktop/AutoQueryChatbot/.airflow-venv/lib/python3.12/site-packages/airflow/example_dags/example_outlet_event_extra.py
[2026-09-05T17:46:26.876+0200] {processor.py:914} INFO - Processing file /Users/swarnalidatta/Desktop/AutoQueryChatbot/.airflow-venv/lib/python3.12/site-packages/airflow/example_dags/example_outlet_event_extra.py for tasks to queue
[2026-09-05T17:46:26.876+0200] {logging_mixin.py:190} INFO - [2026-09-05T17:46:26.876+0200] {dagbag.py:588} INFO - Filling up the DagBag from /Users/swarnalidatta/Desktop/AutoQueryChatbot/.airflow-venv/lib/python3.12/site-packages/airflow/example_dags/example_outlet_event_extra.py
[2026-09-05T17:46:26.900+0200] {processor.py:925} INFO - DAG(s) 'dataset_with_extra_by_yield', 'dataset_with_extra_by_context', 'dataset_with_extra_from_classic_operator' retrieved from /Users/swarnalidatta/Desktop/AutoQueryChatbot/.airflow-venv/lib/python3.12/site-packages/airflow/example_dags/example_outlet_event_extra.py
[2026-09-05T17:46:26.927+0200] {logging_mixin.py:190} INFO - [2026-09-05T17:46:26.927+0200] {dag.py:3239} INFO - Sync 3 DAGs
[2026-09-05T17:46:26.933+0200] {logging_mixin.py:190} INFO - [2026-09-05T17:46:26.933+0200] {dag.py:4180} INFO - Setting next_dagrun for dataset_with_extra_by_context to 2026-09-04 00:00:00+00:00, run_after=2026-09-05 00:00:00+00:00
[2026-09-05T17:46:26.934+0200] {logging_mixin.py:190} INFO - [2026-09-05T17:46:26.934+0200] {dag.py:4180} INFO - Setting next_dagrun for dataset_with_extra_by_yield to 2026-09-04 00:00:00+00:00, run_after=2026-09-05 00:00:00+00:00
[2026-09-05T17:46:26.934+0200] {logging_mixin.py:190} INFO - [2026-09-05T17:46:26.934+0200] {dag.py:4180} INFO - Setting next_dagrun for dataset_with_extra_from_classic_operator to 2026-09-04 00:00:00+00:00, run_after=2026-09-05 00:00:00+00:00
[2026-09-05T17:46:26.940+0200] {processor.py:208} INFO - Processing /Users/swarnalidatta/Desktop/AutoQueryChatbot/.airflow-venv/lib/python3.12/site-packages/airflow/example_dags/example_outlet_event_extra.py took 0.066 seconds
[2026-09-05T17:49:15.340+0200] {processor.py:186} INFO - Started process (PID=20905) to work on /Users/swarnalidatta/Desktop/AutoQueryChatbot/.airflow-venv/lib/python3.12/site-packages/airflow/example_dags/example_outlet_event_extra.py
[2026-09-05T17:49:15.340+0200] {processor.py:914} INFO - Processing file /Users/swarnalidatta/Desktop/AutoQueryChatbot/.airflow-venv/lib/python3.12/site-packages/airflow/example_dags/example_outlet_event_extra.py for tasks to queue
[2026-09-05T17:49:15.341+0200] {logging_mixin.py:190} INFO - [2026-09-05T17:49:15.341+0200] {dagbag.py:588} INFO - Filling up the DagBag from /Users/swarnalidatta/Desktop/AutoQueryChatbot/.airflow-venv/lib/python3.12/site-packages/airflow/example_dags/example_outlet_event_extra.py
[2026-09-05T17:49:15.369+0200] {processor.py:925} INFO - DAG(s) 'dataset_with_extra_by_context', 'dataset_with_extra_by_yield', 'dataset_with_extra_from_classic_operator' retrieved from /Users/swarnalidatta/Desktop/AutoQueryChatbot/.airflow-venv/lib/python3.12/site-packages/airflow/example_dags/example_outlet_event_extra.py
[2026-09-05T17:49:15.400+0200] {logging_mixin.py:190} INFO - [2026-09-05T17:49:15.400+0200] {dag.py:3239} INFO - Sync 3 DAGs
[2026-09-05T17:49:15.406+0200] {logging_mixin.py:190} INFO - [2026-09-05T17:49:15.406+0200] {dag.py:4180} INFO - Setting next_dagrun for dataset_with_extra_by_context to 2026-09-04 00:00:00+00:00, run_after=2026-09-05 00:00:00+00:00
[2026-09-05T17:49:15.407+0200] {logging_mixin.py:190} INFO - [2026-09-05T17:49:15.407+0200] {dag.py:4180} INFO - Setting next_dagrun for dataset_with_extra_by_yield to 2026-09-04 00:00:00+00:00, run_after=2026-09-05 00:00:00+00:00
[2026-09-05T17:49:15.407+0200] {logging_mixin.py:190} INFO - [2026-09-05T17:49:15.407+0200] {dag.py:4180} INFO - Setting next_dagrun for dataset_with_extra_from_classic_operator to 2026-09-04 00:00:00+00:00, run_after=2026-09-05 00:00:00+00:00
[2026-09-05T17:49:15.413+0200] {processor.py:208} INFO - Processing /Users/swarnalidatta/Desktop/AutoQueryChatbot/.airflow-venv/lib/python3.12/site-packages/airflow/example_dags/example_outlet_event_extra.py took 0.075 seconds
[2026-09-05T17:51:25.657+0200] {processor.py:186} INFO - Started process (PID=21410) to work on /Users/swarnalidatta/Desktop/AutoQueryChatbot/.airflow-venv/lib/python3.12/site-packages/airflow/example_dags/example_outlet_event_extra.py
[2026-09-05T17:51:25.658+0200] {processor.py:914} INFO - Processing file /Users/swarnalidatta/Desktop/AutoQueryChatbot/.airflow-venv/lib/python3.12/site-packages/airflow/example_dags/example_outlet_event_extra.py for tasks to queue
[2026-09-05T17:51:25.658+0200] {logging_mixin.py:190} INFO - [2026-09-05T17:51:25.658+0200] {dagbag.py:588} INFO - Filling up the DagBag from /Users/swarnalidatta/Desktop/AutoQueryChatbot/.airflow-venv/lib/python3.12/site-packages/airflow/example_dags/example_outlet_event_extra.py
[2026-09-05T17:51:25.683+0200] {processor.py:925} INFO - DAG(s) 'dataset_with_extra_by_context', 'dataset_with_extra_from_classic_operator', 'dataset_with_extra_by_yield' retrieved from /Users/swarnalidatta/Desktop/AutoQueryChatbot/.airflow-venv/lib/python3.12/site-packages/airflow/example_dags/example_outlet_event_extra.py
[2026-09-05T17:51:25.711+0200] {logging_mixin.py:190} INFO - [2026-09-05T17:51:25.711+0200] {dag.py:3239} INFO - Sync 3 DAGs
[2026-09-05T17:51:25.716+0200] {logging_mixin.py:190} INFO - [2026-09-05T17:51:25.716+0200] {dag.py:4180} INFO - Setting next_dagrun for dataset_with_extra_by_context to 2026-09-04 00:00:00+00:00, run_after=2026-09-05 00:00:00+00:00
[2026-09-05T17:51:25.717+0200] {logging_mixin.py:190} INFO - [2026-09-05T17:51:25.717+0200] {dag.py:4180} INFO - Setting next_dagrun for dataset_with_extra_by_yield to 2026-09-04 00:00:00+00:00, run_after=2026-09-05 00:00:00+00:00
[2026-09-05T17:51:25.718+0200] {logging_mixin.py:190} INFO - [2026-09-05T17:51:25.718+0200] {dag.py:4180} INFO - Setting next_dagrun for dataset_with_extra_from_classic_operator to 2026-09-04 00:00:00+00:00, run_after=2026-09-05 00:00:00+00:00
[2026-09-05T17:51:25.723+0200] {processor.py:208} INFO - Processing /Users/swarnalidatta/Desktop/AutoQueryChatbot/.airflow-venv/lib/python3.12/site-packages/airflow/example_dags/example_outlet_event_extra.py took 0.067 seconds
[2026-09-05T17:53:26.667+0200] {processor.py:186} INFO - Started process (PID=21690) to work on /Users/swarnalidatta/Desktop/AutoQueryChatbot/.airflow-venv/lib/python3.12/site-packages/airflow/example_dags/example_outlet_event_extra.py
[2026-09-05T17:53:26.667+0200] {processor.py:914} INFO - Processing file /Users/swarnalidatta/Desktop/AutoQueryChatbot/.airflow-venv/lib/python3.12/site-packages/airflow/example_dags/example_outlet_event_extra.py for tasks to queue
[2026-09-05T17:53:26.668+0200] {logging_mixin.py:190} INFO - [2026-09-05T17:53:26.668+0200] {dagbag.py:588} INFO - Filling up the DagBag from /Users/swarnalidatta/Desktop/AutoQueryChatbot/.airflow-venv/lib/python3.12/site-packages/airflow/example_dags/example_outlet_event_extra.py
[2026-09-05T17:53:26.692+0200] {processor.py:925} INFO - DAG(s) 'dataset_with_extra_from_classic_operator', 'dataset_with_extra_by_context', 'dataset_with_extra_by_yield' retrieved from /Users/swarnalidatta/Desktop/AutoQueryChatbot/.airflow-venv/lib/python3.12/site-packages/airflow/example_dags/example_outlet_event_extra.py
[2026-09-05T17:53:26.720+0200] {logging_mixin.py:190} INFO - [2026-09-05T17:53:26.720+0200] {dag.py:3239} INFO - Sync 3 DAGs
[2026-09-05T17:53:26.725+0200] {logging_mixin.py:190} INFO - [2026-09-05T17:53:26.725+0200] {dag.py:4180} INFO - Setting next_dagrun for dataset_with_extra_by_context to 2026-09-04 00:00:00+00:00, run_after=2026-09-05 00:00:00+00:00
[2026-09-05T17:53:26.727+0200] {logging_mixin.py:190} INFO - [2026-09-05T17:53:26.727+0200] {dag.py:4180} INFO - Setting next_dagrun for dataset_with_extra_by_yield to 2026-09-04 00:00:00+00:00, run_after=2026-09-05 00:00:00+00:00
[2026-09-05T17:53:26.727+0200] {logging_mixin.py:190} INFO - [2026-09-05T17:53:26.727+0200] {dag.py:4180} INFO - Setting next_dagrun for dataset_with_extra_from_classic_operator to 2026-09-04 00:00:00+00:00, run_after=2026-09-05 00:00:00+00:00
[2026-09-05T17:53:26.733+0200] {processor.py:208} INFO - Processing /Users/swarnalidatta/Desktop/AutoQueryChatbot/.airflow-venv/lib/python3.12/site-packages/airflow/example_dags/example_outlet_event_extra.py took 0.067 seconds
[2026-09-05T17:55:27.268+0200] {processor.py:186} INFO - Started process (PID=21981) to work on /Users/swarnalidatta/Desktop/AutoQueryChatbot/.airflow-venv/lib/python3.12/site-packages/airflow/example_dags/example_outlet_event_extra.py
[2026-09-05T17:55:27.268+0200] {processor.py:914} INFO - Processing file /Users/swarnalidatta/Desktop/AutoQueryChatbot/.airflow-venv/lib/python3.12/site-packages/airflow/example_dags/example_outlet_event_extra.py for tasks to queue
[2026-09-05T17:55:27.269+0200] {logging_mixin.py:190} INFO - [2026-09-05T17:55:27.269+0200] {dagbag.py:588} INFO - Filling up the DagBag from /Users/swarnalidatta/Desktop/AutoQueryChatbot/.airflow-venv/lib/python3.12/site-packages/airflow/example_dags/example_outlet_event_extra.py
[2026-09-05T17:55:27.293+0200] {processor.py:925} INFO - DAG(s) 'dataset_with_extra_by_context', 'dataset_with_extra_from_classic_operator', 'dataset_with_extra_by_yield' retrieved from /Users/swarnalidatta/Desktop/AutoQueryChatbot/.airflow-venv/lib/python3.12/site-packages/airflow/example_dags/example_outlet_event_extra.py
[2026-09-05T17:55:27.320+0200] {logging_mixin.py:190} INFO - [2026-09-05T17:55:27.320+0200] {dag.py:3239} INFO - Sync 3 DAGs
[2026-09-05T17:55:27.326+0200] {logging_mixin.py:190} INFO - [2026-09-05T17:55:27.326+0200] {dag.py:4180} INFO - Setting next_dagrun for dataset_with_extra_by_context to 2026-09-04 00:00:00+00:00, run_after=2026-09-05 00:00:00+00:00
[2026-09-05T17:55:27.327+0200] {logging_mixin.py:190} INFO - [2026-09-05T17:55:27.327+0200] {dag.py:4180} INFO - Setting next_dagrun for dataset_with_extra_by_yield to 2026-09-04 00:00:00+00:00, run_after=2026-09-05 00:00:00+00:00
[2026-09-05T17:55:27.327+0200] {logging_mixin.py:190} INFO - [2026-09-05T17:55:27.327+0200] {dag.py:4180} INFO - Setting next_dagrun for dataset_with_extra_from_classic_operator to 2026-09-04 00:00:00+00:00, run_after=2026-09-05 00:00:00+00:00
[2026-09-05T17:55:27.333+0200] {processor.py:208} INFO - Processing /Users/swarnalidatta/Desktop/AutoQueryChatbot/.airflow-venv/lib/python3.12/site-packages/airflow/example_dags/example_outlet_event_extra.py took 0.066 seconds
[2026-09-05T17:57:39.606+0200] {processor.py:186} INFO - Started process (PID=22294) to work on /Users/swarnalidatta/Desktop/AutoQueryChatbot/.airflow-venv/lib/python3.12/site-packages/airflow/example_dags/example_outlet_event_extra.py
[2026-09-05T17:57:39.606+0200] {processor.py:914} INFO - Processing file /Users/swarnalidatta/Desktop/AutoQueryChatbot/.airflow-venv/lib/python3.12/site-packages/airflow/example_dags/example_outlet_event_extra.py for tasks to queue
[2026-09-05T17:57:39.606+0200] {logging_mixin.py:190} INFO - [2026-09-05T17:57:39.606+0200] {dagbag.py:588} INFO - Filling up the DagBag from /Users/swarnalidatta/Desktop/AutoQueryChatbot/.airflow-venv/lib/python3.12/site-packages/airflow/example_dags/example_outlet_event_extra.py
[2026-09-05T17:57:39.630+0200] {processor.py:925} INFO - DAG(s) 'dataset_with_extra_from_classic_operator', 'dataset_with_extra_by_yield', 'dataset_with_extra_by_context' retrieved from /Users/swarnalidatta/Desktop/AutoQueryChatbot/.airflow-venv/lib/python3.12/site-packages/airflow/example_dags/example_outlet_event_extra.py
[2026-09-05T17:57:39.658+0200] {logging_mixin.py:190} INFO - [2026-09-05T17:57:39.658+0200] {dag.py:3239} INFO - Sync 3 DAGs
[2026-09-05T17:57:39.663+0200] {logging_mixin.py:190} INFO - [2026-09-05T17:57:39.663+0200] {dag.py:4180} INFO - Setting next_dagrun for dataset_with_extra_by_context to 2026-09-04 00:00:00+00:00, run_after=2026-09-05 00:00:00+00:00
[2026-09-05T17:57:39.664+0200] {logging_mixin.py:190} INFO - [2026-09-05T17:57:39.664+0200] {dag.py:4180} INFO - Setting next_dagrun for dataset_with_extra_by_yield to 2026-09-04 00:00:00+00:00, run_after=2026-09-05 00:00:00+00:00
[2026-09-05T17:57:39.665+0200] {logging_mixin.py:190} INFO - [2026-09-05T17:57:39.665+0200] {dag.py:4180} INFO - Setting next_dagrun for dataset_with_extra_from_classic_operator to 2026-09-04 00:00:00+00:00, run_after=2026-09-05 00:00:00+00:00
[2026-09-05T17:57:39.671+0200] {processor.py:208} INFO - Processing /Users/swarnalidatta/Desktop/AutoQueryChatbot/.airflow-venv/lib/python3.12/site-packages/airflow/example_dags/example_outlet_event_extra.py took 0.066 seconds
[2026-09-05T17:59:44.087+0200] {processor.py:186} INFO - Started process (PID=22578) to work on /Users/swarnalidatta/Desktop/AutoQueryChatbot/.airflow-venv/lib/python3.12/site-packages/airflow/example_dags/example_outlet_event_extra.py
[2026-09-05T17:59:44.088+0200] {processor.py:914} INFO - Processing file /Users/swarnalidatta/Desktop/AutoQueryChatbot/.airflow-venv/lib/python3.12/site-packages/airflow/example_dags/example_outlet_event_extra.py for tasks to queue
[2026-09-05T17:59:44.088+0200] {logging_mixin.py:190} INFO - [2026-09-05T17:59:44.088+0200] {dagbag.py:588} INFO - Filling up the DagBag from /Users/swarnalidatta/Desktop/AutoQueryChatbot/.airflow-venv/lib/python3.12/site-packages/airflow/example_dags/example_outlet_event_extra.py
[2026-09-05T17:59:44.113+0200] {processor.py:925} INFO - DAG(s) 'dataset_with_extra_by_yield', 'dataset_with_extra_from_classic_operator', 'dataset_with_extra_by_context' retrieved from /Users/swarnalidatta/Desktop/AutoQueryChatbot/.airflow-venv/lib/python3.12/site-packages/airflow/example_dags/example_outlet_event_extra.py
[2026-09-05T17:59:44.140+0200] {logging_mixin.py:190} INFO - [2026-09-05T17:59:44.140+0200] {dag.py:3239} INFO - Sync 3 DAGs
[2026-09-05T17:59:44.145+0200] {logging_mixin.py:190} INFO - [2026-09-05T17:59:44.145+0200] {dag.py:4180} INFO - Setting next_dagrun for dataset_with_extra_by_context to 2026-09-04 00:00:00+00:00, run_after=2026-09-05 00:00:00+00:00
[2026-09-05T17:59:44.147+0200] {logging_mixin.py:190} INFO - [2026-09-05T17:59:44.147+0200] {dag.py:4180} INFO - Setting next_dagrun for dataset_with_extra_by_yield to 2026-09-04 00:00:00+00:00, run_after=2026-09-05 00:00:00+00:00
[2026-09-05T17:59:44.147+0200] {logging_mixin.py:190} INFO - [2026-09-05T17:59:44.147+0200] {dag.py:4180} INFO - Setting next_dagrun for dataset_with_extra_from_classic_operator to 2026-09-04 00:00:00+00:00, run_after=2026-09-05 00:00:00+00:00
[2026-09-05T17:59:44.152+0200] {processor.py:208} INFO - Processing /Users/swarnalidatta/Desktop/AutoQueryChatbot/.airflow-venv/lib/python3.12/site-packages/airflow/example_dags/example_outlet_event_extra.py took 0.066 seconds
[2026-09-05T18:01:44.110+0200] {processor.py:186} INFO - Started process (PID=22855) to work on /Users/swarnalidatta/Desktop/AutoQueryChatbot/.airflow-venv/lib/python3.12/site-packages/airflow/example_dags/example_outlet_event_extra.py
[2026-09-05T18:01:44.111+0200] {processor.py:914} INFO - Processing file /Users/swarnalidatta/Desktop/AutoQueryChatbot/.airflow-venv/lib/python3.12/site-packages/airflow/example_dags/example_outlet_event_extra.py for tasks to queue
[2026-09-05T18:01:44.111+0200] {logging_mixin.py:190} INFO - [2026-09-05T18:01:44.111+0200] {dagbag.py:588} INFO - Filling up the DagBag from /Users/swarnalidatta/Desktop/AutoQueryChatbot/.airflow-venv/lib/python3.12/site-packages/airflow/example_dags/example_outlet_event_extra.py
[2026-09-05T18:01:44.135+0200] {processor.py:925} INFO - DAG(s) 'dataset_with_extra_by_context', 'dataset_with_extra_from_classic_operator', 'dataset_with_extra_by_yield' retrieved from /Users/swarnalidatta/Desktop/AutoQueryChatbot/.airflow-venv/lib/python3.12/site-packages/airflow/example_dags/example_outlet_event_extra.py
[2026-09-05T18:01:44.163+0200] {logging_mixin.py:190} INFO - [2026-09-05T18:01:44.163+0200] {dag.py:3239} INFO - Sync 3 DAGs
[2026-09-05T18:01:44.168+0200] {logging_mixin.py:190} INFO - [2026-09-05T18:01:44.168+0200] {dag.py:4180} INFO - Setting next_dagrun for dataset_with_extra_by_context to 2026-09-04 00:00:00+00:00, run_after=2026-09-05 00:00:00+00:00
[2026-09-05T18:01:44.169+0200] {logging_mixin.py:190} INFO - [2026-09-05T18:01:44.169+0200] {dag.py:4180} INFO - Setting next_dagrun for dataset_with_extra_by_yield to 2026-09-04 00:00:00+00:00, run_after=2026-09-05 00:00:00+00:00
[2026-09-05T18:01:44.170+0200] {logging_mixin.py:190} INFO - [2026-09-05T18:01:44.170+0200] {dag.py:4180} INFO - Setting next_dagrun for dataset_with_extra_from_classic_operator to 2026-09-04 00:00:00+00:00, run_after=2026-09-05 00:00:00+00:00
[2026-09-05T18:01:44.175+0200] {processor.py:208} INFO - Processing /Users/swarnalidatta/Desktop/AutoQueryChatbot/.airflow-venv/lib/python3.12/site-packages/airflow/example_dags/example_outlet_event_extra.py took 0.066 seconds
[2026-09-05T18:20:13.714+0200] {processor.py:186} INFO - Started process (PID=23082) to work on /Users/swarnalidatta/Desktop/AutoQueryChatbot/.airflow-venv/lib/python3.12/site-packages/airflow/example_dags/example_outlet_event_extra.py
[2026-09-05T18:20:13.715+0200] {processor.py:914} INFO - Processing file /Users/swarnalidatta/Desktop/AutoQueryChatbot/.airflow-venv/lib/python3.12/site-packages/airflow/example_dags/example_outlet_event_extra.py for tasks to queue
[2026-09-05T18:20:13.715+0200] {logging_mixin.py:190} INFO - [2026-09-05T18:20:13.715+0200] {dagbag.py:588} INFO - Filling up the DagBag from /Users/swarnalidatta/Desktop/AutoQueryChatbot/.airflow-venv/lib/python3.12/site-packages/airflow/example_dags/example_outlet_event_extra.py
[2026-09-05T18:20:13.738+0200] {processor.py:925} INFO - DAG(s) 'dataset_with_extra_from_classic_operator', 'dataset_with_extra_by_yield', 'dataset_with_extra_by_context' retrieved from /Users/swarnalidatta/Desktop/AutoQueryChatbot/.airflow-venv/lib/python3.12/site-packages/airflow/example_dags/example_outlet_event_extra.py
[2026-09-05T18:20:13.766+0200] {logging_mixin.py:190} INFO - [2026-09-05T18:20:13.766+0200] {dag.py:3239} INFO - Sync 3 DAGs
[2026-09-05T18:20:13.771+0200] {logging_mixin.py:190} INFO - [2026-09-05T18:20:13.771+0200] {dag.py:4180} INFO - Setting next_dagrun for dataset_with_extra_by_context to 2026-09-04 00:00:00+00:00, run_after=2026-09-05 00:00:00+00:00
[2026-09-05T18:20:13.772+0200] {logging_mixin.py:190} INFO - [2026-09-05T18:20:13.772+0200] {dag.py:4180} INFO - Setting next_dagrun for dataset_with_extra_by_yield to 2026-09-04 00:00:00+00:00, run_after=2026-09-05 00:00:00+00:00
[2026-09-05T18:20:13.773+0200] {logging_mixin.py:190} INFO - [2026-09-05T18:20:13.773+0200] {dag.py:4180} INFO - Setting next_dagrun for dataset_with_extra_from_classic_operator to 2026-09-04 00:00:00+00:00, run_after=2026-09-05 00:00:00+00:00
[2026-09-05T18:20:13.780+0200] {processor.py:208} INFO - Processing /Users/swarnalidatta/Desktop/AutoQueryChatbot/.airflow-venv/lib/python3.12/site-packages/airflow/example_dags/example_outlet_event_extra.py took 0.067 seconds
[2026-09-05T18:22:25.549+0200] {processor.py:186} INFO - Started process (PID=23452) to work on /Users/swarnalidatta/Desktop/AutoQueryChatbot/.airflow-venv/lib/python3.12/site-packages/airflow/example_dags/example_outlet_event_extra.py
[2026-09-05T18:22:25.550+0200] {processor.py:914} INFO - Processing file /Users/swarnalidatta/Desktop/AutoQueryChatbot/.airflow-venv/lib/python3.12/site-packages/airflow/example_dags/example_outlet_event_extra.py for tasks to queue
[2026-09-05T18:22:25.550+0200] {logging_mixin.py:190} INFO - [2026-09-05T18:22:25.550+0200] {dagbag.py:588} INFO - Filling up the DagBag from /Users/swarnalidatta/Desktop/AutoQueryChatbot/.airflow-venv/lib/python3.12/site-packages/airflow/example_dags/example_outlet_event_extra.py
[2026-09-05T18:22:25.574+0200] {processor.py:925} INFO - DAG(s) 'dataset_with_extra_by_yield', 'dataset_with_extra_by_context', 'dataset_with_extra_from_classic_operator' retrieved from /Users/swarnalidatta/Desktop/AutoQueryChatbot/.airflow-venv/lib/python3.12/site-packages/airflow/example_dags/example_outlet_event_extra.py
[2026-09-05T18:22:25.602+0200] {logging_mixin.py:190} INFO - [2026-09-05T18:22:25.602+0200] {dag.py:3239} INFO - Sync 3 DAGs
[2026-09-05T18:22:25.607+0200] {logging_mixin.py:190} INFO - [2026-09-05T18:22:25.607+0200] {dag.py:4180} INFO - Setting next_dagrun for dataset_with_extra_by_context to 2026-09-04 00:00:00+00:00, run_after=2026-09-05 00:00:00+00:00
[2026-09-05T18:22:25.608+0200] {logging_mixin.py:190} INFO - [2026-09-05T18:22:25.608+0200] {dag.py:4180} INFO - Setting next_dagrun for dataset_with_extra_by_yield to 2026-09-04 00:00:00+00:00, run_after=2026-09-05 00:00:00+00:00
[2026-09-05T18:22:25.609+0200] {logging_mixin.py:190} INFO - [2026-09-05T18:22:25.609+0200] {dag.py:4180} INFO - Setting next_dagrun for dataset_with_extra_from_classic_operator to 2026-09-04 00:00:00+00:00, run_after=2026-09-05 00:00:00+00:00
[2026-09-05T18:22:25.614+0200] {processor.py:208} INFO - Processing /Users/swarnalidatta/Desktop/AutoQueryChatbot/.airflow-venv/lib/python3.12/site-packages/airflow/example_dags/example_outlet_event_extra.py took 0.066 seconds
[2026-09-05T18:24:43.094+0200] {processor.py:186} INFO - Started process (PID=24140) to work on /Users/swarnalidatta/Desktop/AutoQueryChatbot/.airflow-venv/lib/python3.12/site-packages/airflow/example_dags/example_outlet_event_extra.py
[2026-09-05T18:24:43.095+0200] {processor.py:914} INFO - Processing file /Users/swarnalidatta/Desktop/AutoQueryChatbot/.airflow-venv/lib/python3.12/site-packages/airflow/example_dags/example_outlet_event_extra.py for tasks to queue
[2026-09-05T18:24:43.095+0200] {logging_mixin.py:190} INFO - [2026-09-05T18:24:43.095+0200] {dagbag.py:588} INFO - Filling up the DagBag from /Users/swarnalidatta/Desktop/AutoQueryChatbot/.airflow-venv/lib/python3.12/site-packages/airflow/example_dags/example_outlet_event_extra.py
[2026-09-05T18:24:43.118+0200] {processor.py:925} INFO - DAG(s) 'dataset_with_extra_by_context', 'dataset_with_extra_from_classic_operator', 'dataset_with_extra_by_yield' retrieved from /Users/swarnalidatta/Desktop/AutoQueryChatbot/.airflow-venv/lib/python3.12/site-packages/airflow/example_dags/example_outlet_event_extra.py
[2026-09-05T18:24:43.146+0200] {logging_mixin.py:190} INFO - [2026-09-05T18:24:43.146+0200] {dag.py:3239} INFO - Sync 3 DAGs
[2026-09-05T18:24:43.152+0200] {logging_mixin.py:190} INFO - [2026-09-05T18:24:43.152+0200] {dag.py:4180} INFO - Setting next_dagrun for dataset_with_extra_by_context to 2026-09-04 00:00:00+00:00, run_after=2026-09-05 00:00:00+00:00
[2026-09-05T18:24:43.153+0200] {logging_mixin.py:190} INFO - [2026-09-05T18:24:43.153+0200] {dag.py:4180} INFO - Setting next_dagrun for dataset_with_extra_by_yield to 2026-09-04 00:00:00+00:00, run_after=2026-09-05 00:00:00+00:00
[2026-09-05T18:24:43.153+0200] {logging_mixin.py:190} INFO - [2026-09-05T18:24:43.153+0200] {dag.py:4180} INFO - Setting next_dagrun for dataset_with_extra_from_classic_operator to 2026-09-04 00:00:00+00:00, run_after=2026-09-05 00:00:00+00:00
[2026-09-05T18:24:43.159+0200] {processor.py:208} INFO - Processing /Users/swarnalidatta/Desktop/AutoQueryChatbot/.airflow-venv/lib/python3.12/site-packages/airflow/example_dags/example_outlet_event_extra.py took 0.066 seconds
[2026-09-05T18:26:16.323+0200] {processor.py:186} INFO - Started process (PID=24748) to work on /Users/swarnalidatta/Desktop/AutoQueryChatbot/.airflow-venv/lib/python3.12/site-packages/airflow/example_dags/example_outlet_event_extra.py
[2026-09-05T18:26:16.324+0200] {processor.py:914} INFO - Processing file /Users/swarnalidatta/Desktop/AutoQueryChatbot/.airflow-venv/lib/python3.12/site-packages/airflow/example_dags/example_outlet_event_extra.py for tasks to queue
[2026-09-05T18:26:16.324+0200] {logging_mixin.py:190} INFO - [2026-09-05T18:26:16.324+0200] {dagbag.py:588} INFO - Filling up the DagBag from /Users/swarnalidatta/Desktop/AutoQueryChatbot/.airflow-venv/lib/python3.12/site-packages/airflow/example_dags/example_outlet_event_extra.py
[2026-09-05T18:26:16.347+0200] {processor.py:925} INFO - DAG(s) 'dataset_with_extra_from_classic_operator', 'dataset_with_extra_by_yield', 'dataset_with_extra_by_context' retrieved from /Users/swarnalidatta/Desktop/AutoQueryChatbot/.airflow-venv/lib/python3.12/site-packages/airflow/example_dags/example_outlet_event_extra.py
[2026-09-05T18:26:16.375+0200] {logging_mixin.py:190} INFO - [2026-09-05T18:26:16.375+0200] {dag.py:3239} INFO - Sync 3 DAGs
[2026-09-05T18:26:16.381+0200] {logging_mixin.py:190} INFO - [2026-09-05T18:26:16.381+0200] {dag.py:4180} INFO - Setting next_dagrun for dataset_with_extra_by_context to 2026-09-04 00:00:00+00:00, run_after=2026-09-05 00:00:00+00:00
[2026-09-05T18:26:16.382+0200] {logging_mixin.py:190} INFO - [2026-09-05T18:26:16.382+0200] {dag.py:4180} INFO - Setting next_dagrun for dataset_with_extra_by_yield to 2026-09-04 00:00:00+00:00, run_after=2026-09-05 00:00:00+00:00
[2026-09-05T18:26:16.383+0200] {logging_mixin.py:190} INFO - [2026-09-05T18:26:16.382+0200] {dag.py:4180} INFO - Setting next_dagrun for dataset_with_extra_from_classic_operator to 2026-09-04 00:00:00+00:00, run_after=2026-09-05 00:00:00+00:00
[2026-09-05T18:26:16.388+0200] {processor.py:208} INFO - Processing /Users/swarnalidatta/Desktop/AutoQueryChatbot/.airflow-venv/lib/python3.12/site-packages/airflow/example_dags/example_outlet_event_extra.py took 0.066 seconds
[2026-09-05T18:52:50.948+0200] {processor.py:186} INFO - Started process (PID=25396) to work on /Users/swarnalidatta/Desktop/AutoQueryChatbot/.airflow-venv/lib/python3.12/site-packages/airflow/example_dags/example_outlet_event_extra.py
[2026-09-05T18:52:50.949+0200] {processor.py:914} INFO - Processing file /Users/swarnalidatta/Desktop/AutoQueryChatbot/.airflow-venv/lib/python3.12/site-packages/airflow/example_dags/example_outlet_event_extra.py for tasks to queue
[2026-09-05T18:52:50.949+0200] {logging_mixin.py:190} INFO - [2026-09-05T18:52:50.949+0200] {dagbag.py:588} INFO - Filling up the DagBag from /Users/swarnalidatta/Desktop/AutoQueryChatbot/.airflow-venv/lib/python3.12/site-packages/airflow/example_dags/example_outlet_event_extra.py
[2026-09-05T18:52:50.973+0200] {processor.py:925} INFO - DAG(s) 'dataset_with_extra_from_classic_operator', 'dataset_with_extra_by_context', 'dataset_with_extra_by_yield' retrieved from /Users/swarnalidatta/Desktop/AutoQueryChatbot/.airflow-venv/lib/python3.12/site-packages/airflow/example_dags/example_outlet_event_extra.py
[2026-09-05T18:52:51.002+0200] {logging_mixin.py:190} INFO - [2026-09-05T18:52:51.002+0200] {dag.py:3239} INFO - Sync 3 DAGs
[2026-09-05T18:52:51.008+0200] {logging_mixin.py:190} INFO - [2026-09-05T18:52:51.008+0200] {dag.py:4180} INFO - Setting next_dagrun for dataset_with_extra_by_context to 2026-09-04 00:00:00+00:00, run_after=2026-09-05 00:00:00+00:00
[2026-09-05T18:52:51.010+0200] {logging_mixin.py:190} INFO - [2026-09-05T18:52:51.010+0200] {dag.py:4180} INFO - Setting next_dagrun for dataset_with_extra_by_yield to 2026-09-04 00:00:00+00:00, run_after=2026-09-05 00:00:00+00:00
[2026-09-05T18:52:51.010+0200] {logging_mixin.py:190} INFO - [2026-09-05T18:52:51.010+0200] {dag.py:4180} INFO - Setting next_dagrun for dataset_with_extra_from_classic_operator to 2026-09-04 00:00:00+00:00, run_after=2026-09-05 00:00:00+00:00
[2026-09-05T18:52:51.017+0200] {processor.py:208} INFO - Processing /Users/swarnalidatta/Desktop/AutoQueryChatbot/.airflow-venv/lib/python3.12/site-packages/airflow/example_dags/example_outlet_event_extra.py took 0.070 seconds
[2026-09-05T18:55:29.234+0200] {processor.py:186} INFO - Started process (PID=25961) to work on /Users/swarnalidatta/Desktop/AutoQueryChatbot/.airflow-venv/lib/python3.12/site-packages/airflow/example_dags/example_outlet_event_extra.py
[2026-09-05T18:55:29.235+0200] {processor.py:914} INFO - Processing file /Users/swarnalidatta/Desktop/AutoQueryChatbot/.airflow-venv/lib/python3.12/site-packages/airflow/example_dags/example_outlet_event_extra.py for tasks to queue
[2026-09-05T18:55:29.235+0200] {logging_mixin.py:190} INFO - [2026-09-05T18:55:29.235+0200] {dagbag.py:588} INFO - Filling up the DagBag from /Users/swarnalidatta/Desktop/AutoQueryChatbot/.airflow-venv/lib/python3.12/site-packages/airflow/example_dags/example_outlet_event_extra.py
[2026-09-05T18:55:29.259+0200] {processor.py:925} INFO - DAG(s) 'dataset_with_extra_by_yield', 'dataset_with_extra_from_classic_operator', 'dataset_with_extra_by_context' retrieved from /Users/swarnalidatta/Desktop/AutoQueryChatbot/.airflow-venv/lib/python3.12/site-packages/airflow/example_dags/example_outlet_event_extra.py
[2026-09-05T18:55:29.286+0200] {logging_mixin.py:190} INFO - [2026-09-05T18:55:29.286+0200] {dag.py:3239} INFO - Sync 3 DAGs
[2026-09-05T18:55:29.291+0200] {logging_mixin.py:190} INFO - [2026-09-05T18:55:29.291+0200] {dag.py:4180} INFO - Setting next_dagrun for dataset_with_extra_by_context to 2026-09-04 00:00:00+00:00, run_after=2026-09-05 00:00:00+00:00
[2026-09-05T18:55:29.293+0200] {logging_mixin.py:190} INFO - [2026-09-05T18:55:29.293+0200] {dag.py:4180} INFO - Setting next_dagrun for dataset_with_extra_by_yield to 2026-09-04 00:00:00+00:00, run_after=2026-09-05 00:00:00+00:00
[2026-09-05T18:55:29.293+0200] {logging_mixin.py:190} INFO - [2026-09-05T18:55:29.293+0200] {dag.py:4180} INFO - Setting next_dagrun for dataset_with_extra_from_classic_operator to 2026-09-04 00:00:00+00:00, run_after=2026-09-05 00:00:00+00:00
[2026-09-05T18:55:29.299+0200] {processor.py:208} INFO - Processing /Users/swarnalidatta/Desktop/AutoQueryChatbot/.airflow-venv/lib/python3.12/site-packages/airflow/example_dags/example_outlet_event_extra.py took 0.065 seconds
[2026-09-05T19:01:47.556+0200] {processor.py:186} INFO - Started process (PID=26847) to work on /Users/swarnalidatta/Desktop/AutoQueryChatbot/.airflow-venv/lib/python3.12/site-packages/airflow/example_dags/example_outlet_event_extra.py
[2026-09-05T19:01:47.557+0200] {processor.py:914} INFO - Processing file /Users/swarnalidatta/Desktop/AutoQueryChatbot/.airflow-venv/lib/python3.12/site-packages/airflow/example_dags/example_outlet_event_extra.py for tasks to queue
[2026-09-05T19:01:47.557+0200] {logging_mixin.py:190} INFO - [2026-09-05T19:01:47.557+0200] {dagbag.py:588} INFO - Filling up the DagBag from /Users/swarnalidatta/Desktop/AutoQueryChatbot/.airflow-venv/lib/python3.12/site-packages/airflow/example_dags/example_outlet_event_extra.py
[2026-09-05T19:01:47.580+0200] {processor.py:925} INFO - DAG(s) 'dataset_with_extra_by_yield', 'dataset_with_extra_by_context', 'dataset_with_extra_from_classic_operator' retrieved from /Users/swarnalidatta/Desktop/AutoQueryChatbot/.airflow-venv/lib/python3.12/site-packages/airflow/example_dags/example_outlet_event_extra.py
[2026-09-05T19:01:47.608+0200] {logging_mixin.py:190} INFO - [2026-09-05T19:01:47.608+0200] {dag.py:3239} INFO - Sync 3 DAGs
[2026-09-05T19:01:47.613+0200] {logging_mixin.py:190} INFO - [2026-09-05T19:01:47.613+0200] {dag.py:4180} INFO - Setting next_dagrun for dataset_with_extra_by_context to 2026-09-04 00:00:00+00:00, run_after=2026-09-05 00:00:00+00:00
[2026-09-05T19:01:47.614+0200] {logging_mixin.py:190} INFO - [2026-09-05T19:01:47.614+0200] {dag.py:4180} INFO - Setting next_dagrun for dataset_with_extra_by_yield to 2026-09-04 00:00:00+00:00, run_after=2026-09-05 00:00:00+00:00
[2026-09-05T19:01:47.615+0200] {logging_mixin.py:190} INFO - [2026-09-05T19:01:47.615+0200] {dag.py:4180} INFO - Setting next_dagrun for dataset_with_extra_from_classic_operator to 2026-09-04 00:00:00+00:00, run_after=2026-09-05 00:00:00+00:00
[2026-09-05T19:01:47.620+0200] {processor.py:208} INFO - Processing /Users/swarnalidatta/Desktop/AutoQueryChatbot/.airflow-venv/lib/python3.12/site-packages/airflow/example_dags/example_outlet_event_extra.py took 0.065 seconds
[2026-09-05T19:04:34.765+0200] {processor.py:186} INFO - Started process (PID=27424) to work on /Users/swarnalidatta/Desktop/AutoQueryChatbot/.airflow-venv/lib/python3.12/site-packages/airflow/example_dags/example_outlet_event_extra.py
[2026-09-05T19:04:34.766+0200] {processor.py:914} INFO - Processing file /Users/swarnalidatta/Desktop/AutoQueryChatbot/.airflow-venv/lib/python3.12/site-packages/airflow/example_dags/example_outlet_event_extra.py for tasks to queue
[2026-09-05T19:04:34.766+0200] {logging_mixin.py:190} INFO - [2026-09-05T19:04:34.766+0200] {dagbag.py:588} INFO - Filling up the DagBag from /Users/swarnalidatta/Desktop/AutoQueryChatbot/.airflow-venv/lib/python3.12/site-packages/airflow/example_dags/example_outlet_event_extra.py
[2026-09-05T19:04:34.790+0200] {processor.py:925} INFO - DAG(s) 'dataset_with_extra_by_yield', 'dataset_with_extra_by_context', 'dataset_with_extra_from_classic_operator' retrieved from /Users/swarnalidatta/Desktop/AutoQueryChatbot/.airflow-venv/lib/python3.12/site-packages/airflow/example_dags/example_outlet_event_extra.py
[2026-09-05T19:04:34.818+0200] {logging_mixin.py:190} INFO - [2026-09-05T19:04:34.818+0200] {dag.py:3239} INFO - Sync 3 DAGs
[2026-09-05T19:04:34.823+0200] {logging_mixin.py:190} INFO - [2026-09-05T19:04:34.823+0200] {dag.py:4180} INFO - Setting next_dagrun for dataset_with_extra_by_context to 2026-09-04 00:00:00+00:00, run_after=2026-09-05 00:00:00+00:00
[2026-09-05T19:04:34.824+0200] {logging_mixin.py:190} INFO - [2026-09-05T19:04:34.824+0200] {dag.py:4180} INFO - Setting next_dagrun for dataset_with_extra_by_yield to 2026-09-04 00:00:00+00:00, run_after=2026-09-05 00:00:00+00:00
[2026-09-05T19:04:34.825+0200] {logging_mixin.py:190} INFO - [2026-09-05T19:04:34.825+0200] {dag.py:4180} INFO - Setting next_dagrun for dataset_with_extra_from_classic_operator to 2026-09-04 00:00:00+00:00, run_after=2026-09-05 00:00:00+00:00
[2026-09-05T19:04:34.830+0200] {processor.py:208} INFO - Processing /Users/swarnalidatta/Desktop/AutoQueryChatbot/.airflow-venv/lib/python3.12/site-packages/airflow/example_dags/example_outlet_event_extra.py took 0.066 seconds
[2026-09-05T19:07:13.468+0200] {processor.py:186} INFO - Started process (PID=28207) to work on /Users/swarnalidatta/Desktop/AutoQueryChatbot/.airflow-venv/lib/python3.12/site-packages/airflow/example_dags/example_outlet_event_extra.py
[2026-09-05T19:07:13.468+0200] {processor.py:914} INFO - Processing file /Users/swarnalidatta/Desktop/AutoQueryChatbot/.airflow-venv/lib/python3.12/site-packages/airflow/example_dags/example_outlet_event_extra.py for tasks to queue
[2026-09-05T19:07:13.468+0200] {logging_mixin.py:190} INFO - [2026-09-05T19:07:13.468+0200] {dagbag.py:588} INFO - Filling up the DagBag from /Users/swarnalidatta/Desktop/AutoQueryChatbot/.airflow-venv/lib/python3.12/site-packages/airflow/example_dags/example_outlet_event_extra.py
[2026-09-05T19:07:13.492+0200] {processor.py:925} INFO - DAG(s) 'dataset_with_extra_by_yield', 'dataset_with_extra_by_context', 'dataset_with_extra_from_classic_operator' retrieved from /Users/swarnalidatta/Desktop/AutoQueryChatbot/.airflow-venv/lib/python3.12/site-packages/airflow/example_dags/example_outlet_event_extra.py
[2026-09-05T19:07:13.519+0200] {logging_mixin.py:190} INFO - [2026-09-05T19:07:13.519+0200] {dag.py:3239} INFO - Sync 3 DAGs
[2026-09-05T19:07:13.525+0200] {logging_mixin.py:190} INFO - [2026-09-05T19:07:13.525+0200] {dag.py:4180} INFO - Setting next_dagrun for dataset_with_extra_by_context to 2026-09-04 00:00:00+00:00, run_after=2026-09-05 00:00:00+00:00
[2026-09-05T19:07:13.526+0200] {logging_mixin.py:190} INFO - [2026-09-05T19:07:13.526+0200] {dag.py:4180} INFO - Setting next_dagrun for dataset_with_extra_by_yield to 2026-09-04 00:00:00+00:00, run_after=2026-09-05 00:00:00+00:00
[2026-09-05T19:07:13.526+0200] {logging_mixin.py:190} INFO - [2026-09-05T19:07:13.526+0200] {dag.py:4180} INFO - Setting next_dagrun for dataset_with_extra_from_classic_operator to 2026-09-04 00:00:00+00:00, run_after=2026-09-05 00:00:00+00:00
[2026-09-05T19:07:13.531+0200] {processor.py:208} INFO - Processing /Users/swarnalidatta/Desktop/AutoQueryChatbot/.airflow-venv/lib/python3.12/site-packages/airflow/example_dags/example_outlet_event_extra.py took 0.065 seconds
[2026-09-05T19:09:53.410+0200] {processor.py:186} INFO - Started process (PID=28779) to work on /Users/swarnalidatta/Desktop/AutoQueryChatbot/.airflow-venv/lib/python3.12/site-packages/airflow/example_dags/example_outlet_event_extra.py
[2026-09-05T19:09:53.411+0200] {processor.py:914} INFO - Processing file /Users/swarnalidatta/Desktop/AutoQueryChatbot/.airflow-venv/lib/python3.12/site-packages/airflow/example_dags/example_outlet_event_extra.py for tasks to queue
[2026-09-05T19:09:53.411+0200] {logging_mixin.py:190} INFO - [2026-09-05T19:09:53.411+0200] {dagbag.py:588} INFO - Filling up the DagBag from /Users/swarnalidatta/Desktop/AutoQueryChatbot/.airflow-venv/lib/python3.12/site-packages/airflow/example_dags/example_outlet_event_extra.py
[2026-09-05T19:09:53.435+0200] {processor.py:925} INFO - DAG(s) 'dataset_with_extra_by_context', 'dataset_with_extra_from_classic_operator', 'dataset_with_extra_by_yield' retrieved from /Users/swarnalidatta/Desktop/AutoQueryChatbot/.airflow-venv/lib/python3.12/site-packages/airflow/example_dags/example_outlet_event_extra.py
[2026-09-05T19:09:53.462+0200] {logging_mixin.py:190} INFO - [2026-09-05T19:09:53.462+0200] {dag.py:3239} INFO - Sync 3 DAGs
[2026-09-05T19:09:53.467+0200] {logging_mixin.py:190} INFO - [2026-09-05T19:09:53.467+0200] {dag.py:4180} INFO - Setting next_dagrun for dataset_with_extra_by_context to 2026-09-04 00:00:00+00:00, run_after=2026-09-05 00:00:00+00:00
[2026-09-05T19:09:53.468+0200] {logging_mixin.py:190} INFO - [2026-09-05T19:09:53.468+0200] {dag.py:4180} INFO - Setting next_dagrun for dataset_with_extra_by_yield to 2026-09-04 00:00:00+00:00, run_after=2026-09-05 00:00:00+00:00
[2026-09-05T19:09:53.469+0200] {logging_mixin.py:190} INFO - [2026-09-05T19:09:53.469+0200] {dag.py:4180} INFO - Setting next_dagrun for dataset_with_extra_from_classic_operator to 2026-09-04 00:00:00+00:00, run_after=2026-09-05 00:00:00+00:00
[2026-09-05T19:09:53.474+0200] {processor.py:208} INFO - Processing /Users/swarnalidatta/Desktop/AutoQueryChatbot/.airflow-venv/lib/python3.12/site-packages/airflow/example_dags/example_outlet_event_extra.py took 0.065 seconds
[2026-09-05T19:12:23.890+0200] {processor.py:186} INFO - Started process (PID=29344) to work on /Users/swarnalidatta/Desktop/AutoQueryChatbot/.airflow-venv/lib/python3.12/site-packages/airflow/example_dags/example_outlet_event_extra.py
[2026-09-05T19:12:23.891+0200] {processor.py:914} INFO - Processing file /Users/swarnalidatta/Desktop/AutoQueryChatbot/.airflow-venv/lib/python3.12/site-packages/airflow/example_dags/example_outlet_event_extra.py for tasks to queue
[2026-09-05T19:12:23.891+0200] {logging_mixin.py:190} INFO - [2026-09-05T19:12:23.891+0200] {dagbag.py:588} INFO - Filling up the DagBag from /Users/swarnalidatta/Desktop/AutoQueryChatbot/.airflow-venv/lib/python3.12/site-packages/airflow/example_dags/example_outlet_event_extra.py
[2026-09-05T19:12:23.914+0200] {processor.py:925} INFO - DAG(s) 'dataset_with_extra_by_context', 'dataset_with_extra_from_classic_operator', 'dataset_with_extra_by_yield' retrieved from /Users/swarnalidatta/Desktop/AutoQueryChatbot/.airflow-venv/lib/python3.12/site-packages/airflow/example_dags/example_outlet_event_extra.py
[2026-09-05T19:12:23.942+0200] {logging_mixin.py:190} INFO - [2026-09-05T19:12:23.942+0200] {dag.py:3239} INFO - Sync 3 DAGs
[2026-09-05T19:12:23.948+0200] {logging_mixin.py:190} INFO - [2026-09-05T19:12:23.947+0200] {dag.py:4180} INFO - Setting next_dagrun for dataset_with_extra_by_context to 2026-09-04 00:00:00+00:00, run_after=2026-09-05 00:00:00+00:00
[2026-09-05T19:12:23.949+0200] {logging_mixin.py:190} INFO - [2026-09-05T19:12:23.949+0200] {dag.py:4180} INFO - Setting next_dagrun for dataset_with_extra_by_yield to 2026-09-04 00:00:00+00:00, run_after=2026-09-05 00:00:00+00:00
[2026-09-05T19:12:23.949+0200] {logging_mixin.py:190} INFO - [2026-09-05T19:12:23.949+0200] {dag.py:4180} INFO - Setting next_dagrun for dataset_with_extra_from_classic_operator to 2026-09-04 00:00:00+00:00, run_after=2026-09-05 00:00:00+00:00
[2026-09-05T19:12:23.955+0200] {processor.py:208} INFO - Processing /Users/swarnalidatta/Desktop/AutoQueryChatbot/.airflow-venv/lib/python3.12/site-packages/airflow/example_dags/example_outlet_event_extra.py took 0.066 seconds
[2026-09-05T19:14:58.698+0200] {processor.py:186} INFO - Started process (PID=29924) to work on /Users/swarnalidatta/Desktop/AutoQueryChatbot/.airflow-venv/lib/python3.12/site-packages/airflow/example_dags/example_outlet_event_extra.py
[2026-09-05T19:14:58.698+0200] {processor.py:914} INFO - Processing file /Users/swarnalidatta/Desktop/AutoQueryChatbot/.airflow-venv/lib/python3.12/site-packages/airflow/example_dags/example_outlet_event_extra.py for tasks to queue
[2026-09-05T19:14:58.698+0200] {logging_mixin.py:190} INFO - [2026-09-05T19:14:58.698+0200] {dagbag.py:588} INFO - Filling up the DagBag from /Users/swarnalidatta/Desktop/AutoQueryChatbot/.airflow-venv/lib/python3.12/site-packages/airflow/example_dags/example_outlet_event_extra.py
[2026-09-05T19:14:58.722+0200] {processor.py:925} INFO - DAG(s) 'dataset_with_extra_by_context', 'dataset_with_extra_from_classic_operator', 'dataset_with_extra_by_yield' retrieved from /Users/swarnalidatta/Desktop/AutoQueryChatbot/.airflow-venv/lib/python3.12/site-packages/airflow/example_dags/example_outlet_event_extra.py
[2026-09-05T19:14:58.751+0200] {logging_mixin.py:190} INFO - [2026-09-05T19:14:58.750+0200] {dag.py:3239} INFO - Sync 3 DAGs
[2026-09-05T19:14:58.756+0200] {logging_mixin.py:190} INFO - [2026-09-05T19:14:58.756+0200] {dag.py:4180} INFO - Setting next_dagrun for dataset_with_extra_by_context to 2026-09-04 00:00:00+00:00, run_after=2026-09-05 00:00:00+00:00
[2026-09-05T19:14:58.757+0200] {logging_mixin.py:190} INFO - [2026-09-05T19:14:58.757+0200] {dag.py:4180} INFO - Setting next_dagrun for dataset_with_extra_by_yield to 2026-09-04 00:00:00+00:00, run_after=2026-09-05 00:00:00+00:00
[2026-09-05T19:14:58.758+0200] {logging_mixin.py:190} INFO - [2026-09-05T19:14:58.757+0200] {dag.py:4180} INFO - Setting next_dagrun for dataset_with_extra_from_classic_operator to 2026-09-04 00:00:00+00:00, run_after=2026-09-05 00:00:00+00:00
[2026-09-05T19:14:58.763+0200] {processor.py:208} INFO - Processing /Users/swarnalidatta/Desktop/AutoQueryChatbot/.airflow-venv/lib/python3.12/site-packages/airflow/example_dags/example_outlet_event_extra.py took 0.066 seconds
[2026-09-05T19:17:30.984+0200] {processor.py:186} INFO - Started process (PID=30490) to work on /Users/swarnalidatta/Desktop/AutoQueryChatbot/.airflow-venv/lib/python3.12/site-packages/airflow/example_dags/example_outlet_event_extra.py
[2026-09-05T19:17:30.984+0200] {processor.py:914} INFO - Processing file /Users/swarnalidatta/Desktop/AutoQueryChatbot/.airflow-venv/lib/python3.12/site-packages/airflow/example_dags/example_outlet_event_extra.py for tasks to queue
[2026-09-05T19:17:30.985+0200] {logging_mixin.py:190} INFO - [2026-09-05T19:17:30.985+0200] {dagbag.py:588} INFO - Filling up the DagBag from /Users/swarnalidatta/Desktop/AutoQueryChatbot/.airflow-venv/lib/python3.12/site-packages/airflow/example_dags/example_outlet_event_extra.py
[2026-09-05T19:17:31.008+0200] {processor.py:925} INFO - DAG(s) 'dataset_with_extra_by_yield', 'dataset_with_extra_by_context', 'dataset_with_extra_from_classic_operator' retrieved from /Users/swarnalidatta/Desktop/AutoQueryChatbot/.airflow-venv/lib/python3.12/site-packages/airflow/example_dags/example_outlet_event_extra.py
[2026-09-05T19:17:31.036+0200] {logging_mixin.py:190} INFO - [2026-09-05T19:17:31.036+0200] {dag.py:3239} INFO - Sync 3 DAGs
[2026-09-05T19:17:31.041+0200] {logging_mixin.py:190} INFO - [2026-09-05T19:17:31.041+0200] {dag.py:4180} INFO - Setting next_dagrun for dataset_with_extra_by_context to 2026-09-04 00:00:00+00:00, run_after=2026-09-05 00:00:00+00:00
[2026-09-05T19:17:31.043+0200] {logging_mixin.py:190} INFO - [2026-09-05T19:17:31.043+0200] {dag.py:4180} INFO - Setting next_dagrun for dataset_with_extra_by_yield to 2026-09-04 00:00:00+00:00, run_after=2026-09-05 00:00:00+00:00
[2026-09-05T19:17:31.043+0200] {logging_mixin.py:190} INFO - [2026-09-05T19:17:31.043+0200] {dag.py:4180} INFO - Setting next_dagrun for dataset_with_extra_from_classic_operator to 2026-09-04 00:00:00+00:00, run_after=2026-09-05 00:00:00+00:00
[2026-09-05T19:17:31.048+0200] {processor.py:208} INFO - Processing /Users/swarnalidatta/Desktop/AutoQueryChatbot/.airflow-venv/lib/python3.12/site-packages/airflow/example_dags/example_outlet_event_extra.py took 0.066 seconds
[2026-09-05T19:20:03.878+0200] {processor.py:186} INFO - Started process (PID=31029) to work on /Users/swarnalidatta/Desktop/AutoQueryChatbot/.airflow-venv/lib/python3.12/site-packages/airflow/example_dags/example_outlet_event_extra.py
[2026-09-05T19:20:03.878+0200] {processor.py:914} INFO - Processing file /Users/swarnalidatta/Desktop/AutoQueryChatbot/.airflow-venv/lib/python3.12/site-packages/airflow/example_dags/example_outlet_event_extra.py for tasks to queue
[2026-09-05T19:20:03.879+0200] {logging_mixin.py:190} INFO - [2026-09-05T19:20:03.879+0200] {dagbag.py:588} INFO - Filling up the DagBag from /Users/swarnalidatta/Desktop/AutoQueryChatbot/.airflow-venv/lib/python3.12/site-packages/airflow/example_dags/example_outlet_event_extra.py
[2026-09-05T19:20:03.902+0200] {processor.py:925} INFO - DAG(s) 'dataset_with_extra_by_yield', 'dataset_with_extra_from_classic_operator', 'dataset_with_extra_by_context' retrieved from /Users/swarnalidatta/Desktop/AutoQueryChatbot/.airflow-venv/lib/python3.12/site-packages/airflow/example_dags/example_outlet_event_extra.py
[2026-09-05T19:20:03.930+0200] {logging_mixin.py:190} INFO - [2026-09-05T19:20:03.930+0200] {dag.py:3239} INFO - Sync 3 DAGs
[2026-09-05T19:20:03.935+0200] {logging_mixin.py:190} INFO - [2026-09-05T19:20:03.935+0200] {dag.py:4180} INFO - Setting next_dagrun for dataset_with_extra_by_context to 2026-09-04 00:00:00+00:00, run_after=2026-09-05 00:00:00+00:00
[2026-09-05T19:20:03.936+0200] {logging_mixin.py:190} INFO - [2026-09-05T19:20:03.936+0200] {dag.py:4180} INFO - Setting next_dagrun for dataset_with_extra_by_yield to 2026-09-04 00:00:00+00:00, run_after=2026-09-05 00:00:00+00:00
[2026-09-05T19:20:03.937+0200] {logging_mixin.py:190} INFO - [2026-09-05T19:20:03.937+0200] {dag.py:4180} INFO - Setting next_dagrun for dataset_with_extra_from_classic_operator to 2026-09-04 00:00:00+00:00, run_after=2026-09-05 00:00:00+00:00
[2026-09-05T19:20:03.942+0200] {processor.py:208} INFO - Processing /Users/swarnalidatta/Desktop/AutoQueryChatbot/.airflow-venv/lib/python3.12/site-packages/airflow/example_dags/example_outlet_event_extra.py took 0.066 seconds
[2026-09-05T19:31:40.521+0200] {processor.py:186} INFO - Started process (PID=31604) to work on /Users/swarnalidatta/Desktop/AutoQueryChatbot/.airflow-venv/lib/python3.12/site-packages/airflow/example_dags/example_outlet_event_extra.py
[2026-09-05T19:31:40.522+0200] {processor.py:914} INFO - Processing file /Users/swarnalidatta/Desktop/AutoQueryChatbot/.airflow-venv/lib/python3.12/site-packages/airflow/example_dags/example_outlet_event_extra.py for tasks to queue
[2026-09-05T19:31:40.522+0200] {logging_mixin.py:190} INFO - [2026-09-05T19:31:40.522+0200] {dagbag.py:588} INFO - Filling up the DagBag from /Users/swarnalidatta/Desktop/AutoQueryChatbot/.airflow-venv/lib/python3.12/site-packages/airflow/example_dags/example_outlet_event_extra.py
[2026-09-05T19:31:40.545+0200] {processor.py:925} INFO - DAG(s) 'dataset_with_extra_by_yield', 'dataset_with_extra_from_classic_operator', 'dataset_with_extra_by_context' retrieved from /Users/swarnalidatta/Desktop/AutoQueryChatbot/.airflow-venv/lib/python3.12/site-packages/airflow/example_dags/example_outlet_event_extra.py
[2026-09-05T19:31:40.574+0200] {logging_mixin.py:190} INFO - [2026-09-05T19:31:40.573+0200] {dag.py:3239} INFO - Sync 3 DAGs
[2026-09-05T19:31:40.579+0200] {logging_mixin.py:190} INFO - [2026-09-05T19:31:40.579+0200] {dag.py:4180} INFO - Setting next_dagrun for dataset_with_extra_by_context to 2026-09-04 00:00:00+00:00, run_after=2026-09-05 00:00:00+00:00
[2026-09-05T19:31:40.580+0200] {logging_mixin.py:190} INFO - [2026-09-05T19:31:40.580+0200] {dag.py:4180} INFO - Setting next_dagrun for dataset_with_extra_by_yield to 2026-09-04 00:00:00+00:00, run_after=2026-09-05 00:00:00+00:00
[2026-09-05T19:31:40.581+0200] {logging_mixin.py:190} INFO - [2026-09-05T19:31:40.581+0200] {dag.py:4180} INFO - Setting next_dagrun for dataset_with_extra_from_classic_operator to 2026-09-04 00:00:00+00:00, run_after=2026-09-05 00:00:00+00:00
[2026-09-05T19:31:40.586+0200] {processor.py:208} INFO - Processing /Users/swarnalidatta/Desktop/AutoQueryChatbot/.airflow-venv/lib/python3.12/site-packages/airflow/example_dags/example_outlet_event_extra.py took 0.066 seconds
[2026-09-05T19:34:28.444+0200] {processor.py:186} INFO - Started process (PID=32190) to work on /Users/swarnalidatta/Desktop/AutoQueryChatbot/.airflow-venv/lib/python3.12/site-packages/airflow/example_dags/example_outlet_event_extra.py
[2026-09-05T19:34:28.444+0200] {processor.py:914} INFO - Processing file /Users/swarnalidatta/Desktop/AutoQueryChatbot/.airflow-venv/lib/python3.12/site-packages/airflow/example_dags/example_outlet_event_extra.py for tasks to queue
[2026-09-05T19:34:28.445+0200] {logging_mixin.py:190} INFO - [2026-09-05T19:34:28.444+0200] {dagbag.py:588} INFO - Filling up the DagBag from /Users/swarnalidatta/Desktop/AutoQueryChatbot/.airflow-venv/lib/python3.12/site-packages/airflow/example_dags/example_outlet_event_extra.py
[2026-09-05T19:34:28.468+0200] {processor.py:925} INFO - DAG(s) 'dataset_with_extra_by_yield', 'dataset_with_extra_by_context', 'dataset_with_extra_from_classic_operator' retrieved from /Users/swarnalidatta/Desktop/AutoQueryChatbot/.airflow-venv/lib/python3.12/site-packages/airflow/example_dags/example_outlet_event_extra.py
[2026-09-05T19:34:28.497+0200] {logging_mixin.py:190} INFO - [2026-09-05T19:34:28.496+0200] {dag.py:3239} INFO - Sync 3 DAGs
[2026-09-05T19:34:28.502+0200] {logging_mixin.py:190} INFO - [2026-09-05T19:34:28.502+0200] {dag.py:4180} INFO - Setting next_dagrun for dataset_with_extra_by_context to 2026-09-04 00:00:00+00:00, run_after=2026-09-05 00:00:00+00:00
[2026-09-05T19:34:28.503+0200] {logging_mixin.py:190} INFO - [2026-09-05T19:34:28.503+0200] {dag.py:4180} INFO - Setting next_dagrun for dataset_with_extra_by_yield to 2026-09-04 00:00:00+00:00, run_after=2026-09-05 00:00:00+00:00
[2026-09-05T19:34:28.504+0200] {logging_mixin.py:190} INFO - [2026-09-05T19:34:28.504+0200] {dag.py:4180} INFO - Setting next_dagrun for dataset_with_extra_from_classic_operator to 2026-09-04 00:00:00+00:00, run_after=2026-09-05 00:00:00+00:00
[2026-09-05T19:34:28.509+0200] {processor.py:208} INFO - Processing /Users/swarnalidatta/Desktop/AutoQueryChatbot/.airflow-venv/lib/python3.12/site-packages/airflow/example_dags/example_outlet_event_extra.py took 0.066 seconds
[2026-09-05T19:37:06.537+0200] {processor.py:186} INFO - Started process (PID=32975) to work on /Users/swarnalidatta/Desktop/AutoQueryChatbot/.airflow-venv/lib/python3.12/site-packages/airflow/example_dags/example_outlet_event_extra.py
[2026-09-05T19:37:06.538+0200] {processor.py:914} INFO - Processing file /Users/swarnalidatta/Desktop/AutoQueryChatbot/.airflow-venv/lib/python3.12/site-packages/airflow/example_dags/example_outlet_event_extra.py for tasks to queue
[2026-09-05T19:37:06.538+0200] {logging_mixin.py:190} INFO - [2026-09-05T19:37:06.538+0200] {dagbag.py:588} INFO - Filling up the DagBag from /Users/swarnalidatta/Desktop/AutoQueryChatbot/.airflow-venv/lib/python3.12/site-packages/airflow/example_dags/example_outlet_event_extra.py
[2026-09-05T19:37:06.563+0200] {processor.py:925} INFO - DAG(s) 'dataset_with_extra_by_context', 'dataset_with_extra_by_yield', 'dataset_with_extra_from_classic_operator' retrieved from /Users/swarnalidatta/Desktop/AutoQueryChatbot/.airflow-venv/lib/python3.12/site-packages/airflow/example_dags/example_outlet_event_extra.py
[2026-09-05T19:37:06.592+0200] {logging_mixin.py:190} INFO - [2026-09-05T19:37:06.591+0200] {dag.py:3239} INFO - Sync 3 DAGs
[2026-09-05T19:37:06.597+0200] {logging_mixin.py:190} INFO - [2026-09-05T19:37:06.597+0200] {dag.py:4180} INFO - Setting next_dagrun for dataset_with_extra_by_context to 2026-09-04 00:00:00+00:00, run_after=2026-09-05 00:00:00+00:00
[2026-09-05T19:37:06.598+0200] {logging_mixin.py:190} INFO - [2026-09-05T19:37:06.598+0200] {dag.py:4180} INFO - Setting next_dagrun for dataset_with_extra_by_yield to 2026-09-04 00:00:00+00:00, run_after=2026-09-05 00:00:00+00:00
[2026-09-05T19:37:06.599+0200] {logging_mixin.py:190} INFO - [2026-09-05T19:37:06.599+0200] {dag.py:4180} INFO - Setting next_dagrun for dataset_with_extra_from_classic_operator to 2026-09-04 00:00:00+00:00, run_after=2026-09-05 00:00:00+00:00
[2026-09-05T19:37:06.604+0200] {processor.py:208} INFO - Processing /Users/swarnalidatta/Desktop/AutoQueryChatbot/.airflow-venv/lib/python3.12/site-packages/airflow/example_dags/example_outlet_event_extra.py took 0.068 seconds
[2026-09-05T19:39:30.834+0200] {processor.py:186} INFO - Started process (PID=33534) to work on /Users/swarnalidatta/Desktop/AutoQueryChatbot/.airflow-venv/lib/python3.12/site-packages/airflow/example_dags/example_outlet_event_extra.py
[2026-09-05T19:39:30.834+0200] {processor.py:914} INFO - Processing file /Users/swarnalidatta/Desktop/AutoQueryChatbot/.airflow-venv/lib/python3.12/site-packages/airflow/example_dags/example_outlet_event_extra.py for tasks to queue
[2026-09-05T19:39:30.835+0200] {logging_mixin.py:190} INFO - [2026-09-05T19:39:30.835+0200] {dagbag.py:588} INFO - Filling up the DagBag from /Users/swarnalidatta/Desktop/AutoQueryChatbot/.airflow-venv/lib/python3.12/site-packages/airflow/example_dags/example_outlet_event_extra.py
[2026-09-05T19:39:30.859+0200] {processor.py:925} INFO - DAG(s) 'dataset_with_extra_from_classic_operator', 'dataset_with_extra_by_context', 'dataset_with_extra_by_yield' retrieved from /Users/swarnalidatta/Desktop/AutoQueryChatbot/.airflow-venv/lib/python3.12/site-packages/airflow/example_dags/example_outlet_event_extra.py
[2026-09-05T19:39:30.887+0200] {logging_mixin.py:190} INFO - [2026-09-05T19:39:30.887+0200] {dag.py:3239} INFO - Sync 3 DAGs
[2026-09-05T19:39:30.892+0200] {logging_mixin.py:190} INFO - [2026-09-05T19:39:30.892+0200] {dag.py:4180} INFO - Setting next_dagrun for dataset_with_extra_by_context to 2026-09-04 00:00:00+00:00, run_after=2026-09-05 00:00:00+00:00
[2026-09-05T19:39:30.893+0200] {logging_mixin.py:190} INFO - [2026-09-05T19:39:30.893+0200] {dag.py:4180} INFO - Setting next_dagrun for dataset_with_extra_by_yield to 2026-09-04 00:00:00+00:00, run_after=2026-09-05 00:00:00+00:00
[2026-09-05T19:39:30.894+0200] {logging_mixin.py:190} INFO - [2026-09-05T19:39:30.894+0200] {dag.py:4180} INFO - Setting next_dagrun for dataset_with_extra_from_classic_operator to 2026-09-04 00:00:00+00:00, run_after=2026-09-05 00:00:00+00:00
[2026-09-05T19:39:30.900+0200] {processor.py:208} INFO - Processing /Users/swarnalidatta/Desktop/AutoQueryChatbot/.airflow-venv/lib/python3.12/site-packages/airflow/example_dags/example_outlet_event_extra.py took 0.067 seconds
[2026-09-05T19:41:58.886+0200] {processor.py:186} INFO - Started process (PID=34116) to work on /Users/swarnalidatta/Desktop/AutoQueryChatbot/.airflow-venv/lib/python3.12/site-packages/airflow/example_dags/example_outlet_event_extra.py
[2026-09-05T19:41:58.886+0200] {processor.py:914} INFO - Processing file /Users/swarnalidatta/Desktop/AutoQueryChatbot/.airflow-venv/lib/python3.12/site-packages/airflow/example_dags/example_outlet_event_extra.py for tasks to queue
[2026-09-05T19:41:58.886+0200] {logging_mixin.py:190} INFO - [2026-09-05T19:41:58.886+0200] {dagbag.py:588} INFO - Filling up the DagBag from /Users/swarnalidatta/Desktop/AutoQueryChatbot/.airflow-venv/lib/python3.12/site-packages/airflow/example_dags/example_outlet_event_extra.py
[2026-09-05T19:41:58.910+0200] {processor.py:925} INFO - DAG(s) 'dataset_with_extra_by_yield', 'dataset_with_extra_from_classic_operator', 'dataset_with_extra_by_context' retrieved from /Users/swarnalidatta/Desktop/AutoQueryChatbot/.airflow-venv/lib/python3.12/site-packages/airflow/example_dags/example_outlet_event_extra.py
[2026-09-05T19:41:58.938+0200] {logging_mixin.py:190} INFO - [2026-09-05T19:41:58.937+0200] {dag.py:3239} INFO - Sync 3 DAGs
[2026-09-05T19:41:58.943+0200] {logging_mixin.py:190} INFO - [2026-09-05T19:41:58.943+0200] {dag.py:4180} INFO - Setting next_dagrun for dataset_with_extra_by_context to 2026-09-04 00:00:00+00:00, run_after=2026-09-05 00:00:00+00:00
[2026-09-05T19:41:58.944+0200] {logging_mixin.py:190} INFO - [2026-09-05T19:41:58.944+0200] {dag.py:4180} INFO - Setting next_dagrun for dataset_with_extra_by_yield to 2026-09-04 00:00:00+00:00, run_after=2026-09-05 00:00:00+00:00
[2026-09-05T19:41:58.944+0200] {logging_mixin.py:190} INFO - [2026-09-05T19:41:58.944+0200] {dag.py:4180} INFO - Setting next_dagrun for dataset_with_extra_from_classic_operator to 2026-09-04 00:00:00+00:00, run_after=2026-09-05 00:00:00+00:00
[2026-09-05T19:41:58.950+0200] {processor.py:208} INFO - Processing /Users/swarnalidatta/Desktop/AutoQueryChatbot/.airflow-venv/lib/python3.12/site-packages/airflow/example_dags/example_outlet_event_extra.py took 0.065 seconds
[2026-09-05T19:44:25.031+0200] {processor.py:186} INFO - Started process (PID=34628) to work on /Users/swarnalidatta/Desktop/AutoQueryChatbot/.airflow-venv/lib/python3.12/site-packages/airflow/example_dags/example_outlet_event_extra.py
[2026-09-05T19:44:25.031+0200] {processor.py:914} INFO - Processing file /Users/swarnalidatta/Desktop/AutoQueryChatbot/.airflow-venv/lib/python3.12/site-packages/airflow/example_dags/example_outlet_event_extra.py for tasks to queue
[2026-09-05T19:44:25.032+0200] {logging_mixin.py:190} INFO - [2026-09-05T19:44:25.032+0200] {dagbag.py:588} INFO - Filling up the DagBag from /Users/swarnalidatta/Desktop/AutoQueryChatbot/.airflow-venv/lib/python3.12/site-packages/airflow/example_dags/example_outlet_event_extra.py
[2026-09-05T19:44:25.055+0200] {processor.py:925} INFO - DAG(s) 'dataset_with_extra_by_context', 'dataset_with_extra_by_yield', 'dataset_with_extra_from_classic_operator' retrieved from /Users/swarnalidatta/Desktop/AutoQueryChatbot/.airflow-venv/lib/python3.12/site-packages/airflow/example_dags/example_outlet_event_extra.py
[2026-09-05T19:44:25.083+0200] {logging_mixin.py:190} INFO - [2026-09-05T19:44:25.083+0200] {dag.py:3239} INFO - Sync 3 DAGs
[2026-09-05T19:44:25.088+0200] {logging_mixin.py:190} INFO - [2026-09-05T19:44:25.088+0200] {dag.py:4180} INFO - Setting next_dagrun for dataset_with_extra_by_context to 2026-09-04 00:00:00+00:00, run_after=2026-09-05 00:00:00+00:00
[2026-09-05T19:44:25.089+0200] {logging_mixin.py:190} INFO - [2026-09-05T19:44:25.089+0200] {dag.py:4180} INFO - Setting next_dagrun for dataset_with_extra_by_yield to 2026-09-04 00:00:00+00:00, run_after=2026-09-05 00:00:00+00:00
[2026-09-05T19:44:25.089+0200] {logging_mixin.py:190} INFO - [2026-09-05T19:44:25.089+0200] {dag.py:4180} INFO - Setting next_dagrun for dataset_with_extra_from_classic_operator to 2026-09-04 00:00:00+00:00, run_after=2026-09-05 00:00:00+00:00
[2026-09-05T19:44:25.095+0200] {processor.py:208} INFO - Processing /Users/swarnalidatta/Desktop/AutoQueryChatbot/.airflow-venv/lib/python3.12/site-packages/airflow/example_dags/example_outlet_event_extra.py took 0.065 seconds
[2026-09-05T19:46:52.507+0200] {processor.py:186} INFO - Started process (PID=35196) to work on /Users/swarnalidatta/Desktop/AutoQueryChatbot/.airflow-venv/lib/python3.12/site-packages/airflow/example_dags/example_outlet_event_extra.py
[2026-09-05T19:46:52.507+0200] {processor.py:914} INFO - Processing file /Users/swarnalidatta/Desktop/AutoQueryChatbot/.airflow-venv/lib/python3.12/site-packages/airflow/example_dags/example_outlet_event_extra.py for tasks to queue
[2026-09-05T19:46:52.508+0200] {logging_mixin.py:190} INFO - [2026-09-05T19:46:52.508+0200] {dagbag.py:588} INFO - Filling up the DagBag from /Users/swarnalidatta/Desktop/AutoQueryChatbot/.airflow-venv/lib/python3.12/site-packages/airflow/example_dags/example_outlet_event_extra.py
[2026-09-05T19:46:52.531+0200] {processor.py:925} INFO - DAG(s) 'dataset_with_extra_by_yield', 'dataset_with_extra_by_context', 'dataset_with_extra_from_classic_operator' retrieved from /Users/swarnalidatta/Desktop/AutoQueryChatbot/.airflow-venv/lib/python3.12/site-packages/airflow/example_dags/example_outlet_event_extra.py
[2026-09-05T19:46:52.561+0200] {logging_mixin.py:190} INFO - [2026-09-05T19:46:52.561+0200] {dag.py:3239} INFO - Sync 3 DAGs
[2026-09-05T19:46:52.567+0200] {logging_mixin.py:190} INFO - [2026-09-05T19:46:52.567+0200] {dag.py:4180} INFO - Setting next_dagrun for dataset_with_extra_by_context to 2026-09-04 00:00:00+00:00, run_after=2026-09-05 00:00:00+00:00
[2026-09-05T19:46:52.568+0200] {logging_mixin.py:190} INFO - [2026-09-05T19:46:52.568+0200] {dag.py:4180} INFO - Setting next_dagrun for dataset_with_extra_by_yield to 2026-09-04 00:00:00+00:00, run_after=2026-09-05 00:00:00+00:00
[2026-09-05T19:46:52.568+0200] {logging_mixin.py:190} INFO - [2026-09-05T19:46:52.568+0200] {dag.py:4180} INFO - Setting next_dagrun for dataset_with_extra_from_classic_operator to 2026-09-04 00:00:00+00:00, run_after=2026-09-05 00:00:00+00:00
[2026-09-05T19:46:52.574+0200] {processor.py:208} INFO - Processing /Users/swarnalidatta/Desktop/AutoQueryChatbot/.airflow-venv/lib/python3.12/site-packages/airflow/example_dags/example_outlet_event_extra.py took 0.068 seconds
[2026-09-05T19:49:18.332+0200] {processor.py:186} INFO - Started process (PID=35727) to work on /Users/swarnalidatta/Desktop/AutoQueryChatbot/.airflow-venv/lib/python3.12/site-packages/airflow/example_dags/example_outlet_event_extra.py
[2026-09-05T19:49:18.332+0200] {processor.py:914} INFO - Processing file /Users/swarnalidatta/Desktop/AutoQueryChatbot/.airflow-venv/lib/python3.12/site-packages/airflow/example_dags/example_outlet_event_extra.py for tasks to queue
[2026-09-05T19:49:18.332+0200] {logging_mixin.py:190} INFO - [2026-09-05T19:49:18.332+0200] {dagbag.py:588} INFO - Filling up the DagBag from /Users/swarnalidatta/Desktop/AutoQueryChatbot/.airflow-venv/lib/python3.12/site-packages/airflow/example_dags/example_outlet_event_extra.py
[2026-09-05T19:49:18.356+0200] {processor.py:925} INFO - DAG(s) 'dataset_with_extra_by_context', 'dataset_with_extra_from_classic_operator', 'dataset_with_extra_by_yield' retrieved from /Users/swarnalidatta/Desktop/AutoQueryChatbot/.airflow-venv/lib/python3.12/site-packages/airflow/example_dags/example_outlet_event_extra.py
[2026-09-05T19:49:18.384+0200] {logging_mixin.py:190} INFO - [2026-09-05T19:49:18.384+0200] {dag.py:3239} INFO - Sync 3 DAGs
[2026-09-05T19:49:18.389+0200] {logging_mixin.py:190} INFO - [2026-09-05T19:49:18.389+0200] {dag.py:4180} INFO - Setting next_dagrun for dataset_with_extra_by_context to 2026-09-04 00:00:00+00:00, run_after=2026-09-05 00:00:00+00:00
[2026-09-05T19:49:18.390+0200] {logging_mixin.py:190} INFO - [2026-09-05T19:49:18.390+0200] {dag.py:4180} INFO - Setting next_dagrun for dataset_with_extra_by_yield to 2026-09-04 00:00:00+00:00, run_after=2026-09-05 00:00:00+00:00
[2026-09-05T19:49:18.391+0200] {logging_mixin.py:190} INFO - [2026-09-05T19:49:18.391+0200] {dag.py:4180} INFO - Setting next_dagrun for dataset_with_extra_from_classic_operator to 2026-09-04 00:00:00+00:00, run_after=2026-09-05 00:00:00+00:00
[2026-09-05T19:49:18.396+0200] {processor.py:208} INFO - Processing /Users/swarnalidatta/Desktop/AutoQueryChatbot/.airflow-venv/lib/python3.12/site-packages/airflow/example_dags/example_outlet_event_extra.py took 0.065 seconds
[2026-09-05T19:51:51.322+0200] {processor.py:186} INFO - Started process (PID=36473) to work on /Users/swarnalidatta/Desktop/AutoQueryChatbot/.airflow-venv/lib/python3.12/site-packages/airflow/example_dags/example_outlet_event_extra.py
[2026-09-05T19:51:51.322+0200] {processor.py:914} INFO - Processing file /Users/swarnalidatta/Desktop/AutoQueryChatbot/.airflow-venv/lib/python3.12/site-packages/airflow/example_dags/example_outlet_event_extra.py for tasks to queue
[2026-09-05T19:51:51.323+0200] {logging_mixin.py:190} INFO - [2026-09-05T19:51:51.323+0200] {dagbag.py:588} INFO - Filling up the DagBag from /Users/swarnalidatta/Desktop/AutoQueryChatbot/.airflow-venv/lib/python3.12/site-packages/airflow/example_dags/example_outlet_event_extra.py
[2026-09-05T19:51:51.347+0200] {processor.py:925} INFO - DAG(s) 'dataset_with_extra_from_classic_operator', 'dataset_with_extra_by_context', 'dataset_with_extra_by_yield' retrieved from /Users/swarnalidatta/Desktop/AutoQueryChatbot/.airflow-venv/lib/python3.12/site-packages/airflow/example_dags/example_outlet_event_extra.py
[2026-09-05T19:51:51.375+0200] {logging_mixin.py:190} INFO - [2026-09-05T19:51:51.375+0200] {dag.py:3239} INFO - Sync 3 DAGs
[2026-09-05T19:51:51.380+0200] {logging_mixin.py:190} INFO - [2026-09-05T19:51:51.380+0200] {dag.py:4180} INFO - Setting next_dagrun for dataset_with_extra_by_context to 2026-09-04 00:00:00+00:00, run_after=2026-09-05 00:00:00+00:00
[2026-09-05T19:51:51.381+0200] {logging_mixin.py:190} INFO - [2026-09-05T19:51:51.381+0200] {dag.py:4180} INFO - Setting next_dagrun for dataset_with_extra_by_yield to 2026-09-04 00:00:00+00:00, run_after=2026-09-05 00:00:00+00:00
[2026-09-05T19:51:51.382+0200] {logging_mixin.py:190} INFO - [2026-09-05T19:51:51.382+0200] {dag.py:4180} INFO - Setting next_dagrun for dataset_with_extra_from_classic_operator to 2026-09-04 00:00:00+00:00, run_after=2026-09-05 00:00:00+00:00
[2026-09-05T19:51:51.388+0200] {processor.py:208} INFO - Processing /Users/swarnalidatta/Desktop/AutoQueryChatbot/.airflow-venv/lib/python3.12/site-packages/airflow/example_dags/example_outlet_event_extra.py took 0.067 seconds
[2026-09-05T19:54:47.557+0200] {processor.py:186} INFO - Started process (PID=37096) to work on /Users/swarnalidatta/Desktop/AutoQueryChatbot/.airflow-venv/lib/python3.12/site-packages/airflow/example_dags/example_outlet_event_extra.py
[2026-09-05T19:54:47.558+0200] {processor.py:914} INFO - Processing file /Users/swarnalidatta/Desktop/AutoQueryChatbot/.airflow-venv/lib/python3.12/site-packages/airflow/example_dags/example_outlet_event_extra.py for tasks to queue
[2026-09-05T19:54:47.558+0200] {logging_mixin.py:190} INFO - [2026-09-05T19:54:47.558+0200] {dagbag.py:588} INFO - Filling up the DagBag from /Users/swarnalidatta/Desktop/AutoQueryChatbot/.airflow-venv/lib/python3.12/site-packages/airflow/example_dags/example_outlet_event_extra.py
[2026-09-05T19:54:47.583+0200] {processor.py:925} INFO - DAG(s) 'dataset_with_extra_by_context', 'dataset_with_extra_by_yield', 'dataset_with_extra_from_classic_operator' retrieved from /Users/swarnalidatta/Desktop/AutoQueryChatbot/.airflow-venv/lib/python3.12/site-packages/airflow/example_dags/example_outlet_event_extra.py
[2026-09-05T19:54:47.613+0200] {logging_mixin.py:190} INFO - [2026-09-05T19:54:47.613+0200] {dag.py:3239} INFO - Sync 3 DAGs
[2026-09-05T19:54:47.619+0200] {logging_mixin.py:190} INFO - [2026-09-05T19:54:47.619+0200] {dag.py:4180} INFO - Setting next_dagrun for dataset_with_extra_by_context to 2026-09-04 00:00:00+00:00, run_after=2026-09-05 00:00:00+00:00
[2026-09-05T19:54:47.620+0200] {logging_mixin.py:190} INFO - [2026-09-05T19:54:47.620+0200] {dag.py:4180} INFO - Setting next_dagrun for dataset_with_extra_by_yield to 2026-09-04 00:00:00+00:00, run_after=2026-09-05 00:00:00+00:00
[2026-09-05T19:54:47.620+0200] {logging_mixin.py:190} INFO - [2026-09-05T19:54:47.620+0200] {dag.py:4180} INFO - Setting next_dagrun for dataset_with_extra_from_classic_operator to 2026-09-04 00:00:00+00:00, run_after=2026-09-05 00:00:00+00:00
[2026-09-05T19:54:47.627+0200] {processor.py:208} INFO - Processing /Users/swarnalidatta/Desktop/AutoQueryChatbot/.airflow-venv/lib/python3.12/site-packages/airflow/example_dags/example_outlet_event_extra.py took 0.071 seconds
[2026-09-05T19:57:24.721+0200] {processor.py:186} INFO - Started process (PID=37598) to work on /Users/swarnalidatta/Desktop/AutoQueryChatbot/.airflow-venv/lib/python3.12/site-packages/airflow/example_dags/example_outlet_event_extra.py
[2026-09-05T19:57:24.721+0200] {processor.py:914} INFO - Processing file /Users/swarnalidatta/Desktop/AutoQueryChatbot/.airflow-venv/lib/python3.12/site-packages/airflow/example_dags/example_outlet_event_extra.py for tasks to queue
[2026-09-05T19:57:24.721+0200] {logging_mixin.py:190} INFO - [2026-09-05T19:57:24.721+0200] {dagbag.py:588} INFO - Filling up the DagBag from /Users/swarnalidatta/Desktop/AutoQueryChatbot/.airflow-venv/lib/python3.12/site-packages/airflow/example_dags/example_outlet_event_extra.py
[2026-09-05T19:57:24.745+0200] {processor.py:925} INFO - DAG(s) 'dataset_with_extra_by_context', 'dataset_with_extra_from_classic_operator', 'dataset_with_extra_by_yield' retrieved from /Users/swarnalidatta/Desktop/AutoQueryChatbot/.airflow-venv/lib/python3.12/site-packages/airflow/example_dags/example_outlet_event_extra.py
[2026-09-05T19:57:24.773+0200] {logging_mixin.py:190} INFO - [2026-09-05T19:57:24.773+0200] {dag.py:3239} INFO - Sync 3 DAGs
[2026-09-05T19:57:24.778+0200] {logging_mixin.py:190} INFO - [2026-09-05T19:57:24.778+0200] {dag.py:4180} INFO - Setting next_dagrun for dataset_with_extra_by_context to 2026-09-04 00:00:00+00:00, run_after=2026-09-05 00:00:00+00:00
[2026-09-05T19:57:24.779+0200] {logging_mixin.py:190} INFO - [2026-09-05T19:57:24.779+0200] {dag.py:4180} INFO - Setting next_dagrun for dataset_with_extra_by_yield to 2026-09-04 00:00:00+00:00, run_after=2026-09-05 00:00:00+00:00
[2026-09-05T19:57:24.780+0200] {logging_mixin.py:190} INFO - [2026-09-05T19:57:24.780+0200] {dag.py:4180} INFO - Setting next_dagrun for dataset_with_extra_from_classic_operator to 2026-09-04 00:00:00+00:00, run_after=2026-09-05 00:00:00+00:00
[2026-09-05T19:57:24.785+0200] {processor.py:208} INFO - Processing /Users/swarnalidatta/Desktop/AutoQueryChatbot/.airflow-venv/lib/python3.12/site-packages/airflow/example_dags/example_outlet_event_extra.py took 0.066 seconds
[2026-09-05T20:00:11.273+0200] {processor.py:186} INFO - Started process (PID=38166) to work on /Users/swarnalidatta/Desktop/AutoQueryChatbot/.airflow-venv/lib/python3.12/site-packages/airflow/example_dags/example_outlet_event_extra.py
[2026-09-05T20:00:11.275+0200] {processor.py:914} INFO - Processing file /Users/swarnalidatta/Desktop/AutoQueryChatbot/.airflow-venv/lib/python3.12/site-packages/airflow/example_dags/example_outlet_event_extra.py for tasks to queue
[2026-09-05T20:00:11.275+0200] {logging_mixin.py:190} INFO - [2026-09-05T20:00:11.275+0200] {dagbag.py:588} INFO - Filling up the DagBag from /Users/swarnalidatta/Desktop/AutoQueryChatbot/.airflow-venv/lib/python3.12/site-packages/airflow/example_dags/example_outlet_event_extra.py
[2026-09-05T20:00:11.301+0200] {processor.py:925} INFO - DAG(s) 'dataset_with_extra_by_context', 'dataset_with_extra_from_classic_operator', 'dataset_with_extra_by_yield' retrieved from /Users/swarnalidatta/Desktop/AutoQueryChatbot/.airflow-venv/lib/python3.12/site-packages/airflow/example_dags/example_outlet_event_extra.py
[2026-09-05T20:00:11.352+0200] {logging_mixin.py:190} INFO - [2026-09-05T20:00:11.352+0200] {dag.py:3239} INFO - Sync 3 DAGs
[2026-09-05T20:00:11.358+0200] {logging_mixin.py:190} INFO - [2026-09-05T20:00:11.358+0200] {dag.py:4180} INFO - Setting next_dagrun for dataset_with_extra_by_context to 2026-09-04 00:00:00+00:00, run_after=2026-09-05 00:00:00+00:00
[2026-09-05T20:00:11.359+0200] {logging_mixin.py:190} INFO - [2026-09-05T20:00:11.359+0200] {dag.py:4180} INFO - Setting next_dagrun for dataset_with_extra_by_yield to 2026-09-04 00:00:00+00:00, run_after=2026-09-05 00:00:00+00:00
[2026-09-05T20:00:11.359+0200] {logging_mixin.py:190} INFO - [2026-09-05T20:00:11.359+0200] {dag.py:4180} INFO - Setting next_dagrun for dataset_with_extra_from_classic_operator to 2026-09-04 00:00:00+00:00, run_after=2026-09-05 00:00:00+00:00
[2026-09-05T20:00:11.365+0200] {processor.py:208} INFO - Processing /Users/swarnalidatta/Desktop/AutoQueryChatbot/.airflow-venv/lib/python3.12/site-packages/airflow/example_dags/example_outlet_event_extra.py took 0.092 seconds
[2026-09-05T20:02:48.482+0200] {processor.py:186} INFO - Started process (PID=38560) to work on /Users/swarnalidatta/Desktop/AutoQueryChatbot/.airflow-venv/lib/python3.12/site-packages/airflow/example_dags/example_outlet_event_extra.py
[2026-09-05T20:02:48.483+0200] {processor.py:914} INFO - Processing file /Users/swarnalidatta/Desktop/AutoQueryChatbot/.airflow-venv/lib/python3.12/site-packages/airflow/example_dags/example_outlet_event_extra.py for tasks to queue
[2026-09-05T20:02:48.483+0200] {logging_mixin.py:190} INFO - [2026-09-05T20:02:48.483+0200] {dagbag.py:588} INFO - Filling up the DagBag from /Users/swarnalidatta/Desktop/AutoQueryChatbot/.airflow-venv/lib/python3.12/site-packages/airflow/example_dags/example_outlet_event_extra.py
[2026-09-05T20:02:48.514+0200] {processor.py:925} INFO - DAG(s) 'dataset_with_extra_from_classic_operator', 'dataset_with_extra_by_context', 'dataset_with_extra_by_yield' retrieved from /Users/swarnalidatta/Desktop/AutoQueryChatbot/.airflow-venv/lib/python3.12/site-packages/airflow/example_dags/example_outlet_event_extra.py
[2026-09-05T20:02:48.562+0200] {logging_mixin.py:190} INFO - [2026-09-05T20:02:48.562+0200] {dag.py:3239} INFO - Sync 3 DAGs
[2026-09-05T20:02:48.568+0200] {logging_mixin.py:190} INFO - [2026-09-05T20:02:48.568+0200] {dag.py:4180} INFO - Setting next_dagrun for dataset_with_extra_by_context to 2026-09-04 00:00:00+00:00, run_after=2026-09-05 00:00:00+00:00
[2026-09-05T20:02:48.569+0200] {logging_mixin.py:190} INFO - [2026-09-05T20:02:48.569+0200] {dag.py:4180} INFO - Setting next_dagrun for dataset_with_extra_by_yield to 2026-09-04 00:00:00+00:00, run_after=2026-09-05 00:00:00+00:00
[2026-09-05T20:02:48.569+0200] {logging_mixin.py:190} INFO - [2026-09-05T20:02:48.569+0200] {dag.py:4180} INFO - Setting next_dagrun for dataset_with_extra_from_classic_operator to 2026-09-04 00:00:00+00:00, run_after=2026-09-05 00:00:00+00:00
[2026-09-05T20:02:48.575+0200] {processor.py:208} INFO - Processing /Users/swarnalidatta/Desktop/AutoQueryChatbot/.airflow-venv/lib/python3.12/site-packages/airflow/example_dags/example_outlet_event_extra.py took 0.094 seconds
[2026-09-05T20:04:33.105+0200] {processor.py:186} INFO - Started process (PID=38755) to work on /Users/swarnalidatta/Desktop/AutoQueryChatbot/.airflow-venv/lib/python3.12/site-packages/airflow/example_dags/example_outlet_event_extra.py
[2026-09-05T20:04:33.106+0200] {processor.py:914} INFO - Processing file /Users/swarnalidatta/Desktop/AutoQueryChatbot/.airflow-venv/lib/python3.12/site-packages/airflow/example_dags/example_outlet_event_extra.py for tasks to queue
[2026-09-05T20:04:33.106+0200] {logging_mixin.py:190} INFO - [2026-09-05T20:04:33.106+0200] {dagbag.py:588} INFO - Filling up the DagBag from /Users/swarnalidatta/Desktop/AutoQueryChatbot/.airflow-venv/lib/python3.12/site-packages/airflow/example_dags/example_outlet_event_extra.py
[2026-09-05T20:04:33.130+0200] {processor.py:925} INFO - DAG(s) 'dataset_with_extra_by_context', 'dataset_with_extra_by_yield', 'dataset_with_extra_from_classic_operator' retrieved from /Users/swarnalidatta/Desktop/AutoQueryChatbot/.airflow-venv/lib/python3.12/site-packages/airflow/example_dags/example_outlet_event_extra.py
[2026-09-05T20:04:33.179+0200] {logging_mixin.py:190} INFO - [2026-09-05T20:04:33.179+0200] {dag.py:3239} INFO - Sync 3 DAGs
[2026-09-05T20:04:33.185+0200] {logging_mixin.py:190} INFO - [2026-09-05T20:04:33.185+0200] {dag.py:4180} INFO - Setting next_dagrun for dataset_with_extra_by_context to 2026-09-04 00:00:00+00:00, run_after=2026-09-05 00:00:00+00:00
[2026-09-05T20:04:33.186+0200] {logging_mixin.py:190} INFO - [2026-09-05T20:04:33.186+0200] {dag.py:4180} INFO - Setting next_dagrun for dataset_with_extra_by_yield to 2026-09-04 00:00:00+00:00, run_after=2026-09-05 00:00:00+00:00
[2026-09-05T20:04:33.186+0200] {logging_mixin.py:190} INFO - [2026-09-05T20:04:33.186+0200] {dag.py:4180} INFO - Setting next_dagrun for dataset_with_extra_from_classic_operator to 2026-09-04 00:00:00+00:00, run_after=2026-09-05 00:00:00+00:00
[2026-09-05T20:04:33.192+0200] {processor.py:208} INFO - Processing /Users/swarnalidatta/Desktop/AutoQueryChatbot/.airflow-venv/lib/python3.12/site-packages/airflow/example_dags/example_outlet_event_extra.py took 0.088 seconds
[2026-09-05T20:06:26.617+0200] {processor.py:186} INFO - Started process (PID=39048) to work on /Users/swarnalidatta/Desktop/AutoQueryChatbot/.airflow-venv/lib/python3.12/site-packages/airflow/example_dags/example_outlet_event_extra.py
[2026-09-05T20:06:26.617+0200] {processor.py:914} INFO - Processing file /Users/swarnalidatta/Desktop/AutoQueryChatbot/.airflow-venv/lib/python3.12/site-packages/airflow/example_dags/example_outlet_event_extra.py for tasks to queue
[2026-09-05T20:06:26.617+0200] {logging_mixin.py:190} INFO - [2026-09-05T20:06:26.617+0200] {dagbag.py:588} INFO - Filling up the DagBag from /Users/swarnalidatta/Desktop/AutoQueryChatbot/.airflow-venv/lib/python3.12/site-packages/airflow/example_dags/example_outlet_event_extra.py
[2026-09-05T20:06:26.642+0200] {processor.py:925} INFO - DAG(s) 'dataset_with_extra_by_context', 'dataset_with_extra_by_yield', 'dataset_with_extra_from_classic_operator' retrieved from /Users/swarnalidatta/Desktop/AutoQueryChatbot/.airflow-venv/lib/python3.12/site-packages/airflow/example_dags/example_outlet_event_extra.py
[2026-09-05T20:06:26.692+0200] {logging_mixin.py:190} INFO - [2026-09-05T20:06:26.692+0200] {dag.py:3239} INFO - Sync 3 DAGs
[2026-09-05T20:06:26.698+0200] {logging_mixin.py:190} INFO - [2026-09-05T20:06:26.698+0200] {dag.py:4180} INFO - Setting next_dagrun for dataset_with_extra_by_context to 2026-09-04 00:00:00+00:00, run_after=2026-09-05 00:00:00+00:00
[2026-09-05T20:06:26.699+0200] {logging_mixin.py:190} INFO - [2026-09-05T20:06:26.699+0200] {dag.py:4180} INFO - Setting next_dagrun for dataset_with_extra_by_yield to 2026-09-04 00:00:00+00:00, run_after=2026-09-05 00:00:00+00:00
[2026-09-05T20:06:26.699+0200] {logging_mixin.py:190} INFO - [2026-09-05T20:06:26.699+0200] {dag.py:4180} INFO - Setting next_dagrun for dataset_with_extra_from_classic_operator to 2026-09-04 00:00:00+00:00, run_after=2026-09-05 00:00:00+00:00
[2026-09-05T20:06:26.705+0200] {processor.py:208} INFO - Processing /Users/swarnalidatta/Desktop/AutoQueryChatbot/.airflow-venv/lib/python3.12/site-packages/airflow/example_dags/example_outlet_event_extra.py took 0.089 seconds
[2026-09-05T20:08:58.368+0200] {processor.py:186} INFO - Started process (PID=39460) to work on /Users/swarnalidatta/Desktop/AutoQueryChatbot/.airflow-venv/lib/python3.12/site-packages/airflow/example_dags/example_outlet_event_extra.py
[2026-09-05T20:08:58.368+0200] {processor.py:914} INFO - Processing file /Users/swarnalidatta/Desktop/AutoQueryChatbot/.airflow-venv/lib/python3.12/site-packages/airflow/example_dags/example_outlet_event_extra.py for tasks to queue
[2026-09-05T20:08:58.368+0200] {logging_mixin.py:190} INFO - [2026-09-05T20:08:58.368+0200] {dagbag.py:588} INFO - Filling up the DagBag from /Users/swarnalidatta/Desktop/AutoQueryChatbot/.airflow-venv/lib/python3.12/site-packages/airflow/example_dags/example_outlet_event_extra.py
[2026-09-05T20:08:58.393+0200] {processor.py:925} INFO - DAG(s) 'dataset_with_extra_by_yield', 'dataset_with_extra_by_context', 'dataset_with_extra_from_classic_operator' retrieved from /Users/swarnalidatta/Desktop/AutoQueryChatbot/.airflow-venv/lib/python3.12/site-packages/airflow/example_dags/example_outlet_event_extra.py
[2026-09-05T20:08:58.445+0200] {logging_mixin.py:190} INFO - [2026-09-05T20:08:58.445+0200] {dag.py:3239} INFO - Sync 3 DAGs
[2026-09-05T20:08:58.450+0200] {logging_mixin.py:190} INFO - [2026-09-05T20:08:58.450+0200] {dag.py:4180} INFO - Setting next_dagrun for dataset_with_extra_by_context to 2026-09-04 00:00:00+00:00, run_after=2026-09-05 00:00:00+00:00
[2026-09-05T20:08:58.452+0200] {logging_mixin.py:190} INFO - [2026-09-05T20:08:58.452+0200] {dag.py:4180} INFO - Setting next_dagrun for dataset_with_extra_by_yield to 2026-09-04 00:00:00+00:00, run_after=2026-09-05 00:00:00+00:00
[2026-09-05T20:08:58.452+0200] {logging_mixin.py:190} INFO - [2026-09-05T20:08:58.452+0200] {dag.py:4180} INFO - Setting next_dagrun for dataset_with_extra_from_classic_operator to 2026-09-04 00:00:00+00:00, run_after=2026-09-05 00:00:00+00:00
[2026-09-05T20:08:58.458+0200] {processor.py:208} INFO - Processing /Users/swarnalidatta/Desktop/AutoQueryChatbot/.airflow-venv/lib/python3.12/site-packages/airflow/example_dags/example_outlet_event_extra.py took 0.091 seconds
[2026-09-05T20:10:35.235+0200] {processor.py:186} INFO - Started process (PID=39714) to work on /Users/swarnalidatta/Desktop/AutoQueryChatbot/.airflow-venv/lib/python3.12/site-packages/airflow/example_dags/example_outlet_event_extra.py
[2026-09-05T20:10:35.235+0200] {processor.py:914} INFO - Processing file /Users/swarnalidatta/Desktop/AutoQueryChatbot/.airflow-venv/lib/python3.12/site-packages/airflow/example_dags/example_outlet_event_extra.py for tasks to queue
[2026-09-05T20:10:35.235+0200] {logging_mixin.py:190} INFO - [2026-09-05T20:10:35.235+0200] {dagbag.py:588} INFO - Filling up the DagBag from /Users/swarnalidatta/Desktop/AutoQueryChatbot/.airflow-venv/lib/python3.12/site-packages/airflow/example_dags/example_outlet_event_extra.py
[2026-09-05T20:10:35.259+0200] {processor.py:925} INFO - DAG(s) 'dataset_with_extra_from_classic_operator', 'dataset_with_extra_by_yield', 'dataset_with_extra_by_context' retrieved from /Users/swarnalidatta/Desktop/AutoQueryChatbot/.airflow-venv/lib/python3.12/site-packages/airflow/example_dags/example_outlet_event_extra.py
[2026-09-05T20:10:35.308+0200] {logging_mixin.py:190} INFO - [2026-09-05T20:10:35.308+0200] {dag.py:3239} INFO - Sync 3 DAGs
[2026-09-05T20:10:35.314+0200] {logging_mixin.py:190} INFO - [2026-09-05T20:10:35.313+0200] {dag.py:4180} INFO - Setting next_dagrun for dataset_with_extra_by_context to 2026-09-04 00:00:00+00:00, run_after=2026-09-05 00:00:00+00:00
[2026-09-05T20:10:35.315+0200] {logging_mixin.py:190} INFO - [2026-09-05T20:10:35.315+0200] {dag.py:4180} INFO - Setting next_dagrun for dataset_with_extra_by_yield to 2026-09-04 00:00:00+00:00, run_after=2026-09-05 00:00:00+00:00
[2026-09-05T20:10:35.315+0200] {logging_mixin.py:190} INFO - [2026-09-05T20:10:35.315+0200] {dag.py:4180} INFO - Setting next_dagrun for dataset_with_extra_from_classic_operator to 2026-09-04 00:00:00+00:00, run_after=2026-09-05 00:00:00+00:00
[2026-09-05T20:10:35.321+0200] {processor.py:208} INFO - Processing /Users/swarnalidatta/Desktop/AutoQueryChatbot/.airflow-venv/lib/python3.12/site-packages/airflow/example_dags/example_outlet_event_extra.py took 0.087 seconds
[2026-09-05T20:12:53.132+0200] {processor.py:186} INFO - Started process (PID=42948) to work on /Users/swarnalidatta/Desktop/AutoQueryChatbot/.airflow-venv/lib/python3.12/site-packages/airflow/example_dags/example_outlet_event_extra.py
[2026-09-05T20:12:53.133+0200] {processor.py:914} INFO - Processing file /Users/swarnalidatta/Desktop/AutoQueryChatbot/.airflow-venv/lib/python3.12/site-packages/airflow/example_dags/example_outlet_event_extra.py for tasks to queue
[2026-09-05T20:12:53.133+0200] {logging_mixin.py:190} INFO - [2026-09-05T20:12:53.133+0200] {dagbag.py:588} INFO - Filling up the DagBag from /Users/swarnalidatta/Desktop/AutoQueryChatbot/.airflow-venv/lib/python3.12/site-packages/airflow/example_dags/example_outlet_event_extra.py
[2026-09-05T20:12:53.158+0200] {processor.py:925} INFO - DAG(s) 'dataset_with_extra_from_classic_operator', 'dataset_with_extra_by_context', 'dataset_with_extra_by_yield' retrieved from /Users/swarnalidatta/Desktop/AutoQueryChatbot/.airflow-venv/lib/python3.12/site-packages/airflow/example_dags/example_outlet_event_extra.py
[2026-09-05T20:12:53.206+0200] {logging_mixin.py:190} INFO - [2026-09-05T20:12:53.206+0200] {dag.py:3239} INFO - Sync 3 DAGs
[2026-09-05T20:12:53.212+0200] {logging_mixin.py:190} INFO - [2026-09-05T20:12:53.212+0200] {dag.py:4180} INFO - Setting next_dagrun for dataset_with_extra_by_context to 2026-09-04 00:00:00+00:00, run_after=2026-09-05 00:00:00+00:00
[2026-09-05T20:12:53.213+0200] {logging_mixin.py:190} INFO - [2026-09-05T20:12:53.213+0200] {dag.py:4180} INFO - Setting next_dagrun for dataset_with_extra_by_yield to 2026-09-04 00:00:00+00:00, run_after=2026-09-05 00:00:00+00:00
[2026-09-05T20:12:53.213+0200] {logging_mixin.py:190} INFO - [2026-09-05T20:12:53.213+0200] {dag.py:4180} INFO - Setting next_dagrun for dataset_with_extra_from_classic_operator to 2026-09-04 00:00:00+00:00, run_after=2026-09-05 00:00:00+00:00
[2026-09-05T20:12:53.219+0200] {processor.py:208} INFO - Processing /Users/swarnalidatta/Desktop/AutoQueryChatbot/.airflow-venv/lib/python3.12/site-packages/airflow/example_dags/example_outlet_event_extra.py took 0.087 seconds
[2026-09-05T20:15:17.012+0200] {processor.py:186} INFO - Started process (PID=43705) to work on /Users/swarnalidatta/Desktop/AutoQueryChatbot/.airflow-venv/lib/python3.12/site-packages/airflow/example_dags/example_outlet_event_extra.py
[2026-09-05T20:15:17.012+0200] {processor.py:914} INFO - Processing file /Users/swarnalidatta/Desktop/AutoQueryChatbot/.airflow-venv/lib/python3.12/site-packages/airflow/example_dags/example_outlet_event_extra.py for tasks to queue
[2026-09-05T20:15:17.013+0200] {logging_mixin.py:190} INFO - [2026-09-05T20:15:17.012+0200] {dagbag.py:588} INFO - Filling up the DagBag from /Users/swarnalidatta/Desktop/AutoQueryChatbot/.airflow-venv/lib/python3.12/site-packages/airflow/example_dags/example_outlet_event_extra.py
[2026-09-05T20:15:17.037+0200] {processor.py:925} INFO - DAG(s) 'dataset_with_extra_by_yield', 'dataset_with_extra_from_classic_operator', 'dataset_with_extra_by_context' retrieved from /Users/swarnalidatta/Desktop/AutoQueryChatbot/.airflow-venv/lib/python3.12/site-packages/airflow/example_dags/example_outlet_event_extra.py
[2026-09-05T20:15:17.086+0200] {logging_mixin.py:190} INFO - [2026-09-05T20:15:17.086+0200] {dag.py:3239} INFO - Sync 3 DAGs
[2026-09-05T20:15:17.092+0200] {logging_mixin.py:190} INFO - [2026-09-05T20:15:17.091+0200] {dag.py:4180} INFO - Setting next_dagrun for dataset_with_extra_by_context to 2026-09-04 00:00:00+00:00, run_after=2026-09-05 00:00:00+00:00
[2026-09-05T20:15:17.093+0200] {logging_mixin.py:190} INFO - [2026-09-05T20:15:17.093+0200] {dag.py:4180} INFO - Setting next_dagrun for dataset_with_extra_by_yield to 2026-09-04 00:00:00+00:00, run_after=2026-09-05 00:00:00+00:00
[2026-09-05T20:15:17.093+0200] {logging_mixin.py:190} INFO - [2026-09-05T20:15:17.093+0200] {dag.py:4180} INFO - Setting next_dagrun for dataset_with_extra_from_classic_operator to 2026-09-04 00:00:00+00:00, run_after=2026-09-05 00:00:00+00:00
[2026-09-05T20:15:17.099+0200] {processor.py:208} INFO - Processing /Users/swarnalidatta/Desktop/AutoQueryChatbot/.airflow-venv/lib/python3.12/site-packages/airflow/example_dags/example_outlet_event_extra.py took 0.088 seconds
[2026-09-05T20:17:37.165+0200] {processor.py:186} INFO - Started process (PID=45297) to work on /Users/swarnalidatta/Desktop/AutoQueryChatbot/.airflow-venv/lib/python3.12/site-packages/airflow/example_dags/example_outlet_event_extra.py
[2026-09-05T20:17:37.166+0200] {processor.py:914} INFO - Processing file /Users/swarnalidatta/Desktop/AutoQueryChatbot/.airflow-venv/lib/python3.12/site-packages/airflow/example_dags/example_outlet_event_extra.py for tasks to queue
[2026-09-05T20:17:37.166+0200] {logging_mixin.py:190} INFO - [2026-09-05T20:17:37.166+0200] {dagbag.py:588} INFO - Filling up the DagBag from /Users/swarnalidatta/Desktop/AutoQueryChatbot/.airflow-venv/lib/python3.12/site-packages/airflow/example_dags/example_outlet_event_extra.py
[2026-09-05T20:17:37.190+0200] {processor.py:925} INFO - DAG(s) 'dataset_with_extra_by_yield', 'dataset_with_extra_by_context', 'dataset_with_extra_from_classic_operator' retrieved from /Users/swarnalidatta/Desktop/AutoQueryChatbot/.airflow-venv/lib/python3.12/site-packages/airflow/example_dags/example_outlet_event_extra.py
[2026-09-05T20:17:37.238+0200] {logging_mixin.py:190} INFO - [2026-09-05T20:17:37.238+0200] {dag.py:3239} INFO - Sync 3 DAGs
[2026-09-05T20:17:37.244+0200] {logging_mixin.py:190} INFO - [2026-09-05T20:17:37.244+0200] {dag.py:4180} INFO - Setting next_dagrun for dataset_with_extra_by_context to 2026-09-04 00:00:00+00:00, run_after=2026-09-05 00:00:00+00:00
[2026-09-05T20:17:37.245+0200] {logging_mixin.py:190} INFO - [2026-09-05T20:17:37.245+0200] {dag.py:4180} INFO - Setting next_dagrun for dataset_with_extra_by_yield to 2026-09-04 00:00:00+00:00, run_after=2026-09-05 00:00:00+00:00
[2026-09-05T20:17:37.245+0200] {logging_mixin.py:190} INFO - [2026-09-05T20:17:37.245+0200] {dag.py:4180} INFO - Setting next_dagrun for dataset_with_extra_from_classic_operator to 2026-09-04 00:00:00+00:00, run_after=2026-09-05 00:00:00+00:00
[2026-09-05T20:17:37.251+0200] {processor.py:208} INFO - Processing /Users/swarnalidatta/Desktop/AutoQueryChatbot/.airflow-venv/lib/python3.12/site-packages/airflow/example_dags/example_outlet_event_extra.py took 0.087 seconds
[2026-09-05T20:20:15.218+0200] {processor.py:186} INFO - Started process (PID=45837) to work on /Users/swarnalidatta/Desktop/AutoQueryChatbot/.airflow-venv/lib/python3.12/site-packages/airflow/example_dags/example_outlet_event_extra.py
[2026-09-05T20:20:15.218+0200] {processor.py:914} INFO - Processing file /Users/swarnalidatta/Desktop/AutoQueryChatbot/.airflow-venv/lib/python3.12/site-packages/airflow/example_dags/example_outlet_event_extra.py for tasks to queue
[2026-09-05T20:20:15.219+0200] {logging_mixin.py:190} INFO - [2026-09-05T20:20:15.219+0200] {dagbag.py:588} INFO - Filling up the DagBag from /Users/swarnalidatta/Desktop/AutoQueryChatbot/.airflow-venv/lib/python3.12/site-packages/airflow/example_dags/example_outlet_event_extra.py
[2026-09-05T20:20:15.243+0200] {processor.py:925} INFO - DAG(s) 'dataset_with_extra_from_classic_operator', 'dataset_with_extra_by_yield', 'dataset_with_extra_by_context' retrieved from /Users/swarnalidatta/Desktop/AutoQueryChatbot/.airflow-venv/lib/python3.12/site-packages/airflow/example_dags/example_outlet_event_extra.py
[2026-09-05T20:20:15.296+0200] {logging_mixin.py:190} INFO - [2026-09-05T20:20:15.296+0200] {dag.py:3239} INFO - Sync 3 DAGs
[2026-09-05T20:20:15.301+0200] {logging_mixin.py:190} INFO - [2026-09-05T20:20:15.301+0200] {dag.py:4180} INFO - Setting next_dagrun for dataset_with_extra_by_context to 2026-09-04 00:00:00+00:00, run_after=2026-09-05 00:00:00+00:00
[2026-09-05T20:20:15.302+0200] {logging_mixin.py:190} INFO - [2026-09-05T20:20:15.302+0200] {dag.py:4180} INFO - Setting next_dagrun for dataset_with_extra_by_yield to 2026-09-04 00:00:00+00:00, run_after=2026-09-05 00:00:00+00:00
[2026-09-05T20:20:15.303+0200] {logging_mixin.py:190} INFO - [2026-09-05T20:20:15.303+0200] {dag.py:4180} INFO - Setting next_dagrun for dataset_with_extra_from_classic_operator to 2026-09-04 00:00:00+00:00, run_after=2026-09-05 00:00:00+00:00
[2026-09-05T20:20:15.308+0200] {processor.py:208} INFO - Processing /Users/swarnalidatta/Desktop/AutoQueryChatbot/.airflow-venv/lib/python3.12/site-packages/airflow/example_dags/example_outlet_event_extra.py took 0.092 seconds
[2026-09-05T20:24:57.770+0200] {processor.py:186} INFO - Started process (PID=46943) to work on /Users/swarnalidatta/Desktop/AutoQueryChatbot/.airflow-venv/lib/python3.12/site-packages/airflow/example_dags/example_outlet_event_extra.py
[2026-09-05T20:24:57.770+0200] {processor.py:914} INFO - Processing file /Users/swarnalidatta/Desktop/AutoQueryChatbot/.airflow-venv/lib/python3.12/site-packages/airflow/example_dags/example_outlet_event_extra.py for tasks to queue
[2026-09-05T20:24:57.770+0200] {logging_mixin.py:190} INFO - [2026-09-05T20:24:57.770+0200] {dagbag.py:588} INFO - Filling up the DagBag from /Users/swarnalidatta/Desktop/AutoQueryChatbot/.airflow-venv/lib/python3.12/site-packages/airflow/example_dags/example_outlet_event_extra.py
[2026-09-05T20:24:57.795+0200] {processor.py:925} INFO - DAG(s) 'dataset_with_extra_by_context', 'dataset_with_extra_from_classic_operator', 'dataset_with_extra_by_yield' retrieved from /Users/swarnalidatta/Desktop/AutoQueryChatbot/.airflow-venv/lib/python3.12/site-packages/airflow/example_dags/example_outlet_event_extra.py
[2026-09-05T20:24:57.844+0200] {logging_mixin.py:190} INFO - [2026-09-05T20:24:57.844+0200] {dag.py:3239} INFO - Sync 3 DAGs
[2026-09-05T20:24:57.849+0200] {logging_mixin.py:190} INFO - [2026-09-05T20:24:57.849+0200] {dag.py:4180} INFO - Setting next_dagrun for dataset_with_extra_by_context to 2026-09-04 00:00:00+00:00, run_after=2026-09-05 00:00:00+00:00
[2026-09-05T20:24:57.851+0200] {logging_mixin.py:190} INFO - [2026-09-05T20:24:57.851+0200] {dag.py:4180} INFO - Setting next_dagrun for dataset_with_extra_by_yield to 2026-09-04 00:00:00+00:00, run_after=2026-09-05 00:00:00+00:00
[2026-09-05T20:24:57.851+0200] {logging_mixin.py:190} INFO - [2026-09-05T20:24:57.851+0200] {dag.py:4180} INFO - Setting next_dagrun for dataset_with_extra_from_classic_operator to 2026-09-04 00:00:00+00:00, run_after=2026-09-05 00:00:00+00:00
[2026-09-05T20:24:57.856+0200] {processor.py:208} INFO - Processing /Users/swarnalidatta/Desktop/AutoQueryChatbot/.airflow-venv/lib/python3.12/site-packages/airflow/example_dags/example_outlet_event_extra.py took 0.088 seconds
[2026-09-05T20:27:10.369+0200] {processor.py:186} INFO - Started process (PID=47253) to work on /Users/swarnalidatta/Desktop/AutoQueryChatbot/.airflow-venv/lib/python3.12/site-packages/airflow/example_dags/example_outlet_event_extra.py
[2026-09-05T20:27:10.370+0200] {processor.py:914} INFO - Processing file /Users/swarnalidatta/Desktop/AutoQueryChatbot/.airflow-venv/lib/python3.12/site-packages/airflow/example_dags/example_outlet_event_extra.py for tasks to queue
[2026-09-05T20:27:10.371+0200] {logging_mixin.py:190} INFO - [2026-09-05T20:27:10.371+0200] {dagbag.py:588} INFO - Filling up the DagBag from /Users/swarnalidatta/Desktop/AutoQueryChatbot/.airflow-venv/lib/python3.12/site-packages/airflow/example_dags/example_outlet_event_extra.py
[2026-09-05T20:27:10.396+0200] {processor.py:925} INFO - DAG(s) 'dataset_with_extra_from_classic_operator', 'dataset_with_extra_by_context', 'dataset_with_extra_by_yield' retrieved from /Users/swarnalidatta/Desktop/AutoQueryChatbot/.airflow-venv/lib/python3.12/site-packages/airflow/example_dags/example_outlet_event_extra.py
[2026-09-05T20:27:10.447+0200] {logging_mixin.py:190} INFO - [2026-09-05T20:27:10.447+0200] {dag.py:3239} INFO - Sync 3 DAGs
[2026-09-05T20:27:10.452+0200] {logging_mixin.py:190} INFO - [2026-09-05T20:27:10.452+0200] {dag.py:4180} INFO - Setting next_dagrun for dataset_with_extra_by_context to 2026-09-04 00:00:00+00:00, run_after=2026-09-05 00:00:00+00:00
[2026-09-05T20:27:10.454+0200] {logging_mixin.py:190} INFO - [2026-09-05T20:27:10.454+0200] {dag.py:4180} INFO - Setting next_dagrun for dataset_with_extra_by_yield to 2026-09-04 00:00:00+00:00, run_after=2026-09-05 00:00:00+00:00
[2026-09-05T20:27:10.454+0200] {logging_mixin.py:190} INFO - [2026-09-05T20:27:10.454+0200] {dag.py:4180} INFO - Setting next_dagrun for dataset_with_extra_from_classic_operator to 2026-09-04 00:00:00+00:00, run_after=2026-09-05 00:00:00+00:00
[2026-09-05T20:27:10.460+0200] {processor.py:208} INFO - Processing /Users/swarnalidatta/Desktop/AutoQueryChatbot/.airflow-venv/lib/python3.12/site-packages/airflow/example_dags/example_outlet_event_extra.py took 0.092 seconds
[2026-09-05T20:30:18.113+0200] {processor.py:186} INFO - Started process (PID=47738) to work on /Users/swarnalidatta/Desktop/AutoQueryChatbot/.airflow-venv/lib/python3.12/site-packages/airflow/example_dags/example_outlet_event_extra.py
[2026-09-05T20:30:18.114+0200] {processor.py:914} INFO - Processing file /Users/swarnalidatta/Desktop/AutoQueryChatbot/.airflow-venv/lib/python3.12/site-packages/airflow/example_dags/example_outlet_event_extra.py for tasks to queue
[2026-09-05T20:30:18.115+0200] {logging_mixin.py:190} INFO - [2026-09-05T20:30:18.114+0200] {dagbag.py:588} INFO - Filling up the DagBag from /Users/swarnalidatta/Desktop/AutoQueryChatbot/.airflow-venv/lib/python3.12/site-packages/airflow/example_dags/example_outlet_event_extra.py
[2026-09-05T20:30:18.140+0200] {processor.py:925} INFO - DAG(s) 'dataset_with_extra_by_yield', 'dataset_with_extra_by_context', 'dataset_with_extra_from_classic_operator' retrieved from /Users/swarnalidatta/Desktop/AutoQueryChatbot/.airflow-venv/lib/python3.12/site-packages/airflow/example_dags/example_outlet_event_extra.py
[2026-09-05T20:30:18.190+0200] {logging_mixin.py:190} INFO - [2026-09-05T20:30:18.190+0200] {dag.py:3239} INFO - Sync 3 DAGs
[2026-09-05T20:30:18.195+0200] {logging_mixin.py:190} INFO - [2026-09-05T20:30:18.195+0200] {dag.py:4180} INFO - Setting next_dagrun for dataset_with_extra_by_context to 2026-09-04 00:00:00+00:00, run_after=2026-09-05 00:00:00+00:00
[2026-09-05T20:30:18.197+0200] {logging_mixin.py:190} INFO - [2026-09-05T20:30:18.197+0200] {dag.py:4180} INFO - Setting next_dagrun for dataset_with_extra_by_yield to 2026-09-04 00:00:00+00:00, run_after=2026-09-05 00:00:00+00:00
[2026-09-05T20:30:18.197+0200] {logging_mixin.py:190} INFO - [2026-09-05T20:30:18.197+0200] {dag.py:4180} INFO - Setting next_dagrun for dataset_with_extra_from_classic_operator to 2026-09-04 00:00:00+00:00, run_after=2026-09-05 00:00:00+00:00
[2026-09-05T20:30:18.203+0200] {processor.py:208} INFO - Processing /Users/swarnalidatta/Desktop/AutoQueryChatbot/.airflow-venv/lib/python3.12/site-packages/airflow/example_dags/example_outlet_event_extra.py took 0.091 seconds
[2026-09-05T20:32:06.387+0200] {processor.py:186} INFO - Started process (PID=48017) to work on /Users/swarnalidatta/Desktop/AutoQueryChatbot/.airflow-venv/lib/python3.12/site-packages/airflow/example_dags/example_outlet_event_extra.py
[2026-09-05T20:32:06.387+0200] {processor.py:914} INFO - Processing file /Users/swarnalidatta/Desktop/AutoQueryChatbot/.airflow-venv/lib/python3.12/site-packages/airflow/example_dags/example_outlet_event_extra.py for tasks to queue
[2026-09-05T20:32:06.388+0200] {logging_mixin.py:190} INFO - [2026-09-05T20:32:06.388+0200] {dagbag.py:588} INFO - Filling up the DagBag from /Users/swarnalidatta/Desktop/AutoQueryChatbot/.airflow-venv/lib/python3.12/site-packages/airflow/example_dags/example_outlet_event_extra.py
[2026-09-05T20:32:06.412+0200] {processor.py:925} INFO - DAG(s) 'dataset_with_extra_from_classic_operator', 'dataset_with_extra_by_context', 'dataset_with_extra_by_yield' retrieved from /Users/swarnalidatta/Desktop/AutoQueryChatbot/.airflow-venv/lib/python3.12/site-packages/airflow/example_dags/example_outlet_event_extra.py
[2026-09-05T20:32:06.461+0200] {logging_mixin.py:190} INFO - [2026-09-05T20:32:06.461+0200] {dag.py:3239} INFO - Sync 3 DAGs
[2026-09-05T20:32:06.466+0200] {logging_mixin.py:190} INFO - [2026-09-05T20:32:06.466+0200] {dag.py:4180} INFO - Setting next_dagrun for dataset_with_extra_by_context to 2026-09-04 00:00:00+00:00, run_after=2026-09-05 00:00:00+00:00
[2026-09-05T20:32:06.467+0200] {logging_mixin.py:190} INFO - [2026-09-05T20:32:06.467+0200] {dag.py:4180} INFO - Setting next_dagrun for dataset_with_extra_by_yield to 2026-09-04 00:00:00+00:00, run_after=2026-09-05 00:00:00+00:00
[2026-09-05T20:32:06.468+0200] {logging_mixin.py:190} INFO - [2026-09-05T20:32:06.468+0200] {dag.py:4180} INFO - Setting next_dagrun for dataset_with_extra_from_classic_operator to 2026-09-04 00:00:00+00:00, run_after=2026-09-05 00:00:00+00:00
[2026-09-05T20:32:06.473+0200] {processor.py:208} INFO - Processing /Users/swarnalidatta/Desktop/AutoQueryChatbot/.airflow-venv/lib/python3.12/site-packages/airflow/example_dags/example_outlet_event_extra.py took 0.088 seconds
[2026-09-05T20:34:25.173+0200] {processor.py:186} INFO - Started process (PID=48345) to work on /Users/swarnalidatta/Desktop/AutoQueryChatbot/.airflow-venv/lib/python3.12/site-packages/airflow/example_dags/example_outlet_event_extra.py
[2026-09-05T20:34:25.174+0200] {processor.py:914} INFO - Processing file /Users/swarnalidatta/Desktop/AutoQueryChatbot/.airflow-venv/lib/python3.12/site-packages/airflow/example_dags/example_outlet_event_extra.py for tasks to queue
[2026-09-05T20:34:25.174+0200] {logging_mixin.py:190} INFO - [2026-09-05T20:34:25.174+0200] {dagbag.py:588} INFO - Filling up the DagBag from /Users/swarnalidatta/Desktop/AutoQueryChatbot/.airflow-venv/lib/python3.12/site-packages/airflow/example_dags/example_outlet_event_extra.py
[2026-09-05T20:34:25.198+0200] {processor.py:925} INFO - DAG(s) 'dataset_with_extra_from_classic_operator', 'dataset_with_extra_by_context', 'dataset_with_extra_by_yield' retrieved from /Users/swarnalidatta/Desktop/AutoQueryChatbot/.airflow-venv/lib/python3.12/site-packages/airflow/example_dags/example_outlet_event_extra.py
[2026-09-05T20:34:25.246+0200] {logging_mixin.py:190} INFO - [2026-09-05T20:34:25.246+0200] {dag.py:3239} INFO - Sync 3 DAGs
[2026-09-05T20:34:25.251+0200] {logging_mixin.py:190} INFO - [2026-09-05T20:34:25.251+0200] {dag.py:4180} INFO - Setting next_dagrun for dataset_with_extra_by_context to 2026-09-04 00:00:00+00:00, run_after=2026-09-05 00:00:00+00:00
[2026-09-05T20:34:25.252+0200] {logging_mixin.py:190} INFO - [2026-09-05T20:34:25.252+0200] {dag.py:4180} INFO - Setting next_dagrun for dataset_with_extra_by_yield to 2026-09-04 00:00:00+00:00, run_after=2026-09-05 00:00:00+00:00
[2026-09-05T20:34:25.253+0200] {logging_mixin.py:190} INFO - [2026-09-05T20:34:25.253+0200] {dag.py:4180} INFO - Setting next_dagrun for dataset_with_extra_from_classic_operator to 2026-09-04 00:00:00+00:00, run_after=2026-09-05 00:00:00+00:00
[2026-09-05T20:34:25.258+0200] {processor.py:208} INFO - Processing /Users/swarnalidatta/Desktop/AutoQueryChatbot/.airflow-venv/lib/python3.12/site-packages/airflow/example_dags/example_outlet_event_extra.py took 0.086 seconds
[2026-09-05T21:46:28.600+0200] {processor.py:186} INFO - Started process (PID=49050) to work on /Users/swarnalidatta/Desktop/AutoQueryChatbot/.airflow-venv/lib/python3.12/site-packages/airflow/example_dags/example_outlet_event_extra.py
[2026-09-05T21:46:28.601+0200] {processor.py:914} INFO - Processing file /Users/swarnalidatta/Desktop/AutoQueryChatbot/.airflow-venv/lib/python3.12/site-packages/airflow/example_dags/example_outlet_event_extra.py for tasks to queue
[2026-09-05T21:46:28.601+0200] {logging_mixin.py:190} INFO - [2026-09-05T21:46:28.601+0200] {dagbag.py:588} INFO - Filling up the DagBag from /Users/swarnalidatta/Desktop/AutoQueryChatbot/.airflow-venv/lib/python3.12/site-packages/airflow/example_dags/example_outlet_event_extra.py
[2026-09-05T21:46:28.628+0200] {processor.py:925} INFO - DAG(s) 'dataset_with_extra_by_yield', 'dataset_with_extra_by_context', 'dataset_with_extra_from_classic_operator' retrieved from /Users/swarnalidatta/Desktop/AutoQueryChatbot/.airflow-venv/lib/python3.12/site-packages/airflow/example_dags/example_outlet_event_extra.py
[2026-09-05T21:46:28.676+0200] {logging_mixin.py:190} INFO - [2026-09-05T21:46:28.676+0200] {dag.py:3239} INFO - Sync 3 DAGs
[2026-09-05T21:46:28.681+0200] {logging_mixin.py:190} INFO - [2026-09-05T21:46:28.681+0200] {dag.py:4180} INFO - Setting next_dagrun for dataset_with_extra_by_context to 2026-09-04 00:00:00+00:00, run_after=2026-09-05 00:00:00+00:00
[2026-09-05T21:46:28.683+0200] {logging_mixin.py:190} INFO - [2026-09-05T21:46:28.683+0200] {dag.py:4180} INFO - Setting next_dagrun for dataset_with_extra_by_yield to 2026-09-04 00:00:00+00:00, run_after=2026-09-05 00:00:00+00:00
[2026-09-05T21:46:28.683+0200] {logging_mixin.py:190} INFO - [2026-09-05T21:46:28.683+0200] {dag.py:4180} INFO - Setting next_dagrun for dataset_with_extra_from_classic_operator to 2026-09-04 00:00:00+00:00, run_after=2026-09-05 00:00:00+00:00
[2026-09-05T21:46:28.689+0200] {processor.py:208} INFO - Processing /Users/swarnalidatta/Desktop/AutoQueryChatbot/.airflow-venv/lib/python3.12/site-packages/airflow/example_dags/example_outlet_event_extra.py took 0.090 seconds
[2026-09-05T21:48:16.710+0200] {processor.py:186} INFO - Started process (PID=49421) to work on /Users/swarnalidatta/Desktop/AutoQueryChatbot/.airflow-venv/lib/python3.12/site-packages/airflow/example_dags/example_outlet_event_extra.py
[2026-09-05T21:48:16.711+0200] {processor.py:914} INFO - Processing file /Users/swarnalidatta/Desktop/AutoQueryChatbot/.airflow-venv/lib/python3.12/site-packages/airflow/example_dags/example_outlet_event_extra.py for tasks to queue
[2026-09-05T21:48:16.711+0200] {logging_mixin.py:190} INFO - [2026-09-05T21:48:16.711+0200] {dagbag.py:588} INFO - Filling up the DagBag from /Users/swarnalidatta/Desktop/AutoQueryChatbot/.airflow-venv/lib/python3.12/site-packages/airflow/example_dags/example_outlet_event_extra.py
[2026-09-05T21:48:16.736+0200] {processor.py:925} INFO - DAG(s) 'dataset_with_extra_by_yield', 'dataset_with_extra_by_context', 'dataset_with_extra_from_classic_operator' retrieved from /Users/swarnalidatta/Desktop/AutoQueryChatbot/.airflow-venv/lib/python3.12/site-packages/airflow/example_dags/example_outlet_event_extra.py
[2026-09-05T21:48:16.784+0200] {logging_mixin.py:190} INFO - [2026-09-05T21:48:16.784+0200] {dag.py:3239} INFO - Sync 3 DAGs
[2026-09-05T21:48:16.789+0200] {logging_mixin.py:190} INFO - [2026-09-05T21:48:16.789+0200] {dag.py:4180} INFO - Setting next_dagrun for dataset_with_extra_by_context to 2026-09-04 00:00:00+00:00, run_after=2026-09-05 00:00:00+00:00
[2026-09-05T21:48:16.791+0200] {logging_mixin.py:190} INFO - [2026-09-05T21:48:16.790+0200] {dag.py:4180} INFO - Setting next_dagrun for dataset_with_extra_by_yield to 2026-09-04 00:00:00+00:00, run_after=2026-09-05 00:00:00+00:00
[2026-09-05T21:48:16.791+0200] {logging_mixin.py:190} INFO - [2026-09-05T21:48:16.791+0200] {dag.py:4180} INFO - Setting next_dagrun for dataset_with_extra_from_classic_operator to 2026-09-04 00:00:00+00:00, run_after=2026-09-05 00:00:00+00:00
[2026-09-05T21:48:16.796+0200] {processor.py:208} INFO - Processing /Users/swarnalidatta/Desktop/AutoQueryChatbot/.airflow-venv/lib/python3.12/site-packages/airflow/example_dags/example_outlet_event_extra.py took 0.087 seconds
[2026-09-05T21:50:55.518+0200] {processor.py:186} INFO - Started process (PID=50181) to work on /Users/swarnalidatta/Desktop/AutoQueryChatbot/.airflow-venv/lib/python3.12/site-packages/airflow/example_dags/example_outlet_event_extra.py
[2026-09-05T21:50:55.519+0200] {processor.py:914} INFO - Processing file /Users/swarnalidatta/Desktop/AutoQueryChatbot/.airflow-venv/lib/python3.12/site-packages/airflow/example_dags/example_outlet_event_extra.py for tasks to queue
[2026-09-05T21:50:55.519+0200] {logging_mixin.py:190} INFO - [2026-09-05T21:50:55.519+0200] {dagbag.py:588} INFO - Filling up the DagBag from /Users/swarnalidatta/Desktop/AutoQueryChatbot/.airflow-venv/lib/python3.12/site-packages/airflow/example_dags/example_outlet_event_extra.py
[2026-09-05T21:50:55.545+0200] {processor.py:925} INFO - DAG(s) 'dataset_with_extra_from_classic_operator', 'dataset_with_extra_by_context', 'dataset_with_extra_by_yield' retrieved from /Users/swarnalidatta/Desktop/AutoQueryChatbot/.airflow-venv/lib/python3.12/site-packages/airflow/example_dags/example_outlet_event_extra.py
[2026-09-05T21:50:55.594+0200] {logging_mixin.py:190} INFO - [2026-09-05T21:50:55.594+0200] {dag.py:3239} INFO - Sync 3 DAGs
[2026-09-05T21:50:55.599+0200] {logging_mixin.py:190} INFO - [2026-09-05T21:50:55.599+0200] {dag.py:4180} INFO - Setting next_dagrun for dataset_with_extra_by_context to 2026-09-04 00:00:00+00:00, run_after=2026-09-05 00:00:00+00:00
[2026-09-05T21:50:55.600+0200] {logging_mixin.py:190} INFO - [2026-09-05T21:50:55.600+0200] {dag.py:4180} INFO - Setting next_dagrun for dataset_with_extra_by_yield to 2026-09-04 00:00:00+00:00, run_after=2026-09-05 00:00:00+00:00
[2026-09-05T21:50:55.601+0200] {logging_mixin.py:190} INFO - [2026-09-05T21:50:55.601+0200] {dag.py:4180} INFO - Setting next_dagrun for dataset_with_extra_from_classic_operator to 2026-09-04 00:00:00+00:00, run_after=2026-09-05 00:00:00+00:00
[2026-09-05T21:50:55.606+0200] {processor.py:208} INFO - Processing /Users/swarnalidatta/Desktop/AutoQueryChatbot/.airflow-venv/lib/python3.12/site-packages/airflow/example_dags/example_outlet_event_extra.py took 0.089 seconds
[2026-09-05T21:54:01.966+0200] {processor.py:186} INFO - Started process (PID=50820) to work on /Users/swarnalidatta/Desktop/AutoQueryChatbot/.airflow-venv/lib/python3.12/site-packages/airflow/example_dags/example_outlet_event_extra.py
[2026-09-05T21:54:01.967+0200] {processor.py:914} INFO - Processing file /Users/swarnalidatta/Desktop/AutoQueryChatbot/.airflow-venv/lib/python3.12/site-packages/airflow/example_dags/example_outlet_event_extra.py for tasks to queue
[2026-09-05T21:54:01.967+0200] {logging_mixin.py:190} INFO - [2026-09-05T21:54:01.967+0200] {dagbag.py:588} INFO - Filling up the DagBag from /Users/swarnalidatta/Desktop/AutoQueryChatbot/.airflow-venv/lib/python3.12/site-packages/airflow/example_dags/example_outlet_event_extra.py
[2026-09-05T21:54:01.993+0200] {processor.py:925} INFO - DAG(s) 'dataset_with_extra_by_context', 'dataset_with_extra_by_yield', 'dataset_with_extra_from_classic_operator' retrieved from /Users/swarnalidatta/Desktop/AutoQueryChatbot/.airflow-venv/lib/python3.12/site-packages/airflow/example_dags/example_outlet_event_extra.py
[2026-09-05T21:54:02.042+0200] {logging_mixin.py:190} INFO - [2026-09-05T21:54:02.042+0200] {dag.py:3239} INFO - Sync 3 DAGs
[2026-09-05T21:54:02.048+0200] {logging_mixin.py:190} INFO - [2026-09-05T21:54:02.048+0200] {dag.py:4180} INFO - Setting next_dagrun for dataset_with_extra_by_context to 2026-09-04 00:00:00+00:00, run_after=2026-09-05 00:00:00+00:00
[2026-09-05T21:54:02.049+0200] {logging_mixin.py:190} INFO - [2026-09-05T21:54:02.049+0200] {dag.py:4180} INFO - Setting next_dagrun for dataset_with_extra_by_yield to 2026-09-04 00:00:00+00:00, run_after=2026-09-05 00:00:00+00:00
[2026-09-05T21:54:02.049+0200] {logging_mixin.py:190} INFO - [2026-09-05T21:54:02.049+0200] {dag.py:4180} INFO - Setting next_dagrun for dataset_with_extra_from_classic_operator to 2026-09-04 00:00:00+00:00, run_after=2026-09-05 00:00:00+00:00
[2026-09-05T21:54:02.055+0200] {processor.py:208} INFO - Processing /Users/swarnalidatta/Desktop/AutoQueryChatbot/.airflow-venv/lib/python3.12/site-packages/airflow/example_dags/example_outlet_event_extra.py took 0.089 seconds
[2026-09-05T21:57:03.469+0200] {processor.py:186} INFO - Started process (PID=51424) to work on /Users/swarnalidatta/Desktop/AutoQueryChatbot/.airflow-venv/lib/python3.12/site-packages/airflow/example_dags/example_outlet_event_extra.py
[2026-09-05T21:57:03.471+0200] {processor.py:914} INFO - Processing file /Users/swarnalidatta/Desktop/AutoQueryChatbot/.airflow-venv/lib/python3.12/site-packages/airflow/example_dags/example_outlet_event_extra.py for tasks to queue
[2026-09-05T21:57:03.471+0200] {logging_mixin.py:190} INFO - [2026-09-05T21:57:03.471+0200] {dagbag.py:588} INFO - Filling up the DagBag from /Users/swarnalidatta/Desktop/AutoQueryChatbot/.airflow-venv/lib/python3.12/site-packages/airflow/example_dags/example_outlet_event_extra.py
[2026-09-05T21:57:03.496+0200] {processor.py:925} INFO - DAG(s) 'dataset_with_extra_by_context', 'dataset_with_extra_from_classic_operator', 'dataset_with_extra_by_yield' retrieved from /Users/swarnalidatta/Desktop/AutoQueryChatbot/.airflow-venv/lib/python3.12/site-packages/airflow/example_dags/example_outlet_event_extra.py
[2026-09-05T21:57:03.545+0200] {logging_mixin.py:190} INFO - [2026-09-05T21:57:03.545+0200] {dag.py:3239} INFO - Sync 3 DAGs
[2026-09-05T21:57:03.550+0200] {logging_mixin.py:190} INFO - [2026-09-05T21:57:03.550+0200] {dag.py:4180} INFO - Setting next_dagrun for dataset_with_extra_by_context to 2026-09-04 00:00:00+00:00, run_after=2026-09-05 00:00:00+00:00
[2026-09-05T21:57:03.551+0200] {logging_mixin.py:190} INFO - [2026-09-05T21:57:03.551+0200] {dag.py:4180} INFO - Setting next_dagrun for dataset_with_extra_by_yield to 2026-09-04 00:00:00+00:00, run_after=2026-09-05 00:00:00+00:00
[2026-09-05T21:57:03.552+0200] {logging_mixin.py:190} INFO - [2026-09-05T21:57:03.552+0200] {dag.py:4180} INFO - Setting next_dagrun for dataset_with_extra_from_classic_operator to 2026-09-04 00:00:00+00:00, run_after=2026-09-05 00:00:00+00:00
[2026-09-05T21:57:03.557+0200] {processor.py:208} INFO - Processing /Users/swarnalidatta/Desktop/AutoQueryChatbot/.airflow-venv/lib/python3.12/site-packages/airflow/example_dags/example_outlet_event_extra.py took 0.089 seconds
