[2026-09-05T18:25:03.446+0200] {local_task_job_runner.py:123} INFO - ::group::Pre task execution logs
[2026-09-05T18:25:03.449+0200] {taskinstance.py:2614} INFO - Dependencies all met for dep_context=non-requeueable deps ti=<TaskInstance: mini_riskagent_file_ingestion.wait_for_csv scheduled__2026-09-05T16:24:00+00:00 [queued]>
[2026-09-05T18:25:03.451+0200] {taskinstance.py:2614} INFO - Dependencies all met for dep_context=requeueable deps ti=<TaskInstance: mini_riskagent_file_ingestion.wait_for_csv scheduled__2026-09-05T16:24:00+00:00 [queued]>
[2026-09-05T18:25:03.451+0200] {taskinstance.py:2867} INFO - Starting attempt 1 of 2
[2026-09-05T18:25:03.454+0200] {taskinstance.py:2890} INFO - Executing <Task(PythonSensor): wait_for_csv> on 2026-09-05 16:24:00+00:00
[2026-09-05T18:25:03.459+0200] {standard_task_runner.py:104} INFO - Running: ['airflow', 'tasks', 'run', 'mini_riskagent_file_ingestion', 'wait_for_csv', 'scheduled__2026-09-05T16:24:00+00:00', '--job-id', '613', '--raw', '--subdir', 'DAGS_FOLDER/data_ingest_pipeline.py', '--cfg-path', '/var/folders/5p/201rr1sj03g8gksxm9x48mbh0000gn/T/tmp8_h0pjkb']
[2026-09-05T18:25:03.460+0200] {standard_task_runner.py:105} INFO - Job 613: Subtask wait_for_csv
[2026-09-05T18:25:03.512+0200] {logging_mixin.py:190} WARNING - /Users/swarnalidatta/Desktop/AutoQueryChatbot/.airflow-venv/lib/python3.12/site-packages/airflow/task/task_runner/standard_task_runner.py:70 DeprecationWarning: This process (pid=24231) is multi-threaded, use of fork() may lead to deadlocks in the child.
[2026-09-05T18:25:03.512+0200] {standard_task_runner.py:72} INFO - Started process 24233 to run task
[2026-09-05T18:25:03.526+0200] {task_command.py:467} INFO - Running <TaskInstance: mini_riskagent_file_ingestion.wait_for_csv scheduled__2026-09-05T16:24:00+00:00 [running]> on host mac.home
[2026-09-05T18:25:03.542+0200] {taskinstance.py:3134} INFO - Exporting env vars: AIRFLOW_CTX_DAG_OWNER='autoquery' AIRFLOW_CTX_DAG_ID='mini_riskagent_file_ingestion' AIRFLOW_CTX_TASK_ID='wait_for_csv' AIRFLOW_CTX_EXECUTION_DATE='2026-09-05T16:24:00+00:00' AIRFLOW_CTX_TRY_NUMBER='1' AIRFLOW_CTX_DAG_RUN_ID='scheduled__2026-09-05T16:24:00+00:00'
[2026-09-05T18:25:03.542+0200] {logging_mixin.py:190} INFO - Task instance is in running state
[2026-09-05T18:25:03.543+0200] {logging_mixin.py:190} INFO -  Previous state of the Task instance: queued
[2026-09-05T18:25:03.543+0200] {logging_mixin.py:190} INFO - Current task name:wait_for_csv state:running start_date:2026-09-05 16:25:03.449659+00:00
[2026-09-05T18:25:03.543+0200] {logging_mixin.py:190} INFO - Dag name:mini_riskagent_file_ingestion and current dag run status:running
[2026-09-05T18:25:03.543+0200] {taskinstance.py:732} INFO - ::endgroup::
[2026-09-05T18:25:03.545+0200] {python.py:75} INFO - Poking callable: <function check_for_csv_files at 0x10a974c20>
[2026-09-05T18:25:03.548+0200] {taskinstance.py:310} INFO - Rescheduling task, marking task as UP_FOR_RESCHEDULE
[2026-09-05T18:25:03.548+0200] {taskinstance.py:341} INFO - ::group::Post task execution logs
[2026-09-05T18:25:03.568+0200] {local_task_job_runner.py:266} INFO - Task exited with return code 0
[2026-09-05T18:25:03.573+0200] {taskinstance.py:3901} INFO - 0 downstream tasks scheduled from follow-on schedule check
[2026-09-05T18:25:03.573+0200] {local_task_job_runner.py:245} INFO - ::endgroup::
[2026-09-05T18:25:35.750+0200] {local_task_job_runner.py:123} INFO - ::group::Pre task execution logs
[2026-09-05T18:25:35.753+0200] {taskinstance.py:2614} INFO - Dependencies all met for dep_context=non-requeueable deps ti=<TaskInstance: mini_riskagent_file_ingestion.wait_for_csv scheduled__2026-09-05T16:24:00+00:00 [queued]>
[2026-09-05T18:25:35.755+0200] {taskinstance.py:2614} INFO - Dependencies all met for dep_context=requeueable deps ti=<TaskInstance: mini_riskagent_file_ingestion.wait_for_csv scheduled__2026-09-05T16:24:00+00:00 [queued]>
[2026-09-05T18:25:35.755+0200] {taskinstance.py:2867} INFO - Starting attempt 1 of 2
[2026-09-05T18:25:35.758+0200] {taskinstance.py:2890} INFO - Executing <Task(PythonSensor): wait_for_csv> on 2026-09-05 16:24:00+00:00
[2026-09-05T18:25:35.763+0200] {standard_task_runner.py:104} INFO - Running: ['airflow', 'tasks', 'run', 'mini_riskagent_file_ingestion', 'wait_for_csv', 'scheduled__2026-09-05T16:24:00+00:00', '--job-id', '625', '--raw', '--subdir', 'DAGS_FOLDER/data_ingest_pipeline.py', '--cfg-path', '/var/folders/5p/201rr1sj03g8gksxm9x48mbh0000gn/T/tmpl2vtwkb4']
[2026-09-05T18:25:35.764+0200] {standard_task_runner.py:105} INFO - Job 625: Subtask wait_for_csv
[2026-09-05T18:25:35.814+0200] {logging_mixin.py:190} WARNING - /Users/swarnalidatta/Desktop/AutoQueryChatbot/.airflow-venv/lib/python3.12/site-packages/airflow/task/task_runner/standard_task_runner.py:70 DeprecationWarning: This process (pid=24623) is multi-threaded, use of fork() may lead to deadlocks in the child.
[2026-09-05T18:25:35.814+0200] {standard_task_runner.py:72} INFO - Started process 24629 to run task
[2026-09-05T18:25:35.825+0200] {task_command.py:467} INFO - Running <TaskInstance: mini_riskagent_file_ingestion.wait_for_csv scheduled__2026-09-05T16:24:00+00:00 [running]> on host mac.home
[2026-09-05T18:25:35.840+0200] {taskinstance.py:3134} INFO - Exporting env vars: AIRFLOW_CTX_DAG_OWNER='autoquery' AIRFLOW_CTX_DAG_ID='mini_riskagent_file_ingestion' AIRFLOW_CTX_TASK_ID='wait_for_csv' AIRFLOW_CTX_EXECUTION_DATE='2026-09-05T16:24:00+00:00' AIRFLOW_CTX_TRY_NUMBER='1' AIRFLOW_CTX_DAG_RUN_ID='scheduled__2026-09-05T16:24:00+00:00'
[2026-09-05T18:25:35.840+0200] {logging_mixin.py:190} INFO - Task instance is in running state
[2026-09-05T18:25:35.840+0200] {logging_mixin.py:190} INFO -  Previous state of the Task instance: queued
[2026-09-05T18:25:35.841+0200] {logging_mixin.py:190} INFO - Current task name:wait_for_csv state:running start_date:2026-09-05 16:25:35.753714+00:00
[2026-09-05T18:25:35.841+0200] {logging_mixin.py:190} INFO - Dag name:mini_riskagent_file_ingestion and current dag run status:running
[2026-09-05T18:25:35.841+0200] {taskinstance.py:732} INFO - ::endgroup::
[2026-09-05T18:25:35.842+0200] {python.py:75} INFO - Poking callable: <function check_for_csv_files at 0x108d40c20>
[2026-09-05T18:25:35.845+0200] {taskinstance.py:310} INFO - Rescheduling task, marking task as UP_FOR_RESCHEDULE
[2026-09-05T18:25:35.846+0200] {taskinstance.py:341} INFO - ::group::Post task execution logs
[2026-09-05T18:25:35.869+0200] {local_task_job_runner.py:266} INFO - Task exited with return code 0
[2026-09-05T18:25:35.874+0200] {taskinstance.py:3901} INFO - 0 downstream tasks scheduled from follow-on schedule check
[2026-09-05T18:25:35.874+0200] {local_task_job_runner.py:245} INFO - ::endgroup::
[2026-09-05T18:26:08.758+0200] {local_task_job_runner.py:123} INFO - ::group::Pre task execution logs
[2026-09-05T18:26:08.761+0200] {taskinstance.py:2614} INFO - Dependencies all met for dep_context=non-requeueable deps ti=<TaskInstance: mini_riskagent_file_ingestion.wait_for_csv scheduled__2026-09-05T16:24:00+00:00 [queued]>
[2026-09-05T18:26:08.763+0200] {taskinstance.py:2614} INFO - Dependencies all met for dep_context=requeueable deps ti=<TaskInstance: mini_riskagent_file_ingestion.wait_for_csv scheduled__2026-09-05T16:24:00+00:00 [queued]>
[2026-09-05T18:26:08.763+0200] {taskinstance.py:2867} INFO - Starting attempt 1 of 2
[2026-09-05T18:26:08.766+0200] {taskinstance.py:2890} INFO - Executing <Task(PythonSensor): wait_for_csv> on 2026-09-05 16:24:00+00:00
[2026-09-05T18:26:08.770+0200] {standard_task_runner.py:104} INFO - Running: ['airflow', 'tasks', 'run', 'mini_riskagent_file_ingestion', 'wait_for_csv', 'scheduled__2026-09-05T16:24:00+00:00', '--job-id', '638', '--raw', '--subdir', 'DAGS_FOLDER/data_ingest_pipeline.py', '--cfg-path', '/var/folders/5p/201rr1sj03g8gksxm9x48mbh0000gn/T/tmp9i005sso']
[2026-09-05T18:26:08.771+0200] {standard_task_runner.py:105} INFO - Job 638: Subtask wait_for_csv
[2026-09-05T18:26:08.820+0200] {logging_mixin.py:190} WARNING - /Users/swarnalidatta/Desktop/AutoQueryChatbot/.airflow-venv/lib/python3.12/site-packages/airflow/task/task_runner/standard_task_runner.py:70 DeprecationWarning: This process (pid=24727) is multi-threaded, use of fork() may lead to deadlocks in the child.
[2026-09-05T18:26:08.820+0200] {standard_task_runner.py:72} INFO - Started process 24729 to run task
[2026-09-05T18:26:08.833+0200] {task_command.py:467} INFO - Running <TaskInstance: mini_riskagent_file_ingestion.wait_for_csv scheduled__2026-09-05T16:24:00+00:00 [running]> on host mac.home
[2026-09-05T18:26:08.849+0200] {taskinstance.py:3134} INFO - Exporting env vars: AIRFLOW_CTX_DAG_OWNER='autoquery' AIRFLOW_CTX_DAG_ID='mini_riskagent_file_ingestion' AIRFLOW_CTX_TASK_ID='wait_for_csv' AIRFLOW_CTX_EXECUTION_DATE='2026-09-05T16:24:00+00:00' AIRFLOW_CTX_TRY_NUMBER='1' AIRFLOW_CTX_DAG_RUN_ID='scheduled__2026-09-05T16:24:00+00:00'
[2026-09-05T18:26:08.850+0200] {logging_mixin.py:190} INFO - Task instance is in running state
[2026-09-05T18:26:08.850+0200] {logging_mixin.py:190} INFO -  Previous state of the Task instance: queued
[2026-09-05T18:26:08.850+0200] {logging_mixin.py:190} INFO - Current task name:wait_for_csv state:running start_date:2026-09-05 16:26:08.761718+00:00
[2026-09-05T18:26:08.850+0200] {logging_mixin.py:190} INFO - Dag name:mini_riskagent_file_ingestion and current dag run status:running
[2026-09-05T18:26:08.850+0200] {taskinstance.py:732} INFO - ::endgroup::
[2026-09-05T18:26:08.851+0200] {python.py:75} INFO - Poking callable: <function check_for_csv_files at 0x108244c20>
[2026-09-05T18:26:08.855+0200] {taskinstance.py:310} INFO - Rescheduling task, marking task as UP_FOR_RESCHEDULE
[2026-09-05T18:26:08.855+0200] {taskinstance.py:341} INFO - ::group::Post task execution logs
[2026-09-05T18:26:08.876+0200] {local_task_job_runner.py:266} INFO - Task exited with return code 0
[2026-09-05T18:26:08.881+0200] {taskinstance.py:3901} INFO - 0 downstream tasks scheduled from follow-on schedule check
[2026-09-05T18:26:08.881+0200] {local_task_job_runner.py:245} INFO - ::endgroup::
[2026-09-05T18:43:28.343+0200] {local_task_job_runner.py:123} INFO - ::group::Pre task execution logs
[2026-09-05T18:43:28.346+0200] {taskinstance.py:2614} INFO - Dependencies all met for dep_context=non-requeueable deps ti=<TaskInstance: mini_riskagent_file_ingestion.wait_for_csv scheduled__2026-09-05T16:24:00+00:00 [queued]>
[2026-09-05T18:43:28.347+0200] {taskinstance.py:2614} INFO - Dependencies all met for dep_context=requeueable deps ti=<TaskInstance: mini_riskagent_file_ingestion.wait_for_csv scheduled__2026-09-05T16:24:00+00:00 [queued]>
[2026-09-05T18:43:28.347+0200] {taskinstance.py:2867} INFO - Starting attempt 1 of 2
[2026-09-05T18:43:28.351+0200] {taskinstance.py:2890} INFO - Executing <Task(PythonSensor): wait_for_csv> on 2026-09-05 16:24:00+00:00
[2026-09-05T18:43:28.355+0200] {standard_task_runner.py:104} INFO - Running: ['airflow', 'tasks', 'run', 'mini_riskagent_file_ingestion', 'wait_for_csv', 'scheduled__2026-09-05T16:24:00+00:00', '--job-id', '651', '--raw', '--subdir', 'DAGS_FOLDER/data_ingest_pipeline.py', '--cfg-path', '/var/folders/5p/201rr1sj03g8gksxm9x48mbh0000gn/T/tmp7b8gxoxc']
[2026-09-05T18:43:28.356+0200] {standard_task_runner.py:105} INFO - Job 651: Subtask wait_for_csv
[2026-09-05T18:43:28.404+0200] {logging_mixin.py:190} WARNING - /Users/swarnalidatta/Desktop/AutoQueryChatbot/.airflow-venv/lib/python3.12/site-packages/airflow/task/task_runner/standard_task_runner.py:70 DeprecationWarning: This process (pid=24834) is multi-threaded, use of fork() may lead to deadlocks in the child.
[2026-09-05T18:43:28.404+0200] {standard_task_runner.py:72} INFO - Started process 24836 to run task
[2026-09-05T18:43:28.417+0200] {task_command.py:467} INFO - Running <TaskInstance: mini_riskagent_file_ingestion.wait_for_csv scheduled__2026-09-05T16:24:00+00:00 [running]> on host mac.home
[2026-09-05T18:43:28.431+0200] {taskinstance.py:3134} INFO - Exporting env vars: AIRFLOW_CTX_DAG_OWNER='autoquery' AIRFLOW_CTX_DAG_ID='mini_riskagent_file_ingestion' AIRFLOW_CTX_TASK_ID='wait_for_csv' AIRFLOW_CTX_EXECUTION_DATE='2026-09-05T16:24:00+00:00' AIRFLOW_CTX_TRY_NUMBER='1' AIRFLOW_CTX_DAG_RUN_ID='scheduled__2026-09-05T16:24:00+00:00'
[2026-09-05T18:43:28.431+0200] {logging_mixin.py:190} INFO - Task instance is in running state
[2026-09-05T18:43:28.432+0200] {logging_mixin.py:190} INFO -  Previous state of the Task instance: queued
[2026-09-05T18:43:28.432+0200] {logging_mixin.py:190} INFO - Current task name:wait_for_csv state:running start_date:2026-09-05 16:43:28.346342+00:00
[2026-09-05T18:43:28.432+0200] {logging_mixin.py:190} INFO - Dag name:mini_riskagent_file_ingestion and current dag run status:running
[2026-09-05T18:43:28.432+0200] {taskinstance.py:732} INFO - ::endgroup::
[2026-09-05T18:43:28.433+0200] {python.py:75} INFO - Poking callable: <function check_for_csv_files at 0x10887cc20>
[2026-09-05T18:43:28.436+0200] {taskinstance.py:310} INFO - Rescheduling task, marking task as UP_FOR_RESCHEDULE
[2026-09-05T18:43:28.436+0200] {taskinstance.py:341} INFO - ::group::Post task execution logs
[2026-09-05T18:43:28.463+0200] {local_task_job_runner.py:266} INFO - Task exited with return code 0
[2026-09-05T18:43:28.468+0200] {taskinstance.py:3901} INFO - 0 downstream tasks scheduled from follow-on schedule check
[2026-09-05T18:43:28.468+0200] {local_task_job_runner.py:245} INFO - ::endgroup::
[2026-09-05T18:50:27.627+0200] {local_task_job_runner.py:123} INFO - ::group::Pre task execution logs
[2026-09-05T18:50:27.630+0200] {taskinstance.py:2614} INFO - Dependencies all met for dep_context=non-requeueable deps ti=<TaskInstance: mini_riskagent_file_ingestion.wait_for_csv scheduled__2026-09-05T16:24:00+00:00 [queued]>
[2026-09-05T18:50:27.632+0200] {taskinstance.py:2614} INFO - Dependencies all met for dep_context=requeueable deps ti=<TaskInstance: mini_riskagent_file_ingestion.wait_for_csv scheduled__2026-09-05T16:24:00+00:00 [queued]>
[2026-09-05T18:50:27.632+0200] {taskinstance.py:2867} INFO - Starting attempt 1 of 2
[2026-09-05T18:50:27.636+0200] {taskinstance.py:2890} INFO - Executing <Task(PythonSensor): wait_for_csv> on 2026-09-05 16:24:00+00:00
[2026-09-05T18:50:27.640+0200] {standard_task_runner.py:104} INFO - Running: ['airflow', 'tasks', 'run', 'mini_riskagent_file_ingestion', 'wait_for_csv', 'scheduled__2026-09-05T16:24:00+00:00', '--job-id', '668', '--raw', '--subdir', 'DAGS_FOLDER/data_ingest_pipeline.py', '--cfg-path', '/var/folders/5p/201rr1sj03g8gksxm9x48mbh0000gn/T/tmp_epg8o78']
[2026-09-05T18:50:27.641+0200] {standard_task_runner.py:105} INFO - Job 668: Subtask wait_for_csv
[2026-09-05T18:50:27.698+0200] {logging_mixin.py:190} WARNING - /Users/swarnalidatta/Desktop/AutoQueryChatbot/.airflow-venv/lib/python3.12/site-packages/airflow/task/task_runner/standard_task_runner.py:70 DeprecationWarning: This process (pid=24907) is multi-threaded, use of fork() may lead to deadlocks in the child.
[2026-09-05T18:50:27.698+0200] {standard_task_runner.py:72} INFO - Started process 24909 to run task
[2026-09-05T18:50:27.708+0200] {task_command.py:467} INFO - Running <TaskInstance: mini_riskagent_file_ingestion.wait_for_csv scheduled__2026-09-05T16:24:00+00:00 [running]> on host mac.home
[2026-09-05T18:50:27.724+0200] {taskinstance.py:3134} INFO - Exporting env vars: AIRFLOW_CTX_DAG_OWNER='autoquery' AIRFLOW_CTX_DAG_ID='mini_riskagent_file_ingestion' AIRFLOW_CTX_TASK_ID='wait_for_csv' AIRFLOW_CTX_EXECUTION_DATE='2026-09-05T16:24:00+00:00' AIRFLOW_CTX_TRY_NUMBER='1' AIRFLOW_CTX_DAG_RUN_ID='scheduled__2026-09-05T16:24:00+00:00'
[2026-09-05T18:50:27.725+0200] {logging_mixin.py:190} INFO - Task instance is in running state
[2026-09-05T18:50:27.725+0200] {logging_mixin.py:190} INFO -  Previous state of the Task instance: queued
[2026-09-05T18:50:27.725+0200] {logging_mixin.py:190} INFO - Current task name:wait_for_csv state:running start_date:2026-09-05 16:50:27.630847+00:00
[2026-09-05T18:50:27.725+0200] {logging_mixin.py:190} INFO - Dag name:mini_riskagent_file_ingestion and current dag run status:running
[2026-09-05T18:50:27.725+0200] {taskinstance.py:732} INFO - ::endgroup::
[2026-09-05T18:50:27.727+0200] {python.py:75} INFO - Poking callable: <function check_for_csv_files at 0x10bfacc20>
[2026-09-05T18:50:27.730+0200] {taskinstance.py:310} INFO - Rescheduling task, marking task as UP_FOR_RESCHEDULE
[2026-09-05T18:50:27.730+0200] {taskinstance.py:341} INFO - ::group::Post task execution logs
[2026-09-05T18:50:27.753+0200] {local_task_job_runner.py:266} INFO - Task exited with return code 0
[2026-09-05T18:50:27.759+0200] {taskinstance.py:3901} INFO - 0 downstream tasks scheduled from follow-on schedule check
[2026-09-05T18:50:27.759+0200] {local_task_job_runner.py:245} INFO - ::endgroup::
[2026-09-05T18:51:02.225+0200] {local_task_job_runner.py:123} INFO - ::group::Pre task execution logs
[2026-09-05T18:51:02.228+0200] {taskinstance.py:2614} INFO - Dependencies all met for dep_context=non-requeueable deps ti=<TaskInstance: mini_riskagent_file_ingestion.wait_for_csv scheduled__2026-09-05T16:24:00+00:00 [queued]>
[2026-09-05T18:51:02.229+0200] {taskinstance.py:2614} INFO - Dependencies all met for dep_context=requeueable deps ti=<TaskInstance: mini_riskagent_file_ingestion.wait_for_csv scheduled__2026-09-05T16:24:00+00:00 [queued]>
[2026-09-05T18:51:02.229+0200] {taskinstance.py:2867} INFO - Starting attempt 1 of 2
[2026-09-05T18:51:02.233+0200] {taskinstance.py:2890} INFO - Executing <Task(PythonSensor): wait_for_csv> on 2026-09-05 16:24:00+00:00
[2026-09-05T18:51:02.236+0200] {standard_task_runner.py:104} INFO - Running: ['airflow', 'tasks', 'run', 'mini_riskagent_file_ingestion', 'wait_for_csv', 'scheduled__2026-09-05T16:24:00+00:00', '--job-id', '684', '--raw', '--subdir', 'DAGS_FOLDER/data_ingest_pipeline.py', '--cfg-path', '/var/folders/5p/201rr1sj03g8gksxm9x48mbh0000gn/T/tmpvi1b_dj6']
[2026-09-05T18:51:02.237+0200] {standard_task_runner.py:105} INFO - Job 684: Subtask wait_for_csv
[2026-09-05T18:51:02.284+0200] {logging_mixin.py:190} WARNING - /Users/swarnalidatta/Desktop/AutoQueryChatbot/.airflow-venv/lib/python3.12/site-packages/airflow/task/task_runner/standard_task_runner.py:70 DeprecationWarning: This process (pid=25019) is multi-threaded, use of fork() may lead to deadlocks in the child.
[2026-09-05T18:51:02.285+0200] {standard_task_runner.py:72} INFO - Started process 25021 to run task
[2026-09-05T18:51:02.297+0200] {task_command.py:467} INFO - Running <TaskInstance: mini_riskagent_file_ingestion.wait_for_csv scheduled__2026-09-05T16:24:00+00:00 [running]> on host mac.home
[2026-09-05T18:51:02.313+0200] {taskinstance.py:3134} INFO - Exporting env vars: AIRFLOW_CTX_DAG_OWNER='autoquery' AIRFLOW_CTX_DAG_ID='mini_riskagent_file_ingestion' AIRFLOW_CTX_TASK_ID='wait_for_csv' AIRFLOW_CTX_EXECUTION_DATE='2026-09-05T16:24:00+00:00' AIRFLOW_CTX_TRY_NUMBER='1' AIRFLOW_CTX_DAG_RUN_ID='scheduled__2026-09-05T16:24:00+00:00'
[2026-09-05T18:51:02.313+0200] {logging_mixin.py:190} INFO - Task instance is in running state
[2026-09-05T18:51:02.313+0200] {logging_mixin.py:190} INFO -  Previous state of the Task instance: queued
[2026-09-05T18:51:02.313+0200] {logging_mixin.py:190} INFO - Current task name:wait_for_csv state:running start_date:2026-09-05 16:51:02.228189+00:00
[2026-09-05T18:51:02.314+0200] {logging_mixin.py:190} INFO - Dag name:mini_riskagent_file_ingestion and current dag run status:running
[2026-09-05T18:51:02.314+0200] {taskinstance.py:732} INFO - ::endgroup::
[2026-09-05T18:51:02.315+0200] {python.py:75} INFO - Poking callable: <function check_for_csv_files at 0x10bfd4c20>
[2026-09-05T18:51:02.318+0200] {taskinstance.py:310} INFO - Rescheduling task, marking task as UP_FOR_RESCHEDULE
[2026-09-05T18:51:02.319+0200] {taskinstance.py:341} INFO - ::group::Post task execution logs
[2026-09-05T18:51:02.340+0200] {local_task_job_runner.py:266} INFO - Task exited with return code 0
[2026-09-05T18:51:02.345+0200] {taskinstance.py:3901} INFO - 0 downstream tasks scheduled from follow-on schedule check
[2026-09-05T18:51:02.345+0200] {local_task_job_runner.py:245} INFO - ::endgroup::
[2026-09-05T18:51:35.874+0200] {local_task_job_runner.py:123} INFO - ::group::Pre task execution logs
[2026-09-05T18:51:35.876+0200] {taskinstance.py:2614} INFO - Dependencies all met for dep_context=non-requeueable deps ti=<TaskInstance: mini_riskagent_file_ingestion.wait_for_csv scheduled__2026-09-05T16:24:00+00:00 [queued]>
[2026-09-05T18:51:35.878+0200] {taskinstance.py:2614} INFO - Dependencies all met for dep_context=requeueable deps ti=<TaskInstance: mini_riskagent_file_ingestion.wait_for_csv scheduled__2026-09-05T16:24:00+00:00 [queued]>
[2026-09-05T18:51:35.878+0200] {taskinstance.py:2867} INFO - Starting attempt 1 of 2
[2026-09-05T18:51:35.881+0200] {taskinstance.py:2890} INFO - Executing <Task(PythonSensor): wait_for_csv> on 2026-09-05 16:24:00+00:00
[2026-09-05T18:51:35.886+0200] {standard_task_runner.py:104} INFO - Running: ['airflow', 'tasks', 'run', 'mini_riskagent_file_ingestion', 'wait_for_csv', 'scheduled__2026-09-05T16:24:00+00:00', '--job-id', '700', '--raw', '--subdir', 'DAGS_FOLDER/data_ingest_pipeline.py', '--cfg-path', '/var/folders/5p/201rr1sj03g8gksxm9x48mbh0000gn/T/tmpgu7yejwv']
[2026-09-05T18:51:35.887+0200] {standard_task_runner.py:105} INFO - Job 700: Subtask wait_for_csv
[2026-09-05T18:51:35.936+0200] {logging_mixin.py:190} WARNING - /Users/swarnalidatta/Desktop/AutoQueryChatbot/.airflow-venv/lib/python3.12/site-packages/airflow/task/task_runner/standard_task_runner.py:70 DeprecationWarning: This process (pid=25131) is multi-threaded, use of fork() may lead to deadlocks in the child.
[2026-09-05T18:51:35.936+0200] {standard_task_runner.py:72} INFO - Started process 25133 to run task
[2026-09-05T18:51:35.946+0200] {task_command.py:467} INFO - Running <TaskInstance: mini_riskagent_file_ingestion.wait_for_csv scheduled__2026-09-05T16:24:00+00:00 [running]> on host mac.home
[2026-09-05T18:51:35.961+0200] {taskinstance.py:3134} INFO - Exporting env vars: AIRFLOW_CTX_DAG_OWNER='autoquery' AIRFLOW_CTX_DAG_ID='mini_riskagent_file_ingestion' AIRFLOW_CTX_TASK_ID='wait_for_csv' AIRFLOW_CTX_EXECUTION_DATE='2026-09-05T16:24:00+00:00' AIRFLOW_CTX_TRY_NUMBER='1' AIRFLOW_CTX_DAG_RUN_ID='scheduled__2026-09-05T16:24:00+00:00'
[2026-09-05T18:51:35.961+0200] {logging_mixin.py:190} INFO - Task instance is in running state
[2026-09-05T18:51:35.962+0200] {logging_mixin.py:190} INFO -  Previous state of the Task instance: queued
[2026-09-05T18:51:35.962+0200] {logging_mixin.py:190} INFO - Current task name:wait_for_csv state:running start_date:2026-09-05 16:51:35.876845+00:00
[2026-09-05T18:51:35.962+0200] {logging_mixin.py:190} INFO - Dag name:mini_riskagent_file_ingestion and current dag run status:running
[2026-09-05T18:51:35.962+0200] {taskinstance.py:732} INFO - ::endgroup::
[2026-09-05T18:51:35.963+0200] {python.py:75} INFO - Poking callable: <function check_for_csv_files at 0x10cd24c20>
[2026-09-05T18:51:35.967+0200] {taskinstance.py:310} INFO - Rescheduling task, marking task as UP_FOR_RESCHEDULE
[2026-09-05T18:51:35.967+0200] {taskinstance.py:341} INFO - ::group::Post task execution logs
[2026-09-05T18:51:35.991+0200] {local_task_job_runner.py:266} INFO - Task exited with return code 0
[2026-09-05T18:51:35.996+0200] {taskinstance.py:3901} INFO - 0 downstream tasks scheduled from follow-on schedule check
[2026-09-05T18:51:35.997+0200] {local_task_job_runner.py:245} INFO - ::endgroup::
[2026-09-05T18:52:08.252+0200] {local_task_job_runner.py:123} INFO - ::group::Pre task execution logs
[2026-09-05T18:52:08.255+0200] {taskinstance.py:2614} INFO - Dependencies all met for dep_context=non-requeueable deps ti=<TaskInstance: mini_riskagent_file_ingestion.wait_for_csv scheduled__2026-09-05T16:24:00+00:00 [queued]>
[2026-09-05T18:52:08.256+0200] {taskinstance.py:2614} INFO - Dependencies all met for dep_context=requeueable deps ti=<TaskInstance: mini_riskagent_file_ingestion.wait_for_csv scheduled__2026-09-05T16:24:00+00:00 [queued]>
[2026-09-05T18:52:08.256+0200] {taskinstance.py:2867} INFO - Starting attempt 1 of 2
[2026-09-05T18:52:08.260+0200] {taskinstance.py:2890} INFO - Executing <Task(PythonSensor): wait_for_csv> on 2026-09-05 16:24:00+00:00
[2026-09-05T18:52:08.264+0200] {standard_task_runner.py:104} INFO - Running: ['airflow', 'tasks', 'run', 'mini_riskagent_file_ingestion', 'wait_for_csv', 'scheduled__2026-09-05T16:24:00+00:00', '--job-id', '716', '--raw', '--subdir', 'DAGS_FOLDER/data_ingest_pipeline.py', '--cfg-path', '/var/folders/5p/201rr1sj03g8gksxm9x48mbh0000gn/T/tmpt7v3er_e']
[2026-09-05T18:52:08.264+0200] {standard_task_runner.py:105} INFO - Job 716: Subtask wait_for_csv
[2026-09-05T18:52:08.313+0200] {logging_mixin.py:190} WARNING - /Users/swarnalidatta/Desktop/AutoQueryChatbot/.airflow-venv/lib/python3.12/site-packages/airflow/task/task_runner/standard_task_runner.py:70 DeprecationWarning: This process (pid=25244) is multi-threaded, use of fork() may lead to deadlocks in the child.
[2026-09-05T18:52:08.314+0200] {standard_task_runner.py:72} INFO - Started process 25246 to run task
[2026-09-05T18:52:08.325+0200] {task_command.py:467} INFO - Running <TaskInstance: mini_riskagent_file_ingestion.wait_for_csv scheduled__2026-09-05T16:24:00+00:00 [running]> on host mac.home
[2026-09-05T18:52:08.340+0200] {taskinstance.py:3134} INFO - Exporting env vars: AIRFLOW_CTX_DAG_OWNER='autoquery' AIRFLOW_CTX_DAG_ID='mini_riskagent_file_ingestion' AIRFLOW_CTX_TASK_ID='wait_for_csv' AIRFLOW_CTX_EXECUTION_DATE='2026-09-05T16:24:00+00:00' AIRFLOW_CTX_TRY_NUMBER='1' AIRFLOW_CTX_DAG_RUN_ID='scheduled__2026-09-05T16:24:00+00:00'
[2026-09-05T18:52:08.340+0200] {logging_mixin.py:190} INFO - Task instance is in running state
[2026-09-05T18:52:08.340+0200] {logging_mixin.py:190} INFO -  Previous state of the Task instance: queued
[2026-09-05T18:52:08.340+0200] {logging_mixin.py:190} INFO - Current task name:wait_for_csv state:running start_date:2026-09-05 16:52:08.255110+00:00
[2026-09-05T18:52:08.341+0200] {logging_mixin.py:190} INFO - Dag name:mini_riskagent_file_ingestion and current dag run status:running
[2026-09-05T18:52:08.341+0200] {taskinstance.py:732} INFO - ::endgroup::
[2026-09-05T18:52:08.342+0200] {python.py:75} INFO - Poking callable: <function check_for_csv_files at 0x108cc8c20>
[2026-09-05T18:52:08.345+0200] {taskinstance.py:310} INFO - Rescheduling task, marking task as UP_FOR_RESCHEDULE
[2026-09-05T18:52:08.345+0200] {taskinstance.py:341} INFO - ::group::Post task execution logs
[2026-09-05T18:52:08.369+0200] {local_task_job_runner.py:266} INFO - Task exited with return code 0
[2026-09-05T18:52:08.374+0200] {taskinstance.py:3901} INFO - 0 downstream tasks scheduled from follow-on schedule check
[2026-09-05T18:52:08.374+0200] {local_task_job_runner.py:245} INFO - ::endgroup::
[2026-09-05T18:52:40.799+0200] {local_task_job_runner.py:123} INFO - ::group::Pre task execution logs
[2026-09-05T18:52:40.801+0200] {taskinstance.py:2614} INFO - Dependencies all met for dep_context=non-requeueable deps ti=<TaskInstance: mini_riskagent_file_ingestion.wait_for_csv scheduled__2026-09-05T16:24:00+00:00 [queued]>
[2026-09-05T18:52:40.803+0200] {taskinstance.py:2614} INFO - Dependencies all met for dep_context=requeueable deps ti=<TaskInstance: mini_riskagent_file_ingestion.wait_for_csv scheduled__2026-09-05T16:24:00+00:00 [queued]>
[2026-09-05T18:52:40.803+0200] {taskinstance.py:2867} INFO - Starting attempt 1 of 2
[2026-09-05T18:52:40.807+0200] {taskinstance.py:2890} INFO - Executing <Task(PythonSensor): wait_for_csv> on 2026-09-05 16:24:00+00:00
[2026-09-05T18:52:40.811+0200] {standard_task_runner.py:104} INFO - Running: ['airflow', 'tasks', 'run', 'mini_riskagent_file_ingestion', 'wait_for_csv', 'scheduled__2026-09-05T16:24:00+00:00', '--job-id', '732', '--raw', '--subdir', 'DAGS_FOLDER/data_ingest_pipeline.py', '--cfg-path', '/var/folders/5p/201rr1sj03g8gksxm9x48mbh0000gn/T/tmpl3zydgh7']
[2026-09-05T18:52:40.812+0200] {standard_task_runner.py:105} INFO - Job 732: Subtask wait_for_csv
[2026-09-05T18:52:40.861+0200] {logging_mixin.py:190} WARNING - /Users/swarnalidatta/Desktop/AutoQueryChatbot/.airflow-venv/lib/python3.12/site-packages/airflow/task/task_runner/standard_task_runner.py:70 DeprecationWarning: This process (pid=25361) is multi-threaded, use of fork() may lead to deadlocks in the child.
[2026-09-05T18:52:40.861+0200] {standard_task_runner.py:72} INFO - Started process 25367 to run task
[2026-09-05T18:52:40.873+0200] {task_command.py:467} INFO - Running <TaskInstance: mini_riskagent_file_ingestion.wait_for_csv scheduled__2026-09-05T16:24:00+00:00 [running]> on host mac.home
[2026-09-05T18:52:40.889+0200] {taskinstance.py:3134} INFO - Exporting env vars: AIRFLOW_CTX_DAG_OWNER='autoquery' AIRFLOW_CTX_DAG_ID='mini_riskagent_file_ingestion' AIRFLOW_CTX_TASK_ID='wait_for_csv' AIRFLOW_CTX_EXECUTION_DATE='2026-09-05T16:24:00+00:00' AIRFLOW_CTX_TRY_NUMBER='1' AIRFLOW_CTX_DAG_RUN_ID='scheduled__2026-09-05T16:24:00+00:00'
[2026-09-05T18:52:40.889+0200] {logging_mixin.py:190} INFO - Task instance is in running state
[2026-09-05T18:52:40.889+0200] {logging_mixin.py:190} INFO -  Previous state of the Task instance: queued
[2026-09-05T18:52:40.890+0200] {logging_mixin.py:190} INFO - Current task name:wait_for_csv state:running start_date:2026-09-05 16:52:40.801863+00:00
[2026-09-05T18:52:40.890+0200] {logging_mixin.py:190} INFO - Dag name:mini_riskagent_file_ingestion and current dag run status:running
[2026-09-05T18:52:40.890+0200] {taskinstance.py:732} INFO - ::endgroup::
[2026-09-05T18:52:40.891+0200] {python.py:75} INFO - Poking callable: <function check_for_csv_files at 0x107fa4c20>
[2026-09-05T18:52:40.894+0200] {taskinstance.py:310} INFO - Rescheduling task, marking task as UP_FOR_RESCHEDULE
[2026-09-05T18:52:40.895+0200] {taskinstance.py:341} INFO - ::group::Post task execution logs
[2026-09-05T18:52:40.917+0200] {local_task_job_runner.py:266} INFO - Task exited with return code 0
[2026-09-05T18:52:40.922+0200] {taskinstance.py:3901} INFO - 0 downstream tasks scheduled from follow-on schedule check
[2026-09-05T18:52:40.922+0200] {local_task_job_runner.py:245} INFO - ::endgroup::
[2026-09-05T18:53:13.302+0200] {local_task_job_runner.py:123} INFO - ::group::Pre task execution logs
[2026-09-05T18:53:13.305+0200] {taskinstance.py:2614} INFO - Dependencies all met for dep_context=non-requeueable deps ti=<TaskInstance: mini_riskagent_file_ingestion.wait_for_csv scheduled__2026-09-05T16:24:00+00:00 [queued]>
[2026-09-05T18:53:13.306+0200] {taskinstance.py:2614} INFO - Dependencies all met for dep_context=requeueable deps ti=<TaskInstance: mini_riskagent_file_ingestion.wait_for_csv scheduled__2026-09-05T16:24:00+00:00 [queued]>
[2026-09-05T18:53:13.306+0200] {taskinstance.py:2867} INFO - Starting attempt 1 of 2
[2026-09-05T18:53:13.310+0200] {taskinstance.py:2890} INFO - Executing <Task(PythonSensor): wait_for_csv> on 2026-09-05 16:24:00+00:00
[2026-09-05T18:53:13.314+0200] {standard_task_runner.py:104} INFO - Running: ['airflow', 'tasks', 'run', 'mini_riskagent_file_ingestion', 'wait_for_csv', 'scheduled__2026-09-05T16:24:00+00:00', '--job-id', '748', '--raw', '--subdir', 'DAGS_FOLDER/data_ingest_pipeline.py', '--cfg-path', '/var/folders/5p/201rr1sj03g8gksxm9x48mbh0000gn/T/tmp141h7w_f']
[2026-09-05T18:53:13.315+0200] {standard_task_runner.py:105} INFO - Job 748: Subtask wait_for_csv
[2026-09-05T18:53:13.364+0200] {logging_mixin.py:190} WARNING - /Users/swarnalidatta/Desktop/AutoQueryChatbot/.airflow-venv/lib/python3.12/site-packages/airflow/task/task_runner/standard_task_runner.py:70 DeprecationWarning: This process (pid=25494) is multi-threaded, use of fork() may lead to deadlocks in the child.
[2026-09-05T18:53:13.364+0200] {standard_task_runner.py:72} INFO - Started process 25496 to run task
[2026-09-05T18:53:13.376+0200] {task_command.py:467} INFO - Running <TaskInstance: mini_riskagent_file_ingestion.wait_for_csv scheduled__2026-09-05T16:24:00+00:00 [running]> on host mac.home
[2026-09-05T18:53:13.391+0200] {taskinstance.py:3134} INFO - Exporting env vars: AIRFLOW_CTX_DAG_OWNER='autoquery' AIRFLOW_CTX_DAG_ID='mini_riskagent_file_ingestion' AIRFLOW_CTX_TASK_ID='wait_for_csv' AIRFLOW_CTX_EXECUTION_DATE='2026-09-05T16:24:00+00:00' AIRFLOW_CTX_TRY_NUMBER='1' AIRFLOW_CTX_DAG_RUN_ID='scheduled__2026-09-05T16:24:00+00:00'
[2026-09-05T18:53:13.392+0200] {logging_mixin.py:190} INFO - Task instance is in running state
[2026-09-05T18:53:13.392+0200] {logging_mixin.py:190} INFO -  Previous state of the Task instance: queued
[2026-09-05T18:53:13.392+0200] {logging_mixin.py:190} INFO - Current task name:wait_for_csv state:running start_date:2026-09-05 16:53:13.305518+00:00
[2026-09-05T18:53:13.392+0200] {logging_mixin.py:190} INFO - Dag name:mini_riskagent_file_ingestion and current dag run status:running
[2026-09-05T18:53:13.392+0200] {taskinstance.py:732} INFO - ::endgroup::
[2026-09-05T18:53:13.394+0200] {python.py:75} INFO - Poking callable: <function check_for_csv_files at 0x10a9b8c20>
[2026-09-05T18:53:13.397+0200] {taskinstance.py:310} INFO - Rescheduling task, marking task as UP_FOR_RESCHEDULE
[2026-09-05T18:53:13.397+0200] {taskinstance.py:341} INFO - ::group::Post task execution logs
[2026-09-05T18:53:13.420+0200] {local_task_job_runner.py:266} INFO - Task exited with return code 0
[2026-09-05T18:53:13.424+0200] {taskinstance.py:3901} INFO - 0 downstream tasks scheduled from follow-on schedule check
[2026-09-05T18:53:13.425+0200] {local_task_job_runner.py:245} INFO - ::endgroup::
[2026-09-05T18:53:45.729+0200] {local_task_job_runner.py:123} INFO - ::group::Pre task execution logs
[2026-09-05T18:53:45.732+0200] {taskinstance.py:2614} INFO - Dependencies all met for dep_context=non-requeueable deps ti=<TaskInstance: mini_riskagent_file_ingestion.wait_for_csv scheduled__2026-09-05T16:24:00+00:00 [queued]>
[2026-09-05T18:53:45.733+0200] {taskinstance.py:2614} INFO - Dependencies all met for dep_context=requeueable deps ti=<TaskInstance: mini_riskagent_file_ingestion.wait_for_csv scheduled__2026-09-05T16:24:00+00:00 [queued]>
[2026-09-05T18:53:45.733+0200] {taskinstance.py:2867} INFO - Starting attempt 1 of 2
[2026-09-05T18:53:45.737+0200] {taskinstance.py:2890} INFO - Executing <Task(PythonSensor): wait_for_csv> on 2026-09-05 16:24:00+00:00
[2026-09-05T18:53:45.741+0200] {standard_task_runner.py:104} INFO - Running: ['airflow', 'tasks', 'run', 'mini_riskagent_file_ingestion', 'wait_for_csv', 'scheduled__2026-09-05T16:24:00+00:00', '--job-id', '764', '--raw', '--subdir', 'DAGS_FOLDER/data_ingest_pipeline.py', '--cfg-path', '/var/folders/5p/201rr1sj03g8gksxm9x48mbh0000gn/T/tmpgch11vcl']
[2026-09-05T18:53:45.742+0200] {standard_task_runner.py:105} INFO - Job 764: Subtask wait_for_csv
[2026-09-05T18:53:45.791+0200] {logging_mixin.py:190} WARNING - /Users/swarnalidatta/Desktop/AutoQueryChatbot/.airflow-venv/lib/python3.12/site-packages/airflow/task/task_runner/standard_task_runner.py:70 DeprecationWarning: This process (pid=25611) is multi-threaded, use of fork() may lead to deadlocks in the child.
[2026-09-05T18:53:45.791+0200] {standard_task_runner.py:72} INFO - Started process 25613 to run task
[2026-09-05T18:53:45.802+0200] {task_command.py:467} INFO - Running <TaskInstance: mini_riskagent_file_ingestion.wait_for_csv scheduled__2026-09-05T16:24:00+00:00 [running]> on host mac.home
[2026-09-05T18:53:45.817+0200] {taskinstance.py:3134} INFO - Exporting env vars: AIRFLOW_CTX_DAG_OWNER='autoquery' AIRFLOW_CTX_DAG_ID='mini_riskagent_file_ingestion' AIRFLOW_CTX_TASK_ID='wait_for_csv' AIRFLOW_CTX_EXECUTION_DATE='2026-09-05T16:24:00+00:00' AIRFLOW_CTX_TRY_NUMBER='1' AIRFLOW_CTX_DAG_RUN_ID='scheduled__2026-09-05T16:24:00+00:00'
[2026-09-05T18:53:45.817+0200] {logging_mixin.py:190} INFO - Task instance is in running state
[2026-09-05T18:53:45.817+0200] {logging_mixin.py:190} INFO -  Previous state of the Task instance: queued
[2026-09-05T18:53:45.818+0200] {logging_mixin.py:190} INFO - Current task name:wait_for_csv state:running start_date:2026-09-05 16:53:45.732397+00:00
[2026-09-05T18:53:45.818+0200] {logging_mixin.py:190} INFO - Dag name:mini_riskagent_file_ingestion and current dag run status:running
[2026-09-05T18:53:45.818+0200] {taskinstance.py:732} INFO - ::endgroup::
[2026-09-05T18:53:45.819+0200] {python.py:75} INFO - Poking callable: <function check_for_csv_files at 0x10d8e4c20>
[2026-09-05T18:53:45.822+0200] {taskinstance.py:310} INFO - Rescheduling task, marking task as UP_FOR_RESCHEDULE
[2026-09-05T18:53:45.823+0200] {taskinstance.py:341} INFO - ::group::Post task execution logs
[2026-09-05T18:53:45.846+0200] {local_task_job_runner.py:266} INFO - Task exited with return code 0
[2026-09-05T18:53:45.851+0200] {taskinstance.py:3901} INFO - 0 downstream tasks scheduled from follow-on schedule check
[2026-09-05T18:53:45.851+0200] {local_task_job_runner.py:245} INFO - ::endgroup::
[2026-09-05T18:54:18.007+0200] {local_task_job_runner.py:123} INFO - ::group::Pre task execution logs
[2026-09-05T18:54:18.010+0200] {taskinstance.py:2614} INFO - Dependencies all met for dep_context=non-requeueable deps ti=<TaskInstance: mini_riskagent_file_ingestion.wait_for_csv scheduled__2026-09-05T16:24:00+00:00 [queued]>
[2026-09-05T18:54:18.011+0200] {taskinstance.py:2614} INFO - Dependencies all met for dep_context=requeueable deps ti=<TaskInstance: mini_riskagent_file_ingestion.wait_for_csv scheduled__2026-09-05T16:24:00+00:00 [queued]>
[2026-09-05T18:54:18.011+0200] {taskinstance.py:2867} INFO - Starting attempt 1 of 2
[2026-09-05T18:54:18.015+0200] {taskinstance.py:2890} INFO - Executing <Task(PythonSensor): wait_for_csv> on 2026-09-05 16:24:00+00:00
[2026-09-05T18:54:18.019+0200] {standard_task_runner.py:104} INFO - Running: ['airflow', 'tasks', 'run', 'mini_riskagent_file_ingestion', 'wait_for_csv', 'scheduled__2026-09-05T16:24:00+00:00', '--job-id', '780', '--raw', '--subdir', 'DAGS_FOLDER/data_ingest_pipeline.py', '--cfg-path', '/var/folders/5p/201rr1sj03g8gksxm9x48mbh0000gn/T/tmpozeyuwpu']
[2026-09-05T18:54:18.020+0200] {standard_task_runner.py:105} INFO - Job 780: Subtask wait_for_csv
[2026-09-05T18:54:18.069+0200] {logging_mixin.py:190} WARNING - /Users/swarnalidatta/Desktop/AutoQueryChatbot/.airflow-venv/lib/python3.12/site-packages/airflow/task/task_runner/standard_task_runner.py:70 DeprecationWarning: This process (pid=25723) is multi-threaded, use of fork() may lead to deadlocks in the child.
[2026-09-05T18:54:18.069+0200] {standard_task_runner.py:72} INFO - Started process 25725 to run task
[2026-09-05T18:54:18.080+0200] {task_command.py:467} INFO - Running <TaskInstance: mini_riskagent_file_ingestion.wait_for_csv scheduled__2026-09-05T16:24:00+00:00 [running]> on host mac.home
[2026-09-05T18:54:18.096+0200] {taskinstance.py:3134} INFO - Exporting env vars: AIRFLOW_CTX_DAG_OWNER='autoquery' AIRFLOW_CTX_DAG_ID='mini_riskagent_file_ingestion' AIRFLOW_CTX_TASK_ID='wait_for_csv' AIRFLOW_CTX_EXECUTION_DATE='2026-09-05T16:24:00+00:00' AIRFLOW_CTX_TRY_NUMBER='1' AIRFLOW_CTX_DAG_RUN_ID='scheduled__2026-09-05T16:24:00+00:00'
[2026-09-05T18:54:18.096+0200] {logging_mixin.py:190} INFO - Task instance is in running state
[2026-09-05T18:54:18.096+0200] {logging_mixin.py:190} INFO -  Previous state of the Task instance: queued
[2026-09-05T18:54:18.096+0200] {logging_mixin.py:190} INFO - Current task name:wait_for_csv state:running start_date:2026-09-05 16:54:18.010246+00:00
[2026-09-05T18:54:18.097+0200] {logging_mixin.py:190} INFO - Dag name:mini_riskagent_file_ingestion and current dag run status:running
[2026-09-05T18:54:18.097+0200] {taskinstance.py:732} INFO - ::endgroup::
[2026-09-05T18:54:18.098+0200] {python.py:75} INFO - Poking callable: <function check_for_csv_files at 0x10a354c20>
[2026-09-05T18:54:18.101+0200] {taskinstance.py:310} INFO - Rescheduling task, marking task as UP_FOR_RESCHEDULE
[2026-09-05T18:54:18.102+0200] {taskinstance.py:341} INFO - ::group::Post task execution logs
[2026-09-05T18:54:18.125+0200] {local_task_job_runner.py:266} INFO - Task exited with return code 0
[2026-09-05T18:54:18.130+0200] {taskinstance.py:3901} INFO - 0 downstream tasks scheduled from follow-on schedule check
[2026-09-05T18:54:18.130+0200] {local_task_job_runner.py:245} INFO - ::endgroup::
[2026-09-05T18:54:50.245+0200] {local_task_job_runner.py:123} INFO - ::group::Pre task execution logs
[2026-09-05T18:54:50.248+0200] {taskinstance.py:2614} INFO - Dependencies all met for dep_context=non-requeueable deps ti=<TaskInstance: mini_riskagent_file_ingestion.wait_for_csv scheduled__2026-09-05T16:24:00+00:00 [queued]>
[2026-09-05T18:54:50.249+0200] {taskinstance.py:2614} INFO - Dependencies all met for dep_context=requeueable deps ti=<TaskInstance: mini_riskagent_file_ingestion.wait_for_csv scheduled__2026-09-05T16:24:00+00:00 [queued]>
[2026-09-05T18:54:50.250+0200] {taskinstance.py:2867} INFO - Starting attempt 1 of 2
[2026-09-05T18:54:50.253+0200] {taskinstance.py:2890} INFO - Executing <Task(PythonSensor): wait_for_csv> on 2026-09-05 16:24:00+00:00
[2026-09-05T18:54:50.257+0200] {standard_task_runner.py:104} INFO - Running: ['airflow', 'tasks', 'run', 'mini_riskagent_file_ingestion', 'wait_for_csv', 'scheduled__2026-09-05T16:24:00+00:00', '--job-id', '796', '--raw', '--subdir', 'DAGS_FOLDER/data_ingest_pipeline.py', '--cfg-path', '/var/folders/5p/201rr1sj03g8gksxm9x48mbh0000gn/T/tmpz9up06xp']
[2026-09-05T18:54:50.258+0200] {standard_task_runner.py:105} INFO - Job 796: Subtask wait_for_csv
[2026-09-05T18:54:50.308+0200] {logging_mixin.py:190} WARNING - /Users/swarnalidatta/Desktop/AutoQueryChatbot/.airflow-venv/lib/python3.12/site-packages/airflow/task/task_runner/standard_task_runner.py:70 DeprecationWarning: This process (pid=25832) is multi-threaded, use of fork() may lead to deadlocks in the child.
[2026-09-05T18:54:50.308+0200] {standard_task_runner.py:72} INFO - Started process 25834 to run task
[2026-09-05T18:54:50.319+0200] {task_command.py:467} INFO - Running <TaskInstance: mini_riskagent_file_ingestion.wait_for_csv scheduled__2026-09-05T16:24:00+00:00 [running]> on host mac.home
[2026-09-05T18:54:50.334+0200] {taskinstance.py:3134} INFO - Exporting env vars: AIRFLOW_CTX_DAG_OWNER='autoquery' AIRFLOW_CTX_DAG_ID='mini_riskagent_file_ingestion' AIRFLOW_CTX_TASK_ID='wait_for_csv' AIRFLOW_CTX_EXECUTION_DATE='2026-09-05T16:24:00+00:00' AIRFLOW_CTX_TRY_NUMBER='1' AIRFLOW_CTX_DAG_RUN_ID='scheduled__2026-09-05T16:24:00+00:00'
[2026-09-05T18:54:50.334+0200] {logging_mixin.py:190} INFO - Task instance is in running state
[2026-09-05T18:54:50.334+0200] {logging_mixin.py:190} INFO -  Previous state of the Task instance: queued
[2026-09-05T18:54:50.335+0200] {logging_mixin.py:190} INFO - Current task name:wait_for_csv state:running start_date:2026-09-05 16:54:50.248634+00:00
[2026-09-05T18:54:50.335+0200] {logging_mixin.py:190} INFO - Dag name:mini_riskagent_file_ingestion and current dag run status:running
[2026-09-05T18:54:50.335+0200] {taskinstance.py:732} INFO - ::endgroup::
[2026-09-05T18:54:50.336+0200] {python.py:75} INFO - Poking callable: <function check_for_csv_files at 0x10c5e4c20>
[2026-09-05T18:54:50.339+0200] {taskinstance.py:310} INFO - Rescheduling task, marking task as UP_FOR_RESCHEDULE
[2026-09-05T18:54:50.340+0200] {taskinstance.py:341} INFO - ::group::Post task execution logs
[2026-09-05T18:54:50.363+0200] {local_task_job_runner.py:266} INFO - Task exited with return code 0
[2026-09-05T18:54:50.368+0200] {taskinstance.py:3901} INFO - 0 downstream tasks scheduled from follow-on schedule check
[2026-09-05T18:54:50.368+0200] {local_task_job_runner.py:245} INFO - ::endgroup::
[2026-09-05T18:55:22.377+0200] {local_task_job_runner.py:123} INFO - ::group::Pre task execution logs
[2026-09-05T18:55:22.380+0200] {taskinstance.py:2614} INFO - Dependencies all met for dep_context=non-requeueable deps ti=<TaskInstance: mini_riskagent_file_ingestion.wait_for_csv scheduled__2026-09-05T16:24:00+00:00 [queued]>
[2026-09-05T18:55:22.382+0200] {taskinstance.py:2614} INFO - Dependencies all met for dep_context=requeueable deps ti=<TaskInstance: mini_riskagent_file_ingestion.wait_for_csv scheduled__2026-09-05T16:24:00+00:00 [queued]>
[2026-09-05T18:55:22.382+0200] {taskinstance.py:2867} INFO - Starting attempt 1 of 2
[2026-09-05T18:55:22.385+0200] {taskinstance.py:2890} INFO - Executing <Task(PythonSensor): wait_for_csv> on 2026-09-05 16:24:00+00:00
[2026-09-05T18:55:22.390+0200] {standard_task_runner.py:104} INFO - Running: ['airflow', 'tasks', 'run', 'mini_riskagent_file_ingestion', 'wait_for_csv', 'scheduled__2026-09-05T16:24:00+00:00', '--job-id', '812', '--raw', '--subdir', 'DAGS_FOLDER/data_ingest_pipeline.py', '--cfg-path', '/var/folders/5p/201rr1sj03g8gksxm9x48mbh0000gn/T/tmpbs_f8pyz']
[2026-09-05T18:55:22.390+0200] {standard_task_runner.py:105} INFO - Job 812: Subtask wait_for_csv
[2026-09-05T18:55:22.441+0200] {logging_mixin.py:190} WARNING - /Users/swarnalidatta/Desktop/AutoQueryChatbot/.airflow-venv/lib/python3.12/site-packages/airflow/task/task_runner/standard_task_runner.py:70 DeprecationWarning: This process (pid=25938) is multi-threaded, use of fork() may lead to deadlocks in the child.
[2026-09-05T18:55:22.441+0200] {standard_task_runner.py:72} INFO - Started process 25940 to run task
[2026-09-05T18:55:22.452+0200] {task_command.py:467} INFO - Running <TaskInstance: mini_riskagent_file_ingestion.wait_for_csv scheduled__2026-09-05T16:24:00+00:00 [running]> on host mac.home
[2026-09-05T18:55:22.467+0200] {taskinstance.py:3134} INFO - Exporting env vars: AIRFLOW_CTX_DAG_OWNER='autoquery' AIRFLOW_CTX_DAG_ID='mini_riskagent_file_ingestion' AIRFLOW_CTX_TASK_ID='wait_for_csv' AIRFLOW_CTX_EXECUTION_DATE='2026-09-05T16:24:00+00:00' AIRFLOW_CTX_TRY_NUMBER='1' AIRFLOW_CTX_DAG_RUN_ID='scheduled__2026-09-05T16:24:00+00:00'
[2026-09-05T18:55:22.467+0200] {logging_mixin.py:190} INFO - Task instance is in running state
[2026-09-05T18:55:22.467+0200] {logging_mixin.py:190} INFO -  Previous state of the Task instance: queued
[2026-09-05T18:55:22.467+0200] {logging_mixin.py:190} INFO - Current task name:wait_for_csv state:running start_date:2026-09-05 16:55:22.380755+00:00
[2026-09-05T18:55:22.468+0200] {logging_mixin.py:190} INFO - Dag name:mini_riskagent_file_ingestion and current dag run status:running
[2026-09-05T18:55:22.468+0200] {taskinstance.py:732} INFO - ::endgroup::
[2026-09-05T18:55:22.469+0200] {python.py:75} INFO - Poking callable: <function check_for_csv_files at 0x10804cc20>
[2026-09-05T18:55:22.472+0200] {taskinstance.py:310} INFO - Rescheduling task, marking task as UP_FOR_RESCHEDULE
[2026-09-05T18:55:22.472+0200] {taskinstance.py:341} INFO - ::group::Post task execution logs
[2026-09-05T18:55:22.496+0200] {local_task_job_runner.py:266} INFO - Task exited with return code 0
[2026-09-05T18:55:22.501+0200] {taskinstance.py:3901} INFO - 0 downstream tasks scheduled from follow-on schedule check
[2026-09-05T18:55:22.502+0200] {local_task_job_runner.py:245} INFO - ::endgroup::
[2026-09-05T18:55:54.344+0200] {local_task_job_runner.py:123} INFO - ::group::Pre task execution logs
[2026-09-05T18:55:54.347+0200] {taskinstance.py:2614} INFO - Dependencies all met for dep_context=non-requeueable deps ti=<TaskInstance: mini_riskagent_file_ingestion.wait_for_csv scheduled__2026-09-05T16:24:00+00:00 [queued]>
[2026-09-05T18:55:54.349+0200] {taskinstance.py:2614} INFO - Dependencies all met for dep_context=requeueable deps ti=<TaskInstance: mini_riskagent_file_ingestion.wait_for_csv scheduled__2026-09-05T16:24:00+00:00 [queued]>
[2026-09-05T18:55:54.349+0200] {taskinstance.py:2867} INFO - Starting attempt 1 of 2
[2026-09-05T18:55:54.352+0200] {taskinstance.py:2890} INFO - Executing <Task(PythonSensor): wait_for_csv> on 2026-09-05 16:24:00+00:00
[2026-09-05T18:55:54.356+0200] {standard_task_runner.py:104} INFO - Running: ['airflow', 'tasks', 'run', 'mini_riskagent_file_ingestion', 'wait_for_csv', 'scheduled__2026-09-05T16:24:00+00:00', '--job-id', '828', '--raw', '--subdir', 'DAGS_FOLDER/data_ingest_pipeline.py', '--cfg-path', '/var/folders/5p/201rr1sj03g8gksxm9x48mbh0000gn/T/tmpyj_jvrhd']
[2026-09-05T18:55:54.357+0200] {standard_task_runner.py:105} INFO - Job 828: Subtask wait_for_csv
[2026-09-05T18:55:54.407+0200] {logging_mixin.py:190} WARNING - /Users/swarnalidatta/Desktop/AutoQueryChatbot/.airflow-venv/lib/python3.12/site-packages/airflow/task/task_runner/standard_task_runner.py:70 DeprecationWarning: This process (pid=26248) is multi-threaded, use of fork() may lead to deadlocks in the child.
[2026-09-05T18:55:54.408+0200] {standard_task_runner.py:72} INFO - Started process 26254 to run task
[2026-09-05T18:55:54.418+0200] {task_command.py:467} INFO - Running <TaskInstance: mini_riskagent_file_ingestion.wait_for_csv scheduled__2026-09-05T16:24:00+00:00 [running]> on host mac.home
[2026-09-05T18:55:54.434+0200] {taskinstance.py:3134} INFO - Exporting env vars: AIRFLOW_CTX_DAG_OWNER='autoquery' AIRFLOW_CTX_DAG_ID='mini_riskagent_file_ingestion' AIRFLOW_CTX_TASK_ID='wait_for_csv' AIRFLOW_CTX_EXECUTION_DATE='2026-09-05T16:24:00+00:00' AIRFLOW_CTX_TRY_NUMBER='1' AIRFLOW_CTX_DAG_RUN_ID='scheduled__2026-09-05T16:24:00+00:00'
[2026-09-05T18:55:54.435+0200] {logging_mixin.py:190} INFO - Task instance is in running state
[2026-09-05T18:55:54.435+0200] {logging_mixin.py:190} INFO -  Previous state of the Task instance: queued
[2026-09-05T18:55:54.435+0200] {logging_mixin.py:190} INFO - Current task name:wait_for_csv state:running start_date:2026-09-05 16:55:54.347716+00:00
[2026-09-05T18:55:54.435+0200] {logging_mixin.py:190} INFO - Dag name:mini_riskagent_file_ingestion and current dag run status:running
[2026-09-05T18:55:54.435+0200] {taskinstance.py:732} INFO - ::endgroup::
[2026-09-05T18:55:54.437+0200] {python.py:75} INFO - Poking callable: <function check_for_csv_files at 0x114354c20>
[2026-09-05T18:55:54.440+0200] {taskinstance.py:310} INFO - Rescheduling task, marking task as UP_FOR_RESCHEDULE
[2026-09-05T18:55:54.440+0200] {taskinstance.py:341} INFO - ::group::Post task execution logs
[2026-09-05T18:55:54.463+0200] {local_task_job_runner.py:266} INFO - Task exited with return code 0
[2026-09-05T18:55:54.468+0200] {taskinstance.py:3901} INFO - 0 downstream tasks scheduled from follow-on schedule check
[2026-09-05T18:55:54.468+0200] {local_task_job_runner.py:245} INFO - ::endgroup::
[2026-09-05T18:59:25.417+0200] {local_task_job_runner.py:123} INFO - ::group::Pre task execution logs
[2026-09-05T18:59:25.420+0200] {taskinstance.py:2614} INFO - Dependencies all met for dep_context=non-requeueable deps ti=<TaskInstance: mini_riskagent_file_ingestion.wait_for_csv scheduled__2026-09-05T16:24:00+00:00 [queued]>
[2026-09-05T18:59:25.421+0200] {taskinstance.py:2614} INFO - Dependencies all met for dep_context=requeueable deps ti=<TaskInstance: mini_riskagent_file_ingestion.wait_for_csv scheduled__2026-09-05T16:24:00+00:00 [queued]>
[2026-09-05T18:59:25.421+0200] {taskinstance.py:2867} INFO - Starting attempt 1 of 2
[2026-09-05T18:59:25.425+0200] {taskinstance.py:2890} INFO - Executing <Task(PythonSensor): wait_for_csv> on 2026-09-05 16:24:00+00:00
[2026-09-05T18:59:25.429+0200] {standard_task_runner.py:104} INFO - Running: ['airflow', 'tasks', 'run', 'mini_riskagent_file_ingestion', 'wait_for_csv', 'scheduled__2026-09-05T16:24:00+00:00', '--job-id', '845', '--raw', '--subdir', 'DAGS_FOLDER/data_ingest_pipeline.py', '--cfg-path', '/var/folders/5p/201rr1sj03g8gksxm9x48mbh0000gn/T/tmp7duz4pms']
[2026-09-05T18:59:25.430+0200] {standard_task_runner.py:105} INFO - Job 845: Subtask wait_for_csv
[2026-09-05T18:59:25.477+0200] {logging_mixin.py:190} WARNING - /Users/swarnalidatta/Desktop/AutoQueryChatbot/.airflow-venv/lib/python3.12/site-packages/airflow/task/task_runner/standard_task_runner.py:70 DeprecationWarning: This process (pid=26348) is multi-threaded, use of fork() may lead to deadlocks in the child.
[2026-09-05T18:59:25.477+0200] {standard_task_runner.py:72} INFO - Started process 26350 to run task
[2026-09-05T18:59:25.490+0200] {task_command.py:467} INFO - Running <TaskInstance: mini_riskagent_file_ingestion.wait_for_csv scheduled__2026-09-05T16:24:00+00:00 [running]> on host mac.home
[2026-09-05T18:59:25.505+0200] {taskinstance.py:3134} INFO - Exporting env vars: AIRFLOW_CTX_DAG_OWNER='autoquery' AIRFLOW_CTX_DAG_ID='mini_riskagent_file_ingestion' AIRFLOW_CTX_TASK_ID='wait_for_csv' AIRFLOW_CTX_EXECUTION_DATE='2026-09-05T16:24:00+00:00' AIRFLOW_CTX_TRY_NUMBER='1' AIRFLOW_CTX_DAG_RUN_ID='scheduled__2026-09-05T16:24:00+00:00'
[2026-09-05T18:59:25.505+0200] {logging_mixin.py:190} INFO - Task instance is in running state
[2026-09-05T18:59:25.505+0200] {logging_mixin.py:190} INFO -  Previous state of the Task instance: queued
[2026-09-05T18:59:25.506+0200] {logging_mixin.py:190} INFO - Current task name:wait_for_csv state:running start_date:2026-09-05 16:59:25.420471+00:00
[2026-09-05T18:59:25.506+0200] {logging_mixin.py:190} INFO - Dag name:mini_riskagent_file_ingestion and current dag run status:running
[2026-09-05T18:59:25.506+0200] {taskinstance.py:732} INFO - ::endgroup::
[2026-09-05T18:59:25.507+0200] {python.py:75} INFO - Poking callable: <function check_for_csv_files at 0x10c978c20>
[2026-09-05T18:59:25.510+0200] {taskinstance.py:310} INFO - Rescheduling task, marking task as UP_FOR_RESCHEDULE
[2026-09-05T18:59:25.510+0200] {taskinstance.py:341} INFO - ::group::Post task execution logs
[2026-09-05T18:59:25.533+0200] {local_task_job_runner.py:266} INFO - Task exited with return code 0
[2026-09-05T18:59:25.538+0200] {taskinstance.py:3901} INFO - 0 downstream tasks scheduled from follow-on schedule check
[2026-09-05T18:59:25.538+0200] {local_task_job_runner.py:245} INFO - ::endgroup::
[2026-09-05T18:59:59.796+0200] {local_task_job_runner.py:123} INFO - ::group::Pre task execution logs
[2026-09-05T18:59:59.799+0200] {taskinstance.py:2614} INFO - Dependencies all met for dep_context=non-requeueable deps ti=<TaskInstance: mini_riskagent_file_ingestion.wait_for_csv scheduled__2026-09-05T16:24:00+00:00 [queued]>
[2026-09-05T18:59:59.800+0200] {taskinstance.py:2614} INFO - Dependencies all met for dep_context=requeueable deps ti=<TaskInstance: mini_riskagent_file_ingestion.wait_for_csv scheduled__2026-09-05T16:24:00+00:00 [queued]>
[2026-09-05T18:59:59.800+0200] {taskinstance.py:2867} INFO - Starting attempt 1 of 2
[2026-09-05T18:59:59.804+0200] {taskinstance.py:2890} INFO - Executing <Task(PythonSensor): wait_for_csv> on 2026-09-05 16:24:00+00:00
[2026-09-05T18:59:59.809+0200] {standard_task_runner.py:104} INFO - Running: ['airflow', 'tasks', 'run', 'mini_riskagent_file_ingestion', 'wait_for_csv', 'scheduled__2026-09-05T16:24:00+00:00', '--job-id', '861', '--raw', '--subdir', 'DAGS_FOLDER/data_ingest_pipeline.py', '--cfg-path', '/var/folders/5p/201rr1sj03g8gksxm9x48mbh0000gn/T/tmpg58edccg']
[2026-09-05T18:59:59.809+0200] {standard_task_runner.py:105} INFO - Job 861: Subtask wait_for_csv
[2026-09-05T18:59:59.860+0200] {logging_mixin.py:190} WARNING - /Users/swarnalidatta/Desktop/AutoQueryChatbot/.airflow-venv/lib/python3.12/site-packages/airflow/task/task_runner/standard_task_runner.py:70 DeprecationWarning: This process (pid=26465) is multi-threaded, use of fork() may lead to deadlocks in the child.
[2026-09-05T18:59:59.860+0200] {standard_task_runner.py:72} INFO - Started process 26472 to run task
[2026-09-05T18:59:59.871+0200] {task_command.py:467} INFO - Running <TaskInstance: mini_riskagent_file_ingestion.wait_for_csv scheduled__2026-09-05T16:24:00+00:00 [running]> on host mac.home
[2026-09-05T18:59:59.887+0200] {taskinstance.py:3134} INFO - Exporting env vars: AIRFLOW_CTX_DAG_OWNER='autoquery' AIRFLOW_CTX_DAG_ID='mini_riskagent_file_ingestion' AIRFLOW_CTX_TASK_ID='wait_for_csv' AIRFLOW_CTX_EXECUTION_DATE='2026-09-05T16:24:00+00:00' AIRFLOW_CTX_TRY_NUMBER='1' AIRFLOW_CTX_DAG_RUN_ID='scheduled__2026-09-05T16:24:00+00:00'
[2026-09-05T18:59:59.887+0200] {logging_mixin.py:190} INFO - Task instance is in running state
[2026-09-05T18:59:59.887+0200] {logging_mixin.py:190} INFO -  Previous state of the Task instance: queued
[2026-09-05T18:59:59.887+0200] {logging_mixin.py:190} INFO - Current task name:wait_for_csv state:running start_date:2026-09-05 16:59:59.799297+00:00
[2026-09-05T18:59:59.887+0200] {logging_mixin.py:190} INFO - Dag name:mini_riskagent_file_ingestion and current dag run status:running
[2026-09-05T18:59:59.888+0200] {taskinstance.py:732} INFO - ::endgroup::
[2026-09-05T18:59:59.889+0200] {python.py:75} INFO - Poking callable: <function check_for_csv_files at 0x108110c20>
[2026-09-05T18:59:59.892+0200] {taskinstance.py:310} INFO - Rescheduling task, marking task as UP_FOR_RESCHEDULE
[2026-09-05T18:59:59.892+0200] {taskinstance.py:341} INFO - ::group::Post task execution logs
[2026-09-05T18:59:59.916+0200] {local_task_job_runner.py:266} INFO - Task exited with return code 0
[2026-09-05T18:59:59.922+0200] {taskinstance.py:3901} INFO - 0 downstream tasks scheduled from follow-on schedule check
[2026-09-05T18:59:59.922+0200] {local_task_job_runner.py:245} INFO - ::endgroup::
[2026-09-05T19:00:33.685+0200] {local_task_job_runner.py:123} INFO - ::group::Pre task execution logs
[2026-09-05T19:00:33.688+0200] {taskinstance.py:2614} INFO - Dependencies all met for dep_context=non-requeueable deps ti=<TaskInstance: mini_riskagent_file_ingestion.wait_for_csv scheduled__2026-09-05T16:24:00+00:00 [queued]>
[2026-09-05T19:00:33.689+0200] {taskinstance.py:2614} INFO - Dependencies all met for dep_context=requeueable deps ti=<TaskInstance: mini_riskagent_file_ingestion.wait_for_csv scheduled__2026-09-05T16:24:00+00:00 [queued]>
[2026-09-05T19:00:33.689+0200] {taskinstance.py:2867} INFO - Starting attempt 1 of 2
[2026-09-05T19:00:33.693+0200] {taskinstance.py:2890} INFO - Executing <Task(PythonSensor): wait_for_csv> on 2026-09-05 16:24:00+00:00
[2026-09-05T19:00:33.697+0200] {standard_task_runner.py:104} INFO - Running: ['airflow', 'tasks', 'run', 'mini_riskagent_file_ingestion', 'wait_for_csv', 'scheduled__2026-09-05T16:24:00+00:00', '--job-id', '878', '--raw', '--subdir', 'DAGS_FOLDER/data_ingest_pipeline.py', '--cfg-path', '/var/folders/5p/201rr1sj03g8gksxm9x48mbh0000gn/T/tmp0w1lhlx1']
[2026-09-05T19:00:33.698+0200] {standard_task_runner.py:105} INFO - Job 878: Subtask wait_for_csv
[2026-09-05T19:00:33.746+0200] {logging_mixin.py:190} WARNING - /Users/swarnalidatta/Desktop/AutoQueryChatbot/.airflow-venv/lib/python3.12/site-packages/airflow/task/task_runner/standard_task_runner.py:70 DeprecationWarning: This process (pid=26585) is multi-threaded, use of fork() may lead to deadlocks in the child.
[2026-09-05T19:00:33.746+0200] {standard_task_runner.py:72} INFO - Started process 26587 to run task
[2026-09-05T19:00:33.758+0200] {task_command.py:467} INFO - Running <TaskInstance: mini_riskagent_file_ingestion.wait_for_csv scheduled__2026-09-05T16:24:00+00:00 [running]> on host mac.home
[2026-09-05T19:00:33.774+0200] {taskinstance.py:3134} INFO - Exporting env vars: AIRFLOW_CTX_DAG_OWNER='autoquery' AIRFLOW_CTX_DAG_ID='mini_riskagent_file_ingestion' AIRFLOW_CTX_TASK_ID='wait_for_csv' AIRFLOW_CTX_EXECUTION_DATE='2026-09-05T16:24:00+00:00' AIRFLOW_CTX_TRY_NUMBER='1' AIRFLOW_CTX_DAG_RUN_ID='scheduled__2026-09-05T16:24:00+00:00'
[2026-09-05T19:00:33.774+0200] {logging_mixin.py:190} INFO - Task instance is in running state
[2026-09-05T19:00:33.774+0200] {logging_mixin.py:190} INFO -  Previous state of the Task instance: queued
[2026-09-05T19:00:33.774+0200] {logging_mixin.py:190} INFO - Current task name:wait_for_csv state:running start_date:2026-09-05 17:00:33.688337+00:00
[2026-09-05T19:00:33.774+0200] {logging_mixin.py:190} INFO - Dag name:mini_riskagent_file_ingestion and current dag run status:running
[2026-09-05T19:00:33.775+0200] {taskinstance.py:732} INFO - ::endgroup::
[2026-09-05T19:00:33.776+0200] {python.py:75} INFO - Poking callable: <function check_for_csv_files at 0x1083c8c20>
[2026-09-05T19:00:33.779+0200] {taskinstance.py:310} INFO - Rescheduling task, marking task as UP_FOR_RESCHEDULE
[2026-09-05T19:00:33.779+0200] {taskinstance.py:341} INFO - ::group::Post task execution logs
[2026-09-05T19:00:33.802+0200] {local_task_job_runner.py:266} INFO - Task exited with return code 0
[2026-09-05T19:00:33.806+0200] {taskinstance.py:3901} INFO - 0 downstream tasks scheduled from follow-on schedule check
[2026-09-05T19:00:33.807+0200] {local_task_job_runner.py:245} INFO - ::endgroup::
[2026-09-05T19:01:06.103+0200] {local_task_job_runner.py:123} INFO - ::group::Pre task execution logs
[2026-09-05T19:01:06.106+0200] {taskinstance.py:2614} INFO - Dependencies all met for dep_context=non-requeueable deps ti=<TaskInstance: mini_riskagent_file_ingestion.wait_for_csv scheduled__2026-09-05T16:24:00+00:00 [queued]>
[2026-09-05T19:01:06.107+0200] {taskinstance.py:2614} INFO - Dependencies all met for dep_context=requeueable deps ti=<TaskInstance: mini_riskagent_file_ingestion.wait_for_csv scheduled__2026-09-05T16:24:00+00:00 [queued]>
[2026-09-05T19:01:06.107+0200] {taskinstance.py:2867} INFO - Starting attempt 1 of 2
[2026-09-05T19:01:06.111+0200] {taskinstance.py:2890} INFO - Executing <Task(PythonSensor): wait_for_csv> on 2026-09-05 16:24:00+00:00
[2026-09-05T19:01:06.115+0200] {standard_task_runner.py:104} INFO - Running: ['airflow', 'tasks', 'run', 'mini_riskagent_file_ingestion', 'wait_for_csv', 'scheduled__2026-09-05T16:24:00+00:00', '--job-id', '894', '--raw', '--subdir', 'DAGS_FOLDER/data_ingest_pipeline.py', '--cfg-path', '/var/folders/5p/201rr1sj03g8gksxm9x48mbh0000gn/T/tmp397u_kn7']
[2026-09-05T19:01:06.116+0200] {standard_task_runner.py:105} INFO - Job 894: Subtask wait_for_csv
[2026-09-05T19:01:06.165+0200] {logging_mixin.py:190} WARNING - /Users/swarnalidatta/Desktop/AutoQueryChatbot/.airflow-venv/lib/python3.12/site-packages/airflow/task/task_runner/standard_task_runner.py:70 DeprecationWarning: This process (pid=26701) is multi-threaded, use of fork() may lead to deadlocks in the child.
[2026-09-05T19:01:06.165+0200] {standard_task_runner.py:72} INFO - Started process 26707 to run task
[2026-09-05T19:01:06.176+0200] {task_command.py:467} INFO - Running <TaskInstance: mini_riskagent_file_ingestion.wait_for_csv scheduled__2026-09-05T16:24:00+00:00 [running]> on host mac.home
[2026-09-05T19:01:06.192+0200] {taskinstance.py:3134} INFO - Exporting env vars: AIRFLOW_CTX_DAG_OWNER='autoquery' AIRFLOW_CTX_DAG_ID='mini_riskagent_file_ingestion' AIRFLOW_CTX_TASK_ID='wait_for_csv' AIRFLOW_CTX_EXECUTION_DATE='2026-09-05T16:24:00+00:00' AIRFLOW_CTX_TRY_NUMBER='1' AIRFLOW_CTX_DAG_RUN_ID='scheduled__2026-09-05T16:24:00+00:00'
[2026-09-05T19:01:06.192+0200] {logging_mixin.py:190} INFO - Task instance is in running state
[2026-09-05T19:01:06.192+0200] {logging_mixin.py:190} INFO -  Previous state of the Task instance: queued
[2026-09-05T19:01:06.192+0200] {logging_mixin.py:190} INFO - Current task name:wait_for_csv state:running start_date:2026-09-05 17:01:06.106508+00:00
[2026-09-05T19:01:06.193+0200] {logging_mixin.py:190} INFO - Dag name:mini_riskagent_file_ingestion and current dag run status:running
[2026-09-05T19:01:06.193+0200] {taskinstance.py:732} INFO - ::endgroup::
[2026-09-05T19:01:06.194+0200] {python.py:75} INFO - Poking callable: <function check_for_csv_files at 0x107f08c20>
[2026-09-05T19:01:06.197+0200] {taskinstance.py:310} INFO - Rescheduling task, marking task as UP_FOR_RESCHEDULE
[2026-09-05T19:01:06.197+0200] {taskinstance.py:341} INFO - ::group::Post task execution logs
[2026-09-05T19:01:06.220+0200] {local_task_job_runner.py:266} INFO - Task exited with return code 0
[2026-09-05T19:01:06.225+0200] {taskinstance.py:3901} INFO - 0 downstream tasks scheduled from follow-on schedule check
[2026-09-05T19:01:06.225+0200] {local_task_job_runner.py:245} INFO - ::endgroup::
[2026-09-05T19:01:39.373+0200] {local_task_job_runner.py:123} INFO - ::group::Pre task execution logs
[2026-09-05T19:01:39.375+0200] {taskinstance.py:2614} INFO - Dependencies all met for dep_context=non-requeueable deps ti=<TaskInstance: mini_riskagent_file_ingestion.wait_for_csv scheduled__2026-09-05T16:24:00+00:00 [queued]>
[2026-09-05T19:01:39.377+0200] {taskinstance.py:2614} INFO - Dependencies all met for dep_context=requeueable deps ti=<TaskInstance: mini_riskagent_file_ingestion.wait_for_csv scheduled__2026-09-05T16:24:00+00:00 [queued]>
[2026-09-05T19:01:39.377+0200] {taskinstance.py:2867} INFO - Starting attempt 1 of 2
[2026-09-05T19:01:39.381+0200] {taskinstance.py:2890} INFO - Executing <Task(PythonSensor): wait_for_csv> on 2026-09-05 16:24:00+00:00
[2026-09-05T19:01:39.386+0200] {standard_task_runner.py:104} INFO - Running: ['airflow', 'tasks', 'run', 'mini_riskagent_file_ingestion', 'wait_for_csv', 'scheduled__2026-09-05T16:24:00+00:00', '--job-id', '911', '--raw', '--subdir', 'DAGS_FOLDER/data_ingest_pipeline.py', '--cfg-path', '/var/folders/5p/201rr1sj03g8gksxm9x48mbh0000gn/T/tmparga5mau']
[2026-09-05T19:01:39.387+0200] {standard_task_runner.py:105} INFO - Job 911: Subtask wait_for_csv
[2026-09-05T19:01:39.444+0200] {logging_mixin.py:190} WARNING - /Users/swarnalidatta/Desktop/AutoQueryChatbot/.airflow-venv/lib/python3.12/site-packages/airflow/task/task_runner/standard_task_runner.py:70 DeprecationWarning: This process (pid=26814) is multi-threaded, use of fork() may lead to deadlocks in the child.
[2026-09-05T19:01:39.444+0200] {standard_task_runner.py:72} INFO - Started process 26817 to run task
[2026-09-05T19:01:39.455+0200] {task_command.py:467} INFO - Running <TaskInstance: mini_riskagent_file_ingestion.wait_for_csv scheduled__2026-09-05T16:24:00+00:00 [running]> on host mac.home
[2026-09-05T19:01:39.472+0200] {taskinstance.py:3134} INFO - Exporting env vars: AIRFLOW_CTX_DAG_OWNER='autoquery' AIRFLOW_CTX_DAG_ID='mini_riskagent_file_ingestion' AIRFLOW_CTX_TASK_ID='wait_for_csv' AIRFLOW_CTX_EXECUTION_DATE='2026-09-05T16:24:00+00:00' AIRFLOW_CTX_TRY_NUMBER='1' AIRFLOW_CTX_DAG_RUN_ID='scheduled__2026-09-05T16:24:00+00:00'
[2026-09-05T19:01:39.472+0200] {logging_mixin.py:190} INFO - Task instance is in running state
[2026-09-05T19:01:39.472+0200] {logging_mixin.py:190} INFO -  Previous state of the Task instance: queued
[2026-09-05T19:01:39.472+0200] {logging_mixin.py:190} INFO - Current task name:wait_for_csv state:running start_date:2026-09-05 17:01:39.376010+00:00
[2026-09-05T19:01:39.473+0200] {logging_mixin.py:190} INFO - Dag name:mini_riskagent_file_ingestion and current dag run status:running
[2026-09-05T19:01:39.473+0200] {taskinstance.py:732} INFO - ::endgroup::
[2026-09-05T19:01:39.474+0200] {python.py:75} INFO - Poking callable: <function check_for_csv_files at 0x10a6e4c20>
[2026-09-05T19:01:39.477+0200] {taskinstance.py:310} INFO - Rescheduling task, marking task as UP_FOR_RESCHEDULE
[2026-09-05T19:01:39.478+0200] {taskinstance.py:341} INFO - ::group::Post task execution logs
[2026-09-05T19:01:39.500+0200] {local_task_job_runner.py:266} INFO - Task exited with return code 0
[2026-09-05T19:01:39.505+0200] {taskinstance.py:3901} INFO - 0 downstream tasks scheduled from follow-on schedule check
[2026-09-05T19:01:39.505+0200] {local_task_job_runner.py:245} INFO - ::endgroup::
[2026-09-05T19:02:12.085+0200] {local_task_job_runner.py:123} INFO - ::group::Pre task execution logs
[2026-09-05T19:02:12.088+0200] {taskinstance.py:2614} INFO - Dependencies all met for dep_context=non-requeueable deps ti=<TaskInstance: mini_riskagent_file_ingestion.wait_for_csv scheduled__2026-09-05T16:24:00+00:00 [queued]>
[2026-09-05T19:02:12.089+0200] {taskinstance.py:2614} INFO - Dependencies all met for dep_context=requeueable deps ti=<TaskInstance: mini_riskagent_file_ingestion.wait_for_csv scheduled__2026-09-05T16:24:00+00:00 [queued]>
[2026-09-05T19:02:12.089+0200] {taskinstance.py:2867} INFO - Starting attempt 1 of 2
[2026-09-05T19:02:12.093+0200] {taskinstance.py:2890} INFO - Executing <Task(PythonSensor): wait_for_csv> on 2026-09-05 16:24:00+00:00
[2026-09-05T19:02:12.097+0200] {standard_task_runner.py:104} INFO - Running: ['airflow', 'tasks', 'run', 'mini_riskagent_file_ingestion', 'wait_for_csv', 'scheduled__2026-09-05T16:24:00+00:00', '--job-id', '927', '--raw', '--subdir', 'DAGS_FOLDER/data_ingest_pipeline.py', '--cfg-path', '/var/folders/5p/201rr1sj03g8gksxm9x48mbh0000gn/T/tmpo4oztejs']
[2026-09-05T19:02:12.098+0200] {standard_task_runner.py:105} INFO - Job 927: Subtask wait_for_csv
[2026-09-05T19:02:12.149+0200] {logging_mixin.py:190} WARNING - /Users/swarnalidatta/Desktop/AutoQueryChatbot/.airflow-venv/lib/python3.12/site-packages/airflow/task/task_runner/standard_task_runner.py:70 DeprecationWarning: This process (pid=26931) is multi-threaded, use of fork() may lead to deadlocks in the child.
[2026-09-05T19:02:12.149+0200] {standard_task_runner.py:72} INFO - Started process 26937 to run task
[2026-09-05T19:02:12.159+0200] {task_command.py:467} INFO - Running <TaskInstance: mini_riskagent_file_ingestion.wait_for_csv scheduled__2026-09-05T16:24:00+00:00 [running]> on host mac.home
[2026-09-05T19:02:12.174+0200] {taskinstance.py:3134} INFO - Exporting env vars: AIRFLOW_CTX_DAG_OWNER='autoquery' AIRFLOW_CTX_DAG_ID='mini_riskagent_file_ingestion' AIRFLOW_CTX_TASK_ID='wait_for_csv' AIRFLOW_CTX_EXECUTION_DATE='2026-09-05T16:24:00+00:00' AIRFLOW_CTX_TRY_NUMBER='1' AIRFLOW_CTX_DAG_RUN_ID='scheduled__2026-09-05T16:24:00+00:00'
[2026-09-05T19:02:12.175+0200] {logging_mixin.py:190} INFO - Task instance is in running state
[2026-09-05T19:02:12.175+0200] {logging_mixin.py:190} INFO -  Previous state of the Task instance: queued
[2026-09-05T19:02:12.175+0200] {logging_mixin.py:190} INFO - Current task name:wait_for_csv state:running start_date:2026-09-05 17:02:12.088315+00:00
[2026-09-05T19:02:12.175+0200] {logging_mixin.py:190} INFO - Dag name:mini_riskagent_file_ingestion and current dag run status:running
[2026-09-05T19:02:12.175+0200] {taskinstance.py:732} INFO - ::endgroup::
[2026-09-05T19:02:12.177+0200] {python.py:75} INFO - Poking callable: <function check_for_csv_files at 0x109f24c20>
[2026-09-05T19:02:12.180+0200] {taskinstance.py:310} INFO - Rescheduling task, marking task as UP_FOR_RESCHEDULE
[2026-09-05T19:02:12.180+0200] {taskinstance.py:341} INFO - ::group::Post task execution logs
[2026-09-05T19:02:12.204+0200] {local_task_job_runner.py:266} INFO - Task exited with return code 0
[2026-09-05T19:02:12.209+0200] {taskinstance.py:3901} INFO - 0 downstream tasks scheduled from follow-on schedule check
[2026-09-05T19:02:12.210+0200] {local_task_job_runner.py:245} INFO - ::endgroup::
[2026-09-05T19:02:44.026+0200] {local_task_job_runner.py:123} INFO - ::group::Pre task execution logs
[2026-09-05T19:02:44.029+0200] {taskinstance.py:2614} INFO - Dependencies all met for dep_context=non-requeueable deps ti=<TaskInstance: mini_riskagent_file_ingestion.wait_for_csv scheduled__2026-09-05T16:24:00+00:00 [queued]>
[2026-09-05T19:02:44.030+0200] {taskinstance.py:2614} INFO - Dependencies all met for dep_context=requeueable deps ti=<TaskInstance: mini_riskagent_file_ingestion.wait_for_csv scheduled__2026-09-05T16:24:00+00:00 [queued]>
[2026-09-05T19:02:44.030+0200] {taskinstance.py:2867} INFO - Starting attempt 1 of 2
[2026-09-05T19:02:44.034+0200] {taskinstance.py:2890} INFO - Executing <Task(PythonSensor): wait_for_csv> on 2026-09-05 16:24:00+00:00
[2026-09-05T19:02:44.038+0200] {standard_task_runner.py:104} INFO - Running: ['airflow', 'tasks', 'run', 'mini_riskagent_file_ingestion', 'wait_for_csv', 'scheduled__2026-09-05T16:24:00+00:00', '--job-id', '943', '--raw', '--subdir', 'DAGS_FOLDER/data_ingest_pipeline.py', '--cfg-path', '/var/folders/5p/201rr1sj03g8gksxm9x48mbh0000gn/T/tmp2_gg8mzx']
[2026-09-05T19:02:44.039+0200] {standard_task_runner.py:105} INFO - Job 943: Subtask wait_for_csv
[2026-09-05T19:02:44.088+0200] {logging_mixin.py:190} WARNING - /Users/swarnalidatta/Desktop/AutoQueryChatbot/.airflow-venv/lib/python3.12/site-packages/airflow/task/task_runner/standard_task_runner.py:70 DeprecationWarning: This process (pid=27041) is multi-threaded, use of fork() may lead to deadlocks in the child.
[2026-09-05T19:02:44.088+0200] {standard_task_runner.py:72} INFO - Started process 27043 to run task
[2026-09-05T19:02:44.101+0200] {task_command.py:467} INFO - Running <TaskInstance: mini_riskagent_file_ingestion.wait_for_csv scheduled__2026-09-05T16:24:00+00:00 [running]> on host mac.home
[2026-09-05T19:02:44.117+0200] {taskinstance.py:3134} INFO - Exporting env vars: AIRFLOW_CTX_DAG_OWNER='autoquery' AIRFLOW_CTX_DAG_ID='mini_riskagent_file_ingestion' AIRFLOW_CTX_TASK_ID='wait_for_csv' AIRFLOW_CTX_EXECUTION_DATE='2026-09-05T16:24:00+00:00' AIRFLOW_CTX_TRY_NUMBER='1' AIRFLOW_CTX_DAG_RUN_ID='scheduled__2026-09-05T16:24:00+00:00'
[2026-09-05T19:02:44.117+0200] {logging_mixin.py:190} INFO - Task instance is in running state
[2026-09-05T19:02:44.118+0200] {logging_mixin.py:190} INFO -  Previous state of the Task instance: queued
[2026-09-05T19:02:44.118+0200] {logging_mixin.py:190} INFO - Current task name:wait_for_csv state:running start_date:2026-09-05 17:02:44.029350+00:00
[2026-09-05T19:02:44.118+0200] {logging_mixin.py:190} INFO - Dag name:mini_riskagent_file_ingestion and current dag run status:running
[2026-09-05T19:02:44.118+0200] {taskinstance.py:732} INFO - ::endgroup::
[2026-09-05T19:02:44.120+0200] {python.py:75} INFO - Poking callable: <function check_for_csv_files at 0x107e64c20>
[2026-09-05T19:02:44.123+0200] {taskinstance.py:310} INFO - Rescheduling task, marking task as UP_FOR_RESCHEDULE
[2026-09-05T19:02:44.123+0200] {taskinstance.py:341} INFO - ::group::Post task execution logs
[2026-09-05T19:02:44.144+0200] {local_task_job_runner.py:266} INFO - Task exited with return code 0
[2026-09-05T19:02:44.149+0200] {taskinstance.py:3901} INFO - 0 downstream tasks scheduled from follow-on schedule check
[2026-09-05T19:02:44.149+0200] {local_task_job_runner.py:245} INFO - ::endgroup::
[2026-09-05T19:03:16.178+0200] {local_task_job_runner.py:123} INFO - ::group::Pre task execution logs
[2026-09-05T19:03:16.181+0200] {taskinstance.py:2614} INFO - Dependencies all met for dep_context=non-requeueable deps ti=<TaskInstance: mini_riskagent_file_ingestion.wait_for_csv scheduled__2026-09-05T16:24:00+00:00 [queued]>
[2026-09-05T19:03:16.183+0200] {taskinstance.py:2614} INFO - Dependencies all met for dep_context=requeueable deps ti=<TaskInstance: mini_riskagent_file_ingestion.wait_for_csv scheduled__2026-09-05T16:24:00+00:00 [queued]>
[2026-09-05T19:03:16.183+0200] {taskinstance.py:2867} INFO - Starting attempt 1 of 2
[2026-09-05T19:03:16.186+0200] {taskinstance.py:2890} INFO - Executing <Task(PythonSensor): wait_for_csv> on 2026-09-05 16:24:00+00:00
[2026-09-05T19:03:16.190+0200] {standard_task_runner.py:104} INFO - Running: ['airflow', 'tasks', 'run', 'mini_riskagent_file_ingestion', 'wait_for_csv', 'scheduled__2026-09-05T16:24:00+00:00', '--job-id', '959', '--raw', '--subdir', 'DAGS_FOLDER/data_ingest_pipeline.py', '--cfg-path', '/var/folders/5p/201rr1sj03g8gksxm9x48mbh0000gn/T/tmp5dq35laf']
[2026-09-05T19:03:16.191+0200] {standard_task_runner.py:105} INFO - Job 959: Subtask wait_for_csv
[2026-09-05T19:03:16.239+0200] {logging_mixin.py:190} WARNING - /Users/swarnalidatta/Desktop/AutoQueryChatbot/.airflow-venv/lib/python3.12/site-packages/airflow/task/task_runner/standard_task_runner.py:70 DeprecationWarning: This process (pid=27147) is multi-threaded, use of fork() may lead to deadlocks in the child.
[2026-09-05T19:03:16.239+0200] {standard_task_runner.py:72} INFO - Started process 27149 to run task
[2026-09-05T19:03:16.252+0200] {task_command.py:467} INFO - Running <TaskInstance: mini_riskagent_file_ingestion.wait_for_csv scheduled__2026-09-05T16:24:00+00:00 [running]> on host mac.home
[2026-09-05T19:03:16.268+0200] {taskinstance.py:3134} INFO - Exporting env vars: AIRFLOW_CTX_DAG_OWNER='autoquery' AIRFLOW_CTX_DAG_ID='mini_riskagent_file_ingestion' AIRFLOW_CTX_TASK_ID='wait_for_csv' AIRFLOW_CTX_EXECUTION_DATE='2026-09-05T16:24:00+00:00' AIRFLOW_CTX_TRY_NUMBER='1' AIRFLOW_CTX_DAG_RUN_ID='scheduled__2026-09-05T16:24:00+00:00'
[2026-09-05T19:03:16.268+0200] {logging_mixin.py:190} INFO - Task instance is in running state
[2026-09-05T19:03:16.269+0200] {logging_mixin.py:190} INFO -  Previous state of the Task instance: queued
[2026-09-05T19:03:16.269+0200] {logging_mixin.py:190} INFO - Current task name:wait_for_csv state:running start_date:2026-09-05 17:03:16.181682+00:00
[2026-09-05T19:03:16.269+0200] {logging_mixin.py:190} INFO - Dag name:mini_riskagent_file_ingestion and current dag run status:running
[2026-09-05T19:03:16.269+0200] {taskinstance.py:732} INFO - ::endgroup::
[2026-09-05T19:03:16.270+0200] {python.py:75} INFO - Poking callable: <function check_for_csv_files at 0x108b74c20>
[2026-09-05T19:03:16.274+0200] {taskinstance.py:310} INFO - Rescheduling task, marking task as UP_FOR_RESCHEDULE
[2026-09-05T19:03:16.274+0200] {taskinstance.py:341} INFO - ::group::Post task execution logs
[2026-09-05T19:03:16.295+0200] {local_task_job_runner.py:266} INFO - Task exited with return code 0
[2026-09-05T19:03:16.300+0200] {taskinstance.py:3901} INFO - 0 downstream tasks scheduled from follow-on schedule check
[2026-09-05T19:03:16.300+0200] {local_task_job_runner.py:245} INFO - ::endgroup::
[2026-09-05T19:03:48.403+0200] {local_task_job_runner.py:123} INFO - ::group::Pre task execution logs
[2026-09-05T19:03:48.406+0200] {taskinstance.py:2614} INFO - Dependencies all met for dep_context=non-requeueable deps ti=<TaskInstance: mini_riskagent_file_ingestion.wait_for_csv scheduled__2026-09-05T16:24:00+00:00 [queued]>
[2026-09-05T19:03:48.407+0200] {taskinstance.py:2614} INFO - Dependencies all met for dep_context=requeueable deps ti=<TaskInstance: mini_riskagent_file_ingestion.wait_for_csv scheduled__2026-09-05T16:24:00+00:00 [queued]>
[2026-09-05T19:03:48.407+0200] {taskinstance.py:2867} INFO - Starting attempt 1 of 2
[2026-09-05T19:03:48.411+0200] {taskinstance.py:2890} INFO - Executing <Task(PythonSensor): wait_for_csv> on 2026-09-05 16:24:00+00:00
[2026-09-05T19:03:48.415+0200] {standard_task_runner.py:104} INFO - Running: ['airflow', 'tasks', 'run', 'mini_riskagent_file_ingestion', 'wait_for_csv', 'scheduled__2026-09-05T16:24:00+00:00', '--job-id', '975', '--raw', '--subdir', 'DAGS_FOLDER/data_ingest_pipeline.py', '--cfg-path', '/var/folders/5p/201rr1sj03g8gksxm9x48mbh0000gn/T/tmpsdhsxfou']
[2026-09-05T19:03:48.416+0200] {standard_task_runner.py:105} INFO - Job 975: Subtask wait_for_csv
[2026-09-05T19:03:48.465+0200] {logging_mixin.py:190} WARNING - /Users/swarnalidatta/Desktop/AutoQueryChatbot/.airflow-venv/lib/python3.12/site-packages/airflow/task/task_runner/standard_task_runner.py:70 DeprecationWarning: This process (pid=27263) is multi-threaded, use of fork() may lead to deadlocks in the child.
[2026-09-05T19:03:48.465+0200] {standard_task_runner.py:72} INFO - Started process 27269 to run task
[2026-09-05T19:03:48.478+0200] {task_command.py:467} INFO - Running <TaskInstance: mini_riskagent_file_ingestion.wait_for_csv scheduled__2026-09-05T16:24:00+00:00 [running]> on host mac.home
[2026-09-05T19:03:48.494+0200] {taskinstance.py:3134} INFO - Exporting env vars: AIRFLOW_CTX_DAG_OWNER='autoquery' AIRFLOW_CTX_DAG_ID='mini_riskagent_file_ingestion' AIRFLOW_CTX_TASK_ID='wait_for_csv' AIRFLOW_CTX_EXECUTION_DATE='2026-09-05T16:24:00+00:00' AIRFLOW_CTX_TRY_NUMBER='1' AIRFLOW_CTX_DAG_RUN_ID='scheduled__2026-09-05T16:24:00+00:00'
[2026-09-05T19:03:48.494+0200] {logging_mixin.py:190} INFO - Task instance is in running state
[2026-09-05T19:03:48.495+0200] {logging_mixin.py:190} INFO -  Previous state of the Task instance: queued
[2026-09-05T19:03:48.495+0200] {logging_mixin.py:190} INFO - Current task name:wait_for_csv state:running start_date:2026-09-05 17:03:48.406534+00:00
[2026-09-05T19:03:48.495+0200] {logging_mixin.py:190} INFO - Dag name:mini_riskagent_file_ingestion and current dag run status:running
[2026-09-05T19:03:48.495+0200] {taskinstance.py:732} INFO - ::endgroup::
[2026-09-05T19:03:48.496+0200] {python.py:75} INFO - Poking callable: <function check_for_csv_files at 0x109e90c20>
[2026-09-05T19:03:48.500+0200] {taskinstance.py:310} INFO - Rescheduling task, marking task as UP_FOR_RESCHEDULE
[2026-09-05T19:03:48.500+0200] {taskinstance.py:341} INFO - ::group::Post task execution logs
[2026-09-05T19:03:48.521+0200] {local_task_job_runner.py:266} INFO - Task exited with return code 0
[2026-09-05T19:03:48.526+0200] {taskinstance.py:3901} INFO - 0 downstream tasks scheduled from follow-on schedule check
[2026-09-05T19:03:48.526+0200] {local_task_job_runner.py:245} INFO - ::endgroup::
[2026-09-05T19:04:20.918+0200] {local_task_job_runner.py:123} INFO - ::group::Pre task execution logs
[2026-09-05T19:04:20.921+0200] {taskinstance.py:2614} INFO - Dependencies all met for dep_context=non-requeueable deps ti=<TaskInstance: mini_riskagent_file_ingestion.wait_for_csv scheduled__2026-09-05T16:24:00+00:00 [queued]>
[2026-09-05T19:04:20.922+0200] {taskinstance.py:2614} INFO - Dependencies all met for dep_context=requeueable deps ti=<TaskInstance: mini_riskagent_file_ingestion.wait_for_csv scheduled__2026-09-05T16:24:00+00:00 [queued]>
[2026-09-05T19:04:20.922+0200] {taskinstance.py:2867} INFO - Starting attempt 1 of 2
[2026-09-05T19:04:20.926+0200] {taskinstance.py:2890} INFO - Executing <Task(PythonSensor): wait_for_csv> on 2026-09-05 16:24:00+00:00
[2026-09-05T19:04:20.930+0200] {standard_task_runner.py:104} INFO - Running: ['airflow', 'tasks', 'run', 'mini_riskagent_file_ingestion', 'wait_for_csv', 'scheduled__2026-09-05T16:24:00+00:00', '--job-id', '991', '--raw', '--subdir', 'DAGS_FOLDER/data_ingest_pipeline.py', '--cfg-path', '/var/folders/5p/201rr1sj03g8gksxm9x48mbh0000gn/T/tmp8rnl8byf']
[2026-09-05T19:04:20.931+0200] {standard_task_runner.py:105} INFO - Job 991: Subtask wait_for_csv
[2026-09-05T19:04:20.979+0200] {logging_mixin.py:190} WARNING - /Users/swarnalidatta/Desktop/AutoQueryChatbot/.airflow-venv/lib/python3.12/site-packages/airflow/task/task_runner/standard_task_runner.py:70 DeprecationWarning: This process (pid=27380) is multi-threaded, use of fork() may lead to deadlocks in the child.
[2026-09-05T19:04:20.980+0200] {standard_task_runner.py:72} INFO - Started process 27382 to run task
[2026-09-05T19:04:20.993+0200] {task_command.py:467} INFO - Running <TaskInstance: mini_riskagent_file_ingestion.wait_for_csv scheduled__2026-09-05T16:24:00+00:00 [running]> on host mac.home
[2026-09-05T19:04:21.009+0200] {taskinstance.py:3134} INFO - Exporting env vars: AIRFLOW_CTX_DAG_OWNER='autoquery' AIRFLOW_CTX_DAG_ID='mini_riskagent_file_ingestion' AIRFLOW_CTX_TASK_ID='wait_for_csv' AIRFLOW_CTX_EXECUTION_DATE='2026-09-05T16:24:00+00:00' AIRFLOW_CTX_TRY_NUMBER='1' AIRFLOW_CTX_DAG_RUN_ID='scheduled__2026-09-05T16:24:00+00:00'
[2026-09-05T19:04:21.009+0200] {logging_mixin.py:190} INFO - Task instance is in running state
[2026-09-05T19:04:21.009+0200] {logging_mixin.py:190} INFO -  Previous state of the Task instance: queued
[2026-09-05T19:04:21.009+0200] {logging_mixin.py:190} INFO - Current task name:wait_for_csv state:running start_date:2026-09-05 17:04:20.921358+00:00
[2026-09-05T19:04:21.010+0200] {logging_mixin.py:190} INFO - Dag name:mini_riskagent_file_ingestion and current dag run status:running
[2026-09-05T19:04:21.010+0200] {taskinstance.py:732} INFO - ::endgroup::
[2026-09-05T19:04:21.011+0200] {python.py:75} INFO - Poking callable: <function check_for_csv_files at 0x10c074c20>
[2026-09-05T19:04:21.014+0200] {taskinstance.py:310} INFO - Rescheduling task, marking task as UP_FOR_RESCHEDULE
[2026-09-05T19:04:21.014+0200] {taskinstance.py:341} INFO - ::group::Post task execution logs
[2026-09-05T19:04:21.035+0200] {local_task_job_runner.py:266} INFO - Task exited with return code 0
[2026-09-05T19:04:21.040+0200] {taskinstance.py:3901} INFO - 0 downstream tasks scheduled from follow-on schedule check
[2026-09-05T19:04:21.040+0200] {local_task_job_runner.py:245} INFO - ::endgroup::
[2026-09-05T19:04:53.108+0200] {local_task_job_runner.py:123} INFO - ::group::Pre task execution logs
[2026-09-05T19:04:53.111+0200] {taskinstance.py:2614} INFO - Dependencies all met for dep_context=non-requeueable deps ti=<TaskInstance: mini_riskagent_file_ingestion.wait_for_csv scheduled__2026-09-05T16:24:00+00:00 [queued]>
[2026-09-05T19:04:53.112+0200] {taskinstance.py:2614} INFO - Dependencies all met for dep_context=requeueable deps ti=<TaskInstance: mini_riskagent_file_ingestion.wait_for_csv scheduled__2026-09-05T16:24:00+00:00 [queued]>
[2026-09-05T19:04:53.113+0200] {taskinstance.py:2867} INFO - Starting attempt 1 of 2
[2026-09-05T19:04:53.116+0200] {taskinstance.py:2890} INFO - Executing <Task(PythonSensor): wait_for_csv> on 2026-09-05 16:24:00+00:00
[2026-09-05T19:04:53.120+0200] {standard_task_runner.py:104} INFO - Running: ['airflow', 'tasks', 'run', 'mini_riskagent_file_ingestion', 'wait_for_csv', 'scheduled__2026-09-05T16:24:00+00:00', '--job-id', '1007', '--raw', '--subdir', 'DAGS_FOLDER/data_ingest_pipeline.py', '--cfg-path', '/var/folders/5p/201rr1sj03g8gksxm9x48mbh0000gn/T/tmpn_5x3qri']
[2026-09-05T19:04:53.121+0200] {standard_task_runner.py:105} INFO - Job 1007: Subtask wait_for_csv
[2026-09-05T19:04:53.171+0200] {logging_mixin.py:190} WARNING - /Users/swarnalidatta/Desktop/AutoQueryChatbot/.airflow-venv/lib/python3.12/site-packages/airflow/task/task_runner/standard_task_runner.py:70 DeprecationWarning: This process (pid=27696) is multi-threaded, use of fork() may lead to deadlocks in the child.
[2026-09-05T19:04:53.171+0200] {standard_task_runner.py:72} INFO - Started process 27698 to run task
[2026-09-05T19:04:53.183+0200] {task_command.py:467} INFO - Running <TaskInstance: mini_riskagent_file_ingestion.wait_for_csv scheduled__2026-09-05T16:24:00+00:00 [running]> on host mac.home
[2026-09-05T19:04:53.199+0200] {taskinstance.py:3134} INFO - Exporting env vars: AIRFLOW_CTX_DAG_OWNER='autoquery' AIRFLOW_CTX_DAG_ID='mini_riskagent_file_ingestion' AIRFLOW_CTX_TASK_ID='wait_for_csv' AIRFLOW_CTX_EXECUTION_DATE='2026-09-05T16:24:00+00:00' AIRFLOW_CTX_TRY_NUMBER='1' AIRFLOW_CTX_DAG_RUN_ID='scheduled__2026-09-05T16:24:00+00:00'
[2026-09-05T19:04:53.199+0200] {logging_mixin.py:190} INFO - Task instance is in running state
[2026-09-05T19:04:53.199+0200] {logging_mixin.py:190} INFO -  Previous state of the Task instance: queued
[2026-09-05T19:04:53.199+0200] {logging_mixin.py:190} INFO - Current task name:wait_for_csv state:running start_date:2026-09-05 17:04:53.111596+00:00
[2026-09-05T19:04:53.200+0200] {logging_mixin.py:190} INFO - Dag name:mini_riskagent_file_ingestion and current dag run status:running
[2026-09-05T19:04:53.200+0200] {taskinstance.py:732} INFO - ::endgroup::
[2026-09-05T19:04:53.201+0200] {python.py:75} INFO - Poking callable: <function check_for_csv_files at 0x10a16cc20>
[2026-09-05T19:04:53.204+0200] {taskinstance.py:310} INFO - Rescheduling task, marking task as UP_FOR_RESCHEDULE
[2026-09-05T19:04:53.204+0200] {taskinstance.py:341} INFO - ::group::Post task execution logs
[2026-09-05T19:04:53.226+0200] {local_task_job_runner.py:266} INFO - Task exited with return code 0
[2026-09-05T19:04:53.231+0200] {taskinstance.py:3901} INFO - 0 downstream tasks scheduled from follow-on schedule check
[2026-09-05T19:04:53.232+0200] {local_task_job_runner.py:245} INFO - ::endgroup::
[2026-09-05T19:05:25.573+0200] {local_task_job_runner.py:123} INFO - ::group::Pre task execution logs
[2026-09-05T19:05:25.576+0200] {taskinstance.py:2614} INFO - Dependencies all met for dep_context=non-requeueable deps ti=<TaskInstance: mini_riskagent_file_ingestion.wait_for_csv scheduled__2026-09-05T16:24:00+00:00 [queued]>
[2026-09-05T19:05:25.577+0200] {taskinstance.py:2614} INFO - Dependencies all met for dep_context=requeueable deps ti=<TaskInstance: mini_riskagent_file_ingestion.wait_for_csv scheduled__2026-09-05T16:24:00+00:00 [queued]>
[2026-09-05T19:05:25.577+0200] {taskinstance.py:2867} INFO - Starting attempt 1 of 2
[2026-09-05T19:05:25.581+0200] {taskinstance.py:2890} INFO - Executing <Task(PythonSensor): wait_for_csv> on 2026-09-05 16:24:00+00:00
[2026-09-05T19:05:25.585+0200] {standard_task_runner.py:104} INFO - Running: ['airflow', 'tasks', 'run', 'mini_riskagent_file_ingestion', 'wait_for_csv', 'scheduled__2026-09-05T16:24:00+00:00', '--job-id', '1023', '--raw', '--subdir', 'DAGS_FOLDER/data_ingest_pipeline.py', '--cfg-path', '/var/folders/5p/201rr1sj03g8gksxm9x48mbh0000gn/T/tmpdnrgby3w']
[2026-09-05T19:05:25.586+0200] {standard_task_runner.py:105} INFO - Job 1023: Subtask wait_for_csv
[2026-09-05T19:05:25.635+0200] {logging_mixin.py:190} WARNING - /Users/swarnalidatta/Desktop/AutoQueryChatbot/.airflow-venv/lib/python3.12/site-packages/airflow/task/task_runner/standard_task_runner.py:70 DeprecationWarning: This process (pid=27808) is multi-threaded, use of fork() may lead to deadlocks in the child.
[2026-09-05T19:05:25.636+0200] {standard_task_runner.py:72} INFO - Started process 27810 to run task
[2026-09-05T19:05:25.647+0200] {task_command.py:467} INFO - Running <TaskInstance: mini_riskagent_file_ingestion.wait_for_csv scheduled__2026-09-05T16:24:00+00:00 [running]> on host mac.home
[2026-09-05T19:05:25.663+0200] {taskinstance.py:3134} INFO - Exporting env vars: AIRFLOW_CTX_DAG_OWNER='autoquery' AIRFLOW_CTX_DAG_ID='mini_riskagent_file_ingestion' AIRFLOW_CTX_TASK_ID='wait_for_csv' AIRFLOW_CTX_EXECUTION_DATE='2026-09-05T16:24:00+00:00' AIRFLOW_CTX_TRY_NUMBER='1' AIRFLOW_CTX_DAG_RUN_ID='scheduled__2026-09-05T16:24:00+00:00'
[2026-09-05T19:05:25.663+0200] {logging_mixin.py:190} INFO - Task instance is in running state
[2026-09-05T19:05:25.663+0200] {logging_mixin.py:190} INFO -  Previous state of the Task instance: queued
[2026-09-05T19:05:25.663+0200] {logging_mixin.py:190} INFO - Current task name:wait_for_csv state:running start_date:2026-09-05 17:05:25.576161+00:00
[2026-09-05T19:05:25.664+0200] {logging_mixin.py:190} INFO - Dag name:mini_riskagent_file_ingestion and current dag run status:running
[2026-09-05T19:05:25.664+0200] {taskinstance.py:732} INFO - ::endgroup::
[2026-09-05T19:05:25.665+0200] {python.py:75} INFO - Poking callable: <function check_for_csv_files at 0x107f20c20>
[2026-09-05T19:05:25.668+0200] {taskinstance.py:310} INFO - Rescheduling task, marking task as UP_FOR_RESCHEDULE
[2026-09-05T19:05:25.669+0200] {taskinstance.py:341} INFO - ::group::Post task execution logs
[2026-09-05T19:05:25.691+0200] {local_task_job_runner.py:266} INFO - Task exited with return code 0
[2026-09-05T19:05:25.696+0200] {taskinstance.py:3901} INFO - 0 downstream tasks scheduled from follow-on schedule check
[2026-09-05T19:05:25.696+0200] {local_task_job_runner.py:245} INFO - ::endgroup::
[2026-09-05T19:05:58.251+0200] {local_task_job_runner.py:123} INFO - ::group::Pre task execution logs
[2026-09-05T19:05:58.254+0200] {taskinstance.py:2614} INFO - Dependencies all met for dep_context=non-requeueable deps ti=<TaskInstance: mini_riskagent_file_ingestion.wait_for_csv scheduled__2026-09-05T16:24:00+00:00 [queued]>
[2026-09-05T19:05:58.256+0200] {taskinstance.py:2614} INFO - Dependencies all met for dep_context=requeueable deps ti=<TaskInstance: mini_riskagent_file_ingestion.wait_for_csv scheduled__2026-09-05T16:24:00+00:00 [queued]>
[2026-09-05T19:05:58.256+0200] {taskinstance.py:2867} INFO - Starting attempt 1 of 2
[2026-09-05T19:05:58.259+0200] {taskinstance.py:2890} INFO - Executing <Task(PythonSensor): wait_for_csv> on 2026-09-05 16:24:00+00:00
[2026-09-05T19:05:58.264+0200] {standard_task_runner.py:104} INFO - Running: ['airflow', 'tasks', 'run', 'mini_riskagent_file_ingestion', 'wait_for_csv', 'scheduled__2026-09-05T16:24:00+00:00', '--job-id', '1039', '--raw', '--subdir', 'DAGS_FOLDER/data_ingest_pipeline.py', '--cfg-path', '/var/folders/5p/201rr1sj03g8gksxm9x48mbh0000gn/T/tmpmpy0yvtr']
[2026-09-05T19:05:58.264+0200] {standard_task_runner.py:105} INFO - Job 1039: Subtask wait_for_csv
[2026-09-05T19:05:58.314+0200] {logging_mixin.py:190} WARNING - /Users/swarnalidatta/Desktop/AutoQueryChatbot/.airflow-venv/lib/python3.12/site-packages/airflow/task/task_runner/standard_task_runner.py:70 DeprecationWarning: This process (pid=27929) is multi-threaded, use of fork() may lead to deadlocks in the child.
[2026-09-05T19:05:58.314+0200] {standard_task_runner.py:72} INFO - Started process 27933 to run task
[2026-09-05T19:05:58.328+0200] {task_command.py:467} INFO - Running <TaskInstance: mini_riskagent_file_ingestion.wait_for_csv scheduled__2026-09-05T16:24:00+00:00 [running]> on host mac.home
[2026-09-05T19:05:58.344+0200] {taskinstance.py:3134} INFO - Exporting env vars: AIRFLOW_CTX_DAG_OWNER='autoquery' AIRFLOW_CTX_DAG_ID='mini_riskagent_file_ingestion' AIRFLOW_CTX_TASK_ID='wait_for_csv' AIRFLOW_CTX_EXECUTION_DATE='2026-09-05T16:24:00+00:00' AIRFLOW_CTX_TRY_NUMBER='1' AIRFLOW_CTX_DAG_RUN_ID='scheduled__2026-09-05T16:24:00+00:00'
[2026-09-05T19:05:58.344+0200] {logging_mixin.py:190} INFO - Task instance is in running state
[2026-09-05T19:05:58.344+0200] {logging_mixin.py:190} INFO -  Previous state of the Task instance: queued
[2026-09-05T19:05:58.344+0200] {logging_mixin.py:190} INFO - Current task name:wait_for_csv state:running start_date:2026-09-05 17:05:58.254713+00:00
[2026-09-05T19:05:58.344+0200] {logging_mixin.py:190} INFO - Dag name:mini_riskagent_file_ingestion and current dag run status:running
[2026-09-05T19:05:58.345+0200] {taskinstance.py:732} INFO - ::endgroup::
[2026-09-05T19:05:58.346+0200] {python.py:75} INFO - Poking callable: <function check_for_csv_files at 0x10c400c20>
[2026-09-05T19:05:58.349+0200] {taskinstance.py:310} INFO - Rescheduling task, marking task as UP_FOR_RESCHEDULE
[2026-09-05T19:05:58.349+0200] {taskinstance.py:341} INFO - ::group::Post task execution logs
[2026-09-05T19:05:58.370+0200] {local_task_job_runner.py:266} INFO - Task exited with return code 0
[2026-09-05T19:05:58.375+0200] {taskinstance.py:3901} INFO - 0 downstream tasks scheduled from follow-on schedule check
[2026-09-05T19:05:58.376+0200] {local_task_job_runner.py:245} INFO - ::endgroup::
[2026-09-05T19:06:30.642+0200] {local_task_job_runner.py:123} INFO - ::group::Pre task execution logs
[2026-09-05T19:06:30.645+0200] {taskinstance.py:2614} INFO - Dependencies all met for dep_context=non-requeueable deps ti=<TaskInstance: mini_riskagent_file_ingestion.wait_for_csv scheduled__2026-09-05T16:24:00+00:00 [queued]>
[2026-09-05T19:06:30.646+0200] {taskinstance.py:2614} INFO - Dependencies all met for dep_context=requeueable deps ti=<TaskInstance: mini_riskagent_file_ingestion.wait_for_csv scheduled__2026-09-05T16:24:00+00:00 [queued]>
[2026-09-05T19:06:30.646+0200] {taskinstance.py:2867} INFO - Starting attempt 1 of 2
[2026-09-05T19:06:30.650+0200] {taskinstance.py:2890} INFO - Executing <Task(PythonSensor): wait_for_csv> on 2026-09-05 16:24:00+00:00
[2026-09-05T19:06:30.655+0200] {standard_task_runner.py:104} INFO - Running: ['airflow', 'tasks', 'run', 'mini_riskagent_file_ingestion', 'wait_for_csv', 'scheduled__2026-09-05T16:24:00+00:00', '--job-id', '1055', '--raw', '--subdir', 'DAGS_FOLDER/data_ingest_pipeline.py', '--cfg-path', '/var/folders/5p/201rr1sj03g8gksxm9x48mbh0000gn/T/tmpkdz4malo']
[2026-09-05T19:06:30.656+0200] {standard_task_runner.py:105} INFO - Job 1055: Subtask wait_for_csv
[2026-09-05T19:06:30.708+0200] {logging_mixin.py:190} WARNING - /Users/swarnalidatta/Desktop/AutoQueryChatbot/.airflow-venv/lib/python3.12/site-packages/airflow/task/task_runner/standard_task_runner.py:70 DeprecationWarning: This process (pid=28044) is multi-threaded, use of fork() may lead to deadlocks in the child.
[2026-09-05T19:06:30.708+0200] {standard_task_runner.py:72} INFO - Started process 28050 to run task
[2026-09-05T19:06:30.719+0200] {task_command.py:467} INFO - Running <TaskInstance: mini_riskagent_file_ingestion.wait_for_csv scheduled__2026-09-05T16:24:00+00:00 [running]> on host mac.home
[2026-09-05T19:06:30.734+0200] {taskinstance.py:3134} INFO - Exporting env vars: AIRFLOW_CTX_DAG_OWNER='autoquery' AIRFLOW_CTX_DAG_ID='mini_riskagent_file_ingestion' AIRFLOW_CTX_TASK_ID='wait_for_csv' AIRFLOW_CTX_EXECUTION_DATE='2026-09-05T16:24:00+00:00' AIRFLOW_CTX_TRY_NUMBER='1' AIRFLOW_CTX_DAG_RUN_ID='scheduled__2026-09-05T16:24:00+00:00'
[2026-09-05T19:06:30.734+0200] {logging_mixin.py:190} INFO - Task instance is in running state
[2026-09-05T19:06:30.734+0200] {logging_mixin.py:190} INFO -  Previous state of the Task instance: queued
[2026-09-05T19:06:30.735+0200] {logging_mixin.py:190} INFO - Current task name:wait_for_csv state:running start_date:2026-09-05 17:06:30.645536+00:00
[2026-09-05T19:06:30.735+0200] {logging_mixin.py:190} INFO - Dag name:mini_riskagent_file_ingestion and current dag run status:running
[2026-09-05T19:06:30.735+0200] {taskinstance.py:732} INFO - ::endgroup::
[2026-09-05T19:06:30.736+0200] {python.py:75} INFO - Poking callable: <function check_for_csv_files at 0x10c044c20>
[2026-09-05T19:06:30.739+0200] {taskinstance.py:310} INFO - Rescheduling task, marking task as UP_FOR_RESCHEDULE
[2026-09-05T19:06:30.740+0200] {taskinstance.py:341} INFO - ::group::Post task execution logs
[2026-09-05T19:06:30.763+0200] {local_task_job_runner.py:266} INFO - Task exited with return code 0
[2026-09-05T19:06:30.768+0200] {taskinstance.py:3901} INFO - 0 downstream tasks scheduled from follow-on schedule check
[2026-09-05T19:06:30.768+0200] {local_task_job_runner.py:245} INFO - ::endgroup::
[2026-09-05T19:07:02.914+0200] {local_task_job_runner.py:123} INFO - ::group::Pre task execution logs
[2026-09-05T19:07:02.916+0200] {taskinstance.py:2614} INFO - Dependencies all met for dep_context=non-requeueable deps ti=<TaskInstance: mini_riskagent_file_ingestion.wait_for_csv scheduled__2026-09-05T16:24:00+00:00 [queued]>
[2026-09-05T19:07:02.918+0200] {taskinstance.py:2614} INFO - Dependencies all met for dep_context=requeueable deps ti=<TaskInstance: mini_riskagent_file_ingestion.wait_for_csv scheduled__2026-09-05T16:24:00+00:00 [queued]>
[2026-09-05T19:07:02.918+0200] {taskinstance.py:2867} INFO - Starting attempt 1 of 2
[2026-09-05T19:07:02.922+0200] {taskinstance.py:2890} INFO - Executing <Task(PythonSensor): wait_for_csv> on 2026-09-05 16:24:00+00:00
[2026-09-05T19:07:02.926+0200] {standard_task_runner.py:104} INFO - Running: ['airflow', 'tasks', 'run', 'mini_riskagent_file_ingestion', 'wait_for_csv', 'scheduled__2026-09-05T16:24:00+00:00', '--job-id', '1071', '--raw', '--subdir', 'DAGS_FOLDER/data_ingest_pipeline.py', '--cfg-path', '/var/folders/5p/201rr1sj03g8gksxm9x48mbh0000gn/T/tmploypn5_z']
[2026-09-05T19:07:02.926+0200] {standard_task_runner.py:105} INFO - Job 1071: Subtask wait_for_csv
[2026-09-05T19:07:02.977+0200] {logging_mixin.py:190} WARNING - /Users/swarnalidatta/Desktop/AutoQueryChatbot/.airflow-venv/lib/python3.12/site-packages/airflow/task/task_runner/standard_task_runner.py:70 DeprecationWarning: This process (pid=28158) is multi-threaded, use of fork() may lead to deadlocks in the child.
[2026-09-05T19:07:02.977+0200] {standard_task_runner.py:72} INFO - Started process 28160 to run task
[2026-09-05T19:07:02.989+0200] {task_command.py:467} INFO - Running <TaskInstance: mini_riskagent_file_ingestion.wait_for_csv scheduled__2026-09-05T16:24:00+00:00 [running]> on host mac.home
[2026-09-05T19:07:03.005+0200] {taskinstance.py:3134} INFO - Exporting env vars: AIRFLOW_CTX_DAG_OWNER='autoquery' AIRFLOW_CTX_DAG_ID='mini_riskagent_file_ingestion' AIRFLOW_CTX_TASK_ID='wait_for_csv' AIRFLOW_CTX_EXECUTION_DATE='2026-09-05T16:24:00+00:00' AIRFLOW_CTX_TRY_NUMBER='1' AIRFLOW_CTX_DAG_RUN_ID='scheduled__2026-09-05T16:24:00+00:00'
[2026-09-05T19:07:03.005+0200] {logging_mixin.py:190} INFO - Task instance is in running state
[2026-09-05T19:07:03.006+0200] {logging_mixin.py:190} INFO -  Previous state of the Task instance: queued
[2026-09-05T19:07:03.006+0200] {logging_mixin.py:190} INFO - Current task name:wait_for_csv state:running start_date:2026-09-05 17:07:02.917050+00:00
[2026-09-05T19:07:03.006+0200] {logging_mixin.py:190} INFO - Dag name:mini_riskagent_file_ingestion and current dag run status:running
[2026-09-05T19:07:03.006+0200] {taskinstance.py:732} INFO - ::endgroup::
[2026-09-05T19:07:03.007+0200] {python.py:75} INFO - Poking callable: <function check_for_csv_files at 0x108a64c20>
[2026-09-05T19:07:03.011+0200] {taskinstance.py:310} INFO - Rescheduling task, marking task as UP_FOR_RESCHEDULE
[2026-09-05T19:07:03.011+0200] {taskinstance.py:341} INFO - ::group::Post task execution logs
[2026-09-05T19:07:03.032+0200] {local_task_job_runner.py:266} INFO - Task exited with return code 0
[2026-09-05T19:07:03.037+0200] {taskinstance.py:3901} INFO - 0 downstream tasks scheduled from follow-on schedule check
[2026-09-05T19:07:03.037+0200] {local_task_job_runner.py:245} INFO - ::endgroup::
[2026-09-05T19:07:35.343+0200] {local_task_job_runner.py:123} INFO - ::group::Pre task execution logs
[2026-09-05T19:07:35.346+0200] {taskinstance.py:2614} INFO - Dependencies all met for dep_context=non-requeueable deps ti=<TaskInstance: mini_riskagent_file_ingestion.wait_for_csv scheduled__2026-09-05T16:24:00+00:00 [queued]>
[2026-09-05T19:07:35.347+0200] {taskinstance.py:2614} INFO - Dependencies all met for dep_context=requeueable deps ti=<TaskInstance: mini_riskagent_file_ingestion.wait_for_csv scheduled__2026-09-05T16:24:00+00:00 [queued]>
[2026-09-05T19:07:35.347+0200] {taskinstance.py:2867} INFO - Starting attempt 1 of 2
[2026-09-05T19:07:35.351+0200] {taskinstance.py:2890} INFO - Executing <Task(PythonSensor): wait_for_csv> on 2026-09-05 16:24:00+00:00
[2026-09-05T19:07:35.355+0200] {standard_task_runner.py:104} INFO - Running: ['airflow', 'tasks', 'run', 'mini_riskagent_file_ingestion', 'wait_for_csv', 'scheduled__2026-09-05T16:24:00+00:00', '--job-id', '1087', '--raw', '--subdir', 'DAGS_FOLDER/data_ingest_pipeline.py', '--cfg-path', '/var/folders/5p/201rr1sj03g8gksxm9x48mbh0000gn/T/tmpgmbitfz_']
[2026-09-05T19:07:35.356+0200] {standard_task_runner.py:105} INFO - Job 1087: Subtask wait_for_csv
[2026-09-05T19:07:35.406+0200] {logging_mixin.py:190} WARNING - /Users/swarnalidatta/Desktop/AutoQueryChatbot/.airflow-venv/lib/python3.12/site-packages/airflow/task/task_runner/standard_task_runner.py:70 DeprecationWarning: This process (pid=28286) is multi-threaded, use of fork() may lead to deadlocks in the child.
[2026-09-05T19:07:35.406+0200] {standard_task_runner.py:72} INFO - Started process 28288 to run task
[2026-09-05T19:07:35.417+0200] {task_command.py:467} INFO - Running <TaskInstance: mini_riskagent_file_ingestion.wait_for_csv scheduled__2026-09-05T16:24:00+00:00 [running]> on host mac.home
[2026-09-05T19:07:35.432+0200] {taskinstance.py:3134} INFO - Exporting env vars: AIRFLOW_CTX_DAG_OWNER='autoquery' AIRFLOW_CTX_DAG_ID='mini_riskagent_file_ingestion' AIRFLOW_CTX_TASK_ID='wait_for_csv' AIRFLOW_CTX_EXECUTION_DATE='2026-09-05T16:24:00+00:00' AIRFLOW_CTX_TRY_NUMBER='1' AIRFLOW_CTX_DAG_RUN_ID='scheduled__2026-09-05T16:24:00+00:00'
[2026-09-05T19:07:35.432+0200] {logging_mixin.py:190} INFO - Task instance is in running state
[2026-09-05T19:07:35.432+0200] {logging_mixin.py:190} INFO -  Previous state of the Task instance: queued
[2026-09-05T19:07:35.433+0200] {logging_mixin.py:190} INFO - Current task name:wait_for_csv state:running start_date:2026-09-05 17:07:35.346203+00:00
[2026-09-05T19:07:35.433+0200] {logging_mixin.py:190} INFO - Dag name:mini_riskagent_file_ingestion and current dag run status:running
[2026-09-05T19:07:35.433+0200] {taskinstance.py:732} INFO - ::endgroup::
[2026-09-05T19:07:35.434+0200] {python.py:75} INFO - Poking callable: <function check_for_csv_files at 0x10c24cc20>
[2026-09-05T19:07:35.437+0200] {taskinstance.py:310} INFO - Rescheduling task, marking task as UP_FOR_RESCHEDULE
[2026-09-05T19:07:35.438+0200] {taskinstance.py:341} INFO - ::group::Post task execution logs
[2026-09-05T19:07:35.461+0200] {local_task_job_runner.py:266} INFO - Task exited with return code 0
[2026-09-05T19:07:35.466+0200] {taskinstance.py:3901} INFO - 0 downstream tasks scheduled from follow-on schedule check
[2026-09-05T19:07:35.466+0200] {local_task_job_runner.py:245} INFO - ::endgroup::
[2026-09-05T19:08:07.430+0200] {local_task_job_runner.py:123} INFO - ::group::Pre task execution logs
[2026-09-05T19:08:07.433+0200] {taskinstance.py:2614} INFO - Dependencies all met for dep_context=non-requeueable deps ti=<TaskInstance: mini_riskagent_file_ingestion.wait_for_csv scheduled__2026-09-05T16:24:00+00:00 [queued]>
[2026-09-05T19:08:07.434+0200] {taskinstance.py:2614} INFO - Dependencies all met for dep_context=requeueable deps ti=<TaskInstance: mini_riskagent_file_ingestion.wait_for_csv scheduled__2026-09-05T16:24:00+00:00 [queued]>
[2026-09-05T19:08:07.434+0200] {taskinstance.py:2867} INFO - Starting attempt 1 of 2
[2026-09-05T19:08:07.438+0200] {taskinstance.py:2890} INFO - Executing <Task(PythonSensor): wait_for_csv> on 2026-09-05 16:24:00+00:00
[2026-09-05T19:08:07.442+0200] {standard_task_runner.py:104} INFO - Running: ['airflow', 'tasks', 'run', 'mini_riskagent_file_ingestion', 'wait_for_csv', 'scheduled__2026-09-05T16:24:00+00:00', '--job-id', '1103', '--raw', '--subdir', 'DAGS_FOLDER/data_ingest_pipeline.py', '--cfg-path', '/var/folders/5p/201rr1sj03g8gksxm9x48mbh0000gn/T/tmp_miyfs8l']
[2026-09-05T19:08:07.443+0200] {standard_task_runner.py:105} INFO - Job 1103: Subtask wait_for_csv
[2026-09-05T19:08:07.494+0200] {logging_mixin.py:190} WARNING - /Users/swarnalidatta/Desktop/AutoQueryChatbot/.airflow-venv/lib/python3.12/site-packages/airflow/task/task_runner/standard_task_runner.py:70 DeprecationWarning: This process (pid=28397) is multi-threaded, use of fork() may lead to deadlocks in the child.
[2026-09-05T19:08:07.494+0200] {standard_task_runner.py:72} INFO - Started process 28404 to run task
[2026-09-05T19:08:07.504+0200] {task_command.py:467} INFO - Running <TaskInstance: mini_riskagent_file_ingestion.wait_for_csv scheduled__2026-09-05T16:24:00+00:00 [running]> on host mac.home
[2026-09-05T19:08:07.520+0200] {taskinstance.py:3134} INFO - Exporting env vars: AIRFLOW_CTX_DAG_OWNER='autoquery' AIRFLOW_CTX_DAG_ID='mini_riskagent_file_ingestion' AIRFLOW_CTX_TASK_ID='wait_for_csv' AIRFLOW_CTX_EXECUTION_DATE='2026-09-05T16:24:00+00:00' AIRFLOW_CTX_TRY_NUMBER='1' AIRFLOW_CTX_DAG_RUN_ID='scheduled__2026-09-05T16:24:00+00:00'
[2026-09-05T19:08:07.520+0200] {logging_mixin.py:190} INFO - Task instance is in running state
[2026-09-05T19:08:07.520+0200] {logging_mixin.py:190} INFO -  Previous state of the Task instance: queued
[2026-09-05T19:08:07.520+0200] {logging_mixin.py:190} INFO - Current task name:wait_for_csv state:running start_date:2026-09-05 17:08:07.433476+00:00
[2026-09-05T19:08:07.521+0200] {logging_mixin.py:190} INFO - Dag name:mini_riskagent_file_ingestion and current dag run status:running
[2026-09-05T19:08:07.521+0200] {taskinstance.py:732} INFO - ::endgroup::
[2026-09-05T19:08:07.522+0200] {python.py:75} INFO - Poking callable: <function check_for_csv_files at 0x10a578c20>
[2026-09-05T19:08:07.525+0200] {taskinstance.py:310} INFO - Rescheduling task, marking task as UP_FOR_RESCHEDULE
[2026-09-05T19:08:07.525+0200] {taskinstance.py:341} INFO - ::group::Post task execution logs
[2026-09-05T19:08:07.549+0200] {local_task_job_runner.py:266} INFO - Task exited with return code 0
[2026-09-05T19:08:07.554+0200] {taskinstance.py:3901} INFO - 0 downstream tasks scheduled from follow-on schedule check
[2026-09-05T19:08:07.554+0200] {local_task_job_runner.py:245} INFO - ::endgroup::
[2026-09-05T19:08:39.814+0200] {local_task_job_runner.py:123} INFO - ::group::Pre task execution logs
[2026-09-05T19:08:39.817+0200] {taskinstance.py:2614} INFO - Dependencies all met for dep_context=non-requeueable deps ti=<TaskInstance: mini_riskagent_file_ingestion.wait_for_csv scheduled__2026-09-05T16:24:00+00:00 [queued]>
[2026-09-05T19:08:39.818+0200] {taskinstance.py:2614} INFO - Dependencies all met for dep_context=requeueable deps ti=<TaskInstance: mini_riskagent_file_ingestion.wait_for_csv scheduled__2026-09-05T16:24:00+00:00 [queued]>
[2026-09-05T19:08:39.818+0200] {taskinstance.py:2867} INFO - Starting attempt 1 of 2
[2026-09-05T19:08:39.822+0200] {taskinstance.py:2890} INFO - Executing <Task(PythonSensor): wait_for_csv> on 2026-09-05 16:24:00+00:00
[2026-09-05T19:08:39.826+0200] {standard_task_runner.py:104} INFO - Running: ['airflow', 'tasks', 'run', 'mini_riskagent_file_ingestion', 'wait_for_csv', 'scheduled__2026-09-05T16:24:00+00:00', '--job-id', '1119', '--raw', '--subdir', 'DAGS_FOLDER/data_ingest_pipeline.py', '--cfg-path', '/var/folders/5p/201rr1sj03g8gksxm9x48mbh0000gn/T/tmpzoedacmk']
[2026-09-05T19:08:39.827+0200] {standard_task_runner.py:105} INFO - Job 1119: Subtask wait_for_csv
[2026-09-05T19:08:39.877+0200] {logging_mixin.py:190} WARNING - /Users/swarnalidatta/Desktop/AutoQueryChatbot/.airflow-venv/lib/python3.12/site-packages/airflow/task/task_runner/standard_task_runner.py:70 DeprecationWarning: This process (pid=28523) is multi-threaded, use of fork() may lead to deadlocks in the child.
[2026-09-05T19:08:39.878+0200] {standard_task_runner.py:72} INFO - Started process 28526 to run task
[2026-09-05T19:08:39.891+0200] {task_command.py:467} INFO - Running <TaskInstance: mini_riskagent_file_ingestion.wait_for_csv scheduled__2026-09-05T16:24:00+00:00 [running]> on host mac.home
[2026-09-05T19:08:39.907+0200] {taskinstance.py:3134} INFO - Exporting env vars: AIRFLOW_CTX_DAG_OWNER='autoquery' AIRFLOW_CTX_DAG_ID='mini_riskagent_file_ingestion' AIRFLOW_CTX_TASK_ID='wait_for_csv' AIRFLOW_CTX_EXECUTION_DATE='2026-09-05T16:24:00+00:00' AIRFLOW_CTX_TRY_NUMBER='1' AIRFLOW_CTX_DAG_RUN_ID='scheduled__2026-09-05T16:24:00+00:00'
[2026-09-05T19:08:39.907+0200] {logging_mixin.py:190} INFO - Task instance is in running state
[2026-09-05T19:08:39.908+0200] {logging_mixin.py:190} INFO -  Previous state of the Task instance: queued
[2026-09-05T19:08:39.908+0200] {logging_mixin.py:190} INFO - Current task name:wait_for_csv state:running start_date:2026-09-05 17:08:39.817101+00:00
[2026-09-05T19:08:39.908+0200] {logging_mixin.py:190} INFO - Dag name:mini_riskagent_file_ingestion and current dag run status:running
[2026-09-05T19:08:39.908+0200] {taskinstance.py:732} INFO - ::endgroup::
[2026-09-05T19:08:39.909+0200] {python.py:75} INFO - Poking callable: <function check_for_csv_files at 0x11cbe4c20>
[2026-09-05T19:08:39.913+0200] {taskinstance.py:310} INFO - Rescheduling task, marking task as UP_FOR_RESCHEDULE
[2026-09-05T19:08:39.913+0200] {taskinstance.py:341} INFO - ::group::Post task execution logs
[2026-09-05T19:08:39.933+0200] {local_task_job_runner.py:266} INFO - Task exited with return code 0
[2026-09-05T19:08:39.938+0200] {taskinstance.py:3901} INFO - 0 downstream tasks scheduled from follow-on schedule check
[2026-09-05T19:08:39.938+0200] {local_task_job_runner.py:245} INFO - ::endgroup::
[2026-09-05T19:09:12.366+0200] {local_task_job_runner.py:123} INFO - ::group::Pre task execution logs
[2026-09-05T19:09:12.369+0200] {taskinstance.py:2614} INFO - Dependencies all met for dep_context=non-requeueable deps ti=<TaskInstance: mini_riskagent_file_ingestion.wait_for_csv scheduled__2026-09-05T16:24:00+00:00 [queued]>
[2026-09-05T19:09:12.370+0200] {taskinstance.py:2614} INFO - Dependencies all met for dep_context=requeueable deps ti=<TaskInstance: mini_riskagent_file_ingestion.wait_for_csv scheduled__2026-09-05T16:24:00+00:00 [queued]>
[2026-09-05T19:09:12.370+0200] {taskinstance.py:2867} INFO - Starting attempt 1 of 2
[2026-09-05T19:09:12.374+0200] {taskinstance.py:2890} INFO - Executing <Task(PythonSensor): wait_for_csv> on 2026-09-05 16:24:00+00:00
[2026-09-05T19:09:12.379+0200] {standard_task_runner.py:104} INFO - Running: ['airflow', 'tasks', 'run', 'mini_riskagent_file_ingestion', 'wait_for_csv', 'scheduled__2026-09-05T16:24:00+00:00', '--job-id', '1135', '--raw', '--subdir', 'DAGS_FOLDER/data_ingest_pipeline.py', '--cfg-path', '/var/folders/5p/201rr1sj03g8gksxm9x48mbh0000gn/T/tmp8d8u2y8m']
[2026-09-05T19:09:12.379+0200] {standard_task_runner.py:105} INFO - Job 1135: Subtask wait_for_csv
[2026-09-05T19:09:12.432+0200] {logging_mixin.py:190} WARNING - /Users/swarnalidatta/Desktop/AutoQueryChatbot/.airflow-venv/lib/python3.12/site-packages/airflow/task/task_runner/standard_task_runner.py:70 DeprecationWarning: This process (pid=28638) is multi-threaded, use of fork() may lead to deadlocks in the child.
[2026-09-05T19:09:12.433+0200] {standard_task_runner.py:72} INFO - Started process 28640 to run task
[2026-09-05T19:09:12.445+0200] {task_command.py:467} INFO - Running <TaskInstance: mini_riskagent_file_ingestion.wait_for_csv scheduled__2026-09-05T16:24:00+00:00 [running]> on host mac.home
[2026-09-05T19:09:12.461+0200] {taskinstance.py:3134} INFO - Exporting env vars: AIRFLOW_CTX_DAG_OWNER='autoquery' AIRFLOW_CTX_DAG_ID='mini_riskagent_file_ingestion' AIRFLOW_CTX_TASK_ID='wait_for_csv' AIRFLOW_CTX_EXECUTION_DATE='2026-09-05T16:24:00+00:00' AIRFLOW_CTX_TRY_NUMBER='1' AIRFLOW_CTX_DAG_RUN_ID='scheduled__2026-09-05T16:24:00+00:00'
[2026-09-05T19:09:12.461+0200] {logging_mixin.py:190} INFO - Task instance is in running state
[2026-09-05T19:09:12.461+0200] {logging_mixin.py:190} INFO -  Previous state of the Task instance: queued
[2026-09-05T19:09:12.462+0200] {logging_mixin.py:190} INFO - Current task name:wait_for_csv state:running start_date:2026-09-05 17:09:12.369534+00:00
[2026-09-05T19:09:12.462+0200] {logging_mixin.py:190} INFO - Dag name:mini_riskagent_file_ingestion and current dag run status:running
[2026-09-05T19:09:12.462+0200] {taskinstance.py:732} INFO - ::endgroup::
[2026-09-05T19:09:12.463+0200] {python.py:75} INFO - Poking callable: <function check_for_csv_files at 0x10d8e4c20>
[2026-09-05T19:09:12.466+0200] {taskinstance.py:310} INFO - Rescheduling task, marking task as UP_FOR_RESCHEDULE
[2026-09-05T19:09:12.467+0200] {taskinstance.py:341} INFO - ::group::Post task execution logs
[2026-09-05T19:09:12.488+0200] {local_task_job_runner.py:266} INFO - Task exited with return code 0
[2026-09-05T19:09:12.493+0200] {taskinstance.py:3901} INFO - 0 downstream tasks scheduled from follow-on schedule check
[2026-09-05T19:09:12.493+0200] {local_task_job_runner.py:245} INFO - ::endgroup::
[2026-09-05T19:09:44.363+0200] {local_task_job_runner.py:123} INFO - ::group::Pre task execution logs
[2026-09-05T19:09:44.366+0200] {taskinstance.py:2614} INFO - Dependencies all met for dep_context=non-requeueable deps ti=<TaskInstance: mini_riskagent_file_ingestion.wait_for_csv scheduled__2026-09-05T16:24:00+00:00 [queued]>
[2026-09-05T19:09:44.367+0200] {taskinstance.py:2614} INFO - Dependencies all met for dep_context=requeueable deps ti=<TaskInstance: mini_riskagent_file_ingestion.wait_for_csv scheduled__2026-09-05T16:24:00+00:00 [queued]>
[2026-09-05T19:09:44.367+0200] {taskinstance.py:2867} INFO - Starting attempt 1 of 2
[2026-09-05T19:09:44.371+0200] {taskinstance.py:2890} INFO - Executing <Task(PythonSensor): wait_for_csv> on 2026-09-05 16:24:00+00:00
[2026-09-05T19:09:44.375+0200] {standard_task_runner.py:104} INFO - Running: ['airflow', 'tasks', 'run', 'mini_riskagent_file_ingestion', 'wait_for_csv', 'scheduled__2026-09-05T16:24:00+00:00', '--job-id', '1151', '--raw', '--subdir', 'DAGS_FOLDER/data_ingest_pipeline.py', '--cfg-path', '/var/folders/5p/201rr1sj03g8gksxm9x48mbh0000gn/T/tmpekck2myq']
[2026-09-05T19:09:44.376+0200] {standard_task_runner.py:105} INFO - Job 1151: Subtask wait_for_csv
[2026-09-05T19:09:44.425+0200] {logging_mixin.py:190} WARNING - /Users/swarnalidatta/Desktop/AutoQueryChatbot/.airflow-venv/lib/python3.12/site-packages/airflow/task/task_runner/standard_task_runner.py:70 DeprecationWarning: This process (pid=28749) is multi-threaded, use of fork() may lead to deadlocks in the child.
[2026-09-05T19:09:44.425+0200] {standard_task_runner.py:72} INFO - Started process 28751 to run task
[2026-09-05T19:09:44.438+0200] {task_command.py:467} INFO - Running <TaskInstance: mini_riskagent_file_ingestion.wait_for_csv scheduled__2026-09-05T16:24:00+00:00 [running]> on host mac.home
[2026-09-05T19:09:44.453+0200] {taskinstance.py:3134} INFO - Exporting env vars: AIRFLOW_CTX_DAG_OWNER='autoquery' AIRFLOW_CTX_DAG_ID='mini_riskagent_file_ingestion' AIRFLOW_CTX_TASK_ID='wait_for_csv' AIRFLOW_CTX_EXECUTION_DATE='2026-09-05T16:24:00+00:00' AIRFLOW_CTX_TRY_NUMBER='1' AIRFLOW_CTX_DAG_RUN_ID='scheduled__2026-09-05T16:24:00+00:00'
[2026-09-05T19:09:44.454+0200] {logging_mixin.py:190} INFO - Task instance is in running state
[2026-09-05T19:09:44.454+0200] {logging_mixin.py:190} INFO -  Previous state of the Task instance: queued
[2026-09-05T19:09:44.454+0200] {logging_mixin.py:190} INFO - Current task name:wait_for_csv state:running start_date:2026-09-05 17:09:44.366446+00:00
[2026-09-05T19:09:44.454+0200] {logging_mixin.py:190} INFO - Dag name:mini_riskagent_file_ingestion and current dag run status:running
[2026-09-05T19:09:44.454+0200] {taskinstance.py:732} INFO - ::endgroup::
[2026-09-05T19:09:44.456+0200] {python.py:75} INFO - Poking callable: <function check_for_csv_files at 0x111200c20>
[2026-09-05T19:09:44.459+0200] {taskinstance.py:310} INFO - Rescheduling task, marking task as UP_FOR_RESCHEDULE
[2026-09-05T19:09:44.459+0200] {taskinstance.py:341} INFO - ::group::Post task execution logs
[2026-09-05T19:09:44.480+0200] {local_task_job_runner.py:266} INFO - Task exited with return code 0
[2026-09-05T19:09:44.485+0200] {taskinstance.py:3901} INFO - 0 downstream tasks scheduled from follow-on schedule check
[2026-09-05T19:09:44.485+0200] {local_task_job_runner.py:245} INFO - ::endgroup::
[2026-09-05T19:10:16.793+0200] {local_task_job_runner.py:123} INFO - ::group::Pre task execution logs
[2026-09-05T19:10:16.796+0200] {taskinstance.py:2614} INFO - Dependencies all met for dep_context=non-requeueable deps ti=<TaskInstance: mini_riskagent_file_ingestion.wait_for_csv scheduled__2026-09-05T16:24:00+00:00 [queued]>
[2026-09-05T19:10:16.797+0200] {taskinstance.py:2614} INFO - Dependencies all met for dep_context=requeueable deps ti=<TaskInstance: mini_riskagent_file_ingestion.wait_for_csv scheduled__2026-09-05T16:24:00+00:00 [queued]>
[2026-09-05T19:10:16.797+0200] {taskinstance.py:2867} INFO - Starting attempt 1 of 2
[2026-09-05T19:10:16.801+0200] {taskinstance.py:2890} INFO - Executing <Task(PythonSensor): wait_for_csv> on 2026-09-05 16:24:00+00:00
[2026-09-05T19:10:16.805+0200] {standard_task_runner.py:104} INFO - Running: ['airflow', 'tasks', 'run', 'mini_riskagent_file_ingestion', 'wait_for_csv', 'scheduled__2026-09-05T16:24:00+00:00', '--job-id', '1167', '--raw', '--subdir', 'DAGS_FOLDER/data_ingest_pipeline.py', '--cfg-path', '/var/folders/5p/201rr1sj03g8gksxm9x48mbh0000gn/T/tmp2sfz702f']
[2026-09-05T19:10:16.806+0200] {standard_task_runner.py:105} INFO - Job 1167: Subtask wait_for_csv
[2026-09-05T19:10:16.859+0200] {logging_mixin.py:190} WARNING - /Users/swarnalidatta/Desktop/AutoQueryChatbot/.airflow-venv/lib/python3.12/site-packages/airflow/task/task_runner/standard_task_runner.py:70 DeprecationWarning: This process (pid=28856) is multi-threaded, use of fork() may lead to deadlocks in the child.
[2026-09-05T19:10:16.860+0200] {standard_task_runner.py:72} INFO - Started process 28858 to run task
[2026-09-05T19:10:16.870+0200] {task_command.py:467} INFO - Running <TaskInstance: mini_riskagent_file_ingestion.wait_for_csv scheduled__2026-09-05T16:24:00+00:00 [running]> on host mac.home
[2026-09-05T19:10:16.885+0200] {taskinstance.py:3134} INFO - Exporting env vars: AIRFLOW_CTX_DAG_OWNER='autoquery' AIRFLOW_CTX_DAG_ID='mini_riskagent_file_ingestion' AIRFLOW_CTX_TASK_ID='wait_for_csv' AIRFLOW_CTX_EXECUTION_DATE='2026-09-05T16:24:00+00:00' AIRFLOW_CTX_TRY_NUMBER='1' AIRFLOW_CTX_DAG_RUN_ID='scheduled__2026-09-05T16:24:00+00:00'
[2026-09-05T19:10:16.886+0200] {logging_mixin.py:190} INFO - Task instance is in running state
[2026-09-05T19:10:16.886+0200] {logging_mixin.py:190} INFO -  Previous state of the Task instance: queued
[2026-09-05T19:10:16.886+0200] {logging_mixin.py:190} INFO - Current task name:wait_for_csv state:running start_date:2026-09-05 17:10:16.796414+00:00
[2026-09-05T19:10:16.886+0200] {logging_mixin.py:190} INFO - Dag name:mini_riskagent_file_ingestion and current dag run status:running
[2026-09-05T19:10:16.887+0200] {taskinstance.py:732} INFO - ::endgroup::
[2026-09-05T19:10:16.888+0200] {python.py:75} INFO - Poking callable: <function check_for_csv_files at 0x10c7b0c20>
[2026-09-05T19:10:16.891+0200] {taskinstance.py:310} INFO - Rescheduling task, marking task as UP_FOR_RESCHEDULE
[2026-09-05T19:10:16.891+0200] {taskinstance.py:341} INFO - ::group::Post task execution logs
[2026-09-05T19:10:16.914+0200] {local_task_job_runner.py:266} INFO - Task exited with return code 0
[2026-09-05T19:10:16.919+0200] {taskinstance.py:3901} INFO - 0 downstream tasks scheduled from follow-on schedule check
[2026-09-05T19:10:16.919+0200] {local_task_job_runner.py:245} INFO - ::endgroup::
[2026-09-05T19:10:49.102+0200] {local_task_job_runner.py:123} INFO - ::group::Pre task execution logs
[2026-09-05T19:10:49.105+0200] {taskinstance.py:2614} INFO - Dependencies all met for dep_context=non-requeueable deps ti=<TaskInstance: mini_riskagent_file_ingestion.wait_for_csv scheduled__2026-09-05T16:24:00+00:00 [queued]>
[2026-09-05T19:10:49.106+0200] {taskinstance.py:2614} INFO - Dependencies all met for dep_context=requeueable deps ti=<TaskInstance: mini_riskagent_file_ingestion.wait_for_csv scheduled__2026-09-05T16:24:00+00:00 [queued]>
[2026-09-05T19:10:49.106+0200] {taskinstance.py:2867} INFO - Starting attempt 1 of 2
[2026-09-05T19:10:49.110+0200] {taskinstance.py:2890} INFO - Executing <Task(PythonSensor): wait_for_csv> on 2026-09-05 16:24:00+00:00
[2026-09-05T19:10:49.114+0200] {standard_task_runner.py:104} INFO - Running: ['airflow', 'tasks', 'run', 'mini_riskagent_file_ingestion', 'wait_for_csv', 'scheduled__2026-09-05T16:24:00+00:00', '--job-id', '1183', '--raw', '--subdir', 'DAGS_FOLDER/data_ingest_pipeline.py', '--cfg-path', '/var/folders/5p/201rr1sj03g8gksxm9x48mbh0000gn/T/tmpm9l2hvul']
[2026-09-05T19:10:49.115+0200] {standard_task_runner.py:105} INFO - Job 1183: Subtask wait_for_csv
[2026-09-05T19:10:49.164+0200] {logging_mixin.py:190} WARNING - /Users/swarnalidatta/Desktop/AutoQueryChatbot/.airflow-venv/lib/python3.12/site-packages/airflow/task/task_runner/standard_task_runner.py:70 DeprecationWarning: This process (pid=28982) is multi-threaded, use of fork() may lead to deadlocks in the child.
[2026-09-05T19:10:49.164+0200] {standard_task_runner.py:72} INFO - Started process 28988 to run task
[2026-09-05T19:10:49.178+0200] {task_command.py:467} INFO - Running <TaskInstance: mini_riskagent_file_ingestion.wait_for_csv scheduled__2026-09-05T16:24:00+00:00 [running]> on host mac.home
[2026-09-05T19:10:49.194+0200] {taskinstance.py:3134} INFO - Exporting env vars: AIRFLOW_CTX_DAG_OWNER='autoquery' AIRFLOW_CTX_DAG_ID='mini_riskagent_file_ingestion' AIRFLOW_CTX_TASK_ID='wait_for_csv' AIRFLOW_CTX_EXECUTION_DATE='2026-09-05T16:24:00+00:00' AIRFLOW_CTX_TRY_NUMBER='1' AIRFLOW_CTX_DAG_RUN_ID='scheduled__2026-09-05T16:24:00+00:00'
[2026-09-05T19:10:49.194+0200] {logging_mixin.py:190} INFO - Task instance is in running state
[2026-09-05T19:10:49.194+0200] {logging_mixin.py:190} INFO -  Previous state of the Task instance: queued
[2026-09-05T19:10:49.195+0200] {logging_mixin.py:190} INFO - Current task name:wait_for_csv state:running start_date:2026-09-05 17:10:49.105258+00:00
[2026-09-05T19:10:49.195+0200] {logging_mixin.py:190} INFO - Dag name:mini_riskagent_file_ingestion and current dag run status:running
[2026-09-05T19:10:49.195+0200] {taskinstance.py:732} INFO - ::endgroup::
[2026-09-05T19:10:49.196+0200] {python.py:75} INFO - Poking callable: <function check_for_csv_files at 0x10c710c20>
[2026-09-05T19:10:49.199+0200] {taskinstance.py:310} INFO - Rescheduling task, marking task as UP_FOR_RESCHEDULE
[2026-09-05T19:10:49.200+0200] {taskinstance.py:341} INFO - ::group::Post task execution logs
[2026-09-05T19:10:49.220+0200] {local_task_job_runner.py:266} INFO - Task exited with return code 0
[2026-09-05T19:10:49.225+0200] {taskinstance.py:3901} INFO - 0 downstream tasks scheduled from follow-on schedule check
[2026-09-05T19:10:49.225+0200] {local_task_job_runner.py:245} INFO - ::endgroup::
[2026-09-05T19:11:20.920+0200] {local_task_job_runner.py:123} INFO - ::group::Pre task execution logs
[2026-09-05T19:11:20.923+0200] {taskinstance.py:2614} INFO - Dependencies all met for dep_context=non-requeueable deps ti=<TaskInstance: mini_riskagent_file_ingestion.wait_for_csv scheduled__2026-09-05T16:24:00+00:00 [queued]>
[2026-09-05T19:11:20.925+0200] {taskinstance.py:2614} INFO - Dependencies all met for dep_context=requeueable deps ti=<TaskInstance: mini_riskagent_file_ingestion.wait_for_csv scheduled__2026-09-05T16:24:00+00:00 [queued]>
[2026-09-05T19:11:20.925+0200] {taskinstance.py:2867} INFO - Starting attempt 1 of 2
[2026-09-05T19:11:20.928+0200] {taskinstance.py:2890} INFO - Executing <Task(PythonSensor): wait_for_csv> on 2026-09-05 16:24:00+00:00
[2026-09-05T19:11:20.932+0200] {standard_task_runner.py:104} INFO - Running: ['airflow', 'tasks', 'run', 'mini_riskagent_file_ingestion', 'wait_for_csv', 'scheduled__2026-09-05T16:24:00+00:00', '--job-id', '1199', '--raw', '--subdir', 'DAGS_FOLDER/data_ingest_pipeline.py', '--cfg-path', '/var/folders/5p/201rr1sj03g8gksxm9x48mbh0000gn/T/tmpocu6hxgw']
[2026-09-05T19:11:20.933+0200] {standard_task_runner.py:105} INFO - Job 1199: Subtask wait_for_csv
[2026-09-05T19:11:20.983+0200] {logging_mixin.py:190} WARNING - /Users/swarnalidatta/Desktop/AutoQueryChatbot/.airflow-venv/lib/python3.12/site-packages/airflow/task/task_runner/standard_task_runner.py:70 DeprecationWarning: This process (pid=29113) is multi-threaded, use of fork() may lead to deadlocks in the child.
[2026-09-05T19:11:20.983+0200] {standard_task_runner.py:72} INFO - Started process 29115 to run task
[2026-09-05T19:11:20.994+0200] {task_command.py:467} INFO - Running <TaskInstance: mini_riskagent_file_ingestion.wait_for_csv scheduled__2026-09-05T16:24:00+00:00 [running]> on host mac.home
[2026-09-05T19:11:21.010+0200] {taskinstance.py:3134} INFO - Exporting env vars: AIRFLOW_CTX_DAG_OWNER='autoquery' AIRFLOW_CTX_DAG_ID='mini_riskagent_file_ingestion' AIRFLOW_CTX_TASK_ID='wait_for_csv' AIRFLOW_CTX_EXECUTION_DATE='2026-09-05T16:24:00+00:00' AIRFLOW_CTX_TRY_NUMBER='1' AIRFLOW_CTX_DAG_RUN_ID='scheduled__2026-09-05T16:24:00+00:00'
[2026-09-05T19:11:21.010+0200] {logging_mixin.py:190} INFO - Task instance is in running state
[2026-09-05T19:11:21.010+0200] {logging_mixin.py:190} INFO -  Previous state of the Task instance: queued
[2026-09-05T19:11:21.010+0200] {logging_mixin.py:190} INFO - Current task name:wait_for_csv state:running start_date:2026-09-05 17:11:20.923663+00:00
[2026-09-05T19:11:21.011+0200] {logging_mixin.py:190} INFO - Dag name:mini_riskagent_file_ingestion and current dag run status:running
[2026-09-05T19:11:21.011+0200] {taskinstance.py:732} INFO - ::endgroup::
[2026-09-05T19:11:21.012+0200] {python.py:75} INFO - Poking callable: <function check_for_csv_files at 0x1139c8c20>
[2026-09-05T19:11:21.017+0200] {taskinstance.py:310} INFO - Rescheduling task, marking task as UP_FOR_RESCHEDULE
[2026-09-05T19:11:21.017+0200] {taskinstance.py:341} INFO - ::group::Post task execution logs
[2026-09-05T19:11:21.038+0200] {local_task_job_runner.py:266} INFO - Task exited with return code 0
[2026-09-05T19:11:21.043+0200] {taskinstance.py:3901} INFO - 0 downstream tasks scheduled from follow-on schedule check
[2026-09-05T19:11:21.044+0200] {local_task_job_runner.py:245} INFO - ::endgroup::
[2026-09-05T19:11:52.385+0200] {local_task_job_runner.py:123} INFO - ::group::Pre task execution logs
[2026-09-05T19:11:52.387+0200] {taskinstance.py:2614} INFO - Dependencies all met for dep_context=non-requeueable deps ti=<TaskInstance: mini_riskagent_file_ingestion.wait_for_csv scheduled__2026-09-05T16:24:00+00:00 [queued]>
[2026-09-05T19:11:52.389+0200] {taskinstance.py:2614} INFO - Dependencies all met for dep_context=requeueable deps ti=<TaskInstance: mini_riskagent_file_ingestion.wait_for_csv scheduled__2026-09-05T16:24:00+00:00 [queued]>
[2026-09-05T19:11:52.389+0200] {taskinstance.py:2867} INFO - Starting attempt 1 of 2
[2026-09-05T19:11:52.393+0200] {taskinstance.py:2890} INFO - Executing <Task(PythonSensor): wait_for_csv> on 2026-09-05 16:24:00+00:00
[2026-09-05T19:11:52.397+0200] {standard_task_runner.py:104} INFO - Running: ['airflow', 'tasks', 'run', 'mini_riskagent_file_ingestion', 'wait_for_csv', 'scheduled__2026-09-05T16:24:00+00:00', '--job-id', '1215', '--raw', '--subdir', 'DAGS_FOLDER/data_ingest_pipeline.py', '--cfg-path', '/var/folders/5p/201rr1sj03g8gksxm9x48mbh0000gn/T/tmp8yvxz57s']
[2026-09-05T19:11:52.398+0200] {standard_task_runner.py:105} INFO - Job 1215: Subtask wait_for_csv
[2026-09-05T19:11:52.449+0200] {logging_mixin.py:190} WARNING - /Users/swarnalidatta/Desktop/AutoQueryChatbot/.airflow-venv/lib/python3.12/site-packages/airflow/task/task_runner/standard_task_runner.py:70 DeprecationWarning: This process (pid=29222) is multi-threaded, use of fork() may lead to deadlocks in the child.
[2026-09-05T19:11:52.449+0200] {standard_task_runner.py:72} INFO - Started process 29224 to run task
[2026-09-05T19:11:52.460+0200] {task_command.py:467} INFO - Running <TaskInstance: mini_riskagent_file_ingestion.wait_for_csv scheduled__2026-09-05T16:24:00+00:00 [running]> on host mac.home
[2026-09-05T19:11:52.475+0200] {taskinstance.py:3134} INFO - Exporting env vars: AIRFLOW_CTX_DAG_OWNER='autoquery' AIRFLOW_CTX_DAG_ID='mini_riskagent_file_ingestion' AIRFLOW_CTX_TASK_ID='wait_for_csv' AIRFLOW_CTX_EXECUTION_DATE='2026-09-05T16:24:00+00:00' AIRFLOW_CTX_TRY_NUMBER='1' AIRFLOW_CTX_DAG_RUN_ID='scheduled__2026-09-05T16:24:00+00:00'
[2026-09-05T19:11:52.475+0200] {logging_mixin.py:190} INFO - Task instance is in running state
[2026-09-05T19:11:52.475+0200] {logging_mixin.py:190} INFO -  Previous state of the Task instance: queued
[2026-09-05T19:11:52.475+0200] {logging_mixin.py:190} INFO - Current task name:wait_for_csv state:running start_date:2026-09-05 17:11:52.388046+00:00
[2026-09-05T19:11:52.476+0200] {logging_mixin.py:190} INFO - Dag name:mini_riskagent_file_ingestion and current dag run status:running
[2026-09-05T19:11:52.476+0200] {taskinstance.py:732} INFO - ::endgroup::
[2026-09-05T19:11:52.477+0200] {python.py:75} INFO - Poking callable: <function check_for_csv_files at 0x108cb8c20>
[2026-09-05T19:11:52.480+0200] {taskinstance.py:310} INFO - Rescheduling task, marking task as UP_FOR_RESCHEDULE
[2026-09-05T19:11:52.481+0200] {taskinstance.py:341} INFO - ::group::Post task execution logs
[2026-09-05T19:11:52.504+0200] {local_task_job_runner.py:266} INFO - Task exited with return code 0
[2026-09-05T19:11:52.509+0200] {taskinstance.py:3901} INFO - 0 downstream tasks scheduled from follow-on schedule check
[2026-09-05T19:11:52.509+0200] {local_task_job_runner.py:245} INFO - ::endgroup::
[2026-09-05T19:12:24.892+0200] {local_task_job_runner.py:123} INFO - ::group::Pre task execution logs
[2026-09-05T19:12:24.895+0200] {taskinstance.py:2614} INFO - Dependencies all met for dep_context=non-requeueable deps ti=<TaskInstance: mini_riskagent_file_ingestion.wait_for_csv scheduled__2026-09-05T16:24:00+00:00 [queued]>
[2026-09-05T19:12:24.897+0200] {taskinstance.py:2614} INFO - Dependencies all met for dep_context=requeueable deps ti=<TaskInstance: mini_riskagent_file_ingestion.wait_for_csv scheduled__2026-09-05T16:24:00+00:00 [queued]>
[2026-09-05T19:12:24.897+0200] {taskinstance.py:2867} INFO - Starting attempt 1 of 2
[2026-09-05T19:12:24.900+0200] {taskinstance.py:2890} INFO - Executing <Task(PythonSensor): wait_for_csv> on 2026-09-05 16:24:00+00:00
[2026-09-05T19:12:24.905+0200] {standard_task_runner.py:104} INFO - Running: ['airflow', 'tasks', 'run', 'mini_riskagent_file_ingestion', 'wait_for_csv', 'scheduled__2026-09-05T16:24:00+00:00', '--job-id', '1231', '--raw', '--subdir', 'DAGS_FOLDER/data_ingest_pipeline.py', '--cfg-path', '/var/folders/5p/201rr1sj03g8gksxm9x48mbh0000gn/T/tmp47jpjny2']
[2026-09-05T19:12:24.905+0200] {standard_task_runner.py:105} INFO - Job 1231: Subtask wait_for_csv
[2026-09-05T19:12:24.957+0200] {logging_mixin.py:190} WARNING - /Users/swarnalidatta/Desktop/AutoQueryChatbot/.airflow-venv/lib/python3.12/site-packages/airflow/task/task_runner/standard_task_runner.py:70 DeprecationWarning: This process (pid=29346) is multi-threaded, use of fork() may lead to deadlocks in the child.
[2026-09-05T19:12:24.958+0200] {standard_task_runner.py:72} INFO - Started process 29348 to run task
[2026-09-05T19:12:24.968+0200] {task_command.py:467} INFO - Running <TaskInstance: mini_riskagent_file_ingestion.wait_for_csv scheduled__2026-09-05T16:24:00+00:00 [running]> on host mac.home
[2026-09-05T19:12:24.983+0200] {taskinstance.py:3134} INFO - Exporting env vars: AIRFLOW_CTX_DAG_OWNER='autoquery' AIRFLOW_CTX_DAG_ID='mini_riskagent_file_ingestion' AIRFLOW_CTX_TASK_ID='wait_for_csv' AIRFLOW_CTX_EXECUTION_DATE='2026-09-05T16:24:00+00:00' AIRFLOW_CTX_TRY_NUMBER='1' AIRFLOW_CTX_DAG_RUN_ID='scheduled__2026-09-05T16:24:00+00:00'
[2026-09-05T19:12:24.983+0200] {logging_mixin.py:190} INFO - Task instance is in running state
[2026-09-05T19:12:24.984+0200] {logging_mixin.py:190} INFO -  Previous state of the Task instance: queued
[2026-09-05T19:12:24.984+0200] {logging_mixin.py:190} INFO - Current task name:wait_for_csv state:running start_date:2026-09-05 17:12:24.895819+00:00
[2026-09-05T19:12:24.984+0200] {logging_mixin.py:190} INFO - Dag name:mini_riskagent_file_ingestion and current dag run status:running
[2026-09-05T19:12:24.984+0200] {taskinstance.py:732} INFO - ::endgroup::
[2026-09-05T19:12:24.985+0200] {python.py:75} INFO - Poking callable: <function check_for_csv_files at 0x10df54c20>
[2026-09-05T19:12:24.989+0200] {taskinstance.py:310} INFO - Rescheduling task, marking task as UP_FOR_RESCHEDULE
[2026-09-05T19:12:24.989+0200] {taskinstance.py:341} INFO - ::group::Post task execution logs
[2026-09-05T19:12:25.012+0200] {local_task_job_runner.py:266} INFO - Task exited with return code 0
[2026-09-05T19:12:25.017+0200] {taskinstance.py:3901} INFO - 0 downstream tasks scheduled from follow-on schedule check
[2026-09-05T19:12:25.017+0200] {local_task_job_runner.py:245} INFO - ::endgroup::
[2026-09-05T19:12:56.881+0200] {local_task_job_runner.py:123} INFO - ::group::Pre task execution logs
[2026-09-05T19:12:56.884+0200] {taskinstance.py:2614} INFO - Dependencies all met for dep_context=non-requeueable deps ti=<TaskInstance: mini_riskagent_file_ingestion.wait_for_csv scheduled__2026-09-05T16:24:00+00:00 [queued]>
[2026-09-05T19:12:56.885+0200] {taskinstance.py:2614} INFO - Dependencies all met for dep_context=requeueable deps ti=<TaskInstance: mini_riskagent_file_ingestion.wait_for_csv scheduled__2026-09-05T16:24:00+00:00 [queued]>
[2026-09-05T19:12:56.885+0200] {taskinstance.py:2867} INFO - Starting attempt 1 of 2
[2026-09-05T19:12:56.889+0200] {taskinstance.py:2890} INFO - Executing <Task(PythonSensor): wait_for_csv> on 2026-09-05 16:24:00+00:00
[2026-09-05T19:12:56.894+0200] {standard_task_runner.py:104} INFO - Running: ['airflow', 'tasks', 'run', 'mini_riskagent_file_ingestion', 'wait_for_csv', 'scheduled__2026-09-05T16:24:00+00:00', '--job-id', '1247', '--raw', '--subdir', 'DAGS_FOLDER/data_ingest_pipeline.py', '--cfg-path', '/var/folders/5p/201rr1sj03g8gksxm9x48mbh0000gn/T/tmpudfhm1nt']
[2026-09-05T19:12:56.894+0200] {standard_task_runner.py:105} INFO - Job 1247: Subtask wait_for_csv
[2026-09-05T19:12:56.946+0200] {logging_mixin.py:190} WARNING - /Users/swarnalidatta/Desktop/AutoQueryChatbot/.airflow-venv/lib/python3.12/site-packages/airflow/task/task_runner/standard_task_runner.py:70 DeprecationWarning: This process (pid=29466) is multi-threaded, use of fork() may lead to deadlocks in the child.
[2026-09-05T19:12:56.947+0200] {standard_task_runner.py:72} INFO - Started process 29468 to run task
[2026-09-05T19:12:56.958+0200] {task_command.py:467} INFO - Running <TaskInstance: mini_riskagent_file_ingestion.wait_for_csv scheduled__2026-09-05T16:24:00+00:00 [running]> on host mac.home
[2026-09-05T19:12:56.973+0200] {taskinstance.py:3134} INFO - Exporting env vars: AIRFLOW_CTX_DAG_OWNER='autoquery' AIRFLOW_CTX_DAG_ID='mini_riskagent_file_ingestion' AIRFLOW_CTX_TASK_ID='wait_for_csv' AIRFLOW_CTX_EXECUTION_DATE='2026-09-05T16:24:00+00:00' AIRFLOW_CTX_TRY_NUMBER='1' AIRFLOW_CTX_DAG_RUN_ID='scheduled__2026-09-05T16:24:00+00:00'
[2026-09-05T19:12:56.974+0200] {logging_mixin.py:190} INFO - Task instance is in running state
[2026-09-05T19:12:56.974+0200] {logging_mixin.py:190} INFO -  Previous state of the Task instance: queued
[2026-09-05T19:12:56.974+0200] {logging_mixin.py:190} INFO - Current task name:wait_for_csv state:running start_date:2026-09-05 17:12:56.884539+00:00
[2026-09-05T19:12:56.974+0200] {logging_mixin.py:190} INFO - Dag name:mini_riskagent_file_ingestion and current dag run status:running
[2026-09-05T19:12:56.974+0200] {taskinstance.py:732} INFO - ::endgroup::
[2026-09-05T19:12:56.976+0200] {python.py:75} INFO - Poking callable: <function check_for_csv_files at 0x108104c20>
[2026-09-05T19:12:56.979+0200] {taskinstance.py:310} INFO - Rescheduling task, marking task as UP_FOR_RESCHEDULE
[2026-09-05T19:12:56.979+0200] {taskinstance.py:341} INFO - ::group::Post task execution logs
[2026-09-05T19:12:57.002+0200] {local_task_job_runner.py:266} INFO - Task exited with return code 0
[2026-09-05T19:12:57.007+0200] {taskinstance.py:3901} INFO - 0 downstream tasks scheduled from follow-on schedule check
[2026-09-05T19:12:57.007+0200] {local_task_job_runner.py:245} INFO - ::endgroup::
[2026-09-05T19:13:29.535+0200] {local_task_job_runner.py:123} INFO - ::group::Pre task execution logs
[2026-09-05T19:13:29.538+0200] {taskinstance.py:2614} INFO - Dependencies all met for dep_context=non-requeueable deps ti=<TaskInstance: mini_riskagent_file_ingestion.wait_for_csv scheduled__2026-09-05T16:24:00+00:00 [queued]>
[2026-09-05T19:13:29.539+0200] {taskinstance.py:2614} INFO - Dependencies all met for dep_context=requeueable deps ti=<TaskInstance: mini_riskagent_file_ingestion.wait_for_csv scheduled__2026-09-05T16:24:00+00:00 [queued]>
[2026-09-05T19:13:29.539+0200] {taskinstance.py:2867} INFO - Starting attempt 1 of 2
[2026-09-05T19:13:29.543+0200] {taskinstance.py:2890} INFO - Executing <Task(PythonSensor): wait_for_csv> on 2026-09-05 16:24:00+00:00
[2026-09-05T19:13:29.548+0200] {standard_task_runner.py:104} INFO - Running: ['airflow', 'tasks', 'run', 'mini_riskagent_file_ingestion', 'wait_for_csv', 'scheduled__2026-09-05T16:24:00+00:00', '--job-id', '1263', '--raw', '--subdir', 'DAGS_FOLDER/data_ingest_pipeline.py', '--cfg-path', '/var/folders/5p/201rr1sj03g8gksxm9x48mbh0000gn/T/tmp1wcz3j_d']
[2026-09-05T19:13:29.549+0200] {standard_task_runner.py:105} INFO - Job 1263: Subtask wait_for_csv
[2026-09-05T19:13:29.601+0200] {logging_mixin.py:190} WARNING - /Users/swarnalidatta/Desktop/AutoQueryChatbot/.airflow-venv/lib/python3.12/site-packages/airflow/task/task_runner/standard_task_runner.py:70 DeprecationWarning: This process (pid=29583) is multi-threaded, use of fork() may lead to deadlocks in the child.
[2026-09-05T19:13:29.601+0200] {standard_task_runner.py:72} INFO - Started process 29585 to run task
[2026-09-05T19:13:29.612+0200] {task_command.py:467} INFO - Running <TaskInstance: mini_riskagent_file_ingestion.wait_for_csv scheduled__2026-09-05T16:24:00+00:00 [running]> on host mac.home
[2026-09-05T19:13:29.627+0200] {taskinstance.py:3134} INFO - Exporting env vars: AIRFLOW_CTX_DAG_OWNER='autoquery' AIRFLOW_CTX_DAG_ID='mini_riskagent_file_ingestion' AIRFLOW_CTX_TASK_ID='wait_for_csv' AIRFLOW_CTX_EXECUTION_DATE='2026-09-05T16:24:00+00:00' AIRFLOW_CTX_TRY_NUMBER='1' AIRFLOW_CTX_DAG_RUN_ID='scheduled__2026-09-05T16:24:00+00:00'
[2026-09-05T19:13:29.627+0200] {logging_mixin.py:190} INFO - Task instance is in running state
[2026-09-05T19:13:29.628+0200] {logging_mixin.py:190} INFO -  Previous state of the Task instance: queued
[2026-09-05T19:13:29.628+0200] {logging_mixin.py:190} INFO - Current task name:wait_for_csv state:running start_date:2026-09-05 17:13:29.538486+00:00
[2026-09-05T19:13:29.628+0200] {logging_mixin.py:190} INFO - Dag name:mini_riskagent_file_ingestion and current dag run status:running
[2026-09-05T19:13:29.628+0200] {taskinstance.py:732} INFO - ::endgroup::
[2026-09-05T19:13:29.629+0200] {python.py:75} INFO - Poking callable: <function check_for_csv_files at 0x10bfbcc20>
[2026-09-05T19:13:29.633+0200] {taskinstance.py:310} INFO - Rescheduling task, marking task as UP_FOR_RESCHEDULE
[2026-09-05T19:13:29.633+0200] {taskinstance.py:341} INFO - ::group::Post task execution logs
[2026-09-05T19:13:29.657+0200] {local_task_job_runner.py:266} INFO - Task exited with return code 0
[2026-09-05T19:13:29.662+0200] {taskinstance.py:3901} INFO - 0 downstream tasks scheduled from follow-on schedule check
[2026-09-05T19:13:29.662+0200] {local_task_job_runner.py:245} INFO - ::endgroup::
[2026-09-05T19:14:02.297+0200] {local_task_job_runner.py:123} INFO - ::group::Pre task execution logs
[2026-09-05T19:14:02.300+0200] {taskinstance.py:2614} INFO - Dependencies all met for dep_context=non-requeueable deps ti=<TaskInstance: mini_riskagent_file_ingestion.wait_for_csv scheduled__2026-09-05T16:24:00+00:00 [queued]>
[2026-09-05T19:14:02.301+0200] {taskinstance.py:2614} INFO - Dependencies all met for dep_context=requeueable deps ti=<TaskInstance: mini_riskagent_file_ingestion.wait_for_csv scheduled__2026-09-05T16:24:00+00:00 [queued]>
[2026-09-05T19:14:02.301+0200] {taskinstance.py:2867} INFO - Starting attempt 1 of 2
[2026-09-05T19:14:02.305+0200] {taskinstance.py:2890} INFO - Executing <Task(PythonSensor): wait_for_csv> on 2026-09-05 16:24:00+00:00
[2026-09-05T19:14:02.309+0200] {standard_task_runner.py:104} INFO - Running: ['airflow', 'tasks', 'run', 'mini_riskagent_file_ingestion', 'wait_for_csv', 'scheduled__2026-09-05T16:24:00+00:00', '--job-id', '1279', '--raw', '--subdir', 'DAGS_FOLDER/data_ingest_pipeline.py', '--cfg-path', '/var/folders/5p/201rr1sj03g8gksxm9x48mbh0000gn/T/tmpzo29pfzw']
[2026-09-05T19:14:02.310+0200] {standard_task_runner.py:105} INFO - Job 1279: Subtask wait_for_csv
[2026-09-05T19:14:02.360+0200] {logging_mixin.py:190} WARNING - /Users/swarnalidatta/Desktop/AutoQueryChatbot/.airflow-venv/lib/python3.12/site-packages/airflow/task/task_runner/standard_task_runner.py:70 DeprecationWarning: This process (pid=29695) is multi-threaded, use of fork() may lead to deadlocks in the child.
[2026-09-05T19:14:02.360+0200] {standard_task_runner.py:72} INFO - Started process 29701 to run task
[2026-09-05T19:14:02.372+0200] {task_command.py:467} INFO - Running <TaskInstance: mini_riskagent_file_ingestion.wait_for_csv scheduled__2026-09-05T16:24:00+00:00 [running]> on host mac.home
[2026-09-05T19:14:02.388+0200] {taskinstance.py:3134} INFO - Exporting env vars: AIRFLOW_CTX_DAG_OWNER='autoquery' AIRFLOW_CTX_DAG_ID='mini_riskagent_file_ingestion' AIRFLOW_CTX_TASK_ID='wait_for_csv' AIRFLOW_CTX_EXECUTION_DATE='2026-09-05T16:24:00+00:00' AIRFLOW_CTX_TRY_NUMBER='1' AIRFLOW_CTX_DAG_RUN_ID='scheduled__2026-09-05T16:24:00+00:00'
[2026-09-05T19:14:02.389+0200] {logging_mixin.py:190} INFO - Task instance is in running state
[2026-09-05T19:14:02.389+0200] {logging_mixin.py:190} INFO -  Previous state of the Task instance: queued
[2026-09-05T19:14:02.389+0200] {logging_mixin.py:190} INFO - Current task name:wait_for_csv state:running start_date:2026-09-05 17:14:02.300392+00:00
[2026-09-05T19:14:02.389+0200] {logging_mixin.py:190} INFO - Dag name:mini_riskagent_file_ingestion and current dag run status:running
[2026-09-05T19:14:02.389+0200] {taskinstance.py:732} INFO - ::endgroup::
[2026-09-05T19:14:02.390+0200] {python.py:75} INFO - Poking callable: <function check_for_csv_files at 0x10d6e4c20>
[2026-09-05T19:14:02.394+0200] {taskinstance.py:310} INFO - Rescheduling task, marking task as UP_FOR_RESCHEDULE
[2026-09-05T19:14:02.394+0200] {taskinstance.py:341} INFO - ::group::Post task execution logs
[2026-09-05T19:14:02.416+0200] {local_task_job_runner.py:266} INFO - Task exited with return code 0
[2026-09-05T19:14:02.421+0200] {taskinstance.py:3901} INFO - 0 downstream tasks scheduled from follow-on schedule check
[2026-09-05T19:14:02.421+0200] {local_task_job_runner.py:245} INFO - ::endgroup::
[2026-09-05T19:14:34.367+0200] {local_task_job_runner.py:123} INFO - ::group::Pre task execution logs
[2026-09-05T19:14:34.369+0200] {taskinstance.py:2614} INFO - Dependencies all met for dep_context=non-requeueable deps ti=<TaskInstance: mini_riskagent_file_ingestion.wait_for_csv scheduled__2026-09-05T16:24:00+00:00 [queued]>
[2026-09-05T19:14:34.371+0200] {taskinstance.py:2614} INFO - Dependencies all met for dep_context=requeueable deps ti=<TaskInstance: mini_riskagent_file_ingestion.wait_for_csv scheduled__2026-09-05T16:24:00+00:00 [queued]>
[2026-09-05T19:14:34.371+0200] {taskinstance.py:2867} INFO - Starting attempt 1 of 2
[2026-09-05T19:14:34.375+0200] {taskinstance.py:2890} INFO - Executing <Task(PythonSensor): wait_for_csv> on 2026-09-05 16:24:00+00:00
[2026-09-05T19:14:34.379+0200] {standard_task_runner.py:104} INFO - Running: ['airflow', 'tasks', 'run', 'mini_riskagent_file_ingestion', 'wait_for_csv', 'scheduled__2026-09-05T16:24:00+00:00', '--job-id', '1295', '--raw', '--subdir', 'DAGS_FOLDER/data_ingest_pipeline.py', '--cfg-path', '/var/folders/5p/201rr1sj03g8gksxm9x48mbh0000gn/T/tmpcy9x997s']
[2026-09-05T19:14:34.380+0200] {standard_task_runner.py:105} INFO - Job 1295: Subtask wait_for_csv
[2026-09-05T19:14:34.430+0200] {logging_mixin.py:190} WARNING - /Users/swarnalidatta/Desktop/AutoQueryChatbot/.airflow-venv/lib/python3.12/site-packages/airflow/task/task_runner/standard_task_runner.py:70 DeprecationWarning: This process (pid=29826) is multi-threaded, use of fork() may lead to deadlocks in the child.
[2026-09-05T19:14:34.430+0200] {standard_task_runner.py:72} INFO - Started process 29829 to run task
[2026-09-05T19:14:34.442+0200] {task_command.py:467} INFO - Running <TaskInstance: mini_riskagent_file_ingestion.wait_for_csv scheduled__2026-09-05T16:24:00+00:00 [running]> on host mac.home
[2026-09-05T19:14:34.457+0200] {taskinstance.py:3134} INFO - Exporting env vars: AIRFLOW_CTX_DAG_OWNER='autoquery' AIRFLOW_CTX_DAG_ID='mini_riskagent_file_ingestion' AIRFLOW_CTX_TASK_ID='wait_for_csv' AIRFLOW_CTX_EXECUTION_DATE='2026-09-05T16:24:00+00:00' AIRFLOW_CTX_TRY_NUMBER='1' AIRFLOW_CTX_DAG_RUN_ID='scheduled__2026-09-05T16:24:00+00:00'
[2026-09-05T19:14:34.457+0200] {logging_mixin.py:190} INFO - Task instance is in running state
[2026-09-05T19:14:34.458+0200] {logging_mixin.py:190} INFO -  Previous state of the Task instance: queued
[2026-09-05T19:14:34.458+0200] {logging_mixin.py:190} INFO - Current task name:wait_for_csv state:running start_date:2026-09-05 17:14:34.370056+00:00
[2026-09-05T19:14:34.458+0200] {logging_mixin.py:190} INFO - Dag name:mini_riskagent_file_ingestion and current dag run status:running
[2026-09-05T19:14:34.458+0200] {taskinstance.py:732} INFO - ::endgroup::
[2026-09-05T19:14:34.459+0200] {python.py:75} INFO - Poking callable: <function check_for_csv_files at 0x111cd0c20>
[2026-09-05T19:14:34.463+0200] {taskinstance.py:310} INFO - Rescheduling task, marking task as UP_FOR_RESCHEDULE
[2026-09-05T19:14:34.463+0200] {taskinstance.py:341} INFO - ::group::Post task execution logs
[2026-09-05T19:14:34.486+0200] {local_task_job_runner.py:266} INFO - Task exited with return code 0
[2026-09-05T19:14:34.491+0200] {taskinstance.py:3901} INFO - 0 downstream tasks scheduled from follow-on schedule check
[2026-09-05T19:14:34.491+0200] {local_task_job_runner.py:245} INFO - ::endgroup::
[2026-09-05T19:15:06.898+0200] {local_task_job_runner.py:123} INFO - ::group::Pre task execution logs
[2026-09-05T19:15:06.900+0200] {taskinstance.py:2614} INFO - Dependencies all met for dep_context=non-requeueable deps ti=<TaskInstance: mini_riskagent_file_ingestion.wait_for_csv scheduled__2026-09-05T16:24:00+00:00 [queued]>
[2026-09-05T19:15:06.902+0200] {taskinstance.py:2614} INFO - Dependencies all met for dep_context=requeueable deps ti=<TaskInstance: mini_riskagent_file_ingestion.wait_for_csv scheduled__2026-09-05T16:24:00+00:00 [queued]>
[2026-09-05T19:15:06.902+0200] {taskinstance.py:2867} INFO - Starting attempt 1 of 2
[2026-09-05T19:15:06.906+0200] {taskinstance.py:2890} INFO - Executing <Task(PythonSensor): wait_for_csv> on 2026-09-05 16:24:00+00:00
[2026-09-05T19:15:06.910+0200] {standard_task_runner.py:104} INFO - Running: ['airflow', 'tasks', 'run', 'mini_riskagent_file_ingestion', 'wait_for_csv', 'scheduled__2026-09-05T16:24:00+00:00', '--job-id', '1311', '--raw', '--subdir', 'DAGS_FOLDER/data_ingest_pipeline.py', '--cfg-path', '/var/folders/5p/201rr1sj03g8gksxm9x48mbh0000gn/T/tmpj1pgcwjd']
[2026-09-05T19:15:06.911+0200] {standard_task_runner.py:105} INFO - Job 1311: Subtask wait_for_csv
[2026-09-05T19:15:06.960+0200] {logging_mixin.py:190} WARNING - /Users/swarnalidatta/Desktop/AutoQueryChatbot/.airflow-venv/lib/python3.12/site-packages/airflow/task/task_runner/standard_task_runner.py:70 DeprecationWarning: This process (pid=29954) is multi-threaded, use of fork() may lead to deadlocks in the child.
[2026-09-05T19:15:06.960+0200] {standard_task_runner.py:72} INFO - Started process 29956 to run task
[2026-09-05T19:15:06.974+0200] {task_command.py:467} INFO - Running <TaskInstance: mini_riskagent_file_ingestion.wait_for_csv scheduled__2026-09-05T16:24:00+00:00 [running]> on host mac.home
[2026-09-05T19:15:06.990+0200] {taskinstance.py:3134} INFO - Exporting env vars: AIRFLOW_CTX_DAG_OWNER='autoquery' AIRFLOW_CTX_DAG_ID='mini_riskagent_file_ingestion' AIRFLOW_CTX_TASK_ID='wait_for_csv' AIRFLOW_CTX_EXECUTION_DATE='2026-09-05T16:24:00+00:00' AIRFLOW_CTX_TRY_NUMBER='1' AIRFLOW_CTX_DAG_RUN_ID='scheduled__2026-09-05T16:24:00+00:00'
[2026-09-05T19:15:06.990+0200] {logging_mixin.py:190} INFO - Task instance is in running state
[2026-09-05T19:15:06.991+0200] {logging_mixin.py:190} INFO -  Previous state of the Task instance: queued
[2026-09-05T19:15:06.991+0200] {logging_mixin.py:190} INFO - Current task name:wait_for_csv state:running start_date:2026-09-05 17:15:06.900971+00:00
[2026-09-05T19:15:06.991+0200] {logging_mixin.py:190} INFO - Dag name:mini_riskagent_file_ingestion and current dag run status:running
[2026-09-05T19:15:06.991+0200] {taskinstance.py:732} INFO - ::endgroup::
[2026-09-05T19:15:06.992+0200] {python.py:75} INFO - Poking callable: <function check_for_csv_files at 0x10cae8c20>
[2026-09-05T19:15:06.996+0200] {taskinstance.py:310} INFO - Rescheduling task, marking task as UP_FOR_RESCHEDULE
[2026-09-05T19:15:06.996+0200] {taskinstance.py:341} INFO - ::group::Post task execution logs
[2026-09-05T19:15:07.016+0200] {local_task_job_runner.py:266} INFO - Task exited with return code 0
[2026-09-05T19:15:07.020+0200] {taskinstance.py:3901} INFO - 0 downstream tasks scheduled from follow-on schedule check
[2026-09-05T19:15:07.021+0200] {local_task_job_runner.py:245} INFO - ::endgroup::
[2026-09-05T19:15:37.895+0200] {local_task_job_runner.py:123} INFO - ::group::Pre task execution logs
[2026-09-05T19:15:37.898+0200] {taskinstance.py:2614} INFO - Dependencies all met for dep_context=non-requeueable deps ti=<TaskInstance: mini_riskagent_file_ingestion.wait_for_csv scheduled__2026-09-05T16:24:00+00:00 [queued]>
[2026-09-05T19:15:37.900+0200] {taskinstance.py:2614} INFO - Dependencies all met for dep_context=requeueable deps ti=<TaskInstance: mini_riskagent_file_ingestion.wait_for_csv scheduled__2026-09-05T16:24:00+00:00 [queued]>
[2026-09-05T19:15:37.900+0200] {taskinstance.py:2867} INFO - Starting attempt 1 of 2
[2026-09-05T19:15:37.904+0200] {taskinstance.py:2890} INFO - Executing <Task(PythonSensor): wait_for_csv> on 2026-09-05 16:24:00+00:00
[2026-09-05T19:15:37.908+0200] {standard_task_runner.py:104} INFO - Running: ['airflow', 'tasks', 'run', 'mini_riskagent_file_ingestion', 'wait_for_csv', 'scheduled__2026-09-05T16:24:00+00:00', '--job-id', '1327', '--raw', '--subdir', 'DAGS_FOLDER/data_ingest_pipeline.py', '--cfg-path', '/var/folders/5p/201rr1sj03g8gksxm9x48mbh0000gn/T/tmp7tuzhjbn']
[2026-09-05T19:15:37.910+0200] {standard_task_runner.py:105} INFO - Job 1327: Subtask wait_for_csv
[2026-09-05T19:15:37.961+0200] {logging_mixin.py:190} WARNING - /Users/swarnalidatta/Desktop/AutoQueryChatbot/.airflow-venv/lib/python3.12/site-packages/airflow/task/task_runner/standard_task_runner.py:70 DeprecationWarning: This process (pid=30065) is multi-threaded, use of fork() may lead to deadlocks in the child.
[2026-09-05T19:15:37.961+0200] {standard_task_runner.py:72} INFO - Started process 30067 to run task
[2026-09-05T19:15:37.974+0200] {task_command.py:467} INFO - Running <TaskInstance: mini_riskagent_file_ingestion.wait_for_csv scheduled__2026-09-05T16:24:00+00:00 [running]> on host mac.home
[2026-09-05T19:15:37.990+0200] {taskinstance.py:3134} INFO - Exporting env vars: AIRFLOW_CTX_DAG_OWNER='autoquery' AIRFLOW_CTX_DAG_ID='mini_riskagent_file_ingestion' AIRFLOW_CTX_TASK_ID='wait_for_csv' AIRFLOW_CTX_EXECUTION_DATE='2026-09-05T16:24:00+00:00' AIRFLOW_CTX_TRY_NUMBER='1' AIRFLOW_CTX_DAG_RUN_ID='scheduled__2026-09-05T16:24:00+00:00'
[2026-09-05T19:15:37.990+0200] {logging_mixin.py:190} INFO - Task instance is in running state
[2026-09-05T19:15:37.990+0200] {logging_mixin.py:190} INFO -  Previous state of the Task instance: queued
[2026-09-05T19:15:37.991+0200] {logging_mixin.py:190} INFO - Current task name:wait_for_csv state:running start_date:2026-09-05 17:15:37.898693+00:00
[2026-09-05T19:15:37.991+0200] {logging_mixin.py:190} INFO - Dag name:mini_riskagent_file_ingestion and current dag run status:running
[2026-09-05T19:15:37.991+0200] {taskinstance.py:732} INFO - ::endgroup::
[2026-09-05T19:15:37.992+0200] {python.py:75} INFO - Poking callable: <function check_for_csv_files at 0x10cd4cc20>
[2026-09-05T19:15:37.995+0200] {taskinstance.py:310} INFO - Rescheduling task, marking task as UP_FOR_RESCHEDULE
[2026-09-05T19:15:37.996+0200] {taskinstance.py:341} INFO - ::group::Post task execution logs
[2026-09-05T19:15:38.016+0200] {local_task_job_runner.py:266} INFO - Task exited with return code 0
[2026-09-05T19:15:38.021+0200] {taskinstance.py:3901} INFO - 0 downstream tasks scheduled from follow-on schedule check
[2026-09-05T19:15:38.021+0200] {local_task_job_runner.py:245} INFO - ::endgroup::
[2026-09-05T19:16:09.854+0200] {local_task_job_runner.py:123} INFO - ::group::Pre task execution logs
[2026-09-05T19:16:09.857+0200] {taskinstance.py:2614} INFO - Dependencies all met for dep_context=non-requeueable deps ti=<TaskInstance: mini_riskagent_file_ingestion.wait_for_csv scheduled__2026-09-05T16:24:00+00:00 [queued]>
[2026-09-05T19:16:09.858+0200] {taskinstance.py:2614} INFO - Dependencies all met for dep_context=requeueable deps ti=<TaskInstance: mini_riskagent_file_ingestion.wait_for_csv scheduled__2026-09-05T16:24:00+00:00 [queued]>
[2026-09-05T19:16:09.858+0200] {taskinstance.py:2867} INFO - Starting attempt 1 of 2
[2026-09-05T19:16:09.862+0200] {taskinstance.py:2890} INFO - Executing <Task(PythonSensor): wait_for_csv> on 2026-09-05 16:24:00+00:00
[2026-09-05T19:16:09.866+0200] {standard_task_runner.py:104} INFO - Running: ['airflow', 'tasks', 'run', 'mini_riskagent_file_ingestion', 'wait_for_csv', 'scheduled__2026-09-05T16:24:00+00:00', '--job-id', '1343', '--raw', '--subdir', 'DAGS_FOLDER/data_ingest_pipeline.py', '--cfg-path', '/var/folders/5p/201rr1sj03g8gksxm9x48mbh0000gn/T/tmphmlx5rjt']
[2026-09-05T19:16:09.867+0200] {standard_task_runner.py:105} INFO - Job 1343: Subtask wait_for_csv
[2026-09-05T19:16:09.920+0200] {logging_mixin.py:190} WARNING - /Users/swarnalidatta/Desktop/AutoQueryChatbot/.airflow-venv/lib/python3.12/site-packages/airflow/task/task_runner/standard_task_runner.py:70 DeprecationWarning: This process (pid=30178) is multi-threaded, use of fork() may lead to deadlocks in the child.
[2026-09-05T19:16:09.921+0200] {standard_task_runner.py:72} INFO - Started process 30181 to run task
[2026-09-05T19:16:09.934+0200] {task_command.py:467} INFO - Running <TaskInstance: mini_riskagent_file_ingestion.wait_for_csv scheduled__2026-09-05T16:24:00+00:00 [running]> on host mac.home
[2026-09-05T19:16:09.950+0200] {taskinstance.py:3134} INFO - Exporting env vars: AIRFLOW_CTX_DAG_OWNER='autoquery' AIRFLOW_CTX_DAG_ID='mini_riskagent_file_ingestion' AIRFLOW_CTX_TASK_ID='wait_for_csv' AIRFLOW_CTX_EXECUTION_DATE='2026-09-05T16:24:00+00:00' AIRFLOW_CTX_TRY_NUMBER='1' AIRFLOW_CTX_DAG_RUN_ID='scheduled__2026-09-05T16:24:00+00:00'
[2026-09-05T19:16:09.950+0200] {logging_mixin.py:190} INFO - Task instance is in running state
[2026-09-05T19:16:09.950+0200] {logging_mixin.py:190} INFO -  Previous state of the Task instance: queued
[2026-09-05T19:16:09.950+0200] {logging_mixin.py:190} INFO - Current task name:wait_for_csv state:running start_date:2026-09-05 17:16:09.857192+00:00
[2026-09-05T19:16:09.950+0200] {logging_mixin.py:190} INFO - Dag name:mini_riskagent_file_ingestion and current dag run status:running
[2026-09-05T19:16:09.951+0200] {taskinstance.py:732} INFO - ::endgroup::
[2026-09-05T19:16:09.952+0200] {python.py:75} INFO - Poking callable: <function check_for_csv_files at 0x10a590c20>
[2026-09-05T19:16:09.955+0200] {taskinstance.py:310} INFO - Rescheduling task, marking task as UP_FOR_RESCHEDULE
[2026-09-05T19:16:09.955+0200] {taskinstance.py:341} INFO - ::group::Post task execution logs
[2026-09-05T19:16:09.976+0200] {local_task_job_runner.py:266} INFO - Task exited with return code 0
[2026-09-05T19:16:09.981+0200] {taskinstance.py:3901} INFO - 0 downstream tasks scheduled from follow-on schedule check
[2026-09-05T19:16:09.981+0200] {local_task_job_runner.py:245} INFO - ::endgroup::
[2026-09-05T19:16:41.790+0200] {local_task_job_runner.py:123} INFO - ::group::Pre task execution logs
[2026-09-05T19:16:41.793+0200] {taskinstance.py:2614} INFO - Dependencies all met for dep_context=non-requeueable deps ti=<TaskInstance: mini_riskagent_file_ingestion.wait_for_csv scheduled__2026-09-05T16:24:00+00:00 [queued]>
[2026-09-05T19:16:41.794+0200] {taskinstance.py:2614} INFO - Dependencies all met for dep_context=requeueable deps ti=<TaskInstance: mini_riskagent_file_ingestion.wait_for_csv scheduled__2026-09-05T16:24:00+00:00 [queued]>
[2026-09-05T19:16:41.794+0200] {taskinstance.py:2867} INFO - Starting attempt 1 of 2
[2026-09-05T19:16:41.798+0200] {taskinstance.py:2890} INFO - Executing <Task(PythonSensor): wait_for_csv> on 2026-09-05 16:24:00+00:00
[2026-09-05T19:16:41.802+0200] {standard_task_runner.py:104} INFO - Running: ['airflow', 'tasks', 'run', 'mini_riskagent_file_ingestion', 'wait_for_csv', 'scheduled__2026-09-05T16:24:00+00:00', '--job-id', '1359', '--raw', '--subdir', 'DAGS_FOLDER/data_ingest_pipeline.py', '--cfg-path', '/var/folders/5p/201rr1sj03g8gksxm9x48mbh0000gn/T/tmplvmmnbie']
[2026-09-05T19:16:41.803+0200] {standard_task_runner.py:105} INFO - Job 1359: Subtask wait_for_csv
[2026-09-05T19:16:41.852+0200] {logging_mixin.py:190} WARNING - /Users/swarnalidatta/Desktop/AutoQueryChatbot/.airflow-venv/lib/python3.12/site-packages/airflow/task/task_runner/standard_task_runner.py:70 DeprecationWarning: This process (pid=30288) is multi-threaded, use of fork() may lead to deadlocks in the child.
[2026-09-05T19:16:41.853+0200] {standard_task_runner.py:72} INFO - Started process 30290 to run task
[2026-09-05T19:16:41.863+0200] {task_command.py:467} INFO - Running <TaskInstance: mini_riskagent_file_ingestion.wait_for_csv scheduled__2026-09-05T16:24:00+00:00 [running]> on host mac.home
[2026-09-05T19:16:41.878+0200] {taskinstance.py:3134} INFO - Exporting env vars: AIRFLOW_CTX_DAG_OWNER='autoquery' AIRFLOW_CTX_DAG_ID='mini_riskagent_file_ingestion' AIRFLOW_CTX_TASK_ID='wait_for_csv' AIRFLOW_CTX_EXECUTION_DATE='2026-09-05T16:24:00+00:00' AIRFLOW_CTX_TRY_NUMBER='1' AIRFLOW_CTX_DAG_RUN_ID='scheduled__2026-09-05T16:24:00+00:00'
[2026-09-05T19:16:41.879+0200] {logging_mixin.py:190} INFO - Task instance is in running state
[2026-09-05T19:16:41.879+0200] {logging_mixin.py:190} INFO -  Previous state of the Task instance: queued
[2026-09-05T19:16:41.879+0200] {logging_mixin.py:190} INFO - Current task name:wait_for_csv state:running start_date:2026-09-05 17:16:41.793138+00:00
[2026-09-05T19:16:41.879+0200] {logging_mixin.py:190} INFO - Dag name:mini_riskagent_file_ingestion and current dag run status:running
[2026-09-05T19:16:41.879+0200] {taskinstance.py:732} INFO - ::endgroup::
[2026-09-05T19:16:41.881+0200] {python.py:75} INFO - Poking callable: <function check_for_csv_files at 0x10c4d4c20>
[2026-09-05T19:16:41.884+0200] {taskinstance.py:310} INFO - Rescheduling task, marking task as UP_FOR_RESCHEDULE
[2026-09-05T19:16:41.884+0200] {taskinstance.py:341} INFO - ::group::Post task execution logs
[2026-09-05T19:16:41.908+0200] {local_task_job_runner.py:266} INFO - Task exited with return code 0
[2026-09-05T19:16:41.913+0200] {taskinstance.py:3901} INFO - 0 downstream tasks scheduled from follow-on schedule check
[2026-09-05T19:16:41.913+0200] {local_task_job_runner.py:245} INFO - ::endgroup::
[2026-09-05T19:17:14.050+0200] {local_task_job_runner.py:123} INFO - ::group::Pre task execution logs
[2026-09-05T19:17:14.052+0200] {taskinstance.py:2614} INFO - Dependencies all met for dep_context=non-requeueable deps ti=<TaskInstance: mini_riskagent_file_ingestion.wait_for_csv scheduled__2026-09-05T16:24:00+00:00 [queued]>
[2026-09-05T19:17:14.054+0200] {taskinstance.py:2614} INFO - Dependencies all met for dep_context=requeueable deps ti=<TaskInstance: mini_riskagent_file_ingestion.wait_for_csv scheduled__2026-09-05T16:24:00+00:00 [queued]>
[2026-09-05T19:17:14.054+0200] {taskinstance.py:2867} INFO - Starting attempt 1 of 2
[2026-09-05T19:17:14.057+0200] {taskinstance.py:2890} INFO - Executing <Task(PythonSensor): wait_for_csv> on 2026-09-05 16:24:00+00:00
[2026-09-05T19:17:14.062+0200] {standard_task_runner.py:104} INFO - Running: ['airflow', 'tasks', 'run', 'mini_riskagent_file_ingestion', 'wait_for_csv', 'scheduled__2026-09-05T16:24:00+00:00', '--job-id', '1375', '--raw', '--subdir', 'DAGS_FOLDER/data_ingest_pipeline.py', '--cfg-path', '/var/folders/5p/201rr1sj03g8gksxm9x48mbh0000gn/T/tmpb8rmuzsf']
[2026-09-05T19:17:14.062+0200] {standard_task_runner.py:105} INFO - Job 1375: Subtask wait_for_csv
[2026-09-05T19:17:14.113+0200] {logging_mixin.py:190} WARNING - /Users/swarnalidatta/Desktop/AutoQueryChatbot/.airflow-venv/lib/python3.12/site-packages/airflow/task/task_runner/standard_task_runner.py:70 DeprecationWarning: This process (pid=30414) is multi-threaded, use of fork() may lead to deadlocks in the child.
[2026-09-05T19:17:14.114+0200] {standard_task_runner.py:72} INFO - Started process 30418 to run task
[2026-09-05T19:17:14.125+0200] {task_command.py:467} INFO - Running <TaskInstance: mini_riskagent_file_ingestion.wait_for_csv scheduled__2026-09-05T16:24:00+00:00 [running]> on host mac.home
[2026-09-05T19:17:14.141+0200] {taskinstance.py:3134} INFO - Exporting env vars: AIRFLOW_CTX_DAG_OWNER='autoquery' AIRFLOW_CTX_DAG_ID='mini_riskagent_file_ingestion' AIRFLOW_CTX_TASK_ID='wait_for_csv' AIRFLOW_CTX_EXECUTION_DATE='2026-09-05T16:24:00+00:00' AIRFLOW_CTX_TRY_NUMBER='1' AIRFLOW_CTX_DAG_RUN_ID='scheduled__2026-09-05T16:24:00+00:00'
[2026-09-05T19:17:14.142+0200] {logging_mixin.py:190} INFO - Task instance is in running state
[2026-09-05T19:17:14.142+0200] {logging_mixin.py:190} INFO -  Previous state of the Task instance: queued
[2026-09-05T19:17:14.142+0200] {logging_mixin.py:190} INFO - Current task name:wait_for_csv state:running start_date:2026-09-05 17:17:14.052949+00:00
[2026-09-05T19:17:14.142+0200] {logging_mixin.py:190} INFO - Dag name:mini_riskagent_file_ingestion and current dag run status:running
[2026-09-05T19:17:14.142+0200] {taskinstance.py:732} INFO - ::endgroup::
[2026-09-05T19:17:14.144+0200] {python.py:75} INFO - Poking callable: <function check_for_csv_files at 0x10cc54c20>
[2026-09-05T19:17:14.147+0200] {taskinstance.py:310} INFO - Rescheduling task, marking task as UP_FOR_RESCHEDULE
[2026-09-05T19:17:14.147+0200] {taskinstance.py:341} INFO - ::group::Post task execution logs
[2026-09-05T19:17:14.169+0200] {local_task_job_runner.py:266} INFO - Task exited with return code 0
[2026-09-05T19:17:14.174+0200] {taskinstance.py:3901} INFO - 0 downstream tasks scheduled from follow-on schedule check
[2026-09-05T19:17:14.174+0200] {local_task_job_runner.py:245} INFO - ::endgroup::
[2026-09-05T19:17:45.136+0200] {local_task_job_runner.py:123} INFO - ::group::Pre task execution logs
[2026-09-05T19:17:45.139+0200] {taskinstance.py:2614} INFO - Dependencies all met for dep_context=non-requeueable deps ti=<TaskInstance: mini_riskagent_file_ingestion.wait_for_csv scheduled__2026-09-05T16:24:00+00:00 [queued]>
[2026-09-05T19:17:45.140+0200] {taskinstance.py:2614} INFO - Dependencies all met for dep_context=requeueable deps ti=<TaskInstance: mini_riskagent_file_ingestion.wait_for_csv scheduled__2026-09-05T16:24:00+00:00 [queued]>
[2026-09-05T19:17:45.140+0200] {taskinstance.py:2867} INFO - Starting attempt 1 of 2
[2026-09-05T19:17:45.144+0200] {taskinstance.py:2890} INFO - Executing <Task(PythonSensor): wait_for_csv> on 2026-09-05 16:24:00+00:00
[2026-09-05T19:17:45.149+0200] {standard_task_runner.py:104} INFO - Running: ['airflow', 'tasks', 'run', 'mini_riskagent_file_ingestion', 'wait_for_csv', 'scheduled__2026-09-05T16:24:00+00:00', '--job-id', '1391', '--raw', '--subdir', 'DAGS_FOLDER/data_ingest_pipeline.py', '--cfg-path', '/var/folders/5p/201rr1sj03g8gksxm9x48mbh0000gn/T/tmpl5dgm28v']
[2026-09-05T19:17:45.150+0200] {standard_task_runner.py:105} INFO - Job 1391: Subtask wait_for_csv
[2026-09-05T19:17:45.202+0200] {logging_mixin.py:190} WARNING - /Users/swarnalidatta/Desktop/AutoQueryChatbot/.airflow-venv/lib/python3.12/site-packages/airflow/task/task_runner/standard_task_runner.py:70 DeprecationWarning: This process (pid=30536) is multi-threaded, use of fork() may lead to deadlocks in the child.
[2026-09-05T19:17:45.202+0200] {standard_task_runner.py:72} INFO - Started process 30542 to run task
[2026-09-05T19:17:45.213+0200] {task_command.py:467} INFO - Running <TaskInstance: mini_riskagent_file_ingestion.wait_for_csv scheduled__2026-09-05T16:24:00+00:00 [running]> on host mac.home
[2026-09-05T19:17:45.229+0200] {taskinstance.py:3134} INFO - Exporting env vars: AIRFLOW_CTX_DAG_OWNER='autoquery' AIRFLOW_CTX_DAG_ID='mini_riskagent_file_ingestion' AIRFLOW_CTX_TASK_ID='wait_for_csv' AIRFLOW_CTX_EXECUTION_DATE='2026-09-05T16:24:00+00:00' AIRFLOW_CTX_TRY_NUMBER='1' AIRFLOW_CTX_DAG_RUN_ID='scheduled__2026-09-05T16:24:00+00:00'
[2026-09-05T19:17:45.229+0200] {logging_mixin.py:190} INFO - Task instance is in running state
[2026-09-05T19:17:45.229+0200] {logging_mixin.py:190} INFO -  Previous state of the Task instance: queued
[2026-09-05T19:17:45.229+0200] {logging_mixin.py:190} INFO - Current task name:wait_for_csv state:running start_date:2026-09-05 17:17:45.139499+00:00
[2026-09-05T19:17:45.230+0200] {logging_mixin.py:190} INFO - Dag name:mini_riskagent_file_ingestion and current dag run status:running
[2026-09-05T19:17:45.230+0200] {taskinstance.py:732} INFO - ::endgroup::
[2026-09-05T19:17:45.231+0200] {python.py:75} INFO - Poking callable: <function check_for_csv_files at 0x107eecc20>
[2026-09-05T19:17:45.234+0200] {taskinstance.py:310} INFO - Rescheduling task, marking task as UP_FOR_RESCHEDULE
[2026-09-05T19:17:45.235+0200] {taskinstance.py:341} INFO - ::group::Post task execution logs
[2026-09-05T19:17:45.257+0200] {local_task_job_runner.py:266} INFO - Task exited with return code 0
[2026-09-05T19:17:45.262+0200] {taskinstance.py:3901} INFO - 0 downstream tasks scheduled from follow-on schedule check
[2026-09-05T19:17:45.262+0200] {local_task_job_runner.py:245} INFO - ::endgroup::
[2026-09-05T19:18:17.649+0200] {local_task_job_runner.py:123} INFO - ::group::Pre task execution logs
[2026-09-05T19:18:17.652+0200] {taskinstance.py:2614} INFO - Dependencies all met for dep_context=non-requeueable deps ti=<TaskInstance: mini_riskagent_file_ingestion.wait_for_csv scheduled__2026-09-05T16:24:00+00:00 [queued]>
[2026-09-05T19:18:17.653+0200] {taskinstance.py:2614} INFO - Dependencies all met for dep_context=requeueable deps ti=<TaskInstance: mini_riskagent_file_ingestion.wait_for_csv scheduled__2026-09-05T16:24:00+00:00 [queued]>
[2026-09-05T19:18:17.653+0200] {taskinstance.py:2867} INFO - Starting attempt 1 of 2
[2026-09-05T19:18:17.657+0200] {taskinstance.py:2890} INFO - Executing <Task(PythonSensor): wait_for_csv> on 2026-09-05 16:24:00+00:00
[2026-09-05T19:18:17.661+0200] {standard_task_runner.py:104} INFO - Running: ['airflow', 'tasks', 'run', 'mini_riskagent_file_ingestion', 'wait_for_csv', 'scheduled__2026-09-05T16:24:00+00:00', '--job-id', '1408', '--raw', '--subdir', 'DAGS_FOLDER/data_ingest_pipeline.py', '--cfg-path', '/var/folders/5p/201rr1sj03g8gksxm9x48mbh0000gn/T/tmpix9ia_c3']
[2026-09-05T19:18:17.662+0200] {standard_task_runner.py:105} INFO - Job 1408: Subtask wait_for_csv
[2026-09-05T19:18:17.712+0200] {logging_mixin.py:190} WARNING - /Users/swarnalidatta/Desktop/AutoQueryChatbot/.airflow-venv/lib/python3.12/site-packages/airflow/task/task_runner/standard_task_runner.py:70 DeprecationWarning: This process (pid=30657) is multi-threaded, use of fork() may lead to deadlocks in the child.
[2026-09-05T19:18:17.713+0200] {standard_task_runner.py:72} INFO - Started process 30659 to run task
[2026-09-05T19:18:17.724+0200] {task_command.py:467} INFO - Running <TaskInstance: mini_riskagent_file_ingestion.wait_for_csv scheduled__2026-09-05T16:24:00+00:00 [running]> on host mac.home
[2026-09-05T19:18:17.739+0200] {taskinstance.py:3134} INFO - Exporting env vars: AIRFLOW_CTX_DAG_OWNER='autoquery' AIRFLOW_CTX_DAG_ID='mini_riskagent_file_ingestion' AIRFLOW_CTX_TASK_ID='wait_for_csv' AIRFLOW_CTX_EXECUTION_DATE='2026-09-05T16:24:00+00:00' AIRFLOW_CTX_TRY_NUMBER='1' AIRFLOW_CTX_DAG_RUN_ID='scheduled__2026-09-05T16:24:00+00:00'
[2026-09-05T19:18:17.740+0200] {logging_mixin.py:190} INFO - Task instance is in running state
[2026-09-05T19:18:17.740+0200] {logging_mixin.py:190} INFO -  Previous state of the Task instance: queued
[2026-09-05T19:18:17.740+0200] {logging_mixin.py:190} INFO - Current task name:wait_for_csv state:running start_date:2026-09-05 17:18:17.652455+00:00
[2026-09-05T19:18:17.740+0200] {logging_mixin.py:190} INFO - Dag name:mini_riskagent_file_ingestion and current dag run status:running
[2026-09-05T19:18:17.740+0200] {taskinstance.py:732} INFO - ::endgroup::
[2026-09-05T19:18:17.742+0200] {python.py:75} INFO - Poking callable: <function check_for_csv_files at 0x108248c20>
[2026-09-05T19:18:17.745+0200] {taskinstance.py:310} INFO - Rescheduling task, marking task as UP_FOR_RESCHEDULE
[2026-09-05T19:18:17.745+0200] {taskinstance.py:341} INFO - ::group::Post task execution logs
[2026-09-05T19:18:17.768+0200] {local_task_job_runner.py:266} INFO - Task exited with return code 0
[2026-09-05T19:18:17.773+0200] {taskinstance.py:3901} INFO - 0 downstream tasks scheduled from follow-on schedule check
[2026-09-05T19:18:17.773+0200] {local_task_job_runner.py:245} INFO - ::endgroup::
[2026-09-05T19:18:49.828+0200] {local_task_job_runner.py:123} INFO - ::group::Pre task execution logs
[2026-09-05T19:18:49.831+0200] {taskinstance.py:2614} INFO - Dependencies all met for dep_context=non-requeueable deps ti=<TaskInstance: mini_riskagent_file_ingestion.wait_for_csv scheduled__2026-09-05T16:24:00+00:00 [queued]>
[2026-09-05T19:18:49.832+0200] {taskinstance.py:2614} INFO - Dependencies all met for dep_context=requeueable deps ti=<TaskInstance: mini_riskagent_file_ingestion.wait_for_csv scheduled__2026-09-05T16:24:00+00:00 [queued]>
[2026-09-05T19:18:49.832+0200] {taskinstance.py:2867} INFO - Starting attempt 1 of 2
[2026-09-05T19:18:49.836+0200] {taskinstance.py:2890} INFO - Executing <Task(PythonSensor): wait_for_csv> on 2026-09-05 16:24:00+00:00
[2026-09-05T19:18:49.840+0200] {standard_task_runner.py:104} INFO - Running: ['airflow', 'tasks', 'run', 'mini_riskagent_file_ingestion', 'wait_for_csv', 'scheduled__2026-09-05T16:24:00+00:00', '--job-id', '1424', '--raw', '--subdir', 'DAGS_FOLDER/data_ingest_pipeline.py', '--cfg-path', '/var/folders/5p/201rr1sj03g8gksxm9x48mbh0000gn/T/tmpuj1j1abz']
[2026-09-05T19:18:49.841+0200] {standard_task_runner.py:105} INFO - Job 1424: Subtask wait_for_csv
[2026-09-05T19:18:49.891+0200] {logging_mixin.py:190} WARNING - /Users/swarnalidatta/Desktop/AutoQueryChatbot/.airflow-venv/lib/python3.12/site-packages/airflow/task/task_runner/standard_task_runner.py:70 DeprecationWarning: This process (pid=30767) is multi-threaded, use of fork() may lead to deadlocks in the child.
[2026-09-05T19:18:49.891+0200] {standard_task_runner.py:72} INFO - Started process 30769 to run task
[2026-09-05T19:18:49.902+0200] {task_command.py:467} INFO - Running <TaskInstance: mini_riskagent_file_ingestion.wait_for_csv scheduled__2026-09-05T16:24:00+00:00 [running]> on host mac.home
[2026-09-05T19:18:49.918+0200] {taskinstance.py:3134} INFO - Exporting env vars: AIRFLOW_CTX_DAG_OWNER='autoquery' AIRFLOW_CTX_DAG_ID='mini_riskagent_file_ingestion' AIRFLOW_CTX_TASK_ID='wait_for_csv' AIRFLOW_CTX_EXECUTION_DATE='2026-09-05T16:24:00+00:00' AIRFLOW_CTX_TRY_NUMBER='1' AIRFLOW_CTX_DAG_RUN_ID='scheduled__2026-09-05T16:24:00+00:00'
[2026-09-05T19:18:49.919+0200] {logging_mixin.py:190} INFO - Task instance is in running state
[2026-09-05T19:18:49.919+0200] {logging_mixin.py:190} INFO -  Previous state of the Task instance: queued
[2026-09-05T19:18:49.919+0200] {logging_mixin.py:190} INFO - Current task name:wait_for_csv state:running start_date:2026-09-05 17:18:49.831562+00:00
[2026-09-05T19:18:49.919+0200] {logging_mixin.py:190} INFO - Dag name:mini_riskagent_file_ingestion and current dag run status:running
[2026-09-05T19:18:49.919+0200] {taskinstance.py:732} INFO - ::endgroup::
[2026-09-05T19:18:49.921+0200] {python.py:75} INFO - Poking callable: <function check_for_csv_files at 0x10cb10c20>
[2026-09-05T19:18:49.924+0200] {taskinstance.py:310} INFO - Rescheduling task, marking task as UP_FOR_RESCHEDULE
[2026-09-05T19:18:49.924+0200] {taskinstance.py:341} INFO - ::group::Post task execution logs
[2026-09-05T19:18:49.946+0200] {local_task_job_runner.py:266} INFO - Task exited with return code 0
[2026-09-05T19:18:49.951+0200] {taskinstance.py:3901} INFO - 0 downstream tasks scheduled from follow-on schedule check
[2026-09-05T19:18:49.951+0200] {local_task_job_runner.py:245} INFO - ::endgroup::
[2026-09-05T19:19:21.835+0200] {local_task_job_runner.py:123} INFO - ::group::Pre task execution logs
[2026-09-05T19:19:21.837+0200] {taskinstance.py:2614} INFO - Dependencies all met for dep_context=non-requeueable deps ti=<TaskInstance: mini_riskagent_file_ingestion.wait_for_csv scheduled__2026-09-05T16:24:00+00:00 [queued]>
[2026-09-05T19:19:21.839+0200] {taskinstance.py:2614} INFO - Dependencies all met for dep_context=requeueable deps ti=<TaskInstance: mini_riskagent_file_ingestion.wait_for_csv scheduled__2026-09-05T16:24:00+00:00 [queued]>
[2026-09-05T19:19:21.839+0200] {taskinstance.py:2867} INFO - Starting attempt 1 of 2
[2026-09-05T19:19:21.843+0200] {taskinstance.py:2890} INFO - Executing <Task(PythonSensor): wait_for_csv> on 2026-09-05 16:24:00+00:00
[2026-09-05T19:19:21.847+0200] {standard_task_runner.py:104} INFO - Running: ['airflow', 'tasks', 'run', 'mini_riskagent_file_ingestion', 'wait_for_csv', 'scheduled__2026-09-05T16:24:00+00:00', '--job-id', '1441', '--raw', '--subdir', 'DAGS_FOLDER/data_ingest_pipeline.py', '--cfg-path', '/var/folders/5p/201rr1sj03g8gksxm9x48mbh0000gn/T/tmp4evc2gg8']
[2026-09-05T19:19:21.848+0200] {standard_task_runner.py:105} INFO - Job 1441: Subtask wait_for_csv
[2026-09-05T19:19:21.899+0200] {logging_mixin.py:190} WARNING - /Users/swarnalidatta/Desktop/AutoQueryChatbot/.airflow-venv/lib/python3.12/site-packages/airflow/task/task_runner/standard_task_runner.py:70 DeprecationWarning: This process (pid=30881) is multi-threaded, use of fork() may lead to deadlocks in the child.
[2026-09-05T19:19:21.899+0200] {standard_task_runner.py:72} INFO - Started process 30887 to run task
[2026-09-05T19:19:21.909+0200] {task_command.py:467} INFO - Running <TaskInstance: mini_riskagent_file_ingestion.wait_for_csv scheduled__2026-09-05T16:24:00+00:00 [running]> on host mac.home
[2026-09-05T19:19:21.924+0200] {taskinstance.py:3134} INFO - Exporting env vars: AIRFLOW_CTX_DAG_OWNER='autoquery' AIRFLOW_CTX_DAG_ID='mini_riskagent_file_ingestion' AIRFLOW_CTX_TASK_ID='wait_for_csv' AIRFLOW_CTX_EXECUTION_DATE='2026-09-05T16:24:00+00:00' AIRFLOW_CTX_TRY_NUMBER='1' AIRFLOW_CTX_DAG_RUN_ID='scheduled__2026-09-05T16:24:00+00:00'
[2026-09-05T19:19:21.924+0200] {logging_mixin.py:190} INFO - Task instance is in running state
[2026-09-05T19:19:21.925+0200] {logging_mixin.py:190} INFO -  Previous state of the Task instance: queued
[2026-09-05T19:19:21.925+0200] {logging_mixin.py:190} INFO - Current task name:wait_for_csv state:running start_date:2026-09-05 17:19:21.838034+00:00
[2026-09-05T19:19:21.925+0200] {logging_mixin.py:190} INFO - Dag name:mini_riskagent_file_ingestion and current dag run status:running
[2026-09-05T19:19:21.925+0200] {taskinstance.py:732} INFO - ::endgroup::
[2026-09-05T19:19:21.926+0200] {python.py:75} INFO - Poking callable: <function check_for_csv_files at 0x108fd0c20>
[2026-09-05T19:19:21.930+0200] {taskinstance.py:310} INFO - Rescheduling task, marking task as UP_FOR_RESCHEDULE
[2026-09-05T19:19:21.930+0200] {taskinstance.py:341} INFO - ::group::Post task execution logs
[2026-09-05T19:19:21.954+0200] {local_task_job_runner.py:266} INFO - Task exited with return code 0
[2026-09-05T19:19:21.959+0200] {taskinstance.py:3901} INFO - 0 downstream tasks scheduled from follow-on schedule check
[2026-09-05T19:19:21.960+0200] {local_task_job_runner.py:245} INFO - ::endgroup::
[2026-09-05T19:19:53.193+0200] {local_task_job_runner.py:123} INFO - ::group::Pre task execution logs
[2026-09-05T19:19:53.196+0200] {taskinstance.py:2614} INFO - Dependencies all met for dep_context=non-requeueable deps ti=<TaskInstance: mini_riskagent_file_ingestion.wait_for_csv scheduled__2026-09-05T16:24:00+00:00 [queued]>
[2026-09-05T19:19:53.198+0200] {taskinstance.py:2614} INFO - Dependencies all met for dep_context=requeueable deps ti=<TaskInstance: mini_riskagent_file_ingestion.wait_for_csv scheduled__2026-09-05T16:24:00+00:00 [queued]>
[2026-09-05T19:19:53.198+0200] {taskinstance.py:2867} INFO - Starting attempt 1 of 2
[2026-09-05T19:19:53.201+0200] {taskinstance.py:2890} INFO - Executing <Task(PythonSensor): wait_for_csv> on 2026-09-05 16:24:00+00:00
[2026-09-05T19:19:53.205+0200] {standard_task_runner.py:104} INFO - Running: ['airflow', 'tasks', 'run', 'mini_riskagent_file_ingestion', 'wait_for_csv', 'scheduled__2026-09-05T16:24:00+00:00', '--job-id', '1455', '--raw', '--subdir', 'DAGS_FOLDER/data_ingest_pipeline.py', '--cfg-path', '/var/folders/5p/201rr1sj03g8gksxm9x48mbh0000gn/T/tmpkppebw8o']
[2026-09-05T19:19:53.206+0200] {standard_task_runner.py:105} INFO - Job 1455: Subtask wait_for_csv
[2026-09-05T19:19:53.255+0200] {logging_mixin.py:190} WARNING - /Users/swarnalidatta/Desktop/AutoQueryChatbot/.airflow-venv/lib/python3.12/site-packages/airflow/task/task_runner/standard_task_runner.py:70 DeprecationWarning: This process (pid=30990) is multi-threaded, use of fork() may lead to deadlocks in the child.
[2026-09-05T19:19:53.256+0200] {standard_task_runner.py:72} INFO - Started process 30992 to run task
[2026-09-05T19:19:53.268+0200] {task_command.py:467} INFO - Running <TaskInstance: mini_riskagent_file_ingestion.wait_for_csv scheduled__2026-09-05T16:24:00+00:00 [running]> on host mac.home
[2026-09-05T19:19:53.284+0200] {taskinstance.py:3134} INFO - Exporting env vars: AIRFLOW_CTX_DAG_OWNER='autoquery' AIRFLOW_CTX_DAG_ID='mini_riskagent_file_ingestion' AIRFLOW_CTX_TASK_ID='wait_for_csv' AIRFLOW_CTX_EXECUTION_DATE='2026-09-05T16:24:00+00:00' AIRFLOW_CTX_TRY_NUMBER='1' AIRFLOW_CTX_DAG_RUN_ID='scheduled__2026-09-05T16:24:00+00:00'
[2026-09-05T19:19:53.285+0200] {logging_mixin.py:190} INFO - Task instance is in running state
[2026-09-05T19:19:53.285+0200] {logging_mixin.py:190} INFO -  Previous state of the Task instance: queued
[2026-09-05T19:19:53.285+0200] {logging_mixin.py:190} INFO - Current task name:wait_for_csv state:running start_date:2026-09-05 17:19:53.196699+00:00
[2026-09-05T19:19:53.285+0200] {logging_mixin.py:190} INFO - Dag name:mini_riskagent_file_ingestion and current dag run status:running
[2026-09-05T19:19:53.285+0200] {taskinstance.py:732} INFO - ::endgroup::
[2026-09-05T19:19:53.287+0200] {python.py:75} INFO - Poking callable: <function check_for_csv_files at 0x10abc0c20>
[2026-09-05T19:19:53.290+0200] {taskinstance.py:310} INFO - Rescheduling task, marking task as UP_FOR_RESCHEDULE
[2026-09-05T19:19:53.290+0200] {taskinstance.py:341} INFO - ::group::Post task execution logs
[2026-09-05T19:19:53.311+0200] {local_task_job_runner.py:266} INFO - Task exited with return code 0
[2026-09-05T19:19:53.316+0200] {taskinstance.py:3901} INFO - 0 downstream tasks scheduled from follow-on schedule check
[2026-09-05T19:19:53.316+0200] {local_task_job_runner.py:245} INFO - ::endgroup::
[2026-09-05T19:20:25.214+0200] {local_task_job_runner.py:123} INFO - ::group::Pre task execution logs
[2026-09-05T19:20:25.217+0200] {taskinstance.py:2614} INFO - Dependencies all met for dep_context=non-requeueable deps ti=<TaskInstance: mini_riskagent_file_ingestion.wait_for_csv scheduled__2026-09-05T16:24:00+00:00 [queued]>
[2026-09-05T19:20:25.218+0200] {taskinstance.py:2614} INFO - Dependencies all met for dep_context=requeueable deps ti=<TaskInstance: mini_riskagent_file_ingestion.wait_for_csv scheduled__2026-09-05T16:24:00+00:00 [queued]>
[2026-09-05T19:20:25.218+0200] {taskinstance.py:2867} INFO - Starting attempt 1 of 2
[2026-09-05T19:20:25.222+0200] {taskinstance.py:2890} INFO - Executing <Task(PythonSensor): wait_for_csv> on 2026-09-05 16:24:00+00:00
[2026-09-05T19:20:25.227+0200] {standard_task_runner.py:104} INFO - Running: ['airflow', 'tasks', 'run', 'mini_riskagent_file_ingestion', 'wait_for_csv', 'scheduled__2026-09-05T16:24:00+00:00', '--job-id', '1470', '--raw', '--subdir', 'DAGS_FOLDER/data_ingest_pipeline.py', '--cfg-path', '/var/folders/5p/201rr1sj03g8gksxm9x48mbh0000gn/T/tmprixhtsof']
[2026-09-05T19:20:25.228+0200] {standard_task_runner.py:105} INFO - Job 1470: Subtask wait_for_csv
[2026-09-05T19:20:25.279+0200] {logging_mixin.py:190} WARNING - /Users/swarnalidatta/Desktop/AutoQueryChatbot/.airflow-venv/lib/python3.12/site-packages/airflow/task/task_runner/standard_task_runner.py:70 DeprecationWarning: This process (pid=31093) is multi-threaded, use of fork() may lead to deadlocks in the child.
[2026-09-05T19:20:25.279+0200] {standard_task_runner.py:72} INFO - Started process 31095 to run task
[2026-09-05T19:20:25.290+0200] {task_command.py:467} INFO - Running <TaskInstance: mini_riskagent_file_ingestion.wait_for_csv scheduled__2026-09-05T16:24:00+00:00 [running]> on host mac.home
[2026-09-05T19:20:25.306+0200] {taskinstance.py:3134} INFO - Exporting env vars: AIRFLOW_CTX_DAG_OWNER='autoquery' AIRFLOW_CTX_DAG_ID='mini_riskagent_file_ingestion' AIRFLOW_CTX_TASK_ID='wait_for_csv' AIRFLOW_CTX_EXECUTION_DATE='2026-09-05T16:24:00+00:00' AIRFLOW_CTX_TRY_NUMBER='1' AIRFLOW_CTX_DAG_RUN_ID='scheduled__2026-09-05T16:24:00+00:00'
[2026-09-05T19:20:25.306+0200] {logging_mixin.py:190} INFO - Task instance is in running state
[2026-09-05T19:20:25.306+0200] {logging_mixin.py:190} INFO -  Previous state of the Task instance: queued
[2026-09-05T19:20:25.306+0200] {logging_mixin.py:190} INFO - Current task name:wait_for_csv state:running start_date:2026-09-05 17:20:25.217273+00:00
[2026-09-05T19:20:25.307+0200] {logging_mixin.py:190} INFO - Dag name:mini_riskagent_file_ingestion and current dag run status:running
[2026-09-05T19:20:25.307+0200] {taskinstance.py:732} INFO - ::endgroup::
[2026-09-05T19:20:25.308+0200] {python.py:75} INFO - Poking callable: <function check_for_csv_files at 0x10a11cc20>
[2026-09-05T19:20:25.311+0200] {taskinstance.py:310} INFO - Rescheduling task, marking task as UP_FOR_RESCHEDULE
[2026-09-05T19:20:25.311+0200] {taskinstance.py:341} INFO - ::group::Post task execution logs
[2026-09-05T19:20:25.334+0200] {local_task_job_runner.py:266} INFO - Task exited with return code 0
[2026-09-05T19:20:25.339+0200] {taskinstance.py:3901} INFO - 0 downstream tasks scheduled from follow-on schedule check
[2026-09-05T19:20:25.339+0200] {local_task_job_runner.py:245} INFO - ::endgroup::
[2026-09-05T19:27:50.121+0200] {local_task_job_runner.py:123} INFO - ::group::Pre task execution logs
[2026-09-05T19:27:50.124+0200] {taskinstance.py:2614} INFO - Dependencies all met for dep_context=non-requeueable deps ti=<TaskInstance: mini_riskagent_file_ingestion.wait_for_csv scheduled__2026-09-05T16:24:00+00:00 [queued]>
[2026-09-05T19:27:50.125+0200] {taskinstance.py:2614} INFO - Dependencies all met for dep_context=requeueable deps ti=<TaskInstance: mini_riskagent_file_ingestion.wait_for_csv scheduled__2026-09-05T16:24:00+00:00 [queued]>
[2026-09-05T19:27:50.125+0200] {taskinstance.py:2867} INFO - Starting attempt 1 of 2
[2026-09-05T19:27:50.129+0200] {taskinstance.py:2890} INFO - Executing <Task(PythonSensor): wait_for_csv> on 2026-09-05 16:24:00+00:00
[2026-09-05T19:27:50.133+0200] {standard_task_runner.py:104} INFO - Running: ['airflow', 'tasks', 'run', 'mini_riskagent_file_ingestion', 'wait_for_csv', 'scheduled__2026-09-05T16:24:00+00:00', '--job-id', '1483', '--raw', '--subdir', 'DAGS_FOLDER/data_ingest_pipeline.py', '--cfg-path', '/var/folders/5p/201rr1sj03g8gksxm9x48mbh0000gn/T/tmphnan28xi']
[2026-09-05T19:27:50.134+0200] {standard_task_runner.py:105} INFO - Job 1483: Subtask wait_for_csv
[2026-09-05T19:27:50.181+0200] {logging_mixin.py:190} WARNING - /Users/swarnalidatta/Desktop/AutoQueryChatbot/.airflow-venv/lib/python3.12/site-packages/airflow/task/task_runner/standard_task_runner.py:70 DeprecationWarning: This process (pid=31179) is multi-threaded, use of fork() may lead to deadlocks in the child.
[2026-09-05T19:27:50.181+0200] {standard_task_runner.py:72} INFO - Started process 31181 to run task
[2026-09-05T19:27:50.193+0200] {task_command.py:467} INFO - Running <TaskInstance: mini_riskagent_file_ingestion.wait_for_csv scheduled__2026-09-05T16:24:00+00:00 [running]> on host mac.home
[2026-09-05T19:27:50.208+0200] {taskinstance.py:3134} INFO - Exporting env vars: AIRFLOW_CTX_DAG_OWNER='autoquery' AIRFLOW_CTX_DAG_ID='mini_riskagent_file_ingestion' AIRFLOW_CTX_TASK_ID='wait_for_csv' AIRFLOW_CTX_EXECUTION_DATE='2026-09-05T16:24:00+00:00' AIRFLOW_CTX_TRY_NUMBER='1' AIRFLOW_CTX_DAG_RUN_ID='scheduled__2026-09-05T16:24:00+00:00'
[2026-09-05T19:27:50.208+0200] {logging_mixin.py:190} INFO - Task instance is in running state
[2026-09-05T19:27:50.208+0200] {logging_mixin.py:190} INFO -  Previous state of the Task instance: queued
[2026-09-05T19:27:50.209+0200] {logging_mixin.py:190} INFO - Current task name:wait_for_csv state:running start_date:2026-09-05 17:27:50.124411+00:00
[2026-09-05T19:27:50.209+0200] {logging_mixin.py:190} INFO - Dag name:mini_riskagent_file_ingestion and current dag run status:running
[2026-09-05T19:27:50.209+0200] {taskinstance.py:732} INFO - ::endgroup::
[2026-09-05T19:27:50.210+0200] {python.py:75} INFO - Poking callable: <function check_for_csv_files at 0x10d1d0c20>
[2026-09-05T19:27:50.210+0200] {taskinstance.py:3313} ERROR - Task failed with exception
Traceback (most recent call last):
  File "/Users/swarnalidatta/Desktop/AutoQueryChatbot/.airflow-venv/lib/python3.12/site-packages/airflow/models/taskinstance.py", line 768, in _execute_task
    result = _execute_callable(context=context, **execute_callable_kwargs)
             ^^^^^^^^^^^^^^^^^^^^^^^^^^^^^^^^^^^^^^^^^^^^^^^^^^^^^^^^^^^^^
  File "/Users/swarnalidatta/Desktop/AutoQueryChatbot/.airflow-venv/lib/python3.12/site-packages/airflow/models/taskinstance.py", line 734, in _execute_callable
    return ExecutionCallableRunner(
           ^^^^^^^^^^^^^^^^^^^^^^^^
  File "/Users/swarnalidatta/Desktop/AutoQueryChatbot/.airflow-venv/lib/python3.12/site-packages/airflow/utils/operator_helpers.py", line 252, in run
    return self.func(*args, **kwargs)
           ^^^^^^^^^^^^^^^^^^^^^^^^^^
  File "/Users/swarnalidatta/Desktop/AutoQueryChatbot/.airflow-venv/lib/python3.12/site-packages/airflow/models/baseoperator.py", line 424, in wrapper
    return func(self, *args, **kwargs)
           ^^^^^^^^^^^^^^^^^^^^^^^^^^^
  File "/Users/swarnalidatta/Desktop/AutoQueryChatbot/.airflow-venv/lib/python3.12/site-packages/airflow/sensors/base.py", line 326, in execute
    raise AirflowSensorTimeout(message)
airflow.exceptions.AirflowSensorTimeout: Sensor has timed out; run duration of 3766.679431 seconds exceeds the specified timeout of 3600.0.
[2026-09-05T19:27:50.212+0200] {logging_mixin.py:190} INFO - Task instance in failure state
[2026-09-05T19:27:50.212+0200] {logging_mixin.py:190} INFO - Task start:2026-09-05 17:27:50.124411+00:00 end:2026-09-05 17:27:50.212215+00:00 duration:0.087804
[2026-09-05T19:27:50.212+0200] {logging_mixin.py:190} INFO - Task:<Task(PythonSensor): wait_for_csv> dag:<DAG: mini_riskagent_file_ingestion> dagrun:<DagRun mini_riskagent_file_ingestion @ 2026-09-05 16:24:00+00:00: scheduled__2026-09-05T16:24:00+00:00, state:running, queued_at: 2026-09-05 16:25:01.491666+00:00. externally triggered: False>
[2026-09-05T19:27:50.212+0200] {logging_mixin.py:190} INFO - Failure caused by Sensor has timed out; run duration of 3766.679431 seconds exceeds the specified timeout of 3600.0.
[2026-09-05T19:27:50.213+0200] {taskinstance.py:1226} INFO - Immediate failure requested. Marking task as FAILED. dag_id=mini_riskagent_file_ingestion, task_id=wait_for_csv, run_id=scheduled__2026-09-05T16:24:00+00:00, execution_date=20260905T162400, start_date=20260905T172750, end_date=20260905T172750
[2026-09-05T19:27:50.217+0200] {taskinstance.py:341} INFO - ::group::Post task execution logs
[2026-09-05T19:27:50.217+0200] {standard_task_runner.py:124} ERROR - Failed to execute job 1483 for task wait_for_csv (Sensor has timed out; run duration of 3766.679431 seconds exceeds the specified timeout of 3600.0.; 31181)
Traceback (most recent call last):
  File "/Users/swarnalidatta/Desktop/AutoQueryChatbot/.airflow-venv/lib/python3.12/site-packages/airflow/task/task_runner/standard_task_runner.py", line 117, in _start_by_fork
    ret = args.func(args, dag=self.dag)
          ^^^^^^^^^^^^^^^^^^^^^^^^^^^^^
  File "/Users/swarnalidatta/Desktop/AutoQueryChatbot/.airflow-venv/lib/python3.12/site-packages/airflow/cli/cli_config.py", line 49, in command
    return func(*args, **kwargs)
           ^^^^^^^^^^^^^^^^^^^^^
  File "/Users/swarnalidatta/Desktop/AutoQueryChatbot/.airflow-venv/lib/python3.12/site-packages/airflow/utils/cli.py", line 116, in wrapper
    return f(*args, **kwargs)
           ^^^^^^^^^^^^^^^^^^
  File "/Users/swarnalidatta/Desktop/AutoQueryChatbot/.airflow-venv/lib/python3.12/site-packages/airflow/cli/commands/task_command.py", line 483, in task_run
    task_return_code = _run_task_by_selected_method(args, _dag, ti)
                       ^^^^^^^^^^^^^^^^^^^^^^^^^^^^^^^^^^^^^^^^^^^^
  File "/Users/swarnalidatta/Desktop/AutoQueryChatbot/.airflow-venv/lib/python3.12/site-packages/airflow/cli/commands/task_command.py", line 256, in _run_task_by_selected_method
    return _run_raw_task(args, ti)
           ^^^^^^^^^^^^^^^^^^^^^^^
  File "/Users/swarnalidatta/Desktop/AutoQueryChatbot/.airflow-venv/lib/python3.12/site-packages/airflow/cli/commands/task_command.py", line 341, in _run_raw_task
    return ti._run_raw_task(
           ^^^^^^^^^^^^^^^^^
  File "/Users/swarnalidatta/Desktop/AutoQueryChatbot/.airflow-venv/lib/python3.12/site-packages/airflow/utils/session.py", line 97, in wrapper
    return func(*args, session=session, **kwargs)
           ^^^^^^^^^^^^^^^^^^^^^^^^^^^^^^^^^^^^^^
  File "/Users/swarnalidatta/Desktop/AutoQueryChatbot/.airflow-venv/lib/python3.12/site-packages/airflow/models/taskinstance.py", line 3006, in _run_raw_task
    return _run_raw_task(
           ^^^^^^^^^^^^^^
  File "/Users/swarnalidatta/Desktop/AutoQueryChatbot/.airflow-venv/lib/python3.12/site-packages/airflow/models/taskinstance.py", line 274, in _run_raw_task
    TaskInstance._execute_task_with_callbacks(
  File "/Users/swarnalidatta/Desktop/AutoQueryChatbot/.airflow-venv/lib/python3.12/site-packages/airflow/models/taskinstance.py", line 3161, in _execute_task_with_callbacks
    result = self._execute_task(context, task_orig)
             ^^^^^^^^^^^^^^^^^^^^^^^^^^^^^^^^^^^^^^
  File "/Users/swarnalidatta/Desktop/AutoQueryChatbot/.airflow-venv/lib/python3.12/site-packages/airflow/models/taskinstance.py", line 3185, in _execute_task
    return _execute_task(self, context, task_orig)
           ^^^^^^^^^^^^^^^^^^^^^^^^^^^^^^^^^^^^^^^
  File "/Users/swarnalidatta/Desktop/AutoQueryChatbot/.airflow-venv/lib/python3.12/site-packages/airflow/models/taskinstance.py", line 768, in _execute_task
    result = _execute_callable(context=context, **execute_callable_kwargs)
             ^^^^^^^^^^^^^^^^^^^^^^^^^^^^^^^^^^^^^^^^^^^^^^^^^^^^^^^^^^^^^
  File "/Users/swarnalidatta/Desktop/AutoQueryChatbot/.airflow-venv/lib/python3.12/site-packages/airflow/models/taskinstance.py", line 734, in _execute_callable
    return ExecutionCallableRunner(
           ^^^^^^^^^^^^^^^^^^^^^^^^
  File "/Users/swarnalidatta/Desktop/AutoQueryChatbot/.airflow-venv/lib/python3.12/site-packages/airflow/utils/operator_helpers.py", line 252, in run
    return self.func(*args, **kwargs)
           ^^^^^^^^^^^^^^^^^^^^^^^^^^
  File "/Users/swarnalidatta/Desktop/AutoQueryChatbot/.airflow-venv/lib/python3.12/site-packages/airflow/models/baseoperator.py", line 424, in wrapper
    return func(self, *args, **kwargs)
           ^^^^^^^^^^^^^^^^^^^^^^^^^^^
  File "/Users/swarnalidatta/Desktop/AutoQueryChatbot/.airflow-venv/lib/python3.12/site-packages/airflow/sensors/base.py", line 326, in execute
    raise AirflowSensorTimeout(message)
airflow.exceptions.AirflowSensorTimeout: Sensor has timed out; run duration of 3766.679431 seconds exceeds the specified timeout of 3600.0.
[2026-09-05T19:27:50.240+0200] {local_task_job_runner.py:266} INFO - Task exited with return code 1
[2026-09-05T19:27:50.245+0200] {taskinstance.py:3901} INFO - 0 downstream tasks scheduled from follow-on schedule check
[2026-09-05T19:27:50.246+0200] {local_task_job_runner.py:245} INFO - ::endgroup::
