[2026-09-05T18:19:09.287+0200] {local_task_job_runner.py:123} INFO - ::group::Pre task execution logs
[2026-09-05T18:19:09.290+0200] {taskinstance.py:2614} INFO - Dependencies all met for dep_context=non-requeueable deps ti=<TaskInstance: mini_riskagent_file_ingestion.wait_for_csv scheduled__2026-09-05T16:18:00+00:00 [queued]>
[2026-09-05T18:19:09.291+0200] {taskinstance.py:2614} INFO - Dependencies all met for dep_context=requeueable deps ti=<TaskInstance: mini_riskagent_file_ingestion.wait_for_csv scheduled__2026-09-05T16:18:00+00:00 [queued]>
[2026-09-05T18:19:09.291+0200] {taskinstance.py:2867} INFO - Starting attempt 1 of 2
[2026-09-05T18:19:09.295+0200] {taskinstance.py:2890} INFO - Executing <Task(PythonSensor): wait_for_csv> on 2026-09-05 16:18:00+00:00
[2026-09-05T18:19:09.299+0200] {standard_task_runner.py:104} INFO - Running: ['airflow', 'tasks', 'run', 'mini_riskagent_file_ingestion', 'wait_for_csv', 'scheduled__2026-09-05T16:18:00+00:00', '--job-id', '516', '--raw', '--subdir', 'DAGS_FOLDER/data_ingest_pipeline.py', '--cfg-path', '/var/folders/5p/201rr1sj03g8gksxm9x48mbh0000gn/T/tmpqoc30tsw']
[2026-09-05T18:19:09.300+0200] {standard_task_runner.py:105} INFO - Job 516: Subtask wait_for_csv
[2026-09-05T18:19:09.348+0200] {logging_mixin.py:190} WARNING - /Users/swarnalidatta/Desktop/AutoQueryChatbot/.airflow-venv/lib/python3.12/site-packages/airflow/task/task_runner/standard_task_runner.py:70 DeprecationWarning: This process (pid=22910) is multi-threaded, use of fork() may lead to deadlocks in the child.
[2026-09-05T18:19:09.349+0200] {standard_task_runner.py:72} INFO - Started process 22912 to run task
[2026-09-05T18:19:09.359+0200] {task_command.py:467} INFO - Running <TaskInstance: mini_riskagent_file_ingestion.wait_for_csv scheduled__2026-09-05T16:18:00+00:00 [running]> on host mac.home
[2026-09-05T18:19:09.374+0200] {taskinstance.py:3134} INFO - Exporting env vars: AIRFLOW_CTX_DAG_OWNER='autoquery' AIRFLOW_CTX_DAG_ID='mini_riskagent_file_ingestion' AIRFLOW_CTX_TASK_ID='wait_for_csv' AIRFLOW_CTX_EXECUTION_DATE='2026-09-05T16:18:00+00:00' AIRFLOW_CTX_TRY_NUMBER='1' AIRFLOW_CTX_DAG_RUN_ID='scheduled__2026-09-05T16:18:00+00:00'
[2026-09-05T18:19:09.375+0200] {logging_mixin.py:190} INFO - Task instance is in running state
[2026-09-05T18:19:09.375+0200] {logging_mixin.py:190} INFO -  Previous state of the Task instance: queued
[2026-09-05T18:19:09.375+0200] {logging_mixin.py:190} INFO - Current task name:wait_for_csv state:running start_date:2026-09-05 16:19:09.290477+00:00
[2026-09-05T18:19:09.375+0200] {logging_mixin.py:190} INFO - Dag name:mini_riskagent_file_ingestion and current dag run status:running
[2026-09-05T18:19:09.375+0200] {taskinstance.py:732} INFO - ::endgroup::
[2026-09-05T18:19:09.377+0200] {python.py:75} INFO - Poking callable: <function check_for_csv_files at 0x10aa84c20>
[2026-09-05T18:19:09.380+0200] {taskinstance.py:310} INFO - Rescheduling task, marking task as UP_FOR_RESCHEDULE
[2026-09-05T18:19:09.380+0200] {taskinstance.py:341} INFO - ::group::Post task execution logs
[2026-09-05T18:19:09.404+0200] {local_task_job_runner.py:266} INFO - Task exited with return code 0
[2026-09-05T18:19:09.409+0200] {taskinstance.py:3901} INFO - 0 downstream tasks scheduled from follow-on schedule check
[2026-09-05T18:19:09.409+0200] {local_task_job_runner.py:245} INFO - ::endgroup::
[2026-09-05T18:19:42.341+0200] {local_task_job_runner.py:123} INFO - ::group::Pre task execution logs
[2026-09-05T18:19:42.343+0200] {taskinstance.py:2614} INFO - Dependencies all met for dep_context=non-requeueable deps ti=<TaskInstance: mini_riskagent_file_ingestion.wait_for_csv scheduled__2026-09-05T16:18:00+00:00 [queued]>
[2026-09-05T18:19:42.344+0200] {taskinstance.py:2614} INFO - Dependencies all met for dep_context=requeueable deps ti=<TaskInstance: mini_riskagent_file_ingestion.wait_for_csv scheduled__2026-09-05T16:18:00+00:00 [queued]>
[2026-09-05T18:19:42.344+0200] {taskinstance.py:2867} INFO - Starting attempt 1 of 2
[2026-09-05T18:19:42.348+0200] {taskinstance.py:2890} INFO - Executing <Task(PythonSensor): wait_for_csv> on 2026-09-05 16:18:00+00:00
[2026-09-05T18:19:42.352+0200] {standard_task_runner.py:104} INFO - Running: ['airflow', 'tasks', 'run', 'mini_riskagent_file_ingestion', 'wait_for_csv', 'scheduled__2026-09-05T16:18:00+00:00', '--job-id', '522', '--raw', '--subdir', 'DAGS_FOLDER/data_ingest_pipeline.py', '--cfg-path', '/var/folders/5p/201rr1sj03g8gksxm9x48mbh0000gn/T/tmp8dnq9xlj']
[2026-09-05T18:19:42.353+0200] {standard_task_runner.py:105} INFO - Job 522: Subtask wait_for_csv
[2026-09-05T18:19:42.400+0200] {logging_mixin.py:190} WARNING - /Users/swarnalidatta/Desktop/AutoQueryChatbot/.airflow-venv/lib/python3.12/site-packages/airflow/task/task_runner/standard_task_runner.py:70 DeprecationWarning: This process (pid=23000) is multi-threaded, use of fork() may lead to deadlocks in the child.
[2026-09-05T18:19:42.401+0200] {standard_task_runner.py:72} INFO - Started process 23002 to run task
[2026-09-05T18:19:42.411+0200] {task_command.py:467} INFO - Running <TaskInstance: mini_riskagent_file_ingestion.wait_for_csv scheduled__2026-09-05T16:18:00+00:00 [running]> on host mac.home
[2026-09-05T18:19:42.426+0200] {taskinstance.py:3134} INFO - Exporting env vars: AIRFLOW_CTX_DAG_OWNER='autoquery' AIRFLOW_CTX_DAG_ID='mini_riskagent_file_ingestion' AIRFLOW_CTX_TASK_ID='wait_for_csv' AIRFLOW_CTX_EXECUTION_DATE='2026-09-05T16:18:00+00:00' AIRFLOW_CTX_TRY_NUMBER='1' AIRFLOW_CTX_DAG_RUN_ID='scheduled__2026-09-05T16:18:00+00:00'
[2026-09-05T18:19:42.426+0200] {logging_mixin.py:190} INFO - Task instance is in running state
[2026-09-05T18:19:42.427+0200] {logging_mixin.py:190} INFO -  Previous state of the Task instance: queued
[2026-09-05T18:19:42.427+0200] {logging_mixin.py:190} INFO - Current task name:wait_for_csv state:running start_date:2026-09-05 16:19:42.343639+00:00
[2026-09-05T18:19:42.427+0200] {logging_mixin.py:190} INFO - Dag name:mini_riskagent_file_ingestion and current dag run status:running
[2026-09-05T18:19:42.427+0200] {taskinstance.py:732} INFO - ::endgroup::
[2026-09-05T18:19:42.428+0200] {python.py:75} INFO - Poking callable: <function check_for_csv_files at 0x10c164c20>
[2026-09-05T18:19:42.431+0200] {taskinstance.py:310} INFO - Rescheduling task, marking task as UP_FOR_RESCHEDULE
[2026-09-05T18:19:42.432+0200] {taskinstance.py:341} INFO - ::group::Post task execution logs
[2026-09-05T18:19:42.456+0200] {local_task_job_runner.py:266} INFO - Task exited with return code 0
[2026-09-05T18:19:42.461+0200] {taskinstance.py:3901} INFO - 0 downstream tasks scheduled from follow-on schedule check
[2026-09-05T18:19:42.461+0200] {local_task_job_runner.py:245} INFO - ::endgroup::
[2026-09-05T18:20:14.694+0200] {local_task_job_runner.py:123} INFO - ::group::Pre task execution logs
[2026-09-05T18:20:14.697+0200] {taskinstance.py:2614} INFO - Dependencies all met for dep_context=non-requeueable deps ti=<TaskInstance: mini_riskagent_file_ingestion.wait_for_csv scheduled__2026-09-05T16:18:00+00:00 [queued]>
[2026-09-05T18:20:14.698+0200] {taskinstance.py:2614} INFO - Dependencies all met for dep_context=requeueable deps ti=<TaskInstance: mini_riskagent_file_ingestion.wait_for_csv scheduled__2026-09-05T16:18:00+00:00 [queued]>
[2026-09-05T18:20:14.698+0200] {taskinstance.py:2867} INFO - Starting attempt 1 of 2
[2026-09-05T18:20:14.702+0200] {taskinstance.py:2890} INFO - Executing <Task(PythonSensor): wait_for_csv> on 2026-09-05 16:18:00+00:00
[2026-09-05T18:20:14.706+0200] {standard_task_runner.py:104} INFO - Running: ['airflow', 'tasks', 'run', 'mini_riskagent_file_ingestion', 'wait_for_csv', 'scheduled__2026-09-05T16:18:00+00:00', '--job-id', '529', '--raw', '--subdir', 'DAGS_FOLDER/data_ingest_pipeline.py', '--cfg-path', '/var/folders/5p/201rr1sj03g8gksxm9x48mbh0000gn/T/tmp8uwwza6l']
[2026-09-05T18:20:14.707+0200] {standard_task_runner.py:105} INFO - Job 529: Subtask wait_for_csv
[2026-09-05T18:20:14.756+0200] {logging_mixin.py:190} WARNING - /Users/swarnalidatta/Desktop/AutoQueryChatbot/.airflow-venv/lib/python3.12/site-packages/airflow/task/task_runner/standard_task_runner.py:70 DeprecationWarning: This process (pid=23084) is multi-threaded, use of fork() may lead to deadlocks in the child.
[2026-09-05T18:20:14.756+0200] {standard_task_runner.py:72} INFO - Started process 23086 to run task
[2026-09-05T18:20:14.767+0200] {task_command.py:467} INFO - Running <TaskInstance: mini_riskagent_file_ingestion.wait_for_csv scheduled__2026-09-05T16:18:00+00:00 [running]> on host mac.home
[2026-09-05T18:20:14.784+0200] {taskinstance.py:3134} INFO - Exporting env vars: AIRFLOW_CTX_DAG_OWNER='autoquery' AIRFLOW_CTX_DAG_ID='mini_riskagent_file_ingestion' AIRFLOW_CTX_TASK_ID='wait_for_csv' AIRFLOW_CTX_EXECUTION_DATE='2026-09-05T16:18:00+00:00' AIRFLOW_CTX_TRY_NUMBER='1' AIRFLOW_CTX_DAG_RUN_ID='scheduled__2026-09-05T16:18:00+00:00'
[2026-09-05T18:20:14.784+0200] {logging_mixin.py:190} INFO - Task instance is in running state
[2026-09-05T18:20:14.784+0200] {logging_mixin.py:190} INFO -  Previous state of the Task instance: queued
[2026-09-05T18:20:14.785+0200] {logging_mixin.py:190} INFO - Current task name:wait_for_csv state:running start_date:2026-09-05 16:20:14.697456+00:00
[2026-09-05T18:20:14.785+0200] {logging_mixin.py:190} INFO - Dag name:mini_riskagent_file_ingestion and current dag run status:running
[2026-09-05T18:20:14.785+0200] {taskinstance.py:732} INFO - ::endgroup::
[2026-09-05T18:20:14.786+0200] {python.py:75} INFO - Poking callable: <function check_for_csv_files at 0x10c600c20>
[2026-09-05T18:20:14.789+0200] {taskinstance.py:310} INFO - Rescheduling task, marking task as UP_FOR_RESCHEDULE
[2026-09-05T18:20:14.790+0200] {taskinstance.py:341} INFO - ::group::Post task execution logs
[2026-09-05T18:20:14.811+0200] {local_task_job_runner.py:266} INFO - Task exited with return code 0
[2026-09-05T18:20:14.816+0200] {taskinstance.py:3901} INFO - 0 downstream tasks scheduled from follow-on schedule check
[2026-09-05T18:20:14.816+0200] {local_task_job_runner.py:245} INFO - ::endgroup::
[2026-09-05T18:20:46.855+0200] {local_task_job_runner.py:123} INFO - ::group::Pre task execution logs
[2026-09-05T18:20:46.858+0200] {taskinstance.py:2614} INFO - Dependencies all met for dep_context=non-requeueable deps ti=<TaskInstance: mini_riskagent_file_ingestion.wait_for_csv scheduled__2026-09-05T16:18:00+00:00 [queued]>
[2026-09-05T18:20:46.859+0200] {taskinstance.py:2614} INFO - Dependencies all met for dep_context=requeueable deps ti=<TaskInstance: mini_riskagent_file_ingestion.wait_for_csv scheduled__2026-09-05T16:18:00+00:00 [queued]>
[2026-09-05T18:20:46.859+0200] {taskinstance.py:2867} INFO - Starting attempt 1 of 2
[2026-09-05T18:20:46.863+0200] {taskinstance.py:2890} INFO - Executing <Task(PythonSensor): wait_for_csv> on 2026-09-05 16:18:00+00:00
[2026-09-05T18:20:46.867+0200] {standard_task_runner.py:104} INFO - Running: ['airflow', 'tasks', 'run', 'mini_riskagent_file_ingestion', 'wait_for_csv', 'scheduled__2026-09-05T16:18:00+00:00', '--job-id', '536', '--raw', '--subdir', 'DAGS_FOLDER/data_ingest_pipeline.py', '--cfg-path', '/var/folders/5p/201rr1sj03g8gksxm9x48mbh0000gn/T/tmpkqnbe8ub']
[2026-09-05T18:20:46.868+0200] {standard_task_runner.py:105} INFO - Job 536: Subtask wait_for_csv
[2026-09-05T18:20:46.918+0200] {logging_mixin.py:190} WARNING - /Users/swarnalidatta/Desktop/AutoQueryChatbot/.airflow-venv/lib/python3.12/site-packages/airflow/task/task_runner/standard_task_runner.py:70 DeprecationWarning: This process (pid=23168) is multi-threaded, use of fork() may lead to deadlocks in the child.
[2026-09-05T18:20:46.919+0200] {standard_task_runner.py:72} INFO - Started process 23174 to run task
[2026-09-05T18:20:46.930+0200] {task_command.py:467} INFO - Running <TaskInstance: mini_riskagent_file_ingestion.wait_for_csv scheduled__2026-09-05T16:18:00+00:00 [running]> on host mac.home
[2026-09-05T18:20:46.945+0200] {taskinstance.py:3134} INFO - Exporting env vars: AIRFLOW_CTX_DAG_OWNER='autoquery' AIRFLOW_CTX_DAG_ID='mini_riskagent_file_ingestion' AIRFLOW_CTX_TASK_ID='wait_for_csv' AIRFLOW_CTX_EXECUTION_DATE='2026-09-05T16:18:00+00:00' AIRFLOW_CTX_TRY_NUMBER='1' AIRFLOW_CTX_DAG_RUN_ID='scheduled__2026-09-05T16:18:00+00:00'
[2026-09-05T18:20:46.945+0200] {logging_mixin.py:190} INFO - Task instance is in running state
[2026-09-05T18:20:46.945+0200] {logging_mixin.py:190} INFO -  Previous state of the Task instance: queued
[2026-09-05T18:20:46.945+0200] {logging_mixin.py:190} INFO - Current task name:wait_for_csv state:running start_date:2026-09-05 16:20:46.858318+00:00
[2026-09-05T18:20:46.946+0200] {logging_mixin.py:190} INFO - Dag name:mini_riskagent_file_ingestion and current dag run status:running
[2026-09-05T18:20:46.946+0200] {taskinstance.py:732} INFO - ::endgroup::
[2026-09-05T18:20:46.947+0200] {python.py:75} INFO - Poking callable: <function check_for_csv_files at 0x10cbe0c20>
[2026-09-05T18:20:46.950+0200] {taskinstance.py:310} INFO - Rescheduling task, marking task as UP_FOR_RESCHEDULE
[2026-09-05T18:20:46.950+0200] {taskinstance.py:341} INFO - ::group::Post task execution logs
[2026-09-05T18:20:46.974+0200] {local_task_job_runner.py:266} INFO - Task exited with return code 0
[2026-09-05T18:20:46.979+0200] {taskinstance.py:3901} INFO - 0 downstream tasks scheduled from follow-on schedule check
[2026-09-05T18:20:46.979+0200] {local_task_job_runner.py:245} INFO - ::endgroup::
[2026-09-05T18:21:19.221+0200] {local_task_job_runner.py:123} INFO - ::group::Pre task execution logs
[2026-09-05T18:21:19.223+0200] {taskinstance.py:2614} INFO - Dependencies all met for dep_context=non-requeueable deps ti=<TaskInstance: mini_riskagent_file_ingestion.wait_for_csv scheduled__2026-09-05T16:18:00+00:00 [queued]>
[2026-09-05T18:21:19.225+0200] {taskinstance.py:2614} INFO - Dependencies all met for dep_context=requeueable deps ti=<TaskInstance: mini_riskagent_file_ingestion.wait_for_csv scheduled__2026-09-05T16:18:00+00:00 [queued]>
[2026-09-05T18:21:19.225+0200] {taskinstance.py:2867} INFO - Starting attempt 1 of 2
[2026-09-05T18:21:19.228+0200] {taskinstance.py:2890} INFO - Executing <Task(PythonSensor): wait_for_csv> on 2026-09-05 16:18:00+00:00
[2026-09-05T18:21:19.233+0200] {standard_task_runner.py:104} INFO - Running: ['airflow', 'tasks', 'run', 'mini_riskagent_file_ingestion', 'wait_for_csv', 'scheduled__2026-09-05T16:18:00+00:00', '--job-id', '544', '--raw', '--subdir', 'DAGS_FOLDER/data_ingest_pipeline.py', '--cfg-path', '/var/folders/5p/201rr1sj03g8gksxm9x48mbh0000gn/T/tmp647we9v3']
[2026-09-05T18:21:19.233+0200] {standard_task_runner.py:105} INFO - Job 544: Subtask wait_for_csv
[2026-09-05T18:21:19.283+0200] {logging_mixin.py:190} WARNING - /Users/swarnalidatta/Desktop/AutoQueryChatbot/.airflow-venv/lib/python3.12/site-packages/airflow/task/task_runner/standard_task_runner.py:70 DeprecationWarning: This process (pid=23262) is multi-threaded, use of fork() may lead to deadlocks in the child.
[2026-09-05T18:21:19.283+0200] {standard_task_runner.py:72} INFO - Started process 23264 to run task
[2026-09-05T18:21:19.293+0200] {task_command.py:467} INFO - Running <TaskInstance: mini_riskagent_file_ingestion.wait_for_csv scheduled__2026-09-05T16:18:00+00:00 [running]> on host mac.home
[2026-09-05T18:21:19.308+0200] {taskinstance.py:3134} INFO - Exporting env vars: AIRFLOW_CTX_DAG_OWNER='autoquery' AIRFLOW_CTX_DAG_ID='mini_riskagent_file_ingestion' AIRFLOW_CTX_TASK_ID='wait_for_csv' AIRFLOW_CTX_EXECUTION_DATE='2026-09-05T16:18:00+00:00' AIRFLOW_CTX_TRY_NUMBER='1' AIRFLOW_CTX_DAG_RUN_ID='scheduled__2026-09-05T16:18:00+00:00'
[2026-09-05T18:21:19.308+0200] {logging_mixin.py:190} INFO - Task instance is in running state
[2026-09-05T18:21:19.308+0200] {logging_mixin.py:190} INFO -  Previous state of the Task instance: queued
[2026-09-05T18:21:19.309+0200] {logging_mixin.py:190} INFO - Current task name:wait_for_csv state:running start_date:2026-09-05 16:21:19.223716+00:00
[2026-09-05T18:21:19.309+0200] {logging_mixin.py:190} INFO - Dag name:mini_riskagent_file_ingestion and current dag run status:running
[2026-09-05T18:21:19.309+0200] {taskinstance.py:732} INFO - ::endgroup::
[2026-09-05T18:21:19.310+0200] {python.py:75} INFO - Poking callable: <function check_for_csv_files at 0x10b154c20>
[2026-09-05T18:21:19.313+0200] {taskinstance.py:310} INFO - Rescheduling task, marking task as UP_FOR_RESCHEDULE
[2026-09-05T18:21:19.314+0200] {taskinstance.py:341} INFO - ::group::Post task execution logs
[2026-09-05T18:21:19.338+0200] {local_task_job_runner.py:266} INFO - Task exited with return code 0
[2026-09-05T18:21:19.343+0200] {taskinstance.py:3901} INFO - 0 downstream tasks scheduled from follow-on schedule check
[2026-09-05T18:21:19.343+0200] {local_task_job_runner.py:245} INFO - ::endgroup::
[2026-09-05T18:21:50.834+0200] {local_task_job_runner.py:123} INFO - ::group::Pre task execution logs
[2026-09-05T18:21:50.837+0200] {taskinstance.py:2614} INFO - Dependencies all met for dep_context=non-requeueable deps ti=<TaskInstance: mini_riskagent_file_ingestion.wait_for_csv scheduled__2026-09-05T16:18:00+00:00 [queued]>
[2026-09-05T18:21:50.839+0200] {taskinstance.py:2614} INFO - Dependencies all met for dep_context=requeueable deps ti=<TaskInstance: mini_riskagent_file_ingestion.wait_for_csv scheduled__2026-09-05T16:18:00+00:00 [queued]>
[2026-09-05T18:21:50.839+0200] {taskinstance.py:2867} INFO - Starting attempt 1 of 2
[2026-09-05T18:21:50.842+0200] {taskinstance.py:2890} INFO - Executing <Task(PythonSensor): wait_for_csv> on 2026-09-05 16:18:00+00:00
[2026-09-05T18:21:50.846+0200] {standard_task_runner.py:104} INFO - Running: ['airflow', 'tasks', 'run', 'mini_riskagent_file_ingestion', 'wait_for_csv', 'scheduled__2026-09-05T16:18:00+00:00', '--job-id', '552', '--raw', '--subdir', 'DAGS_FOLDER/data_ingest_pipeline.py', '--cfg-path', '/var/folders/5p/201rr1sj03g8gksxm9x48mbh0000gn/T/tmpvijjcrj0']
[2026-09-05T18:21:50.847+0200] {standard_task_runner.py:105} INFO - Job 552: Subtask wait_for_csv
[2026-09-05T18:21:50.896+0200] {logging_mixin.py:190} WARNING - /Users/swarnalidatta/Desktop/AutoQueryChatbot/.airflow-venv/lib/python3.12/site-packages/airflow/task/task_runner/standard_task_runner.py:70 DeprecationWarning: This process (pid=23348) is multi-threaded, use of fork() may lead to deadlocks in the child.
[2026-09-05T18:21:50.896+0200] {standard_task_runner.py:72} INFO - Started process 23351 to run task
[2026-09-05T18:21:50.907+0200] {task_command.py:467} INFO - Running <TaskInstance: mini_riskagent_file_ingestion.wait_for_csv scheduled__2026-09-05T16:18:00+00:00 [running]> on host mac.home
[2026-09-05T18:21:50.922+0200] {taskinstance.py:3134} INFO - Exporting env vars: AIRFLOW_CTX_DAG_OWNER='autoquery' AIRFLOW_CTX_DAG_ID='mini_riskagent_file_ingestion' AIRFLOW_CTX_TASK_ID='wait_for_csv' AIRFLOW_CTX_EXECUTION_DATE='2026-09-05T16:18:00+00:00' AIRFLOW_CTX_TRY_NUMBER='1' AIRFLOW_CTX_DAG_RUN_ID='scheduled__2026-09-05T16:18:00+00:00'
[2026-09-05T18:21:50.922+0200] {logging_mixin.py:190} INFO - Task instance is in running state
[2026-09-05T18:21:50.923+0200] {logging_mixin.py:190} INFO -  Previous state of the Task instance: queued
[2026-09-05T18:21:50.923+0200] {logging_mixin.py:190} INFO - Current task name:wait_for_csv state:running start_date:2026-09-05 16:21:50.837701+00:00
[2026-09-05T18:21:50.923+0200] {logging_mixin.py:190} INFO - Dag name:mini_riskagent_file_ingestion and current dag run status:running
[2026-09-05T18:21:50.923+0200] {taskinstance.py:732} INFO - ::endgroup::
[2026-09-05T18:21:50.924+0200] {python.py:75} INFO - Poking callable: <function check_for_csv_files at 0x1204d0c20>
[2026-09-05T18:21:50.928+0200] {taskinstance.py:310} INFO - Rescheduling task, marking task as UP_FOR_RESCHEDULE
[2026-09-05T18:21:50.928+0200] {taskinstance.py:341} INFO - ::group::Post task execution logs
[2026-09-05T18:21:50.951+0200] {local_task_job_runner.py:266} INFO - Task exited with return code 0
[2026-09-05T18:21:50.956+0200] {taskinstance.py:3901} INFO - 0 downstream tasks scheduled from follow-on schedule check
[2026-09-05T18:21:50.956+0200] {local_task_job_runner.py:245} INFO - ::endgroup::
[2026-09-05T18:22:21.825+0200] {local_task_job_runner.py:123} INFO - ::group::Pre task execution logs
[2026-09-05T18:22:21.828+0200] {taskinstance.py:2614} INFO - Dependencies all met for dep_context=non-requeueable deps ti=<TaskInstance: mini_riskagent_file_ingestion.wait_for_csv scheduled__2026-09-05T16:18:00+00:00 [queued]>
[2026-09-05T18:22:21.829+0200] {taskinstance.py:2614} INFO - Dependencies all met for dep_context=requeueable deps ti=<TaskInstance: mini_riskagent_file_ingestion.wait_for_csv scheduled__2026-09-05T16:18:00+00:00 [queued]>
[2026-09-05T18:22:21.829+0200] {taskinstance.py:2867} INFO - Starting attempt 1 of 2
[2026-09-05T18:22:21.833+0200] {taskinstance.py:2890} INFO - Executing <Task(PythonSensor): wait_for_csv> on 2026-09-05 16:18:00+00:00
[2026-09-05T18:22:21.837+0200] {standard_task_runner.py:104} INFO - Running: ['airflow', 'tasks', 'run', 'mini_riskagent_file_ingestion', 'wait_for_csv', 'scheduled__2026-09-05T16:18:00+00:00', '--job-id', '561', '--raw', '--subdir', 'DAGS_FOLDER/data_ingest_pipeline.py', '--cfg-path', '/var/folders/5p/201rr1sj03g8gksxm9x48mbh0000gn/T/tmp7gjjy6ch']
[2026-09-05T18:22:21.837+0200] {standard_task_runner.py:105} INFO - Job 561: Subtask wait_for_csv
[2026-09-05T18:22:21.887+0200] {logging_mixin.py:190} WARNING - /Users/swarnalidatta/Desktop/AutoQueryChatbot/.airflow-venv/lib/python3.12/site-packages/airflow/task/task_runner/standard_task_runner.py:70 DeprecationWarning: This process (pid=23441) is multi-threaded, use of fork() may lead to deadlocks in the child.
[2026-09-05T18:22:21.887+0200] {standard_task_runner.py:72} INFO - Started process 23443 to run task
[2026-09-05T18:22:21.898+0200] {task_command.py:467} INFO - Running <TaskInstance: mini_riskagent_file_ingestion.wait_for_csv scheduled__2026-09-05T16:18:00+00:00 [running]> on host mac.home
[2026-09-05T18:22:21.913+0200] {taskinstance.py:3134} INFO - Exporting env vars: AIRFLOW_CTX_DAG_OWNER='autoquery' AIRFLOW_CTX_DAG_ID='mini_riskagent_file_ingestion' AIRFLOW_CTX_TASK_ID='wait_for_csv' AIRFLOW_CTX_EXECUTION_DATE='2026-09-05T16:18:00+00:00' AIRFLOW_CTX_TRY_NUMBER='1' AIRFLOW_CTX_DAG_RUN_ID='scheduled__2026-09-05T16:18:00+00:00'
[2026-09-05T18:22:21.914+0200] {logging_mixin.py:190} INFO - Task instance is in running state
[2026-09-05T18:22:21.914+0200] {logging_mixin.py:190} INFO -  Previous state of the Task instance: queued
[2026-09-05T18:22:21.914+0200] {logging_mixin.py:190} INFO - Current task name:wait_for_csv state:running start_date:2026-09-05 16:22:21.828148+00:00
[2026-09-05T18:22:21.914+0200] {logging_mixin.py:190} INFO - Dag name:mini_riskagent_file_ingestion and current dag run status:running
[2026-09-05T18:22:21.914+0200] {taskinstance.py:732} INFO - ::endgroup::
[2026-09-05T18:22:21.916+0200] {python.py:75} INFO - Poking callable: <function check_for_csv_files at 0x10a6f4c20>
[2026-09-05T18:22:21.919+0200] {taskinstance.py:310} INFO - Rescheduling task, marking task as UP_FOR_RESCHEDULE
[2026-09-05T18:22:21.919+0200] {taskinstance.py:341} INFO - ::group::Post task execution logs
[2026-09-05T18:22:21.943+0200] {local_task_job_runner.py:266} INFO - Task exited with return code 0
[2026-09-05T18:22:21.948+0200] {taskinstance.py:3901} INFO - 0 downstream tasks scheduled from follow-on schedule check
[2026-09-05T18:22:21.948+0200] {local_task_job_runner.py:245} INFO - ::endgroup::
[2026-09-05T18:22:53.722+0200] {local_task_job_runner.py:123} INFO - ::group::Pre task execution logs
[2026-09-05T18:22:53.725+0200] {taskinstance.py:2614} INFO - Dependencies all met for dep_context=non-requeueable deps ti=<TaskInstance: mini_riskagent_file_ingestion.wait_for_csv scheduled__2026-09-05T16:18:00+00:00 [queued]>
[2026-09-05T18:22:53.726+0200] {taskinstance.py:2614} INFO - Dependencies all met for dep_context=requeueable deps ti=<TaskInstance: mini_riskagent_file_ingestion.wait_for_csv scheduled__2026-09-05T16:18:00+00:00 [queued]>
[2026-09-05T18:22:53.727+0200] {taskinstance.py:2867} INFO - Starting attempt 1 of 2
[2026-09-05T18:22:53.730+0200] {taskinstance.py:2890} INFO - Executing <Task(PythonSensor): wait_for_csv> on 2026-09-05 16:18:00+00:00
[2026-09-05T18:22:53.734+0200] {standard_task_runner.py:104} INFO - Running: ['airflow', 'tasks', 'run', 'mini_riskagent_file_ingestion', 'wait_for_csv', 'scheduled__2026-09-05T16:18:00+00:00', '--job-id', '570', '--raw', '--subdir', 'DAGS_FOLDER/data_ingest_pipeline.py', '--cfg-path', '/var/folders/5p/201rr1sj03g8gksxm9x48mbh0000gn/T/tmp4nzy7pvj']
[2026-09-05T18:22:53.735+0200] {standard_task_runner.py:105} INFO - Job 570: Subtask wait_for_csv
[2026-09-05T18:22:53.783+0200] {logging_mixin.py:190} WARNING - /Users/swarnalidatta/Desktop/AutoQueryChatbot/.airflow-venv/lib/python3.12/site-packages/airflow/task/task_runner/standard_task_runner.py:70 DeprecationWarning: This process (pid=23530) is multi-threaded, use of fork() may lead to deadlocks in the child.
[2026-09-05T18:22:53.783+0200] {standard_task_runner.py:72} INFO - Started process 23536 to run task
[2026-09-05T18:22:53.796+0200] {task_command.py:467} INFO - Running <TaskInstance: mini_riskagent_file_ingestion.wait_for_csv scheduled__2026-09-05T16:18:00+00:00 [running]> on host mac.home
[2026-09-05T18:22:53.812+0200] {taskinstance.py:3134} INFO - Exporting env vars: AIRFLOW_CTX_DAG_OWNER='autoquery' AIRFLOW_CTX_DAG_ID='mini_riskagent_file_ingestion' AIRFLOW_CTX_TASK_ID='wait_for_csv' AIRFLOW_CTX_EXECUTION_DATE='2026-09-05T16:18:00+00:00' AIRFLOW_CTX_TRY_NUMBER='1' AIRFLOW_CTX_DAG_RUN_ID='scheduled__2026-09-05T16:18:00+00:00'
[2026-09-05T18:22:53.812+0200] {logging_mixin.py:190} INFO - Task instance is in running state
[2026-09-05T18:22:53.812+0200] {logging_mixin.py:190} INFO -  Previous state of the Task instance: queued
[2026-09-05T18:22:53.812+0200] {logging_mixin.py:190} INFO - Current task name:wait_for_csv state:running start_date:2026-09-05 16:22:53.725586+00:00
[2026-09-05T18:22:53.812+0200] {logging_mixin.py:190} INFO - Dag name:mini_riskagent_file_ingestion and current dag run status:running
[2026-09-05T18:22:53.813+0200] {taskinstance.py:732} INFO - ::endgroup::
[2026-09-05T18:22:53.814+0200] {python.py:75} INFO - Poking callable: <function check_for_csv_files at 0x10ca28c20>
[2026-09-05T18:22:53.817+0200] {taskinstance.py:310} INFO - Rescheduling task, marking task as UP_FOR_RESCHEDULE
[2026-09-05T18:22:53.817+0200] {taskinstance.py:341} INFO - ::group::Post task execution logs
[2026-09-05T18:22:53.839+0200] {local_task_job_runner.py:266} INFO - Task exited with return code 0
[2026-09-05T18:22:53.843+0200] {taskinstance.py:3901} INFO - 0 downstream tasks scheduled from follow-on schedule check
[2026-09-05T18:22:53.844+0200] {local_task_job_runner.py:245} INFO - ::endgroup::
[2026-09-05T18:23:26.320+0200] {local_task_job_runner.py:123} INFO - ::group::Pre task execution logs
[2026-09-05T18:23:26.323+0200] {taskinstance.py:2614} INFO - Dependencies all met for dep_context=non-requeueable deps ti=<TaskInstance: mini_riskagent_file_ingestion.wait_for_csv scheduled__2026-09-05T16:18:00+00:00 [queued]>
[2026-09-05T18:23:26.324+0200] {taskinstance.py:2614} INFO - Dependencies all met for dep_context=requeueable deps ti=<TaskInstance: mini_riskagent_file_ingestion.wait_for_csv scheduled__2026-09-05T16:18:00+00:00 [queued]>
[2026-09-05T18:23:26.324+0200] {taskinstance.py:2867} INFO - Starting attempt 1 of 2
[2026-09-05T18:23:26.328+0200] {taskinstance.py:2890} INFO - Executing <Task(PythonSensor): wait_for_csv> on 2026-09-05 16:18:00+00:00
[2026-09-05T18:23:26.332+0200] {standard_task_runner.py:104} INFO - Running: ['airflow', 'tasks', 'run', 'mini_riskagent_file_ingestion', 'wait_for_csv', 'scheduled__2026-09-05T16:18:00+00:00', '--job-id', '580', '--raw', '--subdir', 'DAGS_FOLDER/data_ingest_pipeline.py', '--cfg-path', '/var/folders/5p/201rr1sj03g8gksxm9x48mbh0000gn/T/tmp8n9rquv7']
[2026-09-05T18:23:26.333+0200] {standard_task_runner.py:105} INFO - Job 580: Subtask wait_for_csv
[2026-09-05T18:23:26.386+0200] {logging_mixin.py:190} WARNING - /Users/swarnalidatta/Desktop/AutoQueryChatbot/.airflow-venv/lib/python3.12/site-packages/airflow/task/task_runner/standard_task_runner.py:70 DeprecationWarning: This process (pid=23636) is multi-threaded, use of fork() may lead to deadlocks in the child.
[2026-09-05T18:23:26.387+0200] {standard_task_runner.py:72} INFO - Started process 23638 to run task
[2026-09-05T18:23:26.399+0200] {task_command.py:467} INFO - Running <TaskInstance: mini_riskagent_file_ingestion.wait_for_csv scheduled__2026-09-05T16:18:00+00:00 [running]> on host mac.home
[2026-09-05T18:23:26.414+0200] {taskinstance.py:3134} INFO - Exporting env vars: AIRFLOW_CTX_DAG_OWNER='autoquery' AIRFLOW_CTX_DAG_ID='mini_riskagent_file_ingestion' AIRFLOW_CTX_TASK_ID='wait_for_csv' AIRFLOW_CTX_EXECUTION_DATE='2026-09-05T16:18:00+00:00' AIRFLOW_CTX_TRY_NUMBER='1' AIRFLOW_CTX_DAG_RUN_ID='scheduled__2026-09-05T16:18:00+00:00'
[2026-09-05T18:23:26.415+0200] {logging_mixin.py:190} INFO - Task instance is in running state
[2026-09-05T18:23:26.415+0200] {logging_mixin.py:190} INFO -  Previous state of the Task instance: queued
[2026-09-05T18:23:26.415+0200] {logging_mixin.py:190} INFO - Current task name:wait_for_csv state:running start_date:2026-09-05 16:23:26.323251+00:00
[2026-09-05T18:23:26.415+0200] {logging_mixin.py:190} INFO - Dag name:mini_riskagent_file_ingestion and current dag run status:running
[2026-09-05T18:23:26.415+0200] {taskinstance.py:732} INFO - ::endgroup::
[2026-09-05T18:23:26.417+0200] {python.py:75} INFO - Poking callable: <function check_for_csv_files at 0x115a00c20>
[2026-09-05T18:23:26.420+0200] {taskinstance.py:310} INFO - Rescheduling task, marking task as UP_FOR_RESCHEDULE
[2026-09-05T18:23:26.420+0200] {taskinstance.py:341} INFO - ::group::Post task execution logs
[2026-09-05T18:23:26.442+0200] {local_task_job_runner.py:266} INFO - Task exited with return code 0
[2026-09-05T18:23:26.447+0200] {taskinstance.py:3901} INFO - 0 downstream tasks scheduled from follow-on schedule check
[2026-09-05T18:23:26.447+0200] {local_task_job_runner.py:245} INFO - ::endgroup::
[2026-09-05T18:23:57.551+0200] {local_task_job_runner.py:123} INFO - ::group::Pre task execution logs
[2026-09-05T18:23:57.553+0200] {taskinstance.py:2614} INFO - Dependencies all met for dep_context=non-requeueable deps ti=<TaskInstance: mini_riskagent_file_ingestion.wait_for_csv scheduled__2026-09-05T16:18:00+00:00 [queued]>
[2026-09-05T18:23:57.555+0200] {taskinstance.py:2614} INFO - Dependencies all met for dep_context=requeueable deps ti=<TaskInstance: mini_riskagent_file_ingestion.wait_for_csv scheduled__2026-09-05T16:18:00+00:00 [queued]>
[2026-09-05T18:23:57.555+0200] {taskinstance.py:2867} INFO - Starting attempt 1 of 2
[2026-09-05T18:23:57.558+0200] {taskinstance.py:2890} INFO - Executing <Task(PythonSensor): wait_for_csv> on 2026-09-05 16:18:00+00:00
[2026-09-05T18:23:57.562+0200] {standard_task_runner.py:104} INFO - Running: ['airflow', 'tasks', 'run', 'mini_riskagent_file_ingestion', 'wait_for_csv', 'scheduled__2026-09-05T16:18:00+00:00', '--job-id', '590', '--raw', '--subdir', 'DAGS_FOLDER/data_ingest_pipeline.py', '--cfg-path', '/var/folders/5p/201rr1sj03g8gksxm9x48mbh0000gn/T/tmpdyouctng']
[2026-09-05T18:23:57.563+0200] {standard_task_runner.py:105} INFO - Job 590: Subtask wait_for_csv
[2026-09-05T18:23:57.612+0200] {logging_mixin.py:190} WARNING - /Users/swarnalidatta/Desktop/AutoQueryChatbot/.airflow-venv/lib/python3.12/site-packages/airflow/task/task_runner/standard_task_runner.py:70 DeprecationWarning: This process (pid=23731) is multi-threaded, use of fork() may lead to deadlocks in the child.
[2026-09-05T18:23:57.612+0200] {standard_task_runner.py:72} INFO - Started process 23733 to run task
[2026-09-05T18:23:57.625+0200] {task_command.py:467} INFO - Running <TaskInstance: mini_riskagent_file_ingestion.wait_for_csv scheduled__2026-09-05T16:18:00+00:00 [running]> on host mac.home
[2026-09-05T18:23:57.640+0200] {taskinstance.py:3134} INFO - Exporting env vars: AIRFLOW_CTX_DAG_OWNER='autoquery' AIRFLOW_CTX_DAG_ID='mini_riskagent_file_ingestion' AIRFLOW_CTX_TASK_ID='wait_for_csv' AIRFLOW_CTX_EXECUTION_DATE='2026-09-05T16:18:00+00:00' AIRFLOW_CTX_TRY_NUMBER='1' AIRFLOW_CTX_DAG_RUN_ID='scheduled__2026-09-05T16:18:00+00:00'
[2026-09-05T18:23:57.641+0200] {logging_mixin.py:190} INFO - Task instance is in running state
[2026-09-05T18:23:57.641+0200] {logging_mixin.py:190} INFO -  Previous state of the Task instance: queued
[2026-09-05T18:23:57.641+0200] {logging_mixin.py:190} INFO - Current task name:wait_for_csv state:running start_date:2026-09-05 16:23:57.553930+00:00
[2026-09-05T18:23:57.641+0200] {logging_mixin.py:190} INFO - Dag name:mini_riskagent_file_ingestion and current dag run status:running
[2026-09-05T18:23:57.641+0200] {taskinstance.py:732} INFO - ::endgroup::
[2026-09-05T18:23:57.643+0200] {python.py:75} INFO - Poking callable: <function check_for_csv_files at 0x1085ccc20>
[2026-09-05T18:23:57.646+0200] {taskinstance.py:310} INFO - Rescheduling task, marking task as UP_FOR_RESCHEDULE
[2026-09-05T18:23:57.646+0200] {taskinstance.py:341} INFO - ::group::Post task execution logs
[2026-09-05T18:23:57.668+0200] {local_task_job_runner.py:266} INFO - Task exited with return code 0
[2026-09-05T18:23:57.673+0200] {taskinstance.py:3901} INFO - 0 downstream tasks scheduled from follow-on schedule check
[2026-09-05T18:23:57.673+0200] {local_task_job_runner.py:245} INFO - ::endgroup::
[2026-09-05T18:24:29.783+0200] {local_task_job_runner.py:123} INFO - ::group::Pre task execution logs
[2026-09-05T18:24:29.786+0200] {taskinstance.py:2614} INFO - Dependencies all met for dep_context=non-requeueable deps ti=<TaskInstance: mini_riskagent_file_ingestion.wait_for_csv scheduled__2026-09-05T16:18:00+00:00 [queued]>
[2026-09-05T18:24:29.788+0200] {taskinstance.py:2614} INFO - Dependencies all met for dep_context=requeueable deps ti=<TaskInstance: mini_riskagent_file_ingestion.wait_for_csv scheduled__2026-09-05T16:18:00+00:00 [queued]>
[2026-09-05T18:24:29.788+0200] {taskinstance.py:2867} INFO - Starting attempt 1 of 2
[2026-09-05T18:24:29.791+0200] {taskinstance.py:2890} INFO - Executing <Task(PythonSensor): wait_for_csv> on 2026-09-05 16:18:00+00:00
[2026-09-05T18:24:29.795+0200] {standard_task_runner.py:104} INFO - Running: ['airflow', 'tasks', 'run', 'mini_riskagent_file_ingestion', 'wait_for_csv', 'scheduled__2026-09-05T16:18:00+00:00', '--job-id', '601', '--raw', '--subdir', 'DAGS_FOLDER/data_ingest_pipeline.py', '--cfg-path', '/var/folders/5p/201rr1sj03g8gksxm9x48mbh0000gn/T/tmp0r4qmiqp']
[2026-09-05T18:24:29.796+0200] {standard_task_runner.py:105} INFO - Job 601: Subtask wait_for_csv
[2026-09-05T18:24:29.845+0200] {logging_mixin.py:190} WARNING - /Users/swarnalidatta/Desktop/AutoQueryChatbot/.airflow-venv/lib/python3.12/site-packages/airflow/task/task_runner/standard_task_runner.py:70 DeprecationWarning: This process (pid=23828) is multi-threaded, use of fork() may lead to deadlocks in the child.
[2026-09-05T18:24:29.846+0200] {standard_task_runner.py:72} INFO - Started process 23834 to run task
[2026-09-05T18:24:29.857+0200] {task_command.py:467} INFO - Running <TaskInstance: mini_riskagent_file_ingestion.wait_for_csv scheduled__2026-09-05T16:18:00+00:00 [running]> on host mac.home
[2026-09-05T18:24:29.872+0200] {taskinstance.py:3134} INFO - Exporting env vars: AIRFLOW_CTX_DAG_OWNER='autoquery' AIRFLOW_CTX_DAG_ID='mini_riskagent_file_ingestion' AIRFLOW_CTX_TASK_ID='wait_for_csv' AIRFLOW_CTX_EXECUTION_DATE='2026-09-05T16:18:00+00:00' AIRFLOW_CTX_TRY_NUMBER='1' AIRFLOW_CTX_DAG_RUN_ID='scheduled__2026-09-05T16:18:00+00:00'
[2026-09-05T18:24:29.872+0200] {logging_mixin.py:190} INFO - Task instance is in running state
[2026-09-05T18:24:29.873+0200] {logging_mixin.py:190} INFO -  Previous state of the Task instance: queued
[2026-09-05T18:24:29.873+0200] {logging_mixin.py:190} INFO - Current task name:wait_for_csv state:running start_date:2026-09-05 16:24:29.786797+00:00
[2026-09-05T18:24:29.873+0200] {logging_mixin.py:190} INFO - Dag name:mini_riskagent_file_ingestion and current dag run status:running
[2026-09-05T18:24:29.873+0200] {taskinstance.py:732} INFO - ::endgroup::
[2026-09-05T18:24:29.874+0200] {python.py:75} INFO - Poking callable: <function check_for_csv_files at 0x112c54c20>
[2026-09-05T18:24:29.878+0200] {taskinstance.py:310} INFO - Rescheduling task, marking task as UP_FOR_RESCHEDULE
[2026-09-05T18:24:29.878+0200] {taskinstance.py:341} INFO - ::group::Post task execution logs
[2026-09-05T18:24:29.901+0200] {local_task_job_runner.py:266} INFO - Task exited with return code 0
[2026-09-05T18:24:29.906+0200] {taskinstance.py:3901} INFO - 0 downstream tasks scheduled from follow-on schedule check
[2026-09-05T18:24:29.906+0200] {local_task_job_runner.py:245} INFO - ::endgroup::
[2026-09-05T18:25:02.349+0200] {local_task_job_runner.py:123} INFO - ::group::Pre task execution logs
[2026-09-05T18:25:02.351+0200] {taskinstance.py:2614} INFO - Dependencies all met for dep_context=non-requeueable deps ti=<TaskInstance: mini_riskagent_file_ingestion.wait_for_csv scheduled__2026-09-05T16:18:00+00:00 [queued]>
[2026-09-05T18:25:02.353+0200] {taskinstance.py:2614} INFO - Dependencies all met for dep_context=requeueable deps ti=<TaskInstance: mini_riskagent_file_ingestion.wait_for_csv scheduled__2026-09-05T16:18:00+00:00 [queued]>
[2026-09-05T18:25:02.353+0200] {taskinstance.py:2867} INFO - Starting attempt 1 of 2
[2026-09-05T18:25:02.357+0200] {taskinstance.py:2890} INFO - Executing <Task(PythonSensor): wait_for_csv> on 2026-09-05 16:18:00+00:00
[2026-09-05T18:25:02.361+0200] {standard_task_runner.py:104} INFO - Running: ['airflow', 'tasks', 'run', 'mini_riskagent_file_ingestion', 'wait_for_csv', 'scheduled__2026-09-05T16:18:00+00:00', '--job-id', '612', '--raw', '--subdir', 'DAGS_FOLDER/data_ingest_pipeline.py', '--cfg-path', '/var/folders/5p/201rr1sj03g8gksxm9x48mbh0000gn/T/tmp669irw5o']
[2026-09-05T18:25:02.362+0200] {standard_task_runner.py:105} INFO - Job 612: Subtask wait_for_csv
[2026-09-05T18:25:02.412+0200] {logging_mixin.py:190} WARNING - /Users/swarnalidatta/Desktop/AutoQueryChatbot/.airflow-venv/lib/python3.12/site-packages/airflow/task/task_runner/standard_task_runner.py:70 DeprecationWarning: This process (pid=24228) is multi-threaded, use of fork() may lead to deadlocks in the child.
[2026-09-05T18:25:02.412+0200] {standard_task_runner.py:72} INFO - Started process 24230 to run task
[2026-09-05T18:25:02.425+0200] {task_command.py:467} INFO - Running <TaskInstance: mini_riskagent_file_ingestion.wait_for_csv scheduled__2026-09-05T16:18:00+00:00 [running]> on host mac.home
[2026-09-05T18:25:02.441+0200] {taskinstance.py:3134} INFO - Exporting env vars: AIRFLOW_CTX_DAG_OWNER='autoquery' AIRFLOW_CTX_DAG_ID='mini_riskagent_file_ingestion' AIRFLOW_CTX_TASK_ID='wait_for_csv' AIRFLOW_CTX_EXECUTION_DATE='2026-09-05T16:18:00+00:00' AIRFLOW_CTX_TRY_NUMBER='1' AIRFLOW_CTX_DAG_RUN_ID='scheduled__2026-09-05T16:18:00+00:00'
[2026-09-05T18:25:02.441+0200] {logging_mixin.py:190} INFO - Task instance is in running state
[2026-09-05T18:25:02.441+0200] {logging_mixin.py:190} INFO -  Previous state of the Task instance: queued
[2026-09-05T18:25:02.441+0200] {logging_mixin.py:190} INFO - Current task name:wait_for_csv state:running start_date:2026-09-05 16:25:02.352003+00:00
[2026-09-05T18:25:02.442+0200] {logging_mixin.py:190} INFO - Dag name:mini_riskagent_file_ingestion and current dag run status:running
[2026-09-05T18:25:02.442+0200] {taskinstance.py:732} INFO - ::endgroup::
[2026-09-05T18:25:02.443+0200] {python.py:75} INFO - Poking callable: <function check_for_csv_files at 0x108a90c20>
[2026-09-05T18:25:02.446+0200] {taskinstance.py:310} INFO - Rescheduling task, marking task as UP_FOR_RESCHEDULE
[2026-09-05T18:25:02.446+0200] {taskinstance.py:341} INFO - ::group::Post task execution logs
[2026-09-05T18:25:02.467+0200] {local_task_job_runner.py:266} INFO - Task exited with return code 0
[2026-09-05T18:25:02.472+0200] {taskinstance.py:3901} INFO - 0 downstream tasks scheduled from follow-on schedule check
[2026-09-05T18:25:02.472+0200] {local_task_job_runner.py:245} INFO - ::endgroup::
[2026-09-05T18:25:34.678+0200] {local_task_job_runner.py:123} INFO - ::group::Pre task execution logs
[2026-09-05T18:25:34.681+0200] {taskinstance.py:2614} INFO - Dependencies all met for dep_context=non-requeueable deps ti=<TaskInstance: mini_riskagent_file_ingestion.wait_for_csv scheduled__2026-09-05T16:18:00+00:00 [queued]>
[2026-09-05T18:25:34.682+0200] {taskinstance.py:2614} INFO - Dependencies all met for dep_context=requeueable deps ti=<TaskInstance: mini_riskagent_file_ingestion.wait_for_csv scheduled__2026-09-05T16:18:00+00:00 [queued]>
[2026-09-05T18:25:34.682+0200] {taskinstance.py:2867} INFO - Starting attempt 1 of 2
[2026-09-05T18:25:34.686+0200] {taskinstance.py:2890} INFO - Executing <Task(PythonSensor): wait_for_csv> on 2026-09-05 16:18:00+00:00
[2026-09-05T18:25:34.690+0200] {standard_task_runner.py:104} INFO - Running: ['airflow', 'tasks', 'run', 'mini_riskagent_file_ingestion', 'wait_for_csv', 'scheduled__2026-09-05T16:18:00+00:00', '--job-id', '624', '--raw', '--subdir', 'DAGS_FOLDER/data_ingest_pipeline.py', '--cfg-path', '/var/folders/5p/201rr1sj03g8gksxm9x48mbh0000gn/T/tmprergwlw7']
[2026-09-05T18:25:34.691+0200] {standard_task_runner.py:105} INFO - Job 624: Subtask wait_for_csv
[2026-09-05T18:25:34.741+0200] {logging_mixin.py:190} WARNING - /Users/swarnalidatta/Desktop/AutoQueryChatbot/.airflow-venv/lib/python3.12/site-packages/airflow/task/task_runner/standard_task_runner.py:70 DeprecationWarning: This process (pid=24620) is multi-threaded, use of fork() may lead to deadlocks in the child.
[2026-09-05T18:25:34.741+0200] {standard_task_runner.py:72} INFO - Started process 24622 to run task
[2026-09-05T18:25:34.752+0200] {task_command.py:467} INFO - Running <TaskInstance: mini_riskagent_file_ingestion.wait_for_csv scheduled__2026-09-05T16:18:00+00:00 [running]> on host mac.home
[2026-09-05T18:25:34.767+0200] {taskinstance.py:3134} INFO - Exporting env vars: AIRFLOW_CTX_DAG_OWNER='autoquery' AIRFLOW_CTX_DAG_ID='mini_riskagent_file_ingestion' AIRFLOW_CTX_TASK_ID='wait_for_csv' AIRFLOW_CTX_EXECUTION_DATE='2026-09-05T16:18:00+00:00' AIRFLOW_CTX_TRY_NUMBER='1' AIRFLOW_CTX_DAG_RUN_ID='scheduled__2026-09-05T16:18:00+00:00'
[2026-09-05T18:25:34.768+0200] {logging_mixin.py:190} INFO - Task instance is in running state
[2026-09-05T18:25:34.768+0200] {logging_mixin.py:190} INFO -  Previous state of the Task instance: queued
[2026-09-05T18:25:34.768+0200] {logging_mixin.py:190} INFO - Current task name:wait_for_csv state:running start_date:2026-09-05 16:25:34.681421+00:00
[2026-09-05T18:25:34.768+0200] {logging_mixin.py:190} INFO - Dag name:mini_riskagent_file_ingestion and current dag run status:running
[2026-09-05T18:25:34.768+0200] {taskinstance.py:732} INFO - ::endgroup::
[2026-09-05T18:25:34.770+0200] {python.py:75} INFO - Poking callable: <function check_for_csv_files at 0x109e10c20>
[2026-09-05T18:25:34.773+0200] {taskinstance.py:310} INFO - Rescheduling task, marking task as UP_FOR_RESCHEDULE
[2026-09-05T18:25:34.773+0200] {taskinstance.py:341} INFO - ::group::Post task execution logs
[2026-09-05T18:25:34.797+0200] {local_task_job_runner.py:266} INFO - Task exited with return code 0
[2026-09-05T18:25:34.802+0200] {taskinstance.py:3901} INFO - 0 downstream tasks scheduled from follow-on schedule check
[2026-09-05T18:25:34.802+0200] {local_task_job_runner.py:245} INFO - ::endgroup::
[2026-09-05T18:26:07.685+0200] {local_task_job_runner.py:123} INFO - ::group::Pre task execution logs
[2026-09-05T18:26:07.688+0200] {taskinstance.py:2614} INFO - Dependencies all met for dep_context=non-requeueable deps ti=<TaskInstance: mini_riskagent_file_ingestion.wait_for_csv scheduled__2026-09-05T16:18:00+00:00 [queued]>
[2026-09-05T18:26:07.690+0200] {taskinstance.py:2614} INFO - Dependencies all met for dep_context=requeueable deps ti=<TaskInstance: mini_riskagent_file_ingestion.wait_for_csv scheduled__2026-09-05T16:18:00+00:00 [queued]>
[2026-09-05T18:26:07.690+0200] {taskinstance.py:2867} INFO - Starting attempt 1 of 2
[2026-09-05T18:26:07.693+0200] {taskinstance.py:2890} INFO - Executing <Task(PythonSensor): wait_for_csv> on 2026-09-05 16:18:00+00:00
[2026-09-05T18:26:07.697+0200] {standard_task_runner.py:104} INFO - Running: ['airflow', 'tasks', 'run', 'mini_riskagent_file_ingestion', 'wait_for_csv', 'scheduled__2026-09-05T16:18:00+00:00', '--job-id', '637', '--raw', '--subdir', 'DAGS_FOLDER/data_ingest_pipeline.py', '--cfg-path', '/var/folders/5p/201rr1sj03g8gksxm9x48mbh0000gn/T/tmpru4py3el']
[2026-09-05T18:26:07.698+0200] {standard_task_runner.py:105} INFO - Job 637: Subtask wait_for_csv
[2026-09-05T18:26:07.749+0200] {logging_mixin.py:190} WARNING - /Users/swarnalidatta/Desktop/AutoQueryChatbot/.airflow-venv/lib/python3.12/site-packages/airflow/task/task_runner/standard_task_runner.py:70 DeprecationWarning: This process (pid=24724) is multi-threaded, use of fork() may lead to deadlocks in the child.
[2026-09-05T18:26:07.749+0200] {standard_task_runner.py:72} INFO - Started process 24726 to run task
[2026-09-05T18:26:07.759+0200] {task_command.py:467} INFO - Running <TaskInstance: mini_riskagent_file_ingestion.wait_for_csv scheduled__2026-09-05T16:18:00+00:00 [running]> on host mac.home
[2026-09-05T18:26:07.775+0200] {taskinstance.py:3134} INFO - Exporting env vars: AIRFLOW_CTX_DAG_OWNER='autoquery' AIRFLOW_CTX_DAG_ID='mini_riskagent_file_ingestion' AIRFLOW_CTX_TASK_ID='wait_for_csv' AIRFLOW_CTX_EXECUTION_DATE='2026-09-05T16:18:00+00:00' AIRFLOW_CTX_TRY_NUMBER='1' AIRFLOW_CTX_DAG_RUN_ID='scheduled__2026-09-05T16:18:00+00:00'
[2026-09-05T18:26:07.775+0200] {logging_mixin.py:190} INFO - Task instance is in running state
[2026-09-05T18:26:07.775+0200] {logging_mixin.py:190} INFO -  Previous state of the Task instance: queued
[2026-09-05T18:26:07.776+0200] {logging_mixin.py:190} INFO - Current task name:wait_for_csv state:running start_date:2026-09-05 16:26:07.688698+00:00
[2026-09-05T18:26:07.776+0200] {logging_mixin.py:190} INFO - Dag name:mini_riskagent_file_ingestion and current dag run status:running
[2026-09-05T18:26:07.776+0200] {taskinstance.py:732} INFO - ::endgroup::
[2026-09-05T18:26:07.777+0200] {python.py:75} INFO - Poking callable: <function check_for_csv_files at 0x1089f8c20>
[2026-09-05T18:26:07.780+0200] {taskinstance.py:310} INFO - Rescheduling task, marking task as UP_FOR_RESCHEDULE
[2026-09-05T18:26:07.781+0200] {taskinstance.py:341} INFO - ::group::Post task execution logs
[2026-09-05T18:26:07.804+0200] {local_task_job_runner.py:266} INFO - Task exited with return code 0
[2026-09-05T18:26:07.809+0200] {taskinstance.py:3901} INFO - 0 downstream tasks scheduled from follow-on schedule check
[2026-09-05T18:26:07.809+0200] {local_task_job_runner.py:245} INFO - ::endgroup::
[2026-09-05T18:26:39.986+0200] {local_task_job_runner.py:123} INFO - ::group::Pre task execution logs
[2026-09-05T18:26:39.989+0200] {taskinstance.py:2614} INFO - Dependencies all met for dep_context=non-requeueable deps ti=<TaskInstance: mini_riskagent_file_ingestion.wait_for_csv scheduled__2026-09-05T16:18:00+00:00 [queued]>
[2026-09-05T18:26:39.990+0200] {taskinstance.py:2614} INFO - Dependencies all met for dep_context=requeueable deps ti=<TaskInstance: mini_riskagent_file_ingestion.wait_for_csv scheduled__2026-09-05T16:18:00+00:00 [queued]>
[2026-09-05T18:26:39.990+0200] {taskinstance.py:2867} INFO - Starting attempt 1 of 2
[2026-09-05T18:26:39.994+0200] {taskinstance.py:2890} INFO - Executing <Task(PythonSensor): wait_for_csv> on 2026-09-05 16:18:00+00:00
[2026-09-05T18:26:39.998+0200] {standard_task_runner.py:104} INFO - Running: ['airflow', 'tasks', 'run', 'mini_riskagent_file_ingestion', 'wait_for_csv', 'scheduled__2026-09-05T16:18:00+00:00', '--job-id', '650', '--raw', '--subdir', 'DAGS_FOLDER/data_ingest_pipeline.py', '--cfg-path', '/var/folders/5p/201rr1sj03g8gksxm9x48mbh0000gn/T/tmphikcyqjv']
[2026-09-05T18:26:39.999+0200] {standard_task_runner.py:105} INFO - Job 650: Subtask wait_for_csv
[2026-09-05T18:43:27.280+0200] {logging_mixin.py:190} WARNING - /Users/swarnalidatta/Desktop/AutoQueryChatbot/.airflow-venv/lib/python3.12/site-packages/airflow/task/task_runner/standard_task_runner.py:70 DeprecationWarning: This process (pid=24829) is multi-threaded, use of fork() may lead to deadlocks in the child.
[2026-09-05T18:43:27.280+0200] {standard_task_runner.py:72} INFO - Started process 24831 to run task
[2026-09-05T18:43:27.305+0200] {job.py:229} INFO - Heartbeat recovered after 1007.35 seconds
[2026-09-05T18:43:27.313+0200] {task_command.py:467} INFO - Running <TaskInstance: mini_riskagent_file_ingestion.wait_for_csv scheduled__2026-09-05T16:18:00+00:00 [running]> on host mac.home
[2026-09-05T18:43:27.329+0200] {taskinstance.py:3134} INFO - Exporting env vars: AIRFLOW_CTX_DAG_OWNER='autoquery' AIRFLOW_CTX_DAG_ID='mini_riskagent_file_ingestion' AIRFLOW_CTX_TASK_ID='wait_for_csv' AIRFLOW_CTX_EXECUTION_DATE='2026-09-05T16:18:00+00:00' AIRFLOW_CTX_TRY_NUMBER='1' AIRFLOW_CTX_DAG_RUN_ID='scheduled__2026-09-05T16:18:00+00:00'
[2026-09-05T18:43:27.329+0200] {logging_mixin.py:190} INFO - Task instance is in running state
[2026-09-05T18:43:27.329+0200] {logging_mixin.py:190} INFO -  Previous state of the Task instance: queued
[2026-09-05T18:43:27.330+0200] {logging_mixin.py:190} INFO - Current task name:wait_for_csv state:running start_date:2026-09-05 16:26:39.989453+00:00
[2026-09-05T18:43:27.330+0200] {logging_mixin.py:190} INFO - Dag name:mini_riskagent_file_ingestion and current dag run status:running
[2026-09-05T18:43:27.330+0200] {taskinstance.py:732} INFO - ::endgroup::
[2026-09-05T18:43:27.331+0200] {python.py:75} INFO - Poking callable: <function check_for_csv_files at 0x10c468c20>
[2026-09-05T18:43:27.335+0200] {taskinstance.py:310} INFO - Rescheduling task, marking task as UP_FOR_RESCHEDULE
[2026-09-05T18:43:27.335+0200] {taskinstance.py:341} INFO - ::group::Post task execution logs
[2026-09-05T18:43:27.366+0200] {local_task_job_runner.py:266} INFO - Task exited with return code 0
[2026-09-05T18:43:27.371+0200] {taskinstance.py:3901} INFO - 0 downstream tasks scheduled from follow-on schedule check
[2026-09-05T18:43:27.372+0200] {local_task_job_runner.py:245} INFO - ::endgroup::
[2026-09-05T18:50:26.588+0200] {local_task_job_runner.py:123} INFO - ::group::Pre task execution logs
[2026-09-05T18:50:26.590+0200] {taskinstance.py:2614} INFO - Dependencies all met for dep_context=non-requeueable deps ti=<TaskInstance: mini_riskagent_file_ingestion.wait_for_csv scheduled__2026-09-05T16:18:00+00:00 [queued]>
[2026-09-05T18:50:26.591+0200] {taskinstance.py:2614} INFO - Dependencies all met for dep_context=requeueable deps ti=<TaskInstance: mini_riskagent_file_ingestion.wait_for_csv scheduled__2026-09-05T16:18:00+00:00 [queued]>
[2026-09-05T18:50:26.591+0200] {taskinstance.py:2867} INFO - Starting attempt 1 of 2
[2026-09-05T18:50:26.595+0200] {taskinstance.py:2890} INFO - Executing <Task(PythonSensor): wait_for_csv> on 2026-09-05 16:18:00+00:00
[2026-09-05T18:50:26.599+0200] {standard_task_runner.py:104} INFO - Running: ['airflow', 'tasks', 'run', 'mini_riskagent_file_ingestion', 'wait_for_csv', 'scheduled__2026-09-05T16:18:00+00:00', '--job-id', '667', '--raw', '--subdir', 'DAGS_FOLDER/data_ingest_pipeline.py', '--cfg-path', '/var/folders/5p/201rr1sj03g8gksxm9x48mbh0000gn/T/tmp63knsr42']
[2026-09-05T18:50:26.600+0200] {standard_task_runner.py:105} INFO - Job 667: Subtask wait_for_csv
[2026-09-05T18:50:26.648+0200] {logging_mixin.py:190} WARNING - /Users/swarnalidatta/Desktop/AutoQueryChatbot/.airflow-venv/lib/python3.12/site-packages/airflow/task/task_runner/standard_task_runner.py:70 DeprecationWarning: This process (pid=24904) is multi-threaded, use of fork() may lead to deadlocks in the child.
[2026-09-05T18:50:26.648+0200] {standard_task_runner.py:72} INFO - Started process 24906 to run task
[2026-09-05T18:50:26.660+0200] {task_command.py:467} INFO - Running <TaskInstance: mini_riskagent_file_ingestion.wait_for_csv scheduled__2026-09-05T16:18:00+00:00 [running]> on host mac.home
[2026-09-05T18:50:26.675+0200] {taskinstance.py:3134} INFO - Exporting env vars: AIRFLOW_CTX_DAG_OWNER='autoquery' AIRFLOW_CTX_DAG_ID='mini_riskagent_file_ingestion' AIRFLOW_CTX_TASK_ID='wait_for_csv' AIRFLOW_CTX_EXECUTION_DATE='2026-09-05T16:18:00+00:00' AIRFLOW_CTX_TRY_NUMBER='1' AIRFLOW_CTX_DAG_RUN_ID='scheduled__2026-09-05T16:18:00+00:00'
[2026-09-05T18:50:26.675+0200] {logging_mixin.py:190} INFO - Task instance is in running state
[2026-09-05T18:50:26.675+0200] {logging_mixin.py:190} INFO -  Previous state of the Task instance: queued
[2026-09-05T18:50:26.676+0200] {logging_mixin.py:190} INFO - Current task name:wait_for_csv state:running start_date:2026-09-05 16:50:26.590658+00:00
[2026-09-05T18:50:26.676+0200] {logging_mixin.py:190} INFO - Dag name:mini_riskagent_file_ingestion and current dag run status:running
[2026-09-05T18:50:26.676+0200] {taskinstance.py:732} INFO - ::endgroup::
[2026-09-05T18:50:26.677+0200] {python.py:75} INFO - Poking callable: <function check_for_csv_files at 0x10c72cc20>
[2026-09-05T18:50:26.680+0200] {taskinstance.py:310} INFO - Rescheduling task, marking task as UP_FOR_RESCHEDULE
[2026-09-05T18:50:26.680+0200] {taskinstance.py:341} INFO - ::group::Post task execution logs
[2026-09-05T18:50:26.703+0200] {local_task_job_runner.py:266} INFO - Task exited with return code 0
[2026-09-05T18:50:26.708+0200] {taskinstance.py:3901} INFO - 0 downstream tasks scheduled from follow-on schedule check
[2026-09-05T18:50:26.708+0200] {local_task_job_runner.py:245} INFO - ::endgroup::
[2026-09-05T18:51:01.167+0200] {local_task_job_runner.py:123} INFO - ::group::Pre task execution logs
[2026-09-05T18:51:01.169+0200] {taskinstance.py:2614} INFO - Dependencies all met for dep_context=non-requeueable deps ti=<TaskInstance: mini_riskagent_file_ingestion.wait_for_csv scheduled__2026-09-05T16:18:00+00:00 [queued]>
[2026-09-05T18:51:01.171+0200] {taskinstance.py:2614} INFO - Dependencies all met for dep_context=requeueable deps ti=<TaskInstance: mini_riskagent_file_ingestion.wait_for_csv scheduled__2026-09-05T16:18:00+00:00 [queued]>
[2026-09-05T18:51:01.171+0200] {taskinstance.py:2867} INFO - Starting attempt 1 of 2
[2026-09-05T18:51:01.174+0200] {taskinstance.py:2890} INFO - Executing <Task(PythonSensor): wait_for_csv> on 2026-09-05 16:18:00+00:00
[2026-09-05T18:51:01.178+0200] {standard_task_runner.py:104} INFO - Running: ['airflow', 'tasks', 'run', 'mini_riskagent_file_ingestion', 'wait_for_csv', 'scheduled__2026-09-05T16:18:00+00:00', '--job-id', '683', '--raw', '--subdir', 'DAGS_FOLDER/data_ingest_pipeline.py', '--cfg-path', '/var/folders/5p/201rr1sj03g8gksxm9x48mbh0000gn/T/tmpzxnhit_l']
[2026-09-05T18:51:01.179+0200] {standard_task_runner.py:105} INFO - Job 683: Subtask wait_for_csv
[2026-09-05T18:51:01.227+0200] {logging_mixin.py:190} WARNING - /Users/swarnalidatta/Desktop/AutoQueryChatbot/.airflow-venv/lib/python3.12/site-packages/airflow/task/task_runner/standard_task_runner.py:70 DeprecationWarning: This process (pid=25016) is multi-threaded, use of fork() may lead to deadlocks in the child.
[2026-09-05T18:51:01.228+0200] {standard_task_runner.py:72} INFO - Started process 25018 to run task
[2026-09-05T18:51:01.239+0200] {task_command.py:467} INFO - Running <TaskInstance: mini_riskagent_file_ingestion.wait_for_csv scheduled__2026-09-05T16:18:00+00:00 [running]> on host mac.home
[2026-09-05T18:51:01.254+0200] {taskinstance.py:3134} INFO - Exporting env vars: AIRFLOW_CTX_DAG_OWNER='autoquery' AIRFLOW_CTX_DAG_ID='mini_riskagent_file_ingestion' AIRFLOW_CTX_TASK_ID='wait_for_csv' AIRFLOW_CTX_EXECUTION_DATE='2026-09-05T16:18:00+00:00' AIRFLOW_CTX_TRY_NUMBER='1' AIRFLOW_CTX_DAG_RUN_ID='scheduled__2026-09-05T16:18:00+00:00'
[2026-09-05T18:51:01.255+0200] {logging_mixin.py:190} INFO - Task instance is in running state
[2026-09-05T18:51:01.255+0200] {logging_mixin.py:190} INFO -  Previous state of the Task instance: queued
[2026-09-05T18:51:01.255+0200] {logging_mixin.py:190} INFO - Current task name:wait_for_csv state:running start_date:2026-09-05 16:51:01.169979+00:00
[2026-09-05T18:51:01.255+0200] {logging_mixin.py:190} INFO - Dag name:mini_riskagent_file_ingestion and current dag run status:running
[2026-09-05T18:51:01.255+0200] {taskinstance.py:732} INFO - ::endgroup::
[2026-09-05T18:51:01.257+0200] {python.py:75} INFO - Poking callable: <function check_for_csv_files at 0x113d00c20>
[2026-09-05T18:51:01.260+0200] {taskinstance.py:310} INFO - Rescheduling task, marking task as UP_FOR_RESCHEDULE
[2026-09-05T18:51:01.260+0200] {taskinstance.py:341} INFO - ::group::Post task execution logs
[2026-09-05T18:51:01.283+0200] {local_task_job_runner.py:266} INFO - Task exited with return code 0
[2026-09-05T18:51:01.288+0200] {taskinstance.py:3901} INFO - 0 downstream tasks scheduled from follow-on schedule check
[2026-09-05T18:51:01.288+0200] {local_task_job_runner.py:245} INFO - ::endgroup::
[2026-09-05T18:51:34.155+0200] {local_task_job_runner.py:123} INFO - ::group::Pre task execution logs
[2026-09-05T18:51:34.158+0200] {taskinstance.py:2614} INFO - Dependencies all met for dep_context=non-requeueable deps ti=<TaskInstance: mini_riskagent_file_ingestion.wait_for_csv scheduled__2026-09-05T16:18:00+00:00 [queued]>
[2026-09-05T18:51:34.159+0200] {taskinstance.py:2614} INFO - Dependencies all met for dep_context=requeueable deps ti=<TaskInstance: mini_riskagent_file_ingestion.wait_for_csv scheduled__2026-09-05T16:18:00+00:00 [queued]>
[2026-09-05T18:51:34.159+0200] {taskinstance.py:2867} INFO - Starting attempt 1 of 2
[2026-09-05T18:51:34.163+0200] {taskinstance.py:2890} INFO - Executing <Task(PythonSensor): wait_for_csv> on 2026-09-05 16:18:00+00:00
[2026-09-05T18:51:34.167+0200] {standard_task_runner.py:104} INFO - Running: ['airflow', 'tasks', 'run', 'mini_riskagent_file_ingestion', 'wait_for_csv', 'scheduled__2026-09-05T16:18:00+00:00', '--job-id', '699', '--raw', '--subdir', 'DAGS_FOLDER/data_ingest_pipeline.py', '--cfg-path', '/var/folders/5p/201rr1sj03g8gksxm9x48mbh0000gn/T/tmpdcm7bnzq']
[2026-09-05T18:51:34.168+0200] {standard_task_runner.py:105} INFO - Job 699: Subtask wait_for_csv
[2026-09-05T18:51:34.217+0200] {logging_mixin.py:190} WARNING - /Users/swarnalidatta/Desktop/AutoQueryChatbot/.airflow-venv/lib/python3.12/site-packages/airflow/task/task_runner/standard_task_runner.py:70 DeprecationWarning: This process (pid=25121) is multi-threaded, use of fork() may lead to deadlocks in the child.
[2026-09-05T18:51:34.217+0200] {standard_task_runner.py:72} INFO - Started process 25124 to run task
[2026-09-05T18:51:34.227+0200] {task_command.py:467} INFO - Running <TaskInstance: mini_riskagent_file_ingestion.wait_for_csv scheduled__2026-09-05T16:18:00+00:00 [running]> on host mac.home
[2026-09-05T18:51:34.243+0200] {taskinstance.py:3134} INFO - Exporting env vars: AIRFLOW_CTX_DAG_OWNER='autoquery' AIRFLOW_CTX_DAG_ID='mini_riskagent_file_ingestion' AIRFLOW_CTX_TASK_ID='wait_for_csv' AIRFLOW_CTX_EXECUTION_DATE='2026-09-05T16:18:00+00:00' AIRFLOW_CTX_TRY_NUMBER='1' AIRFLOW_CTX_DAG_RUN_ID='scheduled__2026-09-05T16:18:00+00:00'
[2026-09-05T18:51:34.243+0200] {logging_mixin.py:190} INFO - Task instance is in running state
[2026-09-05T18:51:34.243+0200] {logging_mixin.py:190} INFO -  Previous state of the Task instance: queued
[2026-09-05T18:51:34.243+0200] {logging_mixin.py:190} INFO - Current task name:wait_for_csv state:running start_date:2026-09-05 16:51:34.158347+00:00
[2026-09-05T18:51:34.243+0200] {logging_mixin.py:190} INFO - Dag name:mini_riskagent_file_ingestion and current dag run status:running
[2026-09-05T18:51:34.244+0200] {taskinstance.py:732} INFO - ::endgroup::
[2026-09-05T18:51:34.245+0200] {python.py:75} INFO - Poking callable: <function check_for_csv_files at 0x10c2bcc20>
[2026-09-05T18:51:34.248+0200] {taskinstance.py:310} INFO - Rescheduling task, marking task as UP_FOR_RESCHEDULE
[2026-09-05T18:51:34.248+0200] {taskinstance.py:341} INFO - ::group::Post task execution logs
[2026-09-05T18:51:34.272+0200] {local_task_job_runner.py:266} INFO - Task exited with return code 0
[2026-09-05T18:51:34.277+0200] {taskinstance.py:3901} INFO - 0 downstream tasks scheduled from follow-on schedule check
[2026-09-05T18:51:34.277+0200] {local_task_job_runner.py:245} INFO - ::endgroup::
[2026-09-05T18:52:06.499+0200] {local_task_job_runner.py:123} INFO - ::group::Pre task execution logs
[2026-09-05T18:52:06.502+0200] {taskinstance.py:2614} INFO - Dependencies all met for dep_context=non-requeueable deps ti=<TaskInstance: mini_riskagent_file_ingestion.wait_for_csv scheduled__2026-09-05T16:18:00+00:00 [queued]>
[2026-09-05T18:52:06.503+0200] {taskinstance.py:2614} INFO - Dependencies all met for dep_context=requeueable deps ti=<TaskInstance: mini_riskagent_file_ingestion.wait_for_csv scheduled__2026-09-05T16:18:00+00:00 [queued]>
[2026-09-05T18:52:06.504+0200] {taskinstance.py:2867} INFO - Starting attempt 1 of 2
[2026-09-05T18:52:06.507+0200] {taskinstance.py:2890} INFO - Executing <Task(PythonSensor): wait_for_csv> on 2026-09-05 16:18:00+00:00
[2026-09-05T18:52:06.511+0200] {standard_task_runner.py:104} INFO - Running: ['airflow', 'tasks', 'run', 'mini_riskagent_file_ingestion', 'wait_for_csv', 'scheduled__2026-09-05T16:18:00+00:00', '--job-id', '715', '--raw', '--subdir', 'DAGS_FOLDER/data_ingest_pipeline.py', '--cfg-path', '/var/folders/5p/201rr1sj03g8gksxm9x48mbh0000gn/T/tmp5gau1vv_']
[2026-09-05T18:52:06.512+0200] {standard_task_runner.py:105} INFO - Job 715: Subtask wait_for_csv
[2026-09-05T18:52:06.562+0200] {logging_mixin.py:190} WARNING - /Users/swarnalidatta/Desktop/AutoQueryChatbot/.airflow-venv/lib/python3.12/site-packages/airflow/task/task_runner/standard_task_runner.py:70 DeprecationWarning: This process (pid=25239) is multi-threaded, use of fork() may lead to deadlocks in the child.
[2026-09-05T18:52:06.562+0200] {standard_task_runner.py:72} INFO - Started process 25241 to run task
[2026-09-05T18:52:06.575+0200] {task_command.py:467} INFO - Running <TaskInstance: mini_riskagent_file_ingestion.wait_for_csv scheduled__2026-09-05T16:18:00+00:00 [running]> on host mac.home
[2026-09-05T18:52:06.590+0200] {taskinstance.py:3134} INFO - Exporting env vars: AIRFLOW_CTX_DAG_OWNER='autoquery' AIRFLOW_CTX_DAG_ID='mini_riskagent_file_ingestion' AIRFLOW_CTX_TASK_ID='wait_for_csv' AIRFLOW_CTX_EXECUTION_DATE='2026-09-05T16:18:00+00:00' AIRFLOW_CTX_TRY_NUMBER='1' AIRFLOW_CTX_DAG_RUN_ID='scheduled__2026-09-05T16:18:00+00:00'
[2026-09-05T18:52:06.591+0200] {logging_mixin.py:190} INFO - Task instance is in running state
[2026-09-05T18:52:06.591+0200] {logging_mixin.py:190} INFO -  Previous state of the Task instance: queued
[2026-09-05T18:52:06.591+0200] {logging_mixin.py:190} INFO - Current task name:wait_for_csv state:running start_date:2026-09-05 16:52:06.502586+00:00
[2026-09-05T18:52:06.591+0200] {logging_mixin.py:190} INFO - Dag name:mini_riskagent_file_ingestion and current dag run status:running
[2026-09-05T18:52:06.591+0200] {taskinstance.py:732} INFO - ::endgroup::
[2026-09-05T18:52:06.593+0200] {python.py:75} INFO - Poking callable: <function check_for_csv_files at 0x10a424c20>
[2026-09-05T18:52:06.596+0200] {taskinstance.py:310} INFO - Rescheduling task, marking task as UP_FOR_RESCHEDULE
[2026-09-05T18:52:06.596+0200] {taskinstance.py:341} INFO - ::group::Post task execution logs
[2026-09-05T18:52:06.617+0200] {local_task_job_runner.py:266} INFO - Task exited with return code 0
[2026-09-05T18:52:06.622+0200] {taskinstance.py:3901} INFO - 0 downstream tasks scheduled from follow-on schedule check
[2026-09-05T18:52:06.622+0200] {local_task_job_runner.py:245} INFO - ::endgroup::
[2026-09-05T18:52:38.876+0200] {local_task_job_runner.py:123} INFO - ::group::Pre task execution logs
[2026-09-05T18:52:38.878+0200] {taskinstance.py:2614} INFO - Dependencies all met for dep_context=non-requeueable deps ti=<TaskInstance: mini_riskagent_file_ingestion.wait_for_csv scheduled__2026-09-05T16:18:00+00:00 [queued]>
[2026-09-05T18:52:38.880+0200] {taskinstance.py:2614} INFO - Dependencies all met for dep_context=requeueable deps ti=<TaskInstance: mini_riskagent_file_ingestion.wait_for_csv scheduled__2026-09-05T16:18:00+00:00 [queued]>
[2026-09-05T18:52:38.880+0200] {taskinstance.py:2867} INFO - Starting attempt 1 of 2
[2026-09-05T18:52:38.884+0200] {taskinstance.py:2890} INFO - Executing <Task(PythonSensor): wait_for_csv> on 2026-09-05 16:18:00+00:00
[2026-09-05T18:52:38.888+0200] {standard_task_runner.py:104} INFO - Running: ['airflow', 'tasks', 'run', 'mini_riskagent_file_ingestion', 'wait_for_csv', 'scheduled__2026-09-05T16:18:00+00:00', '--job-id', '731', '--raw', '--subdir', 'DAGS_FOLDER/data_ingest_pipeline.py', '--cfg-path', '/var/folders/5p/201rr1sj03g8gksxm9x48mbh0000gn/T/tmp4bph0j9_']
[2026-09-05T18:52:38.888+0200] {standard_task_runner.py:105} INFO - Job 731: Subtask wait_for_csv
[2026-09-05T18:52:38.939+0200] {logging_mixin.py:190} WARNING - /Users/swarnalidatta/Desktop/AutoQueryChatbot/.airflow-venv/lib/python3.12/site-packages/airflow/task/task_runner/standard_task_runner.py:70 DeprecationWarning: This process (pid=25356) is multi-threaded, use of fork() may lead to deadlocks in the child.
[2026-09-05T18:52:38.939+0200] {standard_task_runner.py:72} INFO - Started process 25358 to run task
[2026-09-05T18:52:38.950+0200] {task_command.py:467} INFO - Running <TaskInstance: mini_riskagent_file_ingestion.wait_for_csv scheduled__2026-09-05T16:18:00+00:00 [running]> on host mac.home
[2026-09-05T18:52:38.965+0200] {taskinstance.py:3134} INFO - Exporting env vars: AIRFLOW_CTX_DAG_OWNER='autoquery' AIRFLOW_CTX_DAG_ID='mini_riskagent_file_ingestion' AIRFLOW_CTX_TASK_ID='wait_for_csv' AIRFLOW_CTX_EXECUTION_DATE='2026-09-05T16:18:00+00:00' AIRFLOW_CTX_TRY_NUMBER='1' AIRFLOW_CTX_DAG_RUN_ID='scheduled__2026-09-05T16:18:00+00:00'
[2026-09-05T18:52:38.965+0200] {logging_mixin.py:190} INFO - Task instance is in running state
[2026-09-05T18:52:38.965+0200] {logging_mixin.py:190} INFO -  Previous state of the Task instance: queued
[2026-09-05T18:52:38.966+0200] {logging_mixin.py:190} INFO - Current task name:wait_for_csv state:running start_date:2026-09-05 16:52:38.878954+00:00
[2026-09-05T18:52:38.966+0200] {logging_mixin.py:190} INFO - Dag name:mini_riskagent_file_ingestion and current dag run status:running
[2026-09-05T18:52:38.966+0200] {taskinstance.py:732} INFO - ::endgroup::
[2026-09-05T18:52:38.967+0200] {python.py:75} INFO - Poking callable: <function check_for_csv_files at 0x10b9e4c20>
[2026-09-05T18:52:38.971+0200] {taskinstance.py:310} INFO - Rescheduling task, marking task as UP_FOR_RESCHEDULE
[2026-09-05T18:52:38.971+0200] {taskinstance.py:341} INFO - ::group::Post task execution logs
[2026-09-05T18:52:38.994+0200] {local_task_job_runner.py:266} INFO - Task exited with return code 0
[2026-09-05T18:52:38.999+0200] {taskinstance.py:3901} INFO - 0 downstream tasks scheduled from follow-on schedule check
[2026-09-05T18:52:38.999+0200] {local_task_job_runner.py:245} INFO - ::endgroup::
[2026-09-05T18:53:11.603+0200] {local_task_job_runner.py:123} INFO - ::group::Pre task execution logs
[2026-09-05T18:53:11.606+0200] {taskinstance.py:2614} INFO - Dependencies all met for dep_context=non-requeueable deps ti=<TaskInstance: mini_riskagent_file_ingestion.wait_for_csv scheduled__2026-09-05T16:18:00+00:00 [queued]>
[2026-09-05T18:53:11.607+0200] {taskinstance.py:2614} INFO - Dependencies all met for dep_context=requeueable deps ti=<TaskInstance: mini_riskagent_file_ingestion.wait_for_csv scheduled__2026-09-05T16:18:00+00:00 [queued]>
[2026-09-05T18:53:11.607+0200] {taskinstance.py:2867} INFO - Starting attempt 1 of 2
[2026-09-05T18:53:11.611+0200] {taskinstance.py:2890} INFO - Executing <Task(PythonSensor): wait_for_csv> on 2026-09-05 16:18:00+00:00
[2026-09-05T18:53:11.615+0200] {standard_task_runner.py:104} INFO - Running: ['airflow', 'tasks', 'run', 'mini_riskagent_file_ingestion', 'wait_for_csv', 'scheduled__2026-09-05T16:18:00+00:00', '--job-id', '747', '--raw', '--subdir', 'DAGS_FOLDER/data_ingest_pipeline.py', '--cfg-path', '/var/folders/5p/201rr1sj03g8gksxm9x48mbh0000gn/T/tmp0_nt36gy']
[2026-09-05T18:53:11.616+0200] {standard_task_runner.py:105} INFO - Job 747: Subtask wait_for_csv
[2026-09-05T18:53:11.664+0200] {logging_mixin.py:190} WARNING - /Users/swarnalidatta/Desktop/AutoQueryChatbot/.airflow-venv/lib/python3.12/site-packages/airflow/task/task_runner/standard_task_runner.py:70 DeprecationWarning: This process (pid=25485) is multi-threaded, use of fork() may lead to deadlocks in the child.
[2026-09-05T18:53:11.665+0200] {standard_task_runner.py:72} INFO - Started process 25491 to run task
[2026-09-05T18:53:11.677+0200] {task_command.py:467} INFO - Running <TaskInstance: mini_riskagent_file_ingestion.wait_for_csv scheduled__2026-09-05T16:18:00+00:00 [running]> on host mac.home
[2026-09-05T18:53:11.693+0200] {taskinstance.py:3134} INFO - Exporting env vars: AIRFLOW_CTX_DAG_OWNER='autoquery' AIRFLOW_CTX_DAG_ID='mini_riskagent_file_ingestion' AIRFLOW_CTX_TASK_ID='wait_for_csv' AIRFLOW_CTX_EXECUTION_DATE='2026-09-05T16:18:00+00:00' AIRFLOW_CTX_TRY_NUMBER='1' AIRFLOW_CTX_DAG_RUN_ID='scheduled__2026-09-05T16:18:00+00:00'
[2026-09-05T18:53:11.693+0200] {logging_mixin.py:190} INFO - Task instance is in running state
[2026-09-05T18:53:11.694+0200] {logging_mixin.py:190} INFO -  Previous state of the Task instance: queued
[2026-09-05T18:53:11.694+0200] {logging_mixin.py:190} INFO - Current task name:wait_for_csv state:running start_date:2026-09-05 16:53:11.606462+00:00
[2026-09-05T18:53:11.694+0200] {logging_mixin.py:190} INFO - Dag name:mini_riskagent_file_ingestion and current dag run status:running
[2026-09-05T18:53:11.694+0200] {taskinstance.py:732} INFO - ::endgroup::
[2026-09-05T18:53:11.695+0200] {python.py:75} INFO - Poking callable: <function check_for_csv_files at 0x10cd00c20>
[2026-09-05T18:53:11.699+0200] {taskinstance.py:310} INFO - Rescheduling task, marking task as UP_FOR_RESCHEDULE
[2026-09-05T18:53:11.699+0200] {taskinstance.py:341} INFO - ::group::Post task execution logs
[2026-09-05T18:53:11.720+0200] {local_task_job_runner.py:266} INFO - Task exited with return code 0
[2026-09-05T18:53:11.725+0200] {taskinstance.py:3901} INFO - 0 downstream tasks scheduled from follow-on schedule check
[2026-09-05T18:53:11.725+0200] {local_task_job_runner.py:245} INFO - ::endgroup::
[2026-09-05T18:53:44.001+0200] {local_task_job_runner.py:123} INFO - ::group::Pre task execution logs
[2026-09-05T18:53:44.004+0200] {taskinstance.py:2614} INFO - Dependencies all met for dep_context=non-requeueable deps ti=<TaskInstance: mini_riskagent_file_ingestion.wait_for_csv scheduled__2026-09-05T16:18:00+00:00 [queued]>
[2026-09-05T18:53:44.005+0200] {taskinstance.py:2614} INFO - Dependencies all met for dep_context=requeueable deps ti=<TaskInstance: mini_riskagent_file_ingestion.wait_for_csv scheduled__2026-09-05T16:18:00+00:00 [queued]>
[2026-09-05T18:53:44.006+0200] {taskinstance.py:2867} INFO - Starting attempt 1 of 2
[2026-09-05T18:53:44.009+0200] {taskinstance.py:2890} INFO - Executing <Task(PythonSensor): wait_for_csv> on 2026-09-05 16:18:00+00:00
[2026-09-05T18:53:44.013+0200] {standard_task_runner.py:104} INFO - Running: ['airflow', 'tasks', 'run', 'mini_riskagent_file_ingestion', 'wait_for_csv', 'scheduled__2026-09-05T16:18:00+00:00', '--job-id', '763', '--raw', '--subdir', 'DAGS_FOLDER/data_ingest_pipeline.py', '--cfg-path', '/var/folders/5p/201rr1sj03g8gksxm9x48mbh0000gn/T/tmp4jcyy_7i']
[2026-09-05T18:53:44.014+0200] {standard_task_runner.py:105} INFO - Job 763: Subtask wait_for_csv
[2026-09-05T18:53:44.062+0200] {logging_mixin.py:190} WARNING - /Users/swarnalidatta/Desktop/AutoQueryChatbot/.airflow-venv/lib/python3.12/site-packages/airflow/task/task_runner/standard_task_runner.py:70 DeprecationWarning: This process (pid=25606) is multi-threaded, use of fork() may lead to deadlocks in the child.
[2026-09-05T18:53:44.063+0200] {standard_task_runner.py:72} INFO - Started process 25608 to run task
[2026-09-05T18:53:44.076+0200] {task_command.py:467} INFO - Running <TaskInstance: mini_riskagent_file_ingestion.wait_for_csv scheduled__2026-09-05T16:18:00+00:00 [running]> on host mac.home
[2026-09-05T18:53:44.092+0200] {taskinstance.py:3134} INFO - Exporting env vars: AIRFLOW_CTX_DAG_OWNER='autoquery' AIRFLOW_CTX_DAG_ID='mini_riskagent_file_ingestion' AIRFLOW_CTX_TASK_ID='wait_for_csv' AIRFLOW_CTX_EXECUTION_DATE='2026-09-05T16:18:00+00:00' AIRFLOW_CTX_TRY_NUMBER='1' AIRFLOW_CTX_DAG_RUN_ID='scheduled__2026-09-05T16:18:00+00:00'
[2026-09-05T18:53:44.092+0200] {logging_mixin.py:190} INFO - Task instance is in running state
[2026-09-05T18:53:44.092+0200] {logging_mixin.py:190} INFO -  Previous state of the Task instance: queued
[2026-09-05T18:53:44.092+0200] {logging_mixin.py:190} INFO - Current task name:wait_for_csv state:running start_date:2026-09-05 16:53:44.004659+00:00
[2026-09-05T18:53:44.092+0200] {logging_mixin.py:190} INFO - Dag name:mini_riskagent_file_ingestion and current dag run status:running
[2026-09-05T18:53:44.093+0200] {taskinstance.py:732} INFO - ::endgroup::
[2026-09-05T18:53:44.094+0200] {python.py:75} INFO - Poking callable: <function check_for_csv_files at 0x10a5d4c20>
[2026-09-05T18:53:44.097+0200] {taskinstance.py:310} INFO - Rescheduling task, marking task as UP_FOR_RESCHEDULE
[2026-09-05T18:53:44.097+0200] {taskinstance.py:341} INFO - ::group::Post task execution logs
[2026-09-05T18:53:44.118+0200] {local_task_job_runner.py:266} INFO - Task exited with return code 0
[2026-09-05T18:53:44.123+0200] {taskinstance.py:3901} INFO - 0 downstream tasks scheduled from follow-on schedule check
[2026-09-05T18:53:44.123+0200] {local_task_job_runner.py:245} INFO - ::endgroup::
[2026-09-05T18:54:16.284+0200] {local_task_job_runner.py:123} INFO - ::group::Pre task execution logs
[2026-09-05T18:54:16.287+0200] {taskinstance.py:2614} INFO - Dependencies all met for dep_context=non-requeueable deps ti=<TaskInstance: mini_riskagent_file_ingestion.wait_for_csv scheduled__2026-09-05T16:18:00+00:00 [queued]>
[2026-09-05T18:54:16.288+0200] {taskinstance.py:2614} INFO - Dependencies all met for dep_context=requeueable deps ti=<TaskInstance: mini_riskagent_file_ingestion.wait_for_csv scheduled__2026-09-05T16:18:00+00:00 [queued]>
[2026-09-05T18:54:16.288+0200] {taskinstance.py:2867} INFO - Starting attempt 1 of 2
[2026-09-05T18:54:16.292+0200] {taskinstance.py:2890} INFO - Executing <Task(PythonSensor): wait_for_csv> on 2026-09-05 16:18:00+00:00
[2026-09-05T18:54:16.296+0200] {standard_task_runner.py:104} INFO - Running: ['airflow', 'tasks', 'run', 'mini_riskagent_file_ingestion', 'wait_for_csv', 'scheduled__2026-09-05T16:18:00+00:00', '--job-id', '779', '--raw', '--subdir', 'DAGS_FOLDER/data_ingest_pipeline.py', '--cfg-path', '/var/folders/5p/201rr1sj03g8gksxm9x48mbh0000gn/T/tmpi1gfknao']
[2026-09-05T18:54:16.297+0200] {standard_task_runner.py:105} INFO - Job 779: Subtask wait_for_csv
[2026-09-05T18:54:16.347+0200] {logging_mixin.py:190} WARNING - /Users/swarnalidatta/Desktop/AutoQueryChatbot/.airflow-venv/lib/python3.12/site-packages/airflow/task/task_runner/standard_task_runner.py:70 DeprecationWarning: This process (pid=25714) is multi-threaded, use of fork() may lead to deadlocks in the child.
[2026-09-05T18:54:16.347+0200] {standard_task_runner.py:72} INFO - Started process 25716 to run task
[2026-09-05T18:54:16.359+0200] {task_command.py:467} INFO - Running <TaskInstance: mini_riskagent_file_ingestion.wait_for_csv scheduled__2026-09-05T16:18:00+00:00 [running]> on host mac.home
[2026-09-05T18:54:16.374+0200] {taskinstance.py:3134} INFO - Exporting env vars: AIRFLOW_CTX_DAG_OWNER='autoquery' AIRFLOW_CTX_DAG_ID='mini_riskagent_file_ingestion' AIRFLOW_CTX_TASK_ID='wait_for_csv' AIRFLOW_CTX_EXECUTION_DATE='2026-09-05T16:18:00+00:00' AIRFLOW_CTX_TRY_NUMBER='1' AIRFLOW_CTX_DAG_RUN_ID='scheduled__2026-09-05T16:18:00+00:00'
[2026-09-05T18:54:16.375+0200] {logging_mixin.py:190} INFO - Task instance is in running state
[2026-09-05T18:54:16.375+0200] {logging_mixin.py:190} INFO -  Previous state of the Task instance: queued
[2026-09-05T18:54:16.375+0200] {logging_mixin.py:190} INFO - Current task name:wait_for_csv state:running start_date:2026-09-05 16:54:16.287364+00:00
[2026-09-05T18:54:16.375+0200] {logging_mixin.py:190} INFO - Dag name:mini_riskagent_file_ingestion and current dag run status:running
[2026-09-05T18:54:16.375+0200] {taskinstance.py:732} INFO - ::endgroup::
[2026-09-05T18:54:16.377+0200] {python.py:75} INFO - Poking callable: <function check_for_csv_files at 0x10a380c20>
[2026-09-05T18:54:16.380+0200] {taskinstance.py:310} INFO - Rescheduling task, marking task as UP_FOR_RESCHEDULE
[2026-09-05T18:54:16.380+0200] {taskinstance.py:341} INFO - ::group::Post task execution logs
[2026-09-05T18:54:16.402+0200] {local_task_job_runner.py:266} INFO - Task exited with return code 0
[2026-09-05T18:54:16.407+0200] {taskinstance.py:3901} INFO - 0 downstream tasks scheduled from follow-on schedule check
[2026-09-05T18:54:16.407+0200] {local_task_job_runner.py:245} INFO - ::endgroup::
[2026-09-05T18:54:48.519+0200] {local_task_job_runner.py:123} INFO - ::group::Pre task execution logs
[2026-09-05T18:54:48.522+0200] {taskinstance.py:2614} INFO - Dependencies all met for dep_context=non-requeueable deps ti=<TaskInstance: mini_riskagent_file_ingestion.wait_for_csv scheduled__2026-09-05T16:18:00+00:00 [queued]>
[2026-09-05T18:54:48.523+0200] {taskinstance.py:2614} INFO - Dependencies all met for dep_context=requeueable deps ti=<TaskInstance: mini_riskagent_file_ingestion.wait_for_csv scheduled__2026-09-05T16:18:00+00:00 [queued]>
[2026-09-05T18:54:48.523+0200] {taskinstance.py:2867} INFO - Starting attempt 1 of 2
[2026-09-05T18:54:48.527+0200] {taskinstance.py:2890} INFO - Executing <Task(PythonSensor): wait_for_csv> on 2026-09-05 16:18:00+00:00
[2026-09-05T18:54:48.531+0200] {standard_task_runner.py:104} INFO - Running: ['airflow', 'tasks', 'run', 'mini_riskagent_file_ingestion', 'wait_for_csv', 'scheduled__2026-09-05T16:18:00+00:00', '--job-id', '795', '--raw', '--subdir', 'DAGS_FOLDER/data_ingest_pipeline.py', '--cfg-path', '/var/folders/5p/201rr1sj03g8gksxm9x48mbh0000gn/T/tmp4eay6_5m']
[2026-09-05T18:54:48.531+0200] {standard_task_runner.py:105} INFO - Job 795: Subtask wait_for_csv
[2026-09-05T18:54:48.581+0200] {logging_mixin.py:190} WARNING - /Users/swarnalidatta/Desktop/AutoQueryChatbot/.airflow-venv/lib/python3.12/site-packages/airflow/task/task_runner/standard_task_runner.py:70 DeprecationWarning: This process (pid=25827) is multi-threaded, use of fork() may lead to deadlocks in the child.
[2026-09-05T18:54:48.581+0200] {standard_task_runner.py:72} INFO - Started process 25829 to run task
[2026-09-05T18:54:48.594+0200] {task_command.py:467} INFO - Running <TaskInstance: mini_riskagent_file_ingestion.wait_for_csv scheduled__2026-09-05T16:18:00+00:00 [running]> on host mac.home
[2026-09-05T18:54:48.610+0200] {taskinstance.py:3134} INFO - Exporting env vars: AIRFLOW_CTX_DAG_OWNER='autoquery' AIRFLOW_CTX_DAG_ID='mini_riskagent_file_ingestion' AIRFLOW_CTX_TASK_ID='wait_for_csv' AIRFLOW_CTX_EXECUTION_DATE='2026-09-05T16:18:00+00:00' AIRFLOW_CTX_TRY_NUMBER='1' AIRFLOW_CTX_DAG_RUN_ID='scheduled__2026-09-05T16:18:00+00:00'
[2026-09-05T18:54:48.610+0200] {logging_mixin.py:190} INFO - Task instance is in running state
[2026-09-05T18:54:48.611+0200] {logging_mixin.py:190} INFO -  Previous state of the Task instance: queued
[2026-09-05T18:54:48.611+0200] {logging_mixin.py:190} INFO - Current task name:wait_for_csv state:running start_date:2026-09-05 16:54:48.522095+00:00
[2026-09-05T18:54:48.611+0200] {logging_mixin.py:190} INFO - Dag name:mini_riskagent_file_ingestion and current dag run status:running
[2026-09-05T18:54:48.611+0200] {taskinstance.py:732} INFO - ::endgroup::
[2026-09-05T18:54:48.612+0200] {python.py:75} INFO - Poking callable: <function check_for_csv_files at 0x10aa58c20>
[2026-09-05T18:54:48.615+0200] {taskinstance.py:310} INFO - Rescheduling task, marking task as UP_FOR_RESCHEDULE
[2026-09-05T18:54:48.616+0200] {taskinstance.py:341} INFO - ::group::Post task execution logs
[2026-09-05T18:54:48.636+0200] {local_task_job_runner.py:266} INFO - Task exited with return code 0
[2026-09-05T18:54:48.641+0200] {taskinstance.py:3901} INFO - 0 downstream tasks scheduled from follow-on schedule check
[2026-09-05T18:54:48.642+0200] {local_task_job_runner.py:245} INFO - ::endgroup::
[2026-09-05T18:55:20.653+0200] {local_task_job_runner.py:123} INFO - ::group::Pre task execution logs
[2026-09-05T18:55:20.656+0200] {taskinstance.py:2614} INFO - Dependencies all met for dep_context=non-requeueable deps ti=<TaskInstance: mini_riskagent_file_ingestion.wait_for_csv scheduled__2026-09-05T16:18:00+00:00 [queued]>
[2026-09-05T18:55:20.657+0200] {taskinstance.py:2614} INFO - Dependencies all met for dep_context=requeueable deps ti=<TaskInstance: mini_riskagent_file_ingestion.wait_for_csv scheduled__2026-09-05T16:18:00+00:00 [queued]>
[2026-09-05T18:55:20.657+0200] {taskinstance.py:2867} INFO - Starting attempt 1 of 2
[2026-09-05T18:55:20.661+0200] {taskinstance.py:2890} INFO - Executing <Task(PythonSensor): wait_for_csv> on 2026-09-05 16:18:00+00:00
[2026-09-05T18:55:20.665+0200] {standard_task_runner.py:104} INFO - Running: ['airflow', 'tasks', 'run', 'mini_riskagent_file_ingestion', 'wait_for_csv', 'scheduled__2026-09-05T16:18:00+00:00', '--job-id', '811', '--raw', '--subdir', 'DAGS_FOLDER/data_ingest_pipeline.py', '--cfg-path', '/var/folders/5p/201rr1sj03g8gksxm9x48mbh0000gn/T/tmpugrgt5_j']
[2026-09-05T18:55:20.666+0200] {standard_task_runner.py:105} INFO - Job 811: Subtask wait_for_csv
[2026-09-05T18:55:20.717+0200] {logging_mixin.py:190} WARNING - /Users/swarnalidatta/Desktop/AutoQueryChatbot/.airflow-venv/lib/python3.12/site-packages/airflow/task/task_runner/standard_task_runner.py:70 DeprecationWarning: This process (pid=25933) is multi-threaded, use of fork() may lead to deadlocks in the child.
[2026-09-05T18:55:20.717+0200] {standard_task_runner.py:72} INFO - Started process 25935 to run task
[2026-09-05T18:55:20.728+0200] {task_command.py:467} INFO - Running <TaskInstance: mini_riskagent_file_ingestion.wait_for_csv scheduled__2026-09-05T16:18:00+00:00 [running]> on host mac.home
[2026-09-05T18:55:20.743+0200] {taskinstance.py:3134} INFO - Exporting env vars: AIRFLOW_CTX_DAG_OWNER='autoquery' AIRFLOW_CTX_DAG_ID='mini_riskagent_file_ingestion' AIRFLOW_CTX_TASK_ID='wait_for_csv' AIRFLOW_CTX_EXECUTION_DATE='2026-09-05T16:18:00+00:00' AIRFLOW_CTX_TRY_NUMBER='1' AIRFLOW_CTX_DAG_RUN_ID='scheduled__2026-09-05T16:18:00+00:00'
[2026-09-05T18:55:20.743+0200] {logging_mixin.py:190} INFO - Task instance is in running state
[2026-09-05T18:55:20.744+0200] {logging_mixin.py:190} INFO -  Previous state of the Task instance: queued
[2026-09-05T18:55:20.744+0200] {logging_mixin.py:190} INFO - Current task name:wait_for_csv state:running start_date:2026-09-05 16:55:20.656372+00:00
[2026-09-05T18:55:20.744+0200] {logging_mixin.py:190} INFO - Dag name:mini_riskagent_file_ingestion and current dag run status:running
[2026-09-05T18:55:20.744+0200] {taskinstance.py:732} INFO - ::endgroup::
[2026-09-05T18:55:20.745+0200] {python.py:75} INFO - Poking callable: <function check_for_csv_files at 0x10a210c20>
[2026-09-05T18:55:20.749+0200] {taskinstance.py:310} INFO - Rescheduling task, marking task as UP_FOR_RESCHEDULE
[2026-09-05T18:55:20.749+0200] {taskinstance.py:341} INFO - ::group::Post task execution logs
[2026-09-05T18:55:20.773+0200] {local_task_job_runner.py:266} INFO - Task exited with return code 0
[2026-09-05T18:55:20.778+0200] {taskinstance.py:3901} INFO - 0 downstream tasks scheduled from follow-on schedule check
[2026-09-05T18:55:20.778+0200] {local_task_job_runner.py:245} INFO - ::endgroup::
[2026-09-05T18:55:52.645+0200] {local_task_job_runner.py:123} INFO - ::group::Pre task execution logs
[2026-09-05T18:55:52.648+0200] {taskinstance.py:2614} INFO - Dependencies all met for dep_context=non-requeueable deps ti=<TaskInstance: mini_riskagent_file_ingestion.wait_for_csv scheduled__2026-09-05T16:18:00+00:00 [queued]>
[2026-09-05T18:55:52.649+0200] {taskinstance.py:2614} INFO - Dependencies all met for dep_context=requeueable deps ti=<TaskInstance: mini_riskagent_file_ingestion.wait_for_csv scheduled__2026-09-05T16:18:00+00:00 [queued]>
[2026-09-05T18:55:52.649+0200] {taskinstance.py:2867} INFO - Starting attempt 1 of 2
[2026-09-05T18:55:52.653+0200] {taskinstance.py:2890} INFO - Executing <Task(PythonSensor): wait_for_csv> on 2026-09-05 16:18:00+00:00
[2026-09-05T18:55:52.657+0200] {standard_task_runner.py:104} INFO - Running: ['airflow', 'tasks', 'run', 'mini_riskagent_file_ingestion', 'wait_for_csv', 'scheduled__2026-09-05T16:18:00+00:00', '--job-id', '827', '--raw', '--subdir', 'DAGS_FOLDER/data_ingest_pipeline.py', '--cfg-path', '/var/folders/5p/201rr1sj03g8gksxm9x48mbh0000gn/T/tmpw0tg0kmh']
[2026-09-05T18:55:52.658+0200] {standard_task_runner.py:105} INFO - Job 827: Subtask wait_for_csv
[2026-09-05T18:55:52.706+0200] {logging_mixin.py:190} WARNING - /Users/swarnalidatta/Desktop/AutoQueryChatbot/.airflow-venv/lib/python3.12/site-packages/airflow/task/task_runner/standard_task_runner.py:70 DeprecationWarning: This process (pid=26243) is multi-threaded, use of fork() may lead to deadlocks in the child.
[2026-09-05T18:55:52.707+0200] {standard_task_runner.py:72} INFO - Started process 26245 to run task
[2026-09-05T18:55:52.719+0200] {task_command.py:467} INFO - Running <TaskInstance: mini_riskagent_file_ingestion.wait_for_csv scheduled__2026-09-05T16:18:00+00:00 [running]> on host mac.home
[2026-09-05T18:55:52.735+0200] {taskinstance.py:3134} INFO - Exporting env vars: AIRFLOW_CTX_DAG_OWNER='autoquery' AIRFLOW_CTX_DAG_ID='mini_riskagent_file_ingestion' AIRFLOW_CTX_TASK_ID='wait_for_csv' AIRFLOW_CTX_EXECUTION_DATE='2026-09-05T16:18:00+00:00' AIRFLOW_CTX_TRY_NUMBER='1' AIRFLOW_CTX_DAG_RUN_ID='scheduled__2026-09-05T16:18:00+00:00'
[2026-09-05T18:55:52.736+0200] {logging_mixin.py:190} INFO - Task instance is in running state
[2026-09-05T18:55:52.736+0200] {logging_mixin.py:190} INFO -  Previous state of the Task instance: queued
[2026-09-05T18:55:52.736+0200] {logging_mixin.py:190} INFO - Current task name:wait_for_csv state:running start_date:2026-09-05 16:55:52.648174+00:00
[2026-09-05T18:55:52.736+0200] {logging_mixin.py:190} INFO - Dag name:mini_riskagent_file_ingestion and current dag run status:running
[2026-09-05T18:55:52.736+0200] {taskinstance.py:732} INFO - ::endgroup::
[2026-09-05T18:55:52.738+0200] {python.py:75} INFO - Poking callable: <function check_for_csv_files at 0x10c280c20>
[2026-09-05T18:55:52.741+0200] {taskinstance.py:310} INFO - Rescheduling task, marking task as UP_FOR_RESCHEDULE
[2026-09-05T18:55:52.741+0200] {taskinstance.py:341} INFO - ::group::Post task execution logs
[2026-09-05T18:55:52.762+0200] {local_task_job_runner.py:266} INFO - Task exited with return code 0
[2026-09-05T18:55:52.767+0200] {taskinstance.py:3901} INFO - 0 downstream tasks scheduled from follow-on schedule check
[2026-09-05T18:55:52.767+0200] {local_task_job_runner.py:245} INFO - ::endgroup::
[2026-09-05T18:59:20.084+0200] {local_task_job_runner.py:123} INFO - ::group::Pre task execution logs
[2026-09-05T18:59:20.087+0200] {taskinstance.py:2614} INFO - Dependencies all met for dep_context=non-requeueable deps ti=<TaskInstance: mini_riskagent_file_ingestion.wait_for_csv scheduled__2026-09-05T16:18:00+00:00 [queued]>
[2026-09-05T18:59:20.088+0200] {taskinstance.py:2614} INFO - Dependencies all met for dep_context=requeueable deps ti=<TaskInstance: mini_riskagent_file_ingestion.wait_for_csv scheduled__2026-09-05T16:18:00+00:00 [queued]>
[2026-09-05T18:59:20.088+0200] {taskinstance.py:2867} INFO - Starting attempt 1 of 2
[2026-09-05T18:59:20.091+0200] {taskinstance.py:2890} INFO - Executing <Task(PythonSensor): wait_for_csv> on 2026-09-05 16:18:00+00:00
[2026-09-05T18:59:20.095+0200] {standard_task_runner.py:104} INFO - Running: ['airflow', 'tasks', 'run', 'mini_riskagent_file_ingestion', 'wait_for_csv', 'scheduled__2026-09-05T16:18:00+00:00', '--job-id', '840', '--raw', '--subdir', 'DAGS_FOLDER/data_ingest_pipeline.py', '--cfg-path', '/var/folders/5p/201rr1sj03g8gksxm9x48mbh0000gn/T/tmp68heuu9n']
[2026-09-05T18:59:20.096+0200] {standard_task_runner.py:105} INFO - Job 840: Subtask wait_for_csv
[2026-09-05T18:59:20.147+0200] {logging_mixin.py:190} WARNING - /Users/swarnalidatta/Desktop/AutoQueryChatbot/.airflow-venv/lib/python3.12/site-packages/airflow/task/task_runner/standard_task_runner.py:70 DeprecationWarning: This process (pid=26329) is multi-threaded, use of fork() may lead to deadlocks in the child.
[2026-09-05T18:59:20.147+0200] {standard_task_runner.py:72} INFO - Started process 26331 to run task
[2026-09-05T18:59:20.156+0200] {task_command.py:467} INFO - Running <TaskInstance: mini_riskagent_file_ingestion.wait_for_csv scheduled__2026-09-05T16:18:00+00:00 [running]> on host mac.home
[2026-09-05T18:59:20.171+0200] {taskinstance.py:3134} INFO - Exporting env vars: AIRFLOW_CTX_DAG_OWNER='autoquery' AIRFLOW_CTX_DAG_ID='mini_riskagent_file_ingestion' AIRFLOW_CTX_TASK_ID='wait_for_csv' AIRFLOW_CTX_EXECUTION_DATE='2026-09-05T16:18:00+00:00' AIRFLOW_CTX_TRY_NUMBER='1' AIRFLOW_CTX_DAG_RUN_ID='scheduled__2026-09-05T16:18:00+00:00'
[2026-09-05T18:59:20.172+0200] {logging_mixin.py:190} INFO - Task instance is in running state
[2026-09-05T18:59:20.172+0200] {logging_mixin.py:190} INFO -  Previous state of the Task instance: queued
[2026-09-05T18:59:20.172+0200] {logging_mixin.py:190} INFO - Current task name:wait_for_csv state:running start_date:2026-09-05 16:59:20.087234+00:00
[2026-09-05T18:59:20.172+0200] {logging_mixin.py:190} INFO - Dag name:mini_riskagent_file_ingestion and current dag run status:running
[2026-09-05T18:59:20.173+0200] {taskinstance.py:732} INFO - ::endgroup::
[2026-09-05T18:59:20.174+0200] {python.py:75} INFO - Poking callable: <function check_for_csv_files at 0x108b14c20>
[2026-09-05T18:59:20.177+0200] {taskinstance.py:310} INFO - Rescheduling task, marking task as UP_FOR_RESCHEDULE
[2026-09-05T18:59:20.177+0200] {taskinstance.py:341} INFO - ::group::Post task execution logs
[2026-09-05T18:59:20.202+0200] {local_task_job_runner.py:266} INFO - Task exited with return code 0
[2026-09-05T18:59:20.207+0200] {taskinstance.py:3901} INFO - 0 downstream tasks scheduled from follow-on schedule check
[2026-09-05T18:59:20.207+0200] {local_task_job_runner.py:245} INFO - ::endgroup::
[2026-09-05T18:59:53.668+0200] {local_task_job_runner.py:123} INFO - ::group::Pre task execution logs
[2026-09-05T18:59:53.671+0200] {taskinstance.py:2614} INFO - Dependencies all met for dep_context=non-requeueable deps ti=<TaskInstance: mini_riskagent_file_ingestion.wait_for_csv scheduled__2026-09-05T16:18:00+00:00 [queued]>
[2026-09-05T18:59:53.672+0200] {taskinstance.py:2614} INFO - Dependencies all met for dep_context=requeueable deps ti=<TaskInstance: mini_riskagent_file_ingestion.wait_for_csv scheduled__2026-09-05T16:18:00+00:00 [queued]>
[2026-09-05T18:59:53.672+0200] {taskinstance.py:2867} INFO - Starting attempt 1 of 2
[2026-09-05T18:59:53.676+0200] {taskinstance.py:2890} INFO - Executing <Task(PythonSensor): wait_for_csv> on 2026-09-05 16:18:00+00:00
[2026-09-05T18:59:53.680+0200] {standard_task_runner.py:104} INFO - Running: ['airflow', 'tasks', 'run', 'mini_riskagent_file_ingestion', 'wait_for_csv', 'scheduled__2026-09-05T16:18:00+00:00', '--job-id', '856', '--raw', '--subdir', 'DAGS_FOLDER/data_ingest_pipeline.py', '--cfg-path', '/var/folders/5p/201rr1sj03g8gksxm9x48mbh0000gn/T/tmpzn5f296c']
[2026-09-05T18:59:53.681+0200] {standard_task_runner.py:105} INFO - Job 856: Subtask wait_for_csv
[2026-09-05T18:59:53.729+0200] {logging_mixin.py:190} WARNING - /Users/swarnalidatta/Desktop/AutoQueryChatbot/.airflow-venv/lib/python3.12/site-packages/airflow/task/task_runner/standard_task_runner.py:70 DeprecationWarning: This process (pid=26440) is multi-threaded, use of fork() may lead to deadlocks in the child.
[2026-09-05T18:59:53.729+0200] {standard_task_runner.py:72} INFO - Started process 26444 to run task
[2026-09-05T18:59:53.742+0200] {task_command.py:467} INFO - Running <TaskInstance: mini_riskagent_file_ingestion.wait_for_csv scheduled__2026-09-05T16:18:00+00:00 [running]> on host mac.home
[2026-09-05T18:59:53.758+0200] {taskinstance.py:3134} INFO - Exporting env vars: AIRFLOW_CTX_DAG_OWNER='autoquery' AIRFLOW_CTX_DAG_ID='mini_riskagent_file_ingestion' AIRFLOW_CTX_TASK_ID='wait_for_csv' AIRFLOW_CTX_EXECUTION_DATE='2026-09-05T16:18:00+00:00' AIRFLOW_CTX_TRY_NUMBER='1' AIRFLOW_CTX_DAG_RUN_ID='scheduled__2026-09-05T16:18:00+00:00'
[2026-09-05T18:59:53.758+0200] {logging_mixin.py:190} INFO - Task instance is in running state
[2026-09-05T18:59:53.758+0200] {logging_mixin.py:190} INFO -  Previous state of the Task instance: queued
[2026-09-05T18:59:53.758+0200] {logging_mixin.py:190} INFO - Current task name:wait_for_csv state:running start_date:2026-09-05 16:59:53.671370+00:00
[2026-09-05T18:59:53.759+0200] {logging_mixin.py:190} INFO - Dag name:mini_riskagent_file_ingestion and current dag run status:running
[2026-09-05T18:59:53.759+0200] {taskinstance.py:732} INFO - ::endgroup::
[2026-09-05T18:59:53.760+0200] {python.py:75} INFO - Poking callable: <function check_for_csv_files at 0x10acc0c20>
[2026-09-05T18:59:53.763+0200] {taskinstance.py:310} INFO - Rescheduling task, marking task as UP_FOR_RESCHEDULE
[2026-09-05T18:59:53.764+0200] {taskinstance.py:341} INFO - ::group::Post task execution logs
[2026-09-05T18:59:53.785+0200] {local_task_job_runner.py:266} INFO - Task exited with return code 0
[2026-09-05T18:59:53.789+0200] {taskinstance.py:3901} INFO - 0 downstream tasks scheduled from follow-on schedule check
[2026-09-05T18:59:53.790+0200] {local_task_job_runner.py:245} INFO - ::endgroup::
[2026-09-05T19:00:26.091+0200] {local_task_job_runner.py:123} INFO - ::group::Pre task execution logs
[2026-09-05T19:00:26.093+0200] {taskinstance.py:2614} INFO - Dependencies all met for dep_context=non-requeueable deps ti=<TaskInstance: mini_riskagent_file_ingestion.wait_for_csv scheduled__2026-09-05T16:18:00+00:00 [queued]>
[2026-09-05T19:00:26.095+0200] {taskinstance.py:2614} INFO - Dependencies all met for dep_context=requeueable deps ti=<TaskInstance: mini_riskagent_file_ingestion.wait_for_csv scheduled__2026-09-05T16:18:00+00:00 [queued]>
[2026-09-05T19:00:26.095+0200] {taskinstance.py:2867} INFO - Starting attempt 1 of 2
[2026-09-05T19:00:26.099+0200] {taskinstance.py:2890} INFO - Executing <Task(PythonSensor): wait_for_csv> on 2026-09-05 16:18:00+00:00
[2026-09-05T19:00:26.103+0200] {standard_task_runner.py:104} INFO - Running: ['airflow', 'tasks', 'run', 'mini_riskagent_file_ingestion', 'wait_for_csv', 'scheduled__2026-09-05T16:18:00+00:00', '--job-id', '873', '--raw', '--subdir', 'DAGS_FOLDER/data_ingest_pipeline.py', '--cfg-path', '/var/folders/5p/201rr1sj03g8gksxm9x48mbh0000gn/T/tmpbqyni8d6']
[2026-09-05T19:00:26.104+0200] {standard_task_runner.py:105} INFO - Job 873: Subtask wait_for_csv
[2026-09-05T19:00:26.152+0200] {logging_mixin.py:190} WARNING - /Users/swarnalidatta/Desktop/AutoQueryChatbot/.airflow-venv/lib/python3.12/site-packages/airflow/task/task_runner/standard_task_runner.py:70 DeprecationWarning: This process (pid=26558) is multi-threaded, use of fork() may lead to deadlocks in the child.
[2026-09-05T19:00:26.152+0200] {standard_task_runner.py:72} INFO - Started process 26560 to run task
[2026-09-05T19:00:26.163+0200] {task_command.py:467} INFO - Running <TaskInstance: mini_riskagent_file_ingestion.wait_for_csv scheduled__2026-09-05T16:18:00+00:00 [running]> on host mac.home
[2026-09-05T19:00:26.178+0200] {taskinstance.py:3134} INFO - Exporting env vars: AIRFLOW_CTX_DAG_OWNER='autoquery' AIRFLOW_CTX_DAG_ID='mini_riskagent_file_ingestion' AIRFLOW_CTX_TASK_ID='wait_for_csv' AIRFLOW_CTX_EXECUTION_DATE='2026-09-05T16:18:00+00:00' AIRFLOW_CTX_TRY_NUMBER='1' AIRFLOW_CTX_DAG_RUN_ID='scheduled__2026-09-05T16:18:00+00:00'
[2026-09-05T19:00:26.179+0200] {logging_mixin.py:190} INFO - Task instance is in running state
[2026-09-05T19:00:26.179+0200] {logging_mixin.py:190} INFO -  Previous state of the Task instance: queued
[2026-09-05T19:00:26.179+0200] {logging_mixin.py:190} INFO - Current task name:wait_for_csv state:running start_date:2026-09-05 17:00:26.094002+00:00
[2026-09-05T19:00:26.179+0200] {logging_mixin.py:190} INFO - Dag name:mini_riskagent_file_ingestion and current dag run status:running
[2026-09-05T19:00:26.180+0200] {taskinstance.py:732} INFO - ::endgroup::
[2026-09-05T19:00:26.181+0200] {python.py:75} INFO - Poking callable: <function check_for_csv_files at 0x107fe0c20>
[2026-09-05T19:00:26.184+0200] {taskinstance.py:310} INFO - Rescheduling task, marking task as UP_FOR_RESCHEDULE
[2026-09-05T19:00:26.184+0200] {taskinstance.py:341} INFO - ::group::Post task execution logs
[2026-09-05T19:00:26.208+0200] {local_task_job_runner.py:266} INFO - Task exited with return code 0
[2026-09-05T19:00:26.213+0200] {taskinstance.py:3901} INFO - 0 downstream tasks scheduled from follow-on schedule check
[2026-09-05T19:00:26.213+0200] {local_task_job_runner.py:245} INFO - ::endgroup::
[2026-09-05T19:00:58.566+0200] {local_task_job_runner.py:123} INFO - ::group::Pre task execution logs
[2026-09-05T19:00:58.569+0200] {taskinstance.py:2614} INFO - Dependencies all met for dep_context=non-requeueable deps ti=<TaskInstance: mini_riskagent_file_ingestion.wait_for_csv scheduled__2026-09-05T16:18:00+00:00 [queued]>
[2026-09-05T19:00:58.570+0200] {taskinstance.py:2614} INFO - Dependencies all met for dep_context=requeueable deps ti=<TaskInstance: mini_riskagent_file_ingestion.wait_for_csv scheduled__2026-09-05T16:18:00+00:00 [queued]>
[2026-09-05T19:00:58.570+0200] {taskinstance.py:2867} INFO - Starting attempt 1 of 2
[2026-09-05T19:00:58.574+0200] {taskinstance.py:2890} INFO - Executing <Task(PythonSensor): wait_for_csv> on 2026-09-05 16:18:00+00:00
[2026-09-05T19:00:58.578+0200] {standard_task_runner.py:104} INFO - Running: ['airflow', 'tasks', 'run', 'mini_riskagent_file_ingestion', 'wait_for_csv', 'scheduled__2026-09-05T16:18:00+00:00', '--job-id', '889', '--raw', '--subdir', 'DAGS_FOLDER/data_ingest_pipeline.py', '--cfg-path', '/var/folders/5p/201rr1sj03g8gksxm9x48mbh0000gn/T/tmp1mczorte']
[2026-09-05T19:00:58.579+0200] {standard_task_runner.py:105} INFO - Job 889: Subtask wait_for_csv
[2026-09-05T19:00:58.628+0200] {logging_mixin.py:190} WARNING - /Users/swarnalidatta/Desktop/AutoQueryChatbot/.airflow-venv/lib/python3.12/site-packages/airflow/task/task_runner/standard_task_runner.py:70 DeprecationWarning: This process (pid=26676) is multi-threaded, use of fork() may lead to deadlocks in the child.
[2026-09-05T19:00:58.628+0200] {standard_task_runner.py:72} INFO - Started process 26678 to run task
[2026-09-05T19:00:58.639+0200] {task_command.py:467} INFO - Running <TaskInstance: mini_riskagent_file_ingestion.wait_for_csv scheduled__2026-09-05T16:18:00+00:00 [running]> on host mac.home
[2026-09-05T19:00:58.654+0200] {taskinstance.py:3134} INFO - Exporting env vars: AIRFLOW_CTX_DAG_OWNER='autoquery' AIRFLOW_CTX_DAG_ID='mini_riskagent_file_ingestion' AIRFLOW_CTX_TASK_ID='wait_for_csv' AIRFLOW_CTX_EXECUTION_DATE='2026-09-05T16:18:00+00:00' AIRFLOW_CTX_TRY_NUMBER='1' AIRFLOW_CTX_DAG_RUN_ID='scheduled__2026-09-05T16:18:00+00:00'
[2026-09-05T19:00:58.654+0200] {logging_mixin.py:190} INFO - Task instance is in running state
[2026-09-05T19:00:58.655+0200] {logging_mixin.py:190} INFO -  Previous state of the Task instance: queued
[2026-09-05T19:00:58.655+0200] {logging_mixin.py:190} INFO - Current task name:wait_for_csv state:running start_date:2026-09-05 17:00:58.569457+00:00
[2026-09-05T19:00:58.655+0200] {logging_mixin.py:190} INFO - Dag name:mini_riskagent_file_ingestion and current dag run status:running
[2026-09-05T19:00:58.655+0200] {taskinstance.py:732} INFO - ::endgroup::
[2026-09-05T19:00:58.656+0200] {python.py:75} INFO - Poking callable: <function check_for_csv_files at 0x10ac60c20>
[2026-09-05T19:00:58.660+0200] {taskinstance.py:310} INFO - Rescheduling task, marking task as UP_FOR_RESCHEDULE
[2026-09-05T19:00:58.660+0200] {taskinstance.py:341} INFO - ::group::Post task execution logs
[2026-09-05T19:00:58.683+0200] {local_task_job_runner.py:266} INFO - Task exited with return code 0
[2026-09-05T19:00:58.688+0200] {taskinstance.py:3901} INFO - 0 downstream tasks scheduled from follow-on schedule check
[2026-09-05T19:00:58.688+0200] {local_task_job_runner.py:245} INFO - ::endgroup::
[2026-09-05T19:01:32.420+0200] {local_task_job_runner.py:123} INFO - ::group::Pre task execution logs
[2026-09-05T19:01:32.423+0200] {taskinstance.py:2614} INFO - Dependencies all met for dep_context=non-requeueable deps ti=<TaskInstance: mini_riskagent_file_ingestion.wait_for_csv scheduled__2026-09-05T16:18:00+00:00 [queued]>
[2026-09-05T19:01:32.425+0200] {taskinstance.py:2614} INFO - Dependencies all met for dep_context=requeueable deps ti=<TaskInstance: mini_riskagent_file_ingestion.wait_for_csv scheduled__2026-09-05T16:18:00+00:00 [queued]>
[2026-09-05T19:01:32.425+0200] {taskinstance.py:2867} INFO - Starting attempt 1 of 2
[2026-09-05T19:01:32.428+0200] {taskinstance.py:2890} INFO - Executing <Task(PythonSensor): wait_for_csv> on 2026-09-05 16:18:00+00:00
[2026-09-05T19:01:32.433+0200] {standard_task_runner.py:104} INFO - Running: ['airflow', 'tasks', 'run', 'mini_riskagent_file_ingestion', 'wait_for_csv', 'scheduled__2026-09-05T16:18:00+00:00', '--job-id', '906', '--raw', '--subdir', 'DAGS_FOLDER/data_ingest_pipeline.py', '--cfg-path', '/var/folders/5p/201rr1sj03g8gksxm9x48mbh0000gn/T/tmppo23d1zn']
[2026-09-05T19:01:32.433+0200] {standard_task_runner.py:105} INFO - Job 906: Subtask wait_for_csv
[2026-09-05T19:01:32.488+0200] {logging_mixin.py:190} WARNING - /Users/swarnalidatta/Desktop/AutoQueryChatbot/.airflow-venv/lib/python3.12/site-packages/airflow/task/task_runner/standard_task_runner.py:70 DeprecationWarning: This process (pid=26791) is multi-threaded, use of fork() may lead to deadlocks in the child.
[2026-09-05T19:01:32.488+0200] {standard_task_runner.py:72} INFO - Started process 26793 to run task
[2026-09-05T19:01:32.503+0200] {task_command.py:467} INFO - Running <TaskInstance: mini_riskagent_file_ingestion.wait_for_csv scheduled__2026-09-05T16:18:00+00:00 [running]> on host mac.home
[2026-09-05T19:01:32.522+0200] {taskinstance.py:3134} INFO - Exporting env vars: AIRFLOW_CTX_DAG_OWNER='autoquery' AIRFLOW_CTX_DAG_ID='mini_riskagent_file_ingestion' AIRFLOW_CTX_TASK_ID='wait_for_csv' AIRFLOW_CTX_EXECUTION_DATE='2026-09-05T16:18:00+00:00' AIRFLOW_CTX_TRY_NUMBER='1' AIRFLOW_CTX_DAG_RUN_ID='scheduled__2026-09-05T16:18:00+00:00'
[2026-09-05T19:01:32.523+0200] {logging_mixin.py:190} INFO - Task instance is in running state
[2026-09-05T19:01:32.523+0200] {logging_mixin.py:190} INFO -  Previous state of the Task instance: queued
[2026-09-05T19:01:32.523+0200] {logging_mixin.py:190} INFO - Current task name:wait_for_csv state:running start_date:2026-09-05 17:01:32.423679+00:00
[2026-09-05T19:01:32.523+0200] {logging_mixin.py:190} INFO - Dag name:mini_riskagent_file_ingestion and current dag run status:running
[2026-09-05T19:01:32.523+0200] {taskinstance.py:732} INFO - ::endgroup::
[2026-09-05T19:01:32.525+0200] {python.py:75} INFO - Poking callable: <function check_for_csv_files at 0x109f84c20>
[2026-09-05T19:01:32.528+0200] {taskinstance.py:310} INFO - Rescheduling task, marking task as UP_FOR_RESCHEDULE
[2026-09-05T19:01:32.528+0200] {taskinstance.py:341} INFO - ::group::Post task execution logs
[2026-09-05T19:01:32.543+0200] {local_task_job_runner.py:266} INFO - Task exited with return code 0
[2026-09-05T19:01:32.548+0200] {taskinstance.py:3901} INFO - 0 downstream tasks scheduled from follow-on schedule check
[2026-09-05T19:01:32.548+0200] {local_task_job_runner.py:245} INFO - ::endgroup::
[2026-09-05T19:02:04.363+0200] {local_task_job_runner.py:123} INFO - ::group::Pre task execution logs
[2026-09-05T19:02:04.365+0200] {taskinstance.py:2614} INFO - Dependencies all met for dep_context=non-requeueable deps ti=<TaskInstance: mini_riskagent_file_ingestion.wait_for_csv scheduled__2026-09-05T16:18:00+00:00 [queued]>
[2026-09-05T19:02:04.367+0200] {taskinstance.py:2614} INFO - Dependencies all met for dep_context=requeueable deps ti=<TaskInstance: mini_riskagent_file_ingestion.wait_for_csv scheduled__2026-09-05T16:18:00+00:00 [queued]>
[2026-09-05T19:02:04.367+0200] {taskinstance.py:2867} INFO - Starting attempt 1 of 2
[2026-09-05T19:02:04.371+0200] {taskinstance.py:2890} INFO - Executing <Task(PythonSensor): wait_for_csv> on 2026-09-05 16:18:00+00:00
[2026-09-05T19:02:04.375+0200] {standard_task_runner.py:104} INFO - Running: ['airflow', 'tasks', 'run', 'mini_riskagent_file_ingestion', 'wait_for_csv', 'scheduled__2026-09-05T16:18:00+00:00', '--job-id', '922', '--raw', '--subdir', 'DAGS_FOLDER/data_ingest_pipeline.py', '--cfg-path', '/var/folders/5p/201rr1sj03g8gksxm9x48mbh0000gn/T/tmpz3izjxvd']
[2026-09-05T19:02:04.376+0200] {standard_task_runner.py:105} INFO - Job 922: Subtask wait_for_csv
[2026-09-05T19:02:04.426+0200] {logging_mixin.py:190} WARNING - /Users/swarnalidatta/Desktop/AutoQueryChatbot/.airflow-venv/lib/python3.12/site-packages/airflow/task/task_runner/standard_task_runner.py:70 DeprecationWarning: This process (pid=26903) is multi-threaded, use of fork() may lead to deadlocks in the child.
[2026-09-05T19:02:04.426+0200] {standard_task_runner.py:72} INFO - Started process 26905 to run task
[2026-09-05T19:02:04.438+0200] {task_command.py:467} INFO - Running <TaskInstance: mini_riskagent_file_ingestion.wait_for_csv scheduled__2026-09-05T16:18:00+00:00 [running]> on host mac.home
[2026-09-05T19:02:04.453+0200] {taskinstance.py:3134} INFO - Exporting env vars: AIRFLOW_CTX_DAG_OWNER='autoquery' AIRFLOW_CTX_DAG_ID='mini_riskagent_file_ingestion' AIRFLOW_CTX_TASK_ID='wait_for_csv' AIRFLOW_CTX_EXECUTION_DATE='2026-09-05T16:18:00+00:00' AIRFLOW_CTX_TRY_NUMBER='1' AIRFLOW_CTX_DAG_RUN_ID='scheduled__2026-09-05T16:18:00+00:00'
[2026-09-05T19:02:04.453+0200] {logging_mixin.py:190} INFO - Task instance is in running state
[2026-09-05T19:02:04.454+0200] {logging_mixin.py:190} INFO -  Previous state of the Task instance: queued
[2026-09-05T19:02:04.454+0200] {logging_mixin.py:190} INFO - Current task name:wait_for_csv state:running start_date:2026-09-05 17:02:04.366042+00:00
[2026-09-05T19:02:04.454+0200] {logging_mixin.py:190} INFO - Dag name:mini_riskagent_file_ingestion and current dag run status:running
[2026-09-05T19:02:04.454+0200] {taskinstance.py:732} INFO - ::endgroup::
[2026-09-05T19:02:04.455+0200] {python.py:75} INFO - Poking callable: <function check_for_csv_files at 0x115f00c20>
[2026-09-05T19:02:04.459+0200] {taskinstance.py:310} INFO - Rescheduling task, marking task as UP_FOR_RESCHEDULE
[2026-09-05T19:02:04.459+0200] {taskinstance.py:341} INFO - ::group::Post task execution logs
[2026-09-05T19:02:04.481+0200] {local_task_job_runner.py:266} INFO - Task exited with return code 0
[2026-09-05T19:02:04.486+0200] {taskinstance.py:3901} INFO - 0 downstream tasks scheduled from follow-on schedule check
[2026-09-05T19:02:04.486+0200] {local_task_job_runner.py:245} INFO - ::endgroup::
[2026-09-05T19:02:36.494+0200] {local_task_job_runner.py:123} INFO - ::group::Pre task execution logs
[2026-09-05T19:02:36.497+0200] {taskinstance.py:2614} INFO - Dependencies all met for dep_context=non-requeueable deps ti=<TaskInstance: mini_riskagent_file_ingestion.wait_for_csv scheduled__2026-09-05T16:18:00+00:00 [queued]>
[2026-09-05T19:02:36.498+0200] {taskinstance.py:2614} INFO - Dependencies all met for dep_context=requeueable deps ti=<TaskInstance: mini_riskagent_file_ingestion.wait_for_csv scheduled__2026-09-05T16:18:00+00:00 [queued]>
[2026-09-05T19:02:36.498+0200] {taskinstance.py:2867} INFO - Starting attempt 1 of 2
[2026-09-05T19:02:36.502+0200] {taskinstance.py:2890} INFO - Executing <Task(PythonSensor): wait_for_csv> on 2026-09-05 16:18:00+00:00
[2026-09-05T19:02:36.506+0200] {standard_task_runner.py:104} INFO - Running: ['airflow', 'tasks', 'run', 'mini_riskagent_file_ingestion', 'wait_for_csv', 'scheduled__2026-09-05T16:18:00+00:00', '--job-id', '938', '--raw', '--subdir', 'DAGS_FOLDER/data_ingest_pipeline.py', '--cfg-path', '/var/folders/5p/201rr1sj03g8gksxm9x48mbh0000gn/T/tmp83xyhilu']
[2026-09-05T19:02:36.507+0200] {standard_task_runner.py:105} INFO - Job 938: Subtask wait_for_csv
[2026-09-05T19:02:36.557+0200] {logging_mixin.py:190} WARNING - /Users/swarnalidatta/Desktop/AutoQueryChatbot/.airflow-venv/lib/python3.12/site-packages/airflow/task/task_runner/standard_task_runner.py:70 DeprecationWarning: This process (pid=27011) is multi-threaded, use of fork() may lead to deadlocks in the child.
[2026-09-05T19:02:36.557+0200] {standard_task_runner.py:72} INFO - Started process 27013 to run task
[2026-09-05T19:02:36.568+0200] {task_command.py:467} INFO - Running <TaskInstance: mini_riskagent_file_ingestion.wait_for_csv scheduled__2026-09-05T16:18:00+00:00 [running]> on host mac.home
[2026-09-05T19:02:36.583+0200] {taskinstance.py:3134} INFO - Exporting env vars: AIRFLOW_CTX_DAG_OWNER='autoquery' AIRFLOW_CTX_DAG_ID='mini_riskagent_file_ingestion' AIRFLOW_CTX_TASK_ID='wait_for_csv' AIRFLOW_CTX_EXECUTION_DATE='2026-09-05T16:18:00+00:00' AIRFLOW_CTX_TRY_NUMBER='1' AIRFLOW_CTX_DAG_RUN_ID='scheduled__2026-09-05T16:18:00+00:00'
[2026-09-05T19:02:36.584+0200] {logging_mixin.py:190} INFO - Task instance is in running state
[2026-09-05T19:02:36.584+0200] {logging_mixin.py:190} INFO -  Previous state of the Task instance: queued
[2026-09-05T19:02:36.584+0200] {logging_mixin.py:190} INFO - Current task name:wait_for_csv state:running start_date:2026-09-05 17:02:36.497330+00:00
[2026-09-05T19:02:36.584+0200] {logging_mixin.py:190} INFO - Dag name:mini_riskagent_file_ingestion and current dag run status:running
[2026-09-05T19:02:36.584+0200] {taskinstance.py:732} INFO - ::endgroup::
[2026-09-05T19:02:36.586+0200] {python.py:75} INFO - Poking callable: <function check_for_csv_files at 0x10a70cc20>
[2026-09-05T19:02:36.589+0200] {taskinstance.py:310} INFO - Rescheduling task, marking task as UP_FOR_RESCHEDULE
[2026-09-05T19:02:36.589+0200] {taskinstance.py:341} INFO - ::group::Post task execution logs
[2026-09-05T19:02:36.613+0200] {local_task_job_runner.py:266} INFO - Task exited with return code 0
[2026-09-05T19:02:36.617+0200] {taskinstance.py:3901} INFO - 0 downstream tasks scheduled from follow-on schedule check
[2026-09-05T19:02:36.618+0200] {local_task_job_runner.py:245} INFO - ::endgroup::
[2026-09-05T19:03:08.184+0200] {local_task_job_runner.py:123} INFO - ::group::Pre task execution logs
[2026-09-05T19:03:08.187+0200] {taskinstance.py:2614} INFO - Dependencies all met for dep_context=non-requeueable deps ti=<TaskInstance: mini_riskagent_file_ingestion.wait_for_csv scheduled__2026-09-05T16:18:00+00:00 [queued]>
[2026-09-05T19:03:08.189+0200] {taskinstance.py:2614} INFO - Dependencies all met for dep_context=requeueable deps ti=<TaskInstance: mini_riskagent_file_ingestion.wait_for_csv scheduled__2026-09-05T16:18:00+00:00 [queued]>
[2026-09-05T19:03:08.189+0200] {taskinstance.py:2867} INFO - Starting attempt 1 of 2
[2026-09-05T19:03:08.192+0200] {taskinstance.py:2890} INFO - Executing <Task(PythonSensor): wait_for_csv> on 2026-09-05 16:18:00+00:00
[2026-09-05T19:03:08.197+0200] {standard_task_runner.py:104} INFO - Running: ['airflow', 'tasks', 'run', 'mini_riskagent_file_ingestion', 'wait_for_csv', 'scheduled__2026-09-05T16:18:00+00:00', '--job-id', '954', '--raw', '--subdir', 'DAGS_FOLDER/data_ingest_pipeline.py', '--cfg-path', '/var/folders/5p/201rr1sj03g8gksxm9x48mbh0000gn/T/tmp3u8o8cyz']
[2026-09-05T19:03:08.197+0200] {standard_task_runner.py:105} INFO - Job 954: Subtask wait_for_csv
[2026-09-05T19:03:08.247+0200] {logging_mixin.py:190} WARNING - /Users/swarnalidatta/Desktop/AutoQueryChatbot/.airflow-venv/lib/python3.12/site-packages/airflow/task/task_runner/standard_task_runner.py:70 DeprecationWarning: This process (pid=27120) is multi-threaded, use of fork() may lead to deadlocks in the child.
[2026-09-05T19:03:08.247+0200] {standard_task_runner.py:72} INFO - Started process 27122 to run task
[2026-09-05T19:03:08.260+0200] {task_command.py:467} INFO - Running <TaskInstance: mini_riskagent_file_ingestion.wait_for_csv scheduled__2026-09-05T16:18:00+00:00 [running]> on host mac.home
[2026-09-05T19:03:08.276+0200] {taskinstance.py:3134} INFO - Exporting env vars: AIRFLOW_CTX_DAG_OWNER='autoquery' AIRFLOW_CTX_DAG_ID='mini_riskagent_file_ingestion' AIRFLOW_CTX_TASK_ID='wait_for_csv' AIRFLOW_CTX_EXECUTION_DATE='2026-09-05T16:18:00+00:00' AIRFLOW_CTX_TRY_NUMBER='1' AIRFLOW_CTX_DAG_RUN_ID='scheduled__2026-09-05T16:18:00+00:00'
[2026-09-05T19:03:08.277+0200] {logging_mixin.py:190} INFO - Task instance is in running state
[2026-09-05T19:03:08.277+0200] {logging_mixin.py:190} INFO -  Previous state of the Task instance: queued
[2026-09-05T19:03:08.277+0200] {logging_mixin.py:190} INFO - Current task name:wait_for_csv state:running start_date:2026-09-05 17:03:08.187689+00:00
[2026-09-05T19:03:08.277+0200] {logging_mixin.py:190} INFO - Dag name:mini_riskagent_file_ingestion and current dag run status:running
[2026-09-05T19:03:08.277+0200] {taskinstance.py:732} INFO - ::endgroup::
[2026-09-05T19:03:08.279+0200] {python.py:75} INFO - Poking callable: <function check_for_csv_files at 0x10c1a4c20>
[2026-09-05T19:03:08.282+0200] {taskinstance.py:310} INFO - Rescheduling task, marking task as UP_FOR_RESCHEDULE
[2026-09-05T19:03:08.282+0200] {taskinstance.py:341} INFO - ::group::Post task execution logs
[2026-09-05T19:03:08.302+0200] {local_task_job_runner.py:266} INFO - Task exited with return code 0
[2026-09-05T19:03:08.307+0200] {taskinstance.py:3901} INFO - 0 downstream tasks scheduled from follow-on schedule check
[2026-09-05T19:03:08.308+0200] {local_task_job_runner.py:245} INFO - ::endgroup::
[2026-09-05T19:03:40.395+0200] {local_task_job_runner.py:123} INFO - ::group::Pre task execution logs
[2026-09-05T19:03:40.398+0200] {taskinstance.py:2614} INFO - Dependencies all met for dep_context=non-requeueable deps ti=<TaskInstance: mini_riskagent_file_ingestion.wait_for_csv scheduled__2026-09-05T16:18:00+00:00 [queued]>
[2026-09-05T19:03:40.399+0200] {taskinstance.py:2614} INFO - Dependencies all met for dep_context=requeueable deps ti=<TaskInstance: mini_riskagent_file_ingestion.wait_for_csv scheduled__2026-09-05T16:18:00+00:00 [queued]>
[2026-09-05T19:03:40.399+0200] {taskinstance.py:2867} INFO - Starting attempt 1 of 2
[2026-09-05T19:03:40.403+0200] {taskinstance.py:2890} INFO - Executing <Task(PythonSensor): wait_for_csv> on 2026-09-05 16:18:00+00:00
[2026-09-05T19:03:40.407+0200] {standard_task_runner.py:104} INFO - Running: ['airflow', 'tasks', 'run', 'mini_riskagent_file_ingestion', 'wait_for_csv', 'scheduled__2026-09-05T16:18:00+00:00', '--job-id', '970', '--raw', '--subdir', 'DAGS_FOLDER/data_ingest_pipeline.py', '--cfg-path', '/var/folders/5p/201rr1sj03g8gksxm9x48mbh0000gn/T/tmp_i_ixq_2']
[2026-09-05T19:03:40.407+0200] {standard_task_runner.py:105} INFO - Job 970: Subtask wait_for_csv
[2026-09-05T19:03:40.458+0200] {logging_mixin.py:190} WARNING - /Users/swarnalidatta/Desktop/AutoQueryChatbot/.airflow-venv/lib/python3.12/site-packages/airflow/task/task_runner/standard_task_runner.py:70 DeprecationWarning: This process (pid=27236) is multi-threaded, use of fork() may lead to deadlocks in the child.
[2026-09-05T19:03:40.458+0200] {standard_task_runner.py:72} INFO - Started process 27238 to run task
[2026-09-05T19:03:40.470+0200] {task_command.py:467} INFO - Running <TaskInstance: mini_riskagent_file_ingestion.wait_for_csv scheduled__2026-09-05T16:18:00+00:00 [running]> on host mac.home
[2026-09-05T19:03:40.486+0200] {taskinstance.py:3134} INFO - Exporting env vars: AIRFLOW_CTX_DAG_OWNER='autoquery' AIRFLOW_CTX_DAG_ID='mini_riskagent_file_ingestion' AIRFLOW_CTX_TASK_ID='wait_for_csv' AIRFLOW_CTX_EXECUTION_DATE='2026-09-05T16:18:00+00:00' AIRFLOW_CTX_TRY_NUMBER='1' AIRFLOW_CTX_DAG_RUN_ID='scheduled__2026-09-05T16:18:00+00:00'
[2026-09-05T19:03:40.486+0200] {logging_mixin.py:190} INFO - Task instance is in running state
[2026-09-05T19:03:40.487+0200] {logging_mixin.py:190} INFO -  Previous state of the Task instance: queued
[2026-09-05T19:03:40.487+0200] {logging_mixin.py:190} INFO - Current task name:wait_for_csv state:running start_date:2026-09-05 17:03:40.398148+00:00
[2026-09-05T19:03:40.487+0200] {logging_mixin.py:190} INFO - Dag name:mini_riskagent_file_ingestion and current dag run status:running
[2026-09-05T19:03:40.487+0200] {taskinstance.py:732} INFO - ::endgroup::
[2026-09-05T19:03:40.488+0200] {python.py:75} INFO - Poking callable: <function check_for_csv_files at 0x108c94c20>
[2026-09-05T19:03:40.492+0200] {taskinstance.py:310} INFO - Rescheduling task, marking task as UP_FOR_RESCHEDULE
[2026-09-05T19:03:40.492+0200] {taskinstance.py:341} INFO - ::group::Post task execution logs
[2026-09-05T19:03:40.513+0200] {local_task_job_runner.py:266} INFO - Task exited with return code 0
[2026-09-05T19:03:40.518+0200] {taskinstance.py:3901} INFO - 0 downstream tasks scheduled from follow-on schedule check
[2026-09-05T19:03:40.518+0200] {local_task_job_runner.py:245} INFO - ::endgroup::
[2026-09-05T19:04:12.571+0200] {local_task_job_runner.py:123} INFO - ::group::Pre task execution logs
[2026-09-05T19:04:12.574+0200] {taskinstance.py:2614} INFO - Dependencies all met for dep_context=non-requeueable deps ti=<TaskInstance: mini_riskagent_file_ingestion.wait_for_csv scheduled__2026-09-05T16:18:00+00:00 [queued]>
[2026-09-05T19:04:12.575+0200] {taskinstance.py:2614} INFO - Dependencies all met for dep_context=requeueable deps ti=<TaskInstance: mini_riskagent_file_ingestion.wait_for_csv scheduled__2026-09-05T16:18:00+00:00 [queued]>
[2026-09-05T19:04:12.575+0200] {taskinstance.py:2867} INFO - Starting attempt 1 of 2
[2026-09-05T19:04:12.579+0200] {taskinstance.py:2890} INFO - Executing <Task(PythonSensor): wait_for_csv> on 2026-09-05 16:18:00+00:00
[2026-09-05T19:04:12.583+0200] {standard_task_runner.py:104} INFO - Running: ['airflow', 'tasks', 'run', 'mini_riskagent_file_ingestion', 'wait_for_csv', 'scheduled__2026-09-05T16:18:00+00:00', '--job-id', '986', '--raw', '--subdir', 'DAGS_FOLDER/data_ingest_pipeline.py', '--cfg-path', '/var/folders/5p/201rr1sj03g8gksxm9x48mbh0000gn/T/tmp2su32xhe']
[2026-09-05T19:04:12.584+0200] {standard_task_runner.py:105} INFO - Job 986: Subtask wait_for_csv
[2026-09-05T19:04:12.639+0200] {logging_mixin.py:190} WARNING - /Users/swarnalidatta/Desktop/AutoQueryChatbot/.airflow-venv/lib/python3.12/site-packages/airflow/task/task_runner/standard_task_runner.py:70 DeprecationWarning: This process (pid=27346) is multi-threaded, use of fork() may lead to deadlocks in the child.
[2026-09-05T19:04:12.640+0200] {standard_task_runner.py:72} INFO - Started process 27348 to run task
[2026-09-05T19:04:12.680+0200] {task_command.py:467} INFO - Running <TaskInstance: mini_riskagent_file_ingestion.wait_for_csv scheduled__2026-09-05T16:18:00+00:00 [running]> on host mac.home
[2026-09-05T19:04:12.697+0200] {taskinstance.py:3134} INFO - Exporting env vars: AIRFLOW_CTX_DAG_OWNER='autoquery' AIRFLOW_CTX_DAG_ID='mini_riskagent_file_ingestion' AIRFLOW_CTX_TASK_ID='wait_for_csv' AIRFLOW_CTX_EXECUTION_DATE='2026-09-05T16:18:00+00:00' AIRFLOW_CTX_TRY_NUMBER='1' AIRFLOW_CTX_DAG_RUN_ID='scheduled__2026-09-05T16:18:00+00:00'
[2026-09-05T19:04:12.697+0200] {logging_mixin.py:190} INFO - Task instance is in running state
[2026-09-05T19:04:12.698+0200] {logging_mixin.py:190} INFO -  Previous state of the Task instance: queued
[2026-09-05T19:04:12.698+0200] {logging_mixin.py:190} INFO - Current task name:wait_for_csv state:running start_date:2026-09-05 17:04:12.574425+00:00
[2026-09-05T19:04:12.698+0200] {logging_mixin.py:190} INFO - Dag name:mini_riskagent_file_ingestion and current dag run status:running
[2026-09-05T19:04:12.698+0200] {taskinstance.py:732} INFO - ::endgroup::
[2026-09-05T19:04:12.699+0200] {python.py:75} INFO - Poking callable: <function check_for_csv_files at 0x112f54c20>
[2026-09-05T19:04:12.703+0200] {taskinstance.py:310} INFO - Rescheduling task, marking task as UP_FOR_RESCHEDULE
[2026-09-05T19:04:12.703+0200] {taskinstance.py:341} INFO - ::group::Post task execution logs
[2026-09-05T19:04:12.742+0200] {local_task_job_runner.py:266} INFO - Task exited with return code 0
[2026-09-05T19:04:12.747+0200] {taskinstance.py:3901} INFO - 0 downstream tasks scheduled from follow-on schedule check
[2026-09-05T19:04:12.747+0200] {local_task_job_runner.py:245} INFO - ::endgroup::
[2026-09-05T19:04:44.687+0200] {local_task_job_runner.py:123} INFO - ::group::Pre task execution logs
[2026-09-05T19:04:44.690+0200] {taskinstance.py:2614} INFO - Dependencies all met for dep_context=non-requeueable deps ti=<TaskInstance: mini_riskagent_file_ingestion.wait_for_csv scheduled__2026-09-05T16:18:00+00:00 [queued]>
[2026-09-05T19:04:44.691+0200] {taskinstance.py:2614} INFO - Dependencies all met for dep_context=requeueable deps ti=<TaskInstance: mini_riskagent_file_ingestion.wait_for_csv scheduled__2026-09-05T16:18:00+00:00 [queued]>
[2026-09-05T19:04:44.692+0200] {taskinstance.py:2867} INFO - Starting attempt 1 of 2
[2026-09-05T19:04:44.696+0200] {taskinstance.py:2890} INFO - Executing <Task(PythonSensor): wait_for_csv> on 2026-09-05 16:18:00+00:00
[2026-09-05T19:04:44.700+0200] {standard_task_runner.py:104} INFO - Running: ['airflow', 'tasks', 'run', 'mini_riskagent_file_ingestion', 'wait_for_csv', 'scheduled__2026-09-05T16:18:00+00:00', '--job-id', '1002', '--raw', '--subdir', 'DAGS_FOLDER/data_ingest_pipeline.py', '--cfg-path', '/var/folders/5p/201rr1sj03g8gksxm9x48mbh0000gn/T/tmp8osjx858']
[2026-09-05T19:04:44.701+0200] {standard_task_runner.py:105} INFO - Job 1002: Subtask wait_for_csv
[2026-09-05T19:04:44.757+0200] {logging_mixin.py:190} WARNING - /Users/swarnalidatta/Desktop/AutoQueryChatbot/.airflow-venv/lib/python3.12/site-packages/airflow/task/task_runner/standard_task_runner.py:70 DeprecationWarning: This process (pid=27500) is multi-threaded, use of fork() may lead to deadlocks in the child.
[2026-09-05T19:04:44.757+0200] {standard_task_runner.py:72} INFO - Started process 27540 to run task
[2026-09-05T19:04:44.768+0200] {task_command.py:467} INFO - Running <TaskInstance: mini_riskagent_file_ingestion.wait_for_csv scheduled__2026-09-05T16:18:00+00:00 [running]> on host mac.home
[2026-09-05T19:04:44.786+0200] {taskinstance.py:3134} INFO - Exporting env vars: AIRFLOW_CTX_DAG_OWNER='autoquery' AIRFLOW_CTX_DAG_ID='mini_riskagent_file_ingestion' AIRFLOW_CTX_TASK_ID='wait_for_csv' AIRFLOW_CTX_EXECUTION_DATE='2026-09-05T16:18:00+00:00' AIRFLOW_CTX_TRY_NUMBER='1' AIRFLOW_CTX_DAG_RUN_ID='scheduled__2026-09-05T16:18:00+00:00'
[2026-09-05T19:04:44.787+0200] {logging_mixin.py:190} INFO - Task instance is in running state
[2026-09-05T19:04:44.787+0200] {logging_mixin.py:190} INFO -  Previous state of the Task instance: queued
[2026-09-05T19:04:44.787+0200] {logging_mixin.py:190} INFO - Current task name:wait_for_csv state:running start_date:2026-09-05 17:04:44.690427+00:00
[2026-09-05T19:04:44.787+0200] {logging_mixin.py:190} INFO - Dag name:mini_riskagent_file_ingestion and current dag run status:running
[2026-09-05T19:04:44.788+0200] {taskinstance.py:732} INFO - ::endgroup::
[2026-09-05T19:04:44.789+0200] {python.py:75} INFO - Poking callable: <function check_for_csv_files at 0x10aca8c20>
[2026-09-05T19:04:44.792+0200] {taskinstance.py:310} INFO - Rescheduling task, marking task as UP_FOR_RESCHEDULE
[2026-09-05T19:04:44.792+0200] {taskinstance.py:341} INFO - ::group::Post task execution logs
[2026-09-05T19:04:44.812+0200] {local_task_job_runner.py:266} INFO - Task exited with return code 0
[2026-09-05T19:04:44.818+0200] {taskinstance.py:3901} INFO - 0 downstream tasks scheduled from follow-on schedule check
[2026-09-05T19:04:44.818+0200] {local_task_job_runner.py:245} INFO - ::endgroup::
[2026-09-05T19:05:16.724+0200] {local_task_job_runner.py:123} INFO - ::group::Pre task execution logs
[2026-09-05T19:05:16.727+0200] {taskinstance.py:2614} INFO - Dependencies all met for dep_context=non-requeueable deps ti=<TaskInstance: mini_riskagent_file_ingestion.wait_for_csv scheduled__2026-09-05T16:18:00+00:00 [queued]>
[2026-09-05T19:05:16.728+0200] {taskinstance.py:2614} INFO - Dependencies all met for dep_context=requeueable deps ti=<TaskInstance: mini_riskagent_file_ingestion.wait_for_csv scheduled__2026-09-05T16:18:00+00:00 [queued]>
[2026-09-05T19:05:16.728+0200] {taskinstance.py:2867} INFO - Starting attempt 1 of 2
[2026-09-05T19:05:16.732+0200] {taskinstance.py:2890} INFO - Executing <Task(PythonSensor): wait_for_csv> on 2026-09-05 16:18:00+00:00
[2026-09-05T19:05:16.736+0200] {standard_task_runner.py:104} INFO - Running: ['airflow', 'tasks', 'run', 'mini_riskagent_file_ingestion', 'wait_for_csv', 'scheduled__2026-09-05T16:18:00+00:00', '--job-id', '1018', '--raw', '--subdir', 'DAGS_FOLDER/data_ingest_pipeline.py', '--cfg-path', '/var/folders/5p/201rr1sj03g8gksxm9x48mbh0000gn/T/tmp482lew3t']
[2026-09-05T19:05:16.737+0200] {standard_task_runner.py:105} INFO - Job 1018: Subtask wait_for_csv
[2026-09-05T19:05:16.787+0200] {logging_mixin.py:190} WARNING - /Users/swarnalidatta/Desktop/AutoQueryChatbot/.airflow-venv/lib/python3.12/site-packages/airflow/task/task_runner/standard_task_runner.py:70 DeprecationWarning: This process (pid=27775) is multi-threaded, use of fork() may lead to deadlocks in the child.
[2026-09-05T19:05:16.787+0200] {standard_task_runner.py:72} INFO - Started process 27777 to run task
[2026-09-05T19:05:16.798+0200] {task_command.py:467} INFO - Running <TaskInstance: mini_riskagent_file_ingestion.wait_for_csv scheduled__2026-09-05T16:18:00+00:00 [running]> on host mac.home
[2026-09-05T19:05:16.813+0200] {taskinstance.py:3134} INFO - Exporting env vars: AIRFLOW_CTX_DAG_OWNER='autoquery' AIRFLOW_CTX_DAG_ID='mini_riskagent_file_ingestion' AIRFLOW_CTX_TASK_ID='wait_for_csv' AIRFLOW_CTX_EXECUTION_DATE='2026-09-05T16:18:00+00:00' AIRFLOW_CTX_TRY_NUMBER='1' AIRFLOW_CTX_DAG_RUN_ID='scheduled__2026-09-05T16:18:00+00:00'
[2026-09-05T19:05:16.814+0200] {logging_mixin.py:190} INFO - Task instance is in running state
[2026-09-05T19:05:16.814+0200] {logging_mixin.py:190} INFO -  Previous state of the Task instance: queued
[2026-09-05T19:05:16.814+0200] {logging_mixin.py:190} INFO - Current task name:wait_for_csv state:running start_date:2026-09-05 17:05:16.727176+00:00
[2026-09-05T19:05:16.814+0200] {logging_mixin.py:190} INFO - Dag name:mini_riskagent_file_ingestion and current dag run status:running
[2026-09-05T19:05:16.815+0200] {taskinstance.py:732} INFO - ::endgroup::
[2026-09-05T19:05:16.816+0200] {python.py:75} INFO - Poking callable: <function check_for_csv_files at 0x1081a8c20>
[2026-09-05T19:05:16.819+0200] {taskinstance.py:310} INFO - Rescheduling task, marking task as UP_FOR_RESCHEDULE
[2026-09-05T19:05:16.819+0200] {taskinstance.py:341} INFO - ::group::Post task execution logs
[2026-09-05T19:05:16.843+0200] {local_task_job_runner.py:266} INFO - Task exited with return code 0
[2026-09-05T19:05:16.848+0200] {taskinstance.py:3901} INFO - 0 downstream tasks scheduled from follow-on schedule check
[2026-09-05T19:05:16.848+0200] {local_task_job_runner.py:245} INFO - ::endgroup::
[2026-09-05T19:05:49.172+0200] {local_task_job_runner.py:123} INFO - ::group::Pre task execution logs
[2026-09-05T19:05:49.175+0200] {taskinstance.py:2614} INFO - Dependencies all met for dep_context=non-requeueable deps ti=<TaskInstance: mini_riskagent_file_ingestion.wait_for_csv scheduled__2026-09-05T16:18:00+00:00 [queued]>
[2026-09-05T19:05:49.176+0200] {taskinstance.py:2614} INFO - Dependencies all met for dep_context=requeueable deps ti=<TaskInstance: mini_riskagent_file_ingestion.wait_for_csv scheduled__2026-09-05T16:18:00+00:00 [queued]>
[2026-09-05T19:05:49.176+0200] {taskinstance.py:2867} INFO - Starting attempt 1 of 2
[2026-09-05T19:05:49.180+0200] {taskinstance.py:2890} INFO - Executing <Task(PythonSensor): wait_for_csv> on 2026-09-05 16:18:00+00:00
[2026-09-05T19:05:49.185+0200] {standard_task_runner.py:104} INFO - Running: ['airflow', 'tasks', 'run', 'mini_riskagent_file_ingestion', 'wait_for_csv', 'scheduled__2026-09-05T16:18:00+00:00', '--job-id', '1034', '--raw', '--subdir', 'DAGS_FOLDER/data_ingest_pipeline.py', '--cfg-path', '/var/folders/5p/201rr1sj03g8gksxm9x48mbh0000gn/T/tmpt7v0vokz']
[2026-09-05T19:05:49.185+0200] {standard_task_runner.py:105} INFO - Job 1034: Subtask wait_for_csv
[2026-09-05T19:05:49.240+0200] {logging_mixin.py:190} WARNING - /Users/swarnalidatta/Desktop/AutoQueryChatbot/.airflow-venv/lib/python3.12/site-packages/airflow/task/task_runner/standard_task_runner.py:70 DeprecationWarning: This process (pid=27891) is multi-threaded, use of fork() may lead to deadlocks in the child.
[2026-09-05T19:05:49.240+0200] {standard_task_runner.py:72} INFO - Started process 27894 to run task
[2026-09-05T19:05:49.254+0200] {task_command.py:467} INFO - Running <TaskInstance: mini_riskagent_file_ingestion.wait_for_csv scheduled__2026-09-05T16:18:00+00:00 [running]> on host mac.home
[2026-09-05T19:05:49.269+0200] {taskinstance.py:3134} INFO - Exporting env vars: AIRFLOW_CTX_DAG_OWNER='autoquery' AIRFLOW_CTX_DAG_ID='mini_riskagent_file_ingestion' AIRFLOW_CTX_TASK_ID='wait_for_csv' AIRFLOW_CTX_EXECUTION_DATE='2026-09-05T16:18:00+00:00' AIRFLOW_CTX_TRY_NUMBER='1' AIRFLOW_CTX_DAG_RUN_ID='scheduled__2026-09-05T16:18:00+00:00'
[2026-09-05T19:05:49.270+0200] {logging_mixin.py:190} INFO - Task instance is in running state
[2026-09-05T19:05:49.270+0200] {logging_mixin.py:190} INFO -  Previous state of the Task instance: queued
[2026-09-05T19:05:49.270+0200] {logging_mixin.py:190} INFO - Current task name:wait_for_csv state:running start_date:2026-09-05 17:05:49.175181+00:00
[2026-09-05T19:05:49.270+0200] {logging_mixin.py:190} INFO - Dag name:mini_riskagent_file_ingestion and current dag run status:running
[2026-09-05T19:05:49.270+0200] {taskinstance.py:732} INFO - ::endgroup::
[2026-09-05T19:05:49.272+0200] {python.py:75} INFO - Poking callable: <function check_for_csv_files at 0x107fe4c20>
[2026-09-05T19:05:49.275+0200] {taskinstance.py:310} INFO - Rescheduling task, marking task as UP_FOR_RESCHEDULE
[2026-09-05T19:05:49.275+0200] {taskinstance.py:341} INFO - ::group::Post task execution logs
[2026-09-05T19:05:49.296+0200] {local_task_job_runner.py:266} INFO - Task exited with return code 0
[2026-09-05T19:05:49.301+0200] {taskinstance.py:3901} INFO - 0 downstream tasks scheduled from follow-on schedule check
[2026-09-05T19:05:49.301+0200] {local_task_job_runner.py:245} INFO - ::endgroup::
[2026-09-05T19:06:21.636+0200] {local_task_job_runner.py:123} INFO - ::group::Pre task execution logs
[2026-09-05T19:06:21.639+0200] {taskinstance.py:2614} INFO - Dependencies all met for dep_context=non-requeueable deps ti=<TaskInstance: mini_riskagent_file_ingestion.wait_for_csv scheduled__2026-09-05T16:18:00+00:00 [queued]>
[2026-09-05T19:06:21.640+0200] {taskinstance.py:2614} INFO - Dependencies all met for dep_context=requeueable deps ti=<TaskInstance: mini_riskagent_file_ingestion.wait_for_csv scheduled__2026-09-05T16:18:00+00:00 [queued]>
[2026-09-05T19:06:21.640+0200] {taskinstance.py:2867} INFO - Starting attempt 1 of 2
[2026-09-05T19:06:21.644+0200] {taskinstance.py:2890} INFO - Executing <Task(PythonSensor): wait_for_csv> on 2026-09-05 16:18:00+00:00
[2026-09-05T19:06:21.648+0200] {standard_task_runner.py:104} INFO - Running: ['airflow', 'tasks', 'run', 'mini_riskagent_file_ingestion', 'wait_for_csv', 'scheduled__2026-09-05T16:18:00+00:00', '--job-id', '1050', '--raw', '--subdir', 'DAGS_FOLDER/data_ingest_pipeline.py', '--cfg-path', '/var/folders/5p/201rr1sj03g8gksxm9x48mbh0000gn/T/tmpmjc4n5vx']
[2026-09-05T19:06:21.649+0200] {standard_task_runner.py:105} INFO - Job 1050: Subtask wait_for_csv
[2026-09-05T19:06:21.699+0200] {logging_mixin.py:190} WARNING - /Users/swarnalidatta/Desktop/AutoQueryChatbot/.airflow-venv/lib/python3.12/site-packages/airflow/task/task_runner/standard_task_runner.py:70 DeprecationWarning: This process (pid=28009) is multi-threaded, use of fork() may lead to deadlocks in the child.
[2026-09-05T19:06:21.700+0200] {standard_task_runner.py:72} INFO - Started process 28011 to run task
[2026-09-05T19:06:21.711+0200] {task_command.py:467} INFO - Running <TaskInstance: mini_riskagent_file_ingestion.wait_for_csv scheduled__2026-09-05T16:18:00+00:00 [running]> on host mac.home
[2026-09-05T19:06:21.726+0200] {taskinstance.py:3134} INFO - Exporting env vars: AIRFLOW_CTX_DAG_OWNER='autoquery' AIRFLOW_CTX_DAG_ID='mini_riskagent_file_ingestion' AIRFLOW_CTX_TASK_ID='wait_for_csv' AIRFLOW_CTX_EXECUTION_DATE='2026-09-05T16:18:00+00:00' AIRFLOW_CTX_TRY_NUMBER='1' AIRFLOW_CTX_DAG_RUN_ID='scheduled__2026-09-05T16:18:00+00:00'
[2026-09-05T19:06:21.726+0200] {logging_mixin.py:190} INFO - Task instance is in running state
[2026-09-05T19:06:21.726+0200] {logging_mixin.py:190} INFO -  Previous state of the Task instance: queued
[2026-09-05T19:06:21.727+0200] {logging_mixin.py:190} INFO - Current task name:wait_for_csv state:running start_date:2026-09-05 17:06:21.639180+00:00
[2026-09-05T19:06:21.727+0200] {logging_mixin.py:190} INFO - Dag name:mini_riskagent_file_ingestion and current dag run status:running
[2026-09-05T19:06:21.727+0200] {taskinstance.py:732} INFO - ::endgroup::
[2026-09-05T19:06:21.728+0200] {python.py:75} INFO - Poking callable: <function check_for_csv_files at 0x10a5d0c20>
[2026-09-05T19:06:21.731+0200] {taskinstance.py:310} INFO - Rescheduling task, marking task as UP_FOR_RESCHEDULE
[2026-09-05T19:06:21.732+0200] {taskinstance.py:341} INFO - ::group::Post task execution logs
[2026-09-05T19:06:21.755+0200] {local_task_job_runner.py:266} INFO - Task exited with return code 0
[2026-09-05T19:06:21.760+0200] {taskinstance.py:3901} INFO - 0 downstream tasks scheduled from follow-on schedule check
[2026-09-05T19:06:21.760+0200] {local_task_job_runner.py:245} INFO - ::endgroup::
[2026-09-05T19:06:54.150+0200] {local_task_job_runner.py:123} INFO - ::group::Pre task execution logs
[2026-09-05T19:06:54.153+0200] {taskinstance.py:2614} INFO - Dependencies all met for dep_context=non-requeueable deps ti=<TaskInstance: mini_riskagent_file_ingestion.wait_for_csv scheduled__2026-09-05T16:18:00+00:00 [queued]>
[2026-09-05T19:06:54.154+0200] {taskinstance.py:2614} INFO - Dependencies all met for dep_context=requeueable deps ti=<TaskInstance: mini_riskagent_file_ingestion.wait_for_csv scheduled__2026-09-05T16:18:00+00:00 [queued]>
[2026-09-05T19:06:54.154+0200] {taskinstance.py:2867} INFO - Starting attempt 1 of 2
[2026-09-05T19:06:54.158+0200] {taskinstance.py:2890} INFO - Executing <Task(PythonSensor): wait_for_csv> on 2026-09-05 16:18:00+00:00
[2026-09-05T19:06:54.162+0200] {standard_task_runner.py:104} INFO - Running: ['airflow', 'tasks', 'run', 'mini_riskagent_file_ingestion', 'wait_for_csv', 'scheduled__2026-09-05T16:18:00+00:00', '--job-id', '1066', '--raw', '--subdir', 'DAGS_FOLDER/data_ingest_pipeline.py', '--cfg-path', '/var/folders/5p/201rr1sj03g8gksxm9x48mbh0000gn/T/tmp0r0m_7o_']
[2026-09-05T19:06:54.163+0200] {standard_task_runner.py:105} INFO - Job 1066: Subtask wait_for_csv
[2026-09-05T19:06:54.213+0200] {logging_mixin.py:190} WARNING - /Users/swarnalidatta/Desktop/AutoQueryChatbot/.airflow-venv/lib/python3.12/site-packages/airflow/task/task_runner/standard_task_runner.py:70 DeprecationWarning: This process (pid=28125) is multi-threaded, use of fork() may lead to deadlocks in the child.
[2026-09-05T19:06:54.213+0200] {standard_task_runner.py:72} INFO - Started process 28127 to run task
[2026-09-05T19:06:54.224+0200] {task_command.py:467} INFO - Running <TaskInstance: mini_riskagent_file_ingestion.wait_for_csv scheduled__2026-09-05T16:18:00+00:00 [running]> on host mac.home
[2026-09-05T19:06:54.240+0200] {taskinstance.py:3134} INFO - Exporting env vars: AIRFLOW_CTX_DAG_OWNER='autoquery' AIRFLOW_CTX_DAG_ID='mini_riskagent_file_ingestion' AIRFLOW_CTX_TASK_ID='wait_for_csv' AIRFLOW_CTX_EXECUTION_DATE='2026-09-05T16:18:00+00:00' AIRFLOW_CTX_TRY_NUMBER='1' AIRFLOW_CTX_DAG_RUN_ID='scheduled__2026-09-05T16:18:00+00:00'
[2026-09-05T19:06:54.240+0200] {logging_mixin.py:190} INFO - Task instance is in running state
[2026-09-05T19:06:54.240+0200] {logging_mixin.py:190} INFO -  Previous state of the Task instance: queued
[2026-09-05T19:06:54.240+0200] {logging_mixin.py:190} INFO - Current task name:wait_for_csv state:running start_date:2026-09-05 17:06:54.153378+00:00
[2026-09-05T19:06:54.240+0200] {logging_mixin.py:190} INFO - Dag name:mini_riskagent_file_ingestion and current dag run status:running
[2026-09-05T19:06:54.241+0200] {taskinstance.py:732} INFO - ::endgroup::
[2026-09-05T19:06:54.242+0200] {python.py:75} INFO - Poking callable: <function check_for_csv_files at 0x10ca44c20>
[2026-09-05T19:06:54.245+0200] {taskinstance.py:310} INFO - Rescheduling task, marking task as UP_FOR_RESCHEDULE
[2026-09-05T19:06:54.245+0200] {taskinstance.py:341} INFO - ::group::Post task execution logs
[2026-09-05T19:06:54.268+0200] {local_task_job_runner.py:266} INFO - Task exited with return code 0
[2026-09-05T19:06:54.273+0200] {taskinstance.py:3901} INFO - 0 downstream tasks scheduled from follow-on schedule check
[2026-09-05T19:06:54.273+0200] {local_task_job_runner.py:245} INFO - ::endgroup::
[2026-09-05T19:07:26.071+0200] {local_task_job_runner.py:123} INFO - ::group::Pre task execution logs
[2026-09-05T19:07:26.074+0200] {taskinstance.py:2614} INFO - Dependencies all met for dep_context=non-requeueable deps ti=<TaskInstance: mini_riskagent_file_ingestion.wait_for_csv scheduled__2026-09-05T16:18:00+00:00 [queued]>
[2026-09-05T19:07:26.075+0200] {taskinstance.py:2614} INFO - Dependencies all met for dep_context=requeueable deps ti=<TaskInstance: mini_riskagent_file_ingestion.wait_for_csv scheduled__2026-09-05T16:18:00+00:00 [queued]>
[2026-09-05T19:07:26.075+0200] {taskinstance.py:2867} INFO - Starting attempt 1 of 2
[2026-09-05T19:07:26.079+0200] {taskinstance.py:2890} INFO - Executing <Task(PythonSensor): wait_for_csv> on 2026-09-05 16:18:00+00:00
[2026-09-05T19:07:26.083+0200] {standard_task_runner.py:104} INFO - Running: ['airflow', 'tasks', 'run', 'mini_riskagent_file_ingestion', 'wait_for_csv', 'scheduled__2026-09-05T16:18:00+00:00', '--job-id', '1082', '--raw', '--subdir', 'DAGS_FOLDER/data_ingest_pipeline.py', '--cfg-path', '/var/folders/5p/201rr1sj03g8gksxm9x48mbh0000gn/T/tmphq99xhog']
[2026-09-05T19:07:26.084+0200] {standard_task_runner.py:105} INFO - Job 1082: Subtask wait_for_csv
[2026-09-05T19:07:26.135+0200] {logging_mixin.py:190} WARNING - /Users/swarnalidatta/Desktop/AutoQueryChatbot/.airflow-venv/lib/python3.12/site-packages/airflow/task/task_runner/standard_task_runner.py:70 DeprecationWarning: This process (pid=28250) is multi-threaded, use of fork() may lead to deadlocks in the child.
[2026-09-05T19:07:26.135+0200] {standard_task_runner.py:72} INFO - Started process 28252 to run task
[2026-09-05T19:07:26.145+0200] {task_command.py:467} INFO - Running <TaskInstance: mini_riskagent_file_ingestion.wait_for_csv scheduled__2026-09-05T16:18:00+00:00 [running]> on host mac.home
[2026-09-05T19:07:26.160+0200] {taskinstance.py:3134} INFO - Exporting env vars: AIRFLOW_CTX_DAG_OWNER='autoquery' AIRFLOW_CTX_DAG_ID='mini_riskagent_file_ingestion' AIRFLOW_CTX_TASK_ID='wait_for_csv' AIRFLOW_CTX_EXECUTION_DATE='2026-09-05T16:18:00+00:00' AIRFLOW_CTX_TRY_NUMBER='1' AIRFLOW_CTX_DAG_RUN_ID='scheduled__2026-09-05T16:18:00+00:00'
[2026-09-05T19:07:26.161+0200] {logging_mixin.py:190} INFO - Task instance is in running state
[2026-09-05T19:07:26.161+0200] {logging_mixin.py:190} INFO -  Previous state of the Task instance: queued
[2026-09-05T19:07:26.161+0200] {logging_mixin.py:190} INFO - Current task name:wait_for_csv state:running start_date:2026-09-05 17:07:26.074283+00:00
[2026-09-05T19:07:26.161+0200] {logging_mixin.py:190} INFO - Dag name:mini_riskagent_file_ingestion and current dag run status:running
[2026-09-05T19:07:26.162+0200] {taskinstance.py:732} INFO - ::endgroup::
[2026-09-05T19:07:26.163+0200] {python.py:75} INFO - Poking callable: <function check_for_csv_files at 0x10c64cc20>
[2026-09-05T19:07:26.166+0200] {taskinstance.py:310} INFO - Rescheduling task, marking task as UP_FOR_RESCHEDULE
[2026-09-05T19:07:26.166+0200] {taskinstance.py:341} INFO - ::group::Post task execution logs
[2026-09-05T19:07:26.190+0200] {local_task_job_runner.py:266} INFO - Task exited with return code 0
[2026-09-05T19:07:26.195+0200] {taskinstance.py:3901} INFO - 0 downstream tasks scheduled from follow-on schedule check
[2026-09-05T19:07:26.195+0200] {local_task_job_runner.py:245} INFO - ::endgroup::
[2026-09-05T19:07:58.374+0200] {local_task_job_runner.py:123} INFO - ::group::Pre task execution logs
[2026-09-05T19:07:58.376+0200] {taskinstance.py:2614} INFO - Dependencies all met for dep_context=non-requeueable deps ti=<TaskInstance: mini_riskagent_file_ingestion.wait_for_csv scheduled__2026-09-05T16:18:00+00:00 [queued]>
[2026-09-05T19:07:58.378+0200] {taskinstance.py:2614} INFO - Dependencies all met for dep_context=requeueable deps ti=<TaskInstance: mini_riskagent_file_ingestion.wait_for_csv scheduled__2026-09-05T16:18:00+00:00 [queued]>
[2026-09-05T19:07:58.378+0200] {taskinstance.py:2867} INFO - Starting attempt 1 of 2
[2026-09-05T19:07:58.381+0200] {taskinstance.py:2890} INFO - Executing <Task(PythonSensor): wait_for_csv> on 2026-09-05 16:18:00+00:00
[2026-09-05T19:07:58.386+0200] {standard_task_runner.py:104} INFO - Running: ['airflow', 'tasks', 'run', 'mini_riskagent_file_ingestion', 'wait_for_csv', 'scheduled__2026-09-05T16:18:00+00:00', '--job-id', '1098', '--raw', '--subdir', 'DAGS_FOLDER/data_ingest_pipeline.py', '--cfg-path', '/var/folders/5p/201rr1sj03g8gksxm9x48mbh0000gn/T/tmpcfq8hj84']
[2026-09-05T19:07:58.386+0200] {standard_task_runner.py:105} INFO - Job 1098: Subtask wait_for_csv
[2026-09-05T19:07:58.437+0200] {logging_mixin.py:190} WARNING - /Users/swarnalidatta/Desktop/AutoQueryChatbot/.airflow-venv/lib/python3.12/site-packages/airflow/task/task_runner/standard_task_runner.py:70 DeprecationWarning: This process (pid=28368) is multi-threaded, use of fork() may lead to deadlocks in the child.
[2026-09-05T19:07:58.437+0200] {standard_task_runner.py:72} INFO - Started process 28370 to run task
[2026-09-05T19:07:58.448+0200] {task_command.py:467} INFO - Running <TaskInstance: mini_riskagent_file_ingestion.wait_for_csv scheduled__2026-09-05T16:18:00+00:00 [running]> on host mac.home
[2026-09-05T19:07:58.463+0200] {taskinstance.py:3134} INFO - Exporting env vars: AIRFLOW_CTX_DAG_OWNER='autoquery' AIRFLOW_CTX_DAG_ID='mini_riskagent_file_ingestion' AIRFLOW_CTX_TASK_ID='wait_for_csv' AIRFLOW_CTX_EXECUTION_DATE='2026-09-05T16:18:00+00:00' AIRFLOW_CTX_TRY_NUMBER='1' AIRFLOW_CTX_DAG_RUN_ID='scheduled__2026-09-05T16:18:00+00:00'
[2026-09-05T19:07:58.463+0200] {logging_mixin.py:190} INFO - Task instance is in running state
[2026-09-05T19:07:58.463+0200] {logging_mixin.py:190} INFO -  Previous state of the Task instance: queued
[2026-09-05T19:07:58.464+0200] {logging_mixin.py:190} INFO - Current task name:wait_for_csv state:running start_date:2026-09-05 17:07:58.376834+00:00
[2026-09-05T19:07:58.464+0200] {logging_mixin.py:190} INFO - Dag name:mini_riskagent_file_ingestion and current dag run status:running
[2026-09-05T19:07:58.464+0200] {taskinstance.py:732} INFO - ::endgroup::
[2026-09-05T19:07:58.465+0200] {python.py:75} INFO - Poking callable: <function check_for_csv_files at 0x10a3d0c20>
[2026-09-05T19:07:58.468+0200] {taskinstance.py:310} INFO - Rescheduling task, marking task as UP_FOR_RESCHEDULE
[2026-09-05T19:07:58.469+0200] {taskinstance.py:341} INFO - ::group::Post task execution logs
[2026-09-05T19:07:58.492+0200] {local_task_job_runner.py:266} INFO - Task exited with return code 0
[2026-09-05T19:07:58.497+0200] {taskinstance.py:3901} INFO - 0 downstream tasks scheduled from follow-on schedule check
[2026-09-05T19:07:58.497+0200] {local_task_job_runner.py:245} INFO - ::endgroup::
[2026-09-05T19:08:30.894+0200] {local_task_job_runner.py:123} INFO - ::group::Pre task execution logs
[2026-09-05T19:08:30.897+0200] {taskinstance.py:2614} INFO - Dependencies all met for dep_context=non-requeueable deps ti=<TaskInstance: mini_riskagent_file_ingestion.wait_for_csv scheduled__2026-09-05T16:18:00+00:00 [queued]>
[2026-09-05T19:08:30.898+0200] {taskinstance.py:2614} INFO - Dependencies all met for dep_context=requeueable deps ti=<TaskInstance: mini_riskagent_file_ingestion.wait_for_csv scheduled__2026-09-05T16:18:00+00:00 [queued]>
[2026-09-05T19:08:30.898+0200] {taskinstance.py:2867} INFO - Starting attempt 1 of 2
[2026-09-05T19:08:30.902+0200] {taskinstance.py:2890} INFO - Executing <Task(PythonSensor): wait_for_csv> on 2026-09-05 16:18:00+00:00
[2026-09-05T19:08:30.906+0200] {standard_task_runner.py:104} INFO - Running: ['airflow', 'tasks', 'run', 'mini_riskagent_file_ingestion', 'wait_for_csv', 'scheduled__2026-09-05T16:18:00+00:00', '--job-id', '1114', '--raw', '--subdir', 'DAGS_FOLDER/data_ingest_pipeline.py', '--cfg-path', '/var/folders/5p/201rr1sj03g8gksxm9x48mbh0000gn/T/tmpondbg73u']
[2026-09-05T19:08:30.907+0200] {standard_task_runner.py:105} INFO - Job 1114: Subtask wait_for_csv
[2026-09-05T19:08:30.956+0200] {logging_mixin.py:190} WARNING - /Users/swarnalidatta/Desktop/AutoQueryChatbot/.airflow-venv/lib/python3.12/site-packages/airflow/task/task_runner/standard_task_runner.py:70 DeprecationWarning: This process (pid=28489) is multi-threaded, use of fork() may lead to deadlocks in the child.
[2026-09-05T19:08:30.956+0200] {standard_task_runner.py:72} INFO - Started process 28491 to run task
[2026-09-05T19:08:30.969+0200] {task_command.py:467} INFO - Running <TaskInstance: mini_riskagent_file_ingestion.wait_for_csv scheduled__2026-09-05T16:18:00+00:00 [running]> on host mac.home
[2026-09-05T19:08:30.985+0200] {taskinstance.py:3134} INFO - Exporting env vars: AIRFLOW_CTX_DAG_OWNER='autoquery' AIRFLOW_CTX_DAG_ID='mini_riskagent_file_ingestion' AIRFLOW_CTX_TASK_ID='wait_for_csv' AIRFLOW_CTX_EXECUTION_DATE='2026-09-05T16:18:00+00:00' AIRFLOW_CTX_TRY_NUMBER='1' AIRFLOW_CTX_DAG_RUN_ID='scheduled__2026-09-05T16:18:00+00:00'
[2026-09-05T19:08:30.986+0200] {logging_mixin.py:190} INFO - Task instance is in running state
[2026-09-05T19:08:30.986+0200] {logging_mixin.py:190} INFO -  Previous state of the Task instance: queued
[2026-09-05T19:08:30.986+0200] {logging_mixin.py:190} INFO - Current task name:wait_for_csv state:running start_date:2026-09-05 17:08:30.897511+00:00
[2026-09-05T19:08:30.986+0200] {logging_mixin.py:190} INFO - Dag name:mini_riskagent_file_ingestion and current dag run status:running
[2026-09-05T19:08:30.986+0200] {taskinstance.py:732} INFO - ::endgroup::
[2026-09-05T19:08:30.988+0200] {python.py:75} INFO - Poking callable: <function check_for_csv_files at 0x10e9e4c20>
[2026-09-05T19:08:30.991+0200] {taskinstance.py:310} INFO - Rescheduling task, marking task as UP_FOR_RESCHEDULE
[2026-09-05T19:08:30.991+0200] {taskinstance.py:341} INFO - ::group::Post task execution logs
[2026-09-05T19:08:31.011+0200] {local_task_job_runner.py:266} INFO - Task exited with return code 0
[2026-09-05T19:08:31.016+0200] {taskinstance.py:3901} INFO - 0 downstream tasks scheduled from follow-on schedule check
[2026-09-05T19:08:31.016+0200] {local_task_job_runner.py:245} INFO - ::endgroup::
[2026-09-05T19:09:03.414+0200] {local_task_job_runner.py:123} INFO - ::group::Pre task execution logs
[2026-09-05T19:09:03.417+0200] {taskinstance.py:2614} INFO - Dependencies all met for dep_context=non-requeueable deps ti=<TaskInstance: mini_riskagent_file_ingestion.wait_for_csv scheduled__2026-09-05T16:18:00+00:00 [queued]>
[2026-09-05T19:09:03.418+0200] {taskinstance.py:2614} INFO - Dependencies all met for dep_context=requeueable deps ti=<TaskInstance: mini_riskagent_file_ingestion.wait_for_csv scheduled__2026-09-05T16:18:00+00:00 [queued]>
[2026-09-05T19:09:03.418+0200] {taskinstance.py:2867} INFO - Starting attempt 1 of 2
[2026-09-05T19:09:03.422+0200] {taskinstance.py:2890} INFO - Executing <Task(PythonSensor): wait_for_csv> on 2026-09-05 16:18:00+00:00
[2026-09-05T19:09:03.427+0200] {standard_task_runner.py:104} INFO - Running: ['airflow', 'tasks', 'run', 'mini_riskagent_file_ingestion', 'wait_for_csv', 'scheduled__2026-09-05T16:18:00+00:00', '--job-id', '1130', '--raw', '--subdir', 'DAGS_FOLDER/data_ingest_pipeline.py', '--cfg-path', '/var/folders/5p/201rr1sj03g8gksxm9x48mbh0000gn/T/tmpkefqmzl0']
[2026-09-05T19:09:03.428+0200] {standard_task_runner.py:105} INFO - Job 1130: Subtask wait_for_csv
[2026-09-05T19:09:03.480+0200] {logging_mixin.py:190} WARNING - /Users/swarnalidatta/Desktop/AutoQueryChatbot/.airflow-venv/lib/python3.12/site-packages/airflow/task/task_runner/standard_task_runner.py:70 DeprecationWarning: This process (pid=28609) is multi-threaded, use of fork() may lead to deadlocks in the child.
[2026-09-05T19:09:03.480+0200] {standard_task_runner.py:72} INFO - Started process 28611 to run task
[2026-09-05T19:09:03.491+0200] {task_command.py:467} INFO - Running <TaskInstance: mini_riskagent_file_ingestion.wait_for_csv scheduled__2026-09-05T16:18:00+00:00 [running]> on host mac.home
[2026-09-05T19:09:03.506+0200] {taskinstance.py:3134} INFO - Exporting env vars: AIRFLOW_CTX_DAG_OWNER='autoquery' AIRFLOW_CTX_DAG_ID='mini_riskagent_file_ingestion' AIRFLOW_CTX_TASK_ID='wait_for_csv' AIRFLOW_CTX_EXECUTION_DATE='2026-09-05T16:18:00+00:00' AIRFLOW_CTX_TRY_NUMBER='1' AIRFLOW_CTX_DAG_RUN_ID='scheduled__2026-09-05T16:18:00+00:00'
[2026-09-05T19:09:03.506+0200] {logging_mixin.py:190} INFO - Task instance is in running state
[2026-09-05T19:09:03.506+0200] {logging_mixin.py:190} INFO -  Previous state of the Task instance: queued
[2026-09-05T19:09:03.506+0200] {logging_mixin.py:190} INFO - Current task name:wait_for_csv state:running start_date:2026-09-05 17:09:03.417448+00:00
[2026-09-05T19:09:03.507+0200] {logging_mixin.py:190} INFO - Dag name:mini_riskagent_file_ingestion and current dag run status:running
[2026-09-05T19:09:03.507+0200] {taskinstance.py:732} INFO - ::endgroup::
[2026-09-05T19:09:03.508+0200] {python.py:75} INFO - Poking callable: <function check_for_csv_files at 0x108cdcc20>
[2026-09-05T19:09:03.511+0200] {taskinstance.py:310} INFO - Rescheduling task, marking task as UP_FOR_RESCHEDULE
[2026-09-05T19:09:03.511+0200] {taskinstance.py:341} INFO - ::group::Post task execution logs
[2026-09-05T19:09:03.535+0200] {local_task_job_runner.py:266} INFO - Task exited with return code 0
[2026-09-05T19:09:03.540+0200] {taskinstance.py:3901} INFO - 0 downstream tasks scheduled from follow-on schedule check
[2026-09-05T19:09:03.541+0200] {local_task_job_runner.py:245} INFO - ::endgroup::
[2026-09-05T19:09:35.679+0200] {local_task_job_runner.py:123} INFO - ::group::Pre task execution logs
[2026-09-05T19:09:35.681+0200] {taskinstance.py:2614} INFO - Dependencies all met for dep_context=non-requeueable deps ti=<TaskInstance: mini_riskagent_file_ingestion.wait_for_csv scheduled__2026-09-05T16:18:00+00:00 [queued]>
[2026-09-05T19:09:35.683+0200] {taskinstance.py:2614} INFO - Dependencies all met for dep_context=requeueable deps ti=<TaskInstance: mini_riskagent_file_ingestion.wait_for_csv scheduled__2026-09-05T16:18:00+00:00 [queued]>
[2026-09-05T19:09:35.683+0200] {taskinstance.py:2867} INFO - Starting attempt 1 of 2
[2026-09-05T19:09:35.686+0200] {taskinstance.py:2890} INFO - Executing <Task(PythonSensor): wait_for_csv> on 2026-09-05 16:18:00+00:00
[2026-09-05T19:09:35.690+0200] {standard_task_runner.py:104} INFO - Running: ['airflow', 'tasks', 'run', 'mini_riskagent_file_ingestion', 'wait_for_csv', 'scheduled__2026-09-05T16:18:00+00:00', '--job-id', '1146', '--raw', '--subdir', 'DAGS_FOLDER/data_ingest_pipeline.py', '--cfg-path', '/var/folders/5p/201rr1sj03g8gksxm9x48mbh0000gn/T/tmp6n8c67_j']
[2026-09-05T19:09:35.691+0200] {standard_task_runner.py:105} INFO - Job 1146: Subtask wait_for_csv
[2026-09-05T19:09:35.741+0200] {logging_mixin.py:190} WARNING - /Users/swarnalidatta/Desktop/AutoQueryChatbot/.airflow-venv/lib/python3.12/site-packages/airflow/task/task_runner/standard_task_runner.py:70 DeprecationWarning: This process (pid=28715) is multi-threaded, use of fork() may lead to deadlocks in the child.
[2026-09-05T19:09:35.741+0200] {standard_task_runner.py:72} INFO - Started process 28717 to run task
[2026-09-05T19:09:35.752+0200] {task_command.py:467} INFO - Running <TaskInstance: mini_riskagent_file_ingestion.wait_for_csv scheduled__2026-09-05T16:18:00+00:00 [running]> on host mac.home
[2026-09-05T19:09:35.768+0200] {taskinstance.py:3134} INFO - Exporting env vars: AIRFLOW_CTX_DAG_OWNER='autoquery' AIRFLOW_CTX_DAG_ID='mini_riskagent_file_ingestion' AIRFLOW_CTX_TASK_ID='wait_for_csv' AIRFLOW_CTX_EXECUTION_DATE='2026-09-05T16:18:00+00:00' AIRFLOW_CTX_TRY_NUMBER='1' AIRFLOW_CTX_DAG_RUN_ID='scheduled__2026-09-05T16:18:00+00:00'
[2026-09-05T19:09:35.768+0200] {logging_mixin.py:190} INFO - Task instance is in running state
[2026-09-05T19:09:35.768+0200] {logging_mixin.py:190} INFO -  Previous state of the Task instance: queued
[2026-09-05T19:09:35.769+0200] {logging_mixin.py:190} INFO - Current task name:wait_for_csv state:running start_date:2026-09-05 17:09:35.681829+00:00
[2026-09-05T19:09:35.769+0200] {logging_mixin.py:190} INFO - Dag name:mini_riskagent_file_ingestion and current dag run status:running
[2026-09-05T19:09:35.769+0200] {taskinstance.py:732} INFO - ::endgroup::
[2026-09-05T19:09:35.770+0200] {python.py:75} INFO - Poking callable: <function check_for_csv_files at 0x10876cc20>
[2026-09-05T19:09:35.773+0200] {taskinstance.py:310} INFO - Rescheduling task, marking task as UP_FOR_RESCHEDULE
[2026-09-05T19:09:35.774+0200] {taskinstance.py:341} INFO - ::group::Post task execution logs
[2026-09-05T19:09:35.796+0200] {local_task_job_runner.py:266} INFO - Task exited with return code 0
[2026-09-05T19:09:35.802+0200] {taskinstance.py:3901} INFO - 0 downstream tasks scheduled from follow-on schedule check
[2026-09-05T19:09:35.802+0200] {local_task_job_runner.py:245} INFO - ::endgroup::
[2026-09-05T19:10:06.634+0200] {local_task_job_runner.py:123} INFO - ::group::Pre task execution logs
[2026-09-05T19:10:06.637+0200] {taskinstance.py:2614} INFO - Dependencies all met for dep_context=non-requeueable deps ti=<TaskInstance: mini_riskagent_file_ingestion.wait_for_csv scheduled__2026-09-05T16:18:00+00:00 [queued]>
[2026-09-05T19:10:06.638+0200] {taskinstance.py:2614} INFO - Dependencies all met for dep_context=requeueable deps ti=<TaskInstance: mini_riskagent_file_ingestion.wait_for_csv scheduled__2026-09-05T16:18:00+00:00 [queued]>
[2026-09-05T19:10:06.639+0200] {taskinstance.py:2867} INFO - Starting attempt 1 of 2
[2026-09-05T19:10:06.642+0200] {taskinstance.py:2890} INFO - Executing <Task(PythonSensor): wait_for_csv> on 2026-09-05 16:18:00+00:00
[2026-09-05T19:10:06.647+0200] {standard_task_runner.py:104} INFO - Running: ['airflow', 'tasks', 'run', 'mini_riskagent_file_ingestion', 'wait_for_csv', 'scheduled__2026-09-05T16:18:00+00:00', '--job-id', '1161', '--raw', '--subdir', 'DAGS_FOLDER/data_ingest_pipeline.py', '--cfg-path', '/var/folders/5p/201rr1sj03g8gksxm9x48mbh0000gn/T/tmpgeboeslr']
[2026-09-05T19:10:06.647+0200] {standard_task_runner.py:105} INFO - Job 1161: Subtask wait_for_csv
[2026-09-05T19:10:06.698+0200] {logging_mixin.py:190} WARNING - /Users/swarnalidatta/Desktop/AutoQueryChatbot/.airflow-venv/lib/python3.12/site-packages/airflow/task/task_runner/standard_task_runner.py:70 DeprecationWarning: This process (pid=28819) is multi-threaded, use of fork() may lead to deadlocks in the child.
[2026-09-05T19:10:06.699+0200] {standard_task_runner.py:72} INFO - Started process 28821 to run task
[2026-09-05T19:10:06.709+0200] {task_command.py:467} INFO - Running <TaskInstance: mini_riskagent_file_ingestion.wait_for_csv scheduled__2026-09-05T16:18:00+00:00 [running]> on host mac.home
[2026-09-05T19:10:06.725+0200] {taskinstance.py:3134} INFO - Exporting env vars: AIRFLOW_CTX_DAG_OWNER='autoquery' AIRFLOW_CTX_DAG_ID='mini_riskagent_file_ingestion' AIRFLOW_CTX_TASK_ID='wait_for_csv' AIRFLOW_CTX_EXECUTION_DATE='2026-09-05T16:18:00+00:00' AIRFLOW_CTX_TRY_NUMBER='1' AIRFLOW_CTX_DAG_RUN_ID='scheduled__2026-09-05T16:18:00+00:00'
[2026-09-05T19:10:06.725+0200] {logging_mixin.py:190} INFO - Task instance is in running state
[2026-09-05T19:10:06.725+0200] {logging_mixin.py:190} INFO -  Previous state of the Task instance: queued
[2026-09-05T19:10:06.725+0200] {logging_mixin.py:190} INFO - Current task name:wait_for_csv state:running start_date:2026-09-05 17:10:06.637567+00:00
[2026-09-05T19:10:06.726+0200] {logging_mixin.py:190} INFO - Dag name:mini_riskagent_file_ingestion and current dag run status:running
[2026-09-05T19:10:06.726+0200] {taskinstance.py:732} INFO - ::endgroup::
[2026-09-05T19:10:06.727+0200] {python.py:75} INFO - Poking callable: <function check_for_csv_files at 0x10c7f8c20>
[2026-09-05T19:10:06.730+0200] {taskinstance.py:310} INFO - Rescheduling task, marking task as UP_FOR_RESCHEDULE
[2026-09-05T19:10:06.730+0200] {taskinstance.py:341} INFO - ::group::Post task execution logs
[2026-09-05T19:10:06.754+0200] {local_task_job_runner.py:266} INFO - Task exited with return code 0
[2026-09-05T19:10:06.759+0200] {taskinstance.py:3901} INFO - 0 downstream tasks scheduled from follow-on schedule check
[2026-09-05T19:10:06.759+0200] {local_task_job_runner.py:245} INFO - ::endgroup::
[2026-09-05T19:10:37.965+0200] {local_task_job_runner.py:123} INFO - ::group::Pre task execution logs
[2026-09-05T19:10:37.967+0200] {taskinstance.py:2614} INFO - Dependencies all met for dep_context=non-requeueable deps ti=<TaskInstance: mini_riskagent_file_ingestion.wait_for_csv scheduled__2026-09-05T16:18:00+00:00 [queued]>
[2026-09-05T19:10:37.969+0200] {taskinstance.py:2614} INFO - Dependencies all met for dep_context=requeueable deps ti=<TaskInstance: mini_riskagent_file_ingestion.wait_for_csv scheduled__2026-09-05T16:18:00+00:00 [queued]>
[2026-09-05T19:10:37.969+0200] {taskinstance.py:2867} INFO - Starting attempt 1 of 2
[2026-09-05T19:10:37.972+0200] {taskinstance.py:2890} INFO - Executing <Task(PythonSensor): wait_for_csv> on 2026-09-05 16:18:00+00:00
[2026-09-05T19:10:37.977+0200] {standard_task_runner.py:104} INFO - Running: ['airflow', 'tasks', 'run', 'mini_riskagent_file_ingestion', 'wait_for_csv', 'scheduled__2026-09-05T16:18:00+00:00', '--job-id', '1177', '--raw', '--subdir', 'DAGS_FOLDER/data_ingest_pipeline.py', '--cfg-path', '/var/folders/5p/201rr1sj03g8gksxm9x48mbh0000gn/T/tmp7zwlfmc5']
[2026-09-05T19:10:37.978+0200] {standard_task_runner.py:105} INFO - Job 1177: Subtask wait_for_csv
[2026-09-05T19:10:38.029+0200] {logging_mixin.py:190} WARNING - /Users/swarnalidatta/Desktop/AutoQueryChatbot/.airflow-venv/lib/python3.12/site-packages/airflow/task/task_runner/standard_task_runner.py:70 DeprecationWarning: This process (pid=28937) is multi-threaded, use of fork() may lead to deadlocks in the child.
[2026-09-05T19:10:38.029+0200] {standard_task_runner.py:72} INFO - Started process 28939 to run task
[2026-09-05T19:10:38.042+0200] {task_command.py:467} INFO - Running <TaskInstance: mini_riskagent_file_ingestion.wait_for_csv scheduled__2026-09-05T16:18:00+00:00 [running]> on host mac.home
[2026-09-05T19:10:38.058+0200] {taskinstance.py:3134} INFO - Exporting env vars: AIRFLOW_CTX_DAG_OWNER='autoquery' AIRFLOW_CTX_DAG_ID='mini_riskagent_file_ingestion' AIRFLOW_CTX_TASK_ID='wait_for_csv' AIRFLOW_CTX_EXECUTION_DATE='2026-09-05T16:18:00+00:00' AIRFLOW_CTX_TRY_NUMBER='1' AIRFLOW_CTX_DAG_RUN_ID='scheduled__2026-09-05T16:18:00+00:00'
[2026-09-05T19:10:38.058+0200] {logging_mixin.py:190} INFO - Task instance is in running state
[2026-09-05T19:10:38.058+0200] {logging_mixin.py:190} INFO -  Previous state of the Task instance: queued
[2026-09-05T19:10:38.059+0200] {logging_mixin.py:190} INFO - Current task name:wait_for_csv state:running start_date:2026-09-05 17:10:37.967845+00:00
[2026-09-05T19:10:38.059+0200] {logging_mixin.py:190} INFO - Dag name:mini_riskagent_file_ingestion and current dag run status:running
[2026-09-05T19:10:38.059+0200] {taskinstance.py:732} INFO - ::endgroup::
[2026-09-05T19:10:38.060+0200] {python.py:75} INFO - Poking callable: <function check_for_csv_files at 0x10e1e4c20>
[2026-09-05T19:10:38.064+0200] {taskinstance.py:310} INFO - Rescheduling task, marking task as UP_FOR_RESCHEDULE
[2026-09-05T19:10:38.064+0200] {taskinstance.py:341} INFO - ::group::Post task execution logs
[2026-09-05T19:10:38.084+0200] {local_task_job_runner.py:266} INFO - Task exited with return code 0
[2026-09-05T19:10:38.089+0200] {taskinstance.py:3901} INFO - 0 downstream tasks scheduled from follow-on schedule check
[2026-09-05T19:10:38.089+0200] {local_task_job_runner.py:245} INFO - ::endgroup::
[2026-09-05T19:11:10.144+0200] {local_task_job_runner.py:123} INFO - ::group::Pre task execution logs
[2026-09-05T19:11:10.147+0200] {taskinstance.py:2614} INFO - Dependencies all met for dep_context=non-requeueable deps ti=<TaskInstance: mini_riskagent_file_ingestion.wait_for_csv scheduled__2026-09-05T16:18:00+00:00 [queued]>
[2026-09-05T19:11:10.149+0200] {taskinstance.py:2614} INFO - Dependencies all met for dep_context=requeueable deps ti=<TaskInstance: mini_riskagent_file_ingestion.wait_for_csv scheduled__2026-09-05T16:18:00+00:00 [queued]>
[2026-09-05T19:11:10.149+0200] {taskinstance.py:2867} INFO - Starting attempt 1 of 2
[2026-09-05T19:11:10.152+0200] {taskinstance.py:2890} INFO - Executing <Task(PythonSensor): wait_for_csv> on 2026-09-05 16:18:00+00:00
[2026-09-05T19:11:10.156+0200] {standard_task_runner.py:104} INFO - Running: ['airflow', 'tasks', 'run', 'mini_riskagent_file_ingestion', 'wait_for_csv', 'scheduled__2026-09-05T16:18:00+00:00', '--job-id', '1193', '--raw', '--subdir', 'DAGS_FOLDER/data_ingest_pipeline.py', '--cfg-path', '/var/folders/5p/201rr1sj03g8gksxm9x48mbh0000gn/T/tmpdrd3c1t5']
[2026-09-05T19:11:10.157+0200] {standard_task_runner.py:105} INFO - Job 1193: Subtask wait_for_csv
[2026-09-05T19:11:10.208+0200] {logging_mixin.py:190} WARNING - /Users/swarnalidatta/Desktop/AutoQueryChatbot/.airflow-venv/lib/python3.12/site-packages/airflow/task/task_runner/standard_task_runner.py:70 DeprecationWarning: This process (pid=29068) is multi-threaded, use of fork() may lead to deadlocks in the child.
[2026-09-05T19:11:10.208+0200] {standard_task_runner.py:72} INFO - Started process 29074 to run task
[2026-09-05T19:11:10.221+0200] {task_command.py:467} INFO - Running <TaskInstance: mini_riskagent_file_ingestion.wait_for_csv scheduled__2026-09-05T16:18:00+00:00 [running]> on host mac.home
[2026-09-05T19:11:10.236+0200] {taskinstance.py:3134} INFO - Exporting env vars: AIRFLOW_CTX_DAG_OWNER='autoquery' AIRFLOW_CTX_DAG_ID='mini_riskagent_file_ingestion' AIRFLOW_CTX_TASK_ID='wait_for_csv' AIRFLOW_CTX_EXECUTION_DATE='2026-09-05T16:18:00+00:00' AIRFLOW_CTX_TRY_NUMBER='1' AIRFLOW_CTX_DAG_RUN_ID='scheduled__2026-09-05T16:18:00+00:00'
[2026-09-05T19:11:10.236+0200] {logging_mixin.py:190} INFO - Task instance is in running state
[2026-09-05T19:11:10.237+0200] {logging_mixin.py:190} INFO -  Previous state of the Task instance: queued
[2026-09-05T19:11:10.237+0200] {logging_mixin.py:190} INFO - Current task name:wait_for_csv state:running start_date:2026-09-05 17:11:10.147673+00:00
[2026-09-05T19:11:10.237+0200] {logging_mixin.py:190} INFO - Dag name:mini_riskagent_file_ingestion and current dag run status:running
[2026-09-05T19:11:10.237+0200] {taskinstance.py:732} INFO - ::endgroup::
[2026-09-05T19:11:10.238+0200] {python.py:75} INFO - Poking callable: <function check_for_csv_files at 0x108b48c20>
[2026-09-05T19:11:10.242+0200] {taskinstance.py:310} INFO - Rescheduling task, marking task as UP_FOR_RESCHEDULE
[2026-09-05T19:11:10.242+0200] {taskinstance.py:341} INFO - ::group::Post task execution logs
[2026-09-05T19:11:10.263+0200] {local_task_job_runner.py:266} INFO - Task exited with return code 0
[2026-09-05T19:11:10.268+0200] {taskinstance.py:3901} INFO - 0 downstream tasks scheduled from follow-on schedule check
[2026-09-05T19:11:10.269+0200] {local_task_job_runner.py:245} INFO - ::endgroup::
[2026-09-05T19:11:41.929+0200] {local_task_job_runner.py:123} INFO - ::group::Pre task execution logs
[2026-09-05T19:11:41.932+0200] {taskinstance.py:2614} INFO - Dependencies all met for dep_context=non-requeueable deps ti=<TaskInstance: mini_riskagent_file_ingestion.wait_for_csv scheduled__2026-09-05T16:18:00+00:00 [queued]>
[2026-09-05T19:11:41.933+0200] {taskinstance.py:2614} INFO - Dependencies all met for dep_context=requeueable deps ti=<TaskInstance: mini_riskagent_file_ingestion.wait_for_csv scheduled__2026-09-05T16:18:00+00:00 [queued]>
[2026-09-05T19:11:41.933+0200] {taskinstance.py:2867} INFO - Starting attempt 1 of 2
[2026-09-05T19:11:41.937+0200] {taskinstance.py:2890} INFO - Executing <Task(PythonSensor): wait_for_csv> on 2026-09-05 16:18:00+00:00
[2026-09-05T19:11:41.941+0200] {standard_task_runner.py:104} INFO - Running: ['airflow', 'tasks', 'run', 'mini_riskagent_file_ingestion', 'wait_for_csv', 'scheduled__2026-09-05T16:18:00+00:00', '--job-id', '1209', '--raw', '--subdir', 'DAGS_FOLDER/data_ingest_pipeline.py', '--cfg-path', '/var/folders/5p/201rr1sj03g8gksxm9x48mbh0000gn/T/tmpqo7vx_is']
[2026-09-05T19:11:41.942+0200] {standard_task_runner.py:105} INFO - Job 1209: Subtask wait_for_csv
[2026-09-05T19:11:41.992+0200] {logging_mixin.py:190} WARNING - /Users/swarnalidatta/Desktop/AutoQueryChatbot/.airflow-venv/lib/python3.12/site-packages/airflow/task/task_runner/standard_task_runner.py:70 DeprecationWarning: This process (pid=29184) is multi-threaded, use of fork() may lead to deadlocks in the child.
[2026-09-05T19:11:41.993+0200] {standard_task_runner.py:72} INFO - Started process 29186 to run task
[2026-09-05T19:11:42.003+0200] {task_command.py:467} INFO - Running <TaskInstance: mini_riskagent_file_ingestion.wait_for_csv scheduled__2026-09-05T16:18:00+00:00 [running]> on host mac.home
[2026-09-05T19:11:42.018+0200] {taskinstance.py:3134} INFO - Exporting env vars: AIRFLOW_CTX_DAG_OWNER='autoquery' AIRFLOW_CTX_DAG_ID='mini_riskagent_file_ingestion' AIRFLOW_CTX_TASK_ID='wait_for_csv' AIRFLOW_CTX_EXECUTION_DATE='2026-09-05T16:18:00+00:00' AIRFLOW_CTX_TRY_NUMBER='1' AIRFLOW_CTX_DAG_RUN_ID='scheduled__2026-09-05T16:18:00+00:00'
[2026-09-05T19:11:42.019+0200] {logging_mixin.py:190} INFO - Task instance is in running state
[2026-09-05T19:11:42.019+0200] {logging_mixin.py:190} INFO -  Previous state of the Task instance: queued
[2026-09-05T19:11:42.019+0200] {logging_mixin.py:190} INFO - Current task name:wait_for_csv state:running start_date:2026-09-05 17:11:41.932083+00:00
[2026-09-05T19:11:42.019+0200] {logging_mixin.py:190} INFO - Dag name:mini_riskagent_file_ingestion and current dag run status:running
[2026-09-05T19:11:42.020+0200] {taskinstance.py:732} INFO - ::endgroup::
[2026-09-05T19:11:42.021+0200] {python.py:75} INFO - Poking callable: <function check_for_csv_files at 0x107eacc20>
[2026-09-05T19:11:42.024+0200] {taskinstance.py:310} INFO - Rescheduling task, marking task as UP_FOR_RESCHEDULE
[2026-09-05T19:11:42.024+0200] {taskinstance.py:341} INFO - ::group::Post task execution logs
[2026-09-05T19:11:42.048+0200] {local_task_job_runner.py:266} INFO - Task exited with return code 0
[2026-09-05T19:11:42.053+0200] {taskinstance.py:3901} INFO - 0 downstream tasks scheduled from follow-on schedule check
[2026-09-05T19:11:42.053+0200] {local_task_job_runner.py:245} INFO - ::endgroup::
[2026-09-05T19:12:14.068+0200] {local_task_job_runner.py:123} INFO - ::group::Pre task execution logs
[2026-09-05T19:12:14.071+0200] {taskinstance.py:2614} INFO - Dependencies all met for dep_context=non-requeueable deps ti=<TaskInstance: mini_riskagent_file_ingestion.wait_for_csv scheduled__2026-09-05T16:18:00+00:00 [queued]>
[2026-09-05T19:12:14.072+0200] {taskinstance.py:2614} INFO - Dependencies all met for dep_context=requeueable deps ti=<TaskInstance: mini_riskagent_file_ingestion.wait_for_csv scheduled__2026-09-05T16:18:00+00:00 [queued]>
[2026-09-05T19:12:14.072+0200] {taskinstance.py:2867} INFO - Starting attempt 1 of 2
[2026-09-05T19:12:14.076+0200] {taskinstance.py:2890} INFO - Executing <Task(PythonSensor): wait_for_csv> on 2026-09-05 16:18:00+00:00
[2026-09-05T19:12:14.080+0200] {standard_task_runner.py:104} INFO - Running: ['airflow', 'tasks', 'run', 'mini_riskagent_file_ingestion', 'wait_for_csv', 'scheduled__2026-09-05T16:18:00+00:00', '--job-id', '1225', '--raw', '--subdir', 'DAGS_FOLDER/data_ingest_pipeline.py', '--cfg-path', '/var/folders/5p/201rr1sj03g8gksxm9x48mbh0000gn/T/tmpa0ullpyo']
[2026-09-05T19:12:14.081+0200] {standard_task_runner.py:105} INFO - Job 1225: Subtask wait_for_csv
[2026-09-05T19:12:14.133+0200] {logging_mixin.py:190} WARNING - /Users/swarnalidatta/Desktop/AutoQueryChatbot/.airflow-venv/lib/python3.12/site-packages/airflow/task/task_runner/standard_task_runner.py:70 DeprecationWarning: This process (pid=29306) is multi-threaded, use of fork() may lead to deadlocks in the child.
[2026-09-05T19:12:14.133+0200] {standard_task_runner.py:72} INFO - Started process 29309 to run task
[2026-09-05T19:12:14.147+0200] {task_command.py:467} INFO - Running <TaskInstance: mini_riskagent_file_ingestion.wait_for_csv scheduled__2026-09-05T16:18:00+00:00 [running]> on host mac.home
[2026-09-05T19:12:14.163+0200] {taskinstance.py:3134} INFO - Exporting env vars: AIRFLOW_CTX_DAG_OWNER='autoquery' AIRFLOW_CTX_DAG_ID='mini_riskagent_file_ingestion' AIRFLOW_CTX_TASK_ID='wait_for_csv' AIRFLOW_CTX_EXECUTION_DATE='2026-09-05T16:18:00+00:00' AIRFLOW_CTX_TRY_NUMBER='1' AIRFLOW_CTX_DAG_RUN_ID='scheduled__2026-09-05T16:18:00+00:00'
[2026-09-05T19:12:14.163+0200] {logging_mixin.py:190} INFO - Task instance is in running state
[2026-09-05T19:12:14.163+0200] {logging_mixin.py:190} INFO -  Previous state of the Task instance: queued
[2026-09-05T19:12:14.163+0200] {logging_mixin.py:190} INFO - Current task name:wait_for_csv state:running start_date:2026-09-05 17:12:14.071390+00:00
[2026-09-05T19:12:14.164+0200] {logging_mixin.py:190} INFO - Dag name:mini_riskagent_file_ingestion and current dag run status:running
[2026-09-05T19:12:14.164+0200] {taskinstance.py:732} INFO - ::endgroup::
[2026-09-05T19:12:14.165+0200] {python.py:75} INFO - Poking callable: <function check_for_csv_files at 0x10c18cc20>
[2026-09-05T19:12:14.168+0200] {taskinstance.py:310} INFO - Rescheduling task, marking task as UP_FOR_RESCHEDULE
[2026-09-05T19:12:14.169+0200] {taskinstance.py:341} INFO - ::group::Post task execution logs
[2026-09-05T19:12:14.189+0200] {local_task_job_runner.py:266} INFO - Task exited with return code 0
[2026-09-05T19:12:14.193+0200] {taskinstance.py:3901} INFO - 0 downstream tasks scheduled from follow-on schedule check
[2026-09-05T19:12:14.194+0200] {local_task_job_runner.py:245} INFO - ::endgroup::
[2026-09-05T19:12:46.277+0200] {local_task_job_runner.py:123} INFO - ::group::Pre task execution logs
[2026-09-05T19:12:46.280+0200] {taskinstance.py:2614} INFO - Dependencies all met for dep_context=non-requeueable deps ti=<TaskInstance: mini_riskagent_file_ingestion.wait_for_csv scheduled__2026-09-05T16:18:00+00:00 [queued]>
[2026-09-05T19:12:46.281+0200] {taskinstance.py:2614} INFO - Dependencies all met for dep_context=requeueable deps ti=<TaskInstance: mini_riskagent_file_ingestion.wait_for_csv scheduled__2026-09-05T16:18:00+00:00 [queued]>
[2026-09-05T19:12:46.282+0200] {taskinstance.py:2867} INFO - Starting attempt 1 of 2
[2026-09-05T19:12:46.285+0200] {taskinstance.py:2890} INFO - Executing <Task(PythonSensor): wait_for_csv> on 2026-09-05 16:18:00+00:00
[2026-09-05T19:12:46.289+0200] {standard_task_runner.py:104} INFO - Running: ['airflow', 'tasks', 'run', 'mini_riskagent_file_ingestion', 'wait_for_csv', 'scheduled__2026-09-05T16:18:00+00:00', '--job-id', '1241', '--raw', '--subdir', 'DAGS_FOLDER/data_ingest_pipeline.py', '--cfg-path', '/var/folders/5p/201rr1sj03g8gksxm9x48mbh0000gn/T/tmptg2nvkrk']
[2026-09-05T19:12:46.290+0200] {standard_task_runner.py:105} INFO - Job 1241: Subtask wait_for_csv
[2026-09-05T19:12:46.340+0200] {logging_mixin.py:190} WARNING - /Users/swarnalidatta/Desktop/AutoQueryChatbot/.airflow-venv/lib/python3.12/site-packages/airflow/task/task_runner/standard_task_runner.py:70 DeprecationWarning: This process (pid=29421) is multi-threaded, use of fork() may lead to deadlocks in the child.
[2026-09-05T19:12:46.340+0200] {standard_task_runner.py:72} INFO - Started process 29427 to run task
[2026-09-05T19:12:46.351+0200] {task_command.py:467} INFO - Running <TaskInstance: mini_riskagent_file_ingestion.wait_for_csv scheduled__2026-09-05T16:18:00+00:00 [running]> on host mac.home
[2026-09-05T19:12:46.367+0200] {taskinstance.py:3134} INFO - Exporting env vars: AIRFLOW_CTX_DAG_OWNER='autoquery' AIRFLOW_CTX_DAG_ID='mini_riskagent_file_ingestion' AIRFLOW_CTX_TASK_ID='wait_for_csv' AIRFLOW_CTX_EXECUTION_DATE='2026-09-05T16:18:00+00:00' AIRFLOW_CTX_TRY_NUMBER='1' AIRFLOW_CTX_DAG_RUN_ID='scheduled__2026-09-05T16:18:00+00:00'
[2026-09-05T19:12:46.368+0200] {logging_mixin.py:190} INFO - Task instance is in running state
[2026-09-05T19:12:46.368+0200] {logging_mixin.py:190} INFO -  Previous state of the Task instance: queued
[2026-09-05T19:12:46.368+0200] {logging_mixin.py:190} INFO - Current task name:wait_for_csv state:running start_date:2026-09-05 17:12:46.280608+00:00
[2026-09-05T19:12:46.368+0200] {logging_mixin.py:190} INFO - Dag name:mini_riskagent_file_ingestion and current dag run status:running
[2026-09-05T19:12:46.368+0200] {taskinstance.py:732} INFO - ::endgroup::
[2026-09-05T19:12:46.370+0200] {python.py:75} INFO - Poking callable: <function check_for_csv_files at 0x10b158c20>
[2026-09-05T19:12:46.373+0200] {taskinstance.py:310} INFO - Rescheduling task, marking task as UP_FOR_RESCHEDULE
[2026-09-05T19:12:46.373+0200] {taskinstance.py:341} INFO - ::group::Post task execution logs
[2026-09-05T19:12:46.395+0200] {local_task_job_runner.py:266} INFO - Task exited with return code 0
[2026-09-05T19:12:46.400+0200] {taskinstance.py:3901} INFO - 0 downstream tasks scheduled from follow-on schedule check
[2026-09-05T19:12:46.400+0200] {local_task_job_runner.py:245} INFO - ::endgroup::
[2026-09-05T19:13:18.318+0200] {local_task_job_runner.py:123} INFO - ::group::Pre task execution logs
[2026-09-05T19:13:18.321+0200] {taskinstance.py:2614} INFO - Dependencies all met for dep_context=non-requeueable deps ti=<TaskInstance: mini_riskagent_file_ingestion.wait_for_csv scheduled__2026-09-05T16:18:00+00:00 [queued]>
[2026-09-05T19:13:18.323+0200] {taskinstance.py:2614} INFO - Dependencies all met for dep_context=requeueable deps ti=<TaskInstance: mini_riskagent_file_ingestion.wait_for_csv scheduled__2026-09-05T16:18:00+00:00 [queued]>
[2026-09-05T19:13:18.323+0200] {taskinstance.py:2867} INFO - Starting attempt 1 of 2
[2026-09-05T19:13:18.326+0200] {taskinstance.py:2890} INFO - Executing <Task(PythonSensor): wait_for_csv> on 2026-09-05 16:18:00+00:00
[2026-09-05T19:13:18.331+0200] {standard_task_runner.py:104} INFO - Running: ['airflow', 'tasks', 'run', 'mini_riskagent_file_ingestion', 'wait_for_csv', 'scheduled__2026-09-05T16:18:00+00:00', '--job-id', '1257', '--raw', '--subdir', 'DAGS_FOLDER/data_ingest_pipeline.py', '--cfg-path', '/var/folders/5p/201rr1sj03g8gksxm9x48mbh0000gn/T/tmp9qft36zh']
[2026-09-05T19:13:18.332+0200] {standard_task_runner.py:105} INFO - Job 1257: Subtask wait_for_csv
[2026-09-05T19:13:18.383+0200] {logging_mixin.py:190} WARNING - /Users/swarnalidatta/Desktop/AutoQueryChatbot/.airflow-venv/lib/python3.12/site-packages/airflow/task/task_runner/standard_task_runner.py:70 DeprecationWarning: This process (pid=29539) is multi-threaded, use of fork() may lead to deadlocks in the child.
[2026-09-05T19:13:18.384+0200] {standard_task_runner.py:72} INFO - Started process 29547 to run task
[2026-09-05T19:13:18.397+0200] {task_command.py:467} INFO - Running <TaskInstance: mini_riskagent_file_ingestion.wait_for_csv scheduled__2026-09-05T16:18:00+00:00 [running]> on host mac.home
[2026-09-05T19:13:18.413+0200] {taskinstance.py:3134} INFO - Exporting env vars: AIRFLOW_CTX_DAG_OWNER='autoquery' AIRFLOW_CTX_DAG_ID='mini_riskagent_file_ingestion' AIRFLOW_CTX_TASK_ID='wait_for_csv' AIRFLOW_CTX_EXECUTION_DATE='2026-09-05T16:18:00+00:00' AIRFLOW_CTX_TRY_NUMBER='1' AIRFLOW_CTX_DAG_RUN_ID='scheduled__2026-09-05T16:18:00+00:00'
[2026-09-05T19:13:18.414+0200] {logging_mixin.py:190} INFO - Task instance is in running state
[2026-09-05T19:13:18.414+0200] {logging_mixin.py:190} INFO -  Previous state of the Task instance: queued
[2026-09-05T19:13:18.414+0200] {logging_mixin.py:190} INFO - Current task name:wait_for_csv state:running start_date:2026-09-05 17:13:18.321704+00:00
[2026-09-05T19:13:18.414+0200] {logging_mixin.py:190} INFO - Dag name:mini_riskagent_file_ingestion and current dag run status:running
[2026-09-05T19:13:18.414+0200] {taskinstance.py:732} INFO - ::endgroup::
[2026-09-05T19:13:18.416+0200] {python.py:75} INFO - Poking callable: <function check_for_csv_files at 0x108cf4c20>
[2026-09-05T19:13:18.419+0200] {taskinstance.py:310} INFO - Rescheduling task, marking task as UP_FOR_RESCHEDULE
[2026-09-05T19:13:18.419+0200] {taskinstance.py:341} INFO - ::group::Post task execution logs
[2026-09-05T19:13:18.439+0200] {local_task_job_runner.py:266} INFO - Task exited with return code 0
[2026-09-05T19:13:18.444+0200] {taskinstance.py:3901} INFO - 0 downstream tasks scheduled from follow-on schedule check
[2026-09-05T19:13:18.444+0200] {local_task_job_runner.py:245} INFO - ::endgroup::
[2026-09-05T19:13:49.737+0200] {local_task_job_runner.py:123} INFO - ::group::Pre task execution logs
[2026-09-05T19:13:49.740+0200] {taskinstance.py:2614} INFO - Dependencies all met for dep_context=non-requeueable deps ti=<TaskInstance: mini_riskagent_file_ingestion.wait_for_csv scheduled__2026-09-05T16:18:00+00:00 [queued]>
[2026-09-05T19:13:49.741+0200] {taskinstance.py:2614} INFO - Dependencies all met for dep_context=requeueable deps ti=<TaskInstance: mini_riskagent_file_ingestion.wait_for_csv scheduled__2026-09-05T16:18:00+00:00 [queued]>
[2026-09-05T19:13:49.741+0200] {taskinstance.py:2867} INFO - Starting attempt 1 of 2
[2026-09-05T19:13:49.745+0200] {taskinstance.py:2890} INFO - Executing <Task(PythonSensor): wait_for_csv> on 2026-09-05 16:18:00+00:00
[2026-09-05T19:13:49.749+0200] {standard_task_runner.py:104} INFO - Running: ['airflow', 'tasks', 'run', 'mini_riskagent_file_ingestion', 'wait_for_csv', 'scheduled__2026-09-05T16:18:00+00:00', '--job-id', '1273', '--raw', '--subdir', 'DAGS_FOLDER/data_ingest_pipeline.py', '--cfg-path', '/var/folders/5p/201rr1sj03g8gksxm9x48mbh0000gn/T/tmpn3yvepdy']
[2026-09-05T19:13:49.750+0200] {standard_task_runner.py:105} INFO - Job 1273: Subtask wait_for_csv
[2026-09-05T19:13:49.798+0200] {logging_mixin.py:190} WARNING - /Users/swarnalidatta/Desktop/AutoQueryChatbot/.airflow-venv/lib/python3.12/site-packages/airflow/task/task_runner/standard_task_runner.py:70 DeprecationWarning: This process (pid=29655) is multi-threaded, use of fork() may lead to deadlocks in the child.
[2026-09-05T19:13:49.798+0200] {standard_task_runner.py:72} INFO - Started process 29657 to run task
[2026-09-05T19:13:49.811+0200] {task_command.py:467} INFO - Running <TaskInstance: mini_riskagent_file_ingestion.wait_for_csv scheduled__2026-09-05T16:18:00+00:00 [running]> on host mac.home
[2026-09-05T19:13:49.829+0200] {taskinstance.py:3134} INFO - Exporting env vars: AIRFLOW_CTX_DAG_OWNER='autoquery' AIRFLOW_CTX_DAG_ID='mini_riskagent_file_ingestion' AIRFLOW_CTX_TASK_ID='wait_for_csv' AIRFLOW_CTX_EXECUTION_DATE='2026-09-05T16:18:00+00:00' AIRFLOW_CTX_TRY_NUMBER='1' AIRFLOW_CTX_DAG_RUN_ID='scheduled__2026-09-05T16:18:00+00:00'
[2026-09-05T19:13:49.829+0200] {logging_mixin.py:190} INFO - Task instance is in running state
[2026-09-05T19:13:49.829+0200] {logging_mixin.py:190} INFO -  Previous state of the Task instance: queued
[2026-09-05T19:13:49.829+0200] {logging_mixin.py:190} INFO - Current task name:wait_for_csv state:running start_date:2026-09-05 17:13:49.740276+00:00
[2026-09-05T19:13:49.830+0200] {logging_mixin.py:190} INFO - Dag name:mini_riskagent_file_ingestion and current dag run status:running
[2026-09-05T19:13:49.830+0200] {taskinstance.py:732} INFO - ::endgroup::
[2026-09-05T19:13:49.831+0200] {python.py:75} INFO - Poking callable: <function check_for_csv_files at 0x108adcc20>
[2026-09-05T19:13:49.834+0200] {taskinstance.py:310} INFO - Rescheduling task, marking task as UP_FOR_RESCHEDULE
[2026-09-05T19:13:49.835+0200] {taskinstance.py:341} INFO - ::group::Post task execution logs
[2026-09-05T19:13:49.854+0200] {local_task_job_runner.py:266} INFO - Task exited with return code 0
[2026-09-05T19:13:49.859+0200] {taskinstance.py:3901} INFO - 0 downstream tasks scheduled from follow-on schedule check
[2026-09-05T19:13:49.859+0200] {local_task_job_runner.py:245} INFO - ::endgroup::
[2026-09-05T19:14:22.258+0200] {local_task_job_runner.py:123} INFO - ::group::Pre task execution logs
[2026-09-05T19:14:22.261+0200] {taskinstance.py:2614} INFO - Dependencies all met for dep_context=non-requeueable deps ti=<TaskInstance: mini_riskagent_file_ingestion.wait_for_csv scheduled__2026-09-05T16:18:00+00:00 [queued]>
[2026-09-05T19:14:22.263+0200] {taskinstance.py:2614} INFO - Dependencies all met for dep_context=requeueable deps ti=<TaskInstance: mini_riskagent_file_ingestion.wait_for_csv scheduled__2026-09-05T16:18:00+00:00 [queued]>
[2026-09-05T19:14:22.263+0200] {taskinstance.py:2867} INFO - Starting attempt 1 of 2
[2026-09-05T19:14:22.266+0200] {taskinstance.py:2890} INFO - Executing <Task(PythonSensor): wait_for_csv> on 2026-09-05 16:18:00+00:00
[2026-09-05T19:14:22.270+0200] {standard_task_runner.py:104} INFO - Running: ['airflow', 'tasks', 'run', 'mini_riskagent_file_ingestion', 'wait_for_csv', 'scheduled__2026-09-05T16:18:00+00:00', '--job-id', '1289', '--raw', '--subdir', 'DAGS_FOLDER/data_ingest_pipeline.py', '--cfg-path', '/var/folders/5p/201rr1sj03g8gksxm9x48mbh0000gn/T/tmpvp883nw0']
[2026-09-05T19:14:22.271+0200] {standard_task_runner.py:105} INFO - Job 1289: Subtask wait_for_csv
[2026-09-05T19:14:22.323+0200] {logging_mixin.py:190} WARNING - /Users/swarnalidatta/Desktop/AutoQueryChatbot/.airflow-venv/lib/python3.12/site-packages/airflow/task/task_runner/standard_task_runner.py:70 DeprecationWarning: This process (pid=29777) is multi-threaded, use of fork() may lead to deadlocks in the child.
[2026-09-05T19:14:22.323+0200] {standard_task_runner.py:72} INFO - Started process 29784 to run task
[2026-09-05T19:14:22.335+0200] {task_command.py:467} INFO - Running <TaskInstance: mini_riskagent_file_ingestion.wait_for_csv scheduled__2026-09-05T16:18:00+00:00 [running]> on host mac.home
[2026-09-05T19:14:22.351+0200] {taskinstance.py:3134} INFO - Exporting env vars: AIRFLOW_CTX_DAG_OWNER='autoquery' AIRFLOW_CTX_DAG_ID='mini_riskagent_file_ingestion' AIRFLOW_CTX_TASK_ID='wait_for_csv' AIRFLOW_CTX_EXECUTION_DATE='2026-09-05T16:18:00+00:00' AIRFLOW_CTX_TRY_NUMBER='1' AIRFLOW_CTX_DAG_RUN_ID='scheduled__2026-09-05T16:18:00+00:00'
[2026-09-05T19:14:22.351+0200] {logging_mixin.py:190} INFO - Task instance is in running state
[2026-09-05T19:14:22.351+0200] {logging_mixin.py:190} INFO -  Previous state of the Task instance: queued
[2026-09-05T19:14:22.352+0200] {logging_mixin.py:190} INFO - Current task name:wait_for_csv state:running start_date:2026-09-05 17:14:22.261691+00:00
[2026-09-05T19:14:22.352+0200] {logging_mixin.py:190} INFO - Dag name:mini_riskagent_file_ingestion and current dag run status:running
[2026-09-05T19:14:22.352+0200] {taskinstance.py:732} INFO - ::endgroup::
[2026-09-05T19:14:22.353+0200] {python.py:75} INFO - Poking callable: <function check_for_csv_files at 0x10dd00c20>
[2026-09-05T19:14:22.357+0200] {taskinstance.py:310} INFO - Rescheduling task, marking task as UP_FOR_RESCHEDULE
[2026-09-05T19:14:22.357+0200] {taskinstance.py:341} INFO - ::group::Post task execution logs
[2026-09-05T19:14:22.378+0200] {local_task_job_runner.py:266} INFO - Task exited with return code 0
[2026-09-05T19:14:22.383+0200] {taskinstance.py:3901} INFO - 0 downstream tasks scheduled from follow-on schedule check
[2026-09-05T19:14:22.384+0200] {local_task_job_runner.py:245} INFO - ::endgroup::
[2026-09-05T19:14:54.361+0200] {local_task_job_runner.py:123} INFO - ::group::Pre task execution logs
[2026-09-05T19:14:54.364+0200] {taskinstance.py:2614} INFO - Dependencies all met for dep_context=non-requeueable deps ti=<TaskInstance: mini_riskagent_file_ingestion.wait_for_csv scheduled__2026-09-05T16:18:00+00:00 [queued]>
[2026-09-05T19:14:54.366+0200] {taskinstance.py:2614} INFO - Dependencies all met for dep_context=requeueable deps ti=<TaskInstance: mini_riskagent_file_ingestion.wait_for_csv scheduled__2026-09-05T16:18:00+00:00 [queued]>
[2026-09-05T19:14:54.366+0200] {taskinstance.py:2867} INFO - Starting attempt 1 of 2
[2026-09-05T19:14:54.369+0200] {taskinstance.py:2890} INFO - Executing <Task(PythonSensor): wait_for_csv> on 2026-09-05 16:18:00+00:00
[2026-09-05T19:14:54.373+0200] {standard_task_runner.py:104} INFO - Running: ['airflow', 'tasks', 'run', 'mini_riskagent_file_ingestion', 'wait_for_csv', 'scheduled__2026-09-05T16:18:00+00:00', '--job-id', '1305', '--raw', '--subdir', 'DAGS_FOLDER/data_ingest_pipeline.py', '--cfg-path', '/var/folders/5p/201rr1sj03g8gksxm9x48mbh0000gn/T/tmplk6z4h8b']
[2026-09-05T19:14:54.374+0200] {standard_task_runner.py:105} INFO - Job 1305: Subtask wait_for_csv
[2026-09-05T19:14:54.423+0200] {logging_mixin.py:190} WARNING - /Users/swarnalidatta/Desktop/AutoQueryChatbot/.airflow-venv/lib/python3.12/site-packages/airflow/task/task_runner/standard_task_runner.py:70 DeprecationWarning: This process (pid=29907) is multi-threaded, use of fork() may lead to deadlocks in the child.
[2026-09-05T19:14:54.423+0200] {standard_task_runner.py:72} INFO - Started process 29909 to run task
[2026-09-05T19:14:54.436+0200] {task_command.py:467} INFO - Running <TaskInstance: mini_riskagent_file_ingestion.wait_for_csv scheduled__2026-09-05T16:18:00+00:00 [running]> on host mac.home
[2026-09-05T19:14:54.452+0200] {taskinstance.py:3134} INFO - Exporting env vars: AIRFLOW_CTX_DAG_OWNER='autoquery' AIRFLOW_CTX_DAG_ID='mini_riskagent_file_ingestion' AIRFLOW_CTX_TASK_ID='wait_for_csv' AIRFLOW_CTX_EXECUTION_DATE='2026-09-05T16:18:00+00:00' AIRFLOW_CTX_TRY_NUMBER='1' AIRFLOW_CTX_DAG_RUN_ID='scheduled__2026-09-05T16:18:00+00:00'
[2026-09-05T19:14:54.452+0200] {logging_mixin.py:190} INFO - Task instance is in running state
[2026-09-05T19:14:54.452+0200] {logging_mixin.py:190} INFO -  Previous state of the Task instance: queued
[2026-09-05T19:14:54.453+0200] {logging_mixin.py:190} INFO - Current task name:wait_for_csv state:running start_date:2026-09-05 17:14:54.364691+00:00
[2026-09-05T19:14:54.453+0200] {logging_mixin.py:190} INFO - Dag name:mini_riskagent_file_ingestion and current dag run status:running
[2026-09-05T19:14:54.453+0200] {taskinstance.py:732} INFO - ::endgroup::
[2026-09-05T19:14:54.454+0200] {python.py:75} INFO - Poking callable: <function check_for_csv_files at 0x10a568c20>
[2026-09-05T19:14:54.457+0200] {taskinstance.py:310} INFO - Rescheduling task, marking task as UP_FOR_RESCHEDULE
[2026-09-05T19:14:54.458+0200] {taskinstance.py:341} INFO - ::group::Post task execution logs
[2026-09-05T19:14:54.479+0200] {local_task_job_runner.py:266} INFO - Task exited with return code 0
[2026-09-05T19:14:54.484+0200] {taskinstance.py:3901} INFO - 0 downstream tasks scheduled from follow-on schedule check
[2026-09-05T19:14:54.484+0200] {local_task_job_runner.py:245} INFO - ::endgroup::
[2026-09-05T19:15:25.848+0200] {local_task_job_runner.py:123} INFO - ::group::Pre task execution logs
[2026-09-05T19:15:25.851+0200] {taskinstance.py:2614} INFO - Dependencies all met for dep_context=non-requeueable deps ti=<TaskInstance: mini_riskagent_file_ingestion.wait_for_csv scheduled__2026-09-05T16:18:00+00:00 [queued]>
[2026-09-05T19:15:25.853+0200] {taskinstance.py:2614} INFO - Dependencies all met for dep_context=requeueable deps ti=<TaskInstance: mini_riskagent_file_ingestion.wait_for_csv scheduled__2026-09-05T16:18:00+00:00 [queued]>
[2026-09-05T19:15:25.853+0200] {taskinstance.py:2867} INFO - Starting attempt 1 of 2
[2026-09-05T19:15:25.856+0200] {taskinstance.py:2890} INFO - Executing <Task(PythonSensor): wait_for_csv> on 2026-09-05 16:18:00+00:00
[2026-09-05T19:15:25.861+0200] {standard_task_runner.py:104} INFO - Running: ['airflow', 'tasks', 'run', 'mini_riskagent_file_ingestion', 'wait_for_csv', 'scheduled__2026-09-05T16:18:00+00:00', '--job-id', '1321', '--raw', '--subdir', 'DAGS_FOLDER/data_ingest_pipeline.py', '--cfg-path', '/var/folders/5p/201rr1sj03g8gksxm9x48mbh0000gn/T/tmp5a3hcov_']
[2026-09-05T19:15:25.861+0200] {standard_task_runner.py:105} INFO - Job 1321: Subtask wait_for_csv
[2026-09-05T19:15:25.911+0200] {logging_mixin.py:190} WARNING - /Users/swarnalidatta/Desktop/AutoQueryChatbot/.airflow-venv/lib/python3.12/site-packages/airflow/task/task_runner/standard_task_runner.py:70 DeprecationWarning: This process (pid=30025) is multi-threaded, use of fork() may lead to deadlocks in the child.
[2026-09-05T19:15:25.911+0200] {standard_task_runner.py:72} INFO - Started process 30027 to run task
[2026-09-05T19:15:25.923+0200] {task_command.py:467} INFO - Running <TaskInstance: mini_riskagent_file_ingestion.wait_for_csv scheduled__2026-09-05T16:18:00+00:00 [running]> on host mac.home
[2026-09-05T19:15:25.939+0200] {taskinstance.py:3134} INFO - Exporting env vars: AIRFLOW_CTX_DAG_OWNER='autoquery' AIRFLOW_CTX_DAG_ID='mini_riskagent_file_ingestion' AIRFLOW_CTX_TASK_ID='wait_for_csv' AIRFLOW_CTX_EXECUTION_DATE='2026-09-05T16:18:00+00:00' AIRFLOW_CTX_TRY_NUMBER='1' AIRFLOW_CTX_DAG_RUN_ID='scheduled__2026-09-05T16:18:00+00:00'
[2026-09-05T19:15:25.939+0200] {logging_mixin.py:190} INFO - Task instance is in running state
[2026-09-05T19:15:25.940+0200] {logging_mixin.py:190} INFO -  Previous state of the Task instance: queued
[2026-09-05T19:15:25.940+0200] {logging_mixin.py:190} INFO - Current task name:wait_for_csv state:running start_date:2026-09-05 17:15:25.851695+00:00
[2026-09-05T19:15:25.940+0200] {logging_mixin.py:190} INFO - Dag name:mini_riskagent_file_ingestion and current dag run status:running
[2026-09-05T19:15:25.940+0200] {taskinstance.py:732} INFO - ::endgroup::
[2026-09-05T19:15:25.941+0200] {python.py:75} INFO - Poking callable: <function check_for_csv_files at 0x1081d8c20>
[2026-09-05T19:15:25.945+0200] {taskinstance.py:310} INFO - Rescheduling task, marking task as UP_FOR_RESCHEDULE
[2026-09-05T19:15:25.945+0200] {taskinstance.py:341} INFO - ::group::Post task execution logs
[2026-09-05T19:15:25.967+0200] {local_task_job_runner.py:266} INFO - Task exited with return code 0
[2026-09-05T19:15:25.971+0200] {taskinstance.py:3901} INFO - 0 downstream tasks scheduled from follow-on schedule check
[2026-09-05T19:15:25.972+0200] {local_task_job_runner.py:245} INFO - ::endgroup::
[2026-09-05T19:15:57.553+0200] {local_task_job_runner.py:123} INFO - ::group::Pre task execution logs
[2026-09-05T19:15:57.556+0200] {taskinstance.py:2614} INFO - Dependencies all met for dep_context=non-requeueable deps ti=<TaskInstance: mini_riskagent_file_ingestion.wait_for_csv scheduled__2026-09-05T16:18:00+00:00 [queued]>
[2026-09-05T19:15:57.557+0200] {taskinstance.py:2614} INFO - Dependencies all met for dep_context=requeueable deps ti=<TaskInstance: mini_riskagent_file_ingestion.wait_for_csv scheduled__2026-09-05T16:18:00+00:00 [queued]>
[2026-09-05T19:15:57.557+0200] {taskinstance.py:2867} INFO - Starting attempt 1 of 2
[2026-09-05T19:15:57.561+0200] {taskinstance.py:2890} INFO - Executing <Task(PythonSensor): wait_for_csv> on 2026-09-05 16:18:00+00:00
[2026-09-05T19:15:57.565+0200] {standard_task_runner.py:104} INFO - Running: ['airflow', 'tasks', 'run', 'mini_riskagent_file_ingestion', 'wait_for_csv', 'scheduled__2026-09-05T16:18:00+00:00', '--job-id', '1337', '--raw', '--subdir', 'DAGS_FOLDER/data_ingest_pipeline.py', '--cfg-path', '/var/folders/5p/201rr1sj03g8gksxm9x48mbh0000gn/T/tmpgm34m4mn']
[2026-09-05T19:15:57.566+0200] {standard_task_runner.py:105} INFO - Job 1337: Subtask wait_for_csv
[2026-09-05T19:15:57.616+0200] {logging_mixin.py:190} WARNING - /Users/swarnalidatta/Desktop/AutoQueryChatbot/.airflow-venv/lib/python3.12/site-packages/airflow/task/task_runner/standard_task_runner.py:70 DeprecationWarning: This process (pid=30134) is multi-threaded, use of fork() may lead to deadlocks in the child.
[2026-09-05T19:15:57.616+0200] {standard_task_runner.py:72} INFO - Started process 30136 to run task
[2026-09-05T19:15:57.629+0200] {task_command.py:467} INFO - Running <TaskInstance: mini_riskagent_file_ingestion.wait_for_csv scheduled__2026-09-05T16:18:00+00:00 [running]> on host mac.home
[2026-09-05T19:15:57.645+0200] {taskinstance.py:3134} INFO - Exporting env vars: AIRFLOW_CTX_DAG_OWNER='autoquery' AIRFLOW_CTX_DAG_ID='mini_riskagent_file_ingestion' AIRFLOW_CTX_TASK_ID='wait_for_csv' AIRFLOW_CTX_EXECUTION_DATE='2026-09-05T16:18:00+00:00' AIRFLOW_CTX_TRY_NUMBER='1' AIRFLOW_CTX_DAG_RUN_ID='scheduled__2026-09-05T16:18:00+00:00'
[2026-09-05T19:15:57.645+0200] {logging_mixin.py:190} INFO - Task instance is in running state
[2026-09-05T19:15:57.645+0200] {logging_mixin.py:190} INFO -  Previous state of the Task instance: queued
[2026-09-05T19:15:57.645+0200] {logging_mixin.py:190} INFO - Current task name:wait_for_csv state:running start_date:2026-09-05 17:15:57.556079+00:00
[2026-09-05T19:15:57.645+0200] {logging_mixin.py:190} INFO - Dag name:mini_riskagent_file_ingestion and current dag run status:running
[2026-09-05T19:15:57.646+0200] {taskinstance.py:732} INFO - ::endgroup::
[2026-09-05T19:15:57.647+0200] {python.py:75} INFO - Poking callable: <function check_for_csv_files at 0x10a7f0c20>
[2026-09-05T19:15:57.650+0200] {taskinstance.py:310} INFO - Rescheduling task, marking task as UP_FOR_RESCHEDULE
[2026-09-05T19:15:57.650+0200] {taskinstance.py:341} INFO - ::group::Post task execution logs
[2026-09-05T19:15:57.671+0200] {local_task_job_runner.py:266} INFO - Task exited with return code 0
[2026-09-05T19:15:57.676+0200] {taskinstance.py:3901} INFO - 0 downstream tasks scheduled from follow-on schedule check
[2026-09-05T19:15:57.676+0200] {local_task_job_runner.py:245} INFO - ::endgroup::
[2026-09-05T19:16:29.319+0200] {local_task_job_runner.py:123} INFO - ::group::Pre task execution logs
[2026-09-05T19:16:29.322+0200] {taskinstance.py:2614} INFO - Dependencies all met for dep_context=non-requeueable deps ti=<TaskInstance: mini_riskagent_file_ingestion.wait_for_csv scheduled__2026-09-05T16:18:00+00:00 [queued]>
[2026-09-05T19:16:29.324+0200] {taskinstance.py:2614} INFO - Dependencies all met for dep_context=requeueable deps ti=<TaskInstance: mini_riskagent_file_ingestion.wait_for_csv scheduled__2026-09-05T16:18:00+00:00 [queued]>
[2026-09-05T19:16:29.324+0200] {taskinstance.py:2867} INFO - Starting attempt 1 of 2
[2026-09-05T19:16:29.327+0200] {taskinstance.py:2890} INFO - Executing <Task(PythonSensor): wait_for_csv> on 2026-09-05 16:18:00+00:00
[2026-09-05T19:16:29.331+0200] {standard_task_runner.py:104} INFO - Running: ['airflow', 'tasks', 'run', 'mini_riskagent_file_ingestion', 'wait_for_csv', 'scheduled__2026-09-05T16:18:00+00:00', '--job-id', '1353', '--raw', '--subdir', 'DAGS_FOLDER/data_ingest_pipeline.py', '--cfg-path', '/var/folders/5p/201rr1sj03g8gksxm9x48mbh0000gn/T/tmpy2smnufb']
[2026-09-05T19:16:29.332+0200] {standard_task_runner.py:105} INFO - Job 1353: Subtask wait_for_csv
[2026-09-05T19:16:29.381+0200] {logging_mixin.py:190} WARNING - /Users/swarnalidatta/Desktop/AutoQueryChatbot/.airflow-venv/lib/python3.12/site-packages/airflow/task/task_runner/standard_task_runner.py:70 DeprecationWarning: This process (pid=30243) is multi-threaded, use of fork() may lead to deadlocks in the child.
[2026-09-05T19:16:29.381+0200] {standard_task_runner.py:72} INFO - Started process 30249 to run task
[2026-09-05T19:16:29.395+0200] {task_command.py:467} INFO - Running <TaskInstance: mini_riskagent_file_ingestion.wait_for_csv scheduled__2026-09-05T16:18:00+00:00 [running]> on host mac.home
[2026-09-05T19:16:29.411+0200] {taskinstance.py:3134} INFO - Exporting env vars: AIRFLOW_CTX_DAG_OWNER='autoquery' AIRFLOW_CTX_DAG_ID='mini_riskagent_file_ingestion' AIRFLOW_CTX_TASK_ID='wait_for_csv' AIRFLOW_CTX_EXECUTION_DATE='2026-09-05T16:18:00+00:00' AIRFLOW_CTX_TRY_NUMBER='1' AIRFLOW_CTX_DAG_RUN_ID='scheduled__2026-09-05T16:18:00+00:00'
[2026-09-05T19:16:29.411+0200] {logging_mixin.py:190} INFO - Task instance is in running state
[2026-09-05T19:16:29.411+0200] {logging_mixin.py:190} INFO -  Previous state of the Task instance: queued
[2026-09-05T19:16:29.412+0200] {logging_mixin.py:190} INFO - Current task name:wait_for_csv state:running start_date:2026-09-05 17:16:29.322770+00:00
[2026-09-05T19:16:29.412+0200] {logging_mixin.py:190} INFO - Dag name:mini_riskagent_file_ingestion and current dag run status:running
[2026-09-05T19:16:29.412+0200] {taskinstance.py:732} INFO - ::endgroup::
[2026-09-05T19:16:29.413+0200] {python.py:75} INFO - Poking callable: <function check_for_csv_files at 0x1105d0c20>
[2026-09-05T19:16:29.416+0200] {taskinstance.py:310} INFO - Rescheduling task, marking task as UP_FOR_RESCHEDULE
[2026-09-05T19:16:29.417+0200] {taskinstance.py:341} INFO - ::group::Post task execution logs
[2026-09-05T19:16:29.437+0200] {local_task_job_runner.py:266} INFO - Task exited with return code 0
[2026-09-05T19:16:29.442+0200] {taskinstance.py:3901} INFO - 0 downstream tasks scheduled from follow-on schedule check
[2026-09-05T19:16:29.442+0200] {local_task_job_runner.py:245} INFO - ::endgroup::
[2026-09-05T19:17:01.009+0200] {local_task_job_runner.py:123} INFO - ::group::Pre task execution logs
[2026-09-05T19:17:01.011+0200] {taskinstance.py:2614} INFO - Dependencies all met for dep_context=non-requeueable deps ti=<TaskInstance: mini_riskagent_file_ingestion.wait_for_csv scheduled__2026-09-05T16:18:00+00:00 [queued]>
[2026-09-05T19:17:01.013+0200] {taskinstance.py:2614} INFO - Dependencies all met for dep_context=requeueable deps ti=<TaskInstance: mini_riskagent_file_ingestion.wait_for_csv scheduled__2026-09-05T16:18:00+00:00 [queued]>
[2026-09-05T19:17:01.013+0200] {taskinstance.py:2867} INFO - Starting attempt 1 of 2
[2026-09-05T19:17:01.016+0200] {taskinstance.py:2890} INFO - Executing <Task(PythonSensor): wait_for_csv> on 2026-09-05 16:18:00+00:00
[2026-09-05T19:17:01.020+0200] {standard_task_runner.py:104} INFO - Running: ['airflow', 'tasks', 'run', 'mini_riskagent_file_ingestion', 'wait_for_csv', 'scheduled__2026-09-05T16:18:00+00:00', '--job-id', '1369', '--raw', '--subdir', 'DAGS_FOLDER/data_ingest_pipeline.py', '--cfg-path', '/var/folders/5p/201rr1sj03g8gksxm9x48mbh0000gn/T/tmpqfeaz1_h']
[2026-09-05T19:17:01.021+0200] {standard_task_runner.py:105} INFO - Job 1369: Subtask wait_for_csv
[2026-09-05T19:17:01.071+0200] {logging_mixin.py:190} WARNING - /Users/swarnalidatta/Desktop/AutoQueryChatbot/.airflow-venv/lib/python3.12/site-packages/airflow/task/task_runner/standard_task_runner.py:70 DeprecationWarning: This process (pid=30365) is multi-threaded, use of fork() may lead to deadlocks in the child.
[2026-09-05T19:17:01.071+0200] {standard_task_runner.py:72} INFO - Started process 30367 to run task
[2026-09-05T19:17:01.084+0200] {task_command.py:467} INFO - Running <TaskInstance: mini_riskagent_file_ingestion.wait_for_csv scheduled__2026-09-05T16:18:00+00:00 [running]> on host mac.home
[2026-09-05T19:17:01.100+0200] {taskinstance.py:3134} INFO - Exporting env vars: AIRFLOW_CTX_DAG_OWNER='autoquery' AIRFLOW_CTX_DAG_ID='mini_riskagent_file_ingestion' AIRFLOW_CTX_TASK_ID='wait_for_csv' AIRFLOW_CTX_EXECUTION_DATE='2026-09-05T16:18:00+00:00' AIRFLOW_CTX_TRY_NUMBER='1' AIRFLOW_CTX_DAG_RUN_ID='scheduled__2026-09-05T16:18:00+00:00'
[2026-09-05T19:17:01.100+0200] {logging_mixin.py:190} INFO - Task instance is in running state
[2026-09-05T19:17:01.100+0200] {logging_mixin.py:190} INFO -  Previous state of the Task instance: queued
[2026-09-05T19:17:01.100+0200] {logging_mixin.py:190} INFO - Current task name:wait_for_csv state:running start_date:2026-09-05 17:17:01.011922+00:00
[2026-09-05T19:17:01.101+0200] {logging_mixin.py:190} INFO - Dag name:mini_riskagent_file_ingestion and current dag run status:running
[2026-09-05T19:17:01.101+0200] {taskinstance.py:732} INFO - ::endgroup::
[2026-09-05T19:17:01.102+0200] {python.py:75} INFO - Poking callable: <function check_for_csv_files at 0x10834cc20>
[2026-09-05T19:17:01.105+0200] {taskinstance.py:310} INFO - Rescheduling task, marking task as UP_FOR_RESCHEDULE
[2026-09-05T19:17:01.105+0200] {taskinstance.py:341} INFO - ::group::Post task execution logs
[2026-09-05T19:17:01.126+0200] {local_task_job_runner.py:266} INFO - Task exited with return code 0
[2026-09-05T19:17:01.131+0200] {taskinstance.py:3901} INFO - 0 downstream tasks scheduled from follow-on schedule check
[2026-09-05T19:17:01.132+0200] {local_task_job_runner.py:245} INFO - ::endgroup::
[2026-09-05T19:17:33.129+0200] {local_task_job_runner.py:123} INFO - ::group::Pre task execution logs
[2026-09-05T19:17:33.132+0200] {taskinstance.py:2614} INFO - Dependencies all met for dep_context=non-requeueable deps ti=<TaskInstance: mini_riskagent_file_ingestion.wait_for_csv scheduled__2026-09-05T16:18:00+00:00 [queued]>
[2026-09-05T19:17:33.134+0200] {taskinstance.py:2614} INFO - Dependencies all met for dep_context=requeueable deps ti=<TaskInstance: mini_riskagent_file_ingestion.wait_for_csv scheduled__2026-09-05T16:18:00+00:00 [queued]>
[2026-09-05T19:17:33.134+0200] {taskinstance.py:2867} INFO - Starting attempt 1 of 2
[2026-09-05T19:17:33.138+0200] {taskinstance.py:2890} INFO - Executing <Task(PythonSensor): wait_for_csv> on 2026-09-05 16:18:00+00:00
[2026-09-05T19:17:33.142+0200] {standard_task_runner.py:104} INFO - Running: ['airflow', 'tasks', 'run', 'mini_riskagent_file_ingestion', 'wait_for_csv', 'scheduled__2026-09-05T16:18:00+00:00', '--job-id', '1385', '--raw', '--subdir', 'DAGS_FOLDER/data_ingest_pipeline.py', '--cfg-path', '/var/folders/5p/201rr1sj03g8gksxm9x48mbh0000gn/T/tmpe_hl1s6j']
[2026-09-05T19:17:33.143+0200] {standard_task_runner.py:105} INFO - Job 1385: Subtask wait_for_csv
[2026-09-05T19:17:33.200+0200] {logging_mixin.py:190} WARNING - /Users/swarnalidatta/Desktop/AutoQueryChatbot/.airflow-venv/lib/python3.12/site-packages/airflow/task/task_runner/standard_task_runner.py:70 DeprecationWarning: This process (pid=30495) is multi-threaded, use of fork() may lead to deadlocks in the child.
[2026-09-05T19:17:33.200+0200] {standard_task_runner.py:72} INFO - Started process 30497 to run task
[2026-09-05T19:17:33.212+0200] {task_command.py:467} INFO - Running <TaskInstance: mini_riskagent_file_ingestion.wait_for_csv scheduled__2026-09-05T16:18:00+00:00 [running]> on host mac.home
[2026-09-05T19:17:33.229+0200] {taskinstance.py:3134} INFO - Exporting env vars: AIRFLOW_CTX_DAG_OWNER='autoquery' AIRFLOW_CTX_DAG_ID='mini_riskagent_file_ingestion' AIRFLOW_CTX_TASK_ID='wait_for_csv' AIRFLOW_CTX_EXECUTION_DATE='2026-09-05T16:18:00+00:00' AIRFLOW_CTX_TRY_NUMBER='1' AIRFLOW_CTX_DAG_RUN_ID='scheduled__2026-09-05T16:18:00+00:00'
[2026-09-05T19:17:33.229+0200] {logging_mixin.py:190} INFO - Task instance is in running state
[2026-09-05T19:17:33.229+0200] {logging_mixin.py:190} INFO -  Previous state of the Task instance: queued
[2026-09-05T19:17:33.229+0200] {logging_mixin.py:190} INFO - Current task name:wait_for_csv state:running start_date:2026-09-05 17:17:33.132821+00:00
[2026-09-05T19:17:33.230+0200] {logging_mixin.py:190} INFO - Dag name:mini_riskagent_file_ingestion and current dag run status:running
[2026-09-05T19:17:33.230+0200] {taskinstance.py:732} INFO - ::endgroup::
[2026-09-05T19:17:33.231+0200] {python.py:75} INFO - Poking callable: <function check_for_csv_files at 0x108fd0c20>
[2026-09-05T19:17:33.234+0200] {taskinstance.py:310} INFO - Rescheduling task, marking task as UP_FOR_RESCHEDULE
[2026-09-05T19:17:33.234+0200] {taskinstance.py:341} INFO - ::group::Post task execution logs
[2026-09-05T19:17:33.254+0200] {local_task_job_runner.py:266} INFO - Task exited with return code 0
[2026-09-05T19:17:33.259+0200] {taskinstance.py:3901} INFO - 0 downstream tasks scheduled from follow-on schedule check
[2026-09-05T19:17:33.260+0200] {local_task_job_runner.py:245} INFO - ::endgroup::
[2026-09-05T19:18:05.449+0200] {local_task_job_runner.py:123} INFO - ::group::Pre task execution logs
[2026-09-05T19:18:05.452+0200] {taskinstance.py:2614} INFO - Dependencies all met for dep_context=non-requeueable deps ti=<TaskInstance: mini_riskagent_file_ingestion.wait_for_csv scheduled__2026-09-05T16:18:00+00:00 [queued]>
[2026-09-05T19:18:05.454+0200] {taskinstance.py:2614} INFO - Dependencies all met for dep_context=requeueable deps ti=<TaskInstance: mini_riskagent_file_ingestion.wait_for_csv scheduled__2026-09-05T16:18:00+00:00 [queued]>
[2026-09-05T19:18:05.454+0200] {taskinstance.py:2867} INFO - Starting attempt 1 of 2
[2026-09-05T19:18:05.458+0200] {taskinstance.py:2890} INFO - Executing <Task(PythonSensor): wait_for_csv> on 2026-09-05 16:18:00+00:00
[2026-09-05T19:18:05.463+0200] {standard_task_runner.py:104} INFO - Running: ['airflow', 'tasks', 'run', 'mini_riskagent_file_ingestion', 'wait_for_csv', 'scheduled__2026-09-05T16:18:00+00:00', '--job-id', '1402', '--raw', '--subdir', 'DAGS_FOLDER/data_ingest_pipeline.py', '--cfg-path', '/var/folders/5p/201rr1sj03g8gksxm9x48mbh0000gn/T/tmp1j_yfoho']
[2026-09-05T19:18:05.464+0200] {standard_task_runner.py:105} INFO - Job 1402: Subtask wait_for_csv
[2026-09-05T19:18:05.519+0200] {logging_mixin.py:190} WARNING - /Users/swarnalidatta/Desktop/AutoQueryChatbot/.airflow-venv/lib/python3.12/site-packages/airflow/task/task_runner/standard_task_runner.py:70 DeprecationWarning: This process (pid=30612) is multi-threaded, use of fork() may lead to deadlocks in the child.
[2026-09-05T19:18:05.519+0200] {standard_task_runner.py:72} INFO - Started process 30618 to run task
[2026-09-05T19:18:05.531+0200] {task_command.py:467} INFO - Running <TaskInstance: mini_riskagent_file_ingestion.wait_for_csv scheduled__2026-09-05T16:18:00+00:00 [running]> on host mac.home
[2026-09-05T19:18:05.547+0200] {taskinstance.py:3134} INFO - Exporting env vars: AIRFLOW_CTX_DAG_OWNER='autoquery' AIRFLOW_CTX_DAG_ID='mini_riskagent_file_ingestion' AIRFLOW_CTX_TASK_ID='wait_for_csv' AIRFLOW_CTX_EXECUTION_DATE='2026-09-05T16:18:00+00:00' AIRFLOW_CTX_TRY_NUMBER='1' AIRFLOW_CTX_DAG_RUN_ID='scheduled__2026-09-05T16:18:00+00:00'
[2026-09-05T19:18:05.547+0200] {logging_mixin.py:190} INFO - Task instance is in running state
[2026-09-05T19:18:05.547+0200] {logging_mixin.py:190} INFO -  Previous state of the Task instance: queued
[2026-09-05T19:18:05.547+0200] {logging_mixin.py:190} INFO - Current task name:wait_for_csv state:running start_date:2026-09-05 17:18:05.452787+00:00
[2026-09-05T19:18:05.547+0200] {logging_mixin.py:190} INFO - Dag name:mini_riskagent_file_ingestion and current dag run status:running
[2026-09-05T19:18:05.548+0200] {taskinstance.py:732} INFO - ::endgroup::
[2026-09-05T19:18:05.549+0200] {python.py:75} INFO - Poking callable: <function check_for_csv_files at 0x10cda4c20>
[2026-09-05T19:18:05.552+0200] {taskinstance.py:310} INFO - Rescheduling task, marking task as UP_FOR_RESCHEDULE
[2026-09-05T19:18:05.552+0200] {taskinstance.py:341} INFO - ::group::Post task execution logs
[2026-09-05T19:18:05.575+0200] {local_task_job_runner.py:266} INFO - Task exited with return code 0
[2026-09-05T19:18:05.580+0200] {taskinstance.py:3901} INFO - 0 downstream tasks scheduled from follow-on schedule check
[2026-09-05T19:18:05.580+0200] {local_task_job_runner.py:245} INFO - ::endgroup::
[2026-09-05T19:18:37.573+0200] {local_task_job_runner.py:123} INFO - ::group::Pre task execution logs
[2026-09-05T19:18:37.576+0200] {taskinstance.py:2614} INFO - Dependencies all met for dep_context=non-requeueable deps ti=<TaskInstance: mini_riskagent_file_ingestion.wait_for_csv scheduled__2026-09-05T16:18:00+00:00 [queued]>
[2026-09-05T19:18:37.577+0200] {taskinstance.py:2614} INFO - Dependencies all met for dep_context=requeueable deps ti=<TaskInstance: mini_riskagent_file_ingestion.wait_for_csv scheduled__2026-09-05T16:18:00+00:00 [queued]>
[2026-09-05T19:18:37.577+0200] {taskinstance.py:2867} INFO - Starting attempt 1 of 2
[2026-09-05T19:18:37.581+0200] {taskinstance.py:2890} INFO - Executing <Task(PythonSensor): wait_for_csv> on 2026-09-05 16:18:00+00:00
[2026-09-05T19:18:37.585+0200] {standard_task_runner.py:104} INFO - Running: ['airflow', 'tasks', 'run', 'mini_riskagent_file_ingestion', 'wait_for_csv', 'scheduled__2026-09-05T16:18:00+00:00', '--job-id', '1418', '--raw', '--subdir', 'DAGS_FOLDER/data_ingest_pipeline.py', '--cfg-path', '/var/folders/5p/201rr1sj03g8gksxm9x48mbh0000gn/T/tmpbvpq61wy']
[2026-09-05T19:18:37.586+0200] {standard_task_runner.py:105} INFO - Job 1418: Subtask wait_for_csv
[2026-09-05T19:18:37.635+0200] {logging_mixin.py:190} WARNING - /Users/swarnalidatta/Desktop/AutoQueryChatbot/.airflow-venv/lib/python3.12/site-packages/airflow/task/task_runner/standard_task_runner.py:70 DeprecationWarning: This process (pid=30726) is multi-threaded, use of fork() may lead to deadlocks in the child.
[2026-09-05T19:18:37.636+0200] {standard_task_runner.py:72} INFO - Started process 30728 to run task
[2026-09-05T19:18:37.649+0200] {task_command.py:467} INFO - Running <TaskInstance: mini_riskagent_file_ingestion.wait_for_csv scheduled__2026-09-05T16:18:00+00:00 [running]> on host mac.home
[2026-09-05T19:18:37.665+0200] {taskinstance.py:3134} INFO - Exporting env vars: AIRFLOW_CTX_DAG_OWNER='autoquery' AIRFLOW_CTX_DAG_ID='mini_riskagent_file_ingestion' AIRFLOW_CTX_TASK_ID='wait_for_csv' AIRFLOW_CTX_EXECUTION_DATE='2026-09-05T16:18:00+00:00' AIRFLOW_CTX_TRY_NUMBER='1' AIRFLOW_CTX_DAG_RUN_ID='scheduled__2026-09-05T16:18:00+00:00'
[2026-09-05T19:18:37.666+0200] {logging_mixin.py:190} INFO - Task instance is in running state
[2026-09-05T19:18:37.666+0200] {logging_mixin.py:190} INFO -  Previous state of the Task instance: queued
[2026-09-05T19:18:37.666+0200] {logging_mixin.py:190} INFO - Current task name:wait_for_csv state:running start_date:2026-09-05 17:18:37.576598+00:00
[2026-09-05T19:18:37.666+0200] {logging_mixin.py:190} INFO - Dag name:mini_riskagent_file_ingestion and current dag run status:running
[2026-09-05T19:18:37.666+0200] {taskinstance.py:732} INFO - ::endgroup::
[2026-09-05T19:18:37.667+0200] {python.py:75} INFO - Poking callable: <function check_for_csv_files at 0x111204c20>
[2026-09-05T19:18:37.671+0200] {taskinstance.py:310} INFO - Rescheduling task, marking task as UP_FOR_RESCHEDULE
[2026-09-05T19:18:37.671+0200] {taskinstance.py:341} INFO - ::group::Post task execution logs
[2026-09-05T19:18:37.691+0200] {local_task_job_runner.py:266} INFO - Task exited with return code 0
[2026-09-05T19:18:37.696+0200] {taskinstance.py:3901} INFO - 0 downstream tasks scheduled from follow-on schedule check
[2026-09-05T19:18:37.696+0200] {local_task_job_runner.py:245} INFO - ::endgroup::
[2026-09-05T19:19:09.741+0200] {local_task_job_runner.py:123} INFO - ::group::Pre task execution logs
[2026-09-05T19:19:09.744+0200] {taskinstance.py:2614} INFO - Dependencies all met for dep_context=non-requeueable deps ti=<TaskInstance: mini_riskagent_file_ingestion.wait_for_csv scheduled__2026-09-05T16:18:00+00:00 [queued]>
[2026-09-05T19:19:09.745+0200] {taskinstance.py:2614} INFO - Dependencies all met for dep_context=requeueable deps ti=<TaskInstance: mini_riskagent_file_ingestion.wait_for_csv scheduled__2026-09-05T16:18:00+00:00 [queued]>
[2026-09-05T19:19:09.745+0200] {taskinstance.py:2867} INFO - Starting attempt 1 of 2
[2026-09-05T19:19:09.749+0200] {taskinstance.py:2890} INFO - Executing <Task(PythonSensor): wait_for_csv> on 2026-09-05 16:18:00+00:00
[2026-09-05T19:19:09.753+0200] {standard_task_runner.py:104} INFO - Running: ['airflow', 'tasks', 'run', 'mini_riskagent_file_ingestion', 'wait_for_csv', 'scheduled__2026-09-05T16:18:00+00:00', '--job-id', '1434', '--raw', '--subdir', 'DAGS_FOLDER/data_ingest_pipeline.py', '--cfg-path', '/var/folders/5p/201rr1sj03g8gksxm9x48mbh0000gn/T/tmp52nw1zxk']
[2026-09-05T19:19:09.754+0200] {standard_task_runner.py:105} INFO - Job 1434: Subtask wait_for_csv
[2026-09-05T19:19:09.804+0200] {logging_mixin.py:190} WARNING - /Users/swarnalidatta/Desktop/AutoQueryChatbot/.airflow-venv/lib/python3.12/site-packages/airflow/task/task_runner/standard_task_runner.py:70 DeprecationWarning: This process (pid=30835) is multi-threaded, use of fork() may lead to deadlocks in the child.
[2026-09-05T19:19:09.805+0200] {standard_task_runner.py:72} INFO - Started process 30837 to run task
[2026-09-05T19:19:09.815+0200] {task_command.py:467} INFO - Running <TaskInstance: mini_riskagent_file_ingestion.wait_for_csv scheduled__2026-09-05T16:18:00+00:00 [running]> on host mac.home
[2026-09-05T19:19:09.831+0200] {taskinstance.py:3134} INFO - Exporting env vars: AIRFLOW_CTX_DAG_OWNER='autoquery' AIRFLOW_CTX_DAG_ID='mini_riskagent_file_ingestion' AIRFLOW_CTX_TASK_ID='wait_for_csv' AIRFLOW_CTX_EXECUTION_DATE='2026-09-05T16:18:00+00:00' AIRFLOW_CTX_TRY_NUMBER='1' AIRFLOW_CTX_DAG_RUN_ID='scheduled__2026-09-05T16:18:00+00:00'
[2026-09-05T19:19:09.831+0200] {logging_mixin.py:190} INFO - Task instance is in running state
[2026-09-05T19:19:09.831+0200] {logging_mixin.py:190} INFO -  Previous state of the Task instance: queued
[2026-09-05T19:19:09.831+0200] {logging_mixin.py:190} INFO - Current task name:wait_for_csv state:running start_date:2026-09-05 17:19:09.744412+00:00
[2026-09-05T19:19:09.831+0200] {logging_mixin.py:190} INFO - Dag name:mini_riskagent_file_ingestion and current dag run status:running
[2026-09-05T19:19:09.832+0200] {taskinstance.py:732} INFO - ::endgroup::
[2026-09-05T19:19:09.833+0200] {python.py:75} INFO - Poking callable: <function check_for_csv_files at 0x108ae8c20>
[2026-09-05T19:19:09.833+0200] {taskinstance.py:3313} ERROR - Task failed with exception
Traceback (most recent call last):
  File "/Users/swarnalidatta/Desktop/AutoQueryChatbot/.airflow-venv/lib/python3.12/site-packages/airflow/models/taskinstance.py", line 768, in _execute_task
    result = _execute_callable(context=context, **execute_callable_kwargs)
             ^^^^^^^^^^^^^^^^^^^^^^^^^^^^^^^^^^^^^^^^^^^^^^^^^^^^^^^^^^^^^
  File "/Users/swarnalidatta/Desktop/AutoQueryChatbot/.airflow-venv/lib/python3.12/site-packages/airflow/models/taskinstance.py", line 734, in _execute_callable
    return ExecutionCallableRunner(
           ^^^^^^^^^^^^^^^^^^^^^^^^
  File "/Users/swarnalidatta/Desktop/AutoQueryChatbot/.airflow-venv/lib/python3.12/site-packages/airflow/utils/operator_helpers.py", line 252, in run
    return self.func(*args, **kwargs)
           ^^^^^^^^^^^^^^^^^^^^^^^^^^
  File "/Users/swarnalidatta/Desktop/AutoQueryChatbot/.airflow-venv/lib/python3.12/site-packages/airflow/models/baseoperator.py", line 424, in wrapper
    return func(self, *args, **kwargs)
           ^^^^^^^^^^^^^^^^^^^^^^^^^^^
  File "/Users/swarnalidatta/Desktop/AutoQueryChatbot/.airflow-venv/lib/python3.12/site-packages/airflow/sensors/base.py", line 326, in execute
    raise AirflowSensorTimeout(message)
airflow.exceptions.AirflowSensorTimeout: Sensor has timed out; run duration of 3600.469012 seconds exceeds the specified timeout of 3600.0.
[2026-09-05T19:19:09.835+0200] {logging_mixin.py:190} INFO - Task instance in failure state
[2026-09-05T19:19:09.835+0200] {logging_mixin.py:190} INFO - Task start:2026-09-05 17:19:09.744412+00:00 end:2026-09-05 17:19:09.834989+00:00 duration:0.090577
[2026-09-05T19:19:09.835+0200] {logging_mixin.py:190} INFO - Task:<Task(PythonSensor): wait_for_csv> dag:<DAG: mini_riskagent_file_ingestion> dagrun:<DagRun mini_riskagent_file_ingestion @ 2026-09-05 16:18:00+00:00: scheduled__2026-09-05T16:18:00+00:00, state:running, queued_at: 2026-09-05 16:19:08.481859+00:00. externally triggered: False>
[2026-09-05T19:19:09.835+0200] {logging_mixin.py:190} INFO - Failure caused by Sensor has timed out; run duration of 3600.469012 seconds exceeds the specified timeout of 3600.0.
[2026-09-05T19:19:09.835+0200] {taskinstance.py:1226} INFO - Immediate failure requested. Marking task as FAILED. dag_id=mini_riskagent_file_ingestion, task_id=wait_for_csv, run_id=scheduled__2026-09-05T16:18:00+00:00, execution_date=20260905T161800, start_date=20260905T171909, end_date=20260905T171909
[2026-09-05T19:19:09.839+0200] {taskinstance.py:341} INFO - ::group::Post task execution logs
[2026-09-05T19:19:09.839+0200] {standard_task_runner.py:124} ERROR - Failed to execute job 1434 for task wait_for_csv (Sensor has timed out; run duration of 3600.469012 seconds exceeds the specified timeout of 3600.0.; 30837)
Traceback (most recent call last):
  File "/Users/swarnalidatta/Desktop/AutoQueryChatbot/.airflow-venv/lib/python3.12/site-packages/airflow/task/task_runner/standard_task_runner.py", line 117, in _start_by_fork
    ret = args.func(args, dag=self.dag)
          ^^^^^^^^^^^^^^^^^^^^^^^^^^^^^
  File "/Users/swarnalidatta/Desktop/AutoQueryChatbot/.airflow-venv/lib/python3.12/site-packages/airflow/cli/cli_config.py", line 49, in command
    return func(*args, **kwargs)
           ^^^^^^^^^^^^^^^^^^^^^
  File "/Users/swarnalidatta/Desktop/AutoQueryChatbot/.airflow-venv/lib/python3.12/site-packages/airflow/utils/cli.py", line 116, in wrapper
    return f(*args, **kwargs)
           ^^^^^^^^^^^^^^^^^^
  File "/Users/swarnalidatta/Desktop/AutoQueryChatbot/.airflow-venv/lib/python3.12/site-packages/airflow/cli/commands/task_command.py", line 483, in task_run
    task_return_code = _run_task_by_selected_method(args, _dag, ti)
                       ^^^^^^^^^^^^^^^^^^^^^^^^^^^^^^^^^^^^^^^^^^^^
  File "/Users/swarnalidatta/Desktop/AutoQueryChatbot/.airflow-venv/lib/python3.12/site-packages/airflow/cli/commands/task_command.py", line 256, in _run_task_by_selected_method
    return _run_raw_task(args, ti)
           ^^^^^^^^^^^^^^^^^^^^^^^
  File "/Users/swarnalidatta/Desktop/AutoQueryChatbot/.airflow-venv/lib/python3.12/site-packages/airflow/cli/commands/task_command.py", line 341, in _run_raw_task
    return ti._run_raw_task(
           ^^^^^^^^^^^^^^^^^
  File "/Users/swarnalidatta/Desktop/AutoQueryChatbot/.airflow-venv/lib/python3.12/site-packages/airflow/utils/session.py", line 97, in wrapper
    return func(*args, session=session, **kwargs)
           ^^^^^^^^^^^^^^^^^^^^^^^^^^^^^^^^^^^^^^
  File "/Users/swarnalidatta/Desktop/AutoQueryChatbot/.airflow-venv/lib/python3.12/site-packages/airflow/models/taskinstance.py", line 3006, in _run_raw_task
    return _run_raw_task(
           ^^^^^^^^^^^^^^
  File "/Users/swarnalidatta/Desktop/AutoQueryChatbot/.airflow-venv/lib/python3.12/site-packages/airflow/models/taskinstance.py", line 274, in _run_raw_task
    TaskInstance._execute_task_with_callbacks(
  File "/Users/swarnalidatta/Desktop/AutoQueryChatbot/.airflow-venv/lib/python3.12/site-packages/airflow/models/taskinstance.py", line 3161, in _execute_task_with_callbacks
    result = self._execute_task(context, task_orig)
             ^^^^^^^^^^^^^^^^^^^^^^^^^^^^^^^^^^^^^^
  File "/Users/swarnalidatta/Desktop/AutoQueryChatbot/.airflow-venv/lib/python3.12/site-packages/airflow/models/taskinstance.py", line 3185, in _execute_task
    return _execute_task(self, context, task_orig)
           ^^^^^^^^^^^^^^^^^^^^^^^^^^^^^^^^^^^^^^^
  File "/Users/swarnalidatta/Desktop/AutoQueryChatbot/.airflow-venv/lib/python3.12/site-packages/airflow/models/taskinstance.py", line 768, in _execute_task
    result = _execute_callable(context=context, **execute_callable_kwargs)
             ^^^^^^^^^^^^^^^^^^^^^^^^^^^^^^^^^^^^^^^^^^^^^^^^^^^^^^^^^^^^^
  File "/Users/swarnalidatta/Desktop/AutoQueryChatbot/.airflow-venv/lib/python3.12/site-packages/airflow/models/taskinstance.py", line 734, in _execute_callable
    return ExecutionCallableRunner(
           ^^^^^^^^^^^^^^^^^^^^^^^^
  File "/Users/swarnalidatta/Desktop/AutoQueryChatbot/.airflow-venv/lib/python3.12/site-packages/airflow/utils/operator_helpers.py", line 252, in run
    return self.func(*args, **kwargs)
           ^^^^^^^^^^^^^^^^^^^^^^^^^^
  File "/Users/swarnalidatta/Desktop/AutoQueryChatbot/.airflow-venv/lib/python3.12/site-packages/airflow/models/baseoperator.py", line 424, in wrapper
    return func(self, *args, **kwargs)
           ^^^^^^^^^^^^^^^^^^^^^^^^^^^
  File "/Users/swarnalidatta/Desktop/AutoQueryChatbot/.airflow-venv/lib/python3.12/site-packages/airflow/sensors/base.py", line 326, in execute
    raise AirflowSensorTimeout(message)
airflow.exceptions.AirflowSensorTimeout: Sensor has timed out; run duration of 3600.469012 seconds exceeds the specified timeout of 3600.0.
[2026-09-05T19:19:09.860+0200] {local_task_job_runner.py:266} INFO - Task exited with return code 1
[2026-09-05T19:19:09.865+0200] {taskinstance.py:3901} INFO - 0 downstream tasks scheduled from follow-on schedule check
[2026-09-05T19:19:09.866+0200] {local_task_job_runner.py:245} INFO - ::endgroup::
