[2026-09-05T19:01:27.502+0200] {local_task_job_runner.py:123} INFO - ::group::Pre task execution logs
[2026-09-05T19:01:27.505+0200] {taskinstance.py:2614} INFO - Dependencies all met for dep_context=non-requeueable deps ti=<TaskInstance: mini_riskagent_file_ingestion.wait_for_csv scheduled__2026-09-05T17:00:00+00:00 [queued]>
[2026-09-05T19:01:27.506+0200] {taskinstance.py:2614} INFO - Dependencies all met for dep_context=requeueable deps ti=<TaskInstance: mini_riskagent_file_ingestion.wait_for_csv scheduled__2026-09-05T17:00:00+00:00 [queued]>
[2026-09-05T19:01:27.506+0200] {taskinstance.py:2867} INFO - Starting attempt 1 of 2
[2026-09-05T19:01:27.510+0200] {taskinstance.py:2890} INFO - Executing <Task(PythonSensor): wait_for_csv> on 2026-09-05 17:00:00+00:00
[2026-09-05T19:01:27.515+0200] {standard_task_runner.py:104} INFO - Running: ['airflow', 'tasks', 'run', 'mini_riskagent_file_ingestion', 'wait_for_csv', 'scheduled__2026-09-05T17:00:00+00:00', '--job-id', '903', '--raw', '--subdir', 'DAGS_FOLDER/data_ingest_pipeline.py', '--cfg-path', '/var/folders/5p/201rr1sj03g8gksxm9x48mbh0000gn/T/tmp5k05_6od']
[2026-09-05T19:01:27.515+0200] {standard_task_runner.py:105} INFO - Job 903: Subtask wait_for_csv
[2026-09-05T19:01:27.566+0200] {logging_mixin.py:190} WARNING - /Users/swarnalidatta/Desktop/AutoQueryChatbot/.airflow-venv/lib/python3.12/site-packages/airflow/task/task_runner/standard_task_runner.py:70 DeprecationWarning: This process (pid=26774) is multi-threaded, use of fork() may lead to deadlocks in the child.
[2026-09-05T19:01:27.566+0200] {standard_task_runner.py:72} INFO - Started process 26776 to run task
[2026-09-05T19:01:27.577+0200] {task_command.py:467} INFO - Running <TaskInstance: mini_riskagent_file_ingestion.wait_for_csv scheduled__2026-09-05T17:00:00+00:00 [running]> on host mac.home
[2026-09-05T19:01:27.592+0200] {taskinstance.py:3134} INFO - Exporting env vars: AIRFLOW_CTX_DAG_OWNER='autoquery' AIRFLOW_CTX_DAG_ID='mini_riskagent_file_ingestion' AIRFLOW_CTX_TASK_ID='wait_for_csv' AIRFLOW_CTX_EXECUTION_DATE='2026-09-05T17:00:00+00:00' AIRFLOW_CTX_TRY_NUMBER='1' AIRFLOW_CTX_DAG_RUN_ID='scheduled__2026-09-05T17:00:00+00:00'
[2026-09-05T19:01:27.593+0200] {logging_mixin.py:190} INFO - Task instance is in running state
[2026-09-05T19:01:27.593+0200] {logging_mixin.py:190} INFO -  Previous state of the Task instance: queued
[2026-09-05T19:01:27.593+0200] {logging_mixin.py:190} INFO - Current task name:wait_for_csv state:running start_date:2026-09-05 17:01:27.505548+00:00
[2026-09-05T19:01:27.593+0200] {logging_mixin.py:190} INFO - Dag name:mini_riskagent_file_ingestion and current dag run status:running
[2026-09-05T19:01:27.593+0200] {taskinstance.py:732} INFO - ::endgroup::
[2026-09-05T19:01:27.595+0200] {python.py:75} INFO - Poking callable: <function check_for_csv_files at 0x109fbcc20>
[2026-09-05T19:01:27.598+0200] {taskinstance.py:310} INFO - Rescheduling task, marking task as UP_FOR_RESCHEDULE
[2026-09-05T19:01:27.598+0200] {taskinstance.py:341} INFO - ::group::Post task execution logs
[2026-09-05T19:01:27.621+0200] {local_task_job_runner.py:266} INFO - Task exited with return code 0
[2026-09-05T19:01:27.626+0200] {taskinstance.py:3901} INFO - 0 downstream tasks scheduled from follow-on schedule check
[2026-09-05T19:01:27.626+0200] {local_task_job_runner.py:245} INFO - ::endgroup::
[2026-09-05T19:01:59.591+0200] {local_task_job_runner.py:123} INFO - ::group::Pre task execution logs
[2026-09-05T19:01:59.594+0200] {taskinstance.py:2614} INFO - Dependencies all met for dep_context=non-requeueable deps ti=<TaskInstance: mini_riskagent_file_ingestion.wait_for_csv scheduled__2026-09-05T17:00:00+00:00 [queued]>
[2026-09-05T19:01:59.595+0200] {taskinstance.py:2614} INFO - Dependencies all met for dep_context=requeueable deps ti=<TaskInstance: mini_riskagent_file_ingestion.wait_for_csv scheduled__2026-09-05T17:00:00+00:00 [queued]>
[2026-09-05T19:01:59.595+0200] {taskinstance.py:2867} INFO - Starting attempt 1 of 2
[2026-09-05T19:01:59.599+0200] {taskinstance.py:2890} INFO - Executing <Task(PythonSensor): wait_for_csv> on 2026-09-05 17:00:00+00:00
[2026-09-05T19:01:59.603+0200] {standard_task_runner.py:104} INFO - Running: ['airflow', 'tasks', 'run', 'mini_riskagent_file_ingestion', 'wait_for_csv', 'scheduled__2026-09-05T17:00:00+00:00', '--job-id', '919', '--raw', '--subdir', 'DAGS_FOLDER/data_ingest_pipeline.py', '--cfg-path', '/var/folders/5p/201rr1sj03g8gksxm9x48mbh0000gn/T/tmpzylr3r6g']
[2026-09-05T19:01:59.604+0200] {standard_task_runner.py:105} INFO - Job 919: Subtask wait_for_csv
[2026-09-05T19:01:59.654+0200] {logging_mixin.py:190} WARNING - /Users/swarnalidatta/Desktop/AutoQueryChatbot/.airflow-venv/lib/python3.12/site-packages/airflow/task/task_runner/standard_task_runner.py:70 DeprecationWarning: This process (pid=26886) is multi-threaded, use of fork() may lead to deadlocks in the child.
[2026-09-05T19:01:59.654+0200] {standard_task_runner.py:72} INFO - Started process 26888 to run task
[2026-09-05T19:01:59.666+0200] {task_command.py:467} INFO - Running <TaskInstance: mini_riskagent_file_ingestion.wait_for_csv scheduled__2026-09-05T17:00:00+00:00 [running]> on host mac.home
[2026-09-05T19:01:59.681+0200] {taskinstance.py:3134} INFO - Exporting env vars: AIRFLOW_CTX_DAG_OWNER='autoquery' AIRFLOW_CTX_DAG_ID='mini_riskagent_file_ingestion' AIRFLOW_CTX_TASK_ID='wait_for_csv' AIRFLOW_CTX_EXECUTION_DATE='2026-09-05T17:00:00+00:00' AIRFLOW_CTX_TRY_NUMBER='1' AIRFLOW_CTX_DAG_RUN_ID='scheduled__2026-09-05T17:00:00+00:00'
[2026-09-05T19:01:59.682+0200] {logging_mixin.py:190} INFO - Task instance is in running state
[2026-09-05T19:01:59.682+0200] {logging_mixin.py:190} INFO -  Previous state of the Task instance: queued
[2026-09-05T19:01:59.682+0200] {logging_mixin.py:190} INFO - Current task name:wait_for_csv state:running start_date:2026-09-05 17:01:59.594113+00:00
[2026-09-05T19:01:59.682+0200] {logging_mixin.py:190} INFO - Dag name:mini_riskagent_file_ingestion and current dag run status:running
[2026-09-05T19:01:59.683+0200] {taskinstance.py:732} INFO - ::endgroup::
[2026-09-05T19:01:59.684+0200] {python.py:75} INFO - Poking callable: <function check_for_csv_files at 0x1102dcc20>
[2026-09-05T19:01:59.687+0200] {taskinstance.py:310} INFO - Rescheduling task, marking task as UP_FOR_RESCHEDULE
[2026-09-05T19:01:59.687+0200] {taskinstance.py:341} INFO - ::group::Post task execution logs
[2026-09-05T19:01:59.710+0200] {local_task_job_runner.py:266} INFO - Task exited with return code 0
[2026-09-05T19:01:59.715+0200] {taskinstance.py:3901} INFO - 0 downstream tasks scheduled from follow-on schedule check
[2026-09-05T19:01:59.715+0200] {local_task_job_runner.py:245} INFO - ::endgroup::
[2026-09-05T19:02:31.322+0200] {local_task_job_runner.py:123} INFO - ::group::Pre task execution logs
[2026-09-05T19:02:31.324+0200] {taskinstance.py:2614} INFO - Dependencies all met for dep_context=non-requeueable deps ti=<TaskInstance: mini_riskagent_file_ingestion.wait_for_csv scheduled__2026-09-05T17:00:00+00:00 [queued]>
[2026-09-05T19:02:31.326+0200] {taskinstance.py:2614} INFO - Dependencies all met for dep_context=requeueable deps ti=<TaskInstance: mini_riskagent_file_ingestion.wait_for_csv scheduled__2026-09-05T17:00:00+00:00 [queued]>
[2026-09-05T19:02:31.326+0200] {taskinstance.py:2867} INFO - Starting attempt 1 of 2
[2026-09-05T19:02:31.329+0200] {taskinstance.py:2890} INFO - Executing <Task(PythonSensor): wait_for_csv> on 2026-09-05 17:00:00+00:00
[2026-09-05T19:02:31.333+0200] {standard_task_runner.py:104} INFO - Running: ['airflow', 'tasks', 'run', 'mini_riskagent_file_ingestion', 'wait_for_csv', 'scheduled__2026-09-05T17:00:00+00:00', '--job-id', '935', '--raw', '--subdir', 'DAGS_FOLDER/data_ingest_pipeline.py', '--cfg-path', '/var/folders/5p/201rr1sj03g8gksxm9x48mbh0000gn/T/tmpi0di9ki2']
[2026-09-05T19:02:31.334+0200] {standard_task_runner.py:105} INFO - Job 935: Subtask wait_for_csv
[2026-09-05T19:02:31.381+0200] {logging_mixin.py:190} WARNING - /Users/swarnalidatta/Desktop/AutoQueryChatbot/.airflow-venv/lib/python3.12/site-packages/airflow/task/task_runner/standard_task_runner.py:70 DeprecationWarning: This process (pid=26992) is multi-threaded, use of fork() may lead to deadlocks in the child.
[2026-09-05T19:02:31.382+0200] {standard_task_runner.py:72} INFO - Started process 26994 to run task
[2026-09-05T19:02:31.394+0200] {task_command.py:467} INFO - Running <TaskInstance: mini_riskagent_file_ingestion.wait_for_csv scheduled__2026-09-05T17:00:00+00:00 [running]> on host mac.home
[2026-09-05T19:02:31.410+0200] {taskinstance.py:3134} INFO - Exporting env vars: AIRFLOW_CTX_DAG_OWNER='autoquery' AIRFLOW_CTX_DAG_ID='mini_riskagent_file_ingestion' AIRFLOW_CTX_TASK_ID='wait_for_csv' AIRFLOW_CTX_EXECUTION_DATE='2026-09-05T17:00:00+00:00' AIRFLOW_CTX_TRY_NUMBER='1' AIRFLOW_CTX_DAG_RUN_ID='scheduled__2026-09-05T17:00:00+00:00'
[2026-09-05T19:02:31.411+0200] {logging_mixin.py:190} INFO - Task instance is in running state
[2026-09-05T19:02:31.411+0200] {logging_mixin.py:190} INFO -  Previous state of the Task instance: queued
[2026-09-05T19:02:31.411+0200] {logging_mixin.py:190} INFO - Current task name:wait_for_csv state:running start_date:2026-09-05 17:02:31.324836+00:00
[2026-09-05T19:02:31.411+0200] {logging_mixin.py:190} INFO - Dag name:mini_riskagent_file_ingestion and current dag run status:running
[2026-09-05T19:02:31.411+0200] {taskinstance.py:732} INFO - ::endgroup::
[2026-09-05T19:02:31.413+0200] {python.py:75} INFO - Poking callable: <function check_for_csv_files at 0x108350c20>
[2026-09-05T19:02:31.416+0200] {taskinstance.py:310} INFO - Rescheduling task, marking task as UP_FOR_RESCHEDULE
[2026-09-05T19:02:31.416+0200] {taskinstance.py:341} INFO - ::group::Post task execution logs
[2026-09-05T19:02:31.437+0200] {local_task_job_runner.py:266} INFO - Task exited with return code 0
[2026-09-05T19:02:31.442+0200] {taskinstance.py:3901} INFO - 0 downstream tasks scheduled from follow-on schedule check
[2026-09-05T19:02:31.442+0200] {local_task_job_runner.py:245} INFO - ::endgroup::
[2026-09-05T19:03:02.629+0200] {local_task_job_runner.py:123} INFO - ::group::Pre task execution logs
[2026-09-05T19:03:02.631+0200] {taskinstance.py:2614} INFO - Dependencies all met for dep_context=non-requeueable deps ti=<TaskInstance: mini_riskagent_file_ingestion.wait_for_csv scheduled__2026-09-05T17:00:00+00:00 [queued]>
[2026-09-05T19:03:02.633+0200] {taskinstance.py:2614} INFO - Dependencies all met for dep_context=requeueable deps ti=<TaskInstance: mini_riskagent_file_ingestion.wait_for_csv scheduled__2026-09-05T17:00:00+00:00 [queued]>
[2026-09-05T19:03:02.633+0200] {taskinstance.py:2867} INFO - Starting attempt 1 of 2
[2026-09-05T19:03:02.637+0200] {taskinstance.py:2890} INFO - Executing <Task(PythonSensor): wait_for_csv> on 2026-09-05 17:00:00+00:00
[2026-09-05T19:03:02.641+0200] {standard_task_runner.py:104} INFO - Running: ['airflow', 'tasks', 'run', 'mini_riskagent_file_ingestion', 'wait_for_csv', 'scheduled__2026-09-05T17:00:00+00:00', '--job-id', '951', '--raw', '--subdir', 'DAGS_FOLDER/data_ingest_pipeline.py', '--cfg-path', '/var/folders/5p/201rr1sj03g8gksxm9x48mbh0000gn/T/tmpy9dmjyvw']
[2026-09-05T19:03:02.642+0200] {standard_task_runner.py:105} INFO - Job 951: Subtask wait_for_csv
[2026-09-05T19:03:02.692+0200] {logging_mixin.py:190} WARNING - /Users/swarnalidatta/Desktop/AutoQueryChatbot/.airflow-venv/lib/python3.12/site-packages/airflow/task/task_runner/standard_task_runner.py:70 DeprecationWarning: This process (pid=27097) is multi-threaded, use of fork() may lead to deadlocks in the child.
[2026-09-05T19:03:02.692+0200] {standard_task_runner.py:72} INFO - Started process 27103 to run task
[2026-09-05T19:03:02.703+0200] {task_command.py:467} INFO - Running <TaskInstance: mini_riskagent_file_ingestion.wait_for_csv scheduled__2026-09-05T17:00:00+00:00 [running]> on host mac.home
[2026-09-05T19:03:02.718+0200] {taskinstance.py:3134} INFO - Exporting env vars: AIRFLOW_CTX_DAG_OWNER='autoquery' AIRFLOW_CTX_DAG_ID='mini_riskagent_file_ingestion' AIRFLOW_CTX_TASK_ID='wait_for_csv' AIRFLOW_CTX_EXECUTION_DATE='2026-09-05T17:00:00+00:00' AIRFLOW_CTX_TRY_NUMBER='1' AIRFLOW_CTX_DAG_RUN_ID='scheduled__2026-09-05T17:00:00+00:00'
[2026-09-05T19:03:02.718+0200] {logging_mixin.py:190} INFO - Task instance is in running state
[2026-09-05T19:03:02.719+0200] {logging_mixin.py:190} INFO -  Previous state of the Task instance: queued
[2026-09-05T19:03:02.719+0200] {logging_mixin.py:190} INFO - Current task name:wait_for_csv state:running start_date:2026-09-05 17:03:02.631991+00:00
[2026-09-05T19:03:02.719+0200] {logging_mixin.py:190} INFO - Dag name:mini_riskagent_file_ingestion and current dag run status:running
[2026-09-05T19:03:02.719+0200] {taskinstance.py:732} INFO - ::endgroup::
[2026-09-05T19:03:02.720+0200] {python.py:75} INFO - Poking callable: <function check_for_csv_files at 0x10c9d4c20>
[2026-09-05T19:03:02.724+0200] {taskinstance.py:310} INFO - Rescheduling task, marking task as UP_FOR_RESCHEDULE
[2026-09-05T19:03:02.724+0200] {taskinstance.py:341} INFO - ::group::Post task execution logs
[2026-09-05T19:03:02.747+0200] {local_task_job_runner.py:266} INFO - Task exited with return code 0
[2026-09-05T19:03:02.752+0200] {taskinstance.py:3901} INFO - 0 downstream tasks scheduled from follow-on schedule check
[2026-09-05T19:03:02.752+0200] {local_task_job_runner.py:245} INFO - ::endgroup::
[2026-09-05T19:03:34.591+0200] {local_task_job_runner.py:123} INFO - ::group::Pre task execution logs
[2026-09-05T19:03:34.594+0200] {taskinstance.py:2614} INFO - Dependencies all met for dep_context=non-requeueable deps ti=<TaskInstance: mini_riskagent_file_ingestion.wait_for_csv scheduled__2026-09-05T17:00:00+00:00 [queued]>
[2026-09-05T19:03:34.595+0200] {taskinstance.py:2614} INFO - Dependencies all met for dep_context=requeueable deps ti=<TaskInstance: mini_riskagent_file_ingestion.wait_for_csv scheduled__2026-09-05T17:00:00+00:00 [queued]>
[2026-09-05T19:03:34.595+0200] {taskinstance.py:2867} INFO - Starting attempt 1 of 2
[2026-09-05T19:03:34.599+0200] {taskinstance.py:2890} INFO - Executing <Task(PythonSensor): wait_for_csv> on 2026-09-05 17:00:00+00:00
[2026-09-05T19:03:34.603+0200] {standard_task_runner.py:104} INFO - Running: ['airflow', 'tasks', 'run', 'mini_riskagent_file_ingestion', 'wait_for_csv', 'scheduled__2026-09-05T17:00:00+00:00', '--job-id', '967', '--raw', '--subdir', 'DAGS_FOLDER/data_ingest_pipeline.py', '--cfg-path', '/var/folders/5p/201rr1sj03g8gksxm9x48mbh0000gn/T/tmp0k8rzyo9']
[2026-09-05T19:03:34.604+0200] {standard_task_runner.py:105} INFO - Job 967: Subtask wait_for_csv
[2026-09-05T19:03:34.654+0200] {logging_mixin.py:190} WARNING - /Users/swarnalidatta/Desktop/AutoQueryChatbot/.airflow-venv/lib/python3.12/site-packages/airflow/task/task_runner/standard_task_runner.py:70 DeprecationWarning: This process (pid=27209) is multi-threaded, use of fork() may lead to deadlocks in the child.
[2026-09-05T19:03:34.654+0200] {standard_task_runner.py:72} INFO - Started process 27211 to run task
[2026-09-05T19:03:34.664+0200] {task_command.py:467} INFO - Running <TaskInstance: mini_riskagent_file_ingestion.wait_for_csv scheduled__2026-09-05T17:00:00+00:00 [running]> on host mac.home
[2026-09-05T19:03:34.680+0200] {taskinstance.py:3134} INFO - Exporting env vars: AIRFLOW_CTX_DAG_OWNER='autoquery' AIRFLOW_CTX_DAG_ID='mini_riskagent_file_ingestion' AIRFLOW_CTX_TASK_ID='wait_for_csv' AIRFLOW_CTX_EXECUTION_DATE='2026-09-05T17:00:00+00:00' AIRFLOW_CTX_TRY_NUMBER='1' AIRFLOW_CTX_DAG_RUN_ID='scheduled__2026-09-05T17:00:00+00:00'
[2026-09-05T19:03:34.680+0200] {logging_mixin.py:190} INFO - Task instance is in running state
[2026-09-05T19:03:34.680+0200] {logging_mixin.py:190} INFO -  Previous state of the Task instance: queued
[2026-09-05T19:03:34.680+0200] {logging_mixin.py:190} INFO - Current task name:wait_for_csv state:running start_date:2026-09-05 17:03:34.594231+00:00
[2026-09-05T19:03:34.681+0200] {logging_mixin.py:190} INFO - Dag name:mini_riskagent_file_ingestion and current dag run status:running
[2026-09-05T19:03:34.681+0200] {taskinstance.py:732} INFO - ::endgroup::
[2026-09-05T19:03:34.682+0200] {python.py:75} INFO - Poking callable: <function check_for_csv_files at 0x10cf54c20>
[2026-09-05T19:03:34.685+0200] {taskinstance.py:310} INFO - Rescheduling task, marking task as UP_FOR_RESCHEDULE
[2026-09-05T19:03:34.685+0200] {taskinstance.py:341} INFO - ::group::Post task execution logs
[2026-09-05T19:03:34.710+0200] {local_task_job_runner.py:266} INFO - Task exited with return code 0
[2026-09-05T19:03:34.714+0200] {taskinstance.py:3901} INFO - 0 downstream tasks scheduled from follow-on schedule check
[2026-09-05T19:03:34.715+0200] {local_task_job_runner.py:245} INFO - ::endgroup::
[2026-09-05T19:04:07.067+0200] {local_task_job_runner.py:123} INFO - ::group::Pre task execution logs
[2026-09-05T19:04:07.069+0200] {taskinstance.py:2614} INFO - Dependencies all met for dep_context=non-requeueable deps ti=<TaskInstance: mini_riskagent_file_ingestion.wait_for_csv scheduled__2026-09-05T17:00:00+00:00 [queued]>
[2026-09-05T19:04:07.071+0200] {taskinstance.py:2614} INFO - Dependencies all met for dep_context=requeueable deps ti=<TaskInstance: mini_riskagent_file_ingestion.wait_for_csv scheduled__2026-09-05T17:00:00+00:00 [queued]>
[2026-09-05T19:04:07.071+0200] {taskinstance.py:2867} INFO - Starting attempt 1 of 2
[2026-09-05T19:04:07.075+0200] {taskinstance.py:2890} INFO - Executing <Task(PythonSensor): wait_for_csv> on 2026-09-05 17:00:00+00:00
[2026-09-05T19:04:07.079+0200] {standard_task_runner.py:104} INFO - Running: ['airflow', 'tasks', 'run', 'mini_riskagent_file_ingestion', 'wait_for_csv', 'scheduled__2026-09-05T17:00:00+00:00', '--job-id', '983', '--raw', '--subdir', 'DAGS_FOLDER/data_ingest_pipeline.py', '--cfg-path', '/var/folders/5p/201rr1sj03g8gksxm9x48mbh0000gn/T/tmps4s_7w44']
[2026-09-05T19:04:07.080+0200] {standard_task_runner.py:105} INFO - Job 983: Subtask wait_for_csv
[2026-09-05T19:04:07.135+0200] {logging_mixin.py:190} WARNING - /Users/swarnalidatta/Desktop/AutoQueryChatbot/.airflow-venv/lib/python3.12/site-packages/airflow/task/task_runner/standard_task_runner.py:70 DeprecationWarning: This process (pid=27324) is multi-threaded, use of fork() may lead to deadlocks in the child.
[2026-09-05T19:04:07.136+0200] {standard_task_runner.py:72} INFO - Started process 27327 to run task
[2026-09-05T19:04:07.177+0200] {task_command.py:467} INFO - Running <TaskInstance: mini_riskagent_file_ingestion.wait_for_csv scheduled__2026-09-05T17:00:00+00:00 [running]> on host mac.home
[2026-09-05T19:04:07.197+0200] {taskinstance.py:3134} INFO - Exporting env vars: AIRFLOW_CTX_DAG_OWNER='autoquery' AIRFLOW_CTX_DAG_ID='mini_riskagent_file_ingestion' AIRFLOW_CTX_TASK_ID='wait_for_csv' AIRFLOW_CTX_EXECUTION_DATE='2026-09-05T17:00:00+00:00' AIRFLOW_CTX_TRY_NUMBER='1' AIRFLOW_CTX_DAG_RUN_ID='scheduled__2026-09-05T17:00:00+00:00'
[2026-09-05T19:04:07.197+0200] {logging_mixin.py:190} INFO - Task instance is in running state
[2026-09-05T19:04:07.197+0200] {logging_mixin.py:190} INFO -  Previous state of the Task instance: queued
[2026-09-05T19:04:07.197+0200] {logging_mixin.py:190} INFO - Current task name:wait_for_csv state:running start_date:2026-09-05 17:04:07.069952+00:00
[2026-09-05T19:04:07.198+0200] {logging_mixin.py:190} INFO - Dag name:mini_riskagent_file_ingestion and current dag run status:running
[2026-09-05T19:04:07.198+0200] {taskinstance.py:732} INFO - ::endgroup::
[2026-09-05T19:04:07.199+0200] {python.py:75} INFO - Poking callable: <function check_for_csv_files at 0x10a354c20>
[2026-09-05T19:04:07.203+0200] {taskinstance.py:310} INFO - Rescheduling task, marking task as UP_FOR_RESCHEDULE
[2026-09-05T19:04:07.203+0200] {taskinstance.py:341} INFO - ::group::Post task execution logs
[2026-09-05T19:04:07.232+0200] {local_task_job_runner.py:266} INFO - Task exited with return code 0
[2026-09-05T19:04:07.237+0200] {taskinstance.py:3901} INFO - 0 downstream tasks scheduled from follow-on schedule check
[2026-09-05T19:04:07.238+0200] {local_task_job_runner.py:245} INFO - ::endgroup::
[2026-09-05T19:04:39.306+0200] {local_task_job_runner.py:123} INFO - ::group::Pre task execution logs
[2026-09-05T19:04:39.310+0200] {taskinstance.py:2614} INFO - Dependencies all met for dep_context=non-requeueable deps ti=<TaskInstance: mini_riskagent_file_ingestion.wait_for_csv scheduled__2026-09-05T17:00:00+00:00 [queued]>
[2026-09-05T19:04:39.311+0200] {taskinstance.py:2614} INFO - Dependencies all met for dep_context=requeueable deps ti=<TaskInstance: mini_riskagent_file_ingestion.wait_for_csv scheduled__2026-09-05T17:00:00+00:00 [queued]>
[2026-09-05T19:04:39.312+0200] {taskinstance.py:2867} INFO - Starting attempt 1 of 2
[2026-09-05T19:04:39.315+0200] {taskinstance.py:2890} INFO - Executing <Task(PythonSensor): wait_for_csv> on 2026-09-05 17:00:00+00:00
[2026-09-05T19:04:39.320+0200] {standard_task_runner.py:104} INFO - Running: ['airflow', 'tasks', 'run', 'mini_riskagent_file_ingestion', 'wait_for_csv', 'scheduled__2026-09-05T17:00:00+00:00', '--job-id', '999', '--raw', '--subdir', 'DAGS_FOLDER/data_ingest_pipeline.py', '--cfg-path', '/var/folders/5p/201rr1sj03g8gksxm9x48mbh0000gn/T/tmp7unl4dqq']
[2026-09-05T19:04:39.321+0200] {standard_task_runner.py:105} INFO - Job 999: Subtask wait_for_csv
[2026-09-05T19:04:39.373+0200] {logging_mixin.py:190} WARNING - /Users/swarnalidatta/Desktop/AutoQueryChatbot/.airflow-venv/lib/python3.12/site-packages/airflow/task/task_runner/standard_task_runner.py:70 DeprecationWarning: This process (pid=27436) is multi-threaded, use of fork() may lead to deadlocks in the child.
[2026-09-05T19:04:39.374+0200] {standard_task_runner.py:72} INFO - Started process 27443 to run task
[2026-09-05T19:04:39.385+0200] {task_command.py:467} INFO - Running <TaskInstance: mini_riskagent_file_ingestion.wait_for_csv scheduled__2026-09-05T17:00:00+00:00 [running]> on host mac.home
[2026-09-05T19:04:39.401+0200] {taskinstance.py:3134} INFO - Exporting env vars: AIRFLOW_CTX_DAG_OWNER='autoquery' AIRFLOW_CTX_DAG_ID='mini_riskagent_file_ingestion' AIRFLOW_CTX_TASK_ID='wait_for_csv' AIRFLOW_CTX_EXECUTION_DATE='2026-09-05T17:00:00+00:00' AIRFLOW_CTX_TRY_NUMBER='1' AIRFLOW_CTX_DAG_RUN_ID='scheduled__2026-09-05T17:00:00+00:00'
[2026-09-05T19:04:39.401+0200] {logging_mixin.py:190} INFO - Task instance is in running state
[2026-09-05T19:04:39.401+0200] {logging_mixin.py:190} INFO -  Previous state of the Task instance: queued
[2026-09-05T19:04:39.401+0200] {logging_mixin.py:190} INFO - Current task name:wait_for_csv state:running start_date:2026-09-05 17:04:39.310155+00:00
[2026-09-05T19:04:39.402+0200] {logging_mixin.py:190} INFO - Dag name:mini_riskagent_file_ingestion and current dag run status:running
[2026-09-05T19:04:39.402+0200] {taskinstance.py:732} INFO - ::endgroup::
[2026-09-05T19:04:39.403+0200] {python.py:75} INFO - Poking callable: <function check_for_csv_files at 0x1086f0c20>
[2026-09-05T19:04:39.406+0200] {taskinstance.py:310} INFO - Rescheduling task, marking task as UP_FOR_RESCHEDULE
[2026-09-05T19:04:39.406+0200] {taskinstance.py:341} INFO - ::group::Post task execution logs
[2026-09-05T19:04:39.429+0200] {local_task_job_runner.py:266} INFO - Task exited with return code 0
[2026-09-05T19:04:39.434+0200] {taskinstance.py:3901} INFO - 0 downstream tasks scheduled from follow-on schedule check
[2026-09-05T19:04:39.434+0200] {local_task_job_runner.py:245} INFO - ::endgroup::
[2026-09-05T19:05:11.528+0200] {local_task_job_runner.py:123} INFO - ::group::Pre task execution logs
[2026-09-05T19:05:11.531+0200] {taskinstance.py:2614} INFO - Dependencies all met for dep_context=non-requeueable deps ti=<TaskInstance: mini_riskagent_file_ingestion.wait_for_csv scheduled__2026-09-05T17:00:00+00:00 [queued]>
[2026-09-05T19:05:11.532+0200] {taskinstance.py:2614} INFO - Dependencies all met for dep_context=requeueable deps ti=<TaskInstance: mini_riskagent_file_ingestion.wait_for_csv scheduled__2026-09-05T17:00:00+00:00 [queued]>
[2026-09-05T19:05:11.532+0200] {taskinstance.py:2867} INFO - Starting attempt 1 of 2
[2026-09-05T19:05:11.536+0200] {taskinstance.py:2890} INFO - Executing <Task(PythonSensor): wait_for_csv> on 2026-09-05 17:00:00+00:00
[2026-09-05T19:05:11.540+0200] {standard_task_runner.py:104} INFO - Running: ['airflow', 'tasks', 'run', 'mini_riskagent_file_ingestion', 'wait_for_csv', 'scheduled__2026-09-05T17:00:00+00:00', '--job-id', '1015', '--raw', '--subdir', 'DAGS_FOLDER/data_ingest_pipeline.py', '--cfg-path', '/var/folders/5p/201rr1sj03g8gksxm9x48mbh0000gn/T/tmpa4v9jm62']
[2026-09-05T19:05:11.541+0200] {standard_task_runner.py:105} INFO - Job 1015: Subtask wait_for_csv
[2026-09-05T19:05:11.589+0200] {logging_mixin.py:190} WARNING - /Users/swarnalidatta/Desktop/AutoQueryChatbot/.airflow-venv/lib/python3.12/site-packages/airflow/task/task_runner/standard_task_runner.py:70 DeprecationWarning: This process (pid=27756) is multi-threaded, use of fork() may lead to deadlocks in the child.
[2026-09-05T19:05:11.590+0200] {standard_task_runner.py:72} INFO - Started process 27758 to run task
[2026-09-05T19:05:11.603+0200] {task_command.py:467} INFO - Running <TaskInstance: mini_riskagent_file_ingestion.wait_for_csv scheduled__2026-09-05T17:00:00+00:00 [running]> on host mac.home
[2026-09-05T19:05:11.618+0200] {taskinstance.py:3134} INFO - Exporting env vars: AIRFLOW_CTX_DAG_OWNER='autoquery' AIRFLOW_CTX_DAG_ID='mini_riskagent_file_ingestion' AIRFLOW_CTX_TASK_ID='wait_for_csv' AIRFLOW_CTX_EXECUTION_DATE='2026-09-05T17:00:00+00:00' AIRFLOW_CTX_TRY_NUMBER='1' AIRFLOW_CTX_DAG_RUN_ID='scheduled__2026-09-05T17:00:00+00:00'
[2026-09-05T19:05:11.619+0200] {logging_mixin.py:190} INFO - Task instance is in running state
[2026-09-05T19:05:11.619+0200] {logging_mixin.py:190} INFO -  Previous state of the Task instance: queued
[2026-09-05T19:05:11.619+0200] {logging_mixin.py:190} INFO - Current task name:wait_for_csv state:running start_date:2026-09-05 17:05:11.531172+00:00
[2026-09-05T19:05:11.619+0200] {logging_mixin.py:190} INFO - Dag name:mini_riskagent_file_ingestion and current dag run status:running
[2026-09-05T19:05:11.619+0200] {taskinstance.py:732} INFO - ::endgroup::
[2026-09-05T19:05:11.621+0200] {python.py:75} INFO - Poking callable: <function check_for_csv_files at 0x108b3cc20>
[2026-09-05T19:05:11.624+0200] {taskinstance.py:310} INFO - Rescheduling task, marking task as UP_FOR_RESCHEDULE
[2026-09-05T19:05:11.624+0200] {taskinstance.py:341} INFO - ::group::Post task execution logs
[2026-09-05T19:05:11.645+0200] {local_task_job_runner.py:266} INFO - Task exited with return code 0
[2026-09-05T19:05:11.650+0200] {taskinstance.py:3901} INFO - 0 downstream tasks scheduled from follow-on schedule check
[2026-09-05T19:05:11.650+0200] {local_task_job_runner.py:245} INFO - ::endgroup::
[2026-09-05T19:05:45.607+0200] {local_task_job_runner.py:123} INFO - ::group::Pre task execution logs
[2026-09-05T19:05:45.609+0200] {taskinstance.py:2614} INFO - Dependencies all met for dep_context=non-requeueable deps ti=<TaskInstance: mini_riskagent_file_ingestion.wait_for_csv scheduled__2026-09-05T17:00:00+00:00 [queued]>
[2026-09-05T19:05:45.611+0200] {taskinstance.py:2614} INFO - Dependencies all met for dep_context=requeueable deps ti=<TaskInstance: mini_riskagent_file_ingestion.wait_for_csv scheduled__2026-09-05T17:00:00+00:00 [queued]>
[2026-09-05T19:05:45.611+0200] {taskinstance.py:2867} INFO - Starting attempt 1 of 2
[2026-09-05T19:05:45.614+0200] {taskinstance.py:2890} INFO - Executing <Task(PythonSensor): wait_for_csv> on 2026-09-05 17:00:00+00:00
[2026-09-05T19:05:45.619+0200] {standard_task_runner.py:104} INFO - Running: ['airflow', 'tasks', 'run', 'mini_riskagent_file_ingestion', 'wait_for_csv', 'scheduled__2026-09-05T17:00:00+00:00', '--job-id', '1032', '--raw', '--subdir', 'DAGS_FOLDER/data_ingest_pipeline.py', '--cfg-path', '/var/folders/5p/201rr1sj03g8gksxm9x48mbh0000gn/T/tmpj718do2r']
[2026-09-05T19:05:45.620+0200] {standard_task_runner.py:105} INFO - Job 1032: Subtask wait_for_csv
[2026-09-05T19:05:45.669+0200] {logging_mixin.py:190} WARNING - /Users/swarnalidatta/Desktop/AutoQueryChatbot/.airflow-venv/lib/python3.12/site-packages/airflow/task/task_runner/standard_task_runner.py:70 DeprecationWarning: This process (pid=27873) is multi-threaded, use of fork() may lead to deadlocks in the child.
[2026-09-05T19:05:45.669+0200] {standard_task_runner.py:72} INFO - Started process 27878 to run task
[2026-09-05T19:05:45.681+0200] {task_command.py:467} INFO - Running <TaskInstance: mini_riskagent_file_ingestion.wait_for_csv scheduled__2026-09-05T17:00:00+00:00 [running]> on host mac.home
[2026-09-05T19:05:45.697+0200] {taskinstance.py:3134} INFO - Exporting env vars: AIRFLOW_CTX_DAG_OWNER='autoquery' AIRFLOW_CTX_DAG_ID='mini_riskagent_file_ingestion' AIRFLOW_CTX_TASK_ID='wait_for_csv' AIRFLOW_CTX_EXECUTION_DATE='2026-09-05T17:00:00+00:00' AIRFLOW_CTX_TRY_NUMBER='1' AIRFLOW_CTX_DAG_RUN_ID='scheduled__2026-09-05T17:00:00+00:00'
[2026-09-05T19:05:45.697+0200] {logging_mixin.py:190} INFO - Task instance is in running state
[2026-09-05T19:05:45.697+0200] {logging_mixin.py:190} INFO -  Previous state of the Task instance: queued
[2026-09-05T19:05:45.697+0200] {logging_mixin.py:190} INFO - Current task name:wait_for_csv state:running start_date:2026-09-05 17:05:45.609904+00:00
[2026-09-05T19:05:45.697+0200] {logging_mixin.py:190} INFO - Dag name:mini_riskagent_file_ingestion and current dag run status:running
[2026-09-05T19:05:45.698+0200] {taskinstance.py:732} INFO - ::endgroup::
[2026-09-05T19:05:45.699+0200] {python.py:75} INFO - Poking callable: <function check_for_csv_files at 0x109ef4c20>
[2026-09-05T19:05:45.702+0200] {taskinstance.py:310} INFO - Rescheduling task, marking task as UP_FOR_RESCHEDULE
[2026-09-05T19:05:45.702+0200] {taskinstance.py:341} INFO - ::group::Post task execution logs
[2026-09-05T19:05:45.725+0200] {local_task_job_runner.py:266} INFO - Task exited with return code 0
[2026-09-05T19:05:45.729+0200] {taskinstance.py:3901} INFO - 0 downstream tasks scheduled from follow-on schedule check
[2026-09-05T19:05:45.730+0200] {local_task_job_runner.py:245} INFO - ::endgroup::
[2026-09-05T19:06:17.971+0200] {local_task_job_runner.py:123} INFO - ::group::Pre task execution logs
[2026-09-05T19:06:17.973+0200] {taskinstance.py:2614} INFO - Dependencies all met for dep_context=non-requeueable deps ti=<TaskInstance: mini_riskagent_file_ingestion.wait_for_csv scheduled__2026-09-05T17:00:00+00:00 [queued]>
[2026-09-05T19:06:17.975+0200] {taskinstance.py:2614} INFO - Dependencies all met for dep_context=requeueable deps ti=<TaskInstance: mini_riskagent_file_ingestion.wait_for_csv scheduled__2026-09-05T17:00:00+00:00 [queued]>
[2026-09-05T19:06:17.975+0200] {taskinstance.py:2867} INFO - Starting attempt 1 of 2
[2026-09-05T19:06:17.979+0200] {taskinstance.py:2890} INFO - Executing <Task(PythonSensor): wait_for_csv> on 2026-09-05 17:00:00+00:00
[2026-09-05T19:06:17.983+0200] {standard_task_runner.py:104} INFO - Running: ['airflow', 'tasks', 'run', 'mini_riskagent_file_ingestion', 'wait_for_csv', 'scheduled__2026-09-05T17:00:00+00:00', '--job-id', '1048', '--raw', '--subdir', 'DAGS_FOLDER/data_ingest_pipeline.py', '--cfg-path', '/var/folders/5p/201rr1sj03g8gksxm9x48mbh0000gn/T/tmpelw0grzh']
[2026-09-05T19:06:17.984+0200] {standard_task_runner.py:105} INFO - Job 1048: Subtask wait_for_csv
[2026-09-05T19:06:18.035+0200] {logging_mixin.py:190} WARNING - /Users/swarnalidatta/Desktop/AutoQueryChatbot/.airflow-venv/lib/python3.12/site-packages/airflow/task/task_runner/standard_task_runner.py:70 DeprecationWarning: This process (pid=27995) is multi-threaded, use of fork() may lead to deadlocks in the child.
[2026-09-05T19:06:18.036+0200] {standard_task_runner.py:72} INFO - Started process 27997 to run task
[2026-09-05T19:06:18.046+0200] {task_command.py:467} INFO - Running <TaskInstance: mini_riskagent_file_ingestion.wait_for_csv scheduled__2026-09-05T17:00:00+00:00 [running]> on host mac.home
[2026-09-05T19:06:18.062+0200] {taskinstance.py:3134} INFO - Exporting env vars: AIRFLOW_CTX_DAG_OWNER='autoquery' AIRFLOW_CTX_DAG_ID='mini_riskagent_file_ingestion' AIRFLOW_CTX_TASK_ID='wait_for_csv' AIRFLOW_CTX_EXECUTION_DATE='2026-09-05T17:00:00+00:00' AIRFLOW_CTX_TRY_NUMBER='1' AIRFLOW_CTX_DAG_RUN_ID='scheduled__2026-09-05T17:00:00+00:00'
[2026-09-05T19:06:18.062+0200] {logging_mixin.py:190} INFO - Task instance is in running state
[2026-09-05T19:06:18.063+0200] {logging_mixin.py:190} INFO -  Previous state of the Task instance: queued
[2026-09-05T19:06:18.063+0200] {logging_mixin.py:190} INFO - Current task name:wait_for_csv state:running start_date:2026-09-05 17:06:17.973937+00:00
[2026-09-05T19:06:18.063+0200] {logging_mixin.py:190} INFO - Dag name:mini_riskagent_file_ingestion and current dag run status:running
[2026-09-05T19:06:18.063+0200] {taskinstance.py:732} INFO - ::endgroup::
[2026-09-05T19:06:18.064+0200] {python.py:75} INFO - Poking callable: <function check_for_csv_files at 0x10e8d0c20>
[2026-09-05T19:06:18.068+0200] {taskinstance.py:310} INFO - Rescheduling task, marking task as UP_FOR_RESCHEDULE
[2026-09-05T19:06:18.068+0200] {taskinstance.py:341} INFO - ::group::Post task execution logs
[2026-09-05T19:06:18.091+0200] {local_task_job_runner.py:266} INFO - Task exited with return code 0
[2026-09-05T19:06:18.096+0200] {taskinstance.py:3901} INFO - 0 downstream tasks scheduled from follow-on schedule check
[2026-09-05T19:06:18.096+0200] {local_task_job_runner.py:245} INFO - ::endgroup::
[2026-09-05T19:06:50.470+0200] {local_task_job_runner.py:123} INFO - ::group::Pre task execution logs
[2026-09-05T19:06:50.472+0200] {taskinstance.py:2614} INFO - Dependencies all met for dep_context=non-requeueable deps ti=<TaskInstance: mini_riskagent_file_ingestion.wait_for_csv scheduled__2026-09-05T17:00:00+00:00 [queued]>
[2026-09-05T19:06:50.474+0200] {taskinstance.py:2614} INFO - Dependencies all met for dep_context=requeueable deps ti=<TaskInstance: mini_riskagent_file_ingestion.wait_for_csv scheduled__2026-09-05T17:00:00+00:00 [queued]>
[2026-09-05T19:06:50.474+0200] {taskinstance.py:2867} INFO - Starting attempt 1 of 2
[2026-09-05T19:06:50.477+0200] {taskinstance.py:2890} INFO - Executing <Task(PythonSensor): wait_for_csv> on 2026-09-05 17:00:00+00:00
[2026-09-05T19:06:50.483+0200] {standard_task_runner.py:104} INFO - Running: ['airflow', 'tasks', 'run', 'mini_riskagent_file_ingestion', 'wait_for_csv', 'scheduled__2026-09-05T17:00:00+00:00', '--job-id', '1064', '--raw', '--subdir', 'DAGS_FOLDER/data_ingest_pipeline.py', '--cfg-path', '/var/folders/5p/201rr1sj03g8gksxm9x48mbh0000gn/T/tmp_wpgf0ea']
[2026-09-05T19:06:50.484+0200] {standard_task_runner.py:105} INFO - Job 1064: Subtask wait_for_csv
[2026-09-05T19:06:50.535+0200] {logging_mixin.py:190} WARNING - /Users/swarnalidatta/Desktop/AutoQueryChatbot/.airflow-venv/lib/python3.12/site-packages/airflow/task/task_runner/standard_task_runner.py:70 DeprecationWarning: This process (pid=28111) is multi-threaded, use of fork() may lead to deadlocks in the child.
[2026-09-05T19:06:50.536+0200] {standard_task_runner.py:72} INFO - Started process 28113 to run task
[2026-09-05T19:06:50.550+0200] {task_command.py:467} INFO - Running <TaskInstance: mini_riskagent_file_ingestion.wait_for_csv scheduled__2026-09-05T17:00:00+00:00 [running]> on host mac.home
[2026-09-05T19:06:50.566+0200] {taskinstance.py:3134} INFO - Exporting env vars: AIRFLOW_CTX_DAG_OWNER='autoquery' AIRFLOW_CTX_DAG_ID='mini_riskagent_file_ingestion' AIRFLOW_CTX_TASK_ID='wait_for_csv' AIRFLOW_CTX_EXECUTION_DATE='2026-09-05T17:00:00+00:00' AIRFLOW_CTX_TRY_NUMBER='1' AIRFLOW_CTX_DAG_RUN_ID='scheduled__2026-09-05T17:00:00+00:00'
[2026-09-05T19:06:50.566+0200] {logging_mixin.py:190} INFO - Task instance is in running state
[2026-09-05T19:06:50.566+0200] {logging_mixin.py:190} INFO -  Previous state of the Task instance: queued
[2026-09-05T19:06:50.566+0200] {logging_mixin.py:190} INFO - Current task name:wait_for_csv state:running start_date:2026-09-05 17:06:50.472879+00:00
[2026-09-05T19:06:50.567+0200] {logging_mixin.py:190} INFO - Dag name:mini_riskagent_file_ingestion and current dag run status:running
[2026-09-05T19:06:50.567+0200] {taskinstance.py:732} INFO - ::endgroup::
[2026-09-05T19:06:50.568+0200] {python.py:75} INFO - Poking callable: <function check_for_csv_files at 0x107fa8c20>
[2026-09-05T19:06:50.572+0200] {taskinstance.py:310} INFO - Rescheduling task, marking task as UP_FOR_RESCHEDULE
[2026-09-05T19:06:50.572+0200] {taskinstance.py:341} INFO - ::group::Post task execution logs
[2026-09-05T19:06:50.591+0200] {local_task_job_runner.py:266} INFO - Task exited with return code 0
[2026-09-05T19:06:50.596+0200] {taskinstance.py:3901} INFO - 0 downstream tasks scheduled from follow-on schedule check
[2026-09-05T19:06:50.596+0200] {local_task_job_runner.py:245} INFO - ::endgroup::
[2026-09-05T19:07:24.324+0200] {local_task_job_runner.py:123} INFO - ::group::Pre task execution logs
[2026-09-05T19:07:24.326+0200] {taskinstance.py:2614} INFO - Dependencies all met for dep_context=non-requeueable deps ti=<TaskInstance: mini_riskagent_file_ingestion.wait_for_csv scheduled__2026-09-05T17:00:00+00:00 [queued]>
[2026-09-05T19:07:24.328+0200] {taskinstance.py:2614} INFO - Dependencies all met for dep_context=requeueable deps ti=<TaskInstance: mini_riskagent_file_ingestion.wait_for_csv scheduled__2026-09-05T17:00:00+00:00 [queued]>
[2026-09-05T19:07:24.328+0200] {taskinstance.py:2867} INFO - Starting attempt 1 of 2
[2026-09-05T19:07:24.331+0200] {taskinstance.py:2890} INFO - Executing <Task(PythonSensor): wait_for_csv> on 2026-09-05 17:00:00+00:00
[2026-09-05T19:07:24.335+0200] {standard_task_runner.py:104} INFO - Running: ['airflow', 'tasks', 'run', 'mini_riskagent_file_ingestion', 'wait_for_csv', 'scheduled__2026-09-05T17:00:00+00:00', '--job-id', '1081', '--raw', '--subdir', 'DAGS_FOLDER/data_ingest_pipeline.py', '--cfg-path', '/var/folders/5p/201rr1sj03g8gksxm9x48mbh0000gn/T/tmprp7k4q7c']
[2026-09-05T19:07:24.336+0200] {standard_task_runner.py:105} INFO - Job 1081: Subtask wait_for_csv
[2026-09-05T19:07:24.385+0200] {logging_mixin.py:190} WARNING - /Users/swarnalidatta/Desktop/AutoQueryChatbot/.airflow-venv/lib/python3.12/site-packages/airflow/task/task_runner/standard_task_runner.py:70 DeprecationWarning: This process (pid=28245) is multi-threaded, use of fork() may lead to deadlocks in the child.
[2026-09-05T19:07:24.386+0200] {standard_task_runner.py:72} INFO - Started process 28247 to run task
[2026-09-05T19:07:24.399+0200] {task_command.py:467} INFO - Running <TaskInstance: mini_riskagent_file_ingestion.wait_for_csv scheduled__2026-09-05T17:00:00+00:00 [running]> on host mac.home
[2026-09-05T19:07:24.414+0200] {taskinstance.py:3134} INFO - Exporting env vars: AIRFLOW_CTX_DAG_OWNER='autoquery' AIRFLOW_CTX_DAG_ID='mini_riskagent_file_ingestion' AIRFLOW_CTX_TASK_ID='wait_for_csv' AIRFLOW_CTX_EXECUTION_DATE='2026-09-05T17:00:00+00:00' AIRFLOW_CTX_TRY_NUMBER='1' AIRFLOW_CTX_DAG_RUN_ID='scheduled__2026-09-05T17:00:00+00:00'
[2026-09-05T19:07:24.415+0200] {logging_mixin.py:190} INFO - Task instance is in running state
[2026-09-05T19:07:24.415+0200] {logging_mixin.py:190} INFO -  Previous state of the Task instance: queued
[2026-09-05T19:07:24.415+0200] {logging_mixin.py:190} INFO - Current task name:wait_for_csv state:running start_date:2026-09-05 17:07:24.326866+00:00
[2026-09-05T19:07:24.415+0200] {logging_mixin.py:190} INFO - Dag name:mini_riskagent_file_ingestion and current dag run status:running
[2026-09-05T19:07:24.415+0200] {taskinstance.py:732} INFO - ::endgroup::
[2026-09-05T19:07:24.417+0200] {python.py:75} INFO - Poking callable: <function check_for_csv_files at 0x10c4b4c20>
[2026-09-05T19:07:24.420+0200] {taskinstance.py:310} INFO - Rescheduling task, marking task as UP_FOR_RESCHEDULE
[2026-09-05T19:07:24.420+0200] {taskinstance.py:341} INFO - ::group::Post task execution logs
[2026-09-05T19:07:24.441+0200] {local_task_job_runner.py:266} INFO - Task exited with return code 0
[2026-09-05T19:07:24.446+0200] {taskinstance.py:3901} INFO - 0 downstream tasks scheduled from follow-on schedule check
[2026-09-05T19:07:24.446+0200] {local_task_job_runner.py:245} INFO - ::endgroup::
[2026-09-05T19:07:56.638+0200] {local_task_job_runner.py:123} INFO - ::group::Pre task execution logs
[2026-09-05T19:07:56.641+0200] {taskinstance.py:2614} INFO - Dependencies all met for dep_context=non-requeueable deps ti=<TaskInstance: mini_riskagent_file_ingestion.wait_for_csv scheduled__2026-09-05T17:00:00+00:00 [queued]>
[2026-09-05T19:07:56.643+0200] {taskinstance.py:2614} INFO - Dependencies all met for dep_context=requeueable deps ti=<TaskInstance: mini_riskagent_file_ingestion.wait_for_csv scheduled__2026-09-05T17:00:00+00:00 [queued]>
[2026-09-05T19:07:56.643+0200] {taskinstance.py:2867} INFO - Starting attempt 1 of 2
[2026-09-05T19:07:56.646+0200] {taskinstance.py:2890} INFO - Executing <Task(PythonSensor): wait_for_csv> on 2026-09-05 17:00:00+00:00
[2026-09-05T19:07:56.651+0200] {standard_task_runner.py:104} INFO - Running: ['airflow', 'tasks', 'run', 'mini_riskagent_file_ingestion', 'wait_for_csv', 'scheduled__2026-09-05T17:00:00+00:00', '--job-id', '1097', '--raw', '--subdir', 'DAGS_FOLDER/data_ingest_pipeline.py', '--cfg-path', '/var/folders/5p/201rr1sj03g8gksxm9x48mbh0000gn/T/tmp_ow4j5d2']
[2026-09-05T19:07:56.652+0200] {standard_task_runner.py:105} INFO - Job 1097: Subtask wait_for_csv
[2026-09-05T19:07:56.701+0200] {logging_mixin.py:190} WARNING - /Users/swarnalidatta/Desktop/AutoQueryChatbot/.airflow-venv/lib/python3.12/site-packages/airflow/task/task_runner/standard_task_runner.py:70 DeprecationWarning: This process (pid=28359) is multi-threaded, use of fork() may lead to deadlocks in the child.
[2026-09-05T19:07:56.701+0200] {standard_task_runner.py:72} INFO - Started process 28365 to run task
[2026-09-05T19:07:56.714+0200] {task_command.py:467} INFO - Running <TaskInstance: mini_riskagent_file_ingestion.wait_for_csv scheduled__2026-09-05T17:00:00+00:00 [running]> on host mac.home
[2026-09-05T19:07:56.729+0200] {taskinstance.py:3134} INFO - Exporting env vars: AIRFLOW_CTX_DAG_OWNER='autoquery' AIRFLOW_CTX_DAG_ID='mini_riskagent_file_ingestion' AIRFLOW_CTX_TASK_ID='wait_for_csv' AIRFLOW_CTX_EXECUTION_DATE='2026-09-05T17:00:00+00:00' AIRFLOW_CTX_TRY_NUMBER='1' AIRFLOW_CTX_DAG_RUN_ID='scheduled__2026-09-05T17:00:00+00:00'
[2026-09-05T19:07:56.730+0200] {logging_mixin.py:190} INFO - Task instance is in running state
[2026-09-05T19:07:56.730+0200] {logging_mixin.py:190} INFO -  Previous state of the Task instance: queued
[2026-09-05T19:07:56.730+0200] {logging_mixin.py:190} INFO - Current task name:wait_for_csv state:running start_date:2026-09-05 17:07:56.641674+00:00
[2026-09-05T19:07:56.730+0200] {logging_mixin.py:190} INFO - Dag name:mini_riskagent_file_ingestion and current dag run status:running
[2026-09-05T19:07:56.731+0200] {taskinstance.py:732} INFO - ::endgroup::
[2026-09-05T19:07:56.732+0200] {python.py:75} INFO - Poking callable: <function check_for_csv_files at 0x10be04c20>
[2026-09-05T19:07:56.735+0200] {taskinstance.py:310} INFO - Rescheduling task, marking task as UP_FOR_RESCHEDULE
[2026-09-05T19:07:56.735+0200] {taskinstance.py:341} INFO - ::group::Post task execution logs
[2026-09-05T19:07:56.756+0200] {local_task_job_runner.py:266} INFO - Task exited with return code 0
[2026-09-05T19:07:56.761+0200] {taskinstance.py:3901} INFO - 0 downstream tasks scheduled from follow-on schedule check
[2026-09-05T19:07:56.762+0200] {local_task_job_runner.py:245} INFO - ::endgroup::
[2026-09-05T19:08:29.152+0200] {local_task_job_runner.py:123} INFO - ::group::Pre task execution logs
[2026-09-05T19:08:29.154+0200] {taskinstance.py:2614} INFO - Dependencies all met for dep_context=non-requeueable deps ti=<TaskInstance: mini_riskagent_file_ingestion.wait_for_csv scheduled__2026-09-05T17:00:00+00:00 [queued]>
[2026-09-05T19:08:29.156+0200] {taskinstance.py:2614} INFO - Dependencies all met for dep_context=requeueable deps ti=<TaskInstance: mini_riskagent_file_ingestion.wait_for_csv scheduled__2026-09-05T17:00:00+00:00 [queued]>
[2026-09-05T19:08:29.156+0200] {taskinstance.py:2867} INFO - Starting attempt 1 of 2
[2026-09-05T19:08:29.160+0200] {taskinstance.py:2890} INFO - Executing <Task(PythonSensor): wait_for_csv> on 2026-09-05 17:00:00+00:00
[2026-09-05T19:08:29.164+0200] {standard_task_runner.py:104} INFO - Running: ['airflow', 'tasks', 'run', 'mini_riskagent_file_ingestion', 'wait_for_csv', 'scheduled__2026-09-05T17:00:00+00:00', '--job-id', '1113', '--raw', '--subdir', 'DAGS_FOLDER/data_ingest_pipeline.py', '--cfg-path', '/var/folders/5p/201rr1sj03g8gksxm9x48mbh0000gn/T/tmpfkntkw6a']
[2026-09-05T19:08:29.165+0200] {standard_task_runner.py:105} INFO - Job 1113: Subtask wait_for_csv
[2026-09-05T19:08:29.215+0200] {logging_mixin.py:190} WARNING - /Users/swarnalidatta/Desktop/AutoQueryChatbot/.airflow-venv/lib/python3.12/site-packages/airflow/task/task_runner/standard_task_runner.py:70 DeprecationWarning: This process (pid=28483) is multi-threaded, use of fork() may lead to deadlocks in the child.
[2026-09-05T19:08:29.216+0200] {standard_task_runner.py:72} INFO - Started process 28486 to run task
[2026-09-05T19:08:29.229+0200] {task_command.py:467} INFO - Running <TaskInstance: mini_riskagent_file_ingestion.wait_for_csv scheduled__2026-09-05T17:00:00+00:00 [running]> on host mac.home
[2026-09-05T19:08:29.244+0200] {taskinstance.py:3134} INFO - Exporting env vars: AIRFLOW_CTX_DAG_OWNER='autoquery' AIRFLOW_CTX_DAG_ID='mini_riskagent_file_ingestion' AIRFLOW_CTX_TASK_ID='wait_for_csv' AIRFLOW_CTX_EXECUTION_DATE='2026-09-05T17:00:00+00:00' AIRFLOW_CTX_TRY_NUMBER='1' AIRFLOW_CTX_DAG_RUN_ID='scheduled__2026-09-05T17:00:00+00:00'
[2026-09-05T19:08:29.244+0200] {logging_mixin.py:190} INFO - Task instance is in running state
[2026-09-05T19:08:29.245+0200] {logging_mixin.py:190} INFO -  Previous state of the Task instance: queued
[2026-09-05T19:08:29.245+0200] {logging_mixin.py:190} INFO - Current task name:wait_for_csv state:running start_date:2026-09-05 17:08:29.154930+00:00
[2026-09-05T19:08:29.245+0200] {logging_mixin.py:190} INFO - Dag name:mini_riskagent_file_ingestion and current dag run status:running
[2026-09-05T19:08:29.245+0200] {taskinstance.py:732} INFO - ::endgroup::
[2026-09-05T19:08:29.246+0200] {python.py:75} INFO - Poking callable: <function check_for_csv_files at 0x1132d0c20>
[2026-09-05T19:08:29.250+0200] {taskinstance.py:310} INFO - Rescheduling task, marking task as UP_FOR_RESCHEDULE
[2026-09-05T19:08:29.250+0200] {taskinstance.py:341} INFO - ::group::Post task execution logs
[2026-09-05T19:08:29.271+0200] {local_task_job_runner.py:266} INFO - Task exited with return code 0
[2026-09-05T19:08:29.275+0200] {taskinstance.py:3901} INFO - 0 downstream tasks scheduled from follow-on schedule check
[2026-09-05T19:08:29.276+0200] {local_task_job_runner.py:245} INFO - ::endgroup::
[2026-09-05T19:09:01.646+0200] {local_task_job_runner.py:123} INFO - ::group::Pre task execution logs
[2026-09-05T19:09:01.649+0200] {taskinstance.py:2614} INFO - Dependencies all met for dep_context=non-requeueable deps ti=<TaskInstance: mini_riskagent_file_ingestion.wait_for_csv scheduled__2026-09-05T17:00:00+00:00 [queued]>
[2026-09-05T19:09:01.651+0200] {taskinstance.py:2614} INFO - Dependencies all met for dep_context=requeueable deps ti=<TaskInstance: mini_riskagent_file_ingestion.wait_for_csv scheduled__2026-09-05T17:00:00+00:00 [queued]>
[2026-09-05T19:09:01.651+0200] {taskinstance.py:2867} INFO - Starting attempt 1 of 2
[2026-09-05T19:09:01.654+0200] {taskinstance.py:2890} INFO - Executing <Task(PythonSensor): wait_for_csv> on 2026-09-05 17:00:00+00:00
[2026-09-05T19:09:01.658+0200] {standard_task_runner.py:104} INFO - Running: ['airflow', 'tasks', 'run', 'mini_riskagent_file_ingestion', 'wait_for_csv', 'scheduled__2026-09-05T17:00:00+00:00', '--job-id', '1129', '--raw', '--subdir', 'DAGS_FOLDER/data_ingest_pipeline.py', '--cfg-path', '/var/folders/5p/201rr1sj03g8gksxm9x48mbh0000gn/T/tmppd50uxo_']
[2026-09-05T19:09:01.659+0200] {standard_task_runner.py:105} INFO - Job 1129: Subtask wait_for_csv
[2026-09-05T19:09:01.711+0200] {logging_mixin.py:190} WARNING - /Users/swarnalidatta/Desktop/AutoQueryChatbot/.airflow-venv/lib/python3.12/site-packages/airflow/task/task_runner/standard_task_runner.py:70 DeprecationWarning: This process (pid=28600) is multi-threaded, use of fork() may lead to deadlocks in the child.
[2026-09-05T19:09:01.711+0200] {standard_task_runner.py:72} INFO - Started process 28602 to run task
[2026-09-05T19:09:01.724+0200] {task_command.py:467} INFO - Running <TaskInstance: mini_riskagent_file_ingestion.wait_for_csv scheduled__2026-09-05T17:00:00+00:00 [running]> on host mac.home
[2026-09-05T19:09:01.740+0200] {taskinstance.py:3134} INFO - Exporting env vars: AIRFLOW_CTX_DAG_OWNER='autoquery' AIRFLOW_CTX_DAG_ID='mini_riskagent_file_ingestion' AIRFLOW_CTX_TASK_ID='wait_for_csv' AIRFLOW_CTX_EXECUTION_DATE='2026-09-05T17:00:00+00:00' AIRFLOW_CTX_TRY_NUMBER='1' AIRFLOW_CTX_DAG_RUN_ID='scheduled__2026-09-05T17:00:00+00:00'
[2026-09-05T19:09:01.740+0200] {logging_mixin.py:190} INFO - Task instance is in running state
[2026-09-05T19:09:01.740+0200] {logging_mixin.py:190} INFO -  Previous state of the Task instance: queued
[2026-09-05T19:09:01.741+0200] {logging_mixin.py:190} INFO - Current task name:wait_for_csv state:running start_date:2026-09-05 17:09:01.649634+00:00
[2026-09-05T19:09:01.741+0200] {logging_mixin.py:190} INFO - Dag name:mini_riskagent_file_ingestion and current dag run status:running
[2026-09-05T19:09:01.741+0200] {taskinstance.py:732} INFO - ::endgroup::
[2026-09-05T19:09:01.742+0200] {python.py:75} INFO - Poking callable: <function check_for_csv_files at 0x10bcd0c20>
[2026-09-05T19:09:01.746+0200] {taskinstance.py:310} INFO - Rescheduling task, marking task as UP_FOR_RESCHEDULE
[2026-09-05T19:09:01.746+0200] {taskinstance.py:341} INFO - ::group::Post task execution logs
[2026-09-05T19:09:01.767+0200] {local_task_job_runner.py:266} INFO - Task exited with return code 0
[2026-09-05T19:09:01.772+0200] {taskinstance.py:3901} INFO - 0 downstream tasks scheduled from follow-on schedule check
[2026-09-05T19:09:01.772+0200] {local_task_job_runner.py:245} INFO - ::endgroup::
[2026-09-05T19:09:33.945+0200] {local_task_job_runner.py:123} INFO - ::group::Pre task execution logs
[2026-09-05T19:09:33.947+0200] {taskinstance.py:2614} INFO - Dependencies all met for dep_context=non-requeueable deps ti=<TaskInstance: mini_riskagent_file_ingestion.wait_for_csv scheduled__2026-09-05T17:00:00+00:00 [queued]>
[2026-09-05T19:09:33.949+0200] {taskinstance.py:2614} INFO - Dependencies all met for dep_context=requeueable deps ti=<TaskInstance: mini_riskagent_file_ingestion.wait_for_csv scheduled__2026-09-05T17:00:00+00:00 [queued]>
[2026-09-05T19:09:33.949+0200] {taskinstance.py:2867} INFO - Starting attempt 1 of 2
[2026-09-05T19:09:33.952+0200] {taskinstance.py:2890} INFO - Executing <Task(PythonSensor): wait_for_csv> on 2026-09-05 17:00:00+00:00
[2026-09-05T19:09:33.957+0200] {standard_task_runner.py:104} INFO - Running: ['airflow', 'tasks', 'run', 'mini_riskagent_file_ingestion', 'wait_for_csv', 'scheduled__2026-09-05T17:00:00+00:00', '--job-id', '1145', '--raw', '--subdir', 'DAGS_FOLDER/data_ingest_pipeline.py', '--cfg-path', '/var/folders/5p/201rr1sj03g8gksxm9x48mbh0000gn/T/tmp0ua5k2lv']
[2026-09-05T19:09:33.957+0200] {standard_task_runner.py:105} INFO - Job 1145: Subtask wait_for_csv
[2026-09-05T19:09:34.009+0200] {logging_mixin.py:190} WARNING - /Users/swarnalidatta/Desktop/AutoQueryChatbot/.airflow-venv/lib/python3.12/site-packages/airflow/task/task_runner/standard_task_runner.py:70 DeprecationWarning: This process (pid=28710) is multi-threaded, use of fork() may lead to deadlocks in the child.
[2026-09-05T19:09:34.009+0200] {standard_task_runner.py:72} INFO - Started process 28712 to run task
[2026-09-05T19:09:34.019+0200] {task_command.py:467} INFO - Running <TaskInstance: mini_riskagent_file_ingestion.wait_for_csv scheduled__2026-09-05T17:00:00+00:00 [running]> on host mac.home
[2026-09-05T19:09:34.035+0200] {taskinstance.py:3134} INFO - Exporting env vars: AIRFLOW_CTX_DAG_OWNER='autoquery' AIRFLOW_CTX_DAG_ID='mini_riskagent_file_ingestion' AIRFLOW_CTX_TASK_ID='wait_for_csv' AIRFLOW_CTX_EXECUTION_DATE='2026-09-05T17:00:00+00:00' AIRFLOW_CTX_TRY_NUMBER='1' AIRFLOW_CTX_DAG_RUN_ID='scheduled__2026-09-05T17:00:00+00:00'
[2026-09-05T19:09:34.035+0200] {logging_mixin.py:190} INFO - Task instance is in running state
[2026-09-05T19:09:34.036+0200] {logging_mixin.py:190} INFO -  Previous state of the Task instance: queued
[2026-09-05T19:09:34.036+0200] {logging_mixin.py:190} INFO - Current task name:wait_for_csv state:running start_date:2026-09-05 17:09:33.947893+00:00
[2026-09-05T19:09:34.036+0200] {logging_mixin.py:190} INFO - Dag name:mini_riskagent_file_ingestion and current dag run status:running
[2026-09-05T19:09:34.036+0200] {taskinstance.py:732} INFO - ::endgroup::
[2026-09-05T19:09:34.037+0200] {python.py:75} INFO - Poking callable: <function check_for_csv_files at 0x10ca58c20>
[2026-09-05T19:09:34.041+0200] {taskinstance.py:310} INFO - Rescheduling task, marking task as UP_FOR_RESCHEDULE
[2026-09-05T19:09:34.041+0200] {taskinstance.py:341} INFO - ::group::Post task execution logs
[2026-09-05T19:09:34.064+0200] {local_task_job_runner.py:266} INFO - Task exited with return code 0
[2026-09-05T19:09:34.069+0200] {taskinstance.py:3901} INFO - 0 downstream tasks scheduled from follow-on schedule check
[2026-09-05T19:09:34.069+0200] {local_task_job_runner.py:245} INFO - ::endgroup::
[2026-09-05T19:10:07.710+0200] {local_task_job_runner.py:123} INFO - ::group::Pre task execution logs
[2026-09-05T19:10:07.713+0200] {taskinstance.py:2614} INFO - Dependencies all met for dep_context=non-requeueable deps ti=<TaskInstance: mini_riskagent_file_ingestion.wait_for_csv scheduled__2026-09-05T17:00:00+00:00 [queued]>
[2026-09-05T19:10:07.714+0200] {taskinstance.py:2614} INFO - Dependencies all met for dep_context=requeueable deps ti=<TaskInstance: mini_riskagent_file_ingestion.wait_for_csv scheduled__2026-09-05T17:00:00+00:00 [queued]>
[2026-09-05T19:10:07.714+0200] {taskinstance.py:2867} INFO - Starting attempt 1 of 2
[2026-09-05T19:10:07.718+0200] {taskinstance.py:2890} INFO - Executing <Task(PythonSensor): wait_for_csv> on 2026-09-05 17:00:00+00:00
[2026-09-05T19:10:07.722+0200] {standard_task_runner.py:104} INFO - Running: ['airflow', 'tasks', 'run', 'mini_riskagent_file_ingestion', 'wait_for_csv', 'scheduled__2026-09-05T17:00:00+00:00', '--job-id', '1162', '--raw', '--subdir', 'DAGS_FOLDER/data_ingest_pipeline.py', '--cfg-path', '/var/folders/5p/201rr1sj03g8gksxm9x48mbh0000gn/T/tmpv5agp8qs']
[2026-09-05T19:10:07.723+0200] {standard_task_runner.py:105} INFO - Job 1162: Subtask wait_for_csv
[2026-09-05T19:10:07.772+0200] {logging_mixin.py:190} WARNING - /Users/swarnalidatta/Desktop/AutoQueryChatbot/.airflow-venv/lib/python3.12/site-packages/airflow/task/task_runner/standard_task_runner.py:70 DeprecationWarning: This process (pid=28822) is multi-threaded, use of fork() may lead to deadlocks in the child.
[2026-09-05T19:10:07.773+0200] {standard_task_runner.py:72} INFO - Started process 28824 to run task
[2026-09-05T19:10:07.785+0200] {task_command.py:467} INFO - Running <TaskInstance: mini_riskagent_file_ingestion.wait_for_csv scheduled__2026-09-05T17:00:00+00:00 [running]> on host mac.home
[2026-09-05T19:10:07.801+0200] {taskinstance.py:3134} INFO - Exporting env vars: AIRFLOW_CTX_DAG_OWNER='autoquery' AIRFLOW_CTX_DAG_ID='mini_riskagent_file_ingestion' AIRFLOW_CTX_TASK_ID='wait_for_csv' AIRFLOW_CTX_EXECUTION_DATE='2026-09-05T17:00:00+00:00' AIRFLOW_CTX_TRY_NUMBER='1' AIRFLOW_CTX_DAG_RUN_ID='scheduled__2026-09-05T17:00:00+00:00'
[2026-09-05T19:10:07.801+0200] {logging_mixin.py:190} INFO - Task instance is in running state
[2026-09-05T19:10:07.801+0200] {logging_mixin.py:190} INFO -  Previous state of the Task instance: queued
[2026-09-05T19:10:07.801+0200] {logging_mixin.py:190} INFO - Current task name:wait_for_csv state:running start_date:2026-09-05 17:10:07.713518+00:00
[2026-09-05T19:10:07.801+0200] {logging_mixin.py:190} INFO - Dag name:mini_riskagent_file_ingestion and current dag run status:running
[2026-09-05T19:10:07.802+0200] {taskinstance.py:732} INFO - ::endgroup::
[2026-09-05T19:10:07.803+0200] {python.py:75} INFO - Poking callable: <function check_for_csv_files at 0x107e20c20>
[2026-09-05T19:10:07.806+0200] {taskinstance.py:310} INFO - Rescheduling task, marking task as UP_FOR_RESCHEDULE
[2026-09-05T19:10:07.806+0200] {taskinstance.py:341} INFO - ::group::Post task execution logs
[2026-09-05T19:10:07.828+0200] {local_task_job_runner.py:266} INFO - Task exited with return code 0
[2026-09-05T19:10:07.833+0200] {taskinstance.py:3901} INFO - 0 downstream tasks scheduled from follow-on schedule check
[2026-09-05T19:10:07.833+0200] {local_task_job_runner.py:245} INFO - ::endgroup::
[2026-09-05T19:10:39.925+0200] {local_task_job_runner.py:123} INFO - ::group::Pre task execution logs
[2026-09-05T19:10:39.928+0200] {taskinstance.py:2614} INFO - Dependencies all met for dep_context=non-requeueable deps ti=<TaskInstance: mini_riskagent_file_ingestion.wait_for_csv scheduled__2026-09-05T17:00:00+00:00 [queued]>
[2026-09-05T19:10:39.929+0200] {taskinstance.py:2614} INFO - Dependencies all met for dep_context=requeueable deps ti=<TaskInstance: mini_riskagent_file_ingestion.wait_for_csv scheduled__2026-09-05T17:00:00+00:00 [queued]>
[2026-09-05T19:10:39.929+0200] {taskinstance.py:2867} INFO - Starting attempt 1 of 2
[2026-09-05T19:10:39.933+0200] {taskinstance.py:2890} INFO - Executing <Task(PythonSensor): wait_for_csv> on 2026-09-05 17:00:00+00:00
[2026-09-05T19:10:39.938+0200] {standard_task_runner.py:104} INFO - Running: ['airflow', 'tasks', 'run', 'mini_riskagent_file_ingestion', 'wait_for_csv', 'scheduled__2026-09-05T17:00:00+00:00', '--job-id', '1178', '--raw', '--subdir', 'DAGS_FOLDER/data_ingest_pipeline.py', '--cfg-path', '/var/folders/5p/201rr1sj03g8gksxm9x48mbh0000gn/T/tmpnr2hoyvn']
[2026-09-05T19:10:39.939+0200] {standard_task_runner.py:105} INFO - Job 1178: Subtask wait_for_csv
[2026-09-05T19:10:39.992+0200] {logging_mixin.py:190} WARNING - /Users/swarnalidatta/Desktop/AutoQueryChatbot/.airflow-venv/lib/python3.12/site-packages/airflow/task/task_runner/standard_task_runner.py:70 DeprecationWarning: This process (pid=28946) is multi-threaded, use of fork() may lead to deadlocks in the child.
[2026-09-05T19:10:39.993+0200] {standard_task_runner.py:72} INFO - Started process 28949 to run task
[2026-09-05T19:10:40.003+0200] {task_command.py:467} INFO - Running <TaskInstance: mini_riskagent_file_ingestion.wait_for_csv scheduled__2026-09-05T17:00:00+00:00 [running]> on host mac.home
[2026-09-05T19:10:40.018+0200] {taskinstance.py:3134} INFO - Exporting env vars: AIRFLOW_CTX_DAG_OWNER='autoquery' AIRFLOW_CTX_DAG_ID='mini_riskagent_file_ingestion' AIRFLOW_CTX_TASK_ID='wait_for_csv' AIRFLOW_CTX_EXECUTION_DATE='2026-09-05T17:00:00+00:00' AIRFLOW_CTX_TRY_NUMBER='1' AIRFLOW_CTX_DAG_RUN_ID='scheduled__2026-09-05T17:00:00+00:00'
[2026-09-05T19:10:40.019+0200] {logging_mixin.py:190} INFO - Task instance is in running state
[2026-09-05T19:10:40.019+0200] {logging_mixin.py:190} INFO -  Previous state of the Task instance: queued
[2026-09-05T19:10:40.019+0200] {logging_mixin.py:190} INFO - Current task name:wait_for_csv state:running start_date:2026-09-05 17:10:39.928351+00:00
[2026-09-05T19:10:40.019+0200] {logging_mixin.py:190} INFO - Dag name:mini_riskagent_file_ingestion and current dag run status:running
[2026-09-05T19:10:40.019+0200] {taskinstance.py:732} INFO - ::endgroup::
[2026-09-05T19:10:40.021+0200] {python.py:75} INFO - Poking callable: <function check_for_csv_files at 0x1194d0c20>
[2026-09-05T19:10:40.024+0200] {taskinstance.py:310} INFO - Rescheduling task, marking task as UP_FOR_RESCHEDULE
[2026-09-05T19:10:40.024+0200] {taskinstance.py:341} INFO - ::group::Post task execution logs
[2026-09-05T19:10:40.048+0200] {local_task_job_runner.py:266} INFO - Task exited with return code 0
[2026-09-05T19:10:40.053+0200] {taskinstance.py:3901} INFO - 0 downstream tasks scheduled from follow-on schedule check
[2026-09-05T19:10:40.053+0200] {local_task_job_runner.py:245} INFO - ::endgroup::
[2026-09-05T19:11:11.986+0200] {local_task_job_runner.py:123} INFO - ::group::Pre task execution logs
[2026-09-05T19:11:11.989+0200] {taskinstance.py:2614} INFO - Dependencies all met for dep_context=non-requeueable deps ti=<TaskInstance: mini_riskagent_file_ingestion.wait_for_csv scheduled__2026-09-05T17:00:00+00:00 [queued]>
[2026-09-05T19:11:11.990+0200] {taskinstance.py:2614} INFO - Dependencies all met for dep_context=requeueable deps ti=<TaskInstance: mini_riskagent_file_ingestion.wait_for_csv scheduled__2026-09-05T17:00:00+00:00 [queued]>
[2026-09-05T19:11:11.990+0200] {taskinstance.py:2867} INFO - Starting attempt 1 of 2
[2026-09-05T19:11:11.994+0200] {taskinstance.py:2890} INFO - Executing <Task(PythonSensor): wait_for_csv> on 2026-09-05 17:00:00+00:00
[2026-09-05T19:11:11.998+0200] {standard_task_runner.py:104} INFO - Running: ['airflow', 'tasks', 'run', 'mini_riskagent_file_ingestion', 'wait_for_csv', 'scheduled__2026-09-05T17:00:00+00:00', '--job-id', '1194', '--raw', '--subdir', 'DAGS_FOLDER/data_ingest_pipeline.py', '--cfg-path', '/var/folders/5p/201rr1sj03g8gksxm9x48mbh0000gn/T/tmptricl737']
[2026-09-05T19:11:11.999+0200] {standard_task_runner.py:105} INFO - Job 1194: Subtask wait_for_csv
[2026-09-05T19:11:12.051+0200] {logging_mixin.py:190} WARNING - /Users/swarnalidatta/Desktop/AutoQueryChatbot/.airflow-venv/lib/python3.12/site-packages/airflow/task/task_runner/standard_task_runner.py:70 DeprecationWarning: This process (pid=29077) is multi-threaded, use of fork() may lead to deadlocks in the child.
[2026-09-05T19:11:12.051+0200] {standard_task_runner.py:72} INFO - Started process 29082 to run task
[2026-09-05T19:11:12.064+0200] {task_command.py:467} INFO - Running <TaskInstance: mini_riskagent_file_ingestion.wait_for_csv scheduled__2026-09-05T17:00:00+00:00 [running]> on host mac.home
[2026-09-05T19:11:12.079+0200] {taskinstance.py:3134} INFO - Exporting env vars: AIRFLOW_CTX_DAG_OWNER='autoquery' AIRFLOW_CTX_DAG_ID='mini_riskagent_file_ingestion' AIRFLOW_CTX_TASK_ID='wait_for_csv' AIRFLOW_CTX_EXECUTION_DATE='2026-09-05T17:00:00+00:00' AIRFLOW_CTX_TRY_NUMBER='1' AIRFLOW_CTX_DAG_RUN_ID='scheduled__2026-09-05T17:00:00+00:00'
[2026-09-05T19:11:12.080+0200] {logging_mixin.py:190} INFO - Task instance is in running state
[2026-09-05T19:11:12.080+0200] {logging_mixin.py:190} INFO -  Previous state of the Task instance: queued
[2026-09-05T19:11:12.080+0200] {logging_mixin.py:190} INFO - Current task name:wait_for_csv state:running start_date:2026-09-05 17:11:11.989468+00:00
[2026-09-05T19:11:12.080+0200] {logging_mixin.py:190} INFO - Dag name:mini_riskagent_file_ingestion and current dag run status:running
[2026-09-05T19:11:12.080+0200] {taskinstance.py:732} INFO - ::endgroup::
[2026-09-05T19:11:12.082+0200] {python.py:75} INFO - Poking callable: <function check_for_csv_files at 0x116cd0c20>
[2026-09-05T19:11:12.085+0200] {taskinstance.py:310} INFO - Rescheduling task, marking task as UP_FOR_RESCHEDULE
[2026-09-05T19:11:12.085+0200] {taskinstance.py:341} INFO - ::group::Post task execution logs
[2026-09-05T19:11:12.106+0200] {local_task_job_runner.py:266} INFO - Task exited with return code 0
[2026-09-05T19:11:12.112+0200] {taskinstance.py:3901} INFO - 0 downstream tasks scheduled from follow-on schedule check
[2026-09-05T19:11:12.112+0200] {local_task_job_runner.py:245} INFO - ::endgroup::
[2026-09-05T19:11:43.668+0200] {local_task_job_runner.py:123} INFO - ::group::Pre task execution logs
[2026-09-05T19:11:43.670+0200] {taskinstance.py:2614} INFO - Dependencies all met for dep_context=non-requeueable deps ti=<TaskInstance: mini_riskagent_file_ingestion.wait_for_csv scheduled__2026-09-05T17:00:00+00:00 [queued]>
[2026-09-05T19:11:43.672+0200] {taskinstance.py:2614} INFO - Dependencies all met for dep_context=requeueable deps ti=<TaskInstance: mini_riskagent_file_ingestion.wait_for_csv scheduled__2026-09-05T17:00:00+00:00 [queued]>
[2026-09-05T19:11:43.672+0200] {taskinstance.py:2867} INFO - Starting attempt 1 of 2
[2026-09-05T19:11:43.676+0200] {taskinstance.py:2890} INFO - Executing <Task(PythonSensor): wait_for_csv> on 2026-09-05 17:00:00+00:00
[2026-09-05T19:11:43.680+0200] {standard_task_runner.py:104} INFO - Running: ['airflow', 'tasks', 'run', 'mini_riskagent_file_ingestion', 'wait_for_csv', 'scheduled__2026-09-05T17:00:00+00:00', '--job-id', '1210', '--raw', '--subdir', 'DAGS_FOLDER/data_ingest_pipeline.py', '--cfg-path', '/var/folders/5p/201rr1sj03g8gksxm9x48mbh0000gn/T/tmpoc7hyetc']
[2026-09-05T19:11:43.681+0200] {standard_task_runner.py:105} INFO - Job 1210: Subtask wait_for_csv
[2026-09-05T19:11:43.730+0200] {logging_mixin.py:190} WARNING - /Users/swarnalidatta/Desktop/AutoQueryChatbot/.airflow-venv/lib/python3.12/site-packages/airflow/task/task_runner/standard_task_runner.py:70 DeprecationWarning: This process (pid=29189) is multi-threaded, use of fork() may lead to deadlocks in the child.
[2026-09-05T19:11:43.730+0200] {standard_task_runner.py:72} INFO - Started process 29191 to run task
[2026-09-05T19:11:43.741+0200] {task_command.py:467} INFO - Running <TaskInstance: mini_riskagent_file_ingestion.wait_for_csv scheduled__2026-09-05T17:00:00+00:00 [running]> on host mac.home
[2026-09-05T19:11:43.757+0200] {taskinstance.py:3134} INFO - Exporting env vars: AIRFLOW_CTX_DAG_OWNER='autoquery' AIRFLOW_CTX_DAG_ID='mini_riskagent_file_ingestion' AIRFLOW_CTX_TASK_ID='wait_for_csv' AIRFLOW_CTX_EXECUTION_DATE='2026-09-05T17:00:00+00:00' AIRFLOW_CTX_TRY_NUMBER='1' AIRFLOW_CTX_DAG_RUN_ID='scheduled__2026-09-05T17:00:00+00:00'
[2026-09-05T19:11:43.757+0200] {logging_mixin.py:190} INFO - Task instance is in running state
[2026-09-05T19:11:43.757+0200] {logging_mixin.py:190} INFO -  Previous state of the Task instance: queued
[2026-09-05T19:11:43.757+0200] {logging_mixin.py:190} INFO - Current task name:wait_for_csv state:running start_date:2026-09-05 17:11:43.671076+00:00
[2026-09-05T19:11:43.758+0200] {logging_mixin.py:190} INFO - Dag name:mini_riskagent_file_ingestion and current dag run status:running
[2026-09-05T19:11:43.758+0200] {taskinstance.py:732} INFO - ::endgroup::
[2026-09-05T19:11:43.759+0200] {python.py:75} INFO - Poking callable: <function check_for_csv_files at 0x10a2d4c20>
[2026-09-05T19:11:43.762+0200] {taskinstance.py:310} INFO - Rescheduling task, marking task as UP_FOR_RESCHEDULE
[2026-09-05T19:11:43.762+0200] {taskinstance.py:341} INFO - ::group::Post task execution logs
[2026-09-05T19:11:43.785+0200] {local_task_job_runner.py:266} INFO - Task exited with return code 0
[2026-09-05T19:11:43.790+0200] {taskinstance.py:3901} INFO - 0 downstream tasks scheduled from follow-on schedule check
[2026-09-05T19:11:43.790+0200] {local_task_job_runner.py:245} INFO - ::endgroup::
[2026-09-05T19:12:15.859+0200] {local_task_job_runner.py:123} INFO - ::group::Pre task execution logs
[2026-09-05T19:12:15.862+0200] {taskinstance.py:2614} INFO - Dependencies all met for dep_context=non-requeueable deps ti=<TaskInstance: mini_riskagent_file_ingestion.wait_for_csv scheduled__2026-09-05T17:00:00+00:00 [queued]>
[2026-09-05T19:12:15.863+0200] {taskinstance.py:2614} INFO - Dependencies all met for dep_context=requeueable deps ti=<TaskInstance: mini_riskagent_file_ingestion.wait_for_csv scheduled__2026-09-05T17:00:00+00:00 [queued]>
[2026-09-05T19:12:15.863+0200] {taskinstance.py:2867} INFO - Starting attempt 1 of 2
[2026-09-05T19:12:15.867+0200] {taskinstance.py:2890} INFO - Executing <Task(PythonSensor): wait_for_csv> on 2026-09-05 17:00:00+00:00
[2026-09-05T19:12:15.871+0200] {standard_task_runner.py:104} INFO - Running: ['airflow', 'tasks', 'run', 'mini_riskagent_file_ingestion', 'wait_for_csv', 'scheduled__2026-09-05T17:00:00+00:00', '--job-id', '1226', '--raw', '--subdir', 'DAGS_FOLDER/data_ingest_pipeline.py', '--cfg-path', '/var/folders/5p/201rr1sj03g8gksxm9x48mbh0000gn/T/tmpr8mfutf5']
[2026-09-05T19:12:15.872+0200] {standard_task_runner.py:105} INFO - Job 1226: Subtask wait_for_csv
[2026-09-05T19:12:15.924+0200] {logging_mixin.py:190} WARNING - /Users/swarnalidatta/Desktop/AutoQueryChatbot/.airflow-venv/lib/python3.12/site-packages/airflow/task/task_runner/standard_task_runner.py:70 DeprecationWarning: This process (pid=29312) is multi-threaded, use of fork() may lead to deadlocks in the child.
[2026-09-05T19:12:15.924+0200] {standard_task_runner.py:72} INFO - Started process 29319 to run task
[2026-09-05T19:12:15.938+0200] {task_command.py:467} INFO - Running <TaskInstance: mini_riskagent_file_ingestion.wait_for_csv scheduled__2026-09-05T17:00:00+00:00 [running]> on host mac.home
[2026-09-05T19:12:15.953+0200] {taskinstance.py:3134} INFO - Exporting env vars: AIRFLOW_CTX_DAG_OWNER='autoquery' AIRFLOW_CTX_DAG_ID='mini_riskagent_file_ingestion' AIRFLOW_CTX_TASK_ID='wait_for_csv' AIRFLOW_CTX_EXECUTION_DATE='2026-09-05T17:00:00+00:00' AIRFLOW_CTX_TRY_NUMBER='1' AIRFLOW_CTX_DAG_RUN_ID='scheduled__2026-09-05T17:00:00+00:00'
[2026-09-05T19:12:15.954+0200] {logging_mixin.py:190} INFO - Task instance is in running state
[2026-09-05T19:12:15.954+0200] {logging_mixin.py:190} INFO -  Previous state of the Task instance: queued
[2026-09-05T19:12:15.954+0200] {logging_mixin.py:190} INFO - Current task name:wait_for_csv state:running start_date:2026-09-05 17:12:15.862343+00:00
[2026-09-05T19:12:15.954+0200] {logging_mixin.py:190} INFO - Dag name:mini_riskagent_file_ingestion and current dag run status:running
[2026-09-05T19:12:15.954+0200] {taskinstance.py:732} INFO - ::endgroup::
[2026-09-05T19:12:15.956+0200] {python.py:75} INFO - Poking callable: <function check_for_csv_files at 0x10cd00c20>
[2026-09-05T19:12:15.959+0200] {taskinstance.py:310} INFO - Rescheduling task, marking task as UP_FOR_RESCHEDULE
[2026-09-05T19:12:15.959+0200] {taskinstance.py:341} INFO - ::group::Post task execution logs
[2026-09-05T19:12:15.980+0200] {local_task_job_runner.py:266} INFO - Task exited with return code 0
[2026-09-05T19:12:15.985+0200] {taskinstance.py:3901} INFO - 0 downstream tasks scheduled from follow-on schedule check
[2026-09-05T19:12:15.985+0200] {local_task_job_runner.py:245} INFO - ::endgroup::
[2026-09-05T19:12:48.170+0200] {local_task_job_runner.py:123} INFO - ::group::Pre task execution logs
[2026-09-05T19:12:48.173+0200] {taskinstance.py:2614} INFO - Dependencies all met for dep_context=non-requeueable deps ti=<TaskInstance: mini_riskagent_file_ingestion.wait_for_csv scheduled__2026-09-05T17:00:00+00:00 [queued]>
[2026-09-05T19:12:48.174+0200] {taskinstance.py:2614} INFO - Dependencies all met for dep_context=requeueable deps ti=<TaskInstance: mini_riskagent_file_ingestion.wait_for_csv scheduled__2026-09-05T17:00:00+00:00 [queued]>
[2026-09-05T19:12:48.174+0200] {taskinstance.py:2867} INFO - Starting attempt 1 of 2
[2026-09-05T19:12:48.178+0200] {taskinstance.py:2890} INFO - Executing <Task(PythonSensor): wait_for_csv> on 2026-09-05 17:00:00+00:00
[2026-09-05T19:12:48.182+0200] {standard_task_runner.py:104} INFO - Running: ['airflow', 'tasks', 'run', 'mini_riskagent_file_ingestion', 'wait_for_csv', 'scheduled__2026-09-05T17:00:00+00:00', '--job-id', '1242', '--raw', '--subdir', 'DAGS_FOLDER/data_ingest_pipeline.py', '--cfg-path', '/var/folders/5p/201rr1sj03g8gksxm9x48mbh0000gn/T/tmpje37cadq']
[2026-09-05T19:12:48.183+0200] {standard_task_runner.py:105} INFO - Job 1242: Subtask wait_for_csv
[2026-09-05T19:12:48.235+0200] {logging_mixin.py:190} WARNING - /Users/swarnalidatta/Desktop/AutoQueryChatbot/.airflow-venv/lib/python3.12/site-packages/airflow/task/task_runner/standard_task_runner.py:70 DeprecationWarning: This process (pid=29430) is multi-threaded, use of fork() may lead to deadlocks in the child.
[2026-09-05T19:12:48.235+0200] {standard_task_runner.py:72} INFO - Started process 29432 to run task
[2026-09-05T19:12:48.249+0200] {task_command.py:467} INFO - Running <TaskInstance: mini_riskagent_file_ingestion.wait_for_csv scheduled__2026-09-05T17:00:00+00:00 [running]> on host mac.home
[2026-09-05T19:12:48.264+0200] {taskinstance.py:3134} INFO - Exporting env vars: AIRFLOW_CTX_DAG_OWNER='autoquery' AIRFLOW_CTX_DAG_ID='mini_riskagent_file_ingestion' AIRFLOW_CTX_TASK_ID='wait_for_csv' AIRFLOW_CTX_EXECUTION_DATE='2026-09-05T17:00:00+00:00' AIRFLOW_CTX_TRY_NUMBER='1' AIRFLOW_CTX_DAG_RUN_ID='scheduled__2026-09-05T17:00:00+00:00'
[2026-09-05T19:12:48.265+0200] {logging_mixin.py:190} INFO - Task instance is in running state
[2026-09-05T19:12:48.265+0200] {logging_mixin.py:190} INFO -  Previous state of the Task instance: queued
[2026-09-05T19:12:48.265+0200] {logging_mixin.py:190} INFO - Current task name:wait_for_csv state:running start_date:2026-09-05 17:12:48.173175+00:00
[2026-09-05T19:12:48.265+0200] {logging_mixin.py:190} INFO - Dag name:mini_riskagent_file_ingestion and current dag run status:running
[2026-09-05T19:12:48.265+0200] {taskinstance.py:732} INFO - ::endgroup::
[2026-09-05T19:12:48.267+0200] {python.py:75} INFO - Poking callable: <function check_for_csv_files at 0x10a094c20>
[2026-09-05T19:12:48.270+0200] {taskinstance.py:310} INFO - Rescheduling task, marking task as UP_FOR_RESCHEDULE
[2026-09-05T19:12:48.270+0200] {taskinstance.py:341} INFO - ::group::Post task execution logs
[2026-09-05T19:12:48.290+0200] {local_task_job_runner.py:266} INFO - Task exited with return code 0
[2026-09-05T19:12:48.295+0200] {taskinstance.py:3901} INFO - 0 downstream tasks scheduled from follow-on schedule check
[2026-09-05T19:12:48.295+0200] {local_task_job_runner.py:245} INFO - ::endgroup::
[2026-09-05T19:13:20.326+0200] {local_task_job_runner.py:123} INFO - ::group::Pre task execution logs
[2026-09-05T19:13:20.329+0200] {taskinstance.py:2614} INFO - Dependencies all met for dep_context=non-requeueable deps ti=<TaskInstance: mini_riskagent_file_ingestion.wait_for_csv scheduled__2026-09-05T17:00:00+00:00 [queued]>
[2026-09-05T19:13:20.331+0200] {taskinstance.py:2614} INFO - Dependencies all met for dep_context=requeueable deps ti=<TaskInstance: mini_riskagent_file_ingestion.wait_for_csv scheduled__2026-09-05T17:00:00+00:00 [queued]>
[2026-09-05T19:13:20.331+0200] {taskinstance.py:2867} INFO - Starting attempt 1 of 2
[2026-09-05T19:13:20.334+0200] {taskinstance.py:2890} INFO - Executing <Task(PythonSensor): wait_for_csv> on 2026-09-05 17:00:00+00:00
[2026-09-05T19:13:20.338+0200] {standard_task_runner.py:104} INFO - Running: ['airflow', 'tasks', 'run', 'mini_riskagent_file_ingestion', 'wait_for_csv', 'scheduled__2026-09-05T17:00:00+00:00', '--job-id', '1258', '--raw', '--subdir', 'DAGS_FOLDER/data_ingest_pipeline.py', '--cfg-path', '/var/folders/5p/201rr1sj03g8gksxm9x48mbh0000gn/T/tmpw_cr08ot']
[2026-09-05T19:13:20.339+0200] {standard_task_runner.py:105} INFO - Job 1258: Subtask wait_for_csv
[2026-09-05T19:13:20.391+0200] {logging_mixin.py:190} WARNING - /Users/swarnalidatta/Desktop/AutoQueryChatbot/.airflow-venv/lib/python3.12/site-packages/airflow/task/task_runner/standard_task_runner.py:70 DeprecationWarning: This process (pid=29550) is multi-threaded, use of fork() may lead to deadlocks in the child.
[2026-09-05T19:13:20.391+0200] {standard_task_runner.py:72} INFO - Started process 29552 to run task
[2026-09-05T19:13:20.404+0200] {task_command.py:467} INFO - Running <TaskInstance: mini_riskagent_file_ingestion.wait_for_csv scheduled__2026-09-05T17:00:00+00:00 [running]> on host mac.home
[2026-09-05T19:13:20.420+0200] {taskinstance.py:3134} INFO - Exporting env vars: AIRFLOW_CTX_DAG_OWNER='autoquery' AIRFLOW_CTX_DAG_ID='mini_riskagent_file_ingestion' AIRFLOW_CTX_TASK_ID='wait_for_csv' AIRFLOW_CTX_EXECUTION_DATE='2026-09-05T17:00:00+00:00' AIRFLOW_CTX_TRY_NUMBER='1' AIRFLOW_CTX_DAG_RUN_ID='scheduled__2026-09-05T17:00:00+00:00'
[2026-09-05T19:13:20.420+0200] {logging_mixin.py:190} INFO - Task instance is in running state
[2026-09-05T19:13:20.420+0200] {logging_mixin.py:190} INFO -  Previous state of the Task instance: queued
[2026-09-05T19:13:20.420+0200] {logging_mixin.py:190} INFO - Current task name:wait_for_csv state:running start_date:2026-09-05 17:13:20.329701+00:00
[2026-09-05T19:13:20.420+0200] {logging_mixin.py:190} INFO - Dag name:mini_riskagent_file_ingestion and current dag run status:running
[2026-09-05T19:13:20.421+0200] {taskinstance.py:732} INFO - ::endgroup::
[2026-09-05T19:13:20.422+0200] {python.py:75} INFO - Poking callable: <function check_for_csv_files at 0x1120e4c20>
[2026-09-05T19:13:20.425+0200] {taskinstance.py:310} INFO - Rescheduling task, marking task as UP_FOR_RESCHEDULE
[2026-09-05T19:13:20.425+0200] {taskinstance.py:341} INFO - ::group::Post task execution logs
[2026-09-05T19:13:20.446+0200] {local_task_job_runner.py:266} INFO - Task exited with return code 0
[2026-09-05T19:13:20.451+0200] {taskinstance.py:3901} INFO - 0 downstream tasks scheduled from follow-on schedule check
[2026-09-05T19:13:20.452+0200] {local_task_job_runner.py:245} INFO - ::endgroup::
[2026-09-05T19:13:51.464+0200] {local_task_job_runner.py:123} INFO - ::group::Pre task execution logs
[2026-09-05T19:13:51.467+0200] {taskinstance.py:2614} INFO - Dependencies all met for dep_context=non-requeueable deps ti=<TaskInstance: mini_riskagent_file_ingestion.wait_for_csv scheduled__2026-09-05T17:00:00+00:00 [queued]>
[2026-09-05T19:13:51.468+0200] {taskinstance.py:2614} INFO - Dependencies all met for dep_context=requeueable deps ti=<TaskInstance: mini_riskagent_file_ingestion.wait_for_csv scheduled__2026-09-05T17:00:00+00:00 [queued]>
[2026-09-05T19:13:51.468+0200] {taskinstance.py:2867} INFO - Starting attempt 1 of 2
[2026-09-05T19:13:51.472+0200] {taskinstance.py:2890} INFO - Executing <Task(PythonSensor): wait_for_csv> on 2026-09-05 17:00:00+00:00
[2026-09-05T19:13:51.476+0200] {standard_task_runner.py:104} INFO - Running: ['airflow', 'tasks', 'run', 'mini_riskagent_file_ingestion', 'wait_for_csv', 'scheduled__2026-09-05T17:00:00+00:00', '--job-id', '1274', '--raw', '--subdir', 'DAGS_FOLDER/data_ingest_pipeline.py', '--cfg-path', '/var/folders/5p/201rr1sj03g8gksxm9x48mbh0000gn/T/tmplze77y79']
[2026-09-05T19:13:51.477+0200] {standard_task_runner.py:105} INFO - Job 1274: Subtask wait_for_csv
[2026-09-05T19:13:51.528+0200] {logging_mixin.py:190} WARNING - /Users/swarnalidatta/Desktop/AutoQueryChatbot/.airflow-venv/lib/python3.12/site-packages/airflow/task/task_runner/standard_task_runner.py:70 DeprecationWarning: This process (pid=29660) is multi-threaded, use of fork() may lead to deadlocks in the child.
[2026-09-05T19:13:51.528+0200] {standard_task_runner.py:72} INFO - Started process 29662 to run task
[2026-09-05T19:13:51.538+0200] {task_command.py:467} INFO - Running <TaskInstance: mini_riskagent_file_ingestion.wait_for_csv scheduled__2026-09-05T17:00:00+00:00 [running]> on host mac.home
[2026-09-05T19:13:51.554+0200] {taskinstance.py:3134} INFO - Exporting env vars: AIRFLOW_CTX_DAG_OWNER='autoquery' AIRFLOW_CTX_DAG_ID='mini_riskagent_file_ingestion' AIRFLOW_CTX_TASK_ID='wait_for_csv' AIRFLOW_CTX_EXECUTION_DATE='2026-09-05T17:00:00+00:00' AIRFLOW_CTX_TRY_NUMBER='1' AIRFLOW_CTX_DAG_RUN_ID='scheduled__2026-09-05T17:00:00+00:00'
[2026-09-05T19:13:51.554+0200] {logging_mixin.py:190} INFO - Task instance is in running state
[2026-09-05T19:13:51.554+0200] {logging_mixin.py:190} INFO -  Previous state of the Task instance: queued
[2026-09-05T19:13:51.555+0200] {logging_mixin.py:190} INFO - Current task name:wait_for_csv state:running start_date:2026-09-05 17:13:51.467175+00:00
[2026-09-05T19:13:51.555+0200] {logging_mixin.py:190} INFO - Dag name:mini_riskagent_file_ingestion and current dag run status:running
[2026-09-05T19:13:51.555+0200] {taskinstance.py:732} INFO - ::endgroup::
[2026-09-05T19:13:51.556+0200] {python.py:75} INFO - Poking callable: <function check_for_csv_files at 0x108360c20>
[2026-09-05T19:13:51.559+0200] {taskinstance.py:310} INFO - Rescheduling task, marking task as UP_FOR_RESCHEDULE
[2026-09-05T19:13:51.560+0200] {taskinstance.py:341} INFO - ::group::Post task execution logs
[2026-09-05T19:13:51.583+0200] {local_task_job_runner.py:266} INFO - Task exited with return code 0
[2026-09-05T19:13:51.588+0200] {taskinstance.py:3901} INFO - 0 downstream tasks scheduled from follow-on schedule check
[2026-09-05T19:13:51.588+0200] {local_task_job_runner.py:245} INFO - ::endgroup::
[2026-09-05T19:14:23.998+0200] {local_task_job_runner.py:123} INFO - ::group::Pre task execution logs
[2026-09-05T19:14:24.001+0200] {taskinstance.py:2614} INFO - Dependencies all met for dep_context=non-requeueable deps ti=<TaskInstance: mini_riskagent_file_ingestion.wait_for_csv scheduled__2026-09-05T17:00:00+00:00 [queued]>
[2026-09-05T19:14:24.002+0200] {taskinstance.py:2614} INFO - Dependencies all met for dep_context=requeueable deps ti=<TaskInstance: mini_riskagent_file_ingestion.wait_for_csv scheduled__2026-09-05T17:00:00+00:00 [queued]>
[2026-09-05T19:14:24.002+0200] {taskinstance.py:2867} INFO - Starting attempt 1 of 2
[2026-09-05T19:14:24.006+0200] {taskinstance.py:2890} INFO - Executing <Task(PythonSensor): wait_for_csv> on 2026-09-05 17:00:00+00:00
[2026-09-05T19:14:24.010+0200] {standard_task_runner.py:104} INFO - Running: ['airflow', 'tasks', 'run', 'mini_riskagent_file_ingestion', 'wait_for_csv', 'scheduled__2026-09-05T17:00:00+00:00', '--job-id', '1290', '--raw', '--subdir', 'DAGS_FOLDER/data_ingest_pipeline.py', '--cfg-path', '/var/folders/5p/201rr1sj03g8gksxm9x48mbh0000gn/T/tmpubx0uql0']
[2026-09-05T19:14:24.011+0200] {standard_task_runner.py:105} INFO - Job 1290: Subtask wait_for_csv
[2026-09-05T19:14:24.062+0200] {logging_mixin.py:190} WARNING - /Users/swarnalidatta/Desktop/AutoQueryChatbot/.airflow-venv/lib/python3.12/site-packages/airflow/task/task_runner/standard_task_runner.py:70 DeprecationWarning: This process (pid=29787) is multi-threaded, use of fork() may lead to deadlocks in the child.
[2026-09-05T19:14:24.062+0200] {standard_task_runner.py:72} INFO - Started process 29789 to run task
[2026-09-05T19:14:24.074+0200] {task_command.py:467} INFO - Running <TaskInstance: mini_riskagent_file_ingestion.wait_for_csv scheduled__2026-09-05T17:00:00+00:00 [running]> on host mac.home
[2026-09-05T19:14:24.090+0200] {taskinstance.py:3134} INFO - Exporting env vars: AIRFLOW_CTX_DAG_OWNER='autoquery' AIRFLOW_CTX_DAG_ID='mini_riskagent_file_ingestion' AIRFLOW_CTX_TASK_ID='wait_for_csv' AIRFLOW_CTX_EXECUTION_DATE='2026-09-05T17:00:00+00:00' AIRFLOW_CTX_TRY_NUMBER='1' AIRFLOW_CTX_DAG_RUN_ID='scheduled__2026-09-05T17:00:00+00:00'
[2026-09-05T19:14:24.091+0200] {logging_mixin.py:190} INFO - Task instance is in running state
[2026-09-05T19:14:24.091+0200] {logging_mixin.py:190} INFO -  Previous state of the Task instance: queued
[2026-09-05T19:14:24.091+0200] {logging_mixin.py:190} INFO - Current task name:wait_for_csv state:running start_date:2026-09-05 17:14:24.001563+00:00
[2026-09-05T19:14:24.091+0200] {logging_mixin.py:190} INFO - Dag name:mini_riskagent_file_ingestion and current dag run status:running
[2026-09-05T19:14:24.091+0200] {taskinstance.py:732} INFO - ::endgroup::
[2026-09-05T19:14:24.093+0200] {python.py:75} INFO - Poking callable: <function check_for_csv_files at 0x1110e4c20>
[2026-09-05T19:14:24.096+0200] {taskinstance.py:310} INFO - Rescheduling task, marking task as UP_FOR_RESCHEDULE
[2026-09-05T19:14:24.096+0200] {taskinstance.py:341} INFO - ::group::Post task execution logs
[2026-09-05T19:14:24.117+0200] {local_task_job_runner.py:266} INFO - Task exited with return code 0
[2026-09-05T19:14:24.122+0200] {taskinstance.py:3901} INFO - 0 downstream tasks scheduled from follow-on schedule check
[2026-09-05T19:14:24.123+0200] {local_task_job_runner.py:245} INFO - ::endgroup::
[2026-09-05T19:14:56.126+0200] {local_task_job_runner.py:123} INFO - ::group::Pre task execution logs
[2026-09-05T19:14:56.129+0200] {taskinstance.py:2614} INFO - Dependencies all met for dep_context=non-requeueable deps ti=<TaskInstance: mini_riskagent_file_ingestion.wait_for_csv scheduled__2026-09-05T17:00:00+00:00 [queued]>
[2026-09-05T19:14:56.130+0200] {taskinstance.py:2614} INFO - Dependencies all met for dep_context=requeueable deps ti=<TaskInstance: mini_riskagent_file_ingestion.wait_for_csv scheduled__2026-09-05T17:00:00+00:00 [queued]>
[2026-09-05T19:14:56.130+0200] {taskinstance.py:2867} INFO - Starting attempt 1 of 2
[2026-09-05T19:14:56.134+0200] {taskinstance.py:2890} INFO - Executing <Task(PythonSensor): wait_for_csv> on 2026-09-05 17:00:00+00:00
[2026-09-05T19:14:56.138+0200] {standard_task_runner.py:104} INFO - Running: ['airflow', 'tasks', 'run', 'mini_riskagent_file_ingestion', 'wait_for_csv', 'scheduled__2026-09-05T17:00:00+00:00', '--job-id', '1306', '--raw', '--subdir', 'DAGS_FOLDER/data_ingest_pipeline.py', '--cfg-path', '/var/folders/5p/201rr1sj03g8gksxm9x48mbh0000gn/T/tmpkve0_w2a']
[2026-09-05T19:14:56.139+0200] {standard_task_runner.py:105} INFO - Job 1306: Subtask wait_for_csv
[2026-09-05T19:14:56.189+0200] {logging_mixin.py:190} WARNING - /Users/swarnalidatta/Desktop/AutoQueryChatbot/.airflow-venv/lib/python3.12/site-packages/airflow/task/task_runner/standard_task_runner.py:70 DeprecationWarning: This process (pid=29912) is multi-threaded, use of fork() may lead to deadlocks in the child.
[2026-09-05T19:14:56.190+0200] {standard_task_runner.py:72} INFO - Started process 29914 to run task
[2026-09-05T19:14:56.201+0200] {task_command.py:467} INFO - Running <TaskInstance: mini_riskagent_file_ingestion.wait_for_csv scheduled__2026-09-05T17:00:00+00:00 [running]> on host mac.home
[2026-09-05T19:14:56.216+0200] {taskinstance.py:3134} INFO - Exporting env vars: AIRFLOW_CTX_DAG_OWNER='autoquery' AIRFLOW_CTX_DAG_ID='mini_riskagent_file_ingestion' AIRFLOW_CTX_TASK_ID='wait_for_csv' AIRFLOW_CTX_EXECUTION_DATE='2026-09-05T17:00:00+00:00' AIRFLOW_CTX_TRY_NUMBER='1' AIRFLOW_CTX_DAG_RUN_ID='scheduled__2026-09-05T17:00:00+00:00'
[2026-09-05T19:14:56.216+0200] {logging_mixin.py:190} INFO - Task instance is in running state
[2026-09-05T19:14:56.216+0200] {logging_mixin.py:190} INFO -  Previous state of the Task instance: queued
[2026-09-05T19:14:56.216+0200] {logging_mixin.py:190} INFO - Current task name:wait_for_csv state:running start_date:2026-09-05 17:14:56.129220+00:00
[2026-09-05T19:14:56.217+0200] {logging_mixin.py:190} INFO - Dag name:mini_riskagent_file_ingestion and current dag run status:running
[2026-09-05T19:14:56.217+0200] {taskinstance.py:732} INFO - ::endgroup::
[2026-09-05T19:14:56.218+0200] {python.py:75} INFO - Poking callable: <function check_for_csv_files at 0x108bc8c20>
[2026-09-05T19:14:56.221+0200] {taskinstance.py:310} INFO - Rescheduling task, marking task as UP_FOR_RESCHEDULE
[2026-09-05T19:14:56.221+0200] {taskinstance.py:341} INFO - ::group::Post task execution logs
[2026-09-05T19:14:56.245+0200] {local_task_job_runner.py:266} INFO - Task exited with return code 0
[2026-09-05T19:14:56.250+0200] {taskinstance.py:3901} INFO - 0 downstream tasks scheduled from follow-on schedule check
[2026-09-05T19:14:56.250+0200] {local_task_job_runner.py:245} INFO - ::endgroup::
[2026-09-05T19:15:27.556+0200] {local_task_job_runner.py:123} INFO - ::group::Pre task execution logs
[2026-09-05T19:15:27.558+0200] {taskinstance.py:2614} INFO - Dependencies all met for dep_context=non-requeueable deps ti=<TaskInstance: mini_riskagent_file_ingestion.wait_for_csv scheduled__2026-09-05T17:00:00+00:00 [queued]>
[2026-09-05T19:15:27.560+0200] {taskinstance.py:2614} INFO - Dependencies all met for dep_context=requeueable deps ti=<TaskInstance: mini_riskagent_file_ingestion.wait_for_csv scheduled__2026-09-05T17:00:00+00:00 [queued]>
[2026-09-05T19:15:27.560+0200] {taskinstance.py:2867} INFO - Starting attempt 1 of 2
[2026-09-05T19:15:27.564+0200] {taskinstance.py:2890} INFO - Executing <Task(PythonSensor): wait_for_csv> on 2026-09-05 17:00:00+00:00
[2026-09-05T19:15:27.568+0200] {standard_task_runner.py:104} INFO - Running: ['airflow', 'tasks', 'run', 'mini_riskagent_file_ingestion', 'wait_for_csv', 'scheduled__2026-09-05T17:00:00+00:00', '--job-id', '1322', '--raw', '--subdir', 'DAGS_FOLDER/data_ingest_pipeline.py', '--cfg-path', '/var/folders/5p/201rr1sj03g8gksxm9x48mbh0000gn/T/tmppdtw38lw']
[2026-09-05T19:15:27.569+0200] {standard_task_runner.py:105} INFO - Job 1322: Subtask wait_for_csv
[2026-09-05T19:15:27.618+0200] {logging_mixin.py:190} WARNING - /Users/swarnalidatta/Desktop/AutoQueryChatbot/.airflow-venv/lib/python3.12/site-packages/airflow/task/task_runner/standard_task_runner.py:70 DeprecationWarning: This process (pid=30030) is multi-threaded, use of fork() may lead to deadlocks in the child.
[2026-09-05T19:15:27.619+0200] {standard_task_runner.py:72} INFO - Started process 30032 to run task
[2026-09-05T19:15:27.632+0200] {task_command.py:467} INFO - Running <TaskInstance: mini_riskagent_file_ingestion.wait_for_csv scheduled__2026-09-05T17:00:00+00:00 [running]> on host mac.home
[2026-09-05T19:15:27.647+0200] {taskinstance.py:3134} INFO - Exporting env vars: AIRFLOW_CTX_DAG_OWNER='autoquery' AIRFLOW_CTX_DAG_ID='mini_riskagent_file_ingestion' AIRFLOW_CTX_TASK_ID='wait_for_csv' AIRFLOW_CTX_EXECUTION_DATE='2026-09-05T17:00:00+00:00' AIRFLOW_CTX_TRY_NUMBER='1' AIRFLOW_CTX_DAG_RUN_ID='scheduled__2026-09-05T17:00:00+00:00'
[2026-09-05T19:15:27.647+0200] {logging_mixin.py:190} INFO - Task instance is in running state
[2026-09-05T19:15:27.648+0200] {logging_mixin.py:190} INFO -  Previous state of the Task instance: queued
[2026-09-05T19:15:27.648+0200] {logging_mixin.py:190} INFO - Current task name:wait_for_csv state:running start_date:2026-09-05 17:15:27.558932+00:00
[2026-09-05T19:15:27.648+0200] {logging_mixin.py:190} INFO - Dag name:mini_riskagent_file_ingestion and current dag run status:running
[2026-09-05T19:15:27.648+0200] {taskinstance.py:732} INFO - ::endgroup::
[2026-09-05T19:15:27.649+0200] {python.py:75} INFO - Poking callable: <function check_for_csv_files at 0x10c708c20>
[2026-09-05T19:15:27.653+0200] {taskinstance.py:310} INFO - Rescheduling task, marking task as UP_FOR_RESCHEDULE
[2026-09-05T19:15:27.653+0200] {taskinstance.py:341} INFO - ::group::Post task execution logs
[2026-09-05T19:15:27.674+0200] {local_task_job_runner.py:266} INFO - Task exited with return code 0
[2026-09-05T19:15:27.679+0200] {taskinstance.py:3901} INFO - 0 downstream tasks scheduled from follow-on schedule check
[2026-09-05T19:15:27.679+0200] {local_task_job_runner.py:245} INFO - ::endgroup::
[2026-09-05T19:15:59.287+0200] {local_task_job_runner.py:123} INFO - ::group::Pre task execution logs
[2026-09-05T19:15:59.290+0200] {taskinstance.py:2614} INFO - Dependencies all met for dep_context=non-requeueable deps ti=<TaskInstance: mini_riskagent_file_ingestion.wait_for_csv scheduled__2026-09-05T17:00:00+00:00 [queued]>
[2026-09-05T19:15:59.292+0200] {taskinstance.py:2614} INFO - Dependencies all met for dep_context=requeueable deps ti=<TaskInstance: mini_riskagent_file_ingestion.wait_for_csv scheduled__2026-09-05T17:00:00+00:00 [queued]>
[2026-09-05T19:15:59.292+0200] {taskinstance.py:2867} INFO - Starting attempt 1 of 2
[2026-09-05T19:15:59.295+0200] {taskinstance.py:2890} INFO - Executing <Task(PythonSensor): wait_for_csv> on 2026-09-05 17:00:00+00:00
[2026-09-05T19:15:59.300+0200] {standard_task_runner.py:104} INFO - Running: ['airflow', 'tasks', 'run', 'mini_riskagent_file_ingestion', 'wait_for_csv', 'scheduled__2026-09-05T17:00:00+00:00', '--job-id', '1338', '--raw', '--subdir', 'DAGS_FOLDER/data_ingest_pipeline.py', '--cfg-path', '/var/folders/5p/201rr1sj03g8gksxm9x48mbh0000gn/T/tmpdqd5ukd3']
[2026-09-05T19:15:59.300+0200] {standard_task_runner.py:105} INFO - Job 1338: Subtask wait_for_csv
[2026-09-05T19:15:59.352+0200] {logging_mixin.py:190} WARNING - /Users/swarnalidatta/Desktop/AutoQueryChatbot/.airflow-venv/lib/python3.12/site-packages/airflow/task/task_runner/standard_task_runner.py:70 DeprecationWarning: This process (pid=30139) is multi-threaded, use of fork() may lead to deadlocks in the child.
[2026-09-05T19:15:59.352+0200] {standard_task_runner.py:72} INFO - Started process 30145 to run task
[2026-09-05T19:15:59.362+0200] {task_command.py:467} INFO - Running <TaskInstance: mini_riskagent_file_ingestion.wait_for_csv scheduled__2026-09-05T17:00:00+00:00 [running]> on host mac.home
[2026-09-05T19:15:59.377+0200] {taskinstance.py:3134} INFO - Exporting env vars: AIRFLOW_CTX_DAG_OWNER='autoquery' AIRFLOW_CTX_DAG_ID='mini_riskagent_file_ingestion' AIRFLOW_CTX_TASK_ID='wait_for_csv' AIRFLOW_CTX_EXECUTION_DATE='2026-09-05T17:00:00+00:00' AIRFLOW_CTX_TRY_NUMBER='1' AIRFLOW_CTX_DAG_RUN_ID='scheduled__2026-09-05T17:00:00+00:00'
[2026-09-05T19:15:59.378+0200] {logging_mixin.py:190} INFO - Task instance is in running state
[2026-09-05T19:15:59.378+0200] {logging_mixin.py:190} INFO -  Previous state of the Task instance: queued
[2026-09-05T19:15:59.378+0200] {logging_mixin.py:190} INFO - Current task name:wait_for_csv state:running start_date:2026-09-05 17:15:59.290737+00:00
[2026-09-05T19:15:59.378+0200] {logging_mixin.py:190} INFO - Dag name:mini_riskagent_file_ingestion and current dag run status:running
[2026-09-05T19:15:59.378+0200] {taskinstance.py:732} INFO - ::endgroup::
[2026-09-05T19:15:59.380+0200] {python.py:75} INFO - Poking callable: <function check_for_csv_files at 0x10cb70c20>
[2026-09-05T19:15:59.383+0200] {taskinstance.py:310} INFO - Rescheduling task, marking task as UP_FOR_RESCHEDULE
[2026-09-05T19:15:59.383+0200] {taskinstance.py:341} INFO - ::group::Post task execution logs
[2026-09-05T19:15:59.408+0200] {local_task_job_runner.py:266} INFO - Task exited with return code 0
[2026-09-05T19:15:59.412+0200] {taskinstance.py:3901} INFO - 0 downstream tasks scheduled from follow-on schedule check
[2026-09-05T19:15:59.413+0200] {local_task_job_runner.py:245} INFO - ::endgroup::
[2026-09-05T19:16:31.068+0200] {local_task_job_runner.py:123} INFO - ::group::Pre task execution logs
[2026-09-05T19:16:31.071+0200] {taskinstance.py:2614} INFO - Dependencies all met for dep_context=non-requeueable deps ti=<TaskInstance: mini_riskagent_file_ingestion.wait_for_csv scheduled__2026-09-05T17:00:00+00:00 [queued]>
[2026-09-05T19:16:31.072+0200] {taskinstance.py:2614} INFO - Dependencies all met for dep_context=requeueable deps ti=<TaskInstance: mini_riskagent_file_ingestion.wait_for_csv scheduled__2026-09-05T17:00:00+00:00 [queued]>
[2026-09-05T19:16:31.072+0200] {taskinstance.py:2867} INFO - Starting attempt 1 of 2
[2026-09-05T19:16:31.076+0200] {taskinstance.py:2890} INFO - Executing <Task(PythonSensor): wait_for_csv> on 2026-09-05 17:00:00+00:00
[2026-09-05T19:16:31.080+0200] {standard_task_runner.py:104} INFO - Running: ['airflow', 'tasks', 'run', 'mini_riskagent_file_ingestion', 'wait_for_csv', 'scheduled__2026-09-05T17:00:00+00:00', '--job-id', '1354', '--raw', '--subdir', 'DAGS_FOLDER/data_ingest_pipeline.py', '--cfg-path', '/var/folders/5p/201rr1sj03g8gksxm9x48mbh0000gn/T/tmpl2imi1gm']
[2026-09-05T19:16:31.081+0200] {standard_task_runner.py:105} INFO - Job 1354: Subtask wait_for_csv
[2026-09-05T19:16:31.129+0200] {logging_mixin.py:190} WARNING - /Users/swarnalidatta/Desktop/AutoQueryChatbot/.airflow-venv/lib/python3.12/site-packages/airflow/task/task_runner/standard_task_runner.py:70 DeprecationWarning: This process (pid=30252) is multi-threaded, use of fork() may lead to deadlocks in the child.
[2026-09-05T19:16:31.130+0200] {standard_task_runner.py:72} INFO - Started process 30254 to run task
[2026-09-05T19:16:31.143+0200] {task_command.py:467} INFO - Running <TaskInstance: mini_riskagent_file_ingestion.wait_for_csv scheduled__2026-09-05T17:00:00+00:00 [running]> on host mac.home
[2026-09-05T19:16:31.158+0200] {taskinstance.py:3134} INFO - Exporting env vars: AIRFLOW_CTX_DAG_OWNER='autoquery' AIRFLOW_CTX_DAG_ID='mini_riskagent_file_ingestion' AIRFLOW_CTX_TASK_ID='wait_for_csv' AIRFLOW_CTX_EXECUTION_DATE='2026-09-05T17:00:00+00:00' AIRFLOW_CTX_TRY_NUMBER='1' AIRFLOW_CTX_DAG_RUN_ID='scheduled__2026-09-05T17:00:00+00:00'
[2026-09-05T19:16:31.159+0200] {logging_mixin.py:190} INFO - Task instance is in running state
[2026-09-05T19:16:31.159+0200] {logging_mixin.py:190} INFO -  Previous state of the Task instance: queued
[2026-09-05T19:16:31.159+0200] {logging_mixin.py:190} INFO - Current task name:wait_for_csv state:running start_date:2026-09-05 17:16:31.071165+00:00
[2026-09-05T19:16:31.159+0200] {logging_mixin.py:190} INFO - Dag name:mini_riskagent_file_ingestion and current dag run status:running
[2026-09-05T19:16:31.159+0200] {taskinstance.py:732} INFO - ::endgroup::
[2026-09-05T19:16:31.161+0200] {python.py:75} INFO - Poking callable: <function check_for_csv_files at 0x10c010c20>
[2026-09-05T19:16:31.164+0200] {taskinstance.py:310} INFO - Rescheduling task, marking task as UP_FOR_RESCHEDULE
[2026-09-05T19:16:31.164+0200] {taskinstance.py:341} INFO - ::group::Post task execution logs
[2026-09-05T19:16:31.185+0200] {local_task_job_runner.py:266} INFO - Task exited with return code 0
[2026-09-05T19:16:31.190+0200] {taskinstance.py:3901} INFO - 0 downstream tasks scheduled from follow-on schedule check
[2026-09-05T19:16:31.190+0200] {local_task_job_runner.py:245} INFO - ::endgroup::
[2026-09-05T19:17:03.028+0200] {local_task_job_runner.py:123} INFO - ::group::Pre task execution logs
[2026-09-05T19:17:03.030+0200] {taskinstance.py:2614} INFO - Dependencies all met for dep_context=non-requeueable deps ti=<TaskInstance: mini_riskagent_file_ingestion.wait_for_csv scheduled__2026-09-05T17:00:00+00:00 [queued]>
[2026-09-05T19:17:03.032+0200] {taskinstance.py:2614} INFO - Dependencies all met for dep_context=requeueable deps ti=<TaskInstance: mini_riskagent_file_ingestion.wait_for_csv scheduled__2026-09-05T17:00:00+00:00 [queued]>
[2026-09-05T19:17:03.032+0200] {taskinstance.py:2867} INFO - Starting attempt 1 of 2
[2026-09-05T19:17:03.036+0200] {taskinstance.py:2890} INFO - Executing <Task(PythonSensor): wait_for_csv> on 2026-09-05 17:00:00+00:00
[2026-09-05T19:17:03.040+0200] {standard_task_runner.py:104} INFO - Running: ['airflow', 'tasks', 'run', 'mini_riskagent_file_ingestion', 'wait_for_csv', 'scheduled__2026-09-05T17:00:00+00:00', '--job-id', '1370', '--raw', '--subdir', 'DAGS_FOLDER/data_ingest_pipeline.py', '--cfg-path', '/var/folders/5p/201rr1sj03g8gksxm9x48mbh0000gn/T/tmpiu3a2em4']
[2026-09-05T19:17:03.041+0200] {standard_task_runner.py:105} INFO - Job 1370: Subtask wait_for_csv
[2026-09-05T19:17:03.093+0200] {logging_mixin.py:190} WARNING - /Users/swarnalidatta/Desktop/AutoQueryChatbot/.airflow-venv/lib/python3.12/site-packages/airflow/task/task_runner/standard_task_runner.py:70 DeprecationWarning: This process (pid=30371) is multi-threaded, use of fork() may lead to deadlocks in the child.
[2026-09-05T19:17:03.094+0200] {standard_task_runner.py:72} INFO - Started process 30374 to run task
[2026-09-05T19:17:03.105+0200] {task_command.py:467} INFO - Running <TaskInstance: mini_riskagent_file_ingestion.wait_for_csv scheduled__2026-09-05T17:00:00+00:00 [running]> on host mac.home
[2026-09-05T19:17:03.123+0200] {taskinstance.py:3134} INFO - Exporting env vars: AIRFLOW_CTX_DAG_OWNER='autoquery' AIRFLOW_CTX_DAG_ID='mini_riskagent_file_ingestion' AIRFLOW_CTX_TASK_ID='wait_for_csv' AIRFLOW_CTX_EXECUTION_DATE='2026-09-05T17:00:00+00:00' AIRFLOW_CTX_TRY_NUMBER='1' AIRFLOW_CTX_DAG_RUN_ID='scheduled__2026-09-05T17:00:00+00:00'
[2026-09-05T19:17:03.124+0200] {logging_mixin.py:190} INFO - Task instance is in running state
[2026-09-05T19:17:03.124+0200] {logging_mixin.py:190} INFO -  Previous state of the Task instance: queued
[2026-09-05T19:17:03.124+0200] {logging_mixin.py:190} INFO - Current task name:wait_for_csv state:running start_date:2026-09-05 17:17:03.031026+00:00
[2026-09-05T19:17:03.125+0200] {logging_mixin.py:190} INFO - Dag name:mini_riskagent_file_ingestion and current dag run status:running
[2026-09-05T19:17:03.125+0200] {taskinstance.py:732} INFO - ::endgroup::
[2026-09-05T19:17:03.126+0200] {python.py:75} INFO - Poking callable: <function check_for_csv_files at 0x108b54c20>
[2026-09-05T19:17:03.130+0200] {taskinstance.py:310} INFO - Rescheduling task, marking task as UP_FOR_RESCHEDULE
[2026-09-05T19:17:03.130+0200] {taskinstance.py:341} INFO - ::group::Post task execution logs
[2026-09-05T19:17:03.149+0200] {local_task_job_runner.py:266} INFO - Task exited with return code 0
[2026-09-05T19:17:03.154+0200] {taskinstance.py:3901} INFO - 0 downstream tasks scheduled from follow-on schedule check
[2026-09-05T19:17:03.154+0200] {local_task_job_runner.py:245} INFO - ::endgroup::
[2026-09-05T19:17:34.904+0200] {local_task_job_runner.py:123} INFO - ::group::Pre task execution logs
[2026-09-05T19:17:34.907+0200] {taskinstance.py:2614} INFO - Dependencies all met for dep_context=non-requeueable deps ti=<TaskInstance: mini_riskagent_file_ingestion.wait_for_csv scheduled__2026-09-05T17:00:00+00:00 [queued]>
[2026-09-05T19:17:34.908+0200] {taskinstance.py:2614} INFO - Dependencies all met for dep_context=requeueable deps ti=<TaskInstance: mini_riskagent_file_ingestion.wait_for_csv scheduled__2026-09-05T17:00:00+00:00 [queued]>
[2026-09-05T19:17:34.909+0200] {taskinstance.py:2867} INFO - Starting attempt 1 of 2
[2026-09-05T19:17:34.912+0200] {taskinstance.py:2890} INFO - Executing <Task(PythonSensor): wait_for_csv> on 2026-09-05 17:00:00+00:00
[2026-09-05T19:17:34.917+0200] {standard_task_runner.py:104} INFO - Running: ['airflow', 'tasks', 'run', 'mini_riskagent_file_ingestion', 'wait_for_csv', 'scheduled__2026-09-05T17:00:00+00:00', '--job-id', '1386', '--raw', '--subdir', 'DAGS_FOLDER/data_ingest_pipeline.py', '--cfg-path', '/var/folders/5p/201rr1sj03g8gksxm9x48mbh0000gn/T/tmpc01eilre']
[2026-09-05T19:17:34.918+0200] {standard_task_runner.py:105} INFO - Job 1386: Subtask wait_for_csv
[2026-09-05T19:17:34.969+0200] {logging_mixin.py:190} WARNING - /Users/swarnalidatta/Desktop/AutoQueryChatbot/.airflow-venv/lib/python3.12/site-packages/airflow/task/task_runner/standard_task_runner.py:70 DeprecationWarning: This process (pid=30500) is multi-threaded, use of fork() may lead to deadlocks in the child.
[2026-09-05T19:17:34.969+0200] {standard_task_runner.py:72} INFO - Started process 30502 to run task
[2026-09-05T19:17:34.980+0200] {task_command.py:467} INFO - Running <TaskInstance: mini_riskagent_file_ingestion.wait_for_csv scheduled__2026-09-05T17:00:00+00:00 [running]> on host mac.home
[2026-09-05T19:17:34.996+0200] {taskinstance.py:3134} INFO - Exporting env vars: AIRFLOW_CTX_DAG_OWNER='autoquery' AIRFLOW_CTX_DAG_ID='mini_riskagent_file_ingestion' AIRFLOW_CTX_TASK_ID='wait_for_csv' AIRFLOW_CTX_EXECUTION_DATE='2026-09-05T17:00:00+00:00' AIRFLOW_CTX_TRY_NUMBER='1' AIRFLOW_CTX_DAG_RUN_ID='scheduled__2026-09-05T17:00:00+00:00'
[2026-09-05T19:17:34.996+0200] {logging_mixin.py:190} INFO - Task instance is in running state
[2026-09-05T19:17:34.996+0200] {logging_mixin.py:190} INFO -  Previous state of the Task instance: queued
[2026-09-05T19:17:34.996+0200] {logging_mixin.py:190} INFO - Current task name:wait_for_csv state:running start_date:2026-09-05 17:17:34.907599+00:00
[2026-09-05T19:17:34.996+0200] {logging_mixin.py:190} INFO - Dag name:mini_riskagent_file_ingestion and current dag run status:running
[2026-09-05T19:17:34.997+0200] {taskinstance.py:732} INFO - ::endgroup::
[2026-09-05T19:17:34.998+0200] {python.py:75} INFO - Poking callable: <function check_for_csv_files at 0x10c3e8c20>
[2026-09-05T19:17:35.001+0200] {taskinstance.py:310} INFO - Rescheduling task, marking task as UP_FOR_RESCHEDULE
[2026-09-05T19:17:35.001+0200] {taskinstance.py:341} INFO - ::group::Post task execution logs
[2026-09-05T19:17:35.025+0200] {local_task_job_runner.py:266} INFO - Task exited with return code 0
[2026-09-05T19:17:35.030+0200] {taskinstance.py:3901} INFO - 0 downstream tasks scheduled from follow-on schedule check
[2026-09-05T19:17:35.030+0200] {local_task_job_runner.py:245} INFO - ::endgroup::
[2026-09-05T19:18:07.236+0200] {local_task_job_runner.py:123} INFO - ::group::Pre task execution logs
[2026-09-05T19:18:07.238+0200] {taskinstance.py:2614} INFO - Dependencies all met for dep_context=non-requeueable deps ti=<TaskInstance: mini_riskagent_file_ingestion.wait_for_csv scheduled__2026-09-05T17:00:00+00:00 [queued]>
[2026-09-05T19:18:07.240+0200] {taskinstance.py:2614} INFO - Dependencies all met for dep_context=requeueable deps ti=<TaskInstance: mini_riskagent_file_ingestion.wait_for_csv scheduled__2026-09-05T17:00:00+00:00 [queued]>
[2026-09-05T19:18:07.240+0200] {taskinstance.py:2867} INFO - Starting attempt 1 of 2
[2026-09-05T19:18:07.243+0200] {taskinstance.py:2890} INFO - Executing <Task(PythonSensor): wait_for_csv> on 2026-09-05 17:00:00+00:00
[2026-09-05T19:18:07.248+0200] {standard_task_runner.py:104} INFO - Running: ['airflow', 'tasks', 'run', 'mini_riskagent_file_ingestion', 'wait_for_csv', 'scheduled__2026-09-05T17:00:00+00:00', '--job-id', '1403', '--raw', '--subdir', 'DAGS_FOLDER/data_ingest_pipeline.py', '--cfg-path', '/var/folders/5p/201rr1sj03g8gksxm9x48mbh0000gn/T/tmp23xwwtk5']
[2026-09-05T19:18:07.249+0200] {standard_task_runner.py:105} INFO - Job 1403: Subtask wait_for_csv
[2026-09-05T19:18:07.301+0200] {logging_mixin.py:190} WARNING - /Users/swarnalidatta/Desktop/AutoQueryChatbot/.airflow-venv/lib/python3.12/site-packages/airflow/task/task_runner/standard_task_runner.py:70 DeprecationWarning: This process (pid=30621) is multi-threaded, use of fork() may lead to deadlocks in the child.
[2026-09-05T19:18:07.301+0200] {standard_task_runner.py:72} INFO - Started process 30623 to run task
[2026-09-05T19:18:07.314+0200] {task_command.py:467} INFO - Running <TaskInstance: mini_riskagent_file_ingestion.wait_for_csv scheduled__2026-09-05T17:00:00+00:00 [running]> on host mac.home
[2026-09-05T19:18:07.330+0200] {taskinstance.py:3134} INFO - Exporting env vars: AIRFLOW_CTX_DAG_OWNER='autoquery' AIRFLOW_CTX_DAG_ID='mini_riskagent_file_ingestion' AIRFLOW_CTX_TASK_ID='wait_for_csv' AIRFLOW_CTX_EXECUTION_DATE='2026-09-05T17:00:00+00:00' AIRFLOW_CTX_TRY_NUMBER='1' AIRFLOW_CTX_DAG_RUN_ID='scheduled__2026-09-05T17:00:00+00:00'
[2026-09-05T19:18:07.330+0200] {logging_mixin.py:190} INFO - Task instance is in running state
[2026-09-05T19:18:07.330+0200] {logging_mixin.py:190} INFO -  Previous state of the Task instance: queued
[2026-09-05T19:18:07.330+0200] {logging_mixin.py:190} INFO - Current task name:wait_for_csv state:running start_date:2026-09-05 17:18:07.238867+00:00
[2026-09-05T19:18:07.331+0200] {logging_mixin.py:190} INFO - Dag name:mini_riskagent_file_ingestion and current dag run status:running
[2026-09-05T19:18:07.331+0200] {taskinstance.py:732} INFO - ::endgroup::
[2026-09-05T19:18:07.332+0200] {python.py:75} INFO - Poking callable: <function check_for_csv_files at 0x10c164c20>
[2026-09-05T19:18:07.335+0200] {taskinstance.py:310} INFO - Rescheduling task, marking task as UP_FOR_RESCHEDULE
[2026-09-05T19:18:07.336+0200] {taskinstance.py:341} INFO - ::group::Post task execution logs
[2026-09-05T19:18:07.356+0200] {local_task_job_runner.py:266} INFO - Task exited with return code 0
[2026-09-05T19:18:07.361+0200] {taskinstance.py:3901} INFO - 0 downstream tasks scheduled from follow-on schedule check
[2026-09-05T19:18:07.361+0200] {local_task_job_runner.py:245} INFO - ::endgroup::
[2026-09-05T19:18:39.298+0200] {local_task_job_runner.py:123} INFO - ::group::Pre task execution logs
[2026-09-05T19:18:39.301+0200] {taskinstance.py:2614} INFO - Dependencies all met for dep_context=non-requeueable deps ti=<TaskInstance: mini_riskagent_file_ingestion.wait_for_csv scheduled__2026-09-05T17:00:00+00:00 [queued]>
[2026-09-05T19:18:39.303+0200] {taskinstance.py:2614} INFO - Dependencies all met for dep_context=requeueable deps ti=<TaskInstance: mini_riskagent_file_ingestion.wait_for_csv scheduled__2026-09-05T17:00:00+00:00 [queued]>
[2026-09-05T19:18:39.303+0200] {taskinstance.py:2867} INFO - Starting attempt 1 of 2
[2026-09-05T19:18:39.307+0200] {taskinstance.py:2890} INFO - Executing <Task(PythonSensor): wait_for_csv> on 2026-09-05 17:00:00+00:00
[2026-09-05T19:18:39.311+0200] {standard_task_runner.py:104} INFO - Running: ['airflow', 'tasks', 'run', 'mini_riskagent_file_ingestion', 'wait_for_csv', 'scheduled__2026-09-05T17:00:00+00:00', '--job-id', '1419', '--raw', '--subdir', 'DAGS_FOLDER/data_ingest_pipeline.py', '--cfg-path', '/var/folders/5p/201rr1sj03g8gksxm9x48mbh0000gn/T/tmp2_np2cxg']
[2026-09-05T19:18:39.312+0200] {standard_task_runner.py:105} INFO - Job 1419: Subtask wait_for_csv
[2026-09-05T19:18:39.363+0200] {logging_mixin.py:190} WARNING - /Users/swarnalidatta/Desktop/AutoQueryChatbot/.airflow-venv/lib/python3.12/site-packages/airflow/task/task_runner/standard_task_runner.py:70 DeprecationWarning: This process (pid=30731) is multi-threaded, use of fork() may lead to deadlocks in the child.
[2026-09-05T19:18:39.364+0200] {standard_task_runner.py:72} INFO - Started process 30733 to run task
[2026-09-05T19:18:39.376+0200] {task_command.py:467} INFO - Running <TaskInstance: mini_riskagent_file_ingestion.wait_for_csv scheduled__2026-09-05T17:00:00+00:00 [running]> on host mac.home
[2026-09-05T19:18:39.393+0200] {taskinstance.py:3134} INFO - Exporting env vars: AIRFLOW_CTX_DAG_OWNER='autoquery' AIRFLOW_CTX_DAG_ID='mini_riskagent_file_ingestion' AIRFLOW_CTX_TASK_ID='wait_for_csv' AIRFLOW_CTX_EXECUTION_DATE='2026-09-05T17:00:00+00:00' AIRFLOW_CTX_TRY_NUMBER='1' AIRFLOW_CTX_DAG_RUN_ID='scheduled__2026-09-05T17:00:00+00:00'
[2026-09-05T19:18:39.393+0200] {logging_mixin.py:190} INFO - Task instance is in running state
[2026-09-05T19:18:39.393+0200] {logging_mixin.py:190} INFO -  Previous state of the Task instance: queued
[2026-09-05T19:18:39.394+0200] {logging_mixin.py:190} INFO - Current task name:wait_for_csv state:running start_date:2026-09-05 17:18:39.301816+00:00
[2026-09-05T19:18:39.394+0200] {logging_mixin.py:190} INFO - Dag name:mini_riskagent_file_ingestion and current dag run status:running
[2026-09-05T19:18:39.394+0200] {taskinstance.py:732} INFO - ::endgroup::
[2026-09-05T19:18:39.395+0200] {python.py:75} INFO - Poking callable: <function check_for_csv_files at 0x107f04c20>
[2026-09-05T19:18:39.398+0200] {taskinstance.py:310} INFO - Rescheduling task, marking task as UP_FOR_RESCHEDULE
[2026-09-05T19:18:39.399+0200] {taskinstance.py:341} INFO - ::group::Post task execution logs
[2026-09-05T19:18:39.419+0200] {local_task_job_runner.py:266} INFO - Task exited with return code 0
[2026-09-05T19:18:39.424+0200] {taskinstance.py:3901} INFO - 0 downstream tasks scheduled from follow-on schedule check
[2026-09-05T19:18:39.424+0200] {local_task_job_runner.py:245} INFO - ::endgroup::
[2026-09-05T19:19:11.486+0200] {local_task_job_runner.py:123} INFO - ::group::Pre task execution logs
[2026-09-05T19:19:11.489+0200] {taskinstance.py:2614} INFO - Dependencies all met for dep_context=non-requeueable deps ti=<TaskInstance: mini_riskagent_file_ingestion.wait_for_csv scheduled__2026-09-05T17:00:00+00:00 [queued]>
[2026-09-05T19:19:11.490+0200] {taskinstance.py:2614} INFO - Dependencies all met for dep_context=requeueable deps ti=<TaskInstance: mini_riskagent_file_ingestion.wait_for_csv scheduled__2026-09-05T17:00:00+00:00 [queued]>
[2026-09-05T19:19:11.490+0200] {taskinstance.py:2867} INFO - Starting attempt 1 of 2
[2026-09-05T19:19:11.494+0200] {taskinstance.py:2890} INFO - Executing <Task(PythonSensor): wait_for_csv> on 2026-09-05 17:00:00+00:00
[2026-09-05T19:19:11.498+0200] {standard_task_runner.py:104} INFO - Running: ['airflow', 'tasks', 'run', 'mini_riskagent_file_ingestion', 'wait_for_csv', 'scheduled__2026-09-05T17:00:00+00:00', '--job-id', '1435', '--raw', '--subdir', 'DAGS_FOLDER/data_ingest_pipeline.py', '--cfg-path', '/var/folders/5p/201rr1sj03g8gksxm9x48mbh0000gn/T/tmpepqyjblt']
[2026-09-05T19:19:11.499+0200] {standard_task_runner.py:105} INFO - Job 1435: Subtask wait_for_csv
[2026-09-05T19:19:11.550+0200] {logging_mixin.py:190} WARNING - /Users/swarnalidatta/Desktop/AutoQueryChatbot/.airflow-venv/lib/python3.12/site-packages/airflow/task/task_runner/standard_task_runner.py:70 DeprecationWarning: This process (pid=30842) is multi-threaded, use of fork() may lead to deadlocks in the child.
[2026-09-05T19:19:11.550+0200] {standard_task_runner.py:72} INFO - Started process 30848 to run task
[2026-09-05T19:19:11.562+0200] {task_command.py:467} INFO - Running <TaskInstance: mini_riskagent_file_ingestion.wait_for_csv scheduled__2026-09-05T17:00:00+00:00 [running]> on host mac.home
[2026-09-05T19:19:11.577+0200] {taskinstance.py:3134} INFO - Exporting env vars: AIRFLOW_CTX_DAG_OWNER='autoquery' AIRFLOW_CTX_DAG_ID='mini_riskagent_file_ingestion' AIRFLOW_CTX_TASK_ID='wait_for_csv' AIRFLOW_CTX_EXECUTION_DATE='2026-09-05T17:00:00+00:00' AIRFLOW_CTX_TRY_NUMBER='1' AIRFLOW_CTX_DAG_RUN_ID='scheduled__2026-09-05T17:00:00+00:00'
[2026-09-05T19:19:11.578+0200] {logging_mixin.py:190} INFO - Task instance is in running state
[2026-09-05T19:19:11.578+0200] {logging_mixin.py:190} INFO -  Previous state of the Task instance: queued
[2026-09-05T19:19:11.578+0200] {logging_mixin.py:190} INFO - Current task name:wait_for_csv state:running start_date:2026-09-05 17:19:11.489406+00:00
[2026-09-05T19:19:11.578+0200] {logging_mixin.py:190} INFO - Dag name:mini_riskagent_file_ingestion and current dag run status:running
[2026-09-05T19:19:11.578+0200] {taskinstance.py:732} INFO - ::endgroup::
[2026-09-05T19:19:11.580+0200] {python.py:75} INFO - Poking callable: <function check_for_csv_files at 0x1105d0c20>
[2026-09-05T19:19:11.583+0200] {taskinstance.py:310} INFO - Rescheduling task, marking task as UP_FOR_RESCHEDULE
[2026-09-05T19:19:11.583+0200] {taskinstance.py:341} INFO - ::group::Post task execution logs
[2026-09-05T19:19:11.605+0200] {local_task_job_runner.py:266} INFO - Task exited with return code 0
[2026-09-05T19:19:11.610+0200] {taskinstance.py:3901} INFO - 0 downstream tasks scheduled from follow-on schedule check
[2026-09-05T19:19:11.610+0200] {local_task_job_runner.py:245} INFO - ::endgroup::
[2026-09-05T19:19:42.599+0200] {local_task_job_runner.py:123} INFO - ::group::Pre task execution logs
[2026-09-05T19:19:42.602+0200] {taskinstance.py:2614} INFO - Dependencies all met for dep_context=non-requeueable deps ti=<TaskInstance: mini_riskagent_file_ingestion.wait_for_csv scheduled__2026-09-05T17:00:00+00:00 [queued]>
[2026-09-05T19:19:42.603+0200] {taskinstance.py:2614} INFO - Dependencies all met for dep_context=requeueable deps ti=<TaskInstance: mini_riskagent_file_ingestion.wait_for_csv scheduled__2026-09-05T17:00:00+00:00 [queued]>
[2026-09-05T19:19:42.604+0200] {taskinstance.py:2867} INFO - Starting attempt 1 of 2
[2026-09-05T19:19:42.607+0200] {taskinstance.py:2890} INFO - Executing <Task(PythonSensor): wait_for_csv> on 2026-09-05 17:00:00+00:00
[2026-09-05T19:19:42.611+0200] {standard_task_runner.py:104} INFO - Running: ['airflow', 'tasks', 'run', 'mini_riskagent_file_ingestion', 'wait_for_csv', 'scheduled__2026-09-05T17:00:00+00:00', '--job-id', '1449', '--raw', '--subdir', 'DAGS_FOLDER/data_ingest_pipeline.py', '--cfg-path', '/var/folders/5p/201rr1sj03g8gksxm9x48mbh0000gn/T/tmphhvmcmx_']
[2026-09-05T19:19:42.612+0200] {standard_task_runner.py:105} INFO - Job 1449: Subtask wait_for_csv
[2026-09-05T19:19:42.662+0200] {logging_mixin.py:190} WARNING - /Users/swarnalidatta/Desktop/AutoQueryChatbot/.airflow-venv/lib/python3.12/site-packages/airflow/task/task_runner/standard_task_runner.py:70 DeprecationWarning: This process (pid=30952) is multi-threaded, use of fork() may lead to deadlocks in the child.
[2026-09-05T19:19:42.662+0200] {standard_task_runner.py:72} INFO - Started process 30954 to run task
[2026-09-05T19:19:42.674+0200] {task_command.py:467} INFO - Running <TaskInstance: mini_riskagent_file_ingestion.wait_for_csv scheduled__2026-09-05T17:00:00+00:00 [running]> on host mac.home
[2026-09-05T19:19:42.690+0200] {taskinstance.py:3134} INFO - Exporting env vars: AIRFLOW_CTX_DAG_OWNER='autoquery' AIRFLOW_CTX_DAG_ID='mini_riskagent_file_ingestion' AIRFLOW_CTX_TASK_ID='wait_for_csv' AIRFLOW_CTX_EXECUTION_DATE='2026-09-05T17:00:00+00:00' AIRFLOW_CTX_TRY_NUMBER='1' AIRFLOW_CTX_DAG_RUN_ID='scheduled__2026-09-05T17:00:00+00:00'
[2026-09-05T19:19:42.691+0200] {logging_mixin.py:190} INFO - Task instance is in running state
[2026-09-05T19:19:42.691+0200] {logging_mixin.py:190} INFO -  Previous state of the Task instance: queued
[2026-09-05T19:19:42.691+0200] {logging_mixin.py:190} INFO - Current task name:wait_for_csv state:running start_date:2026-09-05 17:19:42.602632+00:00
[2026-09-05T19:19:42.691+0200] {logging_mixin.py:190} INFO - Dag name:mini_riskagent_file_ingestion and current dag run status:running
[2026-09-05T19:19:42.691+0200] {taskinstance.py:732} INFO - ::endgroup::
[2026-09-05T19:19:42.693+0200] {python.py:75} INFO - Poking callable: <function check_for_csv_files at 0x10c348c20>
[2026-09-05T19:19:42.696+0200] {taskinstance.py:310} INFO - Rescheduling task, marking task as UP_FOR_RESCHEDULE
[2026-09-05T19:19:42.696+0200] {taskinstance.py:341} INFO - ::group::Post task execution logs
[2026-09-05T19:19:42.717+0200] {local_task_job_runner.py:266} INFO - Task exited with return code 0
[2026-09-05T19:19:42.722+0200] {taskinstance.py:3901} INFO - 0 downstream tasks scheduled from follow-on schedule check
[2026-09-05T19:19:42.722+0200] {local_task_job_runner.py:245} INFO - ::endgroup::
[2026-09-05T19:20:15.039+0200] {local_task_job_runner.py:123} INFO - ::group::Pre task execution logs
[2026-09-05T19:20:15.041+0200] {taskinstance.py:2614} INFO - Dependencies all met for dep_context=non-requeueable deps ti=<TaskInstance: mini_riskagent_file_ingestion.wait_for_csv scheduled__2026-09-05T17:00:00+00:00 [queued]>
[2026-09-05T19:20:15.043+0200] {taskinstance.py:2614} INFO - Dependencies all met for dep_context=requeueable deps ti=<TaskInstance: mini_riskagent_file_ingestion.wait_for_csv scheduled__2026-09-05T17:00:00+00:00 [queued]>
[2026-09-05T19:20:15.043+0200] {taskinstance.py:2867} INFO - Starting attempt 1 of 2
[2026-09-05T19:20:15.047+0200] {taskinstance.py:2890} INFO - Executing <Task(PythonSensor): wait_for_csv> on 2026-09-05 17:00:00+00:00
[2026-09-05T19:20:15.051+0200] {standard_task_runner.py:104} INFO - Running: ['airflow', 'tasks', 'run', 'mini_riskagent_file_ingestion', 'wait_for_csv', 'scheduled__2026-09-05T17:00:00+00:00', '--job-id', '1464', '--raw', '--subdir', 'DAGS_FOLDER/data_ingest_pipeline.py', '--cfg-path', '/var/folders/5p/201rr1sj03g8gksxm9x48mbh0000gn/T/tmpqp4ty107']
[2026-09-05T19:20:15.052+0200] {standard_task_runner.py:105} INFO - Job 1464: Subtask wait_for_csv
[2026-09-05T19:20:15.102+0200] {logging_mixin.py:190} WARNING - /Users/swarnalidatta/Desktop/AutoQueryChatbot/.airflow-venv/lib/python3.12/site-packages/airflow/task/task_runner/standard_task_runner.py:70 DeprecationWarning: This process (pid=31057) is multi-threaded, use of fork() may lead to deadlocks in the child.
[2026-09-05T19:20:15.102+0200] {standard_task_runner.py:72} INFO - Started process 31059 to run task
[2026-09-05T19:20:15.113+0200] {task_command.py:467} INFO - Running <TaskInstance: mini_riskagent_file_ingestion.wait_for_csv scheduled__2026-09-05T17:00:00+00:00 [running]> on host mac.home
[2026-09-05T19:20:15.128+0200] {taskinstance.py:3134} INFO - Exporting env vars: AIRFLOW_CTX_DAG_OWNER='autoquery' AIRFLOW_CTX_DAG_ID='mini_riskagent_file_ingestion' AIRFLOW_CTX_TASK_ID='wait_for_csv' AIRFLOW_CTX_EXECUTION_DATE='2026-09-05T17:00:00+00:00' AIRFLOW_CTX_TRY_NUMBER='1' AIRFLOW_CTX_DAG_RUN_ID='scheduled__2026-09-05T17:00:00+00:00'
[2026-09-05T19:20:15.128+0200] {logging_mixin.py:190} INFO - Task instance is in running state
[2026-09-05T19:20:15.128+0200] {logging_mixin.py:190} INFO -  Previous state of the Task instance: queued
[2026-09-05T19:20:15.128+0200] {logging_mixin.py:190} INFO - Current task name:wait_for_csv state:running start_date:2026-09-05 17:20:15.041912+00:00
[2026-09-05T19:20:15.129+0200] {logging_mixin.py:190} INFO - Dag name:mini_riskagent_file_ingestion and current dag run status:running
[2026-09-05T19:20:15.129+0200] {taskinstance.py:732} INFO - ::endgroup::
[2026-09-05T19:20:15.130+0200] {python.py:75} INFO - Poking callable: <function check_for_csv_files at 0x10c8c4c20>
[2026-09-05T19:20:15.133+0200] {taskinstance.py:310} INFO - Rescheduling task, marking task as UP_FOR_RESCHEDULE
[2026-09-05T19:20:15.134+0200] {taskinstance.py:341} INFO - ::group::Post task execution logs
[2026-09-05T19:20:15.157+0200] {local_task_job_runner.py:266} INFO - Task exited with return code 0
[2026-09-05T19:20:15.162+0200] {taskinstance.py:3901} INFO - 0 downstream tasks scheduled from follow-on schedule check
[2026-09-05T19:20:15.163+0200] {local_task_job_runner.py:245} INFO - ::endgroup::
[2026-09-05T19:29:30.640+0200] {local_task_job_runner.py:123} INFO - ::group::Pre task execution logs
[2026-09-05T19:29:30.643+0200] {taskinstance.py:2614} INFO - Dependencies all met for dep_context=non-requeueable deps ti=<TaskInstance: mini_riskagent_file_ingestion.wait_for_csv scheduled__2026-09-05T17:00:00+00:00 [queued]>
[2026-09-05T19:29:30.644+0200] {taskinstance.py:2614} INFO - Dependencies all met for dep_context=requeueable deps ti=<TaskInstance: mini_riskagent_file_ingestion.wait_for_csv scheduled__2026-09-05T17:00:00+00:00 [queued]>
[2026-09-05T19:29:30.644+0200] {taskinstance.py:2867} INFO - Starting attempt 1 of 2
[2026-09-05T19:29:30.648+0200] {taskinstance.py:2890} INFO - Executing <Task(PythonSensor): wait_for_csv> on 2026-09-05 17:00:00+00:00
[2026-09-05T19:29:30.652+0200] {standard_task_runner.py:104} INFO - Running: ['airflow', 'tasks', 'run', 'mini_riskagent_file_ingestion', 'wait_for_csv', 'scheduled__2026-09-05T17:00:00+00:00', '--job-id', '1489', '--raw', '--subdir', 'DAGS_FOLDER/data_ingest_pipeline.py', '--cfg-path', '/var/folders/5p/201rr1sj03g8gksxm9x48mbh0000gn/T/tmp36sp3yl_']
[2026-09-05T19:29:30.653+0200] {standard_task_runner.py:105} INFO - Job 1489: Subtask wait_for_csv
[2026-09-05T19:29:30.703+0200] {logging_mixin.py:190} WARNING - /Users/swarnalidatta/Desktop/AutoQueryChatbot/.airflow-venv/lib/python3.12/site-packages/airflow/task/task_runner/standard_task_runner.py:70 DeprecationWarning: This process (pid=31203) is multi-threaded, use of fork() may lead to deadlocks in the child.
[2026-09-05T19:29:30.703+0200] {standard_task_runner.py:72} INFO - Started process 31205 to run task
[2026-09-05T19:29:30.714+0200] {task_command.py:467} INFO - Running <TaskInstance: mini_riskagent_file_ingestion.wait_for_csv scheduled__2026-09-05T17:00:00+00:00 [running]> on host mac.home
[2026-09-05T19:29:30.729+0200] {taskinstance.py:3134} INFO - Exporting env vars: AIRFLOW_CTX_DAG_OWNER='autoquery' AIRFLOW_CTX_DAG_ID='mini_riskagent_file_ingestion' AIRFLOW_CTX_TASK_ID='wait_for_csv' AIRFLOW_CTX_EXECUTION_DATE='2026-09-05T17:00:00+00:00' AIRFLOW_CTX_TRY_NUMBER='1' AIRFLOW_CTX_DAG_RUN_ID='scheduled__2026-09-05T17:00:00+00:00'
[2026-09-05T19:29:30.729+0200] {logging_mixin.py:190} INFO - Task instance is in running state
[2026-09-05T19:29:30.729+0200] {logging_mixin.py:190} INFO -  Previous state of the Task instance: queued
[2026-09-05T19:29:30.730+0200] {logging_mixin.py:190} INFO - Current task name:wait_for_csv state:running start_date:2026-09-05 17:29:30.643594+00:00
[2026-09-05T19:29:30.730+0200] {logging_mixin.py:190} INFO - Dag name:mini_riskagent_file_ingestion and current dag run status:running
[2026-09-05T19:29:30.730+0200] {taskinstance.py:732} INFO - ::endgroup::
[2026-09-05T19:29:30.731+0200] {python.py:75} INFO - Poking callable: <function check_for_csv_files at 0x10c31cc20>
[2026-09-05T19:29:30.734+0200] {taskinstance.py:310} INFO - Rescheduling task, marking task as UP_FOR_RESCHEDULE
[2026-09-05T19:29:30.734+0200] {taskinstance.py:341} INFO - ::group::Post task execution logs
[2026-09-05T19:29:30.758+0200] {local_task_job_runner.py:266} INFO - Task exited with return code 0
[2026-09-05T19:29:30.763+0200] {taskinstance.py:3901} INFO - 0 downstream tasks scheduled from follow-on schedule check
[2026-09-05T19:29:30.764+0200] {local_task_job_runner.py:245} INFO - ::endgroup::
[2026-09-05T19:30:03.938+0200] {local_task_job_runner.py:123} INFO - ::group::Pre task execution logs
[2026-09-05T19:30:03.940+0200] {taskinstance.py:2614} INFO - Dependencies all met for dep_context=non-requeueable deps ti=<TaskInstance: mini_riskagent_file_ingestion.wait_for_csv scheduled__2026-09-05T17:00:00+00:00 [queued]>
[2026-09-05T19:30:03.942+0200] {taskinstance.py:2614} INFO - Dependencies all met for dep_context=requeueable deps ti=<TaskInstance: mini_riskagent_file_ingestion.wait_for_csv scheduled__2026-09-05T17:00:00+00:00 [queued]>
[2026-09-05T19:30:03.942+0200] {taskinstance.py:2867} INFO - Starting attempt 1 of 2
[2026-09-05T19:30:03.945+0200] {taskinstance.py:2890} INFO - Executing <Task(PythonSensor): wait_for_csv> on 2026-09-05 17:00:00+00:00
[2026-09-05T19:30:03.949+0200] {standard_task_runner.py:104} INFO - Running: ['airflow', 'tasks', 'run', 'mini_riskagent_file_ingestion', 'wait_for_csv', 'scheduled__2026-09-05T17:00:00+00:00', '--job-id', '1500', '--raw', '--subdir', 'DAGS_FOLDER/data_ingest_pipeline.py', '--cfg-path', '/var/folders/5p/201rr1sj03g8gksxm9x48mbh0000gn/T/tmpnnmkn9z8']
[2026-09-05T19:30:03.950+0200] {standard_task_runner.py:105} INFO - Job 1500: Subtask wait_for_csv
[2026-09-05T19:30:03.999+0200] {logging_mixin.py:190} WARNING - /Users/swarnalidatta/Desktop/AutoQueryChatbot/.airflow-venv/lib/python3.12/site-packages/airflow/task/task_runner/standard_task_runner.py:70 DeprecationWarning: This process (pid=31303) is multi-threaded, use of fork() may lead to deadlocks in the child.
[2026-09-05T19:30:03.999+0200] {standard_task_runner.py:72} INFO - Started process 31305 to run task
[2026-09-05T19:30:04.011+0200] {task_command.py:467} INFO - Running <TaskInstance: mini_riskagent_file_ingestion.wait_for_csv scheduled__2026-09-05T17:00:00+00:00 [running]> on host mac.home
[2026-09-05T19:30:04.026+0200] {taskinstance.py:3134} INFO - Exporting env vars: AIRFLOW_CTX_DAG_OWNER='autoquery' AIRFLOW_CTX_DAG_ID='mini_riskagent_file_ingestion' AIRFLOW_CTX_TASK_ID='wait_for_csv' AIRFLOW_CTX_EXECUTION_DATE='2026-09-05T17:00:00+00:00' AIRFLOW_CTX_TRY_NUMBER='1' AIRFLOW_CTX_DAG_RUN_ID='scheduled__2026-09-05T17:00:00+00:00'
[2026-09-05T19:30:04.027+0200] {logging_mixin.py:190} INFO - Task instance is in running state
[2026-09-05T19:30:04.027+0200] {logging_mixin.py:190} INFO -  Previous state of the Task instance: queued
[2026-09-05T19:30:04.027+0200] {logging_mixin.py:190} INFO - Current task name:wait_for_csv state:running start_date:2026-09-05 17:30:03.941041+00:00
[2026-09-05T19:30:04.027+0200] {logging_mixin.py:190} INFO - Dag name:mini_riskagent_file_ingestion and current dag run status:running
[2026-09-05T19:30:04.027+0200] {taskinstance.py:732} INFO - ::endgroup::
[2026-09-05T19:30:04.029+0200] {python.py:75} INFO - Poking callable: <function check_for_csv_files at 0x108b90c20>
[2026-09-05T19:30:04.032+0200] {taskinstance.py:310} INFO - Rescheduling task, marking task as UP_FOR_RESCHEDULE
[2026-09-05T19:30:04.032+0200] {taskinstance.py:341} INFO - ::group::Post task execution logs
[2026-09-05T19:30:04.055+0200] {local_task_job_runner.py:266} INFO - Task exited with return code 0
[2026-09-05T19:30:04.060+0200] {taskinstance.py:3901} INFO - 0 downstream tasks scheduled from follow-on schedule check
[2026-09-05T19:30:04.060+0200] {local_task_job_runner.py:245} INFO - ::endgroup::
[2026-09-05T19:30:36.100+0200] {local_task_job_runner.py:123} INFO - ::group::Pre task execution logs
[2026-09-05T19:30:36.102+0200] {taskinstance.py:2614} INFO - Dependencies all met for dep_context=non-requeueable deps ti=<TaskInstance: mini_riskagent_file_ingestion.wait_for_csv scheduled__2026-09-05T17:00:00+00:00 [queued]>
[2026-09-05T19:30:36.104+0200] {taskinstance.py:2614} INFO - Dependencies all met for dep_context=requeueable deps ti=<TaskInstance: mini_riskagent_file_ingestion.wait_for_csv scheduled__2026-09-05T17:00:00+00:00 [queued]>
[2026-09-05T19:30:36.104+0200] {taskinstance.py:2867} INFO - Starting attempt 1 of 2
[2026-09-05T19:30:36.108+0200] {taskinstance.py:2890} INFO - Executing <Task(PythonSensor): wait_for_csv> on 2026-09-05 17:00:00+00:00
[2026-09-05T19:30:36.112+0200] {standard_task_runner.py:104} INFO - Running: ['airflow', 'tasks', 'run', 'mini_riskagent_file_ingestion', 'wait_for_csv', 'scheduled__2026-09-05T17:00:00+00:00', '--job-id', '1512', '--raw', '--subdir', 'DAGS_FOLDER/data_ingest_pipeline.py', '--cfg-path', '/var/folders/5p/201rr1sj03g8gksxm9x48mbh0000gn/T/tmpnimqgd5m']
[2026-09-05T19:30:36.113+0200] {standard_task_runner.py:105} INFO - Job 1512: Subtask wait_for_csv
[2026-09-05T19:30:36.163+0200] {logging_mixin.py:190} WARNING - /Users/swarnalidatta/Desktop/AutoQueryChatbot/.airflow-venv/lib/python3.12/site-packages/airflow/task/task_runner/standard_task_runner.py:70 DeprecationWarning: This process (pid=31402) is multi-threaded, use of fork() may lead to deadlocks in the child.
[2026-09-05T19:30:36.163+0200] {standard_task_runner.py:72} INFO - Started process 31404 to run task
[2026-09-05T19:30:36.173+0200] {task_command.py:467} INFO - Running <TaskInstance: mini_riskagent_file_ingestion.wait_for_csv scheduled__2026-09-05T17:00:00+00:00 [running]> on host mac.home
[2026-09-05T19:30:36.188+0200] {taskinstance.py:3134} INFO - Exporting env vars: AIRFLOW_CTX_DAG_OWNER='autoquery' AIRFLOW_CTX_DAG_ID='mini_riskagent_file_ingestion' AIRFLOW_CTX_TASK_ID='wait_for_csv' AIRFLOW_CTX_EXECUTION_DATE='2026-09-05T17:00:00+00:00' AIRFLOW_CTX_TRY_NUMBER='1' AIRFLOW_CTX_DAG_RUN_ID='scheduled__2026-09-05T17:00:00+00:00'
[2026-09-05T19:30:36.189+0200] {logging_mixin.py:190} INFO - Task instance is in running state
[2026-09-05T19:30:36.189+0200] {logging_mixin.py:190} INFO -  Previous state of the Task instance: queued
[2026-09-05T19:30:36.189+0200] {logging_mixin.py:190} INFO - Current task name:wait_for_csv state:running start_date:2026-09-05 17:30:36.102987+00:00
[2026-09-05T19:30:36.189+0200] {logging_mixin.py:190} INFO - Dag name:mini_riskagent_file_ingestion and current dag run status:running
[2026-09-05T19:30:36.190+0200] {taskinstance.py:732} INFO - ::endgroup::
[2026-09-05T19:30:36.191+0200] {python.py:75} INFO - Poking callable: <function check_for_csv_files at 0x108154c20>
[2026-09-05T19:30:36.194+0200] {taskinstance.py:310} INFO - Rescheduling task, marking task as UP_FOR_RESCHEDULE
[2026-09-05T19:30:36.194+0200] {taskinstance.py:341} INFO - ::group::Post task execution logs
[2026-09-05T19:30:36.218+0200] {local_task_job_runner.py:266} INFO - Task exited with return code 0
[2026-09-05T19:30:36.223+0200] {taskinstance.py:3901} INFO - 0 downstream tasks scheduled from follow-on schedule check
[2026-09-05T19:30:36.223+0200] {local_task_job_runner.py:245} INFO - ::endgroup::
[2026-09-05T19:31:08.989+0200] {local_task_job_runner.py:123} INFO - ::group::Pre task execution logs
[2026-09-05T19:31:08.991+0200] {taskinstance.py:2614} INFO - Dependencies all met for dep_context=non-requeueable deps ti=<TaskInstance: mini_riskagent_file_ingestion.wait_for_csv scheduled__2026-09-05T17:00:00+00:00 [queued]>
[2026-09-05T19:31:08.993+0200] {taskinstance.py:2614} INFO - Dependencies all met for dep_context=requeueable deps ti=<TaskInstance: mini_riskagent_file_ingestion.wait_for_csv scheduled__2026-09-05T17:00:00+00:00 [queued]>
[2026-09-05T19:31:08.993+0200] {taskinstance.py:2867} INFO - Starting attempt 1 of 2
[2026-09-05T19:31:08.996+0200] {taskinstance.py:2890} INFO - Executing <Task(PythonSensor): wait_for_csv> on 2026-09-05 17:00:00+00:00
[2026-09-05T19:31:09.000+0200] {standard_task_runner.py:104} INFO - Running: ['airflow', 'tasks', 'run', 'mini_riskagent_file_ingestion', 'wait_for_csv', 'scheduled__2026-09-05T17:00:00+00:00', '--job-id', '1525', '--raw', '--subdir', 'DAGS_FOLDER/data_ingest_pipeline.py', '--cfg-path', '/var/folders/5p/201rr1sj03g8gksxm9x48mbh0000gn/T/tmpsmg6m5qq']
[2026-09-05T19:31:09.001+0200] {standard_task_runner.py:105} INFO - Job 1525: Subtask wait_for_csv
[2026-09-05T19:31:09.050+0200] {logging_mixin.py:190} WARNING - /Users/swarnalidatta/Desktop/AutoQueryChatbot/.airflow-venv/lib/python3.12/site-packages/airflow/task/task_runner/standard_task_runner.py:70 DeprecationWarning: This process (pid=31501) is multi-threaded, use of fork() may lead to deadlocks in the child.
[2026-09-05T19:31:09.051+0200] {standard_task_runner.py:72} INFO - Started process 31503 to run task
[2026-09-05T19:31:09.061+0200] {task_command.py:467} INFO - Running <TaskInstance: mini_riskagent_file_ingestion.wait_for_csv scheduled__2026-09-05T17:00:00+00:00 [running]> on host mac.home
[2026-09-05T19:31:09.076+0200] {taskinstance.py:3134} INFO - Exporting env vars: AIRFLOW_CTX_DAG_OWNER='autoquery' AIRFLOW_CTX_DAG_ID='mini_riskagent_file_ingestion' AIRFLOW_CTX_TASK_ID='wait_for_csv' AIRFLOW_CTX_EXECUTION_DATE='2026-09-05T17:00:00+00:00' AIRFLOW_CTX_TRY_NUMBER='1' AIRFLOW_CTX_DAG_RUN_ID='scheduled__2026-09-05T17:00:00+00:00'
[2026-09-05T19:31:09.077+0200] {logging_mixin.py:190} INFO - Task instance is in running state
[2026-09-05T19:31:09.077+0200] {logging_mixin.py:190} INFO -  Previous state of the Task instance: queued
[2026-09-05T19:31:09.077+0200] {logging_mixin.py:190} INFO - Current task name:wait_for_csv state:running start_date:2026-09-05 17:31:08.991738+00:00
[2026-09-05T19:31:09.077+0200] {logging_mixin.py:190} INFO - Dag name:mini_riskagent_file_ingestion and current dag run status:running
[2026-09-05T19:31:09.077+0200] {taskinstance.py:732} INFO - ::endgroup::
[2026-09-05T19:31:09.079+0200] {python.py:75} INFO - Poking callable: <function check_for_csv_files at 0x10c8c0c20>
[2026-09-05T19:31:09.082+0200] {taskinstance.py:310} INFO - Rescheduling task, marking task as UP_FOR_RESCHEDULE
[2026-09-05T19:31:09.082+0200] {taskinstance.py:341} INFO - ::group::Post task execution logs
[2026-09-05T19:31:09.106+0200] {local_task_job_runner.py:266} INFO - Task exited with return code 0
[2026-09-05T19:31:09.111+0200] {taskinstance.py:3901} INFO - 0 downstream tasks scheduled from follow-on schedule check
[2026-09-05T19:31:09.111+0200] {local_task_job_runner.py:245} INFO - ::endgroup::
[2026-09-05T19:31:41.552+0200] {local_task_job_runner.py:123} INFO - ::group::Pre task execution logs
[2026-09-05T19:31:41.555+0200] {taskinstance.py:2614} INFO - Dependencies all met for dep_context=non-requeueable deps ti=<TaskInstance: mini_riskagent_file_ingestion.wait_for_csv scheduled__2026-09-05T17:00:00+00:00 [queued]>
[2026-09-05T19:31:41.556+0200] {taskinstance.py:2614} INFO - Dependencies all met for dep_context=requeueable deps ti=<TaskInstance: mini_riskagent_file_ingestion.wait_for_csv scheduled__2026-09-05T17:00:00+00:00 [queued]>
[2026-09-05T19:31:41.556+0200] {taskinstance.py:2867} INFO - Starting attempt 1 of 2
[2026-09-05T19:31:41.560+0200] {taskinstance.py:2890} INFO - Executing <Task(PythonSensor): wait_for_csv> on 2026-09-05 17:00:00+00:00
[2026-09-05T19:31:41.564+0200] {standard_task_runner.py:104} INFO - Running: ['airflow', 'tasks', 'run', 'mini_riskagent_file_ingestion', 'wait_for_csv', 'scheduled__2026-09-05T17:00:00+00:00', '--job-id', '1538', '--raw', '--subdir', 'DAGS_FOLDER/data_ingest_pipeline.py', '--cfg-path', '/var/folders/5p/201rr1sj03g8gksxm9x48mbh0000gn/T/tmpl73ly3qv']
[2026-09-05T19:31:41.565+0200] {standard_task_runner.py:105} INFO - Job 1538: Subtask wait_for_csv
[2026-09-05T19:31:41.615+0200] {logging_mixin.py:190} WARNING - /Users/swarnalidatta/Desktop/AutoQueryChatbot/.airflow-venv/lib/python3.12/site-packages/airflow/task/task_runner/standard_task_runner.py:70 DeprecationWarning: This process (pid=31606) is multi-threaded, use of fork() may lead to deadlocks in the child.
[2026-09-05T19:31:41.615+0200] {standard_task_runner.py:72} INFO - Started process 31609 to run task
[2026-09-05T19:31:41.626+0200] {task_command.py:467} INFO - Running <TaskInstance: mini_riskagent_file_ingestion.wait_for_csv scheduled__2026-09-05T17:00:00+00:00 [running]> on host mac.home
[2026-09-05T19:31:41.641+0200] {taskinstance.py:3134} INFO - Exporting env vars: AIRFLOW_CTX_DAG_OWNER='autoquery' AIRFLOW_CTX_DAG_ID='mini_riskagent_file_ingestion' AIRFLOW_CTX_TASK_ID='wait_for_csv' AIRFLOW_CTX_EXECUTION_DATE='2026-09-05T17:00:00+00:00' AIRFLOW_CTX_TRY_NUMBER='1' AIRFLOW_CTX_DAG_RUN_ID='scheduled__2026-09-05T17:00:00+00:00'
[2026-09-05T19:31:41.642+0200] {logging_mixin.py:190} INFO - Task instance is in running state
[2026-09-05T19:31:41.642+0200] {logging_mixin.py:190} INFO -  Previous state of the Task instance: queued
[2026-09-05T19:31:41.642+0200] {logging_mixin.py:190} INFO - Current task name:wait_for_csv state:running start_date:2026-09-05 17:31:41.555439+00:00
[2026-09-05T19:31:41.642+0200] {logging_mixin.py:190} INFO - Dag name:mini_riskagent_file_ingestion and current dag run status:running
[2026-09-05T19:31:41.642+0200] {taskinstance.py:732} INFO - ::endgroup::
[2026-09-05T19:31:41.643+0200] {python.py:75} INFO - Poking callable: <function check_for_csv_files at 0x11d7e4c20>
[2026-09-05T19:31:41.647+0200] {taskinstance.py:310} INFO - Rescheduling task, marking task as UP_FOR_RESCHEDULE
[2026-09-05T19:31:41.647+0200] {taskinstance.py:341} INFO - ::group::Post task execution logs
[2026-09-05T19:31:41.670+0200] {local_task_job_runner.py:266} INFO - Task exited with return code 0
[2026-09-05T19:31:41.675+0200] {taskinstance.py:3901} INFO - 0 downstream tasks scheduled from follow-on schedule check
[2026-09-05T19:31:41.676+0200] {local_task_job_runner.py:245} INFO - ::endgroup::
[2026-09-05T19:32:13.393+0200] {local_task_job_runner.py:123} INFO - ::group::Pre task execution logs
[2026-09-05T19:32:13.396+0200] {taskinstance.py:2614} INFO - Dependencies all met for dep_context=non-requeueable deps ti=<TaskInstance: mini_riskagent_file_ingestion.wait_for_csv scheduled__2026-09-05T17:00:00+00:00 [queued]>
[2026-09-05T19:32:13.397+0200] {taskinstance.py:2614} INFO - Dependencies all met for dep_context=requeueable deps ti=<TaskInstance: mini_riskagent_file_ingestion.wait_for_csv scheduled__2026-09-05T17:00:00+00:00 [queued]>
[2026-09-05T19:32:13.397+0200] {taskinstance.py:2867} INFO - Starting attempt 1 of 2
[2026-09-05T19:32:13.401+0200] {taskinstance.py:2890} INFO - Executing <Task(PythonSensor): wait_for_csv> on 2026-09-05 17:00:00+00:00
[2026-09-05T19:32:13.406+0200] {standard_task_runner.py:104} INFO - Running: ['airflow', 'tasks', 'run', 'mini_riskagent_file_ingestion', 'wait_for_csv', 'scheduled__2026-09-05T17:00:00+00:00', '--job-id', '1552', '--raw', '--subdir', 'DAGS_FOLDER/data_ingest_pipeline.py', '--cfg-path', '/var/folders/5p/201rr1sj03g8gksxm9x48mbh0000gn/T/tmpp2i9cq8i']
[2026-09-05T19:32:13.407+0200] {standard_task_runner.py:105} INFO - Job 1552: Subtask wait_for_csv
[2026-09-05T19:32:13.464+0200] {logging_mixin.py:190} WARNING - /Users/swarnalidatta/Desktop/AutoQueryChatbot/.airflow-venv/lib/python3.12/site-packages/airflow/task/task_runner/standard_task_runner.py:70 DeprecationWarning: This process (pid=31708) is multi-threaded, use of fork() may lead to deadlocks in the child.
[2026-09-05T19:32:13.465+0200] {standard_task_runner.py:72} INFO - Started process 31714 to run task
[2026-09-05T19:32:13.476+0200] {task_command.py:467} INFO - Running <TaskInstance: mini_riskagent_file_ingestion.wait_for_csv scheduled__2026-09-05T17:00:00+00:00 [running]> on host mac.home
[2026-09-05T19:32:13.492+0200] {taskinstance.py:3134} INFO - Exporting env vars: AIRFLOW_CTX_DAG_OWNER='autoquery' AIRFLOW_CTX_DAG_ID='mini_riskagent_file_ingestion' AIRFLOW_CTX_TASK_ID='wait_for_csv' AIRFLOW_CTX_EXECUTION_DATE='2026-09-05T17:00:00+00:00' AIRFLOW_CTX_TRY_NUMBER='1' AIRFLOW_CTX_DAG_RUN_ID='scheduled__2026-09-05T17:00:00+00:00'
[2026-09-05T19:32:13.492+0200] {logging_mixin.py:190} INFO - Task instance is in running state
[2026-09-05T19:32:13.492+0200] {logging_mixin.py:190} INFO -  Previous state of the Task instance: queued
[2026-09-05T19:32:13.492+0200] {logging_mixin.py:190} INFO - Current task name:wait_for_csv state:running start_date:2026-09-05 17:32:13.396175+00:00
[2026-09-05T19:32:13.492+0200] {logging_mixin.py:190} INFO - Dag name:mini_riskagent_file_ingestion and current dag run status:running
[2026-09-05T19:32:13.493+0200] {taskinstance.py:732} INFO - ::endgroup::
[2026-09-05T19:32:13.494+0200] {python.py:75} INFO - Poking callable: <function check_for_csv_files at 0x115100c20>
[2026-09-05T19:32:13.498+0200] {taskinstance.py:310} INFO - Rescheduling task, marking task as UP_FOR_RESCHEDULE
[2026-09-05T19:32:13.498+0200] {taskinstance.py:341} INFO - ::group::Post task execution logs
[2026-09-05T19:32:13.520+0200] {local_task_job_runner.py:266} INFO - Task exited with return code 0
[2026-09-05T19:32:13.525+0200] {taskinstance.py:3901} INFO - 0 downstream tasks scheduled from follow-on schedule check
[2026-09-05T19:32:13.525+0200] {local_task_job_runner.py:245} INFO - ::endgroup::
[2026-09-05T19:32:45.959+0200] {local_task_job_runner.py:123} INFO - ::group::Pre task execution logs
[2026-09-05T19:32:45.961+0200] {taskinstance.py:2614} INFO - Dependencies all met for dep_context=non-requeueable deps ti=<TaskInstance: mini_riskagent_file_ingestion.wait_for_csv scheduled__2026-09-05T17:00:00+00:00 [queued]>
[2026-09-05T19:32:45.963+0200] {taskinstance.py:2614} INFO - Dependencies all met for dep_context=requeueable deps ti=<TaskInstance: mini_riskagent_file_ingestion.wait_for_csv scheduled__2026-09-05T17:00:00+00:00 [queued]>
[2026-09-05T19:32:45.963+0200] {taskinstance.py:2867} INFO - Starting attempt 1 of 2
[2026-09-05T19:32:45.967+0200] {taskinstance.py:2890} INFO - Executing <Task(PythonSensor): wait_for_csv> on 2026-09-05 17:00:00+00:00
[2026-09-05T19:32:45.971+0200] {standard_task_runner.py:104} INFO - Running: ['airflow', 'tasks', 'run', 'mini_riskagent_file_ingestion', 'wait_for_csv', 'scheduled__2026-09-05T17:00:00+00:00', '--job-id', '1566', '--raw', '--subdir', 'DAGS_FOLDER/data_ingest_pipeline.py', '--cfg-path', '/var/folders/5p/201rr1sj03g8gksxm9x48mbh0000gn/T/tmpt68mwi72']
[2026-09-05T19:32:45.972+0200] {standard_task_runner.py:105} INFO - Job 1566: Subtask wait_for_csv
[2026-09-05T19:32:46.024+0200] {logging_mixin.py:190} WARNING - /Users/swarnalidatta/Desktop/AutoQueryChatbot/.airflow-venv/lib/python3.12/site-packages/airflow/task/task_runner/standard_task_runner.py:70 DeprecationWarning: This process (pid=31827) is multi-threaded, use of fork() may lead to deadlocks in the child.
[2026-09-05T19:32:46.024+0200] {standard_task_runner.py:72} INFO - Started process 31830 to run task
[2026-09-05T19:32:46.035+0200] {task_command.py:467} INFO - Running <TaskInstance: mini_riskagent_file_ingestion.wait_for_csv scheduled__2026-09-05T17:00:00+00:00 [running]> on host mac.home
[2026-09-05T19:32:46.051+0200] {taskinstance.py:3134} INFO - Exporting env vars: AIRFLOW_CTX_DAG_OWNER='autoquery' AIRFLOW_CTX_DAG_ID='mini_riskagent_file_ingestion' AIRFLOW_CTX_TASK_ID='wait_for_csv' AIRFLOW_CTX_EXECUTION_DATE='2026-09-05T17:00:00+00:00' AIRFLOW_CTX_TRY_NUMBER='1' AIRFLOW_CTX_DAG_RUN_ID='scheduled__2026-09-05T17:00:00+00:00'
[2026-09-05T19:32:46.051+0200] {logging_mixin.py:190} INFO - Task instance is in running state
[2026-09-05T19:32:46.051+0200] {logging_mixin.py:190} INFO -  Previous state of the Task instance: queued
[2026-09-05T19:32:46.051+0200] {logging_mixin.py:190} INFO - Current task name:wait_for_csv state:running start_date:2026-09-05 17:32:45.961959+00:00
[2026-09-05T19:32:46.052+0200] {logging_mixin.py:190} INFO - Dag name:mini_riskagent_file_ingestion and current dag run status:running
[2026-09-05T19:32:46.052+0200] {taskinstance.py:732} INFO - ::endgroup::
[2026-09-05T19:32:46.053+0200] {python.py:75} INFO - Poking callable: <function check_for_csv_files at 0x10d5d0c20>
[2026-09-05T19:32:46.056+0200] {taskinstance.py:310} INFO - Rescheduling task, marking task as UP_FOR_RESCHEDULE
[2026-09-05T19:32:46.056+0200] {taskinstance.py:341} INFO - ::group::Post task execution logs
[2026-09-05T19:32:46.079+0200] {local_task_job_runner.py:266} INFO - Task exited with return code 0
[2026-09-05T19:32:46.084+0200] {taskinstance.py:3901} INFO - 0 downstream tasks scheduled from follow-on schedule check
[2026-09-05T19:32:46.084+0200] {local_task_job_runner.py:245} INFO - ::endgroup::
[2026-09-05T19:33:18.207+0200] {local_task_job_runner.py:123} INFO - ::group::Pre task execution logs
[2026-09-05T19:33:18.210+0200] {taskinstance.py:2614} INFO - Dependencies all met for dep_context=non-requeueable deps ti=<TaskInstance: mini_riskagent_file_ingestion.wait_for_csv scheduled__2026-09-05T17:00:00+00:00 [queued]>
[2026-09-05T19:33:18.211+0200] {taskinstance.py:2614} INFO - Dependencies all met for dep_context=requeueable deps ti=<TaskInstance: mini_riskagent_file_ingestion.wait_for_csv scheduled__2026-09-05T17:00:00+00:00 [queued]>
[2026-09-05T19:33:18.211+0200] {taskinstance.py:2867} INFO - Starting attempt 1 of 2
[2026-09-05T19:33:18.215+0200] {taskinstance.py:2890} INFO - Executing <Task(PythonSensor): wait_for_csv> on 2026-09-05 17:00:00+00:00
[2026-09-05T19:33:18.220+0200] {standard_task_runner.py:104} INFO - Running: ['airflow', 'tasks', 'run', 'mini_riskagent_file_ingestion', 'wait_for_csv', 'scheduled__2026-09-05T17:00:00+00:00', '--job-id', '1581', '--raw', '--subdir', 'DAGS_FOLDER/data_ingest_pipeline.py', '--cfg-path', '/var/folders/5p/201rr1sj03g8gksxm9x48mbh0000gn/T/tmp42hsrs10']
[2026-09-05T19:33:18.220+0200] {standard_task_runner.py:105} INFO - Job 1581: Subtask wait_for_csv
[2026-09-05T19:33:18.271+0200] {logging_mixin.py:190} WARNING - /Users/swarnalidatta/Desktop/AutoQueryChatbot/.airflow-venv/lib/python3.12/site-packages/airflow/task/task_runner/standard_task_runner.py:70 DeprecationWarning: This process (pid=31939) is multi-threaded, use of fork() may lead to deadlocks in the child.
[2026-09-05T19:33:18.272+0200] {standard_task_runner.py:72} INFO - Started process 31941 to run task
[2026-09-05T19:33:18.285+0200] {task_command.py:467} INFO - Running <TaskInstance: mini_riskagent_file_ingestion.wait_for_csv scheduled__2026-09-05T17:00:00+00:00 [running]> on host mac.home
[2026-09-05T19:33:18.301+0200] {taskinstance.py:3134} INFO - Exporting env vars: AIRFLOW_CTX_DAG_OWNER='autoquery' AIRFLOW_CTX_DAG_ID='mini_riskagent_file_ingestion' AIRFLOW_CTX_TASK_ID='wait_for_csv' AIRFLOW_CTX_EXECUTION_DATE='2026-09-05T17:00:00+00:00' AIRFLOW_CTX_TRY_NUMBER='1' AIRFLOW_CTX_DAG_RUN_ID='scheduled__2026-09-05T17:00:00+00:00'
[2026-09-05T19:33:18.301+0200] {logging_mixin.py:190} INFO - Task instance is in running state
[2026-09-05T19:33:18.301+0200] {logging_mixin.py:190} INFO -  Previous state of the Task instance: queued
[2026-09-05T19:33:18.301+0200] {logging_mixin.py:190} INFO - Current task name:wait_for_csv state:running start_date:2026-09-05 17:33:18.210509+00:00
[2026-09-05T19:33:18.302+0200] {logging_mixin.py:190} INFO - Dag name:mini_riskagent_file_ingestion and current dag run status:running
[2026-09-05T19:33:18.302+0200] {taskinstance.py:732} INFO - ::endgroup::
[2026-09-05T19:33:18.303+0200] {python.py:75} INFO - Poking callable: <function check_for_csv_files at 0x1088e0c20>
[2026-09-05T19:33:18.306+0200] {taskinstance.py:310} INFO - Rescheduling task, marking task as UP_FOR_RESCHEDULE
[2026-09-05T19:33:18.307+0200] {taskinstance.py:341} INFO - ::group::Post task execution logs
[2026-09-05T19:33:18.327+0200] {local_task_job_runner.py:266} INFO - Task exited with return code 0
[2026-09-05T19:33:18.332+0200] {taskinstance.py:3901} INFO - 0 downstream tasks scheduled from follow-on schedule check
[2026-09-05T19:33:18.332+0200] {local_task_job_runner.py:245} INFO - ::endgroup::
[2026-09-05T19:33:50.307+0200] {local_task_job_runner.py:123} INFO - ::group::Pre task execution logs
[2026-09-05T19:33:50.309+0200] {taskinstance.py:2614} INFO - Dependencies all met for dep_context=non-requeueable deps ti=<TaskInstance: mini_riskagent_file_ingestion.wait_for_csv scheduled__2026-09-05T17:00:00+00:00 [queued]>
[2026-09-05T19:33:50.311+0200] {taskinstance.py:2614} INFO - Dependencies all met for dep_context=requeueable deps ti=<TaskInstance: mini_riskagent_file_ingestion.wait_for_csv scheduled__2026-09-05T17:00:00+00:00 [queued]>
[2026-09-05T19:33:50.311+0200] {taskinstance.py:2867} INFO - Starting attempt 1 of 2
[2026-09-05T19:33:50.314+0200] {taskinstance.py:2890} INFO - Executing <Task(PythonSensor): wait_for_csv> on 2026-09-05 17:00:00+00:00
[2026-09-05T19:33:50.319+0200] {standard_task_runner.py:104} INFO - Running: ['airflow', 'tasks', 'run', 'mini_riskagent_file_ingestion', 'wait_for_csv', 'scheduled__2026-09-05T17:00:00+00:00', '--job-id', '1596', '--raw', '--subdir', 'DAGS_FOLDER/data_ingest_pipeline.py', '--cfg-path', '/var/folders/5p/201rr1sj03g8gksxm9x48mbh0000gn/T/tmprs9ri3bh']
[2026-09-05T19:33:50.320+0200] {standard_task_runner.py:105} INFO - Job 1596: Subtask wait_for_csv
[2026-09-05T19:33:50.371+0200] {logging_mixin.py:190} WARNING - /Users/swarnalidatta/Desktop/AutoQueryChatbot/.airflow-venv/lib/python3.12/site-packages/airflow/task/task_runner/standard_task_runner.py:70 DeprecationWarning: This process (pid=32050) is multi-threaded, use of fork() may lead to deadlocks in the child.
[2026-09-05T19:33:50.372+0200] {standard_task_runner.py:72} INFO - Started process 32056 to run task
[2026-09-05T19:33:50.382+0200] {task_command.py:467} INFO - Running <TaskInstance: mini_riskagent_file_ingestion.wait_for_csv scheduled__2026-09-05T17:00:00+00:00 [running]> on host mac.home
[2026-09-05T19:33:50.397+0200] {taskinstance.py:3134} INFO - Exporting env vars: AIRFLOW_CTX_DAG_OWNER='autoquery' AIRFLOW_CTX_DAG_ID='mini_riskagent_file_ingestion' AIRFLOW_CTX_TASK_ID='wait_for_csv' AIRFLOW_CTX_EXECUTION_DATE='2026-09-05T17:00:00+00:00' AIRFLOW_CTX_TRY_NUMBER='1' AIRFLOW_CTX_DAG_RUN_ID='scheduled__2026-09-05T17:00:00+00:00'
[2026-09-05T19:33:50.397+0200] {logging_mixin.py:190} INFO - Task instance is in running state
[2026-09-05T19:33:50.397+0200] {logging_mixin.py:190} INFO -  Previous state of the Task instance: queued
[2026-09-05T19:33:50.397+0200] {logging_mixin.py:190} INFO - Current task name:wait_for_csv state:running start_date:2026-09-05 17:33:50.309882+00:00
[2026-09-05T19:33:50.398+0200] {logging_mixin.py:190} INFO - Dag name:mini_riskagent_file_ingestion and current dag run status:running
[2026-09-05T19:33:50.398+0200] {taskinstance.py:732} INFO - ::endgroup::
[2026-09-05T19:33:50.399+0200] {python.py:75} INFO - Poking callable: <function check_for_csv_files at 0x10c254c20>
[2026-09-05T19:33:50.402+0200] {taskinstance.py:310} INFO - Rescheduling task, marking task as UP_FOR_RESCHEDULE
[2026-09-05T19:33:50.402+0200] {taskinstance.py:341} INFO - ::group::Post task execution logs
[2026-09-05T19:33:50.427+0200] {local_task_job_runner.py:266} INFO - Task exited with return code 0
[2026-09-05T19:33:50.432+0200] {taskinstance.py:3901} INFO - 0 downstream tasks scheduled from follow-on schedule check
[2026-09-05T19:33:50.432+0200] {local_task_job_runner.py:245} INFO - ::endgroup::
[2026-09-05T19:34:22.975+0200] {local_task_job_runner.py:123} INFO - ::group::Pre task execution logs
[2026-09-05T19:34:22.977+0200] {taskinstance.py:2614} INFO - Dependencies all met for dep_context=non-requeueable deps ti=<TaskInstance: mini_riskagent_file_ingestion.wait_for_csv scheduled__2026-09-05T17:00:00+00:00 [queued]>
[2026-09-05T19:34:22.979+0200] {taskinstance.py:2614} INFO - Dependencies all met for dep_context=requeueable deps ti=<TaskInstance: mini_riskagent_file_ingestion.wait_for_csv scheduled__2026-09-05T17:00:00+00:00 [queued]>
[2026-09-05T19:34:22.979+0200] {taskinstance.py:2867} INFO - Starting attempt 1 of 2
[2026-09-05T19:34:22.982+0200] {taskinstance.py:2890} INFO - Executing <Task(PythonSensor): wait_for_csv> on 2026-09-05 17:00:00+00:00
[2026-09-05T19:34:22.987+0200] {standard_task_runner.py:104} INFO - Running: ['airflow', 'tasks', 'run', 'mini_riskagent_file_ingestion', 'wait_for_csv', 'scheduled__2026-09-05T17:00:00+00:00', '--job-id', '1612', '--raw', '--subdir', 'DAGS_FOLDER/data_ingest_pipeline.py', '--cfg-path', '/var/folders/5p/201rr1sj03g8gksxm9x48mbh0000gn/T/tmpeawf017j']
[2026-09-05T19:34:22.988+0200] {standard_task_runner.py:105} INFO - Job 1612: Subtask wait_for_csv
[2026-09-05T19:34:23.043+0200] {logging_mixin.py:190} WARNING - /Users/swarnalidatta/Desktop/AutoQueryChatbot/.airflow-venv/lib/python3.12/site-packages/airflow/task/task_runner/standard_task_runner.py:70 DeprecationWarning: This process (pid=32168) is multi-threaded, use of fork() may lead to deadlocks in the child.
[2026-09-05T19:34:23.043+0200] {standard_task_runner.py:72} INFO - Started process 32170 to run task
[2026-09-05T19:34:23.053+0200] {task_command.py:467} INFO - Running <TaskInstance: mini_riskagent_file_ingestion.wait_for_csv scheduled__2026-09-05T17:00:00+00:00 [running]> on host mac.home
[2026-09-05T19:34:23.071+0200] {taskinstance.py:3134} INFO - Exporting env vars: AIRFLOW_CTX_DAG_OWNER='autoquery' AIRFLOW_CTX_DAG_ID='mini_riskagent_file_ingestion' AIRFLOW_CTX_TASK_ID='wait_for_csv' AIRFLOW_CTX_EXECUTION_DATE='2026-09-05T17:00:00+00:00' AIRFLOW_CTX_TRY_NUMBER='1' AIRFLOW_CTX_DAG_RUN_ID='scheduled__2026-09-05T17:00:00+00:00'
[2026-09-05T19:34:23.071+0200] {logging_mixin.py:190} INFO - Task instance is in running state
[2026-09-05T19:34:23.071+0200] {logging_mixin.py:190} INFO -  Previous state of the Task instance: queued
[2026-09-05T19:34:23.071+0200] {logging_mixin.py:190} INFO - Current task name:wait_for_csv state:running start_date:2026-09-05 17:34:22.977868+00:00
[2026-09-05T19:34:23.071+0200] {logging_mixin.py:190} INFO - Dag name:mini_riskagent_file_ingestion and current dag run status:running
[2026-09-05T19:34:23.072+0200] {taskinstance.py:732} INFO - ::endgroup::
[2026-09-05T19:34:23.073+0200] {python.py:75} INFO - Poking callable: <function check_for_csv_files at 0x10be30c20>
[2026-09-05T19:34:23.076+0200] {taskinstance.py:310} INFO - Rescheduling task, marking task as UP_FOR_RESCHEDULE
[2026-09-05T19:34:23.076+0200] {taskinstance.py:341} INFO - ::group::Post task execution logs
[2026-09-05T19:34:23.098+0200] {local_task_job_runner.py:266} INFO - Task exited with return code 0
[2026-09-05T19:34:23.104+0200] {taskinstance.py:3901} INFO - 0 downstream tasks scheduled from follow-on schedule check
[2026-09-05T19:34:23.104+0200] {local_task_job_runner.py:245} INFO - ::endgroup::
[2026-09-05T19:34:55.430+0200] {local_task_job_runner.py:123} INFO - ::group::Pre task execution logs
[2026-09-05T19:34:55.433+0200] {taskinstance.py:2614} INFO - Dependencies all met for dep_context=non-requeueable deps ti=<TaskInstance: mini_riskagent_file_ingestion.wait_for_csv scheduled__2026-09-05T17:00:00+00:00 [queued]>
[2026-09-05T19:34:55.434+0200] {taskinstance.py:2614} INFO - Dependencies all met for dep_context=requeueable deps ti=<TaskInstance: mini_riskagent_file_ingestion.wait_for_csv scheduled__2026-09-05T17:00:00+00:00 [queued]>
[2026-09-05T19:34:55.434+0200] {taskinstance.py:2867} INFO - Starting attempt 1 of 2
[2026-09-05T19:34:55.438+0200] {taskinstance.py:2890} INFO - Executing <Task(PythonSensor): wait_for_csv> on 2026-09-05 17:00:00+00:00
[2026-09-05T19:34:55.443+0200] {standard_task_runner.py:104} INFO - Running: ['airflow', 'tasks', 'run', 'mini_riskagent_file_ingestion', 'wait_for_csv', 'scheduled__2026-09-05T17:00:00+00:00', '--job-id', '1628', '--raw', '--subdir', 'DAGS_FOLDER/data_ingest_pipeline.py', '--cfg-path', '/var/folders/5p/201rr1sj03g8gksxm9x48mbh0000gn/T/tmpudrzlme9']
[2026-09-05T19:34:55.444+0200] {standard_task_runner.py:105} INFO - Job 1628: Subtask wait_for_csv
[2026-09-05T19:34:55.496+0200] {logging_mixin.py:190} WARNING - /Users/swarnalidatta/Desktop/AutoQueryChatbot/.airflow-venv/lib/python3.12/site-packages/airflow/task/task_runner/standard_task_runner.py:70 DeprecationWarning: This process (pid=32281) is multi-threaded, use of fork() may lead to deadlocks in the child.
[2026-09-05T19:34:55.497+0200] {standard_task_runner.py:72} INFO - Started process 32313 to run task
[2026-09-05T19:34:55.508+0200] {task_command.py:467} INFO - Running <TaskInstance: mini_riskagent_file_ingestion.wait_for_csv scheduled__2026-09-05T17:00:00+00:00 [running]> on host mac.home
[2026-09-05T19:34:55.523+0200] {taskinstance.py:3134} INFO - Exporting env vars: AIRFLOW_CTX_DAG_OWNER='autoquery' AIRFLOW_CTX_DAG_ID='mini_riskagent_file_ingestion' AIRFLOW_CTX_TASK_ID='wait_for_csv' AIRFLOW_CTX_EXECUTION_DATE='2026-09-05T17:00:00+00:00' AIRFLOW_CTX_TRY_NUMBER='1' AIRFLOW_CTX_DAG_RUN_ID='scheduled__2026-09-05T17:00:00+00:00'
[2026-09-05T19:34:55.524+0200] {logging_mixin.py:190} INFO - Task instance is in running state
[2026-09-05T19:34:55.524+0200] {logging_mixin.py:190} INFO -  Previous state of the Task instance: queued
[2026-09-05T19:34:55.524+0200] {logging_mixin.py:190} INFO - Current task name:wait_for_csv state:running start_date:2026-09-05 17:34:55.433216+00:00
[2026-09-05T19:34:55.524+0200] {logging_mixin.py:190} INFO - Dag name:mini_riskagent_file_ingestion and current dag run status:running
[2026-09-05T19:34:55.524+0200] {taskinstance.py:732} INFO - ::endgroup::
[2026-09-05T19:34:55.525+0200] {python.py:75} INFO - Poking callable: <function check_for_csv_files at 0x10e700c20>
[2026-09-05T19:34:55.529+0200] {taskinstance.py:310} INFO - Rescheduling task, marking task as UP_FOR_RESCHEDULE
[2026-09-05T19:34:55.529+0200] {taskinstance.py:341} INFO - ::group::Post task execution logs
[2026-09-05T19:34:55.552+0200] {local_task_job_runner.py:266} INFO - Task exited with return code 0
[2026-09-05T19:34:55.559+0200] {taskinstance.py:3901} INFO - 0 downstream tasks scheduled from follow-on schedule check
[2026-09-05T19:34:55.559+0200] {local_task_job_runner.py:245} INFO - ::endgroup::
[2026-09-05T19:35:27.319+0200] {local_task_job_runner.py:123} INFO - ::group::Pre task execution logs
[2026-09-05T19:35:27.322+0200] {taskinstance.py:2614} INFO - Dependencies all met for dep_context=non-requeueable deps ti=<TaskInstance: mini_riskagent_file_ingestion.wait_for_csv scheduled__2026-09-05T17:00:00+00:00 [queued]>
[2026-09-05T19:35:27.323+0200] {taskinstance.py:2614} INFO - Dependencies all met for dep_context=requeueable deps ti=<TaskInstance: mini_riskagent_file_ingestion.wait_for_csv scheduled__2026-09-05T17:00:00+00:00 [queued]>
[2026-09-05T19:35:27.323+0200] {taskinstance.py:2867} INFO - Starting attempt 1 of 2
[2026-09-05T19:35:27.327+0200] {taskinstance.py:2890} INFO - Executing <Task(PythonSensor): wait_for_csv> on 2026-09-05 17:00:00+00:00
[2026-09-05T19:35:27.331+0200] {standard_task_runner.py:104} INFO - Running: ['airflow', 'tasks', 'run', 'mini_riskagent_file_ingestion', 'wait_for_csv', 'scheduled__2026-09-05T17:00:00+00:00', '--job-id', '1644', '--raw', '--subdir', 'DAGS_FOLDER/data_ingest_pipeline.py', '--cfg-path', '/var/folders/5p/201rr1sj03g8gksxm9x48mbh0000gn/T/tmplhni9yhf']
[2026-09-05T19:35:27.332+0200] {standard_task_runner.py:105} INFO - Job 1644: Subtask wait_for_csv
[2026-09-05T19:35:27.382+0200] {logging_mixin.py:190} WARNING - /Users/swarnalidatta/Desktop/AutoQueryChatbot/.airflow-venv/lib/python3.12/site-packages/airflow/task/task_runner/standard_task_runner.py:70 DeprecationWarning: This process (pid=32611) is multi-threaded, use of fork() may lead to deadlocks in the child.
[2026-09-05T19:35:27.382+0200] {standard_task_runner.py:72} INFO - Started process 32613 to run task
[2026-09-05T19:35:27.395+0200] {task_command.py:467} INFO - Running <TaskInstance: mini_riskagent_file_ingestion.wait_for_csv scheduled__2026-09-05T17:00:00+00:00 [running]> on host mac.home
[2026-09-05T19:35:27.410+0200] {taskinstance.py:3134} INFO - Exporting env vars: AIRFLOW_CTX_DAG_OWNER='autoquery' AIRFLOW_CTX_DAG_ID='mini_riskagent_file_ingestion' AIRFLOW_CTX_TASK_ID='wait_for_csv' AIRFLOW_CTX_EXECUTION_DATE='2026-09-05T17:00:00+00:00' AIRFLOW_CTX_TRY_NUMBER='1' AIRFLOW_CTX_DAG_RUN_ID='scheduled__2026-09-05T17:00:00+00:00'
[2026-09-05T19:35:27.410+0200] {logging_mixin.py:190} INFO - Task instance is in running state
[2026-09-05T19:35:27.411+0200] {logging_mixin.py:190} INFO -  Previous state of the Task instance: queued
[2026-09-05T19:35:27.411+0200] {logging_mixin.py:190} INFO - Current task name:wait_for_csv state:running start_date:2026-09-05 17:35:27.322494+00:00
[2026-09-05T19:35:27.411+0200] {logging_mixin.py:190} INFO - Dag name:mini_riskagent_file_ingestion and current dag run status:running
[2026-09-05T19:35:27.411+0200] {taskinstance.py:732} INFO - ::endgroup::
[2026-09-05T19:35:27.412+0200] {python.py:75} INFO - Poking callable: <function check_for_csv_files at 0x10c43cc20>
[2026-09-05T19:35:27.416+0200] {taskinstance.py:310} INFO - Rescheduling task, marking task as UP_FOR_RESCHEDULE
[2026-09-05T19:35:27.416+0200] {taskinstance.py:341} INFO - ::group::Post task execution logs
[2026-09-05T19:35:27.438+0200] {local_task_job_runner.py:266} INFO - Task exited with return code 0
[2026-09-05T19:35:27.443+0200] {taskinstance.py:3901} INFO - 0 downstream tasks scheduled from follow-on schedule check
[2026-09-05T19:35:27.443+0200] {local_task_job_runner.py:245} INFO - ::endgroup::
[2026-09-05T19:35:59.231+0200] {local_task_job_runner.py:123} INFO - ::group::Pre task execution logs
[2026-09-05T19:35:59.234+0200] {taskinstance.py:2614} INFO - Dependencies all met for dep_context=non-requeueable deps ti=<TaskInstance: mini_riskagent_file_ingestion.wait_for_csv scheduled__2026-09-05T17:00:00+00:00 [queued]>
[2026-09-05T19:35:59.235+0200] {taskinstance.py:2614} INFO - Dependencies all met for dep_context=requeueable deps ti=<TaskInstance: mini_riskagent_file_ingestion.wait_for_csv scheduled__2026-09-05T17:00:00+00:00 [queued]>
[2026-09-05T19:35:59.235+0200] {taskinstance.py:2867} INFO - Starting attempt 1 of 2
[2026-09-05T19:35:59.239+0200] {taskinstance.py:2890} INFO - Executing <Task(PythonSensor): wait_for_csv> on 2026-09-05 17:00:00+00:00
[2026-09-05T19:35:59.243+0200] {standard_task_runner.py:104} INFO - Running: ['airflow', 'tasks', 'run', 'mini_riskagent_file_ingestion', 'wait_for_csv', 'scheduled__2026-09-05T17:00:00+00:00', '--job-id', '1660', '--raw', '--subdir', 'DAGS_FOLDER/data_ingest_pipeline.py', '--cfg-path', '/var/folders/5p/201rr1sj03g8gksxm9x48mbh0000gn/T/tmpdv5kk81r']
[2026-09-05T19:35:59.244+0200] {standard_task_runner.py:105} INFO - Job 1660: Subtask wait_for_csv
[2026-09-05T19:35:59.294+0200] {logging_mixin.py:190} WARNING - /Users/swarnalidatta/Desktop/AutoQueryChatbot/.airflow-venv/lib/python3.12/site-packages/airflow/task/task_runner/standard_task_runner.py:70 DeprecationWarning: This process (pid=32717) is multi-threaded, use of fork() may lead to deadlocks in the child.
[2026-09-05T19:35:59.294+0200] {standard_task_runner.py:72} INFO - Started process 32719 to run task
[2026-09-05T19:35:59.306+0200] {task_command.py:467} INFO - Running <TaskInstance: mini_riskagent_file_ingestion.wait_for_csv scheduled__2026-09-05T17:00:00+00:00 [running]> on host mac.home
[2026-09-05T19:35:59.322+0200] {taskinstance.py:3134} INFO - Exporting env vars: AIRFLOW_CTX_DAG_OWNER='autoquery' AIRFLOW_CTX_DAG_ID='mini_riskagent_file_ingestion' AIRFLOW_CTX_TASK_ID='wait_for_csv' AIRFLOW_CTX_EXECUTION_DATE='2026-09-05T17:00:00+00:00' AIRFLOW_CTX_TRY_NUMBER='1' AIRFLOW_CTX_DAG_RUN_ID='scheduled__2026-09-05T17:00:00+00:00'
[2026-09-05T19:35:59.323+0200] {logging_mixin.py:190} INFO - Task instance is in running state
[2026-09-05T19:35:59.323+0200] {logging_mixin.py:190} INFO -  Previous state of the Task instance: queued
[2026-09-05T19:35:59.323+0200] {logging_mixin.py:190} INFO - Current task name:wait_for_csv state:running start_date:2026-09-05 17:35:59.234322+00:00
[2026-09-05T19:35:59.323+0200] {logging_mixin.py:190} INFO - Dag name:mini_riskagent_file_ingestion and current dag run status:running
[2026-09-05T19:35:59.323+0200] {taskinstance.py:732} INFO - ::endgroup::
[2026-09-05T19:35:59.325+0200] {python.py:75} INFO - Poking callable: <function check_for_csv_files at 0x10ca2cc20>
[2026-09-05T19:35:59.328+0200] {taskinstance.py:310} INFO - Rescheduling task, marking task as UP_FOR_RESCHEDULE
[2026-09-05T19:35:59.328+0200] {taskinstance.py:341} INFO - ::group::Post task execution logs
[2026-09-05T19:35:59.349+0200] {local_task_job_runner.py:266} INFO - Task exited with return code 0
[2026-09-05T19:35:59.354+0200] {taskinstance.py:3901} INFO - 0 downstream tasks scheduled from follow-on schedule check
[2026-09-05T19:35:59.354+0200] {local_task_job_runner.py:245} INFO - ::endgroup::
[2026-09-05T19:36:31.822+0200] {local_task_job_runner.py:123} INFO - ::group::Pre task execution logs
[2026-09-05T19:36:31.825+0200] {taskinstance.py:2614} INFO - Dependencies all met for dep_context=non-requeueable deps ti=<TaskInstance: mini_riskagent_file_ingestion.wait_for_csv scheduled__2026-09-05T17:00:00+00:00 [queued]>
[2026-09-05T19:36:31.826+0200] {taskinstance.py:2614} INFO - Dependencies all met for dep_context=requeueable deps ti=<TaskInstance: mini_riskagent_file_ingestion.wait_for_csv scheduled__2026-09-05T17:00:00+00:00 [queued]>
[2026-09-05T19:36:31.826+0200] {taskinstance.py:2867} INFO - Starting attempt 1 of 2
[2026-09-05T19:36:31.830+0200] {taskinstance.py:2890} INFO - Executing <Task(PythonSensor): wait_for_csv> on 2026-09-05 17:00:00+00:00
[2026-09-05T19:36:31.834+0200] {standard_task_runner.py:104} INFO - Running: ['airflow', 'tasks', 'run', 'mini_riskagent_file_ingestion', 'wait_for_csv', 'scheduled__2026-09-05T17:00:00+00:00', '--job-id', '1676', '--raw', '--subdir', 'DAGS_FOLDER/data_ingest_pipeline.py', '--cfg-path', '/var/folders/5p/201rr1sj03g8gksxm9x48mbh0000gn/T/tmplxg0_6wi']
[2026-09-05T19:36:31.835+0200] {standard_task_runner.py:105} INFO - Job 1676: Subtask wait_for_csv
[2026-09-05T19:36:31.887+0200] {logging_mixin.py:190} WARNING - /Users/swarnalidatta/Desktop/AutoQueryChatbot/.airflow-venv/lib/python3.12/site-packages/airflow/task/task_runner/standard_task_runner.py:70 DeprecationWarning: This process (pid=32835) is multi-threaded, use of fork() may lead to deadlocks in the child.
[2026-09-05T19:36:31.887+0200] {standard_task_runner.py:72} INFO - Started process 32841 to run task
[2026-09-05T19:36:31.897+0200] {task_command.py:467} INFO - Running <TaskInstance: mini_riskagent_file_ingestion.wait_for_csv scheduled__2026-09-05T17:00:00+00:00 [running]> on host mac.home
[2026-09-05T19:36:31.913+0200] {taskinstance.py:3134} INFO - Exporting env vars: AIRFLOW_CTX_DAG_OWNER='autoquery' AIRFLOW_CTX_DAG_ID='mini_riskagent_file_ingestion' AIRFLOW_CTX_TASK_ID='wait_for_csv' AIRFLOW_CTX_EXECUTION_DATE='2026-09-05T17:00:00+00:00' AIRFLOW_CTX_TRY_NUMBER='1' AIRFLOW_CTX_DAG_RUN_ID='scheduled__2026-09-05T17:00:00+00:00'
[2026-09-05T19:36:31.913+0200] {logging_mixin.py:190} INFO - Task instance is in running state
[2026-09-05T19:36:31.913+0200] {logging_mixin.py:190} INFO -  Previous state of the Task instance: queued
[2026-09-05T19:36:31.914+0200] {logging_mixin.py:190} INFO - Current task name:wait_for_csv state:running start_date:2026-09-05 17:36:31.825339+00:00
[2026-09-05T19:36:31.914+0200] {logging_mixin.py:190} INFO - Dag name:mini_riskagent_file_ingestion and current dag run status:running
[2026-09-05T19:36:31.914+0200] {taskinstance.py:732} INFO - ::endgroup::
[2026-09-05T19:36:31.915+0200] {python.py:75} INFO - Poking callable: <function check_for_csv_files at 0x10ab38c20>
[2026-09-05T19:36:31.918+0200] {taskinstance.py:310} INFO - Rescheduling task, marking task as UP_FOR_RESCHEDULE
[2026-09-05T19:36:31.919+0200] {taskinstance.py:341} INFO - ::group::Post task execution logs
[2026-09-05T19:36:31.942+0200] {local_task_job_runner.py:266} INFO - Task exited with return code 0
[2026-09-05T19:36:31.947+0200] {taskinstance.py:3901} INFO - 0 downstream tasks scheduled from follow-on schedule check
[2026-09-05T19:36:31.947+0200] {local_task_job_runner.py:245} INFO - ::endgroup::
[2026-09-05T19:37:03.925+0200] {local_task_job_runner.py:123} INFO - ::group::Pre task execution logs
[2026-09-05T19:37:03.927+0200] {taskinstance.py:2614} INFO - Dependencies all met for dep_context=non-requeueable deps ti=<TaskInstance: mini_riskagent_file_ingestion.wait_for_csv scheduled__2026-09-05T17:00:00+00:00 [queued]>
[2026-09-05T19:37:03.929+0200] {taskinstance.py:2614} INFO - Dependencies all met for dep_context=requeueable deps ti=<TaskInstance: mini_riskagent_file_ingestion.wait_for_csv scheduled__2026-09-05T17:00:00+00:00 [queued]>
[2026-09-05T19:37:03.929+0200] {taskinstance.py:2867} INFO - Starting attempt 1 of 2
[2026-09-05T19:37:03.932+0200] {taskinstance.py:2890} INFO - Executing <Task(PythonSensor): wait_for_csv> on 2026-09-05 17:00:00+00:00
[2026-09-05T19:37:03.937+0200] {standard_task_runner.py:104} INFO - Running: ['airflow', 'tasks', 'run', 'mini_riskagent_file_ingestion', 'wait_for_csv', 'scheduled__2026-09-05T17:00:00+00:00', '--job-id', '1692', '--raw', '--subdir', 'DAGS_FOLDER/data_ingest_pipeline.py', '--cfg-path', '/var/folders/5p/201rr1sj03g8gksxm9x48mbh0000gn/T/tmpb4u68v2k']
[2026-09-05T19:37:03.937+0200] {standard_task_runner.py:105} INFO - Job 1692: Subtask wait_for_csv
[2026-09-05T19:37:03.989+0200] {logging_mixin.py:190} WARNING - /Users/swarnalidatta/Desktop/AutoQueryChatbot/.airflow-venv/lib/python3.12/site-packages/airflow/task/task_runner/standard_task_runner.py:70 DeprecationWarning: This process (pid=32964) is multi-threaded, use of fork() may lead to deadlocks in the child.
[2026-09-05T19:37:03.989+0200] {standard_task_runner.py:72} INFO - Started process 32967 to run task
[2026-09-05T19:37:04.001+0200] {task_command.py:467} INFO - Running <TaskInstance: mini_riskagent_file_ingestion.wait_for_csv scheduled__2026-09-05T17:00:00+00:00 [running]> on host mac.home
[2026-09-05T19:37:04.017+0200] {taskinstance.py:3134} INFO - Exporting env vars: AIRFLOW_CTX_DAG_OWNER='autoquery' AIRFLOW_CTX_DAG_ID='mini_riskagent_file_ingestion' AIRFLOW_CTX_TASK_ID='wait_for_csv' AIRFLOW_CTX_EXECUTION_DATE='2026-09-05T17:00:00+00:00' AIRFLOW_CTX_TRY_NUMBER='1' AIRFLOW_CTX_DAG_RUN_ID='scheduled__2026-09-05T17:00:00+00:00'
[2026-09-05T19:37:04.017+0200] {logging_mixin.py:190} INFO - Task instance is in running state
[2026-09-05T19:37:04.017+0200] {logging_mixin.py:190} INFO -  Previous state of the Task instance: queued
[2026-09-05T19:37:04.018+0200] {logging_mixin.py:190} INFO - Current task name:wait_for_csv state:running start_date:2026-09-05 17:37:03.927886+00:00
[2026-09-05T19:37:04.018+0200] {logging_mixin.py:190} INFO - Dag name:mini_riskagent_file_ingestion and current dag run status:running
[2026-09-05T19:37:04.018+0200] {taskinstance.py:732} INFO - ::endgroup::
[2026-09-05T19:37:04.019+0200] {python.py:75} INFO - Poking callable: <function check_for_csv_files at 0x107fc0c20>
[2026-09-05T19:37:04.022+0200] {taskinstance.py:310} INFO - Rescheduling task, marking task as UP_FOR_RESCHEDULE
[2026-09-05T19:37:04.023+0200] {taskinstance.py:341} INFO - ::group::Post task execution logs
[2026-09-05T19:37:04.045+0200] {local_task_job_runner.py:266} INFO - Task exited with return code 0
[2026-09-05T19:37:04.050+0200] {taskinstance.py:3901} INFO - 0 downstream tasks scheduled from follow-on schedule check
[2026-09-05T19:37:04.050+0200] {local_task_job_runner.py:245} INFO - ::endgroup::
[2026-09-05T19:37:35.451+0200] {local_task_job_runner.py:123} INFO - ::group::Pre task execution logs
[2026-09-05T19:37:35.453+0200] {taskinstance.py:2614} INFO - Dependencies all met for dep_context=non-requeueable deps ti=<TaskInstance: mini_riskagent_file_ingestion.wait_for_csv scheduled__2026-09-05T17:00:00+00:00 [queued]>
[2026-09-05T19:37:35.455+0200] {taskinstance.py:2614} INFO - Dependencies all met for dep_context=requeueable deps ti=<TaskInstance: mini_riskagent_file_ingestion.wait_for_csv scheduled__2026-09-05T17:00:00+00:00 [queued]>
[2026-09-05T19:37:35.455+0200] {taskinstance.py:2867} INFO - Starting attempt 1 of 2
[2026-09-05T19:37:35.459+0200] {taskinstance.py:2890} INFO - Executing <Task(PythonSensor): wait_for_csv> on 2026-09-05 17:00:00+00:00
[2026-09-05T19:37:35.463+0200] {standard_task_runner.py:104} INFO - Running: ['airflow', 'tasks', 'run', 'mini_riskagent_file_ingestion', 'wait_for_csv', 'scheduled__2026-09-05T17:00:00+00:00', '--job-id', '1708', '--raw', '--subdir', 'DAGS_FOLDER/data_ingest_pipeline.py', '--cfg-path', '/var/folders/5p/201rr1sj03g8gksxm9x48mbh0000gn/T/tmp3xorrr_f']
[2026-09-05T19:37:35.464+0200] {standard_task_runner.py:105} INFO - Job 1708: Subtask wait_for_csv
[2026-09-05T19:37:35.515+0200] {logging_mixin.py:190} WARNING - /Users/swarnalidatta/Desktop/AutoQueryChatbot/.airflow-venv/lib/python3.12/site-packages/airflow/task/task_runner/standard_task_runner.py:70 DeprecationWarning: This process (pid=33087) is multi-threaded, use of fork() may lead to deadlocks in the child.
[2026-09-05T19:37:35.515+0200] {standard_task_runner.py:72} INFO - Started process 33089 to run task
[2026-09-05T19:37:35.526+0200] {task_command.py:467} INFO - Running <TaskInstance: mini_riskagent_file_ingestion.wait_for_csv scheduled__2026-09-05T17:00:00+00:00 [running]> on host mac.home
[2026-09-05T19:37:35.541+0200] {taskinstance.py:3134} INFO - Exporting env vars: AIRFLOW_CTX_DAG_OWNER='autoquery' AIRFLOW_CTX_DAG_ID='mini_riskagent_file_ingestion' AIRFLOW_CTX_TASK_ID='wait_for_csv' AIRFLOW_CTX_EXECUTION_DATE='2026-09-05T17:00:00+00:00' AIRFLOW_CTX_TRY_NUMBER='1' AIRFLOW_CTX_DAG_RUN_ID='scheduled__2026-09-05T17:00:00+00:00'
[2026-09-05T19:37:35.541+0200] {logging_mixin.py:190} INFO - Task instance is in running state
[2026-09-05T19:37:35.541+0200] {logging_mixin.py:190} INFO -  Previous state of the Task instance: queued
[2026-09-05T19:37:35.542+0200] {logging_mixin.py:190} INFO - Current task name:wait_for_csv state:running start_date:2026-09-05 17:37:35.453945+00:00
[2026-09-05T19:37:35.542+0200] {logging_mixin.py:190} INFO - Dag name:mini_riskagent_file_ingestion and current dag run status:running
[2026-09-05T19:37:35.542+0200] {taskinstance.py:732} INFO - ::endgroup::
[2026-09-05T19:37:35.543+0200] {python.py:75} INFO - Poking callable: <function check_for_csv_files at 0x10c260c20>
[2026-09-05T19:37:35.546+0200] {taskinstance.py:310} INFO - Rescheduling task, marking task as UP_FOR_RESCHEDULE
[2026-09-05T19:37:35.547+0200] {taskinstance.py:341} INFO - ::group::Post task execution logs
[2026-09-05T19:37:35.570+0200] {local_task_job_runner.py:266} INFO - Task exited with return code 0
[2026-09-05T19:37:35.575+0200] {taskinstance.py:3901} INFO - 0 downstream tasks scheduled from follow-on schedule check
[2026-09-05T19:37:35.575+0200] {local_task_job_runner.py:245} INFO - ::endgroup::
[2026-09-05T19:38:07.464+0200] {local_task_job_runner.py:123} INFO - ::group::Pre task execution logs
[2026-09-05T19:38:07.467+0200] {taskinstance.py:2614} INFO - Dependencies all met for dep_context=non-requeueable deps ti=<TaskInstance: mini_riskagent_file_ingestion.wait_for_csv scheduled__2026-09-05T17:00:00+00:00 [queued]>
[2026-09-05T19:38:07.468+0200] {taskinstance.py:2614} INFO - Dependencies all met for dep_context=requeueable deps ti=<TaskInstance: mini_riskagent_file_ingestion.wait_for_csv scheduled__2026-09-05T17:00:00+00:00 [queued]>
[2026-09-05T19:38:07.468+0200] {taskinstance.py:2867} INFO - Starting attempt 1 of 2
[2026-09-05T19:38:07.472+0200] {taskinstance.py:2890} INFO - Executing <Task(PythonSensor): wait_for_csv> on 2026-09-05 17:00:00+00:00
[2026-09-05T19:38:07.476+0200] {standard_task_runner.py:104} INFO - Running: ['airflow', 'tasks', 'run', 'mini_riskagent_file_ingestion', 'wait_for_csv', 'scheduled__2026-09-05T17:00:00+00:00', '--job-id', '1724', '--raw', '--subdir', 'DAGS_FOLDER/data_ingest_pipeline.py', '--cfg-path', '/var/folders/5p/201rr1sj03g8gksxm9x48mbh0000gn/T/tmp43o84lvc']
[2026-09-05T19:38:07.477+0200] {standard_task_runner.py:105} INFO - Job 1724: Subtask wait_for_csv
[2026-09-05T19:38:07.528+0200] {logging_mixin.py:190} WARNING - /Users/swarnalidatta/Desktop/AutoQueryChatbot/.airflow-venv/lib/python3.12/site-packages/airflow/task/task_runner/standard_task_runner.py:70 DeprecationWarning: This process (pid=33228) is multi-threaded, use of fork() may lead to deadlocks in the child.
[2026-09-05T19:38:07.528+0200] {standard_task_runner.py:72} INFO - Started process 33230 to run task
[2026-09-05T19:38:07.539+0200] {task_command.py:467} INFO - Running <TaskInstance: mini_riskagent_file_ingestion.wait_for_csv scheduled__2026-09-05T17:00:00+00:00 [running]> on host mac.home
[2026-09-05T19:38:07.555+0200] {taskinstance.py:3134} INFO - Exporting env vars: AIRFLOW_CTX_DAG_OWNER='autoquery' AIRFLOW_CTX_DAG_ID='mini_riskagent_file_ingestion' AIRFLOW_CTX_TASK_ID='wait_for_csv' AIRFLOW_CTX_EXECUTION_DATE='2026-09-05T17:00:00+00:00' AIRFLOW_CTX_TRY_NUMBER='1' AIRFLOW_CTX_DAG_RUN_ID='scheduled__2026-09-05T17:00:00+00:00'
[2026-09-05T19:38:07.555+0200] {logging_mixin.py:190} INFO - Task instance is in running state
[2026-09-05T19:38:07.555+0200] {logging_mixin.py:190} INFO -  Previous state of the Task instance: queued
[2026-09-05T19:38:07.555+0200] {logging_mixin.py:190} INFO - Current task name:wait_for_csv state:running start_date:2026-09-05 17:38:07.467341+00:00
[2026-09-05T19:38:07.555+0200] {logging_mixin.py:190} INFO - Dag name:mini_riskagent_file_ingestion and current dag run status:running
[2026-09-05T19:38:07.556+0200] {taskinstance.py:732} INFO - ::endgroup::
[2026-09-05T19:38:07.557+0200] {python.py:75} INFO - Poking callable: <function check_for_csv_files at 0x10a1a4c20>
[2026-09-05T19:38:07.560+0200] {taskinstance.py:310} INFO - Rescheduling task, marking task as UP_FOR_RESCHEDULE
[2026-09-05T19:38:07.560+0200] {taskinstance.py:341} INFO - ::group::Post task execution logs
[2026-09-05T19:38:07.584+0200] {local_task_job_runner.py:266} INFO - Task exited with return code 0
[2026-09-05T19:38:07.589+0200] {taskinstance.py:3901} INFO - 0 downstream tasks scheduled from follow-on schedule check
[2026-09-05T19:38:07.589+0200] {local_task_job_runner.py:245} INFO - ::endgroup::
[2026-09-05T19:38:38.944+0200] {local_task_job_runner.py:123} INFO - ::group::Pre task execution logs
[2026-09-05T19:38:38.947+0200] {taskinstance.py:2614} INFO - Dependencies all met for dep_context=non-requeueable deps ti=<TaskInstance: mini_riskagent_file_ingestion.wait_for_csv scheduled__2026-09-05T17:00:00+00:00 [queued]>
[2026-09-05T19:38:38.948+0200] {taskinstance.py:2614} INFO - Dependencies all met for dep_context=requeueable deps ti=<TaskInstance: mini_riskagent_file_ingestion.wait_for_csv scheduled__2026-09-05T17:00:00+00:00 [queued]>
[2026-09-05T19:38:38.948+0200] {taskinstance.py:2867} INFO - Starting attempt 1 of 2
[2026-09-05T19:38:38.952+0200] {taskinstance.py:2890} INFO - Executing <Task(PythonSensor): wait_for_csv> on 2026-09-05 17:00:00+00:00
[2026-09-05T19:38:38.956+0200] {standard_task_runner.py:104} INFO - Running: ['airflow', 'tasks', 'run', 'mini_riskagent_file_ingestion', 'wait_for_csv', 'scheduled__2026-09-05T17:00:00+00:00', '--job-id', '1740', '--raw', '--subdir', 'DAGS_FOLDER/data_ingest_pipeline.py', '--cfg-path', '/var/folders/5p/201rr1sj03g8gksxm9x48mbh0000gn/T/tmpjfzec1sg']
[2026-09-05T19:38:38.957+0200] {standard_task_runner.py:105} INFO - Job 1740: Subtask wait_for_csv
[2026-09-05T19:38:39.006+0200] {logging_mixin.py:190} WARNING - /Users/swarnalidatta/Desktop/AutoQueryChatbot/.airflow-venv/lib/python3.12/site-packages/airflow/task/task_runner/standard_task_runner.py:70 DeprecationWarning: This process (pid=33343) is multi-threaded, use of fork() may lead to deadlocks in the child.
[2026-09-05T19:38:39.007+0200] {standard_task_runner.py:72} INFO - Started process 33349 to run task
[2026-09-05T19:38:39.018+0200] {task_command.py:467} INFO - Running <TaskInstance: mini_riskagent_file_ingestion.wait_for_csv scheduled__2026-09-05T17:00:00+00:00 [running]> on host mac.home
[2026-09-05T19:38:39.033+0200] {taskinstance.py:3134} INFO - Exporting env vars: AIRFLOW_CTX_DAG_OWNER='autoquery' AIRFLOW_CTX_DAG_ID='mini_riskagent_file_ingestion' AIRFLOW_CTX_TASK_ID='wait_for_csv' AIRFLOW_CTX_EXECUTION_DATE='2026-09-05T17:00:00+00:00' AIRFLOW_CTX_TRY_NUMBER='1' AIRFLOW_CTX_DAG_RUN_ID='scheduled__2026-09-05T17:00:00+00:00'
[2026-09-05T19:38:39.034+0200] {logging_mixin.py:190} INFO - Task instance is in running state
[2026-09-05T19:38:39.034+0200] {logging_mixin.py:190} INFO -  Previous state of the Task instance: queued
[2026-09-05T19:38:39.034+0200] {logging_mixin.py:190} INFO - Current task name:wait_for_csv state:running start_date:2026-09-05 17:38:38.947194+00:00
[2026-09-05T19:38:39.034+0200] {logging_mixin.py:190} INFO - Dag name:mini_riskagent_file_ingestion and current dag run status:running
[2026-09-05T19:38:39.034+0200] {taskinstance.py:732} INFO - ::endgroup::
[2026-09-05T19:38:39.036+0200] {python.py:75} INFO - Poking callable: <function check_for_csv_files at 0x10c514c20>
[2026-09-05T19:38:39.039+0200] {taskinstance.py:310} INFO - Rescheduling task, marking task as UP_FOR_RESCHEDULE
[2026-09-05T19:38:39.039+0200] {taskinstance.py:341} INFO - ::group::Post task execution logs
[2026-09-05T19:38:39.062+0200] {local_task_job_runner.py:266} INFO - Task exited with return code 0
[2026-09-05T19:38:39.067+0200] {taskinstance.py:3901} INFO - 0 downstream tasks scheduled from follow-on schedule check
[2026-09-05T19:38:39.067+0200] {local_task_job_runner.py:245} INFO - ::endgroup::
[2026-09-05T19:39:10.363+0200] {local_task_job_runner.py:123} INFO - ::group::Pre task execution logs
[2026-09-05T19:39:10.365+0200] {taskinstance.py:2614} INFO - Dependencies all met for dep_context=non-requeueable deps ti=<TaskInstance: mini_riskagent_file_ingestion.wait_for_csv scheduled__2026-09-05T17:00:00+00:00 [queued]>
[2026-09-05T19:39:10.367+0200] {taskinstance.py:2614} INFO - Dependencies all met for dep_context=requeueable deps ti=<TaskInstance: mini_riskagent_file_ingestion.wait_for_csv scheduled__2026-09-05T17:00:00+00:00 [queued]>
[2026-09-05T19:39:10.367+0200] {taskinstance.py:2867} INFO - Starting attempt 1 of 2
[2026-09-05T19:39:10.370+0200] {taskinstance.py:2890} INFO - Executing <Task(PythonSensor): wait_for_csv> on 2026-09-05 17:00:00+00:00
[2026-09-05T19:39:10.374+0200] {standard_task_runner.py:104} INFO - Running: ['airflow', 'tasks', 'run', 'mini_riskagent_file_ingestion', 'wait_for_csv', 'scheduled__2026-09-05T17:00:00+00:00', '--job-id', '1756', '--raw', '--subdir', 'DAGS_FOLDER/data_ingest_pipeline.py', '--cfg-path', '/var/folders/5p/201rr1sj03g8gksxm9x48mbh0000gn/T/tmp16rnlnyg']
[2026-09-05T19:39:10.375+0200] {standard_task_runner.py:105} INFO - Job 1756: Subtask wait_for_csv
[2026-09-05T19:39:10.426+0200] {logging_mixin.py:190} WARNING - /Users/swarnalidatta/Desktop/AutoQueryChatbot/.airflow-venv/lib/python3.12/site-packages/airflow/task/task_runner/standard_task_runner.py:70 DeprecationWarning: This process (pid=33455) is multi-threaded, use of fork() may lead to deadlocks in the child.
[2026-09-05T19:39:10.426+0200] {standard_task_runner.py:72} INFO - Started process 33457 to run task
[2026-09-05T19:39:10.439+0200] {task_command.py:467} INFO - Running <TaskInstance: mini_riskagent_file_ingestion.wait_for_csv scheduled__2026-09-05T17:00:00+00:00 [running]> on host mac.home
[2026-09-05T19:39:10.455+0200] {taskinstance.py:3134} INFO - Exporting env vars: AIRFLOW_CTX_DAG_OWNER='autoquery' AIRFLOW_CTX_DAG_ID='mini_riskagent_file_ingestion' AIRFLOW_CTX_TASK_ID='wait_for_csv' AIRFLOW_CTX_EXECUTION_DATE='2026-09-05T17:00:00+00:00' AIRFLOW_CTX_TRY_NUMBER='1' AIRFLOW_CTX_DAG_RUN_ID='scheduled__2026-09-05T17:00:00+00:00'
[2026-09-05T19:39:10.456+0200] {logging_mixin.py:190} INFO - Task instance is in running state
[2026-09-05T19:39:10.456+0200] {logging_mixin.py:190} INFO -  Previous state of the Task instance: queued
[2026-09-05T19:39:10.456+0200] {logging_mixin.py:190} INFO - Current task name:wait_for_csv state:running start_date:2026-09-05 17:39:10.366030+00:00
[2026-09-05T19:39:10.456+0200] {logging_mixin.py:190} INFO - Dag name:mini_riskagent_file_ingestion and current dag run status:running
[2026-09-05T19:39:10.456+0200] {taskinstance.py:732} INFO - ::endgroup::
[2026-09-05T19:39:10.458+0200] {python.py:75} INFO - Poking callable: <function check_for_csv_files at 0x10c7d4c20>
[2026-09-05T19:39:10.461+0200] {taskinstance.py:310} INFO - Rescheduling task, marking task as UP_FOR_RESCHEDULE
[2026-09-05T19:39:10.461+0200] {taskinstance.py:341} INFO - ::group::Post task execution logs
[2026-09-05T19:39:10.482+0200] {local_task_job_runner.py:266} INFO - Task exited with return code 0
[2026-09-05T19:39:10.486+0200] {taskinstance.py:3901} INFO - 0 downstream tasks scheduled from follow-on schedule check
[2026-09-05T19:39:10.487+0200] {local_task_job_runner.py:245} INFO - ::endgroup::
[2026-09-05T19:39:42.641+0200] {local_task_job_runner.py:123} INFO - ::group::Pre task execution logs
[2026-09-05T19:39:42.644+0200] {taskinstance.py:2614} INFO - Dependencies all met for dep_context=non-requeueable deps ti=<TaskInstance: mini_riskagent_file_ingestion.wait_for_csv scheduled__2026-09-05T17:00:00+00:00 [queued]>
[2026-09-05T19:39:42.646+0200] {taskinstance.py:2614} INFO - Dependencies all met for dep_context=requeueable deps ti=<TaskInstance: mini_riskagent_file_ingestion.wait_for_csv scheduled__2026-09-05T17:00:00+00:00 [queued]>
[2026-09-05T19:39:42.646+0200] {taskinstance.py:2867} INFO - Starting attempt 1 of 2
[2026-09-05T19:39:42.649+0200] {taskinstance.py:2890} INFO - Executing <Task(PythonSensor): wait_for_csv> on 2026-09-05 17:00:00+00:00
[2026-09-05T19:39:42.653+0200] {standard_task_runner.py:104} INFO - Running: ['airflow', 'tasks', 'run', 'mini_riskagent_file_ingestion', 'wait_for_csv', 'scheduled__2026-09-05T17:00:00+00:00', '--job-id', '1772', '--raw', '--subdir', 'DAGS_FOLDER/data_ingest_pipeline.py', '--cfg-path', '/var/folders/5p/201rr1sj03g8gksxm9x48mbh0000gn/T/tmpyka90hql']
[2026-09-05T19:39:42.654+0200] {standard_task_runner.py:105} INFO - Job 1772: Subtask wait_for_csv
[2026-09-05T19:39:42.707+0200] {logging_mixin.py:190} WARNING - /Users/swarnalidatta/Desktop/AutoQueryChatbot/.airflow-venv/lib/python3.12/site-packages/airflow/task/task_runner/standard_task_runner.py:70 DeprecationWarning: This process (pid=33584) is multi-threaded, use of fork() may lead to deadlocks in the child.
[2026-09-05T19:39:42.708+0200] {standard_task_runner.py:72} INFO - Started process 33586 to run task
[2026-09-05T19:39:42.718+0200] {task_command.py:467} INFO - Running <TaskInstance: mini_riskagent_file_ingestion.wait_for_csv scheduled__2026-09-05T17:00:00+00:00 [running]> on host mac.home
[2026-09-05T19:39:42.733+0200] {taskinstance.py:3134} INFO - Exporting env vars: AIRFLOW_CTX_DAG_OWNER='autoquery' AIRFLOW_CTX_DAG_ID='mini_riskagent_file_ingestion' AIRFLOW_CTX_TASK_ID='wait_for_csv' AIRFLOW_CTX_EXECUTION_DATE='2026-09-05T17:00:00+00:00' AIRFLOW_CTX_TRY_NUMBER='1' AIRFLOW_CTX_DAG_RUN_ID='scheduled__2026-09-05T17:00:00+00:00'
[2026-09-05T19:39:42.734+0200] {logging_mixin.py:190} INFO - Task instance is in running state
[2026-09-05T19:39:42.734+0200] {logging_mixin.py:190} INFO -  Previous state of the Task instance: queued
[2026-09-05T19:39:42.734+0200] {logging_mixin.py:190} INFO - Current task name:wait_for_csv state:running start_date:2026-09-05 17:39:42.644633+00:00
[2026-09-05T19:39:42.734+0200] {logging_mixin.py:190} INFO - Dag name:mini_riskagent_file_ingestion and current dag run status:running
[2026-09-05T19:39:42.734+0200] {taskinstance.py:732} INFO - ::endgroup::
[2026-09-05T19:39:42.736+0200] {python.py:75} INFO - Poking callable: <function check_for_csv_files at 0x10cad0c20>
[2026-09-05T19:39:42.739+0200] {taskinstance.py:310} INFO - Rescheduling task, marking task as UP_FOR_RESCHEDULE
[2026-09-05T19:39:42.739+0200] {taskinstance.py:341} INFO - ::group::Post task execution logs
[2026-09-05T19:39:42.763+0200] {local_task_job_runner.py:266} INFO - Task exited with return code 0
[2026-09-05T19:39:42.768+0200] {taskinstance.py:3901} INFO - 0 downstream tasks scheduled from follow-on schedule check
[2026-09-05T19:39:42.768+0200] {local_task_job_runner.py:245} INFO - ::endgroup::
[2026-09-05T19:40:14.219+0200] {local_task_job_runner.py:123} INFO - ::group::Pre task execution logs
[2026-09-05T19:40:14.222+0200] {taskinstance.py:2614} INFO - Dependencies all met for dep_context=non-requeueable deps ti=<TaskInstance: mini_riskagent_file_ingestion.wait_for_csv scheduled__2026-09-05T17:00:00+00:00 [queued]>
[2026-09-05T19:40:14.223+0200] {taskinstance.py:2614} INFO - Dependencies all met for dep_context=requeueable deps ti=<TaskInstance: mini_riskagent_file_ingestion.wait_for_csv scheduled__2026-09-05T17:00:00+00:00 [queued]>
[2026-09-05T19:40:14.223+0200] {taskinstance.py:2867} INFO - Starting attempt 1 of 2
[2026-09-05T19:40:14.227+0200] {taskinstance.py:2890} INFO - Executing <Task(PythonSensor): wait_for_csv> on 2026-09-05 17:00:00+00:00
[2026-09-05T19:40:14.231+0200] {standard_task_runner.py:104} INFO - Running: ['airflow', 'tasks', 'run', 'mini_riskagent_file_ingestion', 'wait_for_csv', 'scheduled__2026-09-05T17:00:00+00:00', '--job-id', '1788', '--raw', '--subdir', 'DAGS_FOLDER/data_ingest_pipeline.py', '--cfg-path', '/var/folders/5p/201rr1sj03g8gksxm9x48mbh0000gn/T/tmp_utxmhub']
[2026-09-05T19:40:14.232+0200] {standard_task_runner.py:105} INFO - Job 1788: Subtask wait_for_csv
[2026-09-05T19:40:14.281+0200] {logging_mixin.py:190} WARNING - /Users/swarnalidatta/Desktop/AutoQueryChatbot/.airflow-venv/lib/python3.12/site-packages/airflow/task/task_runner/standard_task_runner.py:70 DeprecationWarning: This process (pid=33697) is multi-threaded, use of fork() may lead to deadlocks in the child.
[2026-09-05T19:40:14.282+0200] {standard_task_runner.py:72} INFO - Started process 33699 to run task
[2026-09-05T19:40:14.293+0200] {task_command.py:467} INFO - Running <TaskInstance: mini_riskagent_file_ingestion.wait_for_csv scheduled__2026-09-05T17:00:00+00:00 [running]> on host mac.home
[2026-09-05T19:40:14.309+0200] {taskinstance.py:3134} INFO - Exporting env vars: AIRFLOW_CTX_DAG_OWNER='autoquery' AIRFLOW_CTX_DAG_ID='mini_riskagent_file_ingestion' AIRFLOW_CTX_TASK_ID='wait_for_csv' AIRFLOW_CTX_EXECUTION_DATE='2026-09-05T17:00:00+00:00' AIRFLOW_CTX_TRY_NUMBER='1' AIRFLOW_CTX_DAG_RUN_ID='scheduled__2026-09-05T17:00:00+00:00'
[2026-09-05T19:40:14.309+0200] {logging_mixin.py:190} INFO - Task instance is in running state
[2026-09-05T19:40:14.309+0200] {logging_mixin.py:190} INFO -  Previous state of the Task instance: queued
[2026-09-05T19:40:14.309+0200] {logging_mixin.py:190} INFO - Current task name:wait_for_csv state:running start_date:2026-09-05 17:40:14.222254+00:00
[2026-09-05T19:40:14.310+0200] {logging_mixin.py:190} INFO - Dag name:mini_riskagent_file_ingestion and current dag run status:running
[2026-09-05T19:40:14.310+0200] {taskinstance.py:732} INFO - ::endgroup::
[2026-09-05T19:40:14.311+0200] {python.py:75} INFO - Poking callable: <function check_for_csv_files at 0x10a888c20>
[2026-09-05T19:40:14.314+0200] {taskinstance.py:310} INFO - Rescheduling task, marking task as UP_FOR_RESCHEDULE
[2026-09-05T19:40:14.315+0200] {taskinstance.py:341} INFO - ::group::Post task execution logs
[2026-09-05T19:40:14.337+0200] {local_task_job_runner.py:266} INFO - Task exited with return code 0
[2026-09-05T19:40:14.342+0200] {taskinstance.py:3901} INFO - 0 downstream tasks scheduled from follow-on schedule check
[2026-09-05T19:40:14.342+0200] {local_task_job_runner.py:245} INFO - ::endgroup::
[2026-09-05T19:40:46.399+0200] {local_task_job_runner.py:123} INFO - ::group::Pre task execution logs
[2026-09-05T19:40:46.402+0200] {taskinstance.py:2614} INFO - Dependencies all met for dep_context=non-requeueable deps ti=<TaskInstance: mini_riskagent_file_ingestion.wait_for_csv scheduled__2026-09-05T17:00:00+00:00 [queued]>
[2026-09-05T19:40:46.404+0200] {taskinstance.py:2614} INFO - Dependencies all met for dep_context=requeueable deps ti=<TaskInstance: mini_riskagent_file_ingestion.wait_for_csv scheduled__2026-09-05T17:00:00+00:00 [queued]>
[2026-09-05T19:40:46.404+0200] {taskinstance.py:2867} INFO - Starting attempt 1 of 2
[2026-09-05T19:40:46.407+0200] {taskinstance.py:2890} INFO - Executing <Task(PythonSensor): wait_for_csv> on 2026-09-05 17:00:00+00:00
[2026-09-05T19:40:46.412+0200] {standard_task_runner.py:104} INFO - Running: ['airflow', 'tasks', 'run', 'mini_riskagent_file_ingestion', 'wait_for_csv', 'scheduled__2026-09-05T17:00:00+00:00', '--job-id', '1804', '--raw', '--subdir', 'DAGS_FOLDER/data_ingest_pipeline.py', '--cfg-path', '/var/folders/5p/201rr1sj03g8gksxm9x48mbh0000gn/T/tmpi0ja1qzh']
[2026-09-05T19:40:46.412+0200] {standard_task_runner.py:105} INFO - Job 1804: Subtask wait_for_csv
[2026-09-05T19:40:46.462+0200] {logging_mixin.py:190} WARNING - /Users/swarnalidatta/Desktop/AutoQueryChatbot/.airflow-venv/lib/python3.12/site-packages/airflow/task/task_runner/standard_task_runner.py:70 DeprecationWarning: This process (pid=33809) is multi-threaded, use of fork() may lead to deadlocks in the child.
[2026-09-05T19:40:46.463+0200] {standard_task_runner.py:72} INFO - Started process 33815 to run task
[2026-09-05T19:40:46.475+0200] {task_command.py:467} INFO - Running <TaskInstance: mini_riskagent_file_ingestion.wait_for_csv scheduled__2026-09-05T17:00:00+00:00 [running]> on host mac.home
[2026-09-05T19:40:46.491+0200] {taskinstance.py:3134} INFO - Exporting env vars: AIRFLOW_CTX_DAG_OWNER='autoquery' AIRFLOW_CTX_DAG_ID='mini_riskagent_file_ingestion' AIRFLOW_CTX_TASK_ID='wait_for_csv' AIRFLOW_CTX_EXECUTION_DATE='2026-09-05T17:00:00+00:00' AIRFLOW_CTX_TRY_NUMBER='1' AIRFLOW_CTX_DAG_RUN_ID='scheduled__2026-09-05T17:00:00+00:00'
[2026-09-05T19:40:46.491+0200] {logging_mixin.py:190} INFO - Task instance is in running state
[2026-09-05T19:40:46.491+0200] {logging_mixin.py:190} INFO -  Previous state of the Task instance: queued
[2026-09-05T19:40:46.491+0200] {logging_mixin.py:190} INFO - Current task name:wait_for_csv state:running start_date:2026-09-05 17:40:46.402755+00:00
[2026-09-05T19:40:46.492+0200] {logging_mixin.py:190} INFO - Dag name:mini_riskagent_file_ingestion and current dag run status:running
[2026-09-05T19:40:46.492+0200] {taskinstance.py:732} INFO - ::endgroup::
[2026-09-05T19:40:46.493+0200] {python.py:75} INFO - Poking callable: <function check_for_csv_files at 0x10a5e4c20>
[2026-09-05T19:40:46.496+0200] {taskinstance.py:310} INFO - Rescheduling task, marking task as UP_FOR_RESCHEDULE
[2026-09-05T19:40:46.497+0200] {taskinstance.py:341} INFO - ::group::Post task execution logs
[2026-09-05T19:40:46.518+0200] {local_task_job_runner.py:266} INFO - Task exited with return code 0
[2026-09-05T19:40:46.523+0200] {taskinstance.py:3901} INFO - 0 downstream tasks scheduled from follow-on schedule check
[2026-09-05T19:40:46.523+0200] {local_task_job_runner.py:245} INFO - ::endgroup::
[2026-09-05T19:41:18.554+0200] {local_task_job_runner.py:123} INFO - ::group::Pre task execution logs
[2026-09-05T19:41:18.557+0200] {taskinstance.py:2614} INFO - Dependencies all met for dep_context=non-requeueable deps ti=<TaskInstance: mini_riskagent_file_ingestion.wait_for_csv scheduled__2026-09-05T17:00:00+00:00 [queued]>
[2026-09-05T19:41:18.559+0200] {taskinstance.py:2614} INFO - Dependencies all met for dep_context=requeueable deps ti=<TaskInstance: mini_riskagent_file_ingestion.wait_for_csv scheduled__2026-09-05T17:00:00+00:00 [queued]>
[2026-09-05T19:41:18.559+0200] {taskinstance.py:2867} INFO - Starting attempt 1 of 2
[2026-09-05T19:41:18.562+0200] {taskinstance.py:2890} INFO - Executing <Task(PythonSensor): wait_for_csv> on 2026-09-05 17:00:00+00:00
[2026-09-05T19:41:18.567+0200] {standard_task_runner.py:104} INFO - Running: ['airflow', 'tasks', 'run', 'mini_riskagent_file_ingestion', 'wait_for_csv', 'scheduled__2026-09-05T17:00:00+00:00', '--job-id', '1820', '--raw', '--subdir', 'DAGS_FOLDER/data_ingest_pipeline.py', '--cfg-path', '/var/folders/5p/201rr1sj03g8gksxm9x48mbh0000gn/T/tmp8bvn17vr']
[2026-09-05T19:41:18.568+0200] {standard_task_runner.py:105} INFO - Job 1820: Subtask wait_for_csv
[2026-09-05T19:41:18.620+0200] {logging_mixin.py:190} WARNING - /Users/swarnalidatta/Desktop/AutoQueryChatbot/.airflow-venv/lib/python3.12/site-packages/airflow/task/task_runner/standard_task_runner.py:70 DeprecationWarning: This process (pid=33938) is multi-threaded, use of fork() may lead to deadlocks in the child.
[2026-09-05T19:41:18.620+0200] {standard_task_runner.py:72} INFO - Started process 33940 to run task
[2026-09-05T19:41:18.631+0200] {task_command.py:467} INFO - Running <TaskInstance: mini_riskagent_file_ingestion.wait_for_csv scheduled__2026-09-05T17:00:00+00:00 [running]> on host mac.home
[2026-09-05T19:41:18.647+0200] {taskinstance.py:3134} INFO - Exporting env vars: AIRFLOW_CTX_DAG_OWNER='autoquery' AIRFLOW_CTX_DAG_ID='mini_riskagent_file_ingestion' AIRFLOW_CTX_TASK_ID='wait_for_csv' AIRFLOW_CTX_EXECUTION_DATE='2026-09-05T17:00:00+00:00' AIRFLOW_CTX_TRY_NUMBER='1' AIRFLOW_CTX_DAG_RUN_ID='scheduled__2026-09-05T17:00:00+00:00'
[2026-09-05T19:41:18.647+0200] {logging_mixin.py:190} INFO - Task instance is in running state
[2026-09-05T19:41:18.647+0200] {logging_mixin.py:190} INFO -  Previous state of the Task instance: queued
[2026-09-05T19:41:18.648+0200] {logging_mixin.py:190} INFO - Current task name:wait_for_csv state:running start_date:2026-09-05 17:41:18.557744+00:00
[2026-09-05T19:41:18.648+0200] {logging_mixin.py:190} INFO - Dag name:mini_riskagent_file_ingestion and current dag run status:running
[2026-09-05T19:41:18.648+0200] {taskinstance.py:732} INFO - ::endgroup::
[2026-09-05T19:41:18.649+0200] {python.py:75} INFO - Poking callable: <function check_for_csv_files at 0x1120e4c20>
[2026-09-05T19:41:18.652+0200] {taskinstance.py:310} INFO - Rescheduling task, marking task as UP_FOR_RESCHEDULE
[2026-09-05T19:41:18.653+0200] {taskinstance.py:341} INFO - ::group::Post task execution logs
[2026-09-05T19:41:18.675+0200] {local_task_job_runner.py:266} INFO - Task exited with return code 0
[2026-09-05T19:41:18.680+0200] {taskinstance.py:3901} INFO - 0 downstream tasks scheduled from follow-on schedule check
[2026-09-05T19:41:18.681+0200] {local_task_job_runner.py:245} INFO - ::endgroup::
[2026-09-05T19:41:51.473+0200] {local_task_job_runner.py:123} INFO - ::group::Pre task execution logs
[2026-09-05T19:41:51.476+0200] {taskinstance.py:2614} INFO - Dependencies all met for dep_context=non-requeueable deps ti=<TaskInstance: mini_riskagent_file_ingestion.wait_for_csv scheduled__2026-09-05T17:00:00+00:00 [queued]>
[2026-09-05T19:41:51.478+0200] {taskinstance.py:2614} INFO - Dependencies all met for dep_context=requeueable deps ti=<TaskInstance: mini_riskagent_file_ingestion.wait_for_csv scheduled__2026-09-05T17:00:00+00:00 [queued]>
[2026-09-05T19:41:51.478+0200] {taskinstance.py:2867} INFO - Starting attempt 1 of 2
[2026-09-05T19:41:51.481+0200] {taskinstance.py:2890} INFO - Executing <Task(PythonSensor): wait_for_csv> on 2026-09-05 17:00:00+00:00
[2026-09-05T19:41:51.486+0200] {standard_task_runner.py:104} INFO - Running: ['airflow', 'tasks', 'run', 'mini_riskagent_file_ingestion', 'wait_for_csv', 'scheduled__2026-09-05T17:00:00+00:00', '--job-id', '1836', '--raw', '--subdir', 'DAGS_FOLDER/data_ingest_pipeline.py', '--cfg-path', '/var/folders/5p/201rr1sj03g8gksxm9x48mbh0000gn/T/tmps1em8c9d']
[2026-09-05T19:41:51.487+0200] {standard_task_runner.py:105} INFO - Job 1836: Subtask wait_for_csv
[2026-09-05T19:41:51.548+0200] {logging_mixin.py:190} WARNING - /Users/swarnalidatta/Desktop/AutoQueryChatbot/.airflow-venv/lib/python3.12/site-packages/airflow/task/task_runner/standard_task_runner.py:70 DeprecationWarning: This process (pid=34074) is multi-threaded, use of fork() may lead to deadlocks in the child.
[2026-09-05T19:41:51.548+0200] {standard_task_runner.py:72} INFO - Started process 34076 to run task
[2026-09-05T19:41:51.560+0200] {task_command.py:467} INFO - Running <TaskInstance: mini_riskagent_file_ingestion.wait_for_csv scheduled__2026-09-05T17:00:00+00:00 [running]> on host mac.home
[2026-09-05T19:41:51.577+0200] {taskinstance.py:3134} INFO - Exporting env vars: AIRFLOW_CTX_DAG_OWNER='autoquery' AIRFLOW_CTX_DAG_ID='mini_riskagent_file_ingestion' AIRFLOW_CTX_TASK_ID='wait_for_csv' AIRFLOW_CTX_EXECUTION_DATE='2026-09-05T17:00:00+00:00' AIRFLOW_CTX_TRY_NUMBER='1' AIRFLOW_CTX_DAG_RUN_ID='scheduled__2026-09-05T17:00:00+00:00'
[2026-09-05T19:41:51.577+0200] {logging_mixin.py:190} INFO - Task instance is in running state
[2026-09-05T19:41:51.577+0200] {logging_mixin.py:190} INFO -  Previous state of the Task instance: queued
[2026-09-05T19:41:51.578+0200] {logging_mixin.py:190} INFO - Current task name:wait_for_csv state:running start_date:2026-09-05 17:41:51.476637+00:00
[2026-09-05T19:41:51.578+0200] {logging_mixin.py:190} INFO - Dag name:mini_riskagent_file_ingestion and current dag run status:running
[2026-09-05T19:41:51.578+0200] {taskinstance.py:732} INFO - ::endgroup::
[2026-09-05T19:41:51.579+0200] {python.py:75} INFO - Poking callable: <function check_for_csv_files at 0x10a5c4c20>
[2026-09-05T19:41:51.583+0200] {taskinstance.py:310} INFO - Rescheduling task, marking task as UP_FOR_RESCHEDULE
[2026-09-05T19:41:51.583+0200] {taskinstance.py:341} INFO - ::group::Post task execution logs
[2026-09-05T19:41:51.603+0200] {local_task_job_runner.py:266} INFO - Task exited with return code 0
[2026-09-05T19:41:51.608+0200] {taskinstance.py:3901} INFO - 0 downstream tasks scheduled from follow-on schedule check
[2026-09-05T19:41:51.608+0200] {local_task_job_runner.py:245} INFO - ::endgroup::
[2026-09-05T19:42:23.106+0200] {local_task_job_runner.py:123} INFO - ::group::Pre task execution logs
[2026-09-05T19:42:23.108+0200] {taskinstance.py:2614} INFO - Dependencies all met for dep_context=non-requeueable deps ti=<TaskInstance: mini_riskagent_file_ingestion.wait_for_csv scheduled__2026-09-05T17:00:00+00:00 [queued]>
[2026-09-05T19:42:23.110+0200] {taskinstance.py:2614} INFO - Dependencies all met for dep_context=requeueable deps ti=<TaskInstance: mini_riskagent_file_ingestion.wait_for_csv scheduled__2026-09-05T17:00:00+00:00 [queued]>
[2026-09-05T19:42:23.110+0200] {taskinstance.py:2867} INFO - Starting attempt 1 of 2
[2026-09-05T19:42:23.113+0200] {taskinstance.py:2890} INFO - Executing <Task(PythonSensor): wait_for_csv> on 2026-09-05 17:00:00+00:00
[2026-09-05T19:42:23.117+0200] {standard_task_runner.py:104} INFO - Running: ['airflow', 'tasks', 'run', 'mini_riskagent_file_ingestion', 'wait_for_csv', 'scheduled__2026-09-05T17:00:00+00:00', '--job-id', '1852', '--raw', '--subdir', 'DAGS_FOLDER/data_ingest_pipeline.py', '--cfg-path', '/var/folders/5p/201rr1sj03g8gksxm9x48mbh0000gn/T/tmp7e565pu1']
[2026-09-05T19:42:23.118+0200] {standard_task_runner.py:105} INFO - Job 1852: Subtask wait_for_csv
[2026-09-05T19:42:23.168+0200] {logging_mixin.py:190} WARNING - /Users/swarnalidatta/Desktop/AutoQueryChatbot/.airflow-venv/lib/python3.12/site-packages/airflow/task/task_runner/standard_task_runner.py:70 DeprecationWarning: This process (pid=34201) is multi-threaded, use of fork() may lead to deadlocks in the child.
[2026-09-05T19:42:23.168+0200] {standard_task_runner.py:72} INFO - Started process 34203 to run task
[2026-09-05T19:42:23.179+0200] {task_command.py:467} INFO - Running <TaskInstance: mini_riskagent_file_ingestion.wait_for_csv scheduled__2026-09-05T17:00:00+00:00 [running]> on host mac.home
[2026-09-05T19:42:23.195+0200] {taskinstance.py:3134} INFO - Exporting env vars: AIRFLOW_CTX_DAG_OWNER='autoquery' AIRFLOW_CTX_DAG_ID='mini_riskagent_file_ingestion' AIRFLOW_CTX_TASK_ID='wait_for_csv' AIRFLOW_CTX_EXECUTION_DATE='2026-09-05T17:00:00+00:00' AIRFLOW_CTX_TRY_NUMBER='1' AIRFLOW_CTX_DAG_RUN_ID='scheduled__2026-09-05T17:00:00+00:00'
[2026-09-05T19:42:23.196+0200] {logging_mixin.py:190} INFO - Task instance is in running state
[2026-09-05T19:42:23.196+0200] {logging_mixin.py:190} INFO -  Previous state of the Task instance: queued
[2026-09-05T19:42:23.196+0200] {logging_mixin.py:190} INFO - Current task name:wait_for_csv state:running start_date:2026-09-05 17:42:23.108838+00:00
[2026-09-05T19:42:23.196+0200] {logging_mixin.py:190} INFO - Dag name:mini_riskagent_file_ingestion and current dag run status:running
[2026-09-05T19:42:23.196+0200] {taskinstance.py:732} INFO - ::endgroup::
[2026-09-05T19:42:23.198+0200] {python.py:75} INFO - Poking callable: <function check_for_csv_files at 0x1130e4c20>
[2026-09-05T19:42:23.201+0200] {taskinstance.py:310} INFO - Rescheduling task, marking task as UP_FOR_RESCHEDULE
[2026-09-05T19:42:23.201+0200] {taskinstance.py:341} INFO - ::group::Post task execution logs
[2026-09-05T19:42:23.224+0200] {local_task_job_runner.py:266} INFO - Task exited with return code 0
[2026-09-05T19:42:23.229+0200] {taskinstance.py:3901} INFO - 0 downstream tasks scheduled from follow-on schedule check
[2026-09-05T19:42:23.229+0200] {local_task_job_runner.py:245} INFO - ::endgroup::
[2026-09-05T19:42:54.713+0200] {local_task_job_runner.py:123} INFO - ::group::Pre task execution logs
[2026-09-05T19:42:54.716+0200] {taskinstance.py:2614} INFO - Dependencies all met for dep_context=non-requeueable deps ti=<TaskInstance: mini_riskagent_file_ingestion.wait_for_csv scheduled__2026-09-05T17:00:00+00:00 [queued]>
[2026-09-05T19:42:54.717+0200] {taskinstance.py:2614} INFO - Dependencies all met for dep_context=requeueable deps ti=<TaskInstance: mini_riskagent_file_ingestion.wait_for_csv scheduled__2026-09-05T17:00:00+00:00 [queued]>
[2026-09-05T19:42:54.717+0200] {taskinstance.py:2867} INFO - Starting attempt 1 of 2
[2026-09-05T19:42:54.721+0200] {taskinstance.py:2890} INFO - Executing <Task(PythonSensor): wait_for_csv> on 2026-09-05 17:00:00+00:00
[2026-09-05T19:42:54.725+0200] {standard_task_runner.py:104} INFO - Running: ['airflow', 'tasks', 'run', 'mini_riskagent_file_ingestion', 'wait_for_csv', 'scheduled__2026-09-05T17:00:00+00:00', '--job-id', '1868', '--raw', '--subdir', 'DAGS_FOLDER/data_ingest_pipeline.py', '--cfg-path', '/var/folders/5p/201rr1sj03g8gksxm9x48mbh0000gn/T/tmpppq9irmr']
[2026-09-05T19:42:54.726+0200] {standard_task_runner.py:105} INFO - Job 1868: Subtask wait_for_csv
[2026-09-05T19:42:54.776+0200] {logging_mixin.py:190} WARNING - /Users/swarnalidatta/Desktop/AutoQueryChatbot/.airflow-venv/lib/python3.12/site-packages/airflow/task/task_runner/standard_task_runner.py:70 DeprecationWarning: This process (pid=34311) is multi-threaded, use of fork() may lead to deadlocks in the child.
[2026-09-05T19:42:54.776+0200] {standard_task_runner.py:72} INFO - Started process 34313 to run task
[2026-09-05T19:42:54.787+0200] {task_command.py:467} INFO - Running <TaskInstance: mini_riskagent_file_ingestion.wait_for_csv scheduled__2026-09-05T17:00:00+00:00 [running]> on host mac.home
[2026-09-05T19:42:54.806+0200] {taskinstance.py:3134} INFO - Exporting env vars: AIRFLOW_CTX_DAG_OWNER='autoquery' AIRFLOW_CTX_DAG_ID='mini_riskagent_file_ingestion' AIRFLOW_CTX_TASK_ID='wait_for_csv' AIRFLOW_CTX_EXECUTION_DATE='2026-09-05T17:00:00+00:00' AIRFLOW_CTX_TRY_NUMBER='1' AIRFLOW_CTX_DAG_RUN_ID='scheduled__2026-09-05T17:00:00+00:00'
[2026-09-05T19:42:54.807+0200] {logging_mixin.py:190} INFO - Task instance is in running state
[2026-09-05T19:42:54.807+0200] {logging_mixin.py:190} INFO -  Previous state of the Task instance: queued
[2026-09-05T19:42:54.807+0200] {logging_mixin.py:190} INFO - Current task name:wait_for_csv state:running start_date:2026-09-05 17:42:54.716157+00:00
[2026-09-05T19:42:54.807+0200] {logging_mixin.py:190} INFO - Dag name:mini_riskagent_file_ingestion and current dag run status:running
[2026-09-05T19:42:54.808+0200] {taskinstance.py:732} INFO - ::endgroup::
[2026-09-05T19:42:54.809+0200] {python.py:75} INFO - Poking callable: <function check_for_csv_files at 0x10dde4c20>
[2026-09-05T19:42:54.812+0200] {taskinstance.py:310} INFO - Rescheduling task, marking task as UP_FOR_RESCHEDULE
[2026-09-05T19:42:54.812+0200] {taskinstance.py:341} INFO - ::group::Post task execution logs
[2026-09-05T19:42:54.831+0200] {local_task_job_runner.py:266} INFO - Task exited with return code 0
[2026-09-05T19:42:54.836+0200] {taskinstance.py:3901} INFO - 0 downstream tasks scheduled from follow-on schedule check
[2026-09-05T19:42:54.836+0200] {local_task_job_runner.py:245} INFO - ::endgroup::
[2026-09-05T19:43:26.192+0200] {local_task_job_runner.py:123} INFO - ::group::Pre task execution logs
[2026-09-05T19:43:26.195+0200] {taskinstance.py:2614} INFO - Dependencies all met for dep_context=non-requeueable deps ti=<TaskInstance: mini_riskagent_file_ingestion.wait_for_csv scheduled__2026-09-05T17:00:00+00:00 [queued]>
[2026-09-05T19:43:26.197+0200] {taskinstance.py:2614} INFO - Dependencies all met for dep_context=requeueable deps ti=<TaskInstance: mini_riskagent_file_ingestion.wait_for_csv scheduled__2026-09-05T17:00:00+00:00 [queued]>
[2026-09-05T19:43:26.197+0200] {taskinstance.py:2867} INFO - Starting attempt 1 of 2
[2026-09-05T19:43:26.200+0200] {taskinstance.py:2890} INFO - Executing <Task(PythonSensor): wait_for_csv> on 2026-09-05 17:00:00+00:00
[2026-09-05T19:43:26.205+0200] {standard_task_runner.py:104} INFO - Running: ['airflow', 'tasks', 'run', 'mini_riskagent_file_ingestion', 'wait_for_csv', 'scheduled__2026-09-05T17:00:00+00:00', '--job-id', '1884', '--raw', '--subdir', 'DAGS_FOLDER/data_ingest_pipeline.py', '--cfg-path', '/var/folders/5p/201rr1sj03g8gksxm9x48mbh0000gn/T/tmpq8a0hmzm']
[2026-09-05T19:43:26.205+0200] {standard_task_runner.py:105} INFO - Job 1884: Subtask wait_for_csv
[2026-09-05T19:43:26.254+0200] {logging_mixin.py:190} WARNING - /Users/swarnalidatta/Desktop/AutoQueryChatbot/.airflow-venv/lib/python3.12/site-packages/airflow/task/task_runner/standard_task_runner.py:70 DeprecationWarning: This process (pid=34420) is multi-threaded, use of fork() may lead to deadlocks in the child.
[2026-09-05T19:43:26.254+0200] {standard_task_runner.py:72} INFO - Started process 34422 to run task
[2026-09-05T19:43:26.268+0200] {task_command.py:467} INFO - Running <TaskInstance: mini_riskagent_file_ingestion.wait_for_csv scheduled__2026-09-05T17:00:00+00:00 [running]> on host mac.home
[2026-09-05T19:43:26.284+0200] {taskinstance.py:3134} INFO - Exporting env vars: AIRFLOW_CTX_DAG_OWNER='autoquery' AIRFLOW_CTX_DAG_ID='mini_riskagent_file_ingestion' AIRFLOW_CTX_TASK_ID='wait_for_csv' AIRFLOW_CTX_EXECUTION_DATE='2026-09-05T17:00:00+00:00' AIRFLOW_CTX_TRY_NUMBER='1' AIRFLOW_CTX_DAG_RUN_ID='scheduled__2026-09-05T17:00:00+00:00'
[2026-09-05T19:43:26.284+0200] {logging_mixin.py:190} INFO - Task instance is in running state
[2026-09-05T19:43:26.284+0200] {logging_mixin.py:190} INFO -  Previous state of the Task instance: queued
[2026-09-05T19:43:26.285+0200] {logging_mixin.py:190} INFO - Current task name:wait_for_csv state:running start_date:2026-09-05 17:43:26.195709+00:00
[2026-09-05T19:43:26.285+0200] {logging_mixin.py:190} INFO - Dag name:mini_riskagent_file_ingestion and current dag run status:running
[2026-09-05T19:43:26.285+0200] {taskinstance.py:732} INFO - ::endgroup::
[2026-09-05T19:43:26.286+0200] {python.py:75} INFO - Poking callable: <function check_for_csv_files at 0x108bd0c20>
[2026-09-05T19:43:26.289+0200] {taskinstance.py:310} INFO - Rescheduling task, marking task as UP_FOR_RESCHEDULE
[2026-09-05T19:43:26.290+0200] {taskinstance.py:341} INFO - ::group::Post task execution logs
[2026-09-05T19:43:26.310+0200] {local_task_job_runner.py:266} INFO - Task exited with return code 0
[2026-09-05T19:43:26.315+0200] {taskinstance.py:3901} INFO - 0 downstream tasks scheduled from follow-on schedule check
[2026-09-05T19:43:26.315+0200] {local_task_job_runner.py:245} INFO - ::endgroup::
[2026-09-05T19:43:57.738+0200] {local_task_job_runner.py:123} INFO - ::group::Pre task execution logs
[2026-09-05T19:43:57.741+0200] {taskinstance.py:2614} INFO - Dependencies all met for dep_context=non-requeueable deps ti=<TaskInstance: mini_riskagent_file_ingestion.wait_for_csv scheduled__2026-09-05T17:00:00+00:00 [queued]>
[2026-09-05T19:43:57.743+0200] {taskinstance.py:2614} INFO - Dependencies all met for dep_context=requeueable deps ti=<TaskInstance: mini_riskagent_file_ingestion.wait_for_csv scheduled__2026-09-05T17:00:00+00:00 [queued]>
[2026-09-05T19:43:57.743+0200] {taskinstance.py:2867} INFO - Starting attempt 1 of 2
[2026-09-05T19:43:57.746+0200] {taskinstance.py:2890} INFO - Executing <Task(PythonSensor): wait_for_csv> on 2026-09-05 17:00:00+00:00
[2026-09-05T19:43:57.750+0200] {standard_task_runner.py:104} INFO - Running: ['airflow', 'tasks', 'run', 'mini_riskagent_file_ingestion', 'wait_for_csv', 'scheduled__2026-09-05T17:00:00+00:00', '--job-id', '1900', '--raw', '--subdir', 'DAGS_FOLDER/data_ingest_pipeline.py', '--cfg-path', '/var/folders/5p/201rr1sj03g8gksxm9x48mbh0000gn/T/tmp0zigd73h']
[2026-09-05T19:43:57.751+0200] {standard_task_runner.py:105} INFO - Job 1900: Subtask wait_for_csv
[2026-09-05T19:43:57.800+0200] {logging_mixin.py:190} WARNING - /Users/swarnalidatta/Desktop/AutoQueryChatbot/.airflow-venv/lib/python3.12/site-packages/airflow/task/task_runner/standard_task_runner.py:70 DeprecationWarning: This process (pid=34531) is multi-threaded, use of fork() may lead to deadlocks in the child.
[2026-09-05T19:43:57.800+0200] {standard_task_runner.py:72} INFO - Started process 34533 to run task
[2026-09-05T19:43:57.814+0200] {task_command.py:467} INFO - Running <TaskInstance: mini_riskagent_file_ingestion.wait_for_csv scheduled__2026-09-05T17:00:00+00:00 [running]> on host mac.home
[2026-09-05T19:43:57.830+0200] {taskinstance.py:3134} INFO - Exporting env vars: AIRFLOW_CTX_DAG_OWNER='autoquery' AIRFLOW_CTX_DAG_ID='mini_riskagent_file_ingestion' AIRFLOW_CTX_TASK_ID='wait_for_csv' AIRFLOW_CTX_EXECUTION_DATE='2026-09-05T17:00:00+00:00' AIRFLOW_CTX_TRY_NUMBER='1' AIRFLOW_CTX_DAG_RUN_ID='scheduled__2026-09-05T17:00:00+00:00'
[2026-09-05T19:43:57.830+0200] {logging_mixin.py:190} INFO - Task instance is in running state
[2026-09-05T19:43:57.830+0200] {logging_mixin.py:190} INFO -  Previous state of the Task instance: queued
[2026-09-05T19:43:57.831+0200] {logging_mixin.py:190} INFO - Current task name:wait_for_csv state:running start_date:2026-09-05 17:43:57.741740+00:00
[2026-09-05T19:43:57.831+0200] {logging_mixin.py:190} INFO - Dag name:mini_riskagent_file_ingestion and current dag run status:running
[2026-09-05T19:43:57.831+0200] {taskinstance.py:732} INFO - ::endgroup::
[2026-09-05T19:43:57.832+0200] {python.py:75} INFO - Poking callable: <function check_for_csv_files at 0x10c308c20>
[2026-09-05T19:43:57.835+0200] {taskinstance.py:310} INFO - Rescheduling task, marking task as UP_FOR_RESCHEDULE
[2026-09-05T19:43:57.836+0200] {taskinstance.py:341} INFO - ::group::Post task execution logs
[2026-09-05T19:43:57.856+0200] {local_task_job_runner.py:266} INFO - Task exited with return code 0
[2026-09-05T19:43:57.860+0200] {taskinstance.py:3901} INFO - 0 downstream tasks scheduled from follow-on schedule check
[2026-09-05T19:43:57.861+0200] {local_task_job_runner.py:245} INFO - ::endgroup::
[2026-09-05T19:44:29.608+0200] {local_task_job_runner.py:123} INFO - ::group::Pre task execution logs
[2026-09-05T19:44:29.610+0200] {taskinstance.py:2614} INFO - Dependencies all met for dep_context=non-requeueable deps ti=<TaskInstance: mini_riskagent_file_ingestion.wait_for_csv scheduled__2026-09-05T17:00:00+00:00 [queued]>
[2026-09-05T19:44:29.612+0200] {taskinstance.py:2614} INFO - Dependencies all met for dep_context=requeueable deps ti=<TaskInstance: mini_riskagent_file_ingestion.wait_for_csv scheduled__2026-09-05T17:00:00+00:00 [queued]>
[2026-09-05T19:44:29.612+0200] {taskinstance.py:2867} INFO - Starting attempt 1 of 2
[2026-09-05T19:44:29.616+0200] {taskinstance.py:2890} INFO - Executing <Task(PythonSensor): wait_for_csv> on 2026-09-05 17:00:00+00:00
[2026-09-05T19:44:29.620+0200] {standard_task_runner.py:104} INFO - Running: ['airflow', 'tasks', 'run', 'mini_riskagent_file_ingestion', 'wait_for_csv', 'scheduled__2026-09-05T17:00:00+00:00', '--job-id', '1916', '--raw', '--subdir', 'DAGS_FOLDER/data_ingest_pipeline.py', '--cfg-path', '/var/folders/5p/201rr1sj03g8gksxm9x48mbh0000gn/T/tmp7kgpkw_l']
[2026-09-05T19:44:29.621+0200] {standard_task_runner.py:105} INFO - Job 1916: Subtask wait_for_csv
[2026-09-05T19:44:29.670+0200] {logging_mixin.py:190} WARNING - /Users/swarnalidatta/Desktop/AutoQueryChatbot/.airflow-venv/lib/python3.12/site-packages/airflow/task/task_runner/standard_task_runner.py:70 DeprecationWarning: This process (pid=34646) is multi-threaded, use of fork() may lead to deadlocks in the child.
[2026-09-05T19:44:29.670+0200] {standard_task_runner.py:72} INFO - Started process 34652 to run task
[2026-09-05T19:44:29.683+0200] {task_command.py:467} INFO - Running <TaskInstance: mini_riskagent_file_ingestion.wait_for_csv scheduled__2026-09-05T17:00:00+00:00 [running]> on host mac.home
[2026-09-05T19:44:29.699+0200] {taskinstance.py:3134} INFO - Exporting env vars: AIRFLOW_CTX_DAG_OWNER='autoquery' AIRFLOW_CTX_DAG_ID='mini_riskagent_file_ingestion' AIRFLOW_CTX_TASK_ID='wait_for_csv' AIRFLOW_CTX_EXECUTION_DATE='2026-09-05T17:00:00+00:00' AIRFLOW_CTX_TRY_NUMBER='1' AIRFLOW_CTX_DAG_RUN_ID='scheduled__2026-09-05T17:00:00+00:00'
[2026-09-05T19:44:29.699+0200] {logging_mixin.py:190} INFO - Task instance is in running state
[2026-09-05T19:44:29.699+0200] {logging_mixin.py:190} INFO -  Previous state of the Task instance: queued
[2026-09-05T19:44:29.699+0200] {logging_mixin.py:190} INFO - Current task name:wait_for_csv state:running start_date:2026-09-05 17:44:29.610999+00:00
[2026-09-05T19:44:29.699+0200] {logging_mixin.py:190} INFO - Dag name:mini_riskagent_file_ingestion and current dag run status:running
[2026-09-05T19:44:29.700+0200] {taskinstance.py:732} INFO - ::endgroup::
[2026-09-05T19:44:29.701+0200] {python.py:75} INFO - Poking callable: <function check_for_csv_files at 0x109ff0c20>
[2026-09-05T19:44:29.704+0200] {taskinstance.py:310} INFO - Rescheduling task, marking task as UP_FOR_RESCHEDULE
[2026-09-05T19:44:29.704+0200] {taskinstance.py:341} INFO - ::group::Post task execution logs
[2026-09-05T19:44:29.729+0200] {local_task_job_runner.py:266} INFO - Task exited with return code 0
[2026-09-05T19:44:29.734+0200] {taskinstance.py:3901} INFO - 0 downstream tasks scheduled from follow-on schedule check
[2026-09-05T19:44:29.734+0200] {local_task_job_runner.py:245} INFO - ::endgroup::
[2026-09-05T19:45:01.950+0200] {local_task_job_runner.py:123} INFO - ::group::Pre task execution logs
[2026-09-05T19:45:01.952+0200] {taskinstance.py:2614} INFO - Dependencies all met for dep_context=non-requeueable deps ti=<TaskInstance: mini_riskagent_file_ingestion.wait_for_csv scheduled__2026-09-05T17:00:00+00:00 [queued]>
[2026-09-05T19:45:01.954+0200] {taskinstance.py:2614} INFO - Dependencies all met for dep_context=requeueable deps ti=<TaskInstance: mini_riskagent_file_ingestion.wait_for_csv scheduled__2026-09-05T17:00:00+00:00 [queued]>
[2026-09-05T19:45:01.954+0200] {taskinstance.py:2867} INFO - Starting attempt 1 of 2
[2026-09-05T19:45:01.957+0200] {taskinstance.py:2890} INFO - Executing <Task(PythonSensor): wait_for_csv> on 2026-09-05 17:00:00+00:00
[2026-09-05T19:45:01.962+0200] {standard_task_runner.py:104} INFO - Running: ['airflow', 'tasks', 'run', 'mini_riskagent_file_ingestion', 'wait_for_csv', 'scheduled__2026-09-05T17:00:00+00:00', '--job-id', '1932', '--raw', '--subdir', 'DAGS_FOLDER/data_ingest_pipeline.py', '--cfg-path', '/var/folders/5p/201rr1sj03g8gksxm9x48mbh0000gn/T/tmp5vcc2axq']
[2026-09-05T19:45:01.962+0200] {standard_task_runner.py:105} INFO - Job 1932: Subtask wait_for_csv
[2026-09-05T19:45:02.014+0200] {logging_mixin.py:190} WARNING - /Users/swarnalidatta/Desktop/AutoQueryChatbot/.airflow-venv/lib/python3.12/site-packages/airflow/task/task_runner/standard_task_runner.py:70 DeprecationWarning: This process (pid=34768) is multi-threaded, use of fork() may lead to deadlocks in the child.
[2026-09-05T19:45:02.015+0200] {standard_task_runner.py:72} INFO - Started process 34770 to run task
[2026-09-05T19:45:02.026+0200] {task_command.py:467} INFO - Running <TaskInstance: mini_riskagent_file_ingestion.wait_for_csv scheduled__2026-09-05T17:00:00+00:00 [running]> on host mac.home
[2026-09-05T19:45:02.042+0200] {taskinstance.py:3134} INFO - Exporting env vars: AIRFLOW_CTX_DAG_OWNER='autoquery' AIRFLOW_CTX_DAG_ID='mini_riskagent_file_ingestion' AIRFLOW_CTX_TASK_ID='wait_for_csv' AIRFLOW_CTX_EXECUTION_DATE='2026-09-05T17:00:00+00:00' AIRFLOW_CTX_TRY_NUMBER='1' AIRFLOW_CTX_DAG_RUN_ID='scheduled__2026-09-05T17:00:00+00:00'
[2026-09-05T19:45:02.042+0200] {logging_mixin.py:190} INFO - Task instance is in running state
[2026-09-05T19:45:02.043+0200] {logging_mixin.py:190} INFO -  Previous state of the Task instance: queued
[2026-09-05T19:45:02.043+0200] {logging_mixin.py:190} INFO - Current task name:wait_for_csv state:running start_date:2026-09-05 17:45:01.952997+00:00
[2026-09-05T19:45:02.043+0200] {logging_mixin.py:190} INFO - Dag name:mini_riskagent_file_ingestion and current dag run status:running
[2026-09-05T19:45:02.043+0200] {taskinstance.py:732} INFO - ::endgroup::
[2026-09-05T19:45:02.044+0200] {python.py:75} INFO - Poking callable: <function check_for_csv_files at 0x110968c20>
[2026-09-05T19:45:02.048+0200] {taskinstance.py:310} INFO - Rescheduling task, marking task as UP_FOR_RESCHEDULE
[2026-09-05T19:45:02.048+0200] {taskinstance.py:341} INFO - ::group::Post task execution logs
[2026-09-05T19:45:02.070+0200] {local_task_job_runner.py:266} INFO - Task exited with return code 0
[2026-09-05T19:45:02.075+0200] {taskinstance.py:3901} INFO - 0 downstream tasks scheduled from follow-on schedule check
[2026-09-05T19:45:02.075+0200] {local_task_job_runner.py:245} INFO - ::endgroup::
[2026-09-05T19:45:34.583+0200] {local_task_job_runner.py:123} INFO - ::group::Pre task execution logs
[2026-09-05T19:45:34.586+0200] {taskinstance.py:2614} INFO - Dependencies all met for dep_context=non-requeueable deps ti=<TaskInstance: mini_riskagent_file_ingestion.wait_for_csv scheduled__2026-09-05T17:00:00+00:00 [queued]>
[2026-09-05T19:45:34.588+0200] {taskinstance.py:2614} INFO - Dependencies all met for dep_context=requeueable deps ti=<TaskInstance: mini_riskagent_file_ingestion.wait_for_csv scheduled__2026-09-05T17:00:00+00:00 [queued]>
[2026-09-05T19:45:34.588+0200] {taskinstance.py:2867} INFO - Starting attempt 1 of 2
[2026-09-05T19:45:34.591+0200] {taskinstance.py:2890} INFO - Executing <Task(PythonSensor): wait_for_csv> on 2026-09-05 17:00:00+00:00
[2026-09-05T19:45:34.596+0200] {standard_task_runner.py:104} INFO - Running: ['airflow', 'tasks', 'run', 'mini_riskagent_file_ingestion', 'wait_for_csv', 'scheduled__2026-09-05T17:00:00+00:00', '--job-id', '1948', '--raw', '--subdir', 'DAGS_FOLDER/data_ingest_pipeline.py', '--cfg-path', '/var/folders/5p/201rr1sj03g8gksxm9x48mbh0000gn/T/tmp5_5kovpw']
[2026-09-05T19:45:34.597+0200] {standard_task_runner.py:105} INFO - Job 1948: Subtask wait_for_csv
[2026-09-05T19:45:34.648+0200] {logging_mixin.py:190} WARNING - /Users/swarnalidatta/Desktop/AutoQueryChatbot/.airflow-venv/lib/python3.12/site-packages/airflow/task/task_runner/standard_task_runner.py:70 DeprecationWarning: This process (pid=34905) is multi-threaded, use of fork() may lead to deadlocks in the child.
[2026-09-05T19:45:34.648+0200] {standard_task_runner.py:72} INFO - Started process 34907 to run task
[2026-09-05T19:45:34.659+0200] {task_command.py:467} INFO - Running <TaskInstance: mini_riskagent_file_ingestion.wait_for_csv scheduled__2026-09-05T17:00:00+00:00 [running]> on host mac.home
[2026-09-05T19:45:34.674+0200] {taskinstance.py:3134} INFO - Exporting env vars: AIRFLOW_CTX_DAG_OWNER='autoquery' AIRFLOW_CTX_DAG_ID='mini_riskagent_file_ingestion' AIRFLOW_CTX_TASK_ID='wait_for_csv' AIRFLOW_CTX_EXECUTION_DATE='2026-09-05T17:00:00+00:00' AIRFLOW_CTX_TRY_NUMBER='1' AIRFLOW_CTX_DAG_RUN_ID='scheduled__2026-09-05T17:00:00+00:00'
[2026-09-05T19:45:34.675+0200] {logging_mixin.py:190} INFO - Task instance is in running state
[2026-09-05T19:45:34.675+0200] {logging_mixin.py:190} INFO -  Previous state of the Task instance: queued
[2026-09-05T19:45:34.675+0200] {logging_mixin.py:190} INFO - Current task name:wait_for_csv state:running start_date:2026-09-05 17:45:34.586711+00:00
[2026-09-05T19:45:34.675+0200] {logging_mixin.py:190} INFO - Dag name:mini_riskagent_file_ingestion and current dag run status:running
[2026-09-05T19:45:34.676+0200] {taskinstance.py:732} INFO - ::endgroup::
[2026-09-05T19:45:34.677+0200] {python.py:75} INFO - Poking callable: <function check_for_csv_files at 0x10c7d8c20>
[2026-09-05T19:45:34.680+0200] {taskinstance.py:310} INFO - Rescheduling task, marking task as UP_FOR_RESCHEDULE
[2026-09-05T19:45:34.680+0200] {taskinstance.py:341} INFO - ::group::Post task execution logs
[2026-09-05T19:45:34.703+0200] {local_task_job_runner.py:266} INFO - Task exited with return code 0
[2026-09-05T19:45:34.708+0200] {taskinstance.py:3901} INFO - 0 downstream tasks scheduled from follow-on schedule check
[2026-09-05T19:45:34.708+0200] {local_task_job_runner.py:245} INFO - ::endgroup::
[2026-09-05T19:46:06.867+0200] {local_task_job_runner.py:123} INFO - ::group::Pre task execution logs
[2026-09-05T19:46:06.870+0200] {taskinstance.py:2614} INFO - Dependencies all met for dep_context=non-requeueable deps ti=<TaskInstance: mini_riskagent_file_ingestion.wait_for_csv scheduled__2026-09-05T17:00:00+00:00 [queued]>
[2026-09-05T19:46:06.872+0200] {taskinstance.py:2614} INFO - Dependencies all met for dep_context=requeueable deps ti=<TaskInstance: mini_riskagent_file_ingestion.wait_for_csv scheduled__2026-09-05T17:00:00+00:00 [queued]>
[2026-09-05T19:46:06.872+0200] {taskinstance.py:2867} INFO - Starting attempt 1 of 2
[2026-09-05T19:46:06.875+0200] {taskinstance.py:2890} INFO - Executing <Task(PythonSensor): wait_for_csv> on 2026-09-05 17:00:00+00:00
[2026-09-05T19:46:06.879+0200] {standard_task_runner.py:104} INFO - Running: ['airflow', 'tasks', 'run', 'mini_riskagent_file_ingestion', 'wait_for_csv', 'scheduled__2026-09-05T17:00:00+00:00', '--job-id', '1964', '--raw', '--subdir', 'DAGS_FOLDER/data_ingest_pipeline.py', '--cfg-path', '/var/folders/5p/201rr1sj03g8gksxm9x48mbh0000gn/T/tmpizpy753x']
[2026-09-05T19:46:06.880+0200] {standard_task_runner.py:105} INFO - Job 1964: Subtask wait_for_csv
[2026-09-05T19:46:06.931+0200] {logging_mixin.py:190} WARNING - /Users/swarnalidatta/Desktop/AutoQueryChatbot/.airflow-venv/lib/python3.12/site-packages/airflow/task/task_runner/standard_task_runner.py:70 DeprecationWarning: This process (pid=35028) is multi-threaded, use of fork() may lead to deadlocks in the child.
[2026-09-05T19:46:06.931+0200] {standard_task_runner.py:72} INFO - Started process 35030 to run task
[2026-09-05T19:46:06.943+0200] {task_command.py:467} INFO - Running <TaskInstance: mini_riskagent_file_ingestion.wait_for_csv scheduled__2026-09-05T17:00:00+00:00 [running]> on host mac.home
[2026-09-05T19:46:06.958+0200] {taskinstance.py:3134} INFO - Exporting env vars: AIRFLOW_CTX_DAG_OWNER='autoquery' AIRFLOW_CTX_DAG_ID='mini_riskagent_file_ingestion' AIRFLOW_CTX_TASK_ID='wait_for_csv' AIRFLOW_CTX_EXECUTION_DATE='2026-09-05T17:00:00+00:00' AIRFLOW_CTX_TRY_NUMBER='1' AIRFLOW_CTX_DAG_RUN_ID='scheduled__2026-09-05T17:00:00+00:00'
[2026-09-05T19:46:06.958+0200] {logging_mixin.py:190} INFO - Task instance is in running state
[2026-09-05T19:46:06.959+0200] {logging_mixin.py:190} INFO -  Previous state of the Task instance: queued
[2026-09-05T19:46:06.959+0200] {logging_mixin.py:190} INFO - Current task name:wait_for_csv state:running start_date:2026-09-05 17:46:06.870646+00:00
[2026-09-05T19:46:06.959+0200] {logging_mixin.py:190} INFO - Dag name:mini_riskagent_file_ingestion and current dag run status:running
[2026-09-05T19:46:06.959+0200] {taskinstance.py:732} INFO - ::endgroup::
[2026-09-05T19:46:06.960+0200] {python.py:75} INFO - Poking callable: <function check_for_csv_files at 0x10b500c20>
[2026-09-05T19:46:06.964+0200] {taskinstance.py:310} INFO - Rescheduling task, marking task as UP_FOR_RESCHEDULE
[2026-09-05T19:46:06.964+0200] {taskinstance.py:341} INFO - ::group::Post task execution logs
[2026-09-05T19:46:06.986+0200] {local_task_job_runner.py:266} INFO - Task exited with return code 0
[2026-09-05T19:46:06.992+0200] {taskinstance.py:3901} INFO - 0 downstream tasks scheduled from follow-on schedule check
[2026-09-05T19:46:06.992+0200] {local_task_job_runner.py:245} INFO - ::endgroup::
[2026-09-05T19:46:39.053+0200] {local_task_job_runner.py:123} INFO - ::group::Pre task execution logs
[2026-09-05T19:46:39.056+0200] {taskinstance.py:2614} INFO - Dependencies all met for dep_context=non-requeueable deps ti=<TaskInstance: mini_riskagent_file_ingestion.wait_for_csv scheduled__2026-09-05T17:00:00+00:00 [queued]>
[2026-09-05T19:46:39.057+0200] {taskinstance.py:2614} INFO - Dependencies all met for dep_context=requeueable deps ti=<TaskInstance: mini_riskagent_file_ingestion.wait_for_csv scheduled__2026-09-05T17:00:00+00:00 [queued]>
[2026-09-05T19:46:39.057+0200] {taskinstance.py:2867} INFO - Starting attempt 1 of 2
[2026-09-05T19:46:39.061+0200] {taskinstance.py:2890} INFO - Executing <Task(PythonSensor): wait_for_csv> on 2026-09-05 17:00:00+00:00
[2026-09-05T19:46:39.065+0200] {standard_task_runner.py:104} INFO - Running: ['airflow', 'tasks', 'run', 'mini_riskagent_file_ingestion', 'wait_for_csv', 'scheduled__2026-09-05T17:00:00+00:00', '--job-id', '1980', '--raw', '--subdir', 'DAGS_FOLDER/data_ingest_pipeline.py', '--cfg-path', '/var/folders/5p/201rr1sj03g8gksxm9x48mbh0000gn/T/tmp7hxoyuvb']
[2026-09-05T19:46:39.066+0200] {standard_task_runner.py:105} INFO - Job 1980: Subtask wait_for_csv
[2026-09-05T19:46:39.115+0200] {logging_mixin.py:190} WARNING - /Users/swarnalidatta/Desktop/AutoQueryChatbot/.airflow-venv/lib/python3.12/site-packages/airflow/task/task_runner/standard_task_runner.py:70 DeprecationWarning: This process (pid=35140) is multi-threaded, use of fork() may lead to deadlocks in the child.
[2026-09-05T19:46:39.115+0200] {standard_task_runner.py:72} INFO - Started process 35142 to run task
[2026-09-05T19:46:39.128+0200] {task_command.py:467} INFO - Running <TaskInstance: mini_riskagent_file_ingestion.wait_for_csv scheduled__2026-09-05T17:00:00+00:00 [running]> on host mac.home
[2026-09-05T19:46:39.144+0200] {taskinstance.py:3134} INFO - Exporting env vars: AIRFLOW_CTX_DAG_OWNER='autoquery' AIRFLOW_CTX_DAG_ID='mini_riskagent_file_ingestion' AIRFLOW_CTX_TASK_ID='wait_for_csv' AIRFLOW_CTX_EXECUTION_DATE='2026-09-05T17:00:00+00:00' AIRFLOW_CTX_TRY_NUMBER='1' AIRFLOW_CTX_DAG_RUN_ID='scheduled__2026-09-05T17:00:00+00:00'
[2026-09-05T19:46:39.144+0200] {logging_mixin.py:190} INFO - Task instance is in running state
[2026-09-05T19:46:39.145+0200] {logging_mixin.py:190} INFO -  Previous state of the Task instance: queued
[2026-09-05T19:46:39.145+0200] {logging_mixin.py:190} INFO - Current task name:wait_for_csv state:running start_date:2026-09-05 17:46:39.056561+00:00
[2026-09-05T19:46:39.145+0200] {logging_mixin.py:190} INFO - Dag name:mini_riskagent_file_ingestion and current dag run status:running
[2026-09-05T19:46:39.145+0200] {taskinstance.py:732} INFO - ::endgroup::
[2026-09-05T19:46:39.146+0200] {python.py:75} INFO - Poking callable: <function check_for_csv_files at 0x10a6f4c20>
[2026-09-05T19:46:39.150+0200] {taskinstance.py:310} INFO - Rescheduling task, marking task as UP_FOR_RESCHEDULE
[2026-09-05T19:46:39.150+0200] {taskinstance.py:341} INFO - ::group::Post task execution logs
[2026-09-05T19:46:39.171+0200] {local_task_job_runner.py:266} INFO - Task exited with return code 0
[2026-09-05T19:46:39.176+0200] {taskinstance.py:3901} INFO - 0 downstream tasks scheduled from follow-on schedule check
[2026-09-05T19:46:39.176+0200] {local_task_job_runner.py:245} INFO - ::endgroup::
[2026-09-05T19:47:11.348+0200] {local_task_job_runner.py:123} INFO - ::group::Pre task execution logs
[2026-09-05T19:47:11.351+0200] {taskinstance.py:2614} INFO - Dependencies all met for dep_context=non-requeueable deps ti=<TaskInstance: mini_riskagent_file_ingestion.wait_for_csv scheduled__2026-09-05T17:00:00+00:00 [queued]>
[2026-09-05T19:47:11.352+0200] {taskinstance.py:2614} INFO - Dependencies all met for dep_context=requeueable deps ti=<TaskInstance: mini_riskagent_file_ingestion.wait_for_csv scheduled__2026-09-05T17:00:00+00:00 [queued]>
[2026-09-05T19:47:11.352+0200] {taskinstance.py:2867} INFO - Starting attempt 1 of 2
[2026-09-05T19:47:11.356+0200] {taskinstance.py:2890} INFO - Executing <Task(PythonSensor): wait_for_csv> on 2026-09-05 17:00:00+00:00
[2026-09-05T19:47:11.360+0200] {standard_task_runner.py:104} INFO - Running: ['airflow', 'tasks', 'run', 'mini_riskagent_file_ingestion', 'wait_for_csv', 'scheduled__2026-09-05T17:00:00+00:00', '--job-id', '1996', '--raw', '--subdir', 'DAGS_FOLDER/data_ingest_pipeline.py', '--cfg-path', '/var/folders/5p/201rr1sj03g8gksxm9x48mbh0000gn/T/tmpl_gt9uc4']
[2026-09-05T19:47:11.361+0200] {standard_task_runner.py:105} INFO - Job 1996: Subtask wait_for_csv
[2026-09-05T19:47:11.410+0200] {logging_mixin.py:190} WARNING - /Users/swarnalidatta/Desktop/AutoQueryChatbot/.airflow-venv/lib/python3.12/site-packages/airflow/task/task_runner/standard_task_runner.py:70 DeprecationWarning: This process (pid=35263) is multi-threaded, use of fork() may lead to deadlocks in the child.
[2026-09-05T19:47:11.410+0200] {standard_task_runner.py:72} INFO - Started process 35269 to run task
[2026-09-05T19:47:11.421+0200] {task_command.py:467} INFO - Running <TaskInstance: mini_riskagent_file_ingestion.wait_for_csv scheduled__2026-09-05T17:00:00+00:00 [running]> on host mac.home
[2026-09-05T19:47:11.437+0200] {taskinstance.py:3134} INFO - Exporting env vars: AIRFLOW_CTX_DAG_OWNER='autoquery' AIRFLOW_CTX_DAG_ID='mini_riskagent_file_ingestion' AIRFLOW_CTX_TASK_ID='wait_for_csv' AIRFLOW_CTX_EXECUTION_DATE='2026-09-05T17:00:00+00:00' AIRFLOW_CTX_TRY_NUMBER='1' AIRFLOW_CTX_DAG_RUN_ID='scheduled__2026-09-05T17:00:00+00:00'
[2026-09-05T19:47:11.437+0200] {logging_mixin.py:190} INFO - Task instance is in running state
[2026-09-05T19:47:11.437+0200] {logging_mixin.py:190} INFO -  Previous state of the Task instance: queued
[2026-09-05T19:47:11.437+0200] {logging_mixin.py:190} INFO - Current task name:wait_for_csv state:running start_date:2026-09-05 17:47:11.351347+00:00
[2026-09-05T19:47:11.438+0200] {logging_mixin.py:190} INFO - Dag name:mini_riskagent_file_ingestion and current dag run status:running
[2026-09-05T19:47:11.438+0200] {taskinstance.py:732} INFO - ::endgroup::
[2026-09-05T19:47:11.439+0200] {python.py:75} INFO - Poking callable: <function check_for_csv_files at 0x10c4f8c20>
[2026-09-05T19:47:11.442+0200] {taskinstance.py:310} INFO - Rescheduling task, marking task as UP_FOR_RESCHEDULE
[2026-09-05T19:47:11.442+0200] {taskinstance.py:341} INFO - ::group::Post task execution logs
[2026-09-05T19:47:11.466+0200] {local_task_job_runner.py:266} INFO - Task exited with return code 0
[2026-09-05T19:47:11.471+0200] {taskinstance.py:3901} INFO - 0 downstream tasks scheduled from follow-on schedule check
[2026-09-05T19:47:11.471+0200] {local_task_job_runner.py:245} INFO - ::endgroup::
[2026-09-05T19:47:43.395+0200] {local_task_job_runner.py:123} INFO - ::group::Pre task execution logs
[2026-09-05T19:47:43.398+0200] {taskinstance.py:2614} INFO - Dependencies all met for dep_context=non-requeueable deps ti=<TaskInstance: mini_riskagent_file_ingestion.wait_for_csv scheduled__2026-09-05T17:00:00+00:00 [queued]>
[2026-09-05T19:47:43.399+0200] {taskinstance.py:2614} INFO - Dependencies all met for dep_context=requeueable deps ti=<TaskInstance: mini_riskagent_file_ingestion.wait_for_csv scheduled__2026-09-05T17:00:00+00:00 [queued]>
[2026-09-05T19:47:43.399+0200] {taskinstance.py:2867} INFO - Starting attempt 1 of 2
[2026-09-05T19:47:43.403+0200] {taskinstance.py:2890} INFO - Executing <Task(PythonSensor): wait_for_csv> on 2026-09-05 17:00:00+00:00
[2026-09-05T19:47:43.407+0200] {standard_task_runner.py:104} INFO - Running: ['airflow', 'tasks', 'run', 'mini_riskagent_file_ingestion', 'wait_for_csv', 'scheduled__2026-09-05T17:00:00+00:00', '--job-id', '2012', '--raw', '--subdir', 'DAGS_FOLDER/data_ingest_pipeline.py', '--cfg-path', '/var/folders/5p/201rr1sj03g8gksxm9x48mbh0000gn/T/tmp2s0pgzwa']
[2026-09-05T19:47:43.408+0200] {standard_task_runner.py:105} INFO - Job 2012: Subtask wait_for_csv
[2026-09-05T19:47:43.458+0200] {logging_mixin.py:190} WARNING - /Users/swarnalidatta/Desktop/AutoQueryChatbot/.airflow-venv/lib/python3.12/site-packages/airflow/task/task_runner/standard_task_runner.py:70 DeprecationWarning: This process (pid=35381) is multi-threaded, use of fork() may lead to deadlocks in the child.
[2026-09-05T19:47:43.458+0200] {standard_task_runner.py:72} INFO - Started process 35383 to run task
[2026-09-05T19:47:43.470+0200] {task_command.py:467} INFO - Running <TaskInstance: mini_riskagent_file_ingestion.wait_for_csv scheduled__2026-09-05T17:00:00+00:00 [running]> on host mac.home
[2026-09-05T19:47:43.485+0200] {taskinstance.py:3134} INFO - Exporting env vars: AIRFLOW_CTX_DAG_OWNER='autoquery' AIRFLOW_CTX_DAG_ID='mini_riskagent_file_ingestion' AIRFLOW_CTX_TASK_ID='wait_for_csv' AIRFLOW_CTX_EXECUTION_DATE='2026-09-05T17:00:00+00:00' AIRFLOW_CTX_TRY_NUMBER='1' AIRFLOW_CTX_DAG_RUN_ID='scheduled__2026-09-05T17:00:00+00:00'
[2026-09-05T19:47:43.485+0200] {logging_mixin.py:190} INFO - Task instance is in running state
[2026-09-05T19:47:43.485+0200] {logging_mixin.py:190} INFO -  Previous state of the Task instance: queued
[2026-09-05T19:47:43.486+0200] {logging_mixin.py:190} INFO - Current task name:wait_for_csv state:running start_date:2026-09-05 17:47:43.398377+00:00
[2026-09-05T19:47:43.486+0200] {logging_mixin.py:190} INFO - Dag name:mini_riskagent_file_ingestion and current dag run status:running
[2026-09-05T19:47:43.486+0200] {taskinstance.py:732} INFO - ::endgroup::
[2026-09-05T19:47:43.487+0200] {python.py:75} INFO - Poking callable: <function check_for_csv_files at 0x107e38c20>
[2026-09-05T19:47:43.490+0200] {taskinstance.py:310} INFO - Rescheduling task, marking task as UP_FOR_RESCHEDULE
[2026-09-05T19:47:43.491+0200] {taskinstance.py:341} INFO - ::group::Post task execution logs
[2026-09-05T19:47:43.514+0200] {local_task_job_runner.py:266} INFO - Task exited with return code 0
[2026-09-05T19:47:43.519+0200] {taskinstance.py:3901} INFO - 0 downstream tasks scheduled from follow-on schedule check
[2026-09-05T19:47:43.519+0200] {local_task_job_runner.py:245} INFO - ::endgroup::
[2026-09-05T19:48:15.599+0200] {local_task_job_runner.py:123} INFO - ::group::Pre task execution logs
[2026-09-05T19:48:15.602+0200] {taskinstance.py:2614} INFO - Dependencies all met for dep_context=non-requeueable deps ti=<TaskInstance: mini_riskagent_file_ingestion.wait_for_csv scheduled__2026-09-05T17:00:00+00:00 [queued]>
[2026-09-05T19:48:15.603+0200] {taskinstance.py:2614} INFO - Dependencies all met for dep_context=requeueable deps ti=<TaskInstance: mini_riskagent_file_ingestion.wait_for_csv scheduled__2026-09-05T17:00:00+00:00 [queued]>
[2026-09-05T19:48:15.603+0200] {taskinstance.py:2867} INFO - Starting attempt 1 of 2
[2026-09-05T19:48:15.607+0200] {taskinstance.py:2890} INFO - Executing <Task(PythonSensor): wait_for_csv> on 2026-09-05 17:00:00+00:00
[2026-09-05T19:48:15.611+0200] {standard_task_runner.py:104} INFO - Running: ['airflow', 'tasks', 'run', 'mini_riskagent_file_ingestion', 'wait_for_csv', 'scheduled__2026-09-05T17:00:00+00:00', '--job-id', '2028', '--raw', '--subdir', 'DAGS_FOLDER/data_ingest_pipeline.py', '--cfg-path', '/var/folders/5p/201rr1sj03g8gksxm9x48mbh0000gn/T/tmpi3a8oyiw']
[2026-09-05T19:48:15.612+0200] {standard_task_runner.py:105} INFO - Job 2028: Subtask wait_for_csv
[2026-09-05T19:48:15.661+0200] {logging_mixin.py:190} WARNING - /Users/swarnalidatta/Desktop/AutoQueryChatbot/.airflow-venv/lib/python3.12/site-packages/airflow/task/task_runner/standard_task_runner.py:70 DeprecationWarning: This process (pid=35495) is multi-threaded, use of fork() may lead to deadlocks in the child.
[2026-09-05T19:48:15.661+0200] {standard_task_runner.py:72} INFO - Started process 35497 to run task
[2026-09-05T19:48:15.674+0200] {task_command.py:467} INFO - Running <TaskInstance: mini_riskagent_file_ingestion.wait_for_csv scheduled__2026-09-05T17:00:00+00:00 [running]> on host mac.home
[2026-09-05T19:48:15.690+0200] {taskinstance.py:3134} INFO - Exporting env vars: AIRFLOW_CTX_DAG_OWNER='autoquery' AIRFLOW_CTX_DAG_ID='mini_riskagent_file_ingestion' AIRFLOW_CTX_TASK_ID='wait_for_csv' AIRFLOW_CTX_EXECUTION_DATE='2026-09-05T17:00:00+00:00' AIRFLOW_CTX_TRY_NUMBER='1' AIRFLOW_CTX_DAG_RUN_ID='scheduled__2026-09-05T17:00:00+00:00'
[2026-09-05T19:48:15.690+0200] {logging_mixin.py:190} INFO - Task instance is in running state
[2026-09-05T19:48:15.690+0200] {logging_mixin.py:190} INFO -  Previous state of the Task instance: queued
[2026-09-05T19:48:15.691+0200] {logging_mixin.py:190} INFO - Current task name:wait_for_csv state:running start_date:2026-09-05 17:48:15.602576+00:00
[2026-09-05T19:48:15.691+0200] {logging_mixin.py:190} INFO - Dag name:mini_riskagent_file_ingestion and current dag run status:running
[2026-09-05T19:48:15.691+0200] {taskinstance.py:732} INFO - ::endgroup::
[2026-09-05T19:48:15.692+0200] {python.py:75} INFO - Poking callable: <function check_for_csv_files at 0x1084f4c20>
[2026-09-05T19:48:15.695+0200] {taskinstance.py:310} INFO - Rescheduling task, marking task as UP_FOR_RESCHEDULE
[2026-09-05T19:48:15.696+0200] {taskinstance.py:341} INFO - ::group::Post task execution logs
[2026-09-05T19:48:15.716+0200] {local_task_job_runner.py:266} INFO - Task exited with return code 0
[2026-09-05T19:48:15.721+0200] {taskinstance.py:3901} INFO - 0 downstream tasks scheduled from follow-on schedule check
[2026-09-05T19:48:15.721+0200] {local_task_job_runner.py:245} INFO - ::endgroup::
[2026-09-05T19:48:47.498+0200] {local_task_job_runner.py:123} INFO - ::group::Pre task execution logs
[2026-09-05T19:48:47.501+0200] {taskinstance.py:2614} INFO - Dependencies all met for dep_context=non-requeueable deps ti=<TaskInstance: mini_riskagent_file_ingestion.wait_for_csv scheduled__2026-09-05T17:00:00+00:00 [queued]>
[2026-09-05T19:48:47.502+0200] {taskinstance.py:2614} INFO - Dependencies all met for dep_context=requeueable deps ti=<TaskInstance: mini_riskagent_file_ingestion.wait_for_csv scheduled__2026-09-05T17:00:00+00:00 [queued]>
[2026-09-05T19:48:47.502+0200] {taskinstance.py:2867} INFO - Starting attempt 1 of 2
[2026-09-05T19:48:47.506+0200] {taskinstance.py:2890} INFO - Executing <Task(PythonSensor): wait_for_csv> on 2026-09-05 17:00:00+00:00
[2026-09-05T19:48:47.510+0200] {standard_task_runner.py:104} INFO - Running: ['airflow', 'tasks', 'run', 'mini_riskagent_file_ingestion', 'wait_for_csv', 'scheduled__2026-09-05T17:00:00+00:00', '--job-id', '2044', '--raw', '--subdir', 'DAGS_FOLDER/data_ingest_pipeline.py', '--cfg-path', '/var/folders/5p/201rr1sj03g8gksxm9x48mbh0000gn/T/tmpipz4to9y']
[2026-09-05T19:48:47.511+0200] {standard_task_runner.py:105} INFO - Job 2044: Subtask wait_for_csv
[2026-09-05T19:48:47.562+0200] {logging_mixin.py:190} WARNING - /Users/swarnalidatta/Desktop/AutoQueryChatbot/.airflow-venv/lib/python3.12/site-packages/airflow/task/task_runner/standard_task_runner.py:70 DeprecationWarning: This process (pid=35618) is multi-threaded, use of fork() may lead to deadlocks in the child.
[2026-09-05T19:48:47.562+0200] {standard_task_runner.py:72} INFO - Started process 35620 to run task
[2026-09-05T19:48:47.573+0200] {task_command.py:467} INFO - Running <TaskInstance: mini_riskagent_file_ingestion.wait_for_csv scheduled__2026-09-05T17:00:00+00:00 [running]> on host mac.home
[2026-09-05T19:48:47.588+0200] {taskinstance.py:3134} INFO - Exporting env vars: AIRFLOW_CTX_DAG_OWNER='autoquery' AIRFLOW_CTX_DAG_ID='mini_riskagent_file_ingestion' AIRFLOW_CTX_TASK_ID='wait_for_csv' AIRFLOW_CTX_EXECUTION_DATE='2026-09-05T17:00:00+00:00' AIRFLOW_CTX_TRY_NUMBER='1' AIRFLOW_CTX_DAG_RUN_ID='scheduled__2026-09-05T17:00:00+00:00'
[2026-09-05T19:48:47.588+0200] {logging_mixin.py:190} INFO - Task instance is in running state
[2026-09-05T19:48:47.589+0200] {logging_mixin.py:190} INFO -  Previous state of the Task instance: queued
[2026-09-05T19:48:47.589+0200] {logging_mixin.py:190} INFO - Current task name:wait_for_csv state:running start_date:2026-09-05 17:48:47.501323+00:00
[2026-09-05T19:48:47.589+0200] {logging_mixin.py:190} INFO - Dag name:mini_riskagent_file_ingestion and current dag run status:running
[2026-09-05T19:48:47.589+0200] {taskinstance.py:732} INFO - ::endgroup::
[2026-09-05T19:48:47.590+0200] {python.py:75} INFO - Poking callable: <function check_for_csv_files at 0x1090e4c20>
[2026-09-05T19:48:47.594+0200] {taskinstance.py:310} INFO - Rescheduling task, marking task as UP_FOR_RESCHEDULE
[2026-09-05T19:48:47.594+0200] {taskinstance.py:341} INFO - ::group::Post task execution logs
[2026-09-05T19:48:47.618+0200] {local_task_job_runner.py:266} INFO - Task exited with return code 0
[2026-09-05T19:48:47.623+0200] {taskinstance.py:3901} INFO - 0 downstream tasks scheduled from follow-on schedule check
[2026-09-05T19:48:47.623+0200] {local_task_job_runner.py:245} INFO - ::endgroup::
[2026-09-05T19:49:19.332+0200] {local_task_job_runner.py:123} INFO - ::group::Pre task execution logs
[2026-09-05T19:49:19.335+0200] {taskinstance.py:2614} INFO - Dependencies all met for dep_context=non-requeueable deps ti=<TaskInstance: mini_riskagent_file_ingestion.wait_for_csv scheduled__2026-09-05T17:00:00+00:00 [queued]>
[2026-09-05T19:49:19.337+0200] {taskinstance.py:2614} INFO - Dependencies all met for dep_context=requeueable deps ti=<TaskInstance: mini_riskagent_file_ingestion.wait_for_csv scheduled__2026-09-05T17:00:00+00:00 [queued]>
[2026-09-05T19:49:19.337+0200] {taskinstance.py:2867} INFO - Starting attempt 1 of 2
[2026-09-05T19:49:19.340+0200] {taskinstance.py:2890} INFO - Executing <Task(PythonSensor): wait_for_csv> on 2026-09-05 17:00:00+00:00
[2026-09-05T19:49:19.344+0200] {standard_task_runner.py:104} INFO - Running: ['airflow', 'tasks', 'run', 'mini_riskagent_file_ingestion', 'wait_for_csv', 'scheduled__2026-09-05T17:00:00+00:00', '--job-id', '2060', '--raw', '--subdir', 'DAGS_FOLDER/data_ingest_pipeline.py', '--cfg-path', '/var/folders/5p/201rr1sj03g8gksxm9x48mbh0000gn/T/tmpxuumz1sg']
[2026-09-05T19:49:19.345+0200] {standard_task_runner.py:105} INFO - Job 2060: Subtask wait_for_csv
[2026-09-05T19:49:19.394+0200] {logging_mixin.py:190} WARNING - /Users/swarnalidatta/Desktop/AutoQueryChatbot/.airflow-venv/lib/python3.12/site-packages/airflow/task/task_runner/standard_task_runner.py:70 DeprecationWarning: This process (pid=35733) is multi-threaded, use of fork() may lead to deadlocks in the child.
[2026-09-05T19:49:19.394+0200] {standard_task_runner.py:72} INFO - Started process 35735 to run task
[2026-09-05T19:49:19.408+0200] {task_command.py:467} INFO - Running <TaskInstance: mini_riskagent_file_ingestion.wait_for_csv scheduled__2026-09-05T17:00:00+00:00 [running]> on host mac.home
[2026-09-05T19:49:19.423+0200] {taskinstance.py:3134} INFO - Exporting env vars: AIRFLOW_CTX_DAG_OWNER='autoquery' AIRFLOW_CTX_DAG_ID='mini_riskagent_file_ingestion' AIRFLOW_CTX_TASK_ID='wait_for_csv' AIRFLOW_CTX_EXECUTION_DATE='2026-09-05T17:00:00+00:00' AIRFLOW_CTX_TRY_NUMBER='1' AIRFLOW_CTX_DAG_RUN_ID='scheduled__2026-09-05T17:00:00+00:00'
[2026-09-05T19:49:19.423+0200] {logging_mixin.py:190} INFO - Task instance is in running state
[2026-09-05T19:49:19.423+0200] {logging_mixin.py:190} INFO -  Previous state of the Task instance: queued
[2026-09-05T19:49:19.424+0200] {logging_mixin.py:190} INFO - Current task name:wait_for_csv state:running start_date:2026-09-05 17:49:19.335732+00:00
[2026-09-05T19:49:19.424+0200] {logging_mixin.py:190} INFO - Dag name:mini_riskagent_file_ingestion and current dag run status:running
[2026-09-05T19:49:19.424+0200] {taskinstance.py:732} INFO - ::endgroup::
[2026-09-05T19:49:19.425+0200] {python.py:75} INFO - Poking callable: <function check_for_csv_files at 0x109154c20>
[2026-09-05T19:49:19.428+0200] {taskinstance.py:310} INFO - Rescheduling task, marking task as UP_FOR_RESCHEDULE
[2026-09-05T19:49:19.429+0200] {taskinstance.py:341} INFO - ::group::Post task execution logs
[2026-09-05T19:49:19.449+0200] {local_task_job_runner.py:266} INFO - Task exited with return code 0
[2026-09-05T19:49:19.454+0200] {taskinstance.py:3901} INFO - 0 downstream tasks scheduled from follow-on schedule check
[2026-09-05T19:49:19.454+0200] {local_task_job_runner.py:245} INFO - ::endgroup::
[2026-09-05T19:49:51.147+0200] {local_task_job_runner.py:123} INFO - ::group::Pre task execution logs
[2026-09-05T19:49:51.150+0200] {taskinstance.py:2614} INFO - Dependencies all met for dep_context=non-requeueable deps ti=<TaskInstance: mini_riskagent_file_ingestion.wait_for_csv scheduled__2026-09-05T17:00:00+00:00 [queued]>
[2026-09-05T19:49:51.151+0200] {taskinstance.py:2614} INFO - Dependencies all met for dep_context=requeueable deps ti=<TaskInstance: mini_riskagent_file_ingestion.wait_for_csv scheduled__2026-09-05T17:00:00+00:00 [queued]>
[2026-09-05T19:49:51.151+0200] {taskinstance.py:2867} INFO - Starting attempt 1 of 2
[2026-09-05T19:49:51.155+0200] {taskinstance.py:2890} INFO - Executing <Task(PythonSensor): wait_for_csv> on 2026-09-05 17:00:00+00:00
[2026-09-05T19:49:51.159+0200] {standard_task_runner.py:104} INFO - Running: ['airflow', 'tasks', 'run', 'mini_riskagent_file_ingestion', 'wait_for_csv', 'scheduled__2026-09-05T17:00:00+00:00', '--job-id', '2076', '--raw', '--subdir', 'DAGS_FOLDER/data_ingest_pipeline.py', '--cfg-path', '/var/folders/5p/201rr1sj03g8gksxm9x48mbh0000gn/T/tmplzhzlcjy']
[2026-09-05T19:49:51.160+0200] {standard_task_runner.py:105} INFO - Job 2076: Subtask wait_for_csv
[2026-09-05T19:49:51.210+0200] {logging_mixin.py:190} WARNING - /Users/swarnalidatta/Desktop/AutoQueryChatbot/.airflow-venv/lib/python3.12/site-packages/airflow/task/task_runner/standard_task_runner.py:70 DeprecationWarning: This process (pid=35845) is multi-threaded, use of fork() may lead to deadlocks in the child.
[2026-09-05T19:49:51.210+0200] {standard_task_runner.py:72} INFO - Started process 35847 to run task
[2026-09-05T19:49:51.221+0200] {task_command.py:467} INFO - Running <TaskInstance: mini_riskagent_file_ingestion.wait_for_csv scheduled__2026-09-05T17:00:00+00:00 [running]> on host mac.home
[2026-09-05T19:49:51.236+0200] {taskinstance.py:3134} INFO - Exporting env vars: AIRFLOW_CTX_DAG_OWNER='autoquery' AIRFLOW_CTX_DAG_ID='mini_riskagent_file_ingestion' AIRFLOW_CTX_TASK_ID='wait_for_csv' AIRFLOW_CTX_EXECUTION_DATE='2026-09-05T17:00:00+00:00' AIRFLOW_CTX_TRY_NUMBER='1' AIRFLOW_CTX_DAG_RUN_ID='scheduled__2026-09-05T17:00:00+00:00'
[2026-09-05T19:49:51.236+0200] {logging_mixin.py:190} INFO - Task instance is in running state
[2026-09-05T19:49:51.236+0200] {logging_mixin.py:190} INFO -  Previous state of the Task instance: queued
[2026-09-05T19:49:51.236+0200] {logging_mixin.py:190} INFO - Current task name:wait_for_csv state:running start_date:2026-09-05 17:49:51.150155+00:00
[2026-09-05T19:49:51.237+0200] {logging_mixin.py:190} INFO - Dag name:mini_riskagent_file_ingestion and current dag run status:running
[2026-09-05T19:49:51.237+0200] {taskinstance.py:732} INFO - ::endgroup::
[2026-09-05T19:49:51.238+0200] {python.py:75} INFO - Poking callable: <function check_for_csv_files at 0x1089f4c20>
[2026-09-05T19:49:51.241+0200] {taskinstance.py:310} INFO - Rescheduling task, marking task as UP_FOR_RESCHEDULE
[2026-09-05T19:49:51.242+0200] {taskinstance.py:341} INFO - ::group::Post task execution logs
[2026-09-05T19:49:51.265+0200] {local_task_job_runner.py:266} INFO - Task exited with return code 0
[2026-09-05T19:49:51.270+0200] {taskinstance.py:3901} INFO - 0 downstream tasks scheduled from follow-on schedule check
[2026-09-05T19:49:51.270+0200] {local_task_job_runner.py:245} INFO - ::endgroup::
[2026-09-05T19:50:23.032+0200] {local_task_job_runner.py:123} INFO - ::group::Pre task execution logs
[2026-09-05T19:50:23.035+0200] {taskinstance.py:2614} INFO - Dependencies all met for dep_context=non-requeueable deps ti=<TaskInstance: mini_riskagent_file_ingestion.wait_for_csv scheduled__2026-09-05T17:00:00+00:00 [queued]>
[2026-09-05T19:50:23.036+0200] {taskinstance.py:2614} INFO - Dependencies all met for dep_context=requeueable deps ti=<TaskInstance: mini_riskagent_file_ingestion.wait_for_csv scheduled__2026-09-05T17:00:00+00:00 [queued]>
[2026-09-05T19:50:23.037+0200] {taskinstance.py:2867} INFO - Starting attempt 1 of 2
[2026-09-05T19:50:23.040+0200] {taskinstance.py:2890} INFO - Executing <Task(PythonSensor): wait_for_csv> on 2026-09-05 17:00:00+00:00
[2026-09-05T19:50:23.045+0200] {standard_task_runner.py:104} INFO - Running: ['airflow', 'tasks', 'run', 'mini_riskagent_file_ingestion', 'wait_for_csv', 'scheduled__2026-09-05T17:00:00+00:00', '--job-id', '2092', '--raw', '--subdir', 'DAGS_FOLDER/data_ingest_pipeline.py', '--cfg-path', '/var/folders/5p/201rr1sj03g8gksxm9x48mbh0000gn/T/tmp3vuxex_r']
[2026-09-05T19:50:23.045+0200] {standard_task_runner.py:105} INFO - Job 2092: Subtask wait_for_csv
[2026-09-05T19:50:23.095+0200] {logging_mixin.py:190} WARNING - /Users/swarnalidatta/Desktop/AutoQueryChatbot/.airflow-venv/lib/python3.12/site-packages/airflow/task/task_runner/standard_task_runner.py:70 DeprecationWarning: This process (pid=36157) is multi-threaded, use of fork() may lead to deadlocks in the child.
[2026-09-05T19:50:23.095+0200] {standard_task_runner.py:72} INFO - Started process 36159 to run task
[2026-09-05T19:50:23.108+0200] {task_command.py:467} INFO - Running <TaskInstance: mini_riskagent_file_ingestion.wait_for_csv scheduled__2026-09-05T17:00:00+00:00 [running]> on host mac.home
[2026-09-05T19:50:23.125+0200] {taskinstance.py:3134} INFO - Exporting env vars: AIRFLOW_CTX_DAG_OWNER='autoquery' AIRFLOW_CTX_DAG_ID='mini_riskagent_file_ingestion' AIRFLOW_CTX_TASK_ID='wait_for_csv' AIRFLOW_CTX_EXECUTION_DATE='2026-09-05T17:00:00+00:00' AIRFLOW_CTX_TRY_NUMBER='1' AIRFLOW_CTX_DAG_RUN_ID='scheduled__2026-09-05T17:00:00+00:00'
[2026-09-05T19:50:23.125+0200] {logging_mixin.py:190} INFO - Task instance is in running state
[2026-09-05T19:50:23.125+0200] {logging_mixin.py:190} INFO -  Previous state of the Task instance: queued
[2026-09-05T19:50:23.125+0200] {logging_mixin.py:190} INFO - Current task name:wait_for_csv state:running start_date:2026-09-05 17:50:23.035600+00:00
[2026-09-05T19:50:23.126+0200] {logging_mixin.py:190} INFO - Dag name:mini_riskagent_file_ingestion and current dag run status:running
[2026-09-05T19:50:23.126+0200] {taskinstance.py:732} INFO - ::endgroup::
[2026-09-05T19:50:23.127+0200] {python.py:75} INFO - Poking callable: <function check_for_csv_files at 0x10a5c4c20>
[2026-09-05T19:50:23.130+0200] {taskinstance.py:310} INFO - Rescheduling task, marking task as UP_FOR_RESCHEDULE
[2026-09-05T19:50:23.130+0200] {taskinstance.py:341} INFO - ::group::Post task execution logs
[2026-09-05T19:50:23.151+0200] {local_task_job_runner.py:266} INFO - Task exited with return code 0
[2026-09-05T19:50:23.156+0200] {taskinstance.py:3901} INFO - 0 downstream tasks scheduled from follow-on schedule check
[2026-09-05T19:50:23.156+0200] {local_task_job_runner.py:245} INFO - ::endgroup::
[2026-09-05T19:50:55.029+0200] {local_task_job_runner.py:123} INFO - ::group::Pre task execution logs
[2026-09-05T19:50:55.032+0200] {taskinstance.py:2614} INFO - Dependencies all met for dep_context=non-requeueable deps ti=<TaskInstance: mini_riskagent_file_ingestion.wait_for_csv scheduled__2026-09-05T17:00:00+00:00 [queued]>
[2026-09-05T19:50:55.034+0200] {taskinstance.py:2614} INFO - Dependencies all met for dep_context=requeueable deps ti=<TaskInstance: mini_riskagent_file_ingestion.wait_for_csv scheduled__2026-09-05T17:00:00+00:00 [queued]>
[2026-09-05T19:50:55.034+0200] {taskinstance.py:2867} INFO - Starting attempt 1 of 2
[2026-09-05T19:50:55.037+0200] {taskinstance.py:2890} INFO - Executing <Task(PythonSensor): wait_for_csv> on 2026-09-05 17:00:00+00:00
[2026-09-05T19:50:55.042+0200] {standard_task_runner.py:104} INFO - Running: ['airflow', 'tasks', 'run', 'mini_riskagent_file_ingestion', 'wait_for_csv', 'scheduled__2026-09-05T17:00:00+00:00', '--job-id', '2109', '--raw', '--subdir', 'DAGS_FOLDER/data_ingest_pipeline.py', '--cfg-path', '/var/folders/5p/201rr1sj03g8gksxm9x48mbh0000gn/T/tmpxvgq5mzy']
[2026-09-05T19:50:55.043+0200] {standard_task_runner.py:105} INFO - Job 2109: Subtask wait_for_csv
[2026-09-05T19:50:55.091+0200] {logging_mixin.py:190} WARNING - /Users/swarnalidatta/Desktop/AutoQueryChatbot/.airflow-venv/lib/python3.12/site-packages/airflow/task/task_runner/standard_task_runner.py:70 DeprecationWarning: This process (pid=36269) is multi-threaded, use of fork() may lead to deadlocks in the child.
[2026-09-05T19:50:55.091+0200] {standard_task_runner.py:72} INFO - Started process 36275 to run task
[2026-09-05T19:50:55.104+0200] {task_command.py:467} INFO - Running <TaskInstance: mini_riskagent_file_ingestion.wait_for_csv scheduled__2026-09-05T17:00:00+00:00 [running]> on host mac.home
[2026-09-05T19:50:55.120+0200] {taskinstance.py:3134} INFO - Exporting env vars: AIRFLOW_CTX_DAG_OWNER='autoquery' AIRFLOW_CTX_DAG_ID='mini_riskagent_file_ingestion' AIRFLOW_CTX_TASK_ID='wait_for_csv' AIRFLOW_CTX_EXECUTION_DATE='2026-09-05T17:00:00+00:00' AIRFLOW_CTX_TRY_NUMBER='1' AIRFLOW_CTX_DAG_RUN_ID='scheduled__2026-09-05T17:00:00+00:00'
[2026-09-05T19:50:55.120+0200] {logging_mixin.py:190} INFO - Task instance is in running state
[2026-09-05T19:50:55.121+0200] {logging_mixin.py:190} INFO -  Previous state of the Task instance: queued
[2026-09-05T19:50:55.121+0200] {logging_mixin.py:190} INFO - Current task name:wait_for_csv state:running start_date:2026-09-05 17:50:55.032743+00:00
[2026-09-05T19:50:55.121+0200] {logging_mixin.py:190} INFO - Dag name:mini_riskagent_file_ingestion and current dag run status:running
[2026-09-05T19:50:55.121+0200] {taskinstance.py:732} INFO - ::endgroup::
[2026-09-05T19:50:55.122+0200] {python.py:75} INFO - Poking callable: <function check_for_csv_files at 0x108d64c20>
[2026-09-05T19:50:55.126+0200] {taskinstance.py:310} INFO - Rescheduling task, marking task as UP_FOR_RESCHEDULE
[2026-09-05T19:50:55.126+0200] {taskinstance.py:341} INFO - ::group::Post task execution logs
[2026-09-05T19:50:55.147+0200] {local_task_job_runner.py:266} INFO - Task exited with return code 0
[2026-09-05T19:50:55.152+0200] {taskinstance.py:3901} INFO - 0 downstream tasks scheduled from follow-on schedule check
[2026-09-05T19:50:55.152+0200] {local_task_job_runner.py:245} INFO - ::endgroup::
[2026-09-05T19:51:27.352+0200] {local_task_job_runner.py:123} INFO - ::group::Pre task execution logs
[2026-09-05T19:51:27.354+0200] {taskinstance.py:2614} INFO - Dependencies all met for dep_context=non-requeueable deps ti=<TaskInstance: mini_riskagent_file_ingestion.wait_for_csv scheduled__2026-09-05T17:00:00+00:00 [queued]>
[2026-09-05T19:51:27.356+0200] {taskinstance.py:2614} INFO - Dependencies all met for dep_context=requeueable deps ti=<TaskInstance: mini_riskagent_file_ingestion.wait_for_csv scheduled__2026-09-05T17:00:00+00:00 [queued]>
[2026-09-05T19:51:27.356+0200] {taskinstance.py:2867} INFO - Starting attempt 1 of 2
[2026-09-05T19:51:27.360+0200] {taskinstance.py:2890} INFO - Executing <Task(PythonSensor): wait_for_csv> on 2026-09-05 17:00:00+00:00
[2026-09-05T19:51:27.364+0200] {standard_task_runner.py:104} INFO - Running: ['airflow', 'tasks', 'run', 'mini_riskagent_file_ingestion', 'wait_for_csv', 'scheduled__2026-09-05T17:00:00+00:00', '--job-id', '2124', '--raw', '--subdir', 'DAGS_FOLDER/data_ingest_pipeline.py', '--cfg-path', '/var/folders/5p/201rr1sj03g8gksxm9x48mbh0000gn/T/tmp_r1n_f9i']
[2026-09-05T19:51:27.365+0200] {standard_task_runner.py:105} INFO - Job 2124: Subtask wait_for_csv
[2026-09-05T19:51:27.416+0200] {logging_mixin.py:190} WARNING - /Users/swarnalidatta/Desktop/AutoQueryChatbot/.airflow-venv/lib/python3.12/site-packages/airflow/task/task_runner/standard_task_runner.py:70 DeprecationWarning: This process (pid=36386) is multi-threaded, use of fork() may lead to deadlocks in the child.
[2026-09-05T19:51:27.417+0200] {standard_task_runner.py:72} INFO - Started process 36388 to run task
[2026-09-05T19:51:27.428+0200] {task_command.py:467} INFO - Running <TaskInstance: mini_riskagent_file_ingestion.wait_for_csv scheduled__2026-09-05T17:00:00+00:00 [running]> on host mac.home
[2026-09-05T19:51:27.443+0200] {taskinstance.py:3134} INFO - Exporting env vars: AIRFLOW_CTX_DAG_OWNER='autoquery' AIRFLOW_CTX_DAG_ID='mini_riskagent_file_ingestion' AIRFLOW_CTX_TASK_ID='wait_for_csv' AIRFLOW_CTX_EXECUTION_DATE='2026-09-05T17:00:00+00:00' AIRFLOW_CTX_TRY_NUMBER='1' AIRFLOW_CTX_DAG_RUN_ID='scheduled__2026-09-05T17:00:00+00:00'
[2026-09-05T19:51:27.444+0200] {logging_mixin.py:190} INFO - Task instance is in running state
[2026-09-05T19:51:27.444+0200] {logging_mixin.py:190} INFO -  Previous state of the Task instance: queued
[2026-09-05T19:51:27.444+0200] {logging_mixin.py:190} INFO - Current task name:wait_for_csv state:running start_date:2026-09-05 17:51:27.354909+00:00
[2026-09-05T19:51:27.444+0200] {logging_mixin.py:190} INFO - Dag name:mini_riskagent_file_ingestion and current dag run status:running
[2026-09-05T19:51:27.444+0200] {taskinstance.py:732} INFO - ::endgroup::
[2026-09-05T19:51:27.445+0200] {python.py:75} INFO - Poking callable: <function check_for_csv_files at 0x108bc0c20>
[2026-09-05T19:51:27.449+0200] {taskinstance.py:310} INFO - Rescheduling task, marking task as UP_FOR_RESCHEDULE
[2026-09-05T19:51:27.449+0200] {taskinstance.py:341} INFO - ::group::Post task execution logs
[2026-09-05T19:51:27.472+0200] {local_task_job_runner.py:266} INFO - Task exited with return code 0
[2026-09-05T19:51:27.478+0200] {taskinstance.py:3901} INFO - 0 downstream tasks scheduled from follow-on schedule check
[2026-09-05T19:51:27.478+0200] {local_task_job_runner.py:245} INFO - ::endgroup::
[2026-09-05T19:51:59.384+0200] {local_task_job_runner.py:123} INFO - ::group::Pre task execution logs
[2026-09-05T19:51:59.387+0200] {taskinstance.py:2614} INFO - Dependencies all met for dep_context=non-requeueable deps ti=<TaskInstance: mini_riskagent_file_ingestion.wait_for_csv scheduled__2026-09-05T17:00:00+00:00 [queued]>
[2026-09-05T19:51:59.389+0200] {taskinstance.py:2614} INFO - Dependencies all met for dep_context=requeueable deps ti=<TaskInstance: mini_riskagent_file_ingestion.wait_for_csv scheduled__2026-09-05T17:00:00+00:00 [queued]>
[2026-09-05T19:51:59.389+0200] {taskinstance.py:2867} INFO - Starting attempt 1 of 2
[2026-09-05T19:51:59.392+0200] {taskinstance.py:2890} INFO - Executing <Task(PythonSensor): wait_for_csv> on 2026-09-05 17:00:00+00:00
[2026-09-05T19:51:59.397+0200] {standard_task_runner.py:104} INFO - Running: ['airflow', 'tasks', 'run', 'mini_riskagent_file_ingestion', 'wait_for_csv', 'scheduled__2026-09-05T17:00:00+00:00', '--job-id', '2139', '--raw', '--subdir', 'DAGS_FOLDER/data_ingest_pipeline.py', '--cfg-path', '/var/folders/5p/201rr1sj03g8gksxm9x48mbh0000gn/T/tmp7fzgb8g_']
[2026-09-05T19:51:59.397+0200] {standard_task_runner.py:105} INFO - Job 2139: Subtask wait_for_csv
[2026-09-05T19:51:59.449+0200] {logging_mixin.py:190} WARNING - /Users/swarnalidatta/Desktop/AutoQueryChatbot/.airflow-venv/lib/python3.12/site-packages/airflow/task/task_runner/standard_task_runner.py:70 DeprecationWarning: This process (pid=36497) is multi-threaded, use of fork() may lead to deadlocks in the child.
[2026-09-05T19:51:59.449+0200] {standard_task_runner.py:72} INFO - Started process 36499 to run task
[2026-09-05T19:51:59.460+0200] {task_command.py:467} INFO - Running <TaskInstance: mini_riskagent_file_ingestion.wait_for_csv scheduled__2026-09-05T17:00:00+00:00 [running]> on host mac.home
[2026-09-05T19:51:59.475+0200] {taskinstance.py:3134} INFO - Exporting env vars: AIRFLOW_CTX_DAG_OWNER='autoquery' AIRFLOW_CTX_DAG_ID='mini_riskagent_file_ingestion' AIRFLOW_CTX_TASK_ID='wait_for_csv' AIRFLOW_CTX_EXECUTION_DATE='2026-09-05T17:00:00+00:00' AIRFLOW_CTX_TRY_NUMBER='1' AIRFLOW_CTX_DAG_RUN_ID='scheduled__2026-09-05T17:00:00+00:00'
[2026-09-05T19:51:59.476+0200] {logging_mixin.py:190} INFO - Task instance is in running state
[2026-09-05T19:51:59.476+0200] {logging_mixin.py:190} INFO -  Previous state of the Task instance: queued
[2026-09-05T19:51:59.476+0200] {logging_mixin.py:190} INFO - Current task name:wait_for_csv state:running start_date:2026-09-05 17:51:59.387764+00:00
[2026-09-05T19:51:59.476+0200] {logging_mixin.py:190} INFO - Dag name:mini_riskagent_file_ingestion and current dag run status:running
[2026-09-05T19:51:59.476+0200] {taskinstance.py:732} INFO - ::endgroup::
[2026-09-05T19:51:59.478+0200] {python.py:75} INFO - Poking callable: <function check_for_csv_files at 0x10a120c20>
[2026-09-05T19:51:59.481+0200] {taskinstance.py:310} INFO - Rescheduling task, marking task as UP_FOR_RESCHEDULE
[2026-09-05T19:51:59.481+0200] {taskinstance.py:341} INFO - ::group::Post task execution logs
[2026-09-05T19:51:59.504+0200] {local_task_job_runner.py:266} INFO - Task exited with return code 0
[2026-09-05T19:51:59.510+0200] {taskinstance.py:3901} INFO - 0 downstream tasks scheduled from follow-on schedule check
[2026-09-05T19:51:59.510+0200] {local_task_job_runner.py:245} INFO - ::endgroup::
[2026-09-05T19:52:31.779+0200] {local_task_job_runner.py:123} INFO - ::group::Pre task execution logs
[2026-09-05T19:52:31.781+0200] {taskinstance.py:2614} INFO - Dependencies all met for dep_context=non-requeueable deps ti=<TaskInstance: mini_riskagent_file_ingestion.wait_for_csv scheduled__2026-09-05T17:00:00+00:00 [queued]>
[2026-09-05T19:52:31.783+0200] {taskinstance.py:2614} INFO - Dependencies all met for dep_context=requeueable deps ti=<TaskInstance: mini_riskagent_file_ingestion.wait_for_csv scheduled__2026-09-05T17:00:00+00:00 [queued]>
[2026-09-05T19:52:31.783+0200] {taskinstance.py:2867} INFO - Starting attempt 1 of 2
[2026-09-05T19:52:31.787+0200] {taskinstance.py:2890} INFO - Executing <Task(PythonSensor): wait_for_csv> on 2026-09-05 17:00:00+00:00
[2026-09-05T19:52:31.791+0200] {standard_task_runner.py:104} INFO - Running: ['airflow', 'tasks', 'run', 'mini_riskagent_file_ingestion', 'wait_for_csv', 'scheduled__2026-09-05T17:00:00+00:00', '--job-id', '2155', '--raw', '--subdir', 'DAGS_FOLDER/data_ingest_pipeline.py', '--cfg-path', '/var/folders/5p/201rr1sj03g8gksxm9x48mbh0000gn/T/tmpb1f2s9ta']
[2026-09-05T19:52:31.792+0200] {standard_task_runner.py:105} INFO - Job 2155: Subtask wait_for_csv
[2026-09-05T19:52:31.843+0200] {logging_mixin.py:190} WARNING - /Users/swarnalidatta/Desktop/AutoQueryChatbot/.airflow-venv/lib/python3.12/site-packages/airflow/task/task_runner/standard_task_runner.py:70 DeprecationWarning: This process (pid=36609) is multi-threaded, use of fork() may lead to deadlocks in the child.
[2026-09-05T19:52:31.843+0200] {standard_task_runner.py:72} INFO - Started process 36611 to run task
[2026-09-05T19:52:31.854+0200] {task_command.py:467} INFO - Running <TaskInstance: mini_riskagent_file_ingestion.wait_for_csv scheduled__2026-09-05T17:00:00+00:00 [running]> on host mac.home
[2026-09-05T19:52:31.870+0200] {taskinstance.py:3134} INFO - Exporting env vars: AIRFLOW_CTX_DAG_OWNER='autoquery' AIRFLOW_CTX_DAG_ID='mini_riskagent_file_ingestion' AIRFLOW_CTX_TASK_ID='wait_for_csv' AIRFLOW_CTX_EXECUTION_DATE='2026-09-05T17:00:00+00:00' AIRFLOW_CTX_TRY_NUMBER='1' AIRFLOW_CTX_DAG_RUN_ID='scheduled__2026-09-05T17:00:00+00:00'
[2026-09-05T19:52:31.870+0200] {logging_mixin.py:190} INFO - Task instance is in running state
[2026-09-05T19:52:31.871+0200] {logging_mixin.py:190} INFO -  Previous state of the Task instance: queued
[2026-09-05T19:52:31.871+0200] {logging_mixin.py:190} INFO - Current task name:wait_for_csv state:running start_date:2026-09-05 17:52:31.781985+00:00
[2026-09-05T19:52:31.871+0200] {logging_mixin.py:190} INFO - Dag name:mini_riskagent_file_ingestion and current dag run status:running
[2026-09-05T19:52:31.871+0200] {taskinstance.py:732} INFO - ::endgroup::
[2026-09-05T19:52:31.872+0200] {python.py:75} INFO - Poking callable: <function check_for_csv_files at 0x108b28c20>
[2026-09-05T19:52:31.876+0200] {taskinstance.py:310} INFO - Rescheduling task, marking task as UP_FOR_RESCHEDULE
[2026-09-05T19:52:31.876+0200] {taskinstance.py:341} INFO - ::group::Post task execution logs
[2026-09-05T19:52:31.899+0200] {local_task_job_runner.py:266} INFO - Task exited with return code 0
[2026-09-05T19:52:31.904+0200] {taskinstance.py:3901} INFO - 0 downstream tasks scheduled from follow-on schedule check
[2026-09-05T19:52:31.904+0200] {local_task_job_runner.py:245} INFO - ::endgroup::
[2026-09-05T19:53:03.750+0200] {local_task_job_runner.py:123} INFO - ::group::Pre task execution logs
[2026-09-05T19:53:03.753+0200] {taskinstance.py:2614} INFO - Dependencies all met for dep_context=non-requeueable deps ti=<TaskInstance: mini_riskagent_file_ingestion.wait_for_csv scheduled__2026-09-05T17:00:00+00:00 [queued]>
[2026-09-05T19:53:03.754+0200] {taskinstance.py:2614} INFO - Dependencies all met for dep_context=requeueable deps ti=<TaskInstance: mini_riskagent_file_ingestion.wait_for_csv scheduled__2026-09-05T17:00:00+00:00 [queued]>
[2026-09-05T19:53:03.754+0200] {taskinstance.py:2867} INFO - Starting attempt 1 of 2
[2026-09-05T19:53:03.758+0200] {taskinstance.py:2890} INFO - Executing <Task(PythonSensor): wait_for_csv> on 2026-09-05 17:00:00+00:00
[2026-09-05T19:53:03.762+0200] {standard_task_runner.py:104} INFO - Running: ['airflow', 'tasks', 'run', 'mini_riskagent_file_ingestion', 'wait_for_csv', 'scheduled__2026-09-05T17:00:00+00:00', '--job-id', '2171', '--raw', '--subdir', 'DAGS_FOLDER/data_ingest_pipeline.py', '--cfg-path', '/var/folders/5p/201rr1sj03g8gksxm9x48mbh0000gn/T/tmp18hc4hqz']
[2026-09-05T19:53:03.763+0200] {standard_task_runner.py:105} INFO - Job 2171: Subtask wait_for_csv
[2026-09-05T19:53:03.814+0200] {logging_mixin.py:190} WARNING - /Users/swarnalidatta/Desktop/AutoQueryChatbot/.airflow-venv/lib/python3.12/site-packages/airflow/task/task_runner/standard_task_runner.py:70 DeprecationWarning: This process (pid=36721) is multi-threaded, use of fork() may lead to deadlocks in the child.
[2026-09-05T19:53:03.814+0200] {standard_task_runner.py:72} INFO - Started process 36723 to run task
[2026-09-05T19:53:03.825+0200] {task_command.py:467} INFO - Running <TaskInstance: mini_riskagent_file_ingestion.wait_for_csv scheduled__2026-09-05T17:00:00+00:00 [running]> on host mac.home
[2026-09-05T19:53:03.840+0200] {taskinstance.py:3134} INFO - Exporting env vars: AIRFLOW_CTX_DAG_OWNER='autoquery' AIRFLOW_CTX_DAG_ID='mini_riskagent_file_ingestion' AIRFLOW_CTX_TASK_ID='wait_for_csv' AIRFLOW_CTX_EXECUTION_DATE='2026-09-05T17:00:00+00:00' AIRFLOW_CTX_TRY_NUMBER='1' AIRFLOW_CTX_DAG_RUN_ID='scheduled__2026-09-05T17:00:00+00:00'
[2026-09-05T19:53:03.840+0200] {logging_mixin.py:190} INFO - Task instance is in running state
[2026-09-05T19:53:03.841+0200] {logging_mixin.py:190} INFO -  Previous state of the Task instance: queued
[2026-09-05T19:53:03.841+0200] {logging_mixin.py:190} INFO - Current task name:wait_for_csv state:running start_date:2026-09-05 17:53:03.753498+00:00
[2026-09-05T19:53:03.841+0200] {logging_mixin.py:190} INFO - Dag name:mini_riskagent_file_ingestion and current dag run status:running
[2026-09-05T19:53:03.841+0200] {taskinstance.py:732} INFO - ::endgroup::
[2026-09-05T19:53:03.842+0200] {python.py:75} INFO - Poking callable: <function check_for_csv_files at 0x10efd0c20>
[2026-09-05T19:53:03.846+0200] {taskinstance.py:310} INFO - Rescheduling task, marking task as UP_FOR_RESCHEDULE
[2026-09-05T19:53:03.846+0200] {taskinstance.py:341} INFO - ::group::Post task execution logs
[2026-09-05T19:53:03.870+0200] {local_task_job_runner.py:266} INFO - Task exited with return code 0
[2026-09-05T19:53:03.875+0200] {taskinstance.py:3901} INFO - 0 downstream tasks scheduled from follow-on schedule check
[2026-09-05T19:53:03.875+0200] {local_task_job_runner.py:245} INFO - ::endgroup::
[2026-09-05T19:53:35.098+0200] {local_task_job_runner.py:123} INFO - ::group::Pre task execution logs
[2026-09-05T19:53:35.101+0200] {taskinstance.py:2614} INFO - Dependencies all met for dep_context=non-requeueable deps ti=<TaskInstance: mini_riskagent_file_ingestion.wait_for_csv scheduled__2026-09-05T17:00:00+00:00 [queued]>
[2026-09-05T19:53:35.102+0200] {taskinstance.py:2614} INFO - Dependencies all met for dep_context=requeueable deps ti=<TaskInstance: mini_riskagent_file_ingestion.wait_for_csv scheduled__2026-09-05T17:00:00+00:00 [queued]>
[2026-09-05T19:53:35.102+0200] {taskinstance.py:2867} INFO - Starting attempt 1 of 2
[2026-09-05T19:53:35.106+0200] {taskinstance.py:2890} INFO - Executing <Task(PythonSensor): wait_for_csv> on 2026-09-05 17:00:00+00:00
[2026-09-05T19:53:35.110+0200] {standard_task_runner.py:104} INFO - Running: ['airflow', 'tasks', 'run', 'mini_riskagent_file_ingestion', 'wait_for_csv', 'scheduled__2026-09-05T17:00:00+00:00', '--job-id', '2187', '--raw', '--subdir', 'DAGS_FOLDER/data_ingest_pipeline.py', '--cfg-path', '/var/folders/5p/201rr1sj03g8gksxm9x48mbh0000gn/T/tmpchir3jyb']
[2026-09-05T19:53:35.111+0200] {standard_task_runner.py:105} INFO - Job 2187: Subtask wait_for_csv
[2026-09-05T19:53:35.161+0200] {logging_mixin.py:190} WARNING - /Users/swarnalidatta/Desktop/AutoQueryChatbot/.airflow-venv/lib/python3.12/site-packages/airflow/task/task_runner/standard_task_runner.py:70 DeprecationWarning: This process (pid=36839) is multi-threaded, use of fork() may lead to deadlocks in the child.
[2026-09-05T19:53:35.162+0200] {standard_task_runner.py:72} INFO - Started process 36841 to run task
[2026-09-05T19:53:35.174+0200] {task_command.py:467} INFO - Running <TaskInstance: mini_riskagent_file_ingestion.wait_for_csv scheduled__2026-09-05T17:00:00+00:00 [running]> on host mac.home
[2026-09-05T19:53:35.190+0200] {taskinstance.py:3134} INFO - Exporting env vars: AIRFLOW_CTX_DAG_OWNER='autoquery' AIRFLOW_CTX_DAG_ID='mini_riskagent_file_ingestion' AIRFLOW_CTX_TASK_ID='wait_for_csv' AIRFLOW_CTX_EXECUTION_DATE='2026-09-05T17:00:00+00:00' AIRFLOW_CTX_TRY_NUMBER='1' AIRFLOW_CTX_DAG_RUN_ID='scheduled__2026-09-05T17:00:00+00:00'
[2026-09-05T19:53:35.190+0200] {logging_mixin.py:190} INFO - Task instance is in running state
[2026-09-05T19:53:35.190+0200] {logging_mixin.py:190} INFO -  Previous state of the Task instance: queued
[2026-09-05T19:53:35.191+0200] {logging_mixin.py:190} INFO - Current task name:wait_for_csv state:running start_date:2026-09-05 17:53:35.101222+00:00
[2026-09-05T19:53:35.191+0200] {logging_mixin.py:190} INFO - Dag name:mini_riskagent_file_ingestion and current dag run status:running
[2026-09-05T19:53:35.191+0200] {taskinstance.py:732} INFO - ::endgroup::
[2026-09-05T19:53:35.192+0200] {python.py:75} INFO - Poking callable: <function check_for_csv_files at 0x10a21cc20>
[2026-09-05T19:53:35.195+0200] {taskinstance.py:310} INFO - Rescheduling task, marking task as UP_FOR_RESCHEDULE
[2026-09-05T19:53:35.195+0200] {taskinstance.py:341} INFO - ::group::Post task execution logs
[2026-09-05T19:53:35.217+0200] {local_task_job_runner.py:266} INFO - Task exited with return code 0
[2026-09-05T19:53:35.222+0200] {taskinstance.py:3901} INFO - 0 downstream tasks scheduled from follow-on schedule check
[2026-09-05T19:53:35.222+0200] {local_task_job_runner.py:245} INFO - ::endgroup::
[2026-09-05T19:54:07.269+0200] {local_task_job_runner.py:123} INFO - ::group::Pre task execution logs
[2026-09-05T19:54:07.272+0200] {taskinstance.py:2614} INFO - Dependencies all met for dep_context=non-requeueable deps ti=<TaskInstance: mini_riskagent_file_ingestion.wait_for_csv scheduled__2026-09-05T17:00:00+00:00 [queued]>
[2026-09-05T19:54:07.273+0200] {taskinstance.py:2614} INFO - Dependencies all met for dep_context=requeueable deps ti=<TaskInstance: mini_riskagent_file_ingestion.wait_for_csv scheduled__2026-09-05T17:00:00+00:00 [queued]>
[2026-09-05T19:54:07.274+0200] {taskinstance.py:2867} INFO - Starting attempt 1 of 2
[2026-09-05T19:54:07.277+0200] {taskinstance.py:2890} INFO - Executing <Task(PythonSensor): wait_for_csv> on 2026-09-05 17:00:00+00:00
[2026-09-05T19:54:07.282+0200] {standard_task_runner.py:104} INFO - Running: ['airflow', 'tasks', 'run', 'mini_riskagent_file_ingestion', 'wait_for_csv', 'scheduled__2026-09-05T17:00:00+00:00', '--job-id', '2203', '--raw', '--subdir', 'DAGS_FOLDER/data_ingest_pipeline.py', '--cfg-path', '/var/folders/5p/201rr1sj03g8gksxm9x48mbh0000gn/T/tmpc8qqxqk8']
[2026-09-05T19:54:07.282+0200] {standard_task_runner.py:105} INFO - Job 2203: Subtask wait_for_csv
[2026-09-05T19:54:07.334+0200] {logging_mixin.py:190} WARNING - /Users/swarnalidatta/Desktop/AutoQueryChatbot/.airflow-venv/lib/python3.12/site-packages/airflow/task/task_runner/standard_task_runner.py:70 DeprecationWarning: This process (pid=36948) is multi-threaded, use of fork() may lead to deadlocks in the child.
[2026-09-05T19:54:07.334+0200] {standard_task_runner.py:72} INFO - Started process 36954 to run task
[2026-09-05T19:54:07.345+0200] {task_command.py:467} INFO - Running <TaskInstance: mini_riskagent_file_ingestion.wait_for_csv scheduled__2026-09-05T17:00:00+00:00 [running]> on host mac.home
[2026-09-05T19:54:07.360+0200] {taskinstance.py:3134} INFO - Exporting env vars: AIRFLOW_CTX_DAG_OWNER='autoquery' AIRFLOW_CTX_DAG_ID='mini_riskagent_file_ingestion' AIRFLOW_CTX_TASK_ID='wait_for_csv' AIRFLOW_CTX_EXECUTION_DATE='2026-09-05T17:00:00+00:00' AIRFLOW_CTX_TRY_NUMBER='1' AIRFLOW_CTX_DAG_RUN_ID='scheduled__2026-09-05T17:00:00+00:00'
[2026-09-05T19:54:07.360+0200] {logging_mixin.py:190} INFO - Task instance is in running state
[2026-09-05T19:54:07.361+0200] {logging_mixin.py:190} INFO -  Previous state of the Task instance: queued
[2026-09-05T19:54:07.361+0200] {logging_mixin.py:190} INFO - Current task name:wait_for_csv state:running start_date:2026-09-05 17:54:07.272558+00:00
[2026-09-05T19:54:07.361+0200] {logging_mixin.py:190} INFO - Dag name:mini_riskagent_file_ingestion and current dag run status:running
[2026-09-05T19:54:07.361+0200] {taskinstance.py:732} INFO - ::endgroup::
[2026-09-05T19:54:07.362+0200] {python.py:75} INFO - Poking callable: <function check_for_csv_files at 0x10f9e4c20>
[2026-09-05T19:54:07.366+0200] {taskinstance.py:310} INFO - Rescheduling task, marking task as UP_FOR_RESCHEDULE
[2026-09-05T19:54:07.366+0200] {taskinstance.py:341} INFO - ::group::Post task execution logs
[2026-09-05T19:54:07.389+0200] {local_task_job_runner.py:266} INFO - Task exited with return code 0
[2026-09-05T19:54:07.394+0200] {taskinstance.py:3901} INFO - 0 downstream tasks scheduled from follow-on schedule check
[2026-09-05T19:54:07.394+0200] {local_task_job_runner.py:245} INFO - ::endgroup::
[2026-09-05T19:54:40.226+0200] {local_task_job_runner.py:123} INFO - ::group::Pre task execution logs
[2026-09-05T19:54:40.228+0200] {taskinstance.py:2614} INFO - Dependencies all met for dep_context=non-requeueable deps ti=<TaskInstance: mini_riskagent_file_ingestion.wait_for_csv scheduled__2026-09-05T17:00:00+00:00 [queued]>
[2026-09-05T19:54:40.230+0200] {taskinstance.py:2614} INFO - Dependencies all met for dep_context=requeueable deps ti=<TaskInstance: mini_riskagent_file_ingestion.wait_for_csv scheduled__2026-09-05T17:00:00+00:00 [queued]>
[2026-09-05T19:54:40.230+0200] {taskinstance.py:2867} INFO - Starting attempt 1 of 2
[2026-09-05T19:54:40.234+0200] {taskinstance.py:2890} INFO - Executing <Task(PythonSensor): wait_for_csv> on 2026-09-05 17:00:00+00:00
[2026-09-05T19:54:40.238+0200] {standard_task_runner.py:104} INFO - Running: ['airflow', 'tasks', 'run', 'mini_riskagent_file_ingestion', 'wait_for_csv', 'scheduled__2026-09-05T17:00:00+00:00', '--job-id', '2219', '--raw', '--subdir', 'DAGS_FOLDER/data_ingest_pipeline.py', '--cfg-path', '/var/folders/5p/201rr1sj03g8gksxm9x48mbh0000gn/T/tmp264dyntp']
[2026-09-05T19:54:40.239+0200] {standard_task_runner.py:105} INFO - Job 2219: Subtask wait_for_csv
[2026-09-05T19:54:40.291+0200] {logging_mixin.py:190} WARNING - /Users/swarnalidatta/Desktop/AutoQueryChatbot/.airflow-venv/lib/python3.12/site-packages/airflow/task/task_runner/standard_task_runner.py:70 DeprecationWarning: This process (pid=37064) is multi-threaded, use of fork() may lead to deadlocks in the child.
[2026-09-05T19:54:40.291+0200] {standard_task_runner.py:72} INFO - Started process 37067 to run task
[2026-09-05T19:54:40.304+0200] {task_command.py:467} INFO - Running <TaskInstance: mini_riskagent_file_ingestion.wait_for_csv scheduled__2026-09-05T17:00:00+00:00 [running]> on host mac.home
[2026-09-05T19:54:40.320+0200] {taskinstance.py:3134} INFO - Exporting env vars: AIRFLOW_CTX_DAG_OWNER='autoquery' AIRFLOW_CTX_DAG_ID='mini_riskagent_file_ingestion' AIRFLOW_CTX_TASK_ID='wait_for_csv' AIRFLOW_CTX_EXECUTION_DATE='2026-09-05T17:00:00+00:00' AIRFLOW_CTX_TRY_NUMBER='1' AIRFLOW_CTX_DAG_RUN_ID='scheduled__2026-09-05T17:00:00+00:00'
[2026-09-05T19:54:40.320+0200] {logging_mixin.py:190} INFO - Task instance is in running state
[2026-09-05T19:54:40.320+0200] {logging_mixin.py:190} INFO -  Previous state of the Task instance: queued
[2026-09-05T19:54:40.321+0200] {logging_mixin.py:190} INFO - Current task name:wait_for_csv state:running start_date:2026-09-05 17:54:40.228925+00:00
[2026-09-05T19:54:40.321+0200] {logging_mixin.py:190} INFO - Dag name:mini_riskagent_file_ingestion and current dag run status:running
[2026-09-05T19:54:40.321+0200] {taskinstance.py:732} INFO - ::endgroup::
[2026-09-05T19:54:40.322+0200] {python.py:75} INFO - Poking callable: <function check_for_csv_files at 0x108cf0c20>
[2026-09-05T19:54:40.325+0200] {taskinstance.py:310} INFO - Rescheduling task, marking task as UP_FOR_RESCHEDULE
[2026-09-05T19:54:40.326+0200] {taskinstance.py:341} INFO - ::group::Post task execution logs
[2026-09-05T19:54:40.346+0200] {local_task_job_runner.py:266} INFO - Task exited with return code 0
[2026-09-05T19:54:40.351+0200] {taskinstance.py:3901} INFO - 0 downstream tasks scheduled from follow-on schedule check
[2026-09-05T19:54:40.351+0200] {local_task_job_runner.py:245} INFO - ::endgroup::
[2026-09-05T19:55:12.392+0200] {local_task_job_runner.py:123} INFO - ::group::Pre task execution logs
[2026-09-05T19:55:12.395+0200] {taskinstance.py:2614} INFO - Dependencies all met for dep_context=non-requeueable deps ti=<TaskInstance: mini_riskagent_file_ingestion.wait_for_csv scheduled__2026-09-05T17:00:00+00:00 [queued]>
[2026-09-05T19:55:12.396+0200] {taskinstance.py:2614} INFO - Dependencies all met for dep_context=requeueable deps ti=<TaskInstance: mini_riskagent_file_ingestion.wait_for_csv scheduled__2026-09-05T17:00:00+00:00 [queued]>
[2026-09-05T19:55:12.396+0200] {taskinstance.py:2867} INFO - Starting attempt 1 of 2
[2026-09-05T19:55:12.400+0200] {taskinstance.py:2890} INFO - Executing <Task(PythonSensor): wait_for_csv> on 2026-09-05 17:00:00+00:00
[2026-09-05T19:55:12.404+0200] {standard_task_runner.py:104} INFO - Running: ['airflow', 'tasks', 'run', 'mini_riskagent_file_ingestion', 'wait_for_csv', 'scheduled__2026-09-05T17:00:00+00:00', '--job-id', '2235', '--raw', '--subdir', 'DAGS_FOLDER/data_ingest_pipeline.py', '--cfg-path', '/var/folders/5p/201rr1sj03g8gksxm9x48mbh0000gn/T/tmpjjmc1che']
[2026-09-05T19:55:12.405+0200] {standard_task_runner.py:105} INFO - Job 2235: Subtask wait_for_csv
[2026-09-05T19:55:12.455+0200] {logging_mixin.py:190} WARNING - /Users/swarnalidatta/Desktop/AutoQueryChatbot/.airflow-venv/lib/python3.12/site-packages/airflow/task/task_runner/standard_task_runner.py:70 DeprecationWarning: This process (pid=37175) is multi-threaded, use of fork() may lead to deadlocks in the child.
[2026-09-05T19:55:12.455+0200] {standard_task_runner.py:72} INFO - Started process 37177 to run task
[2026-09-05T19:55:12.467+0200] {task_command.py:467} INFO - Running <TaskInstance: mini_riskagent_file_ingestion.wait_for_csv scheduled__2026-09-05T17:00:00+00:00 [running]> on host mac.home
[2026-09-05T19:55:12.482+0200] {taskinstance.py:3134} INFO - Exporting env vars: AIRFLOW_CTX_DAG_OWNER='autoquery' AIRFLOW_CTX_DAG_ID='mini_riskagent_file_ingestion' AIRFLOW_CTX_TASK_ID='wait_for_csv' AIRFLOW_CTX_EXECUTION_DATE='2026-09-05T17:00:00+00:00' AIRFLOW_CTX_TRY_NUMBER='1' AIRFLOW_CTX_DAG_RUN_ID='scheduled__2026-09-05T17:00:00+00:00'
[2026-09-05T19:55:12.482+0200] {logging_mixin.py:190} INFO - Task instance is in running state
[2026-09-05T19:55:12.482+0200] {logging_mixin.py:190} INFO -  Previous state of the Task instance: queued
[2026-09-05T19:55:12.482+0200] {logging_mixin.py:190} INFO - Current task name:wait_for_csv state:running start_date:2026-09-05 17:55:12.395171+00:00
[2026-09-05T19:55:12.483+0200] {logging_mixin.py:190} INFO - Dag name:mini_riskagent_file_ingestion and current dag run status:running
[2026-09-05T19:55:12.483+0200] {taskinstance.py:732} INFO - ::endgroup::
[2026-09-05T19:55:12.484+0200] {python.py:75} INFO - Poking callable: <function check_for_csv_files at 0x10c900c20>
[2026-09-05T19:55:12.487+0200] {taskinstance.py:310} INFO - Rescheduling task, marking task as UP_FOR_RESCHEDULE
[2026-09-05T19:55:12.487+0200] {taskinstance.py:341} INFO - ::group::Post task execution logs
[2026-09-05T19:55:12.510+0200] {local_task_job_runner.py:266} INFO - Task exited with return code 0
[2026-09-05T19:55:12.515+0200] {taskinstance.py:3901} INFO - 0 downstream tasks scheduled from follow-on schedule check
[2026-09-05T19:55:12.516+0200] {local_task_job_runner.py:245} INFO - ::endgroup::
[2026-09-05T19:55:44.572+0200] {local_task_job_runner.py:123} INFO - ::group::Pre task execution logs
[2026-09-05T19:55:44.575+0200] {taskinstance.py:2614} INFO - Dependencies all met for dep_context=non-requeueable deps ti=<TaskInstance: mini_riskagent_file_ingestion.wait_for_csv scheduled__2026-09-05T17:00:00+00:00 [queued]>
[2026-09-05T19:55:44.577+0200] {taskinstance.py:2614} INFO - Dependencies all met for dep_context=requeueable deps ti=<TaskInstance: mini_riskagent_file_ingestion.wait_for_csv scheduled__2026-09-05T17:00:00+00:00 [queued]>
[2026-09-05T19:55:44.577+0200] {taskinstance.py:2867} INFO - Starting attempt 1 of 2
[2026-09-05T19:55:44.580+0200] {taskinstance.py:2890} INFO - Executing <Task(PythonSensor): wait_for_csv> on 2026-09-05 17:00:00+00:00
[2026-09-05T19:55:44.585+0200] {standard_task_runner.py:104} INFO - Running: ['airflow', 'tasks', 'run', 'mini_riskagent_file_ingestion', 'wait_for_csv', 'scheduled__2026-09-05T17:00:00+00:00', '--job-id', '2251', '--raw', '--subdir', 'DAGS_FOLDER/data_ingest_pipeline.py', '--cfg-path', '/var/folders/5p/201rr1sj03g8gksxm9x48mbh0000gn/T/tmpgl3cpm8h']
[2026-09-05T19:55:44.586+0200] {standard_task_runner.py:105} INFO - Job 2251: Subtask wait_for_csv
[2026-09-05T19:55:44.636+0200] {logging_mixin.py:190} WARNING - /Users/swarnalidatta/Desktop/AutoQueryChatbot/.airflow-venv/lib/python3.12/site-packages/airflow/task/task_runner/standard_task_runner.py:70 DeprecationWarning: This process (pid=37285) is multi-threaded, use of fork() may lead to deadlocks in the child.
[2026-09-05T19:55:44.637+0200] {standard_task_runner.py:72} INFO - Started process 37291 to run task
[2026-09-05T19:55:44.648+0200] {task_command.py:467} INFO - Running <TaskInstance: mini_riskagent_file_ingestion.wait_for_csv scheduled__2026-09-05T17:00:00+00:00 [running]> on host mac.home
[2026-09-05T19:55:44.663+0200] {taskinstance.py:3134} INFO - Exporting env vars: AIRFLOW_CTX_DAG_OWNER='autoquery' AIRFLOW_CTX_DAG_ID='mini_riskagent_file_ingestion' AIRFLOW_CTX_TASK_ID='wait_for_csv' AIRFLOW_CTX_EXECUTION_DATE='2026-09-05T17:00:00+00:00' AIRFLOW_CTX_TRY_NUMBER='1' AIRFLOW_CTX_DAG_RUN_ID='scheduled__2026-09-05T17:00:00+00:00'
[2026-09-05T19:55:44.663+0200] {logging_mixin.py:190} INFO - Task instance is in running state
[2026-09-05T19:55:44.663+0200] {logging_mixin.py:190} INFO -  Previous state of the Task instance: queued
[2026-09-05T19:55:44.664+0200] {logging_mixin.py:190} INFO - Current task name:wait_for_csv state:running start_date:2026-09-05 17:55:44.575679+00:00
[2026-09-05T19:55:44.664+0200] {logging_mixin.py:190} INFO - Dag name:mini_riskagent_file_ingestion and current dag run status:running
[2026-09-05T19:55:44.664+0200] {taskinstance.py:732} INFO - ::endgroup::
[2026-09-05T19:55:44.665+0200] {python.py:75} INFO - Poking callable: <function check_for_csv_files at 0x10ca50c20>
[2026-09-05T19:55:44.669+0200] {taskinstance.py:310} INFO - Rescheduling task, marking task as UP_FOR_RESCHEDULE
[2026-09-05T19:55:44.669+0200] {taskinstance.py:341} INFO - ::group::Post task execution logs
[2026-09-05T19:55:44.692+0200] {local_task_job_runner.py:266} INFO - Task exited with return code 0
[2026-09-05T19:55:44.697+0200] {taskinstance.py:3901} INFO - 0 downstream tasks scheduled from follow-on schedule check
[2026-09-05T19:55:44.697+0200] {local_task_job_runner.py:245} INFO - ::endgroup::
