[2026-09-05T14:14:19.903+0200] {processor.py:186} INFO - Started process (PID=3516) to work on /Users/swarnalidatta/Desktop/AutoQueryChatbot/.airflow-venv/lib/python3.12/site-packages/airflow/example_dags/plugins/event_listener.py
[2026-09-05T14:14:19.903+0200] {processor.py:914} INFO - Processing file /Users/swarnalidatta/Desktop/AutoQueryChatbot/.airflow-venv/lib/python3.12/site-packages/airflow/example_dags/plugins/event_listener.py for tasks to queue
[2026-09-05T14:14:19.903+0200] {logging_mixin.py:190} INFO - [2026-09-05T14:14:19.903+0200] {dagbag.py:588} INFO - Filling up the DagBag from /Users/swarnalidatta/Desktop/AutoQueryChatbot/.airflow-venv/lib/python3.12/site-packages/airflow/example_dags/plugins/event_listener.py
[2026-09-05T14:14:19.904+0200] {processor.py:927} WARNING - No viable dags retrieved from /Users/swarnalidatta/Desktop/AutoQueryChatbot/.airflow-venv/lib/python3.12/site-packages/airflow/example_dags/plugins/event_listener.py
[2026-09-05T14:14:19.927+0200] {processor.py:208} INFO - Processing /Users/swarnalidatta/Desktop/AutoQueryChatbot/.airflow-venv/lib/python3.12/site-packages/airflow/example_dags/plugins/event_listener.py took 0.025 seconds
[2026-09-05T14:15:56.290+0200] {processor.py:186} INFO - Started process (PID=3733) to work on /Users/swarnalidatta/Desktop/AutoQueryChatbot/.airflow-venv/lib/python3.12/site-packages/airflow/example_dags/plugins/event_listener.py
[2026-09-05T14:15:56.291+0200] {processor.py:914} INFO - Processing file /Users/swarnalidatta/Desktop/AutoQueryChatbot/.airflow-venv/lib/python3.12/site-packages/airflow/example_dags/plugins/event_listener.py for tasks to queue
[2026-09-05T14:15:56.291+0200] {logging_mixin.py:190} INFO - [2026-09-05T14:15:56.291+0200] {dagbag.py:588} INFO - Filling up the DagBag from /Users/swarnalidatta/Desktop/AutoQueryChatbot/.airflow-venv/lib/python3.12/site-packages/airflow/example_dags/plugins/event_listener.py
[2026-09-05T14:15:56.291+0200] {processor.py:927} WARNING - No viable dags retrieved from /Users/swarnalidatta/Desktop/AutoQueryChatbot/.airflow-venv/lib/python3.12/site-packages/airflow/example_dags/plugins/event_listener.py
[2026-09-05T14:15:56.315+0200] {processor.py:208} INFO - Processing /Users/swarnalidatta/Desktop/AutoQueryChatbot/.airflow-venv/lib/python3.12/site-packages/airflow/example_dags/plugins/event_listener.py took 0.025 seconds
[2026-09-05T14:16:52.804+0200] {processor.py:186} INFO - Started process (PID=3861) to work on /Users/swarnalidatta/Desktop/AutoQueryChatbot/.airflow-venv/lib/python3.12/site-packages/airflow/example_dags/plugins/event_listener.py
[2026-09-05T14:16:52.805+0200] {processor.py:914} INFO - Processing file /Users/swarnalidatta/Desktop/AutoQueryChatbot/.airflow-venv/lib/python3.12/site-packages/airflow/example_dags/plugins/event_listener.py for tasks to queue
[2026-09-05T14:16:52.805+0200] {logging_mixin.py:190} INFO - [2026-09-05T14:16:52.805+0200] {dagbag.py:588} INFO - Filling up the DagBag from /Users/swarnalidatta/Desktop/AutoQueryChatbot/.airflow-venv/lib/python3.12/site-packages/airflow/example_dags/plugins/event_listener.py
[2026-09-05T14:16:52.805+0200] {processor.py:927} WARNING - No viable dags retrieved from /Users/swarnalidatta/Desktop/AutoQueryChatbot/.airflow-venv/lib/python3.12/site-packages/airflow/example_dags/plugins/event_listener.py
[2026-09-05T14:16:52.829+0200] {processor.py:208} INFO - Processing /Users/swarnalidatta/Desktop/AutoQueryChatbot/.airflow-venv/lib/python3.12/site-packages/airflow/example_dags/plugins/event_listener.py took 0.026 seconds
[2026-09-05T14:17:50.729+0200] {processor.py:186} INFO - Started process (PID=3982) to work on /Users/swarnalidatta/Desktop/AutoQueryChatbot/.airflow-venv/lib/python3.12/site-packages/airflow/example_dags/plugins/event_listener.py
[2026-09-05T14:17:50.730+0200] {processor.py:914} INFO - Processing file /Users/swarnalidatta/Desktop/AutoQueryChatbot/.airflow-venv/lib/python3.12/site-packages/airflow/example_dags/plugins/event_listener.py for tasks to queue
[2026-09-05T14:17:50.730+0200] {logging_mixin.py:190} INFO - [2026-09-05T14:17:50.730+0200] {dagbag.py:588} INFO - Filling up the DagBag from /Users/swarnalidatta/Desktop/AutoQueryChatbot/.airflow-venv/lib/python3.12/site-packages/airflow/example_dags/plugins/event_listener.py
[2026-09-05T14:17:50.730+0200] {processor.py:927} WARNING - No viable dags retrieved from /Users/swarnalidatta/Desktop/AutoQueryChatbot/.airflow-venv/lib/python3.12/site-packages/airflow/example_dags/plugins/event_listener.py
[2026-09-05T14:17:50.755+0200] {processor.py:208} INFO - Processing /Users/swarnalidatta/Desktop/AutoQueryChatbot/.airflow-venv/lib/python3.12/site-packages/airflow/example_dags/plugins/event_listener.py took 0.027 seconds
[2026-09-05T14:18:50.650+0200] {processor.py:186} INFO - Started process (PID=4112) to work on /Users/swarnalidatta/Desktop/AutoQueryChatbot/.airflow-venv/lib/python3.12/site-packages/airflow/example_dags/plugins/event_listener.py
[2026-09-05T14:18:50.650+0200] {processor.py:914} INFO - Processing file /Users/swarnalidatta/Desktop/AutoQueryChatbot/.airflow-venv/lib/python3.12/site-packages/airflow/example_dags/plugins/event_listener.py for tasks to queue
[2026-09-05T14:18:50.650+0200] {logging_mixin.py:190} INFO - [2026-09-05T14:18:50.650+0200] {dagbag.py:588} INFO - Filling up the DagBag from /Users/swarnalidatta/Desktop/AutoQueryChatbot/.airflow-venv/lib/python3.12/site-packages/airflow/example_dags/plugins/event_listener.py
[2026-09-05T14:18:50.651+0200] {processor.py:927} WARNING - No viable dags retrieved from /Users/swarnalidatta/Desktop/AutoQueryChatbot/.airflow-venv/lib/python3.12/site-packages/airflow/example_dags/plugins/event_listener.py
[2026-09-05T14:18:50.674+0200] {processor.py:208} INFO - Processing /Users/swarnalidatta/Desktop/AutoQueryChatbot/.airflow-venv/lib/python3.12/site-packages/airflow/example_dags/plugins/event_listener.py took 0.026 seconds
[2026-09-05T14:19:49.364+0200] {processor.py:186} INFO - Started process (PID=4251) to work on /Users/swarnalidatta/Desktop/AutoQueryChatbot/.airflow-venv/lib/python3.12/site-packages/airflow/example_dags/plugins/event_listener.py
[2026-09-05T14:19:49.365+0200] {processor.py:914} INFO - Processing file /Users/swarnalidatta/Desktop/AutoQueryChatbot/.airflow-venv/lib/python3.12/site-packages/airflow/example_dags/plugins/event_listener.py for tasks to queue
[2026-09-05T14:19:49.365+0200] {logging_mixin.py:190} INFO - [2026-09-05T14:19:49.365+0200] {dagbag.py:588} INFO - Filling up the DagBag from /Users/swarnalidatta/Desktop/AutoQueryChatbot/.airflow-venv/lib/python3.12/site-packages/airflow/example_dags/plugins/event_listener.py
[2026-09-05T14:19:49.365+0200] {processor.py:927} WARNING - No viable dags retrieved from /Users/swarnalidatta/Desktop/AutoQueryChatbot/.airflow-venv/lib/python3.12/site-packages/airflow/example_dags/plugins/event_listener.py
[2026-09-05T14:19:49.389+0200] {processor.py:208} INFO - Processing /Users/swarnalidatta/Desktop/AutoQueryChatbot/.airflow-venv/lib/python3.12/site-packages/airflow/example_dags/plugins/event_listener.py took 0.026 seconds
[2026-09-05T14:20:44.065+0200] {processor.py:186} INFO - Started process (PID=4373) to work on /Users/swarnalidatta/Desktop/AutoQueryChatbot/.airflow-venv/lib/python3.12/site-packages/airflow/example_dags/plugins/event_listener.py
[2026-09-05T14:20:44.065+0200] {processor.py:914} INFO - Processing file /Users/swarnalidatta/Desktop/AutoQueryChatbot/.airflow-venv/lib/python3.12/site-packages/airflow/example_dags/plugins/event_listener.py for tasks to queue
[2026-09-05T14:20:44.066+0200] {logging_mixin.py:190} INFO - [2026-09-05T14:20:44.066+0200] {dagbag.py:588} INFO - Filling up the DagBag from /Users/swarnalidatta/Desktop/AutoQueryChatbot/.airflow-venv/lib/python3.12/site-packages/airflow/example_dags/plugins/event_listener.py
[2026-09-05T14:20:44.066+0200] {processor.py:927} WARNING - No viable dags retrieved from /Users/swarnalidatta/Desktop/AutoQueryChatbot/.airflow-venv/lib/python3.12/site-packages/airflow/example_dags/plugins/event_listener.py
[2026-09-05T14:20:44.090+0200] {processor.py:208} INFO - Processing /Users/swarnalidatta/Desktop/AutoQueryChatbot/.airflow-venv/lib/python3.12/site-packages/airflow/example_dags/plugins/event_listener.py took 0.026 seconds
[2026-09-05T14:21:42.264+0200] {processor.py:186} INFO - Started process (PID=4491) to work on /Users/swarnalidatta/Desktop/AutoQueryChatbot/.airflow-venv/lib/python3.12/site-packages/airflow/example_dags/plugins/event_listener.py
[2026-09-05T14:21:42.264+0200] {processor.py:914} INFO - Processing file /Users/swarnalidatta/Desktop/AutoQueryChatbot/.airflow-venv/lib/python3.12/site-packages/airflow/example_dags/plugins/event_listener.py for tasks to queue
[2026-09-05T14:21:42.265+0200] {logging_mixin.py:190} INFO - [2026-09-05T14:21:42.264+0200] {dagbag.py:588} INFO - Filling up the DagBag from /Users/swarnalidatta/Desktop/AutoQueryChatbot/.airflow-venv/lib/python3.12/site-packages/airflow/example_dags/plugins/event_listener.py
[2026-09-05T14:21:42.265+0200] {processor.py:927} WARNING - No viable dags retrieved from /Users/swarnalidatta/Desktop/AutoQueryChatbot/.airflow-venv/lib/python3.12/site-packages/airflow/example_dags/plugins/event_listener.py
[2026-09-05T14:21:42.291+0200] {processor.py:208} INFO - Processing /Users/swarnalidatta/Desktop/AutoQueryChatbot/.airflow-venv/lib/python3.12/site-packages/airflow/example_dags/plugins/event_listener.py took 0.029 seconds
[2026-09-05T14:22:37.519+0200] {processor.py:186} INFO - Started process (PID=4618) to work on /Users/swarnalidatta/Desktop/AutoQueryChatbot/.airflow-venv/lib/python3.12/site-packages/airflow/example_dags/plugins/event_listener.py
[2026-09-05T14:22:37.519+0200] {processor.py:914} INFO - Processing file /Users/swarnalidatta/Desktop/AutoQueryChatbot/.airflow-venv/lib/python3.12/site-packages/airflow/example_dags/plugins/event_listener.py for tasks to queue
[2026-09-05T14:22:37.519+0200] {logging_mixin.py:190} INFO - [2026-09-05T14:22:37.519+0200] {dagbag.py:588} INFO - Filling up the DagBag from /Users/swarnalidatta/Desktop/AutoQueryChatbot/.airflow-venv/lib/python3.12/site-packages/airflow/example_dags/plugins/event_listener.py
[2026-09-05T14:22:37.520+0200] {processor.py:927} WARNING - No viable dags retrieved from /Users/swarnalidatta/Desktop/AutoQueryChatbot/.airflow-venv/lib/python3.12/site-packages/airflow/example_dags/plugins/event_listener.py
[2026-09-05T14:22:37.544+0200] {processor.py:208} INFO - Processing /Users/swarnalidatta/Desktop/AutoQueryChatbot/.airflow-venv/lib/python3.12/site-packages/airflow/example_dags/plugins/event_listener.py took 0.027 seconds
[2026-09-05T14:23:33.820+0200] {processor.py:186} INFO - Started process (PID=4752) to work on /Users/swarnalidatta/Desktop/AutoQueryChatbot/.airflow-venv/lib/python3.12/site-packages/airflow/example_dags/plugins/event_listener.py
[2026-09-05T14:23:33.820+0200] {processor.py:914} INFO - Processing file /Users/swarnalidatta/Desktop/AutoQueryChatbot/.airflow-venv/lib/python3.12/site-packages/airflow/example_dags/plugins/event_listener.py for tasks to queue
[2026-09-05T14:23:33.820+0200] {logging_mixin.py:190} INFO - [2026-09-05T14:23:33.820+0200] {dagbag.py:588} INFO - Filling up the DagBag from /Users/swarnalidatta/Desktop/AutoQueryChatbot/.airflow-venv/lib/python3.12/site-packages/airflow/example_dags/plugins/event_listener.py
[2026-09-05T14:23:33.821+0200] {processor.py:927} WARNING - No viable dags retrieved from /Users/swarnalidatta/Desktop/AutoQueryChatbot/.airflow-venv/lib/python3.12/site-packages/airflow/example_dags/plugins/event_listener.py
[2026-09-05T14:23:33.845+0200] {processor.py:208} INFO - Processing /Users/swarnalidatta/Desktop/AutoQueryChatbot/.airflow-venv/lib/python3.12/site-packages/airflow/example_dags/plugins/event_listener.py took 0.027 seconds
[2026-09-05T14:25:25.872+0200] {processor.py:186} INFO - Started process (PID=4902) to work on /Users/swarnalidatta/Desktop/AutoQueryChatbot/.airflow-venv/lib/python3.12/site-packages/airflow/example_dags/plugins/event_listener.py
[2026-09-05T14:25:25.872+0200] {processor.py:914} INFO - Processing file /Users/swarnalidatta/Desktop/AutoQueryChatbot/.airflow-venv/lib/python3.12/site-packages/airflow/example_dags/plugins/event_listener.py for tasks to queue
[2026-09-05T14:25:25.872+0200] {logging_mixin.py:190} INFO - [2026-09-05T14:25:25.872+0200] {dagbag.py:588} INFO - Filling up the DagBag from /Users/swarnalidatta/Desktop/AutoQueryChatbot/.airflow-venv/lib/python3.12/site-packages/airflow/example_dags/plugins/event_listener.py
[2026-09-05T14:25:25.873+0200] {processor.py:927} WARNING - No viable dags retrieved from /Users/swarnalidatta/Desktop/AutoQueryChatbot/.airflow-venv/lib/python3.12/site-packages/airflow/example_dags/plugins/event_listener.py
[2026-09-05T14:25:25.897+0200] {processor.py:208} INFO - Processing /Users/swarnalidatta/Desktop/AutoQueryChatbot/.airflow-venv/lib/python3.12/site-packages/airflow/example_dags/plugins/event_listener.py took 0.026 seconds
[2026-09-05T14:26:58.059+0200] {processor.py:186} INFO - Started process (PID=5110) to work on /Users/swarnalidatta/Desktop/AutoQueryChatbot/.airflow-venv/lib/python3.12/site-packages/airflow/example_dags/plugins/event_listener.py
[2026-09-05T14:26:58.060+0200] {processor.py:914} INFO - Processing file /Users/swarnalidatta/Desktop/AutoQueryChatbot/.airflow-venv/lib/python3.12/site-packages/airflow/example_dags/plugins/event_listener.py for tasks to queue
[2026-09-05T14:26:58.060+0200] {logging_mixin.py:190} INFO - [2026-09-05T14:26:58.060+0200] {dagbag.py:588} INFO - Filling up the DagBag from /Users/swarnalidatta/Desktop/AutoQueryChatbot/.airflow-venv/lib/python3.12/site-packages/airflow/example_dags/plugins/event_listener.py
[2026-09-05T14:26:58.060+0200] {processor.py:927} WARNING - No viable dags retrieved from /Users/swarnalidatta/Desktop/AutoQueryChatbot/.airflow-venv/lib/python3.12/site-packages/airflow/example_dags/plugins/event_listener.py
[2026-09-05T14:26:58.084+0200] {processor.py:208} INFO - Processing /Users/swarnalidatta/Desktop/AutoQueryChatbot/.airflow-venv/lib/python3.12/site-packages/airflow/example_dags/plugins/event_listener.py took 0.026 seconds
[2026-09-05T14:27:55.724+0200] {processor.py:186} INFO - Started process (PID=5252) to work on /Users/swarnalidatta/Desktop/AutoQueryChatbot/.airflow-venv/lib/python3.12/site-packages/airflow/example_dags/plugins/event_listener.py
[2026-09-05T14:27:55.725+0200] {processor.py:914} INFO - Processing file /Users/swarnalidatta/Desktop/AutoQueryChatbot/.airflow-venv/lib/python3.12/site-packages/airflow/example_dags/plugins/event_listener.py for tasks to queue
[2026-09-05T14:27:55.725+0200] {logging_mixin.py:190} INFO - [2026-09-05T14:27:55.725+0200] {dagbag.py:588} INFO - Filling up the DagBag from /Users/swarnalidatta/Desktop/AutoQueryChatbot/.airflow-venv/lib/python3.12/site-packages/airflow/example_dags/plugins/event_listener.py
[2026-09-05T14:27:55.725+0200] {processor.py:927} WARNING - No viable dags retrieved from /Users/swarnalidatta/Desktop/AutoQueryChatbot/.airflow-venv/lib/python3.12/site-packages/airflow/example_dags/plugins/event_listener.py
[2026-09-05T14:27:55.750+0200] {processor.py:208} INFO - Processing /Users/swarnalidatta/Desktop/AutoQueryChatbot/.airflow-venv/lib/python3.12/site-packages/airflow/example_dags/plugins/event_listener.py took 0.026 seconds
[2026-09-05T14:28:52.991+0200] {processor.py:186} INFO - Started process (PID=5379) to work on /Users/swarnalidatta/Desktop/AutoQueryChatbot/.airflow-venv/lib/python3.12/site-packages/airflow/example_dags/plugins/event_listener.py
[2026-09-05T14:28:52.991+0200] {processor.py:914} INFO - Processing file /Users/swarnalidatta/Desktop/AutoQueryChatbot/.airflow-venv/lib/python3.12/site-packages/airflow/example_dags/plugins/event_listener.py for tasks to queue
[2026-09-05T14:28:52.992+0200] {logging_mixin.py:190} INFO - [2026-09-05T14:28:52.992+0200] {dagbag.py:588} INFO - Filling up the DagBag from /Users/swarnalidatta/Desktop/AutoQueryChatbot/.airflow-venv/lib/python3.12/site-packages/airflow/example_dags/plugins/event_listener.py
[2026-09-05T14:28:52.992+0200] {processor.py:927} WARNING - No viable dags retrieved from /Users/swarnalidatta/Desktop/AutoQueryChatbot/.airflow-venv/lib/python3.12/site-packages/airflow/example_dags/plugins/event_listener.py
[2026-09-05T14:28:53.016+0200] {processor.py:208} INFO - Processing /Users/swarnalidatta/Desktop/AutoQueryChatbot/.airflow-venv/lib/python3.12/site-packages/airflow/example_dags/plugins/event_listener.py took 0.026 seconds
[2026-09-05T14:29:50.346+0200] {processor.py:186} INFO - Started process (PID=5506) to work on /Users/swarnalidatta/Desktop/AutoQueryChatbot/.airflow-venv/lib/python3.12/site-packages/airflow/example_dags/plugins/event_listener.py
[2026-09-05T14:29:50.346+0200] {processor.py:914} INFO - Processing file /Users/swarnalidatta/Desktop/AutoQueryChatbot/.airflow-venv/lib/python3.12/site-packages/airflow/example_dags/plugins/event_listener.py for tasks to queue
[2026-09-05T14:29:50.347+0200] {logging_mixin.py:190} INFO - [2026-09-05T14:29:50.346+0200] {dagbag.py:588} INFO - Filling up the DagBag from /Users/swarnalidatta/Desktop/AutoQueryChatbot/.airflow-venv/lib/python3.12/site-packages/airflow/example_dags/plugins/event_listener.py
[2026-09-05T14:29:50.347+0200] {processor.py:927} WARNING - No viable dags retrieved from /Users/swarnalidatta/Desktop/AutoQueryChatbot/.airflow-venv/lib/python3.12/site-packages/airflow/example_dags/plugins/event_listener.py
[2026-09-05T14:29:50.371+0200] {processor.py:208} INFO - Processing /Users/swarnalidatta/Desktop/AutoQueryChatbot/.airflow-venv/lib/python3.12/site-packages/airflow/example_dags/plugins/event_listener.py took 0.026 seconds
[2026-09-05T14:30:48.209+0200] {processor.py:186} INFO - Started process (PID=5634) to work on /Users/swarnalidatta/Desktop/AutoQueryChatbot/.airflow-venv/lib/python3.12/site-packages/airflow/example_dags/plugins/event_listener.py
[2026-09-05T14:30:48.209+0200] {processor.py:914} INFO - Processing file /Users/swarnalidatta/Desktop/AutoQueryChatbot/.airflow-venv/lib/python3.12/site-packages/airflow/example_dags/plugins/event_listener.py for tasks to queue
[2026-09-05T14:30:48.209+0200] {logging_mixin.py:190} INFO - [2026-09-05T14:30:48.209+0200] {dagbag.py:588} INFO - Filling up the DagBag from /Users/swarnalidatta/Desktop/AutoQueryChatbot/.airflow-venv/lib/python3.12/site-packages/airflow/example_dags/plugins/event_listener.py
[2026-09-05T14:30:48.210+0200] {processor.py:927} WARNING - No viable dags retrieved from /Users/swarnalidatta/Desktop/AutoQueryChatbot/.airflow-venv/lib/python3.12/site-packages/airflow/example_dags/plugins/event_listener.py
[2026-09-05T14:30:48.233+0200] {processor.py:208} INFO - Processing /Users/swarnalidatta/Desktop/AutoQueryChatbot/.airflow-venv/lib/python3.12/site-packages/airflow/example_dags/plugins/event_listener.py took 0.026 seconds
[2026-09-05T14:31:41.198+0200] {processor.py:186} INFO - Started process (PID=5755) to work on /Users/swarnalidatta/Desktop/AutoQueryChatbot/.airflow-venv/lib/python3.12/site-packages/airflow/example_dags/plugins/event_listener.py
[2026-09-05T14:31:41.198+0200] {processor.py:914} INFO - Processing file /Users/swarnalidatta/Desktop/AutoQueryChatbot/.airflow-venv/lib/python3.12/site-packages/airflow/example_dags/plugins/event_listener.py for tasks to queue
[2026-09-05T14:31:41.198+0200] {logging_mixin.py:190} INFO - [2026-09-05T14:31:41.198+0200] {dagbag.py:588} INFO - Filling up the DagBag from /Users/swarnalidatta/Desktop/AutoQueryChatbot/.airflow-venv/lib/python3.12/site-packages/airflow/example_dags/plugins/event_listener.py
[2026-09-05T14:31:41.199+0200] {processor.py:927} WARNING - No viable dags retrieved from /Users/swarnalidatta/Desktop/AutoQueryChatbot/.airflow-venv/lib/python3.12/site-packages/airflow/example_dags/plugins/event_listener.py
[2026-09-05T14:31:41.222+0200] {processor.py:208} INFO - Processing /Users/swarnalidatta/Desktop/AutoQueryChatbot/.airflow-venv/lib/python3.12/site-packages/airflow/example_dags/plugins/event_listener.py took 0.026 seconds
[2026-09-05T14:32:38.893+0200] {processor.py:186} INFO - Started process (PID=5879) to work on /Users/swarnalidatta/Desktop/AutoQueryChatbot/.airflow-venv/lib/python3.12/site-packages/airflow/example_dags/plugins/event_listener.py
[2026-09-05T14:32:38.893+0200] {processor.py:914} INFO - Processing file /Users/swarnalidatta/Desktop/AutoQueryChatbot/.airflow-venv/lib/python3.12/site-packages/airflow/example_dags/plugins/event_listener.py for tasks to queue
[2026-09-05T14:32:38.894+0200] {logging_mixin.py:190} INFO - [2026-09-05T14:32:38.894+0200] {dagbag.py:588} INFO - Filling up the DagBag from /Users/swarnalidatta/Desktop/AutoQueryChatbot/.airflow-venv/lib/python3.12/site-packages/airflow/example_dags/plugins/event_listener.py
[2026-09-05T14:32:38.894+0200] {processor.py:927} WARNING - No viable dags retrieved from /Users/swarnalidatta/Desktop/AutoQueryChatbot/.airflow-venv/lib/python3.12/site-packages/airflow/example_dags/plugins/event_listener.py
[2026-09-05T14:32:38.918+0200] {processor.py:208} INFO - Processing /Users/swarnalidatta/Desktop/AutoQueryChatbot/.airflow-venv/lib/python3.12/site-packages/airflow/example_dags/plugins/event_listener.py took 0.026 seconds
[2026-09-05T14:33:35.821+0200] {processor.py:186} INFO - Started process (PID=6004) to work on /Users/swarnalidatta/Desktop/AutoQueryChatbot/.airflow-venv/lib/python3.12/site-packages/airflow/example_dags/plugins/event_listener.py
[2026-09-05T14:33:35.821+0200] {processor.py:914} INFO - Processing file /Users/swarnalidatta/Desktop/AutoQueryChatbot/.airflow-venv/lib/python3.12/site-packages/airflow/example_dags/plugins/event_listener.py for tasks to queue
[2026-09-05T14:33:35.822+0200] {logging_mixin.py:190} INFO - [2026-09-05T14:33:35.822+0200] {dagbag.py:588} INFO - Filling up the DagBag from /Users/swarnalidatta/Desktop/AutoQueryChatbot/.airflow-venv/lib/python3.12/site-packages/airflow/example_dags/plugins/event_listener.py
[2026-09-05T14:33:35.822+0200] {processor.py:927} WARNING - No viable dags retrieved from /Users/swarnalidatta/Desktop/AutoQueryChatbot/.airflow-venv/lib/python3.12/site-packages/airflow/example_dags/plugins/event_listener.py
[2026-09-05T14:33:35.846+0200] {processor.py:208} INFO - Processing /Users/swarnalidatta/Desktop/AutoQueryChatbot/.airflow-venv/lib/python3.12/site-packages/airflow/example_dags/plugins/event_listener.py took 0.026 seconds
[2026-09-05T14:34:36.234+0200] {processor.py:186} INFO - Started process (PID=6150) to work on /Users/swarnalidatta/Desktop/AutoQueryChatbot/.airflow-venv/lib/python3.12/site-packages/airflow/example_dags/plugins/event_listener.py
[2026-09-05T14:34:36.234+0200] {processor.py:914} INFO - Processing file /Users/swarnalidatta/Desktop/AutoQueryChatbot/.airflow-venv/lib/python3.12/site-packages/airflow/example_dags/plugins/event_listener.py for tasks to queue
[2026-09-05T14:34:36.235+0200] {logging_mixin.py:190} INFO - [2026-09-05T14:34:36.235+0200] {dagbag.py:588} INFO - Filling up the DagBag from /Users/swarnalidatta/Desktop/AutoQueryChatbot/.airflow-venv/lib/python3.12/site-packages/airflow/example_dags/plugins/event_listener.py
[2026-09-05T14:34:36.235+0200] {processor.py:927} WARNING - No viable dags retrieved from /Users/swarnalidatta/Desktop/AutoQueryChatbot/.airflow-venv/lib/python3.12/site-packages/airflow/example_dags/plugins/event_listener.py
[2026-09-05T14:34:36.259+0200] {processor.py:208} INFO - Processing /Users/swarnalidatta/Desktop/AutoQueryChatbot/.airflow-venv/lib/python3.12/site-packages/airflow/example_dags/plugins/event_listener.py took 0.026 seconds
[2026-09-05T14:35:43.714+0200] {processor.py:186} INFO - Started process (PID=6325) to work on /Users/swarnalidatta/Desktop/AutoQueryChatbot/.airflow-venv/lib/python3.12/site-packages/airflow/example_dags/plugins/event_listener.py
[2026-09-05T14:35:43.714+0200] {processor.py:914} INFO - Processing file /Users/swarnalidatta/Desktop/AutoQueryChatbot/.airflow-venv/lib/python3.12/site-packages/airflow/example_dags/plugins/event_listener.py for tasks to queue
[2026-09-05T14:35:43.715+0200] {logging_mixin.py:190} INFO - [2026-09-05T14:35:43.715+0200] {dagbag.py:588} INFO - Filling up the DagBag from /Users/swarnalidatta/Desktop/AutoQueryChatbot/.airflow-venv/lib/python3.12/site-packages/airflow/example_dags/plugins/event_listener.py
[2026-09-05T14:35:43.715+0200] {processor.py:927} WARNING - No viable dags retrieved from /Users/swarnalidatta/Desktop/AutoQueryChatbot/.airflow-venv/lib/python3.12/site-packages/airflow/example_dags/plugins/event_listener.py
[2026-09-05T14:35:43.739+0200] {processor.py:208} INFO - Processing /Users/swarnalidatta/Desktop/AutoQueryChatbot/.airflow-venv/lib/python3.12/site-packages/airflow/example_dags/plugins/event_listener.py took 0.026 seconds
[2026-09-05T14:36:55.516+0200] {processor.py:186} INFO - Started process (PID=6491) to work on /Users/swarnalidatta/Desktop/AutoQueryChatbot/.airflow-venv/lib/python3.12/site-packages/airflow/example_dags/plugins/event_listener.py
[2026-09-05T14:36:55.516+0200] {processor.py:914} INFO - Processing file /Users/swarnalidatta/Desktop/AutoQueryChatbot/.airflow-venv/lib/python3.12/site-packages/airflow/example_dags/plugins/event_listener.py for tasks to queue
[2026-09-05T14:36:55.517+0200] {logging_mixin.py:190} INFO - [2026-09-05T14:36:55.517+0200] {dagbag.py:588} INFO - Filling up the DagBag from /Users/swarnalidatta/Desktop/AutoQueryChatbot/.airflow-venv/lib/python3.12/site-packages/airflow/example_dags/plugins/event_listener.py
[2026-09-05T14:36:55.517+0200] {processor.py:927} WARNING - No viable dags retrieved from /Users/swarnalidatta/Desktop/AutoQueryChatbot/.airflow-venv/lib/python3.12/site-packages/airflow/example_dags/plugins/event_listener.py
[2026-09-05T14:36:55.541+0200] {processor.py:208} INFO - Processing /Users/swarnalidatta/Desktop/AutoQueryChatbot/.airflow-venv/lib/python3.12/site-packages/airflow/example_dags/plugins/event_listener.py took 0.026 seconds
[2026-09-05T14:38:03.416+0200] {processor.py:186} INFO - Started process (PID=6644) to work on /Users/swarnalidatta/Desktop/AutoQueryChatbot/.airflow-venv/lib/python3.12/site-packages/airflow/example_dags/plugins/event_listener.py
[2026-09-05T14:38:03.417+0200] {processor.py:914} INFO - Processing file /Users/swarnalidatta/Desktop/AutoQueryChatbot/.airflow-venv/lib/python3.12/site-packages/airflow/example_dags/plugins/event_listener.py for tasks to queue
[2026-09-05T14:38:03.417+0200] {logging_mixin.py:190} INFO - [2026-09-05T14:38:03.417+0200] {dagbag.py:588} INFO - Filling up the DagBag from /Users/swarnalidatta/Desktop/AutoQueryChatbot/.airflow-venv/lib/python3.12/site-packages/airflow/example_dags/plugins/event_listener.py
[2026-09-05T14:38:03.417+0200] {processor.py:927} WARNING - No viable dags retrieved from /Users/swarnalidatta/Desktop/AutoQueryChatbot/.airflow-venv/lib/python3.12/site-packages/airflow/example_dags/plugins/event_listener.py
[2026-09-05T14:38:03.442+0200] {processor.py:208} INFO - Processing /Users/swarnalidatta/Desktop/AutoQueryChatbot/.airflow-venv/lib/python3.12/site-packages/airflow/example_dags/plugins/event_listener.py took 0.027 seconds
[2026-09-05T14:39:16.681+0200] {processor.py:186} INFO - Started process (PID=6833) to work on /Users/swarnalidatta/Desktop/AutoQueryChatbot/.airflow-venv/lib/python3.12/site-packages/airflow/example_dags/plugins/event_listener.py
[2026-09-05T14:39:16.682+0200] {processor.py:914} INFO - Processing file /Users/swarnalidatta/Desktop/AutoQueryChatbot/.airflow-venv/lib/python3.12/site-packages/airflow/example_dags/plugins/event_listener.py for tasks to queue
[2026-09-05T14:39:16.682+0200] {logging_mixin.py:190} INFO - [2026-09-05T14:39:16.682+0200] {dagbag.py:588} INFO - Filling up the DagBag from /Users/swarnalidatta/Desktop/AutoQueryChatbot/.airflow-venv/lib/python3.12/site-packages/airflow/example_dags/plugins/event_listener.py
[2026-09-05T14:39:16.682+0200] {processor.py:927} WARNING - No viable dags retrieved from /Users/swarnalidatta/Desktop/AutoQueryChatbot/.airflow-venv/lib/python3.12/site-packages/airflow/example_dags/plugins/event_listener.py
[2026-09-05T14:39:16.707+0200] {processor.py:208} INFO - Processing /Users/swarnalidatta/Desktop/AutoQueryChatbot/.airflow-venv/lib/python3.12/site-packages/airflow/example_dags/plugins/event_listener.py took 0.027 seconds
[2026-09-05T14:40:18.695+0200] {processor.py:186} INFO - Started process (PID=6963) to work on /Users/swarnalidatta/Desktop/AutoQueryChatbot/.airflow-venv/lib/python3.12/site-packages/airflow/example_dags/plugins/event_listener.py
[2026-09-05T14:40:18.696+0200] {processor.py:914} INFO - Processing file /Users/swarnalidatta/Desktop/AutoQueryChatbot/.airflow-venv/lib/python3.12/site-packages/airflow/example_dags/plugins/event_listener.py for tasks to queue
[2026-09-05T14:40:18.696+0200] {logging_mixin.py:190} INFO - [2026-09-05T14:40:18.696+0200] {dagbag.py:588} INFO - Filling up the DagBag from /Users/swarnalidatta/Desktop/AutoQueryChatbot/.airflow-venv/lib/python3.12/site-packages/airflow/example_dags/plugins/event_listener.py
[2026-09-05T14:40:18.696+0200] {processor.py:927} WARNING - No viable dags retrieved from /Users/swarnalidatta/Desktop/AutoQueryChatbot/.airflow-venv/lib/python3.12/site-packages/airflow/example_dags/plugins/event_listener.py
[2026-09-05T14:40:18.721+0200] {processor.py:208} INFO - Processing /Users/swarnalidatta/Desktop/AutoQueryChatbot/.airflow-venv/lib/python3.12/site-packages/airflow/example_dags/plugins/event_listener.py took 0.027 seconds
[2026-09-05T14:41:22.752+0200] {processor.py:186} INFO - Started process (PID=7110) to work on /Users/swarnalidatta/Desktop/AutoQueryChatbot/.airflow-venv/lib/python3.12/site-packages/airflow/example_dags/plugins/event_listener.py
[2026-09-05T14:41:22.752+0200] {processor.py:914} INFO - Processing file /Users/swarnalidatta/Desktop/AutoQueryChatbot/.airflow-venv/lib/python3.12/site-packages/airflow/example_dags/plugins/event_listener.py for tasks to queue
[2026-09-05T14:41:22.753+0200] {logging_mixin.py:190} INFO - [2026-09-05T14:41:22.753+0200] {dagbag.py:588} INFO - Filling up the DagBag from /Users/swarnalidatta/Desktop/AutoQueryChatbot/.airflow-venv/lib/python3.12/site-packages/airflow/example_dags/plugins/event_listener.py
[2026-09-05T14:41:22.753+0200] {processor.py:927} WARNING - No viable dags retrieved from /Users/swarnalidatta/Desktop/AutoQueryChatbot/.airflow-venv/lib/python3.12/site-packages/airflow/example_dags/plugins/event_listener.py
[2026-09-05T14:41:22.777+0200] {processor.py:208} INFO - Processing /Users/swarnalidatta/Desktop/AutoQueryChatbot/.airflow-venv/lib/python3.12/site-packages/airflow/example_dags/plugins/event_listener.py took 0.026 seconds
[2026-09-05T14:42:32.169+0200] {processor.py:186} INFO - Started process (PID=7269) to work on /Users/swarnalidatta/Desktop/AutoQueryChatbot/.airflow-venv/lib/python3.12/site-packages/airflow/example_dags/plugins/event_listener.py
[2026-09-05T14:42:32.170+0200] {processor.py:914} INFO - Processing file /Users/swarnalidatta/Desktop/AutoQueryChatbot/.airflow-venv/lib/python3.12/site-packages/airflow/example_dags/plugins/event_listener.py for tasks to queue
[2026-09-05T14:42:32.170+0200] {logging_mixin.py:190} INFO - [2026-09-05T14:42:32.170+0200] {dagbag.py:588} INFO - Filling up the DagBag from /Users/swarnalidatta/Desktop/AutoQueryChatbot/.airflow-venv/lib/python3.12/site-packages/airflow/example_dags/plugins/event_listener.py
[2026-09-05T14:42:32.170+0200] {processor.py:927} WARNING - No viable dags retrieved from /Users/swarnalidatta/Desktop/AutoQueryChatbot/.airflow-venv/lib/python3.12/site-packages/airflow/example_dags/plugins/event_listener.py
[2026-09-05T14:42:32.194+0200] {processor.py:208} INFO - Processing /Users/swarnalidatta/Desktop/AutoQueryChatbot/.airflow-venv/lib/python3.12/site-packages/airflow/example_dags/plugins/event_listener.py took 0.026 seconds
[2026-09-05T14:43:39.497+0200] {processor.py:186} INFO - Started process (PID=7885) to work on /Users/swarnalidatta/Desktop/AutoQueryChatbot/.airflow-venv/lib/python3.12/site-packages/airflow/example_dags/plugins/event_listener.py
[2026-09-05T14:43:39.497+0200] {processor.py:914} INFO - Processing file /Users/swarnalidatta/Desktop/AutoQueryChatbot/.airflow-venv/lib/python3.12/site-packages/airflow/example_dags/plugins/event_listener.py for tasks to queue
[2026-09-05T14:43:39.497+0200] {logging_mixin.py:190} INFO - [2026-09-05T14:43:39.497+0200] {dagbag.py:588} INFO - Filling up the DagBag from /Users/swarnalidatta/Desktop/AutoQueryChatbot/.airflow-venv/lib/python3.12/site-packages/airflow/example_dags/plugins/event_listener.py
[2026-09-05T14:43:39.498+0200] {processor.py:927} WARNING - No viable dags retrieved from /Users/swarnalidatta/Desktop/AutoQueryChatbot/.airflow-venv/lib/python3.12/site-packages/airflow/example_dags/plugins/event_listener.py
[2026-09-05T14:43:39.522+0200] {processor.py:208} INFO - Processing /Users/swarnalidatta/Desktop/AutoQueryChatbot/.airflow-venv/lib/python3.12/site-packages/airflow/example_dags/plugins/event_listener.py took 0.026 seconds
[2026-09-05T14:45:00.083+0200] {processor.py:186} INFO - Started process (PID=8067) to work on /Users/swarnalidatta/Desktop/AutoQueryChatbot/.airflow-venv/lib/python3.12/site-packages/airflow/example_dags/plugins/event_listener.py
[2026-09-05T14:45:00.083+0200] {processor.py:914} INFO - Processing file /Users/swarnalidatta/Desktop/AutoQueryChatbot/.airflow-venv/lib/python3.12/site-packages/airflow/example_dags/plugins/event_listener.py for tasks to queue
[2026-09-05T14:45:00.084+0200] {logging_mixin.py:190} INFO - [2026-09-05T14:45:00.084+0200] {dagbag.py:588} INFO - Filling up the DagBag from /Users/swarnalidatta/Desktop/AutoQueryChatbot/.airflow-venv/lib/python3.12/site-packages/airflow/example_dags/plugins/event_listener.py
[2026-09-05T14:45:00.084+0200] {processor.py:927} WARNING - No viable dags retrieved from /Users/swarnalidatta/Desktop/AutoQueryChatbot/.airflow-venv/lib/python3.12/site-packages/airflow/example_dags/plugins/event_listener.py
[2026-09-05T14:45:00.108+0200] {processor.py:208} INFO - Processing /Users/swarnalidatta/Desktop/AutoQueryChatbot/.airflow-venv/lib/python3.12/site-packages/airflow/example_dags/plugins/event_listener.py took 0.026 seconds
[2026-09-05T14:46:31.512+0200] {processor.py:186} INFO - Started process (PID=8288) to work on /Users/swarnalidatta/Desktop/AutoQueryChatbot/.airflow-venv/lib/python3.12/site-packages/airflow/example_dags/plugins/event_listener.py
[2026-09-05T14:46:31.513+0200] {processor.py:914} INFO - Processing file /Users/swarnalidatta/Desktop/AutoQueryChatbot/.airflow-venv/lib/python3.12/site-packages/airflow/example_dags/plugins/event_listener.py for tasks to queue
[2026-09-05T14:46:31.513+0200] {logging_mixin.py:190} INFO - [2026-09-05T14:46:31.513+0200] {dagbag.py:588} INFO - Filling up the DagBag from /Users/swarnalidatta/Desktop/AutoQueryChatbot/.airflow-venv/lib/python3.12/site-packages/airflow/example_dags/plugins/event_listener.py
[2026-09-05T14:46:31.513+0200] {processor.py:927} WARNING - No viable dags retrieved from /Users/swarnalidatta/Desktop/AutoQueryChatbot/.airflow-venv/lib/python3.12/site-packages/airflow/example_dags/plugins/event_listener.py
[2026-09-05T14:46:31.537+0200] {processor.py:208} INFO - Processing /Users/swarnalidatta/Desktop/AutoQueryChatbot/.airflow-venv/lib/python3.12/site-packages/airflow/example_dags/plugins/event_listener.py took 0.026 seconds
[2026-09-05T14:47:40.999+0200] {processor.py:186} INFO - Started process (PID=8449) to work on /Users/swarnalidatta/Desktop/AutoQueryChatbot/.airflow-venv/lib/python3.12/site-packages/airflow/example_dags/plugins/event_listener.py
[2026-09-05T14:47:41.000+0200] {processor.py:914} INFO - Processing file /Users/swarnalidatta/Desktop/AutoQueryChatbot/.airflow-venv/lib/python3.12/site-packages/airflow/example_dags/plugins/event_listener.py for tasks to queue
[2026-09-05T14:47:41.000+0200] {logging_mixin.py:190} INFO - [2026-09-05T14:47:41.000+0200] {dagbag.py:588} INFO - Filling up the DagBag from /Users/swarnalidatta/Desktop/AutoQueryChatbot/.airflow-venv/lib/python3.12/site-packages/airflow/example_dags/plugins/event_listener.py
[2026-09-05T14:47:41.000+0200] {processor.py:927} WARNING - No viable dags retrieved from /Users/swarnalidatta/Desktop/AutoQueryChatbot/.airflow-venv/lib/python3.12/site-packages/airflow/example_dags/plugins/event_listener.py
[2026-09-05T14:47:41.025+0200] {processor.py:208} INFO - Processing /Users/swarnalidatta/Desktop/AutoQueryChatbot/.airflow-venv/lib/python3.12/site-packages/airflow/example_dags/plugins/event_listener.py took 0.027 seconds
[2026-09-05T14:48:50.706+0200] {processor.py:186} INFO - Started process (PID=8619) to work on /Users/swarnalidatta/Desktop/AutoQueryChatbot/.airflow-venv/lib/python3.12/site-packages/airflow/example_dags/plugins/event_listener.py
[2026-09-05T14:48:50.707+0200] {processor.py:914} INFO - Processing file /Users/swarnalidatta/Desktop/AutoQueryChatbot/.airflow-venv/lib/python3.12/site-packages/airflow/example_dags/plugins/event_listener.py for tasks to queue
[2026-09-05T14:48:50.707+0200] {logging_mixin.py:190} INFO - [2026-09-05T14:48:50.707+0200] {dagbag.py:588} INFO - Filling up the DagBag from /Users/swarnalidatta/Desktop/AutoQueryChatbot/.airflow-venv/lib/python3.12/site-packages/airflow/example_dags/plugins/event_listener.py
[2026-09-05T14:48:50.707+0200] {processor.py:927} WARNING - No viable dags retrieved from /Users/swarnalidatta/Desktop/AutoQueryChatbot/.airflow-venv/lib/python3.12/site-packages/airflow/example_dags/plugins/event_listener.py
[2026-09-05T14:48:50.731+0200] {processor.py:208} INFO - Processing /Users/swarnalidatta/Desktop/AutoQueryChatbot/.airflow-venv/lib/python3.12/site-packages/airflow/example_dags/plugins/event_listener.py took 0.026 seconds
[2026-09-05T14:49:51.816+0200] {processor.py:186} INFO - Started process (PID=8758) to work on /Users/swarnalidatta/Desktop/AutoQueryChatbot/.airflow-venv/lib/python3.12/site-packages/airflow/example_dags/plugins/event_listener.py
[2026-09-05T14:49:51.816+0200] {processor.py:914} INFO - Processing file /Users/swarnalidatta/Desktop/AutoQueryChatbot/.airflow-venv/lib/python3.12/site-packages/airflow/example_dags/plugins/event_listener.py for tasks to queue
[2026-09-05T14:49:51.817+0200] {logging_mixin.py:190} INFO - [2026-09-05T14:49:51.817+0200] {dagbag.py:588} INFO - Filling up the DagBag from /Users/swarnalidatta/Desktop/AutoQueryChatbot/.airflow-venv/lib/python3.12/site-packages/airflow/example_dags/plugins/event_listener.py
[2026-09-05T14:49:51.817+0200] {processor.py:927} WARNING - No viable dags retrieved from /Users/swarnalidatta/Desktop/AutoQueryChatbot/.airflow-venv/lib/python3.12/site-packages/airflow/example_dags/plugins/event_listener.py
[2026-09-05T14:49:51.841+0200] {processor.py:208} INFO - Processing /Users/swarnalidatta/Desktop/AutoQueryChatbot/.airflow-venv/lib/python3.12/site-packages/airflow/example_dags/plugins/event_listener.py took 0.026 seconds
[2026-09-05T14:50:53.838+0200] {processor.py:186} INFO - Started process (PID=8894) to work on /Users/swarnalidatta/Desktop/AutoQueryChatbot/.airflow-venv/lib/python3.12/site-packages/airflow/example_dags/plugins/event_listener.py
[2026-09-05T14:50:53.838+0200] {processor.py:914} INFO - Processing file /Users/swarnalidatta/Desktop/AutoQueryChatbot/.airflow-venv/lib/python3.12/site-packages/airflow/example_dags/plugins/event_listener.py for tasks to queue
[2026-09-05T14:50:53.839+0200] {logging_mixin.py:190} INFO - [2026-09-05T14:50:53.839+0200] {dagbag.py:588} INFO - Filling up the DagBag from /Users/swarnalidatta/Desktop/AutoQueryChatbot/.airflow-venv/lib/python3.12/site-packages/airflow/example_dags/plugins/event_listener.py
[2026-09-05T14:50:53.839+0200] {processor.py:927} WARNING - No viable dags retrieved from /Users/swarnalidatta/Desktop/AutoQueryChatbot/.airflow-venv/lib/python3.12/site-packages/airflow/example_dags/plugins/event_listener.py
[2026-09-05T14:50:53.864+0200] {processor.py:208} INFO - Processing /Users/swarnalidatta/Desktop/AutoQueryChatbot/.airflow-venv/lib/python3.12/site-packages/airflow/example_dags/plugins/event_listener.py took 0.027 seconds
[2026-09-05T14:51:54.348+0200] {processor.py:186} INFO - Started process (PID=9041) to work on /Users/swarnalidatta/Desktop/AutoQueryChatbot/.airflow-venv/lib/python3.12/site-packages/airflow/example_dags/plugins/event_listener.py
[2026-09-05T14:51:54.348+0200] {processor.py:914} INFO - Processing file /Users/swarnalidatta/Desktop/AutoQueryChatbot/.airflow-venv/lib/python3.12/site-packages/airflow/example_dags/plugins/event_listener.py for tasks to queue
[2026-09-05T14:51:54.349+0200] {logging_mixin.py:190} INFO - [2026-09-05T14:51:54.349+0200] {dagbag.py:588} INFO - Filling up the DagBag from /Users/swarnalidatta/Desktop/AutoQueryChatbot/.airflow-venv/lib/python3.12/site-packages/airflow/example_dags/plugins/event_listener.py
[2026-09-05T14:51:54.349+0200] {processor.py:927} WARNING - No viable dags retrieved from /Users/swarnalidatta/Desktop/AutoQueryChatbot/.airflow-venv/lib/python3.12/site-packages/airflow/example_dags/plugins/event_listener.py
[2026-09-05T14:51:54.373+0200] {processor.py:208} INFO - Processing /Users/swarnalidatta/Desktop/AutoQueryChatbot/.airflow-venv/lib/python3.12/site-packages/airflow/example_dags/plugins/event_listener.py took 0.026 seconds
[2026-09-05T14:52:52.325+0200] {processor.py:186} INFO - Started process (PID=9173) to work on /Users/swarnalidatta/Desktop/AutoQueryChatbot/.airflow-venv/lib/python3.12/site-packages/airflow/example_dags/plugins/event_listener.py
[2026-09-05T14:52:52.325+0200] {processor.py:914} INFO - Processing file /Users/swarnalidatta/Desktop/AutoQueryChatbot/.airflow-venv/lib/python3.12/site-packages/airflow/example_dags/plugins/event_listener.py for tasks to queue
[2026-09-05T14:52:52.325+0200] {logging_mixin.py:190} INFO - [2026-09-05T14:52:52.325+0200] {dagbag.py:588} INFO - Filling up the DagBag from /Users/swarnalidatta/Desktop/AutoQueryChatbot/.airflow-venv/lib/python3.12/site-packages/airflow/example_dags/plugins/event_listener.py
[2026-09-05T14:52:52.326+0200] {processor.py:927} WARNING - No viable dags retrieved from /Users/swarnalidatta/Desktop/AutoQueryChatbot/.airflow-venv/lib/python3.12/site-packages/airflow/example_dags/plugins/event_listener.py
[2026-09-05T14:52:52.350+0200] {processor.py:208} INFO - Processing /Users/swarnalidatta/Desktop/AutoQueryChatbot/.airflow-venv/lib/python3.12/site-packages/airflow/example_dags/plugins/event_listener.py took 0.026 seconds
[2026-09-05T14:53:48.791+0200] {processor.py:186} INFO - Started process (PID=9301) to work on /Users/swarnalidatta/Desktop/AutoQueryChatbot/.airflow-venv/lib/python3.12/site-packages/airflow/example_dags/plugins/event_listener.py
[2026-09-05T14:53:48.792+0200] {processor.py:914} INFO - Processing file /Users/swarnalidatta/Desktop/AutoQueryChatbot/.airflow-venv/lib/python3.12/site-packages/airflow/example_dags/plugins/event_listener.py for tasks to queue
[2026-09-05T14:53:48.792+0200] {logging_mixin.py:190} INFO - [2026-09-05T14:53:48.792+0200] {dagbag.py:588} INFO - Filling up the DagBag from /Users/swarnalidatta/Desktop/AutoQueryChatbot/.airflow-venv/lib/python3.12/site-packages/airflow/example_dags/plugins/event_listener.py
[2026-09-05T14:53:48.792+0200] {processor.py:927} WARNING - No viable dags retrieved from /Users/swarnalidatta/Desktop/AutoQueryChatbot/.airflow-venv/lib/python3.12/site-packages/airflow/example_dags/plugins/event_listener.py
[2026-09-05T14:53:48.817+0200] {processor.py:208} INFO - Processing /Users/swarnalidatta/Desktop/AutoQueryChatbot/.airflow-venv/lib/python3.12/site-packages/airflow/example_dags/plugins/event_listener.py took 0.026 seconds
[2026-09-05T16:23:44.528+0200] {processor.py:186} INFO - Started process (PID=9575) to work on /Users/swarnalidatta/Desktop/AutoQueryChatbot/.airflow-venv/lib/python3.12/site-packages/airflow/example_dags/plugins/event_listener.py
[2026-09-05T16:23:44.528+0200] {processor.py:914} INFO - Processing file /Users/swarnalidatta/Desktop/AutoQueryChatbot/.airflow-venv/lib/python3.12/site-packages/airflow/example_dags/plugins/event_listener.py for tasks to queue
[2026-09-05T16:23:44.528+0200] {logging_mixin.py:190} INFO - [2026-09-05T16:23:44.528+0200] {dagbag.py:588} INFO - Filling up the DagBag from /Users/swarnalidatta/Desktop/AutoQueryChatbot/.airflow-venv/lib/python3.12/site-packages/airflow/example_dags/plugins/event_listener.py
[2026-09-05T16:23:44.529+0200] {processor.py:927} WARNING - No viable dags retrieved from /Users/swarnalidatta/Desktop/AutoQueryChatbot/.airflow-venv/lib/python3.12/site-packages/airflow/example_dags/plugins/event_listener.py
[2026-09-05T16:23:44.552+0200] {processor.py:208} INFO - Processing /Users/swarnalidatta/Desktop/AutoQueryChatbot/.airflow-venv/lib/python3.12/site-packages/airflow/example_dags/plugins/event_listener.py took 0.025 seconds
[2026-09-05T16:25:02.431+0200] {processor.py:186} INFO - Started process (PID=9722) to work on /Users/swarnalidatta/Desktop/AutoQueryChatbot/.airflow-venv/lib/python3.12/site-packages/airflow/example_dags/plugins/event_listener.py
[2026-09-05T16:25:02.431+0200] {processor.py:914} INFO - Processing file /Users/swarnalidatta/Desktop/AutoQueryChatbot/.airflow-venv/lib/python3.12/site-packages/airflow/example_dags/plugins/event_listener.py for tasks to queue
[2026-09-05T16:25:02.432+0200] {logging_mixin.py:190} INFO - [2026-09-05T16:25:02.431+0200] {dagbag.py:588} INFO - Filling up the DagBag from /Users/swarnalidatta/Desktop/AutoQueryChatbot/.airflow-venv/lib/python3.12/site-packages/airflow/example_dags/plugins/event_listener.py
[2026-09-05T16:25:02.432+0200] {processor.py:927} WARNING - No viable dags retrieved from /Users/swarnalidatta/Desktop/AutoQueryChatbot/.airflow-venv/lib/python3.12/site-packages/airflow/example_dags/plugins/event_listener.py
[2026-09-05T16:25:02.455+0200] {processor.py:208} INFO - Processing /Users/swarnalidatta/Desktop/AutoQueryChatbot/.airflow-venv/lib/python3.12/site-packages/airflow/example_dags/plugins/event_listener.py took 0.026 seconds
[2026-09-05T16:26:34.423+0200] {processor.py:186} INFO - Started process (PID=9946) to work on /Users/swarnalidatta/Desktop/AutoQueryChatbot/.airflow-venv/lib/python3.12/site-packages/airflow/example_dags/plugins/event_listener.py
[2026-09-05T16:26:34.424+0200] {processor.py:914} INFO - Processing file /Users/swarnalidatta/Desktop/AutoQueryChatbot/.airflow-venv/lib/python3.12/site-packages/airflow/example_dags/plugins/event_listener.py for tasks to queue
[2026-09-05T16:26:34.424+0200] {logging_mixin.py:190} INFO - [2026-09-05T16:26:34.424+0200] {dagbag.py:588} INFO - Filling up the DagBag from /Users/swarnalidatta/Desktop/AutoQueryChatbot/.airflow-venv/lib/python3.12/site-packages/airflow/example_dags/plugins/event_listener.py
[2026-09-05T16:26:34.424+0200] {processor.py:927} WARNING - No viable dags retrieved from /Users/swarnalidatta/Desktop/AutoQueryChatbot/.airflow-venv/lib/python3.12/site-packages/airflow/example_dags/plugins/event_listener.py
[2026-09-05T16:26:34.448+0200] {processor.py:208} INFO - Processing /Users/swarnalidatta/Desktop/AutoQueryChatbot/.airflow-venv/lib/python3.12/site-packages/airflow/example_dags/plugins/event_listener.py took 0.026 seconds
[2026-09-05T16:27:31.783+0200] {processor.py:186} INFO - Started process (PID=10077) to work on /Users/swarnalidatta/Desktop/AutoQueryChatbot/.airflow-venv/lib/python3.12/site-packages/airflow/example_dags/plugins/event_listener.py
[2026-09-05T16:27:31.783+0200] {processor.py:914} INFO - Processing file /Users/swarnalidatta/Desktop/AutoQueryChatbot/.airflow-venv/lib/python3.12/site-packages/airflow/example_dags/plugins/event_listener.py for tasks to queue
[2026-09-05T16:27:31.784+0200] {logging_mixin.py:190} INFO - [2026-09-05T16:27:31.784+0200] {dagbag.py:588} INFO - Filling up the DagBag from /Users/swarnalidatta/Desktop/AutoQueryChatbot/.airflow-venv/lib/python3.12/site-packages/airflow/example_dags/plugins/event_listener.py
[2026-09-05T16:27:31.784+0200] {processor.py:927} WARNING - No viable dags retrieved from /Users/swarnalidatta/Desktop/AutoQueryChatbot/.airflow-venv/lib/python3.12/site-packages/airflow/example_dags/plugins/event_listener.py
[2026-09-05T16:27:31.807+0200] {processor.py:208} INFO - Processing /Users/swarnalidatta/Desktop/AutoQueryChatbot/.airflow-venv/lib/python3.12/site-packages/airflow/example_dags/plugins/event_listener.py took 0.025 seconds
[2026-09-05T16:28:31.091+0200] {processor.py:186} INFO - Started process (PID=10200) to work on /Users/swarnalidatta/Desktop/AutoQueryChatbot/.airflow-venv/lib/python3.12/site-packages/airflow/example_dags/plugins/event_listener.py
[2026-09-05T16:28:31.091+0200] {processor.py:914} INFO - Processing file /Users/swarnalidatta/Desktop/AutoQueryChatbot/.airflow-venv/lib/python3.12/site-packages/airflow/example_dags/plugins/event_listener.py for tasks to queue
[2026-09-05T16:28:31.091+0200] {logging_mixin.py:190} INFO - [2026-09-05T16:28:31.091+0200] {dagbag.py:588} INFO - Filling up the DagBag from /Users/swarnalidatta/Desktop/AutoQueryChatbot/.airflow-venv/lib/python3.12/site-packages/airflow/example_dags/plugins/event_listener.py
[2026-09-05T16:28:31.092+0200] {processor.py:927} WARNING - No viable dags retrieved from /Users/swarnalidatta/Desktop/AutoQueryChatbot/.airflow-venv/lib/python3.12/site-packages/airflow/example_dags/plugins/event_listener.py
[2026-09-05T16:28:31.115+0200] {processor.py:208} INFO - Processing /Users/swarnalidatta/Desktop/AutoQueryChatbot/.airflow-venv/lib/python3.12/site-packages/airflow/example_dags/plugins/event_listener.py took 0.025 seconds
[2026-09-05T16:29:27.691+0200] {processor.py:186} INFO - Started process (PID=10419) to work on /Users/swarnalidatta/Desktop/AutoQueryChatbot/.airflow-venv/lib/python3.12/site-packages/airflow/example_dags/plugins/event_listener.py
[2026-09-05T16:29:27.692+0200] {processor.py:914} INFO - Processing file /Users/swarnalidatta/Desktop/AutoQueryChatbot/.airflow-venv/lib/python3.12/site-packages/airflow/example_dags/plugins/event_listener.py for tasks to queue
[2026-09-05T16:29:27.692+0200] {logging_mixin.py:190} INFO - [2026-09-05T16:29:27.692+0200] {dagbag.py:588} INFO - Filling up the DagBag from /Users/swarnalidatta/Desktop/AutoQueryChatbot/.airflow-venv/lib/python3.12/site-packages/airflow/example_dags/plugins/event_listener.py
[2026-09-05T16:29:27.692+0200] {processor.py:927} WARNING - No viable dags retrieved from /Users/swarnalidatta/Desktop/AutoQueryChatbot/.airflow-venv/lib/python3.12/site-packages/airflow/example_dags/plugins/event_listener.py
[2026-09-05T16:29:27.718+0200] {processor.py:208} INFO - Processing /Users/swarnalidatta/Desktop/AutoQueryChatbot/.airflow-venv/lib/python3.12/site-packages/airflow/example_dags/plugins/event_listener.py took 0.028 seconds
[2026-09-05T16:30:25.571+0200] {processor.py:186} INFO - Started process (PID=10747) to work on /Users/swarnalidatta/Desktop/AutoQueryChatbot/.airflow-venv/lib/python3.12/site-packages/airflow/example_dags/plugins/event_listener.py
[2026-09-05T16:30:25.571+0200] {processor.py:914} INFO - Processing file /Users/swarnalidatta/Desktop/AutoQueryChatbot/.airflow-venv/lib/python3.12/site-packages/airflow/example_dags/plugins/event_listener.py for tasks to queue
[2026-09-05T16:30:25.571+0200] {logging_mixin.py:190} INFO - [2026-09-05T16:30:25.571+0200] {dagbag.py:588} INFO - Filling up the DagBag from /Users/swarnalidatta/Desktop/AutoQueryChatbot/.airflow-venv/lib/python3.12/site-packages/airflow/example_dags/plugins/event_listener.py
[2026-09-05T16:30:25.572+0200] {processor.py:927} WARNING - No viable dags retrieved from /Users/swarnalidatta/Desktop/AutoQueryChatbot/.airflow-venv/lib/python3.12/site-packages/airflow/example_dags/plugins/event_listener.py
[2026-09-05T16:30:25.596+0200] {processor.py:208} INFO - Processing /Users/swarnalidatta/Desktop/AutoQueryChatbot/.airflow-venv/lib/python3.12/site-packages/airflow/example_dags/plugins/event_listener.py took 0.027 seconds
[2026-09-05T17:23:03.664+0200] {processor.py:186} INFO - Started process (PID=17741) to work on /Users/swarnalidatta/Desktop/AutoQueryChatbot/.airflow-venv/lib/python3.12/site-packages/airflow/example_dags/plugins/event_listener.py
[2026-09-05T17:23:03.664+0200] {processor.py:914} INFO - Processing file /Users/swarnalidatta/Desktop/AutoQueryChatbot/.airflow-venv/lib/python3.12/site-packages/airflow/example_dags/plugins/event_listener.py for tasks to queue
[2026-09-05T17:23:03.665+0200] {logging_mixin.py:190} INFO - [2026-09-05T17:23:03.665+0200] {dagbag.py:588} INFO - Filling up the DagBag from /Users/swarnalidatta/Desktop/AutoQueryChatbot/.airflow-venv/lib/python3.12/site-packages/airflow/example_dags/plugins/event_listener.py
[2026-09-05T17:23:03.665+0200] {processor.py:927} WARNING - No viable dags retrieved from /Users/swarnalidatta/Desktop/AutoQueryChatbot/.airflow-venv/lib/python3.12/site-packages/airflow/example_dags/plugins/event_listener.py
[2026-09-05T17:23:03.689+0200] {processor.py:208} INFO - Processing /Users/swarnalidatta/Desktop/AutoQueryChatbot/.airflow-venv/lib/python3.12/site-packages/airflow/example_dags/plugins/event_listener.py took 0.027 seconds
[2026-09-05T17:24:41.565+0200] {processor.py:186} INFO - Started process (PID=17975) to work on /Users/swarnalidatta/Desktop/AutoQueryChatbot/.airflow-venv/lib/python3.12/site-packages/airflow/example_dags/plugins/event_listener.py
[2026-09-05T17:24:41.566+0200] {processor.py:914} INFO - Processing file /Users/swarnalidatta/Desktop/AutoQueryChatbot/.airflow-venv/lib/python3.12/site-packages/airflow/example_dags/plugins/event_listener.py for tasks to queue
[2026-09-05T17:24:41.566+0200] {logging_mixin.py:190} INFO - [2026-09-05T17:24:41.566+0200] {dagbag.py:588} INFO - Filling up the DagBag from /Users/swarnalidatta/Desktop/AutoQueryChatbot/.airflow-venv/lib/python3.12/site-packages/airflow/example_dags/plugins/event_listener.py
[2026-09-05T17:24:41.566+0200] {processor.py:927} WARNING - No viable dags retrieved from /Users/swarnalidatta/Desktop/AutoQueryChatbot/.airflow-venv/lib/python3.12/site-packages/airflow/example_dags/plugins/event_listener.py
[2026-09-05T17:24:41.591+0200] {processor.py:208} INFO - Processing /Users/swarnalidatta/Desktop/AutoQueryChatbot/.airflow-venv/lib/python3.12/site-packages/airflow/example_dags/plugins/event_listener.py took 0.027 seconds
[2026-09-05T17:25:43.670+0200] {processor.py:186} INFO - Started process (PID=18128) to work on /Users/swarnalidatta/Desktop/AutoQueryChatbot/.airflow-venv/lib/python3.12/site-packages/airflow/example_dags/plugins/event_listener.py
[2026-09-05T17:25:43.670+0200] {processor.py:914} INFO - Processing file /Users/swarnalidatta/Desktop/AutoQueryChatbot/.airflow-venv/lib/python3.12/site-packages/airflow/example_dags/plugins/event_listener.py for tasks to queue
[2026-09-05T17:25:43.671+0200] {logging_mixin.py:190} INFO - [2026-09-05T17:25:43.670+0200] {dagbag.py:588} INFO - Filling up the DagBag from /Users/swarnalidatta/Desktop/AutoQueryChatbot/.airflow-venv/lib/python3.12/site-packages/airflow/example_dags/plugins/event_listener.py
[2026-09-05T17:25:43.671+0200] {processor.py:927} WARNING - No viable dags retrieved from /Users/swarnalidatta/Desktop/AutoQueryChatbot/.airflow-venv/lib/python3.12/site-packages/airflow/example_dags/plugins/event_listener.py
[2026-09-05T17:25:43.695+0200] {processor.py:208} INFO - Processing /Users/swarnalidatta/Desktop/AutoQueryChatbot/.airflow-venv/lib/python3.12/site-packages/airflow/example_dags/plugins/event_listener.py took 0.027 seconds
[2026-09-05T17:36:01.146+0200] {processor.py:186} INFO - Started process (PID=18304) to work on /Users/swarnalidatta/Desktop/AutoQueryChatbot/.airflow-venv/lib/python3.12/site-packages/airflow/example_dags/plugins/event_listener.py
[2026-09-05T17:36:01.146+0200] {processor.py:914} INFO - Processing file /Users/swarnalidatta/Desktop/AutoQueryChatbot/.airflow-venv/lib/python3.12/site-packages/airflow/example_dags/plugins/event_listener.py for tasks to queue
[2026-09-05T17:36:01.147+0200] {logging_mixin.py:190} INFO - [2026-09-05T17:36:01.147+0200] {dagbag.py:588} INFO - Filling up the DagBag from /Users/swarnalidatta/Desktop/AutoQueryChatbot/.airflow-venv/lib/python3.12/site-packages/airflow/example_dags/plugins/event_listener.py
[2026-09-05T17:36:01.147+0200] {processor.py:927} WARNING - No viable dags retrieved from /Users/swarnalidatta/Desktop/AutoQueryChatbot/.airflow-venv/lib/python3.12/site-packages/airflow/example_dags/plugins/event_listener.py
[2026-09-05T17:36:01.171+0200] {processor.py:208} INFO - Processing /Users/swarnalidatta/Desktop/AutoQueryChatbot/.airflow-venv/lib/python3.12/site-packages/airflow/example_dags/plugins/event_listener.py took 0.026 seconds
[2026-09-05T17:37:35.027+0200] {processor.py:186} INFO - Started process (PID=18564) to work on /Users/swarnalidatta/Desktop/AutoQueryChatbot/.airflow-venv/lib/python3.12/site-packages/airflow/example_dags/plugins/event_listener.py
[2026-09-05T17:37:35.027+0200] {processor.py:914} INFO - Processing file /Users/swarnalidatta/Desktop/AutoQueryChatbot/.airflow-venv/lib/python3.12/site-packages/airflow/example_dags/plugins/event_listener.py for tasks to queue
[2026-09-05T17:37:35.028+0200] {logging_mixin.py:190} INFO - [2026-09-05T17:37:35.027+0200] {dagbag.py:588} INFO - Filling up the DagBag from /Users/swarnalidatta/Desktop/AutoQueryChatbot/.airflow-venv/lib/python3.12/site-packages/airflow/example_dags/plugins/event_listener.py
[2026-09-05T17:37:35.028+0200] {processor.py:927} WARNING - No viable dags retrieved from /Users/swarnalidatta/Desktop/AutoQueryChatbot/.airflow-venv/lib/python3.12/site-packages/airflow/example_dags/plugins/event_listener.py
[2026-09-05T17:37:35.052+0200] {processor.py:208} INFO - Processing /Users/swarnalidatta/Desktop/AutoQueryChatbot/.airflow-venv/lib/python3.12/site-packages/airflow/example_dags/plugins/event_listener.py took 0.027 seconds
[2026-09-05T17:38:42.337+0200] {processor.py:186} INFO - Started process (PID=18754) to work on /Users/swarnalidatta/Desktop/AutoQueryChatbot/.airflow-venv/lib/python3.12/site-packages/airflow/example_dags/plugins/event_listener.py
[2026-09-05T17:38:42.337+0200] {processor.py:914} INFO - Processing file /Users/swarnalidatta/Desktop/AutoQueryChatbot/.airflow-venv/lib/python3.12/site-packages/airflow/example_dags/plugins/event_listener.py for tasks to queue
[2026-09-05T17:38:42.338+0200] {logging_mixin.py:190} INFO - [2026-09-05T17:38:42.337+0200] {dagbag.py:588} INFO - Filling up the DagBag from /Users/swarnalidatta/Desktop/AutoQueryChatbot/.airflow-venv/lib/python3.12/site-packages/airflow/example_dags/plugins/event_listener.py
[2026-09-05T17:38:42.338+0200] {processor.py:927} WARNING - No viable dags retrieved from /Users/swarnalidatta/Desktop/AutoQueryChatbot/.airflow-venv/lib/python3.12/site-packages/airflow/example_dags/plugins/event_listener.py
[2026-09-05T17:38:42.362+0200] {processor.py:208} INFO - Processing /Users/swarnalidatta/Desktop/AutoQueryChatbot/.airflow-venv/lib/python3.12/site-packages/airflow/example_dags/plugins/event_listener.py took 0.027 seconds
[2026-09-05T17:39:50.048+0200] {processor.py:186} INFO - Started process (PID=18951) to work on /Users/swarnalidatta/Desktop/AutoQueryChatbot/.airflow-venv/lib/python3.12/site-packages/airflow/example_dags/plugins/event_listener.py
[2026-09-05T17:39:50.049+0200] {processor.py:914} INFO - Processing file /Users/swarnalidatta/Desktop/AutoQueryChatbot/.airflow-venv/lib/python3.12/site-packages/airflow/example_dags/plugins/event_listener.py for tasks to queue
[2026-09-05T17:39:50.049+0200] {logging_mixin.py:190} INFO - [2026-09-05T17:39:50.049+0200] {dagbag.py:588} INFO - Filling up the DagBag from /Users/swarnalidatta/Desktop/AutoQueryChatbot/.airflow-venv/lib/python3.12/site-packages/airflow/example_dags/plugins/event_listener.py
[2026-09-05T17:39:50.049+0200] {processor.py:927} WARNING - No viable dags retrieved from /Users/swarnalidatta/Desktop/AutoQueryChatbot/.airflow-venv/lib/python3.12/site-packages/airflow/example_dags/plugins/event_listener.py
[2026-09-05T17:39:50.074+0200] {processor.py:208} INFO - Processing /Users/swarnalidatta/Desktop/AutoQueryChatbot/.airflow-venv/lib/python3.12/site-packages/airflow/example_dags/plugins/event_listener.py took 0.027 seconds
[2026-09-05T17:41:01.594+0200] {processor.py:186} INFO - Started process (PID=19154) to work on /Users/swarnalidatta/Desktop/AutoQueryChatbot/.airflow-venv/lib/python3.12/site-packages/airflow/example_dags/plugins/event_listener.py
[2026-09-05T17:41:01.595+0200] {processor.py:914} INFO - Processing file /Users/swarnalidatta/Desktop/AutoQueryChatbot/.airflow-venv/lib/python3.12/site-packages/airflow/example_dags/plugins/event_listener.py for tasks to queue
[2026-09-05T17:41:01.595+0200] {logging_mixin.py:190} INFO - [2026-09-05T17:41:01.595+0200] {dagbag.py:588} INFO - Filling up the DagBag from /Users/swarnalidatta/Desktop/AutoQueryChatbot/.airflow-venv/lib/python3.12/site-packages/airflow/example_dags/plugins/event_listener.py
[2026-09-05T17:41:01.595+0200] {processor.py:927} WARNING - No viable dags retrieved from /Users/swarnalidatta/Desktop/AutoQueryChatbot/.airflow-venv/lib/python3.12/site-packages/airflow/example_dags/plugins/event_listener.py
[2026-09-05T17:41:01.620+0200] {processor.py:208} INFO - Processing /Users/swarnalidatta/Desktop/AutoQueryChatbot/.airflow-venv/lib/python3.12/site-packages/airflow/example_dags/plugins/event_listener.py took 0.026 seconds
[2026-09-05T17:42:13.636+0200] {processor.py:186} INFO - Started process (PID=19586) to work on /Users/swarnalidatta/Desktop/AutoQueryChatbot/.airflow-venv/lib/python3.12/site-packages/airflow/example_dags/plugins/event_listener.py
[2026-09-05T17:42:13.637+0200] {processor.py:914} INFO - Processing file /Users/swarnalidatta/Desktop/AutoQueryChatbot/.airflow-venv/lib/python3.12/site-packages/airflow/example_dags/plugins/event_listener.py for tasks to queue
[2026-09-05T17:42:13.637+0200] {logging_mixin.py:190} INFO - [2026-09-05T17:42:13.637+0200] {dagbag.py:588} INFO - Filling up the DagBag from /Users/swarnalidatta/Desktop/AutoQueryChatbot/.airflow-venv/lib/python3.12/site-packages/airflow/example_dags/plugins/event_listener.py
[2026-09-05T17:42:13.637+0200] {processor.py:927} WARNING - No viable dags retrieved from /Users/swarnalidatta/Desktop/AutoQueryChatbot/.airflow-venv/lib/python3.12/site-packages/airflow/example_dags/plugins/event_listener.py
[2026-09-05T17:42:13.662+0200] {processor.py:208} INFO - Processing /Users/swarnalidatta/Desktop/AutoQueryChatbot/.airflow-venv/lib/python3.12/site-packages/airflow/example_dags/plugins/event_listener.py took 0.027 seconds
[2026-09-05T17:44:01.093+0200] {processor.py:186} INFO - Started process (PID=19872) to work on /Users/swarnalidatta/Desktop/AutoQueryChatbot/.airflow-venv/lib/python3.12/site-packages/airflow/example_dags/plugins/event_listener.py
[2026-09-05T17:44:01.093+0200] {processor.py:914} INFO - Processing file /Users/swarnalidatta/Desktop/AutoQueryChatbot/.airflow-venv/lib/python3.12/site-packages/airflow/example_dags/plugins/event_listener.py for tasks to queue
[2026-09-05T17:44:01.094+0200] {logging_mixin.py:190} INFO - [2026-09-05T17:44:01.094+0200] {dagbag.py:588} INFO - Filling up the DagBag from /Users/swarnalidatta/Desktop/AutoQueryChatbot/.airflow-venv/lib/python3.12/site-packages/airflow/example_dags/plugins/event_listener.py
[2026-09-05T17:44:01.094+0200] {processor.py:927} WARNING - No viable dags retrieved from /Users/swarnalidatta/Desktop/AutoQueryChatbot/.airflow-venv/lib/python3.12/site-packages/airflow/example_dags/plugins/event_listener.py
[2026-09-05T17:44:01.119+0200] {processor.py:208} INFO - Processing /Users/swarnalidatta/Desktop/AutoQueryChatbot/.airflow-venv/lib/python3.12/site-packages/airflow/example_dags/plugins/event_listener.py took 0.027 seconds
[2026-09-05T17:45:24.730+0200] {processor.py:186} INFO - Started process (PID=20124) to work on /Users/swarnalidatta/Desktop/AutoQueryChatbot/.airflow-venv/lib/python3.12/site-packages/airflow/example_dags/plugins/event_listener.py
[2026-09-05T17:45:24.730+0200] {processor.py:914} INFO - Processing file /Users/swarnalidatta/Desktop/AutoQueryChatbot/.airflow-venv/lib/python3.12/site-packages/airflow/example_dags/plugins/event_listener.py for tasks to queue
[2026-09-05T17:45:24.731+0200] {logging_mixin.py:190} INFO - [2026-09-05T17:45:24.731+0200] {dagbag.py:588} INFO - Filling up the DagBag from /Users/swarnalidatta/Desktop/AutoQueryChatbot/.airflow-venv/lib/python3.12/site-packages/airflow/example_dags/plugins/event_listener.py
[2026-09-05T17:45:24.731+0200] {processor.py:927} WARNING - No viable dags retrieved from /Users/swarnalidatta/Desktop/AutoQueryChatbot/.airflow-venv/lib/python3.12/site-packages/airflow/example_dags/plugins/event_listener.py
[2026-09-05T17:45:24.756+0200] {processor.py:208} INFO - Processing /Users/swarnalidatta/Desktop/AutoQueryChatbot/.airflow-venv/lib/python3.12/site-packages/airflow/example_dags/plugins/event_listener.py took 0.027 seconds
[2026-09-05T17:46:57.843+0200] {processor.py:186} INFO - Started process (PID=20437) to work on /Users/swarnalidatta/Desktop/AutoQueryChatbot/.airflow-venv/lib/python3.12/site-packages/airflow/example_dags/plugins/event_listener.py
[2026-09-05T17:46:57.844+0200] {processor.py:914} INFO - Processing file /Users/swarnalidatta/Desktop/AutoQueryChatbot/.airflow-venv/lib/python3.12/site-packages/airflow/example_dags/plugins/event_listener.py for tasks to queue
[2026-09-05T17:46:57.844+0200] {logging_mixin.py:190} INFO - [2026-09-05T17:46:57.844+0200] {dagbag.py:588} INFO - Filling up the DagBag from /Users/swarnalidatta/Desktop/AutoQueryChatbot/.airflow-venv/lib/python3.12/site-packages/airflow/example_dags/plugins/event_listener.py
[2026-09-05T17:46:57.844+0200] {processor.py:927} WARNING - No viable dags retrieved from /Users/swarnalidatta/Desktop/AutoQueryChatbot/.airflow-venv/lib/python3.12/site-packages/airflow/example_dags/plugins/event_listener.py
[2026-09-05T17:46:57.869+0200] {processor.py:208} INFO - Processing /Users/swarnalidatta/Desktop/AutoQueryChatbot/.airflow-venv/lib/python3.12/site-packages/airflow/example_dags/plugins/event_listener.py took 0.027 seconds
[2026-09-05T17:48:25.978+0200] {processor.py:186} INFO - Started process (PID=20740) to work on /Users/swarnalidatta/Desktop/AutoQueryChatbot/.airflow-venv/lib/python3.12/site-packages/airflow/example_dags/plugins/event_listener.py
[2026-09-05T17:48:25.979+0200] {processor.py:914} INFO - Processing file /Users/swarnalidatta/Desktop/AutoQueryChatbot/.airflow-venv/lib/python3.12/site-packages/airflow/example_dags/plugins/event_listener.py for tasks to queue
[2026-09-05T17:48:25.979+0200] {logging_mixin.py:190} INFO - [2026-09-05T17:48:25.979+0200] {dagbag.py:588} INFO - Filling up the DagBag from /Users/swarnalidatta/Desktop/AutoQueryChatbot/.airflow-venv/lib/python3.12/site-packages/airflow/example_dags/plugins/event_listener.py
[2026-09-05T17:48:25.979+0200] {processor.py:927} WARNING - No viable dags retrieved from /Users/swarnalidatta/Desktop/AutoQueryChatbot/.airflow-venv/lib/python3.12/site-packages/airflow/example_dags/plugins/event_listener.py
[2026-09-05T17:48:26.004+0200] {processor.py:208} INFO - Processing /Users/swarnalidatta/Desktop/AutoQueryChatbot/.airflow-venv/lib/python3.12/site-packages/airflow/example_dags/plugins/event_listener.py took 0.027 seconds
[2026-09-05T17:49:38.095+0200] {processor.py:186} INFO - Started process (PID=21153) to work on /Users/swarnalidatta/Desktop/AutoQueryChatbot/.airflow-venv/lib/python3.12/site-packages/airflow/example_dags/plugins/event_listener.py
[2026-09-05T17:49:38.095+0200] {processor.py:914} INFO - Processing file /Users/swarnalidatta/Desktop/AutoQueryChatbot/.airflow-venv/lib/python3.12/site-packages/airflow/example_dags/plugins/event_listener.py for tasks to queue
[2026-09-05T17:49:38.096+0200] {logging_mixin.py:190} INFO - [2026-09-05T17:49:38.096+0200] {dagbag.py:588} INFO - Filling up the DagBag from /Users/swarnalidatta/Desktop/AutoQueryChatbot/.airflow-venv/lib/python3.12/site-packages/airflow/example_dags/plugins/event_listener.py
[2026-09-05T17:49:38.096+0200] {processor.py:927} WARNING - No viable dags retrieved from /Users/swarnalidatta/Desktop/AutoQueryChatbot/.airflow-venv/lib/python3.12/site-packages/airflow/example_dags/plugins/event_listener.py
[2026-09-05T17:49:38.121+0200] {processor.py:208} INFO - Processing /Users/swarnalidatta/Desktop/AutoQueryChatbot/.airflow-venv/lib/python3.12/site-packages/airflow/example_dags/plugins/event_listener.py took 0.027 seconds
[2026-09-05T17:50:43.890+0200] {processor.py:186} INFO - Started process (PID=21309) to work on /Users/swarnalidatta/Desktop/AutoQueryChatbot/.airflow-venv/lib/python3.12/site-packages/airflow/example_dags/plugins/event_listener.py
[2026-09-05T17:50:43.890+0200] {processor.py:914} INFO - Processing file /Users/swarnalidatta/Desktop/AutoQueryChatbot/.airflow-venv/lib/python3.12/site-packages/airflow/example_dags/plugins/event_listener.py for tasks to queue
[2026-09-05T17:50:43.891+0200] {logging_mixin.py:190} INFO - [2026-09-05T17:50:43.890+0200] {dagbag.py:588} INFO - Filling up the DagBag from /Users/swarnalidatta/Desktop/AutoQueryChatbot/.airflow-venv/lib/python3.12/site-packages/airflow/example_dags/plugins/event_listener.py
[2026-09-05T17:50:43.891+0200] {processor.py:927} WARNING - No viable dags retrieved from /Users/swarnalidatta/Desktop/AutoQueryChatbot/.airflow-venv/lib/python3.12/site-packages/airflow/example_dags/plugins/event_listener.py
[2026-09-05T17:50:43.916+0200] {processor.py:208} INFO - Processing /Users/swarnalidatta/Desktop/AutoQueryChatbot/.airflow-venv/lib/python3.12/site-packages/airflow/example_dags/plugins/event_listener.py took 0.027 seconds
[2026-09-05T17:51:47.977+0200] {processor.py:186} INFO - Started process (PID=21465) to work on /Users/swarnalidatta/Desktop/AutoQueryChatbot/.airflow-venv/lib/python3.12/site-packages/airflow/example_dags/plugins/event_listener.py
[2026-09-05T17:51:47.977+0200] {processor.py:914} INFO - Processing file /Users/swarnalidatta/Desktop/AutoQueryChatbot/.airflow-venv/lib/python3.12/site-packages/airflow/example_dags/plugins/event_listener.py for tasks to queue
[2026-09-05T17:51:47.977+0200] {logging_mixin.py:190} INFO - [2026-09-05T17:51:47.977+0200] {dagbag.py:588} INFO - Filling up the DagBag from /Users/swarnalidatta/Desktop/AutoQueryChatbot/.airflow-venv/lib/python3.12/site-packages/airflow/example_dags/plugins/event_listener.py
[2026-09-05T17:51:47.978+0200] {processor.py:927} WARNING - No viable dags retrieved from /Users/swarnalidatta/Desktop/AutoQueryChatbot/.airflow-venv/lib/python3.12/site-packages/airflow/example_dags/plugins/event_listener.py
[2026-09-05T17:51:48.002+0200] {processor.py:208} INFO - Processing /Users/swarnalidatta/Desktop/AutoQueryChatbot/.airflow-venv/lib/python3.12/site-packages/airflow/example_dags/plugins/event_listener.py took 0.027 seconds
[2026-09-05T17:52:48.812+0200] {processor.py:186} INFO - Started process (PID=21601) to work on /Users/swarnalidatta/Desktop/AutoQueryChatbot/.airflow-venv/lib/python3.12/site-packages/airflow/example_dags/plugins/event_listener.py
[2026-09-05T17:52:48.813+0200] {processor.py:914} INFO - Processing file /Users/swarnalidatta/Desktop/AutoQueryChatbot/.airflow-venv/lib/python3.12/site-packages/airflow/example_dags/plugins/event_listener.py for tasks to queue
[2026-09-05T17:52:48.813+0200] {logging_mixin.py:190} INFO - [2026-09-05T17:52:48.813+0200] {dagbag.py:588} INFO - Filling up the DagBag from /Users/swarnalidatta/Desktop/AutoQueryChatbot/.airflow-venv/lib/python3.12/site-packages/airflow/example_dags/plugins/event_listener.py
[2026-09-05T17:52:48.813+0200] {processor.py:927} WARNING - No viable dags retrieved from /Users/swarnalidatta/Desktop/AutoQueryChatbot/.airflow-venv/lib/python3.12/site-packages/airflow/example_dags/plugins/event_listener.py
[2026-09-05T17:52:48.838+0200] {processor.py:208} INFO - Processing /Users/swarnalidatta/Desktop/AutoQueryChatbot/.airflow-venv/lib/python3.12/site-packages/airflow/example_dags/plugins/event_listener.py took 0.026 seconds
[2026-09-05T17:53:49.300+0200] {processor.py:186} INFO - Started process (PID=21741) to work on /Users/swarnalidatta/Desktop/AutoQueryChatbot/.airflow-venv/lib/python3.12/site-packages/airflow/example_dags/plugins/event_listener.py
[2026-09-05T17:53:49.301+0200] {processor.py:914} INFO - Processing file /Users/swarnalidatta/Desktop/AutoQueryChatbot/.airflow-venv/lib/python3.12/site-packages/airflow/example_dags/plugins/event_listener.py for tasks to queue
[2026-09-05T17:53:49.301+0200] {logging_mixin.py:190} INFO - [2026-09-05T17:53:49.301+0200] {dagbag.py:588} INFO - Filling up the DagBag from /Users/swarnalidatta/Desktop/AutoQueryChatbot/.airflow-venv/lib/python3.12/site-packages/airflow/example_dags/plugins/event_listener.py
[2026-09-05T17:53:49.301+0200] {processor.py:927} WARNING - No viable dags retrieved from /Users/swarnalidatta/Desktop/AutoQueryChatbot/.airflow-venv/lib/python3.12/site-packages/airflow/example_dags/plugins/event_listener.py
[2026-09-05T17:53:49.326+0200] {processor.py:208} INFO - Processing /Users/swarnalidatta/Desktop/AutoQueryChatbot/.airflow-venv/lib/python3.12/site-packages/airflow/example_dags/plugins/event_listener.py took 0.026 seconds
[2026-09-05T17:54:51.003+0200] {processor.py:186} INFO - Started process (PID=21897) to work on /Users/swarnalidatta/Desktop/AutoQueryChatbot/.airflow-venv/lib/python3.12/site-packages/airflow/example_dags/plugins/event_listener.py
[2026-09-05T17:54:51.004+0200] {processor.py:914} INFO - Processing file /Users/swarnalidatta/Desktop/AutoQueryChatbot/.airflow-venv/lib/python3.12/site-packages/airflow/example_dags/plugins/event_listener.py for tasks to queue
[2026-09-05T17:54:51.004+0200] {logging_mixin.py:190} INFO - [2026-09-05T17:54:51.004+0200] {dagbag.py:588} INFO - Filling up the DagBag from /Users/swarnalidatta/Desktop/AutoQueryChatbot/.airflow-venv/lib/python3.12/site-packages/airflow/example_dags/plugins/event_listener.py
[2026-09-05T17:54:51.004+0200] {processor.py:927} WARNING - No viable dags retrieved from /Users/swarnalidatta/Desktop/AutoQueryChatbot/.airflow-venv/lib/python3.12/site-packages/airflow/example_dags/plugins/event_listener.py
[2026-09-05T17:54:51.029+0200] {processor.py:208} INFO - Processing /Users/swarnalidatta/Desktop/AutoQueryChatbot/.airflow-venv/lib/python3.12/site-packages/airflow/example_dags/plugins/event_listener.py took 0.027 seconds
[2026-09-05T17:55:49.428+0200] {processor.py:186} INFO - Started process (PID=22027) to work on /Users/swarnalidatta/Desktop/AutoQueryChatbot/.airflow-venv/lib/python3.12/site-packages/airflow/example_dags/plugins/event_listener.py
[2026-09-05T17:55:49.428+0200] {processor.py:914} INFO - Processing file /Users/swarnalidatta/Desktop/AutoQueryChatbot/.airflow-venv/lib/python3.12/site-packages/airflow/example_dags/plugins/event_listener.py for tasks to queue
[2026-09-05T17:55:49.429+0200] {logging_mixin.py:190} INFO - [2026-09-05T17:55:49.429+0200] {dagbag.py:588} INFO - Filling up the DagBag from /Users/swarnalidatta/Desktop/AutoQueryChatbot/.airflow-venv/lib/python3.12/site-packages/airflow/example_dags/plugins/event_listener.py
[2026-09-05T17:55:49.429+0200] {processor.py:927} WARNING - No viable dags retrieved from /Users/swarnalidatta/Desktop/AutoQueryChatbot/.airflow-venv/lib/python3.12/site-packages/airflow/example_dags/plugins/event_listener.py
[2026-09-05T17:55:49.453+0200] {processor.py:208} INFO - Processing /Users/swarnalidatta/Desktop/AutoQueryChatbot/.airflow-venv/lib/python3.12/site-packages/airflow/example_dags/plugins/event_listener.py took 0.026 seconds
[2026-09-05T17:56:49.174+0200] {processor.py:186} INFO - Started process (PID=22179) to work on /Users/swarnalidatta/Desktop/AutoQueryChatbot/.airflow-venv/lib/python3.12/site-packages/airflow/example_dags/plugins/event_listener.py
[2026-09-05T17:56:49.174+0200] {processor.py:914} INFO - Processing file /Users/swarnalidatta/Desktop/AutoQueryChatbot/.airflow-venv/lib/python3.12/site-packages/airflow/example_dags/plugins/event_listener.py for tasks to queue
[2026-09-05T17:56:49.175+0200] {logging_mixin.py:190} INFO - [2026-09-05T17:56:49.175+0200] {dagbag.py:588} INFO - Filling up the DagBag from /Users/swarnalidatta/Desktop/AutoQueryChatbot/.airflow-venv/lib/python3.12/site-packages/airflow/example_dags/plugins/event_listener.py
[2026-09-05T17:56:49.175+0200] {processor.py:927} WARNING - No viable dags retrieved from /Users/swarnalidatta/Desktop/AutoQueryChatbot/.airflow-venv/lib/python3.12/site-packages/airflow/example_dags/plugins/event_listener.py
[2026-09-05T17:56:49.204+0200] {processor.py:208} INFO - Processing /Users/swarnalidatta/Desktop/AutoQueryChatbot/.airflow-venv/lib/python3.12/site-packages/airflow/example_dags/plugins/event_listener.py took 0.031 seconds
[2026-09-05T17:58:02.092+0200] {processor.py:186} INFO - Started process (PID=22342) to work on /Users/swarnalidatta/Desktop/AutoQueryChatbot/.airflow-venv/lib/python3.12/site-packages/airflow/example_dags/plugins/event_listener.py
[2026-09-05T17:58:02.093+0200] {processor.py:914} INFO - Processing file /Users/swarnalidatta/Desktop/AutoQueryChatbot/.airflow-venv/lib/python3.12/site-packages/airflow/example_dags/plugins/event_listener.py for tasks to queue
[2026-09-05T17:58:02.093+0200] {logging_mixin.py:190} INFO - [2026-09-05T17:58:02.093+0200] {dagbag.py:588} INFO - Filling up the DagBag from /Users/swarnalidatta/Desktop/AutoQueryChatbot/.airflow-venv/lib/python3.12/site-packages/airflow/example_dags/plugins/event_listener.py
[2026-09-05T17:58:02.093+0200] {processor.py:927} WARNING - No viable dags retrieved from /Users/swarnalidatta/Desktop/AutoQueryChatbot/.airflow-venv/lib/python3.12/site-packages/airflow/example_dags/plugins/event_listener.py
[2026-09-05T17:58:02.118+0200] {processor.py:208} INFO - Processing /Users/swarnalidatta/Desktop/AutoQueryChatbot/.airflow-venv/lib/python3.12/site-packages/airflow/example_dags/plugins/event_listener.py took 0.027 seconds
[2026-09-05T17:59:02.652+0200] {processor.py:186} INFO - Started process (PID=22482) to work on /Users/swarnalidatta/Desktop/AutoQueryChatbot/.airflow-venv/lib/python3.12/site-packages/airflow/example_dags/plugins/event_listener.py
[2026-09-05T17:59:02.652+0200] {processor.py:914} INFO - Processing file /Users/swarnalidatta/Desktop/AutoQueryChatbot/.airflow-venv/lib/python3.12/site-packages/airflow/example_dags/plugins/event_listener.py for tasks to queue
[2026-09-05T17:59:02.653+0200] {logging_mixin.py:190} INFO - [2026-09-05T17:59:02.653+0200] {dagbag.py:588} INFO - Filling up the DagBag from /Users/swarnalidatta/Desktop/AutoQueryChatbot/.airflow-venv/lib/python3.12/site-packages/airflow/example_dags/plugins/event_listener.py
[2026-09-05T17:59:02.653+0200] {processor.py:927} WARNING - No viable dags retrieved from /Users/swarnalidatta/Desktop/AutoQueryChatbot/.airflow-venv/lib/python3.12/site-packages/airflow/example_dags/plugins/event_listener.py
[2026-09-05T17:59:02.679+0200] {processor.py:208} INFO - Processing /Users/swarnalidatta/Desktop/AutoQueryChatbot/.airflow-venv/lib/python3.12/site-packages/airflow/example_dags/plugins/event_listener.py took 0.029 seconds
[2026-09-05T18:00:06.476+0200] {processor.py:186} INFO - Started process (PID=22628) to work on /Users/swarnalidatta/Desktop/AutoQueryChatbot/.airflow-venv/lib/python3.12/site-packages/airflow/example_dags/plugins/event_listener.py
[2026-09-05T18:00:06.477+0200] {processor.py:914} INFO - Processing file /Users/swarnalidatta/Desktop/AutoQueryChatbot/.airflow-venv/lib/python3.12/site-packages/airflow/example_dags/plugins/event_listener.py for tasks to queue
[2026-09-05T18:00:06.477+0200] {logging_mixin.py:190} INFO - [2026-09-05T18:00:06.477+0200] {dagbag.py:588} INFO - Filling up the DagBag from /Users/swarnalidatta/Desktop/AutoQueryChatbot/.airflow-venv/lib/python3.12/site-packages/airflow/example_dags/plugins/event_listener.py
[2026-09-05T18:00:06.477+0200] {processor.py:927} WARNING - No viable dags retrieved from /Users/swarnalidatta/Desktop/AutoQueryChatbot/.airflow-venv/lib/python3.12/site-packages/airflow/example_dags/plugins/event_listener.py
[2026-09-05T18:00:06.502+0200] {processor.py:208} INFO - Processing /Users/swarnalidatta/Desktop/AutoQueryChatbot/.airflow-venv/lib/python3.12/site-packages/airflow/example_dags/plugins/event_listener.py took 0.027 seconds
[2026-09-05T18:01:06.970+0200] {processor.py:186} INFO - Started process (PID=22764) to work on /Users/swarnalidatta/Desktop/AutoQueryChatbot/.airflow-venv/lib/python3.12/site-packages/airflow/example_dags/plugins/event_listener.py
[2026-09-05T18:01:06.970+0200] {processor.py:914} INFO - Processing file /Users/swarnalidatta/Desktop/AutoQueryChatbot/.airflow-venv/lib/python3.12/site-packages/airflow/example_dags/plugins/event_listener.py for tasks to queue
[2026-09-05T18:01:06.970+0200] {logging_mixin.py:190} INFO - [2026-09-05T18:01:06.970+0200] {dagbag.py:588} INFO - Filling up the DagBag from /Users/swarnalidatta/Desktop/AutoQueryChatbot/.airflow-venv/lib/python3.12/site-packages/airflow/example_dags/plugins/event_listener.py
[2026-09-05T18:01:06.971+0200] {processor.py:927} WARNING - No viable dags retrieved from /Users/swarnalidatta/Desktop/AutoQueryChatbot/.airflow-venv/lib/python3.12/site-packages/airflow/example_dags/plugins/event_listener.py
[2026-09-05T18:01:06.995+0200] {processor.py:208} INFO - Processing /Users/swarnalidatta/Desktop/AutoQueryChatbot/.airflow-venv/lib/python3.12/site-packages/airflow/example_dags/plugins/event_listener.py took 0.027 seconds
[2026-09-05T18:19:23.359+0200] {processor.py:186} INFO - Started process (PID=22945) to work on /Users/swarnalidatta/Desktop/AutoQueryChatbot/.airflow-venv/lib/python3.12/site-packages/airflow/example_dags/plugins/event_listener.py
[2026-09-05T18:19:23.360+0200] {processor.py:914} INFO - Processing file /Users/swarnalidatta/Desktop/AutoQueryChatbot/.airflow-venv/lib/python3.12/site-packages/airflow/example_dags/plugins/event_listener.py for tasks to queue
[2026-09-05T18:19:23.361+0200] {logging_mixin.py:190} INFO - [2026-09-05T18:19:23.361+0200] {dagbag.py:588} INFO - Filling up the DagBag from /Users/swarnalidatta/Desktop/AutoQueryChatbot/.airflow-venv/lib/python3.12/site-packages/airflow/example_dags/plugins/event_listener.py
[2026-09-05T18:19:23.361+0200] {processor.py:927} WARNING - No viable dags retrieved from /Users/swarnalidatta/Desktop/AutoQueryChatbot/.airflow-venv/lib/python3.12/site-packages/airflow/example_dags/plugins/event_listener.py
[2026-09-05T18:19:23.384+0200] {processor.py:208} INFO - Processing /Users/swarnalidatta/Desktop/AutoQueryChatbot/.airflow-venv/lib/python3.12/site-packages/airflow/example_dags/plugins/event_listener.py took 0.026 seconds
[2026-09-05T18:20:51.096+0200] {processor.py:186} INFO - Started process (PID=23179) to work on /Users/swarnalidatta/Desktop/AutoQueryChatbot/.airflow-venv/lib/python3.12/site-packages/airflow/example_dags/plugins/event_listener.py
[2026-09-05T18:20:51.096+0200] {processor.py:914} INFO - Processing file /Users/swarnalidatta/Desktop/AutoQueryChatbot/.airflow-venv/lib/python3.12/site-packages/airflow/example_dags/plugins/event_listener.py for tasks to queue
[2026-09-05T18:20:51.096+0200] {logging_mixin.py:190} INFO - [2026-09-05T18:20:51.096+0200] {dagbag.py:588} INFO - Filling up the DagBag from /Users/swarnalidatta/Desktop/AutoQueryChatbot/.airflow-venv/lib/python3.12/site-packages/airflow/example_dags/plugins/event_listener.py
[2026-09-05T18:20:51.097+0200] {processor.py:927} WARNING - No viable dags retrieved from /Users/swarnalidatta/Desktop/AutoQueryChatbot/.airflow-venv/lib/python3.12/site-packages/airflow/example_dags/plugins/event_listener.py
[2026-09-05T18:20:51.121+0200] {processor.py:208} INFO - Processing /Users/swarnalidatta/Desktop/AutoQueryChatbot/.airflow-venv/lib/python3.12/site-packages/airflow/example_dags/plugins/event_listener.py took 0.026 seconds
[2026-09-05T18:21:56.123+0200] {processor.py:186} INFO - Started process (PID=23362) to work on /Users/swarnalidatta/Desktop/AutoQueryChatbot/.airflow-venv/lib/python3.12/site-packages/airflow/example_dags/plugins/event_listener.py
[2026-09-05T18:21:56.123+0200] {processor.py:914} INFO - Processing file /Users/swarnalidatta/Desktop/AutoQueryChatbot/.airflow-venv/lib/python3.12/site-packages/airflow/example_dags/plugins/event_listener.py for tasks to queue
[2026-09-05T18:21:56.123+0200] {logging_mixin.py:190} INFO - [2026-09-05T18:21:56.123+0200] {dagbag.py:588} INFO - Filling up the DagBag from /Users/swarnalidatta/Desktop/AutoQueryChatbot/.airflow-venv/lib/python3.12/site-packages/airflow/example_dags/plugins/event_listener.py
[2026-09-05T18:21:56.124+0200] {processor.py:927} WARNING - No viable dags retrieved from /Users/swarnalidatta/Desktop/AutoQueryChatbot/.airflow-venv/lib/python3.12/site-packages/airflow/example_dags/plugins/event_listener.py
[2026-09-05T18:21:56.149+0200] {processor.py:208} INFO - Processing /Users/swarnalidatta/Desktop/AutoQueryChatbot/.airflow-venv/lib/python3.12/site-packages/airflow/example_dags/plugins/event_listener.py took 0.027 seconds
[2026-09-05T18:23:03.046+0200] {processor.py:186} INFO - Started process (PID=23555) to work on /Users/swarnalidatta/Desktop/AutoQueryChatbot/.airflow-venv/lib/python3.12/site-packages/airflow/example_dags/plugins/event_listener.py
[2026-09-05T18:23:03.046+0200] {processor.py:914} INFO - Processing file /Users/swarnalidatta/Desktop/AutoQueryChatbot/.airflow-venv/lib/python3.12/site-packages/airflow/example_dags/plugins/event_listener.py for tasks to queue
[2026-09-05T18:23:03.046+0200] {logging_mixin.py:190} INFO - [2026-09-05T18:23:03.046+0200] {dagbag.py:588} INFO - Filling up the DagBag from /Users/swarnalidatta/Desktop/AutoQueryChatbot/.airflow-venv/lib/python3.12/site-packages/airflow/example_dags/plugins/event_listener.py
[2026-09-05T18:23:03.047+0200] {processor.py:927} WARNING - No viable dags retrieved from /Users/swarnalidatta/Desktop/AutoQueryChatbot/.airflow-venv/lib/python3.12/site-packages/airflow/example_dags/plugins/event_listener.py
[2026-09-05T18:23:03.071+0200] {processor.py:208} INFO - Processing /Users/swarnalidatta/Desktop/AutoQueryChatbot/.airflow-venv/lib/python3.12/site-packages/airflow/example_dags/plugins/event_listener.py took 0.026 seconds
[2026-09-05T18:24:11.604+0200] {processor.py:186} INFO - Started process (PID=23773) to work on /Users/swarnalidatta/Desktop/AutoQueryChatbot/.airflow-venv/lib/python3.12/site-packages/airflow/example_dags/plugins/event_listener.py
[2026-09-05T18:24:11.605+0200] {processor.py:914} INFO - Processing file /Users/swarnalidatta/Desktop/AutoQueryChatbot/.airflow-venv/lib/python3.12/site-packages/airflow/example_dags/plugins/event_listener.py for tasks to queue
[2026-09-05T18:24:11.605+0200] {logging_mixin.py:190} INFO - [2026-09-05T18:24:11.605+0200] {dagbag.py:588} INFO - Filling up the DagBag from /Users/swarnalidatta/Desktop/AutoQueryChatbot/.airflow-venv/lib/python3.12/site-packages/airflow/example_dags/plugins/event_listener.py
[2026-09-05T18:24:11.605+0200] {processor.py:927} WARNING - No viable dags retrieved from /Users/swarnalidatta/Desktop/AutoQueryChatbot/.airflow-venv/lib/python3.12/site-packages/airflow/example_dags/plugins/event_listener.py
[2026-09-05T18:24:11.630+0200] {processor.py:208} INFO - Processing /Users/swarnalidatta/Desktop/AutoQueryChatbot/.airflow-venv/lib/python3.12/site-packages/airflow/example_dags/plugins/event_listener.py took 0.026 seconds
[2026-09-05T18:25:21.778+0200] {processor.py:186} INFO - Started process (PID=24581) to work on /Users/swarnalidatta/Desktop/AutoQueryChatbot/.airflow-venv/lib/python3.12/site-packages/airflow/example_dags/plugins/event_listener.py
[2026-09-05T18:25:21.779+0200] {processor.py:914} INFO - Processing file /Users/swarnalidatta/Desktop/AutoQueryChatbot/.airflow-venv/lib/python3.12/site-packages/airflow/example_dags/plugins/event_listener.py for tasks to queue
[2026-09-05T18:25:21.779+0200] {logging_mixin.py:190} INFO - [2026-09-05T18:25:21.779+0200] {dagbag.py:588} INFO - Filling up the DagBag from /Users/swarnalidatta/Desktop/AutoQueryChatbot/.airflow-venv/lib/python3.12/site-packages/airflow/example_dags/plugins/event_listener.py
[2026-09-05T18:25:21.779+0200] {processor.py:927} WARNING - No viable dags retrieved from /Users/swarnalidatta/Desktop/AutoQueryChatbot/.airflow-venv/lib/python3.12/site-packages/airflow/example_dags/plugins/event_listener.py
[2026-09-05T18:25:21.804+0200] {processor.py:208} INFO - Processing /Users/swarnalidatta/Desktop/AutoQueryChatbot/.airflow-venv/lib/python3.12/site-packages/airflow/example_dags/plugins/event_listener.py took 0.027 seconds
[2026-09-05T18:26:35.580+0200] {processor.py:186} INFO - Started process (PID=24813) to work on /Users/swarnalidatta/Desktop/AutoQueryChatbot/.airflow-venv/lib/python3.12/site-packages/airflow/example_dags/plugins/event_listener.py
[2026-09-05T18:26:35.581+0200] {processor.py:914} INFO - Processing file /Users/swarnalidatta/Desktop/AutoQueryChatbot/.airflow-venv/lib/python3.12/site-packages/airflow/example_dags/plugins/event_listener.py for tasks to queue
[2026-09-05T18:26:35.581+0200] {logging_mixin.py:190} INFO - [2026-09-05T18:26:35.581+0200] {dagbag.py:588} INFO - Filling up the DagBag from /Users/swarnalidatta/Desktop/AutoQueryChatbot/.airflow-venv/lib/python3.12/site-packages/airflow/example_dags/plugins/event_listener.py
[2026-09-05T18:26:35.581+0200] {processor.py:927} WARNING - No viable dags retrieved from /Users/swarnalidatta/Desktop/AutoQueryChatbot/.airflow-venv/lib/python3.12/site-packages/airflow/example_dags/plugins/event_listener.py
[2026-09-05T18:26:35.606+0200] {processor.py:208} INFO - Processing /Users/swarnalidatta/Desktop/AutoQueryChatbot/.airflow-venv/lib/python3.12/site-packages/airflow/example_dags/plugins/event_listener.py took 0.027 seconds
[2026-09-05T18:51:46.216+0200] {processor.py:186} INFO - Started process (PID=25158) to work on /Users/swarnalidatta/Desktop/AutoQueryChatbot/.airflow-venv/lib/python3.12/site-packages/airflow/example_dags/plugins/event_listener.py
[2026-09-05T18:51:46.217+0200] {processor.py:914} INFO - Processing file /Users/swarnalidatta/Desktop/AutoQueryChatbot/.airflow-venv/lib/python3.12/site-packages/airflow/example_dags/plugins/event_listener.py for tasks to queue
[2026-09-05T18:51:46.217+0200] {logging_mixin.py:190} INFO - [2026-09-05T18:51:46.217+0200] {dagbag.py:588} INFO - Filling up the DagBag from /Users/swarnalidatta/Desktop/AutoQueryChatbot/.airflow-venv/lib/python3.12/site-packages/airflow/example_dags/plugins/event_listener.py
[2026-09-05T18:51:46.217+0200] {processor.py:927} WARNING - No viable dags retrieved from /Users/swarnalidatta/Desktop/AutoQueryChatbot/.airflow-venv/lib/python3.12/site-packages/airflow/example_dags/plugins/event_listener.py
[2026-09-05T18:51:46.241+0200] {processor.py:208} INFO - Processing /Users/swarnalidatta/Desktop/AutoQueryChatbot/.airflow-venv/lib/python3.12/site-packages/airflow/example_dags/plugins/event_listener.py took 0.026 seconds
[2026-09-05T18:53:17.946+0200] {processor.py:186} INFO - Started process (PID=25511) to work on /Users/swarnalidatta/Desktop/AutoQueryChatbot/.airflow-venv/lib/python3.12/site-packages/airflow/example_dags/plugins/event_listener.py
[2026-09-05T18:53:17.946+0200] {processor.py:914} INFO - Processing file /Users/swarnalidatta/Desktop/AutoQueryChatbot/.airflow-venv/lib/python3.12/site-packages/airflow/example_dags/plugins/event_listener.py for tasks to queue
[2026-09-05T18:53:17.947+0200] {logging_mixin.py:190} INFO - [2026-09-05T18:53:17.947+0200] {dagbag.py:588} INFO - Filling up the DagBag from /Users/swarnalidatta/Desktop/AutoQueryChatbot/.airflow-venv/lib/python3.12/site-packages/airflow/example_dags/plugins/event_listener.py
[2026-09-05T18:53:17.947+0200] {processor.py:927} WARNING - No viable dags retrieved from /Users/swarnalidatta/Desktop/AutoQueryChatbot/.airflow-venv/lib/python3.12/site-packages/airflow/example_dags/plugins/event_listener.py
[2026-09-05T18:53:17.971+0200] {processor.py:208} INFO - Processing /Users/swarnalidatta/Desktop/AutoQueryChatbot/.airflow-venv/lib/python3.12/site-packages/airflow/example_dags/plugins/event_listener.py took 0.026 seconds
[2026-09-05T18:54:37.236+0200] {processor.py:186} INFO - Started process (PID=25783) to work on /Users/swarnalidatta/Desktop/AutoQueryChatbot/.airflow-venv/lib/python3.12/site-packages/airflow/example_dags/plugins/event_listener.py
[2026-09-05T18:54:37.236+0200] {processor.py:914} INFO - Processing file /Users/swarnalidatta/Desktop/AutoQueryChatbot/.airflow-venv/lib/python3.12/site-packages/airflow/example_dags/plugins/event_listener.py for tasks to queue
[2026-09-05T18:54:37.237+0200] {logging_mixin.py:190} INFO - [2026-09-05T18:54:37.237+0200] {dagbag.py:588} INFO - Filling up the DagBag from /Users/swarnalidatta/Desktop/AutoQueryChatbot/.airflow-venv/lib/python3.12/site-packages/airflow/example_dags/plugins/event_listener.py
[2026-09-05T18:54:37.237+0200] {processor.py:927} WARNING - No viable dags retrieved from /Users/swarnalidatta/Desktop/AutoQueryChatbot/.airflow-venv/lib/python3.12/site-packages/airflow/example_dags/plugins/event_listener.py
[2026-09-05T18:54:37.261+0200] {processor.py:208} INFO - Processing /Users/swarnalidatta/Desktop/AutoQueryChatbot/.airflow-venv/lib/python3.12/site-packages/airflow/example_dags/plugins/event_listener.py took 0.027 seconds
[2026-09-05T18:55:53.393+0200] {processor.py:186} INFO - Started process (PID=26246) to work on /Users/swarnalidatta/Desktop/AutoQueryChatbot/.airflow-venv/lib/python3.12/site-packages/airflow/example_dags/plugins/event_listener.py
[2026-09-05T18:55:53.394+0200] {processor.py:914} INFO - Processing file /Users/swarnalidatta/Desktop/AutoQueryChatbot/.airflow-venv/lib/python3.12/site-packages/airflow/example_dags/plugins/event_listener.py for tasks to queue
[2026-09-05T18:55:53.394+0200] {logging_mixin.py:190} INFO - [2026-09-05T18:55:53.394+0200] {dagbag.py:588} INFO - Filling up the DagBag from /Users/swarnalidatta/Desktop/AutoQueryChatbot/.airflow-venv/lib/python3.12/site-packages/airflow/example_dags/plugins/event_listener.py
[2026-09-05T18:55:53.394+0200] {processor.py:927} WARNING - No viable dags retrieved from /Users/swarnalidatta/Desktop/AutoQueryChatbot/.airflow-venv/lib/python3.12/site-packages/airflow/example_dags/plugins/event_listener.py
[2026-09-05T18:55:53.419+0200] {processor.py:208} INFO - Processing /Users/swarnalidatta/Desktop/AutoQueryChatbot/.airflow-venv/lib/python3.12/site-packages/airflow/example_dags/plugins/event_listener.py took 0.027 seconds
[2026-09-05T19:00:42.960+0200] {processor.py:186} INFO - Started process (PID=26620) to work on /Users/swarnalidatta/Desktop/AutoQueryChatbot/.airflow-venv/lib/python3.12/site-packages/airflow/example_dags/plugins/event_listener.py
[2026-09-05T19:00:42.961+0200] {processor.py:914} INFO - Processing file /Users/swarnalidatta/Desktop/AutoQueryChatbot/.airflow-venv/lib/python3.12/site-packages/airflow/example_dags/plugins/event_listener.py for tasks to queue
[2026-09-05T19:00:42.961+0200] {logging_mixin.py:190} INFO - [2026-09-05T19:00:42.961+0200] {dagbag.py:588} INFO - Filling up the DagBag from /Users/swarnalidatta/Desktop/AutoQueryChatbot/.airflow-venv/lib/python3.12/site-packages/airflow/example_dags/plugins/event_listener.py
[2026-09-05T19:00:42.961+0200] {processor.py:927} WARNING - No viable dags retrieved from /Users/swarnalidatta/Desktop/AutoQueryChatbot/.airflow-venv/lib/python3.12/site-packages/airflow/example_dags/plugins/event_listener.py
[2026-09-05T19:00:42.985+0200] {processor.py:208} INFO - Processing /Users/swarnalidatta/Desktop/AutoQueryChatbot/.airflow-venv/lib/python3.12/site-packages/airflow/example_dags/plugins/event_listener.py took 0.026 seconds
[2026-09-05T19:02:20.307+0200] {processor.py:186} INFO - Started process (PID=26961) to work on /Users/swarnalidatta/Desktop/AutoQueryChatbot/.airflow-venv/lib/python3.12/site-packages/airflow/example_dags/plugins/event_listener.py
[2026-09-05T19:02:20.307+0200] {processor.py:914} INFO - Processing file /Users/swarnalidatta/Desktop/AutoQueryChatbot/.airflow-venv/lib/python3.12/site-packages/airflow/example_dags/plugins/event_listener.py for tasks to queue
[2026-09-05T19:02:20.308+0200] {logging_mixin.py:190} INFO - [2026-09-05T19:02:20.308+0200] {dagbag.py:588} INFO - Filling up the DagBag from /Users/swarnalidatta/Desktop/AutoQueryChatbot/.airflow-venv/lib/python3.12/site-packages/airflow/example_dags/plugins/event_listener.py
[2026-09-05T19:02:20.308+0200] {processor.py:927} WARNING - No viable dags retrieved from /Users/swarnalidatta/Desktop/AutoQueryChatbot/.airflow-venv/lib/python3.12/site-packages/airflow/example_dags/plugins/event_listener.py
[2026-09-05T19:02:20.332+0200] {processor.py:208} INFO - Processing /Users/swarnalidatta/Desktop/AutoQueryChatbot/.airflow-venv/lib/python3.12/site-packages/airflow/example_dags/plugins/event_listener.py took 0.026 seconds
[2026-09-05T19:03:42.882+0200] {processor.py:186} INFO - Started process (PID=27244) to work on /Users/swarnalidatta/Desktop/AutoQueryChatbot/.airflow-venv/lib/python3.12/site-packages/airflow/example_dags/plugins/event_listener.py
[2026-09-05T19:03:42.882+0200] {processor.py:914} INFO - Processing file /Users/swarnalidatta/Desktop/AutoQueryChatbot/.airflow-venv/lib/python3.12/site-packages/airflow/example_dags/plugins/event_listener.py for tasks to queue
[2026-09-05T19:03:42.882+0200] {logging_mixin.py:190} INFO - [2026-09-05T19:03:42.882+0200] {dagbag.py:588} INFO - Filling up the DagBag from /Users/swarnalidatta/Desktop/AutoQueryChatbot/.airflow-venv/lib/python3.12/site-packages/airflow/example_dags/plugins/event_listener.py
[2026-09-05T19:03:42.883+0200] {processor.py:927} WARNING - No viable dags retrieved from /Users/swarnalidatta/Desktop/AutoQueryChatbot/.airflow-venv/lib/python3.12/site-packages/airflow/example_dags/plugins/event_listener.py
[2026-09-05T19:03:42.907+0200] {processor.py:208} INFO - Processing /Users/swarnalidatta/Desktop/AutoQueryChatbot/.airflow-venv/lib/python3.12/site-packages/airflow/example_dags/plugins/event_listener.py took 0.027 seconds
[2026-09-05T19:05:03.744+0200] {processor.py:186} INFO - Started process (PID=27732) to work on /Users/swarnalidatta/Desktop/AutoQueryChatbot/.airflow-venv/lib/python3.12/site-packages/airflow/example_dags/plugins/event_listener.py
[2026-09-05T19:05:03.744+0200] {processor.py:914} INFO - Processing file /Users/swarnalidatta/Desktop/AutoQueryChatbot/.airflow-venv/lib/python3.12/site-packages/airflow/example_dags/plugins/event_listener.py for tasks to queue
[2026-09-05T19:05:03.744+0200] {logging_mixin.py:190} INFO - [2026-09-05T19:05:03.744+0200] {dagbag.py:588} INFO - Filling up the DagBag from /Users/swarnalidatta/Desktop/AutoQueryChatbot/.airflow-venv/lib/python3.12/site-packages/airflow/example_dags/plugins/event_listener.py
[2026-09-05T19:05:03.745+0200] {processor.py:927} WARNING - No viable dags retrieved from /Users/swarnalidatta/Desktop/AutoQueryChatbot/.airflow-venv/lib/python3.12/site-packages/airflow/example_dags/plugins/event_listener.py
[2026-09-05T19:05:03.769+0200] {processor.py:208} INFO - Processing /Users/swarnalidatta/Desktop/AutoQueryChatbot/.airflow-venv/lib/python3.12/site-packages/airflow/example_dags/plugins/event_listener.py took 0.027 seconds
[2026-09-05T19:06:22.429+0200] {processor.py:186} INFO - Started process (PID=28012) to work on /Users/swarnalidatta/Desktop/AutoQueryChatbot/.airflow-venv/lib/python3.12/site-packages/airflow/example_dags/plugins/event_listener.py
[2026-09-05T19:06:22.429+0200] {processor.py:914} INFO - Processing file /Users/swarnalidatta/Desktop/AutoQueryChatbot/.airflow-venv/lib/python3.12/site-packages/airflow/example_dags/plugins/event_listener.py for tasks to queue
[2026-09-05T19:06:22.430+0200] {logging_mixin.py:190} INFO - [2026-09-05T19:06:22.430+0200] {dagbag.py:588} INFO - Filling up the DagBag from /Users/swarnalidatta/Desktop/AutoQueryChatbot/.airflow-venv/lib/python3.12/site-packages/airflow/example_dags/plugins/event_listener.py
[2026-09-05T19:06:22.430+0200] {processor.py:927} WARNING - No viable dags retrieved from /Users/swarnalidatta/Desktop/AutoQueryChatbot/.airflow-venv/lib/python3.12/site-packages/airflow/example_dags/plugins/event_listener.py
[2026-09-05T19:06:22.455+0200] {processor.py:208} INFO - Processing /Users/swarnalidatta/Desktop/AutoQueryChatbot/.airflow-venv/lib/python3.12/site-packages/airflow/example_dags/plugins/event_listener.py took 0.028 seconds
[2026-09-05T19:07:42.596+0200] {processor.py:186} INFO - Started process (PID=28316) to work on /Users/swarnalidatta/Desktop/AutoQueryChatbot/.airflow-venv/lib/python3.12/site-packages/airflow/example_dags/plugins/event_listener.py
[2026-09-05T19:07:42.597+0200] {processor.py:914} INFO - Processing file /Users/swarnalidatta/Desktop/AutoQueryChatbot/.airflow-venv/lib/python3.12/site-packages/airflow/example_dags/plugins/event_listener.py for tasks to queue
[2026-09-05T19:07:42.597+0200] {logging_mixin.py:190} INFO - [2026-09-05T19:07:42.597+0200] {dagbag.py:588} INFO - Filling up the DagBag from /Users/swarnalidatta/Desktop/AutoQueryChatbot/.airflow-venv/lib/python3.12/site-packages/airflow/example_dags/plugins/event_listener.py
[2026-09-05T19:07:42.597+0200] {processor.py:927} WARNING - No viable dags retrieved from /Users/swarnalidatta/Desktop/AutoQueryChatbot/.airflow-venv/lib/python3.12/site-packages/airflow/example_dags/plugins/event_listener.py
[2026-09-05T19:07:42.623+0200] {processor.py:208} INFO - Processing /Users/swarnalidatta/Desktop/AutoQueryChatbot/.airflow-venv/lib/python3.12/site-packages/airflow/example_dags/plugins/event_listener.py took 0.028 seconds
[2026-09-05T19:09:02.441+0200] {processor.py:186} INFO - Started process (PID=28603) to work on /Users/swarnalidatta/Desktop/AutoQueryChatbot/.airflow-venv/lib/python3.12/site-packages/airflow/example_dags/plugins/event_listener.py
[2026-09-05T19:09:02.442+0200] {processor.py:914} INFO - Processing file /Users/swarnalidatta/Desktop/AutoQueryChatbot/.airflow-venv/lib/python3.12/site-packages/airflow/example_dags/plugins/event_listener.py for tasks to queue
[2026-09-05T19:09:02.442+0200] {logging_mixin.py:190} INFO - [2026-09-05T19:09:02.442+0200] {dagbag.py:588} INFO - Filling up the DagBag from /Users/swarnalidatta/Desktop/AutoQueryChatbot/.airflow-venv/lib/python3.12/site-packages/airflow/example_dags/plugins/event_listener.py
[2026-09-05T19:09:02.443+0200] {processor.py:927} WARNING - No viable dags retrieved from /Users/swarnalidatta/Desktop/AutoQueryChatbot/.airflow-venv/lib/python3.12/site-packages/airflow/example_dags/plugins/event_listener.py
[2026-09-05T19:09:02.467+0200] {processor.py:208} INFO - Processing /Users/swarnalidatta/Desktop/AutoQueryChatbot/.airflow-venv/lib/python3.12/site-packages/airflow/example_dags/plugins/event_listener.py took 0.027 seconds
[2026-09-05T19:10:21.257+0200] {processor.py:186} INFO - Started process (PID=28873) to work on /Users/swarnalidatta/Desktop/AutoQueryChatbot/.airflow-venv/lib/python3.12/site-packages/airflow/example_dags/plugins/event_listener.py
[2026-09-05T19:10:21.257+0200] {processor.py:914} INFO - Processing file /Users/swarnalidatta/Desktop/AutoQueryChatbot/.airflow-venv/lib/python3.12/site-packages/airflow/example_dags/plugins/event_listener.py for tasks to queue
[2026-09-05T19:10:21.258+0200] {logging_mixin.py:190} INFO - [2026-09-05T19:10:21.258+0200] {dagbag.py:588} INFO - Filling up the DagBag from /Users/swarnalidatta/Desktop/AutoQueryChatbot/.airflow-venv/lib/python3.12/site-packages/airflow/example_dags/plugins/event_listener.py
[2026-09-05T19:10:21.258+0200] {processor.py:927} WARNING - No viable dags retrieved from /Users/swarnalidatta/Desktop/AutoQueryChatbot/.airflow-venv/lib/python3.12/site-packages/airflow/example_dags/plugins/event_listener.py
[2026-09-05T19:10:21.283+0200] {processor.py:208} INFO - Processing /Users/swarnalidatta/Desktop/AutoQueryChatbot/.airflow-venv/lib/python3.12/site-packages/airflow/example_dags/plugins/event_listener.py took 0.028 seconds
[2026-09-05T19:11:37.481+0200] {processor.py:186} INFO - Started process (PID=29167) to work on /Users/swarnalidatta/Desktop/AutoQueryChatbot/.airflow-venv/lib/python3.12/site-packages/airflow/example_dags/plugins/event_listener.py
[2026-09-05T19:11:37.481+0200] {processor.py:914} INFO - Processing file /Users/swarnalidatta/Desktop/AutoQueryChatbot/.airflow-venv/lib/python3.12/site-packages/airflow/example_dags/plugins/event_listener.py for tasks to queue
[2026-09-05T19:11:37.482+0200] {logging_mixin.py:190} INFO - [2026-09-05T19:11:37.482+0200] {dagbag.py:588} INFO - Filling up the DagBag from /Users/swarnalidatta/Desktop/AutoQueryChatbot/.airflow-venv/lib/python3.12/site-packages/airflow/example_dags/plugins/event_listener.py
[2026-09-05T19:11:37.482+0200] {processor.py:927} WARNING - No viable dags retrieved from /Users/swarnalidatta/Desktop/AutoQueryChatbot/.airflow-venv/lib/python3.12/site-packages/airflow/example_dags/plugins/event_listener.py
[2026-09-05T19:11:37.507+0200] {processor.py:208} INFO - Processing /Users/swarnalidatta/Desktop/AutoQueryChatbot/.airflow-venv/lib/python3.12/site-packages/airflow/example_dags/plugins/event_listener.py took 0.027 seconds
[2026-09-05T19:12:50.628+0200] {processor.py:186} INFO - Started process (PID=29438) to work on /Users/swarnalidatta/Desktop/AutoQueryChatbot/.airflow-venv/lib/python3.12/site-packages/airflow/example_dags/plugins/event_listener.py
[2026-09-05T19:12:50.628+0200] {processor.py:914} INFO - Processing file /Users/swarnalidatta/Desktop/AutoQueryChatbot/.airflow-venv/lib/python3.12/site-packages/airflow/example_dags/plugins/event_listener.py for tasks to queue
[2026-09-05T19:12:50.628+0200] {logging_mixin.py:190} INFO - [2026-09-05T19:12:50.628+0200] {dagbag.py:588} INFO - Filling up the DagBag from /Users/swarnalidatta/Desktop/AutoQueryChatbot/.airflow-venv/lib/python3.12/site-packages/airflow/example_dags/plugins/event_listener.py
[2026-09-05T19:12:50.629+0200] {processor.py:927} WARNING - No viable dags retrieved from /Users/swarnalidatta/Desktop/AutoQueryChatbot/.airflow-venv/lib/python3.12/site-packages/airflow/example_dags/plugins/event_listener.py
[2026-09-05T19:12:50.653+0200] {processor.py:208} INFO - Processing /Users/swarnalidatta/Desktop/AutoQueryChatbot/.airflow-venv/lib/python3.12/site-packages/airflow/example_dags/plugins/event_listener.py took 0.027 seconds
[2026-09-05T19:14:07.046+0200] {processor.py:186} INFO - Started process (PID=29715) to work on /Users/swarnalidatta/Desktop/AutoQueryChatbot/.airflow-venv/lib/python3.12/site-packages/airflow/example_dags/plugins/event_listener.py
[2026-09-05T19:14:07.047+0200] {processor.py:914} INFO - Processing file /Users/swarnalidatta/Desktop/AutoQueryChatbot/.airflow-venv/lib/python3.12/site-packages/airflow/example_dags/plugins/event_listener.py for tasks to queue
[2026-09-05T19:14:07.047+0200] {logging_mixin.py:190} INFO - [2026-09-05T19:14:07.047+0200] {dagbag.py:588} INFO - Filling up the DagBag from /Users/swarnalidatta/Desktop/AutoQueryChatbot/.airflow-venv/lib/python3.12/site-packages/airflow/example_dags/plugins/event_listener.py
[2026-09-05T19:14:07.047+0200] {processor.py:927} WARNING - No viable dags retrieved from /Users/swarnalidatta/Desktop/AutoQueryChatbot/.airflow-venv/lib/python3.12/site-packages/airflow/example_dags/plugins/event_listener.py
[2026-09-05T19:14:07.072+0200] {processor.py:208} INFO - Processing /Users/swarnalidatta/Desktop/AutoQueryChatbot/.airflow-venv/lib/python3.12/site-packages/airflow/example_dags/plugins/event_listener.py took 0.027 seconds
[2026-09-05T19:15:28.355+0200] {processor.py:186} INFO - Started process (PID=30033) to work on /Users/swarnalidatta/Desktop/AutoQueryChatbot/.airflow-venv/lib/python3.12/site-packages/airflow/example_dags/plugins/event_listener.py
[2026-09-05T19:15:28.355+0200] {processor.py:914} INFO - Processing file /Users/swarnalidatta/Desktop/AutoQueryChatbot/.airflow-venv/lib/python3.12/site-packages/airflow/example_dags/plugins/event_listener.py for tasks to queue
[2026-09-05T19:15:28.356+0200] {logging_mixin.py:190} INFO - [2026-09-05T19:15:28.355+0200] {dagbag.py:588} INFO - Filling up the DagBag from /Users/swarnalidatta/Desktop/AutoQueryChatbot/.airflow-venv/lib/python3.12/site-packages/airflow/example_dags/plugins/event_listener.py
[2026-09-05T19:15:28.356+0200] {processor.py:927} WARNING - No viable dags retrieved from /Users/swarnalidatta/Desktop/AutoQueryChatbot/.airflow-venv/lib/python3.12/site-packages/airflow/example_dags/plugins/event_listener.py
[2026-09-05T19:15:28.381+0200] {processor.py:208} INFO - Processing /Users/swarnalidatta/Desktop/AutoQueryChatbot/.airflow-venv/lib/python3.12/site-packages/airflow/example_dags/plugins/event_listener.py took 0.027 seconds
[2026-09-05T19:16:44.340+0200] {processor.py:186} INFO - Started process (PID=30299) to work on /Users/swarnalidatta/Desktop/AutoQueryChatbot/.airflow-venv/lib/python3.12/site-packages/airflow/example_dags/plugins/event_listener.py
[2026-09-05T19:16:44.340+0200] {processor.py:914} INFO - Processing file /Users/swarnalidatta/Desktop/AutoQueryChatbot/.airflow-venv/lib/python3.12/site-packages/airflow/example_dags/plugins/event_listener.py for tasks to queue
[2026-09-05T19:16:44.341+0200] {logging_mixin.py:190} INFO - [2026-09-05T19:16:44.341+0200] {dagbag.py:588} INFO - Filling up the DagBag from /Users/swarnalidatta/Desktop/AutoQueryChatbot/.airflow-venv/lib/python3.12/site-packages/airflow/example_dags/plugins/event_listener.py
[2026-09-05T19:16:44.341+0200] {processor.py:927} WARNING - No viable dags retrieved from /Users/swarnalidatta/Desktop/AutoQueryChatbot/.airflow-venv/lib/python3.12/site-packages/airflow/example_dags/plugins/event_listener.py
[2026-09-05T19:16:44.366+0200] {processor.py:208} INFO - Processing /Users/swarnalidatta/Desktop/AutoQueryChatbot/.airflow-venv/lib/python3.12/site-packages/airflow/example_dags/plugins/event_listener.py took 0.027 seconds
[2026-09-05T19:17:58.657+0200] {processor.py:186} INFO - Started process (PID=30586) to work on /Users/swarnalidatta/Desktop/AutoQueryChatbot/.airflow-venv/lib/python3.12/site-packages/airflow/example_dags/plugins/event_listener.py
[2026-09-05T19:17:58.657+0200] {processor.py:914} INFO - Processing file /Users/swarnalidatta/Desktop/AutoQueryChatbot/.airflow-venv/lib/python3.12/site-packages/airflow/example_dags/plugins/event_listener.py for tasks to queue
[2026-09-05T19:17:58.658+0200] {logging_mixin.py:190} INFO - [2026-09-05T19:17:58.658+0200] {dagbag.py:588} INFO - Filling up the DagBag from /Users/swarnalidatta/Desktop/AutoQueryChatbot/.airflow-venv/lib/python3.12/site-packages/airflow/example_dags/plugins/event_listener.py
[2026-09-05T19:17:58.658+0200] {processor.py:927} WARNING - No viable dags retrieved from /Users/swarnalidatta/Desktop/AutoQueryChatbot/.airflow-venv/lib/python3.12/site-packages/airflow/example_dags/plugins/event_listener.py
[2026-09-05T19:17:58.683+0200] {processor.py:208} INFO - Processing /Users/swarnalidatta/Desktop/AutoQueryChatbot/.airflow-venv/lib/python3.12/site-packages/airflow/example_dags/plugins/event_listener.py took 0.027 seconds
[2026-09-05T19:19:18.019+0200] {processor.py:186} INFO - Started process (PID=30871) to work on /Users/swarnalidatta/Desktop/AutoQueryChatbot/.airflow-venv/lib/python3.12/site-packages/airflow/example_dags/plugins/event_listener.py
[2026-09-05T19:19:18.019+0200] {processor.py:914} INFO - Processing file /Users/swarnalidatta/Desktop/AutoQueryChatbot/.airflow-venv/lib/python3.12/site-packages/airflow/example_dags/plugins/event_listener.py for tasks to queue
[2026-09-05T19:19:18.020+0200] {logging_mixin.py:190} INFO - [2026-09-05T19:19:18.019+0200] {dagbag.py:588} INFO - Filling up the DagBag from /Users/swarnalidatta/Desktop/AutoQueryChatbot/.airflow-venv/lib/python3.12/site-packages/airflow/example_dags/plugins/event_listener.py
[2026-09-05T19:19:18.020+0200] {processor.py:927} WARNING - No viable dags retrieved from /Users/swarnalidatta/Desktop/AutoQueryChatbot/.airflow-venv/lib/python3.12/site-packages/airflow/example_dags/plugins/event_listener.py
[2026-09-05T19:19:18.045+0200] {processor.py:208} INFO - Processing /Users/swarnalidatta/Desktop/AutoQueryChatbot/.airflow-venv/lib/python3.12/site-packages/airflow/example_dags/plugins/event_listener.py took 0.027 seconds
[2026-09-05T19:20:31.274+0200] {processor.py:186} INFO - Started process (PID=31115) to work on /Users/swarnalidatta/Desktop/AutoQueryChatbot/.airflow-venv/lib/python3.12/site-packages/airflow/example_dags/plugins/event_listener.py
[2026-09-05T19:20:31.274+0200] {processor.py:914} INFO - Processing file /Users/swarnalidatta/Desktop/AutoQueryChatbot/.airflow-venv/lib/python3.12/site-packages/airflow/example_dags/plugins/event_listener.py for tasks to queue
[2026-09-05T19:20:31.274+0200] {logging_mixin.py:190} INFO - [2026-09-05T19:20:31.274+0200] {dagbag.py:588} INFO - Filling up the DagBag from /Users/swarnalidatta/Desktop/AutoQueryChatbot/.airflow-venv/lib/python3.12/site-packages/airflow/example_dags/plugins/event_listener.py
[2026-09-05T19:20:31.275+0200] {processor.py:927} WARNING - No viable dags retrieved from /Users/swarnalidatta/Desktop/AutoQueryChatbot/.airflow-venv/lib/python3.12/site-packages/airflow/example_dags/plugins/event_listener.py
[2026-09-05T19:20:31.299+0200] {processor.py:208} INFO - Processing /Users/swarnalidatta/Desktop/AutoQueryChatbot/.airflow-venv/lib/python3.12/site-packages/airflow/example_dags/plugins/event_listener.py took 0.027 seconds
[2026-09-05T19:30:46.434+0200] {processor.py:186} INFO - Started process (PID=31440) to work on /Users/swarnalidatta/Desktop/AutoQueryChatbot/.airflow-venv/lib/python3.12/site-packages/airflow/example_dags/plugins/event_listener.py
[2026-09-05T19:30:46.434+0200] {processor.py:914} INFO - Processing file /Users/swarnalidatta/Desktop/AutoQueryChatbot/.airflow-venv/lib/python3.12/site-packages/airflow/example_dags/plugins/event_listener.py for tasks to queue
[2026-09-05T19:30:46.435+0200] {logging_mixin.py:190} INFO - [2026-09-05T19:30:46.435+0200] {dagbag.py:588} INFO - Filling up the DagBag from /Users/swarnalidatta/Desktop/AutoQueryChatbot/.airflow-venv/lib/python3.12/site-packages/airflow/example_dags/plugins/event_listener.py
[2026-09-05T19:30:46.435+0200] {processor.py:927} WARNING - No viable dags retrieved from /Users/swarnalidatta/Desktop/AutoQueryChatbot/.airflow-venv/lib/python3.12/site-packages/airflow/example_dags/plugins/event_listener.py
[2026-09-05T19:30:46.460+0200] {processor.py:208} INFO - Processing /Users/swarnalidatta/Desktop/AutoQueryChatbot/.airflow-venv/lib/python3.12/site-packages/airflow/example_dags/plugins/event_listener.py took 0.027 seconds
[2026-09-05T19:32:10.433+0200] {processor.py:186} INFO - Started process (PID=31700) to work on /Users/swarnalidatta/Desktop/AutoQueryChatbot/.airflow-venv/lib/python3.12/site-packages/airflow/example_dags/plugins/event_listener.py
[2026-09-05T19:32:10.433+0200] {processor.py:914} INFO - Processing file /Users/swarnalidatta/Desktop/AutoQueryChatbot/.airflow-venv/lib/python3.12/site-packages/airflow/example_dags/plugins/event_listener.py for tasks to queue
[2026-09-05T19:32:10.434+0200] {logging_mixin.py:190} INFO - [2026-09-05T19:32:10.433+0200] {dagbag.py:588} INFO - Filling up the DagBag from /Users/swarnalidatta/Desktop/AutoQueryChatbot/.airflow-venv/lib/python3.12/site-packages/airflow/example_dags/plugins/event_listener.py
[2026-09-05T19:32:10.434+0200] {processor.py:927} WARNING - No viable dags retrieved from /Users/swarnalidatta/Desktop/AutoQueryChatbot/.airflow-venv/lib/python3.12/site-packages/airflow/example_dags/plugins/event_listener.py
[2026-09-05T19:32:10.458+0200] {processor.py:208} INFO - Processing /Users/swarnalidatta/Desktop/AutoQueryChatbot/.airflow-venv/lib/python3.12/site-packages/airflow/example_dags/plugins/event_listener.py took 0.026 seconds
[2026-09-05T19:33:37.237+0200] {processor.py:186} INFO - Started process (PID=32008) to work on /Users/swarnalidatta/Desktop/AutoQueryChatbot/.airflow-venv/lib/python3.12/site-packages/airflow/example_dags/plugins/event_listener.py
[2026-09-05T19:33:37.238+0200] {processor.py:914} INFO - Processing file /Users/swarnalidatta/Desktop/AutoQueryChatbot/.airflow-venv/lib/python3.12/site-packages/airflow/example_dags/plugins/event_listener.py for tasks to queue
[2026-09-05T19:33:37.238+0200] {logging_mixin.py:190} INFO - [2026-09-05T19:33:37.238+0200] {dagbag.py:588} INFO - Filling up the DagBag from /Users/swarnalidatta/Desktop/AutoQueryChatbot/.airflow-venv/lib/python3.12/site-packages/airflow/example_dags/plugins/event_listener.py
[2026-09-05T19:33:37.238+0200] {processor.py:927} WARNING - No viable dags retrieved from /Users/swarnalidatta/Desktop/AutoQueryChatbot/.airflow-venv/lib/python3.12/site-packages/airflow/example_dags/plugins/event_listener.py
[2026-09-05T19:33:37.263+0200] {processor.py:208} INFO - Processing /Users/swarnalidatta/Desktop/AutoQueryChatbot/.airflow-venv/lib/python3.12/site-packages/airflow/example_dags/plugins/event_listener.py took 0.027 seconds
[2026-09-05T19:34:56.279+0200] {processor.py:186} INFO - Started process (PID=32317) to work on /Users/swarnalidatta/Desktop/AutoQueryChatbot/.airflow-venv/lib/python3.12/site-packages/airflow/example_dags/plugins/event_listener.py
[2026-09-05T19:34:56.280+0200] {processor.py:914} INFO - Processing file /Users/swarnalidatta/Desktop/AutoQueryChatbot/.airflow-venv/lib/python3.12/site-packages/airflow/example_dags/plugins/event_listener.py for tasks to queue
[2026-09-05T19:34:56.280+0200] {logging_mixin.py:190} INFO - [2026-09-05T19:34:56.280+0200] {dagbag.py:588} INFO - Filling up the DagBag from /Users/swarnalidatta/Desktop/AutoQueryChatbot/.airflow-venv/lib/python3.12/site-packages/airflow/example_dags/plugins/event_listener.py
[2026-09-05T19:34:56.281+0200] {processor.py:927} WARNING - No viable dags retrieved from /Users/swarnalidatta/Desktop/AutoQueryChatbot/.airflow-venv/lib/python3.12/site-packages/airflow/example_dags/plugins/event_listener.py
[2026-09-05T19:34:56.305+0200] {processor.py:208} INFO - Processing /Users/swarnalidatta/Desktop/AutoQueryChatbot/.airflow-venv/lib/python3.12/site-packages/airflow/example_dags/plugins/event_listener.py took 0.027 seconds
[2026-09-05T19:36:17.794+0200] {processor.py:186} INFO - Started process (PID=32792) to work on /Users/swarnalidatta/Desktop/AutoQueryChatbot/.airflow-venv/lib/python3.12/site-packages/airflow/example_dags/plugins/event_listener.py
[2026-09-05T19:36:17.794+0200] {processor.py:914} INFO - Processing file /Users/swarnalidatta/Desktop/AutoQueryChatbot/.airflow-venv/lib/python3.12/site-packages/airflow/example_dags/plugins/event_listener.py for tasks to queue
[2026-09-05T19:36:17.795+0200] {logging_mixin.py:190} INFO - [2026-09-05T19:36:17.795+0200] {dagbag.py:588} INFO - Filling up the DagBag from /Users/swarnalidatta/Desktop/AutoQueryChatbot/.airflow-venv/lib/python3.12/site-packages/airflow/example_dags/plugins/event_listener.py
[2026-09-05T19:36:17.795+0200] {processor.py:927} WARNING - No viable dags retrieved from /Users/swarnalidatta/Desktop/AutoQueryChatbot/.airflow-venv/lib/python3.12/site-packages/airflow/example_dags/plugins/event_listener.py
[2026-09-05T19:36:17.820+0200] {processor.py:208} INFO - Processing /Users/swarnalidatta/Desktop/AutoQueryChatbot/.airflow-venv/lib/python3.12/site-packages/airflow/example_dags/plugins/event_listener.py took 0.027 seconds
[2026-09-05T19:37:32.796+0200] {processor.py:186} INFO - Started process (PID=33076) to work on /Users/swarnalidatta/Desktop/AutoQueryChatbot/.airflow-venv/lib/python3.12/site-packages/airflow/example_dags/plugins/event_listener.py
[2026-09-05T19:37:32.796+0200] {processor.py:914} INFO - Processing file /Users/swarnalidatta/Desktop/AutoQueryChatbot/.airflow-venv/lib/python3.12/site-packages/airflow/example_dags/plugins/event_listener.py for tasks to queue
[2026-09-05T19:37:32.797+0200] {logging_mixin.py:190} INFO - [2026-09-05T19:37:32.797+0200] {dagbag.py:588} INFO - Filling up the DagBag from /Users/swarnalidatta/Desktop/AutoQueryChatbot/.airflow-venv/lib/python3.12/site-packages/airflow/example_dags/plugins/event_listener.py
[2026-09-05T19:37:32.797+0200] {processor.py:927} WARNING - No viable dags retrieved from /Users/swarnalidatta/Desktop/AutoQueryChatbot/.airflow-venv/lib/python3.12/site-packages/airflow/example_dags/plugins/event_listener.py
[2026-09-05T19:37:32.821+0200] {processor.py:208} INFO - Processing /Users/swarnalidatta/Desktop/AutoQueryChatbot/.airflow-venv/lib/python3.12/site-packages/airflow/example_dags/plugins/event_listener.py took 0.027 seconds
[2026-09-05T19:38:45.002+0200] {processor.py:186} INFO - Started process (PID=33369) to work on /Users/swarnalidatta/Desktop/AutoQueryChatbot/.airflow-venv/lib/python3.12/site-packages/airflow/example_dags/plugins/event_listener.py
[2026-09-05T19:38:45.003+0200] {processor.py:914} INFO - Processing file /Users/swarnalidatta/Desktop/AutoQueryChatbot/.airflow-venv/lib/python3.12/site-packages/airflow/example_dags/plugins/event_listener.py for tasks to queue
[2026-09-05T19:38:45.003+0200] {logging_mixin.py:190} INFO - [2026-09-05T19:38:45.003+0200] {dagbag.py:588} INFO - Filling up the DagBag from /Users/swarnalidatta/Desktop/AutoQueryChatbot/.airflow-venv/lib/python3.12/site-packages/airflow/example_dags/plugins/event_listener.py
[2026-09-05T19:38:45.003+0200] {processor.py:927} WARNING - No viable dags retrieved from /Users/swarnalidatta/Desktop/AutoQueryChatbot/.airflow-venv/lib/python3.12/site-packages/airflow/example_dags/plugins/event_listener.py
[2026-09-05T19:38:45.028+0200] {processor.py:208} INFO - Processing /Users/swarnalidatta/Desktop/AutoQueryChatbot/.airflow-venv/lib/python3.12/site-packages/airflow/example_dags/plugins/event_listener.py took 0.027 seconds
[2026-09-05T19:39:58.205+0200] {processor.py:186} INFO - Started process (PID=33644) to work on /Users/swarnalidatta/Desktop/AutoQueryChatbot/.airflow-venv/lib/python3.12/site-packages/airflow/example_dags/plugins/event_listener.py
[2026-09-05T19:39:58.206+0200] {processor.py:914} INFO - Processing file /Users/swarnalidatta/Desktop/AutoQueryChatbot/.airflow-venv/lib/python3.12/site-packages/airflow/example_dags/plugins/event_listener.py for tasks to queue
[2026-09-05T19:39:58.206+0200] {logging_mixin.py:190} INFO - [2026-09-05T19:39:58.206+0200] {dagbag.py:588} INFO - Filling up the DagBag from /Users/swarnalidatta/Desktop/AutoQueryChatbot/.airflow-venv/lib/python3.12/site-packages/airflow/example_dags/plugins/event_listener.py
[2026-09-05T19:39:58.206+0200] {processor.py:927} WARNING - No viable dags retrieved from /Users/swarnalidatta/Desktop/AutoQueryChatbot/.airflow-venv/lib/python3.12/site-packages/airflow/example_dags/plugins/event_listener.py
[2026-09-05T19:39:58.231+0200] {processor.py:208} INFO - Processing /Users/swarnalidatta/Desktop/AutoQueryChatbot/.airflow-venv/lib/python3.12/site-packages/airflow/example_dags/plugins/event_listener.py took 0.027 seconds
[2026-09-05T19:41:10.370+0200] {processor.py:186} INFO - Started process (PID=33906) to work on /Users/swarnalidatta/Desktop/AutoQueryChatbot/.airflow-venv/lib/python3.12/site-packages/airflow/example_dags/plugins/event_listener.py
[2026-09-05T19:41:10.370+0200] {processor.py:914} INFO - Processing file /Users/swarnalidatta/Desktop/AutoQueryChatbot/.airflow-venv/lib/python3.12/site-packages/airflow/example_dags/plugins/event_listener.py for tasks to queue
[2026-09-05T19:41:10.371+0200] {logging_mixin.py:190} INFO - [2026-09-05T19:41:10.371+0200] {dagbag.py:588} INFO - Filling up the DagBag from /Users/swarnalidatta/Desktop/AutoQueryChatbot/.airflow-venv/lib/python3.12/site-packages/airflow/example_dags/plugins/event_listener.py
[2026-09-05T19:41:10.371+0200] {processor.py:927} WARNING - No viable dags retrieved from /Users/swarnalidatta/Desktop/AutoQueryChatbot/.airflow-venv/lib/python3.12/site-packages/airflow/example_dags/plugins/event_listener.py
[2026-09-05T19:41:10.398+0200] {processor.py:208} INFO - Processing /Users/swarnalidatta/Desktop/AutoQueryChatbot/.airflow-venv/lib/python3.12/site-packages/airflow/example_dags/plugins/event_listener.py took 0.029 seconds
[2026-09-05T19:42:25.581+0200] {processor.py:186} INFO - Started process (PID=34209) to work on /Users/swarnalidatta/Desktop/AutoQueryChatbot/.airflow-venv/lib/python3.12/site-packages/airflow/example_dags/plugins/event_listener.py
[2026-09-05T19:42:25.582+0200] {processor.py:914} INFO - Processing file /Users/swarnalidatta/Desktop/AutoQueryChatbot/.airflow-venv/lib/python3.12/site-packages/airflow/example_dags/plugins/event_listener.py for tasks to queue
[2026-09-05T19:42:25.582+0200] {logging_mixin.py:190} INFO - [2026-09-05T19:42:25.582+0200] {dagbag.py:588} INFO - Filling up the DagBag from /Users/swarnalidatta/Desktop/AutoQueryChatbot/.airflow-venv/lib/python3.12/site-packages/airflow/example_dags/plugins/event_listener.py
[2026-09-05T19:42:25.582+0200] {processor.py:927} WARNING - No viable dags retrieved from /Users/swarnalidatta/Desktop/AutoQueryChatbot/.airflow-venv/lib/python3.12/site-packages/airflow/example_dags/plugins/event_listener.py
[2026-09-05T19:42:25.607+0200] {processor.py:208} INFO - Processing /Users/swarnalidatta/Desktop/AutoQueryChatbot/.airflow-venv/lib/python3.12/site-packages/airflow/example_dags/plugins/event_listener.py took 0.027 seconds
[2026-09-05T19:43:39.396+0200] {processor.py:186} INFO - Started process (PID=34472) to work on /Users/swarnalidatta/Desktop/AutoQueryChatbot/.airflow-venv/lib/python3.12/site-packages/airflow/example_dags/plugins/event_listener.py
[2026-09-05T19:43:39.396+0200] {processor.py:914} INFO - Processing file /Users/swarnalidatta/Desktop/AutoQueryChatbot/.airflow-venv/lib/python3.12/site-packages/airflow/example_dags/plugins/event_listener.py for tasks to queue
[2026-09-05T19:43:39.397+0200] {logging_mixin.py:190} INFO - [2026-09-05T19:43:39.396+0200] {dagbag.py:588} INFO - Filling up the DagBag from /Users/swarnalidatta/Desktop/AutoQueryChatbot/.airflow-venv/lib/python3.12/site-packages/airflow/example_dags/plugins/event_listener.py
[2026-09-05T19:43:39.397+0200] {processor.py:927} WARNING - No viable dags retrieved from /Users/swarnalidatta/Desktop/AutoQueryChatbot/.airflow-venv/lib/python3.12/site-packages/airflow/example_dags/plugins/event_listener.py
[2026-09-05T19:43:39.421+0200] {processor.py:208} INFO - Processing /Users/swarnalidatta/Desktop/AutoQueryChatbot/.airflow-venv/lib/python3.12/site-packages/airflow/example_dags/plugins/event_listener.py took 0.027 seconds
[2026-09-05T19:44:52.201+0200] {processor.py:186} INFO - Started process (PID=34728) to work on /Users/swarnalidatta/Desktop/AutoQueryChatbot/.airflow-venv/lib/python3.12/site-packages/airflow/example_dags/plugins/event_listener.py
[2026-09-05T19:44:52.201+0200] {processor.py:914} INFO - Processing file /Users/swarnalidatta/Desktop/AutoQueryChatbot/.airflow-venv/lib/python3.12/site-packages/airflow/example_dags/plugins/event_listener.py for tasks to queue
[2026-09-05T19:44:52.202+0200] {logging_mixin.py:190} INFO - [2026-09-05T19:44:52.201+0200] {dagbag.py:588} INFO - Filling up the DagBag from /Users/swarnalidatta/Desktop/AutoQueryChatbot/.airflow-venv/lib/python3.12/site-packages/airflow/example_dags/plugins/event_listener.py
[2026-09-05T19:44:52.202+0200] {processor.py:927} WARNING - No viable dags retrieved from /Users/swarnalidatta/Desktop/AutoQueryChatbot/.airflow-venv/lib/python3.12/site-packages/airflow/example_dags/plugins/event_listener.py
[2026-09-05T19:44:52.226+0200] {processor.py:208} INFO - Processing /Users/swarnalidatta/Desktop/AutoQueryChatbot/.airflow-venv/lib/python3.12/site-packages/airflow/example_dags/plugins/event_listener.py took 0.026 seconds
[2026-09-05T19:46:05.898+0200] {processor.py:186} INFO - Started process (PID=35026) to work on /Users/swarnalidatta/Desktop/AutoQueryChatbot/.airflow-venv/lib/python3.12/site-packages/airflow/example_dags/plugins/event_listener.py
[2026-09-05T19:46:05.899+0200] {processor.py:914} INFO - Processing file /Users/swarnalidatta/Desktop/AutoQueryChatbot/.airflow-venv/lib/python3.12/site-packages/airflow/example_dags/plugins/event_listener.py for tasks to queue
[2026-09-05T19:46:05.899+0200] {logging_mixin.py:190} INFO - [2026-09-05T19:46:05.899+0200] {dagbag.py:588} INFO - Filling up the DagBag from /Users/swarnalidatta/Desktop/AutoQueryChatbot/.airflow-venv/lib/python3.12/site-packages/airflow/example_dags/plugins/event_listener.py
[2026-09-05T19:46:05.899+0200] {processor.py:927} WARNING - No viable dags retrieved from /Users/swarnalidatta/Desktop/AutoQueryChatbot/.airflow-venv/lib/python3.12/site-packages/airflow/example_dags/plugins/event_listener.py
[2026-09-05T19:46:05.924+0200] {processor.py:208} INFO - Processing /Users/swarnalidatta/Desktop/AutoQueryChatbot/.airflow-venv/lib/python3.12/site-packages/airflow/example_dags/plugins/event_listener.py took 0.027 seconds
[2026-09-05T19:47:19.399+0200] {processor.py:186} INFO - Started process (PID=35294) to work on /Users/swarnalidatta/Desktop/AutoQueryChatbot/.airflow-venv/lib/python3.12/site-packages/airflow/example_dags/plugins/event_listener.py
[2026-09-05T19:47:19.400+0200] {processor.py:914} INFO - Processing file /Users/swarnalidatta/Desktop/AutoQueryChatbot/.airflow-venv/lib/python3.12/site-packages/airflow/example_dags/plugins/event_listener.py for tasks to queue
[2026-09-05T19:47:19.400+0200] {logging_mixin.py:190} INFO - [2026-09-05T19:47:19.400+0200] {dagbag.py:588} INFO - Filling up the DagBag from /Users/swarnalidatta/Desktop/AutoQueryChatbot/.airflow-venv/lib/python3.12/site-packages/airflow/example_dags/plugins/event_listener.py
[2026-09-05T19:47:19.400+0200] {processor.py:927} WARNING - No viable dags retrieved from /Users/swarnalidatta/Desktop/AutoQueryChatbot/.airflow-venv/lib/python3.12/site-packages/airflow/example_dags/plugins/event_listener.py
[2026-09-05T19:47:19.425+0200] {processor.py:208} INFO - Processing /Users/swarnalidatta/Desktop/AutoQueryChatbot/.airflow-venv/lib/python3.12/site-packages/airflow/example_dags/plugins/event_listener.py took 0.027 seconds
[2026-09-05T19:48:32.628+0200] {processor.py:186} INFO - Started process (PID=35561) to work on /Users/swarnalidatta/Desktop/AutoQueryChatbot/.airflow-venv/lib/python3.12/site-packages/airflow/example_dags/plugins/event_listener.py
[2026-09-05T19:48:32.628+0200] {processor.py:914} INFO - Processing file /Users/swarnalidatta/Desktop/AutoQueryChatbot/.airflow-venv/lib/python3.12/site-packages/airflow/example_dags/plugins/event_listener.py for tasks to queue
[2026-09-05T19:48:32.629+0200] {logging_mixin.py:190} INFO - [2026-09-05T19:48:32.629+0200] {dagbag.py:588} INFO - Filling up the DagBag from /Users/swarnalidatta/Desktop/AutoQueryChatbot/.airflow-venv/lib/python3.12/site-packages/airflow/example_dags/plugins/event_listener.py
[2026-09-05T19:48:32.629+0200] {processor.py:927} WARNING - No viable dags retrieved from /Users/swarnalidatta/Desktop/AutoQueryChatbot/.airflow-venv/lib/python3.12/site-packages/airflow/example_dags/plugins/event_listener.py
[2026-09-05T19:48:32.656+0200] {processor.py:208} INFO - Processing /Users/swarnalidatta/Desktop/AutoQueryChatbot/.airflow-venv/lib/python3.12/site-packages/airflow/example_dags/plugins/event_listener.py took 0.029 seconds
[2026-09-05T19:49:44.948+0200] {processor.py:186} INFO - Started process (PID=35824) to work on /Users/swarnalidatta/Desktop/AutoQueryChatbot/.airflow-venv/lib/python3.12/site-packages/airflow/example_dags/plugins/event_listener.py
[2026-09-05T19:49:44.948+0200] {processor.py:914} INFO - Processing file /Users/swarnalidatta/Desktop/AutoQueryChatbot/.airflow-venv/lib/python3.12/site-packages/airflow/example_dags/plugins/event_listener.py for tasks to queue
[2026-09-05T19:49:44.948+0200] {logging_mixin.py:190} INFO - [2026-09-05T19:49:44.948+0200] {dagbag.py:588} INFO - Filling up the DagBag from /Users/swarnalidatta/Desktop/AutoQueryChatbot/.airflow-venv/lib/python3.12/site-packages/airflow/example_dags/plugins/event_listener.py
[2026-09-05T19:49:44.949+0200] {processor.py:927} WARNING - No viable dags retrieved from /Users/swarnalidatta/Desktop/AutoQueryChatbot/.airflow-venv/lib/python3.12/site-packages/airflow/example_dags/plugins/event_listener.py
[2026-09-05T19:49:44.973+0200] {processor.py:208} INFO - Processing /Users/swarnalidatta/Desktop/AutoQueryChatbot/.airflow-venv/lib/python3.12/site-packages/airflow/example_dags/plugins/event_listener.py took 0.027 seconds
[2026-09-05T19:50:59.454+0200] {processor.py:186} INFO - Started process (PID=36286) to work on /Users/swarnalidatta/Desktop/AutoQueryChatbot/.airflow-venv/lib/python3.12/site-packages/airflow/example_dags/plugins/event_listener.py
[2026-09-05T19:50:59.454+0200] {processor.py:914} INFO - Processing file /Users/swarnalidatta/Desktop/AutoQueryChatbot/.airflow-venv/lib/python3.12/site-packages/airflow/example_dags/plugins/event_listener.py for tasks to queue
[2026-09-05T19:50:59.455+0200] {logging_mixin.py:190} INFO - [2026-09-05T19:50:59.455+0200] {dagbag.py:588} INFO - Filling up the DagBag from /Users/swarnalidatta/Desktop/AutoQueryChatbot/.airflow-venv/lib/python3.12/site-packages/airflow/example_dags/plugins/event_listener.py
[2026-09-05T19:50:59.455+0200] {processor.py:927} WARNING - No viable dags retrieved from /Users/swarnalidatta/Desktop/AutoQueryChatbot/.airflow-venv/lib/python3.12/site-packages/airflow/example_dags/plugins/event_listener.py
[2026-09-05T19:50:59.480+0200] {processor.py:208} INFO - Processing /Users/swarnalidatta/Desktop/AutoQueryChatbot/.airflow-venv/lib/python3.12/site-packages/airflow/example_dags/plugins/event_listener.py took 0.027 seconds
[2026-09-05T19:52:23.829+0200] {processor.py:186} INFO - Started process (PID=36581) to work on /Users/swarnalidatta/Desktop/AutoQueryChatbot/.airflow-venv/lib/python3.12/site-packages/airflow/example_dags/plugins/event_listener.py
[2026-09-05T19:52:23.830+0200] {processor.py:914} INFO - Processing file /Users/swarnalidatta/Desktop/AutoQueryChatbot/.airflow-venv/lib/python3.12/site-packages/airflow/example_dags/plugins/event_listener.py for tasks to queue
[2026-09-05T19:52:23.830+0200] {logging_mixin.py:190} INFO - [2026-09-05T19:52:23.830+0200] {dagbag.py:588} INFO - Filling up the DagBag from /Users/swarnalidatta/Desktop/AutoQueryChatbot/.airflow-venv/lib/python3.12/site-packages/airflow/example_dags/plugins/event_listener.py
[2026-09-05T19:52:23.830+0200] {processor.py:927} WARNING - No viable dags retrieved from /Users/swarnalidatta/Desktop/AutoQueryChatbot/.airflow-venv/lib/python3.12/site-packages/airflow/example_dags/plugins/event_listener.py
[2026-09-05T19:52:23.855+0200] {processor.py:208} INFO - Processing /Users/swarnalidatta/Desktop/AutoQueryChatbot/.airflow-venv/lib/python3.12/site-packages/airflow/example_dags/plugins/event_listener.py took 0.027 seconds
[2026-09-05T19:53:54.108+0200] {processor.py:186} INFO - Started process (PID=36912) to work on /Users/swarnalidatta/Desktop/AutoQueryChatbot/.airflow-venv/lib/python3.12/site-packages/airflow/example_dags/plugins/event_listener.py
[2026-09-05T19:53:54.109+0200] {processor.py:914} INFO - Processing file /Users/swarnalidatta/Desktop/AutoQueryChatbot/.airflow-venv/lib/python3.12/site-packages/airflow/example_dags/plugins/event_listener.py for tasks to queue
[2026-09-05T19:53:54.109+0200] {logging_mixin.py:190} INFO - [2026-09-05T19:53:54.109+0200] {dagbag.py:588} INFO - Filling up the DagBag from /Users/swarnalidatta/Desktop/AutoQueryChatbot/.airflow-venv/lib/python3.12/site-packages/airflow/example_dags/plugins/event_listener.py
[2026-09-05T19:53:54.109+0200] {processor.py:927} WARNING - No viable dags retrieved from /Users/swarnalidatta/Desktop/AutoQueryChatbot/.airflow-venv/lib/python3.12/site-packages/airflow/example_dags/plugins/event_listener.py
[2026-09-05T19:53:54.134+0200] {processor.py:208} INFO - Processing /Users/swarnalidatta/Desktop/AutoQueryChatbot/.airflow-venv/lib/python3.12/site-packages/airflow/example_dags/plugins/event_listener.py took 0.027 seconds
[2026-09-05T19:55:17.840+0200] {processor.py:186} INFO - Started process (PID=37195) to work on /Users/swarnalidatta/Desktop/AutoQueryChatbot/.airflow-venv/lib/python3.12/site-packages/airflow/example_dags/plugins/event_listener.py
[2026-09-05T19:55:17.841+0200] {processor.py:914} INFO - Processing file /Users/swarnalidatta/Desktop/AutoQueryChatbot/.airflow-venv/lib/python3.12/site-packages/airflow/example_dags/plugins/event_listener.py for tasks to queue
[2026-09-05T19:55:17.841+0200] {logging_mixin.py:190} INFO - [2026-09-05T19:55:17.841+0200] {dagbag.py:588} INFO - Filling up the DagBag from /Users/swarnalidatta/Desktop/AutoQueryChatbot/.airflow-venv/lib/python3.12/site-packages/airflow/example_dags/plugins/event_listener.py
[2026-09-05T19:55:17.841+0200] {processor.py:927} WARNING - No viable dags retrieved from /Users/swarnalidatta/Desktop/AutoQueryChatbot/.airflow-venv/lib/python3.12/site-packages/airflow/example_dags/plugins/event_listener.py
[2026-09-05T19:55:17.866+0200] {processor.py:208} INFO - Processing /Users/swarnalidatta/Desktop/AutoQueryChatbot/.airflow-venv/lib/python3.12/site-packages/airflow/example_dags/plugins/event_listener.py took 0.027 seconds
[2026-09-05T19:56:35.903+0200] {processor.py:186} INFO - Started process (PID=37453) to work on /Users/swarnalidatta/Desktop/AutoQueryChatbot/.airflow-venv/lib/python3.12/site-packages/airflow/example_dags/plugins/event_listener.py
[2026-09-05T19:56:35.904+0200] {processor.py:914} INFO - Processing file /Users/swarnalidatta/Desktop/AutoQueryChatbot/.airflow-venv/lib/python3.12/site-packages/airflow/example_dags/plugins/event_listener.py for tasks to queue
[2026-09-05T19:56:35.904+0200] {logging_mixin.py:190} INFO - [2026-09-05T19:56:35.904+0200] {dagbag.py:588} INFO - Filling up the DagBag from /Users/swarnalidatta/Desktop/AutoQueryChatbot/.airflow-venv/lib/python3.12/site-packages/airflow/example_dags/plugins/event_listener.py
[2026-09-05T19:56:35.904+0200] {processor.py:927} WARNING - No viable dags retrieved from /Users/swarnalidatta/Desktop/AutoQueryChatbot/.airflow-venv/lib/python3.12/site-packages/airflow/example_dags/plugins/event_listener.py
[2026-09-05T19:56:35.929+0200] {processor.py:208} INFO - Processing /Users/swarnalidatta/Desktop/AutoQueryChatbot/.airflow-venv/lib/python3.12/site-packages/airflow/example_dags/plugins/event_listener.py took 0.026 seconds
[2026-09-05T19:57:53.423+0200] {processor.py:186} INFO - Started process (PID=37695) to work on /Users/swarnalidatta/Desktop/AutoQueryChatbot/.airflow-venv/lib/python3.12/site-packages/airflow/example_dags/plugins/event_listener.py
[2026-09-05T19:57:53.424+0200] {processor.py:914} INFO - Processing file /Users/swarnalidatta/Desktop/AutoQueryChatbot/.airflow-venv/lib/python3.12/site-packages/airflow/example_dags/plugins/event_listener.py for tasks to queue
[2026-09-05T19:57:53.424+0200] {logging_mixin.py:190} INFO - [2026-09-05T19:57:53.424+0200] {dagbag.py:588} INFO - Filling up the DagBag from /Users/swarnalidatta/Desktop/AutoQueryChatbot/.airflow-venv/lib/python3.12/site-packages/airflow/example_dags/plugins/event_listener.py
[2026-09-05T19:57:53.424+0200] {processor.py:927} WARNING - No viable dags retrieved from /Users/swarnalidatta/Desktop/AutoQueryChatbot/.airflow-venv/lib/python3.12/site-packages/airflow/example_dags/plugins/event_listener.py
[2026-09-05T19:57:53.449+0200] {processor.py:208} INFO - Processing /Users/swarnalidatta/Desktop/AutoQueryChatbot/.airflow-venv/lib/python3.12/site-packages/airflow/example_dags/plugins/event_listener.py took 0.027 seconds
[2026-09-05T19:59:17.829+0200] {processor.py:186} INFO - Started process (PID=37984) to work on /Users/swarnalidatta/Desktop/AutoQueryChatbot/.airflow-venv/lib/python3.12/site-packages/airflow/example_dags/plugins/event_listener.py
[2026-09-05T19:59:17.829+0200] {processor.py:914} INFO - Processing file /Users/swarnalidatta/Desktop/AutoQueryChatbot/.airflow-venv/lib/python3.12/site-packages/airflow/example_dags/plugins/event_listener.py for tasks to queue
[2026-09-05T19:59:17.830+0200] {logging_mixin.py:190} INFO - [2026-09-05T19:59:17.830+0200] {dagbag.py:588} INFO - Filling up the DagBag from /Users/swarnalidatta/Desktop/AutoQueryChatbot/.airflow-venv/lib/python3.12/site-packages/airflow/example_dags/plugins/event_listener.py
[2026-09-05T19:59:17.830+0200] {processor.py:927} WARNING - No viable dags retrieved from /Users/swarnalidatta/Desktop/AutoQueryChatbot/.airflow-venv/lib/python3.12/site-packages/airflow/example_dags/plugins/event_listener.py
[2026-09-05T19:59:17.855+0200] {processor.py:208} INFO - Processing /Users/swarnalidatta/Desktop/AutoQueryChatbot/.airflow-venv/lib/python3.12/site-packages/airflow/example_dags/plugins/event_listener.py took 0.027 seconds
[2026-09-05T20:00:45.231+0200] {processor.py:186} INFO - Started process (PID=38280) to work on /Users/swarnalidatta/Desktop/AutoQueryChatbot/.airflow-venv/lib/python3.12/site-packages/airflow/example_dags/plugins/event_listener.py
[2026-09-05T20:00:45.232+0200] {processor.py:914} INFO - Processing file /Users/swarnalidatta/Desktop/AutoQueryChatbot/.airflow-venv/lib/python3.12/site-packages/airflow/example_dags/plugins/event_listener.py for tasks to queue
[2026-09-05T20:00:45.233+0200] {logging_mixin.py:190} INFO - [2026-09-05T20:00:45.233+0200] {dagbag.py:588} INFO - Filling up the DagBag from /Users/swarnalidatta/Desktop/AutoQueryChatbot/.airflow-venv/lib/python3.12/site-packages/airflow/example_dags/plugins/event_listener.py
[2026-09-05T20:00:45.233+0200] {processor.py:927} WARNING - No viable dags retrieved from /Users/swarnalidatta/Desktop/AutoQueryChatbot/.airflow-venv/lib/python3.12/site-packages/airflow/example_dags/plugins/event_listener.py
[2026-09-05T20:00:45.258+0200] {processor.py:208} INFO - Processing /Users/swarnalidatta/Desktop/AutoQueryChatbot/.airflow-venv/lib/python3.12/site-packages/airflow/example_dags/plugins/event_listener.py took 0.027 seconds
[2026-09-05T20:02:05.008+0200] {processor.py:186} INFO - Started process (PID=38477) to work on /Users/swarnalidatta/Desktop/AutoQueryChatbot/.airflow-venv/lib/python3.12/site-packages/airflow/example_dags/plugins/event_listener.py
[2026-09-05T20:02:05.010+0200] {processor.py:914} INFO - Processing file /Users/swarnalidatta/Desktop/AutoQueryChatbot/.airflow-venv/lib/python3.12/site-packages/airflow/example_dags/plugins/event_listener.py for tasks to queue
[2026-09-05T20:02:05.010+0200] {logging_mixin.py:190} INFO - [2026-09-05T20:02:05.010+0200] {dagbag.py:588} INFO - Filling up the DagBag from /Users/swarnalidatta/Desktop/AutoQueryChatbot/.airflow-venv/lib/python3.12/site-packages/airflow/example_dags/plugins/event_listener.py
[2026-09-05T20:02:05.010+0200] {processor.py:927} WARNING - No viable dags retrieved from /Users/swarnalidatta/Desktop/AutoQueryChatbot/.airflow-venv/lib/python3.12/site-packages/airflow/example_dags/plugins/event_listener.py
[2026-09-05T20:02:05.036+0200] {processor.py:208} INFO - Processing /Users/swarnalidatta/Desktop/AutoQueryChatbot/.airflow-venv/lib/python3.12/site-packages/airflow/example_dags/plugins/event_listener.py took 0.028 seconds
[2026-09-05T20:03:39.213+0200] {processor.py:186} INFO - Started process (PID=38640) to work on /Users/swarnalidatta/Desktop/AutoQueryChatbot/.airflow-venv/lib/python3.12/site-packages/airflow/example_dags/plugins/event_listener.py
[2026-09-05T20:03:39.214+0200] {processor.py:914} INFO - Processing file /Users/swarnalidatta/Desktop/AutoQueryChatbot/.airflow-venv/lib/python3.12/site-packages/airflow/example_dags/plugins/event_listener.py for tasks to queue
[2026-09-05T20:03:39.214+0200] {logging_mixin.py:190} INFO - [2026-09-05T20:03:39.214+0200] {dagbag.py:588} INFO - Filling up the DagBag from /Users/swarnalidatta/Desktop/AutoQueryChatbot/.airflow-venv/lib/python3.12/site-packages/airflow/example_dags/plugins/event_listener.py
[2026-09-05T20:03:39.214+0200] {processor.py:927} WARNING - No viable dags retrieved from /Users/swarnalidatta/Desktop/AutoQueryChatbot/.airflow-venv/lib/python3.12/site-packages/airflow/example_dags/plugins/event_listener.py
[2026-09-05T20:03:39.239+0200] {processor.py:208} INFO - Processing /Users/swarnalidatta/Desktop/AutoQueryChatbot/.airflow-venv/lib/python3.12/site-packages/airflow/example_dags/plugins/event_listener.py took 0.027 seconds
[2026-09-05T20:05:38.438+0200] {processor.py:186} INFO - Started process (PID=38929) to work on /Users/swarnalidatta/Desktop/AutoQueryChatbot/.airflow-venv/lib/python3.12/site-packages/airflow/example_dags/plugins/event_listener.py
[2026-09-05T20:05:38.438+0200] {processor.py:914} INFO - Processing file /Users/swarnalidatta/Desktop/AutoQueryChatbot/.airflow-venv/lib/python3.12/site-packages/airflow/example_dags/plugins/event_listener.py for tasks to queue
[2026-09-05T20:05:38.438+0200] {logging_mixin.py:190} INFO - [2026-09-05T20:05:38.438+0200] {dagbag.py:588} INFO - Filling up the DagBag from /Users/swarnalidatta/Desktop/AutoQueryChatbot/.airflow-venv/lib/python3.12/site-packages/airflow/example_dags/plugins/event_listener.py
[2026-09-05T20:05:38.439+0200] {processor.py:927} WARNING - No viable dags retrieved from /Users/swarnalidatta/Desktop/AutoQueryChatbot/.airflow-venv/lib/python3.12/site-packages/airflow/example_dags/plugins/event_listener.py
[2026-09-05T20:05:38.463+0200] {processor.py:208} INFO - Processing /Users/swarnalidatta/Desktop/AutoQueryChatbot/.airflow-venv/lib/python3.12/site-packages/airflow/example_dags/plugins/event_listener.py took 0.027 seconds
[2026-09-05T20:06:45.166+0200] {processor.py:186} INFO - Started process (PID=39100) to work on /Users/swarnalidatta/Desktop/AutoQueryChatbot/.airflow-venv/lib/python3.12/site-packages/airflow/example_dags/plugins/event_listener.py
[2026-09-05T20:06:45.166+0200] {processor.py:914} INFO - Processing file /Users/swarnalidatta/Desktop/AutoQueryChatbot/.airflow-venv/lib/python3.12/site-packages/airflow/example_dags/plugins/event_listener.py for tasks to queue
[2026-09-05T20:06:45.167+0200] {logging_mixin.py:190} INFO - [2026-09-05T20:06:45.167+0200] {dagbag.py:588} INFO - Filling up the DagBag from /Users/swarnalidatta/Desktop/AutoQueryChatbot/.airflow-venv/lib/python3.12/site-packages/airflow/example_dags/plugins/event_listener.py
[2026-09-05T20:06:45.167+0200] {processor.py:927} WARNING - No viable dags retrieved from /Users/swarnalidatta/Desktop/AutoQueryChatbot/.airflow-venv/lib/python3.12/site-packages/airflow/example_dags/plugins/event_listener.py
[2026-09-05T20:06:45.192+0200] {processor.py:208} INFO - Processing /Users/swarnalidatta/Desktop/AutoQueryChatbot/.airflow-venv/lib/python3.12/site-packages/airflow/example_dags/plugins/event_listener.py took 0.027 seconds
[2026-09-05T20:07:44.632+0200] {processor.py:186} INFO - Started process (PID=39258) to work on /Users/swarnalidatta/Desktop/AutoQueryChatbot/.airflow-venv/lib/python3.12/site-packages/airflow/example_dags/plugins/event_listener.py
[2026-09-05T20:07:44.633+0200] {processor.py:914} INFO - Processing file /Users/swarnalidatta/Desktop/AutoQueryChatbot/.airflow-venv/lib/python3.12/site-packages/airflow/example_dags/plugins/event_listener.py for tasks to queue
[2026-09-05T20:07:44.633+0200] {logging_mixin.py:190} INFO - [2026-09-05T20:07:44.633+0200] {dagbag.py:588} INFO - Filling up the DagBag from /Users/swarnalidatta/Desktop/AutoQueryChatbot/.airflow-venv/lib/python3.12/site-packages/airflow/example_dags/plugins/event_listener.py
[2026-09-05T20:07:44.633+0200] {processor.py:927} WARNING - No viable dags retrieved from /Users/swarnalidatta/Desktop/AutoQueryChatbot/.airflow-venv/lib/python3.12/site-packages/airflow/example_dags/plugins/event_listener.py
[2026-09-05T20:07:44.658+0200] {processor.py:208} INFO - Processing /Users/swarnalidatta/Desktop/AutoQueryChatbot/.airflow-venv/lib/python3.12/site-packages/airflow/example_dags/plugins/event_listener.py took 0.027 seconds
[2026-09-05T20:09:46.028+0200] {processor.py:186} INFO - Started process (PID=39581) to work on /Users/swarnalidatta/Desktop/AutoQueryChatbot/.airflow-venv/lib/python3.12/site-packages/airflow/example_dags/plugins/event_listener.py
[2026-09-05T20:09:46.028+0200] {processor.py:914} INFO - Processing file /Users/swarnalidatta/Desktop/AutoQueryChatbot/.airflow-venv/lib/python3.12/site-packages/airflow/example_dags/plugins/event_listener.py for tasks to queue
[2026-09-05T20:09:46.029+0200] {logging_mixin.py:190} INFO - [2026-09-05T20:09:46.029+0200] {dagbag.py:588} INFO - Filling up the DagBag from /Users/swarnalidatta/Desktop/AutoQueryChatbot/.airflow-venv/lib/python3.12/site-packages/airflow/example_dags/plugins/event_listener.py
[2026-09-05T20:09:46.029+0200] {processor.py:927} WARNING - No viable dags retrieved from /Users/swarnalidatta/Desktop/AutoQueryChatbot/.airflow-venv/lib/python3.12/site-packages/airflow/example_dags/plugins/event_listener.py
[2026-09-05T20:09:46.054+0200] {processor.py:208} INFO - Processing /Users/swarnalidatta/Desktop/AutoQueryChatbot/.airflow-venv/lib/python3.12/site-packages/airflow/example_dags/plugins/event_listener.py took 0.027 seconds
[2026-09-05T20:10:55.158+0200] {processor.py:186} INFO - Started process (PID=40941) to work on /Users/swarnalidatta/Desktop/AutoQueryChatbot/.airflow-venv/lib/python3.12/site-packages/airflow/example_dags/plugins/event_listener.py
[2026-09-05T20:10:55.159+0200] {processor.py:914} INFO - Processing file /Users/swarnalidatta/Desktop/AutoQueryChatbot/.airflow-venv/lib/python3.12/site-packages/airflow/example_dags/plugins/event_listener.py for tasks to queue
[2026-09-05T20:10:55.159+0200] {logging_mixin.py:190} INFO - [2026-09-05T20:10:55.159+0200] {dagbag.py:588} INFO - Filling up the DagBag from /Users/swarnalidatta/Desktop/AutoQueryChatbot/.airflow-venv/lib/python3.12/site-packages/airflow/example_dags/plugins/event_listener.py
[2026-09-05T20:10:55.159+0200] {processor.py:927} WARNING - No viable dags retrieved from /Users/swarnalidatta/Desktop/AutoQueryChatbot/.airflow-venv/lib/python3.12/site-packages/airflow/example_dags/plugins/event_listener.py
[2026-09-05T20:10:55.187+0200] {processor.py:208} INFO - Processing /Users/swarnalidatta/Desktop/AutoQueryChatbot/.airflow-venv/lib/python3.12/site-packages/airflow/example_dags/plugins/event_listener.py took 0.030 seconds
[2026-09-05T20:12:04.472+0200] {processor.py:186} INFO - Started process (PID=41383) to work on /Users/swarnalidatta/Desktop/AutoQueryChatbot/.airflow-venv/lib/python3.12/site-packages/airflow/example_dags/plugins/event_listener.py
[2026-09-05T20:12:04.472+0200] {processor.py:914} INFO - Processing file /Users/swarnalidatta/Desktop/AutoQueryChatbot/.airflow-venv/lib/python3.12/site-packages/airflow/example_dags/plugins/event_listener.py for tasks to queue
[2026-09-05T20:12:04.473+0200] {logging_mixin.py:190} INFO - [2026-09-05T20:12:04.472+0200] {dagbag.py:588} INFO - Filling up the DagBag from /Users/swarnalidatta/Desktop/AutoQueryChatbot/.airflow-venv/lib/python3.12/site-packages/airflow/example_dags/plugins/event_listener.py
[2026-09-05T20:12:04.473+0200] {processor.py:927} WARNING - No viable dags retrieved from /Users/swarnalidatta/Desktop/AutoQueryChatbot/.airflow-venv/lib/python3.12/site-packages/airflow/example_dags/plugins/event_listener.py
[2026-09-05T20:12:04.497+0200] {processor.py:208} INFO - Processing /Users/swarnalidatta/Desktop/AutoQueryChatbot/.airflow-venv/lib/python3.12/site-packages/airflow/example_dags/plugins/event_listener.py took 0.027 seconds
[2026-09-05T20:13:12.416+0200] {processor.py:186} INFO - Started process (PID=43138) to work on /Users/swarnalidatta/Desktop/AutoQueryChatbot/.airflow-venv/lib/python3.12/site-packages/airflow/example_dags/plugins/event_listener.py
[2026-09-05T20:13:12.416+0200] {processor.py:914} INFO - Processing file /Users/swarnalidatta/Desktop/AutoQueryChatbot/.airflow-venv/lib/python3.12/site-packages/airflow/example_dags/plugins/event_listener.py for tasks to queue
[2026-09-05T20:13:12.416+0200] {logging_mixin.py:190} INFO - [2026-09-05T20:13:12.416+0200] {dagbag.py:588} INFO - Filling up the DagBag from /Users/swarnalidatta/Desktop/AutoQueryChatbot/.airflow-venv/lib/python3.12/site-packages/airflow/example_dags/plugins/event_listener.py
[2026-09-05T20:13:12.417+0200] {processor.py:927} WARNING - No viable dags retrieved from /Users/swarnalidatta/Desktop/AutoQueryChatbot/.airflow-venv/lib/python3.12/site-packages/airflow/example_dags/plugins/event_listener.py
[2026-09-05T20:13:12.441+0200] {processor.py:208} INFO - Processing /Users/swarnalidatta/Desktop/AutoQueryChatbot/.airflow-venv/lib/python3.12/site-packages/airflow/example_dags/plugins/event_listener.py took 0.027 seconds
[2026-09-05T20:14:24.210+0200] {processor.py:186} INFO - Started process (PID=43353) to work on /Users/swarnalidatta/Desktop/AutoQueryChatbot/.airflow-venv/lib/python3.12/site-packages/airflow/example_dags/plugins/event_listener.py
[2026-09-05T20:14:24.211+0200] {processor.py:914} INFO - Processing file /Users/swarnalidatta/Desktop/AutoQueryChatbot/.airflow-venv/lib/python3.12/site-packages/airflow/example_dags/plugins/event_listener.py for tasks to queue
[2026-09-05T20:14:24.211+0200] {logging_mixin.py:190} INFO - [2026-09-05T20:14:24.211+0200] {dagbag.py:588} INFO - Filling up the DagBag from /Users/swarnalidatta/Desktop/AutoQueryChatbot/.airflow-venv/lib/python3.12/site-packages/airflow/example_dags/plugins/event_listener.py
[2026-09-05T20:14:24.212+0200] {processor.py:927} WARNING - No viable dags retrieved from /Users/swarnalidatta/Desktop/AutoQueryChatbot/.airflow-venv/lib/python3.12/site-packages/airflow/example_dags/plugins/event_listener.py
[2026-09-05T20:14:24.236+0200] {processor.py:208} INFO - Processing /Users/swarnalidatta/Desktop/AutoQueryChatbot/.airflow-venv/lib/python3.12/site-packages/airflow/example_dags/plugins/event_listener.py took 0.027 seconds
[2026-09-05T20:15:36.085+0200] {processor.py:186} INFO - Started process (PID=43831) to work on /Users/swarnalidatta/Desktop/AutoQueryChatbot/.airflow-venv/lib/python3.12/site-packages/airflow/example_dags/plugins/event_listener.py
[2026-09-05T20:15:36.086+0200] {processor.py:914} INFO - Processing file /Users/swarnalidatta/Desktop/AutoQueryChatbot/.airflow-venv/lib/python3.12/site-packages/airflow/example_dags/plugins/event_listener.py for tasks to queue
[2026-09-05T20:15:36.086+0200] {logging_mixin.py:190} INFO - [2026-09-05T20:15:36.086+0200] {dagbag.py:588} INFO - Filling up the DagBag from /Users/swarnalidatta/Desktop/AutoQueryChatbot/.airflow-venv/lib/python3.12/site-packages/airflow/example_dags/plugins/event_listener.py
[2026-09-05T20:15:36.087+0200] {processor.py:927} WARNING - No viable dags retrieved from /Users/swarnalidatta/Desktop/AutoQueryChatbot/.airflow-venv/lib/python3.12/site-packages/airflow/example_dags/plugins/event_listener.py
[2026-09-05T20:15:36.111+0200] {processor.py:208} INFO - Processing /Users/swarnalidatta/Desktop/AutoQueryChatbot/.airflow-venv/lib/python3.12/site-packages/airflow/example_dags/plugins/event_listener.py took 0.027 seconds
[2026-09-05T20:16:47.004+0200] {processor.py:186} INFO - Started process (PID=44907) to work on /Users/swarnalidatta/Desktop/AutoQueryChatbot/.airflow-venv/lib/python3.12/site-packages/airflow/example_dags/plugins/event_listener.py
[2026-09-05T20:16:47.005+0200] {processor.py:914} INFO - Processing file /Users/swarnalidatta/Desktop/AutoQueryChatbot/.airflow-venv/lib/python3.12/site-packages/airflow/example_dags/plugins/event_listener.py for tasks to queue
[2026-09-05T20:16:47.005+0200] {logging_mixin.py:190} INFO - [2026-09-05T20:16:47.005+0200] {dagbag.py:588} INFO - Filling up the DagBag from /Users/swarnalidatta/Desktop/AutoQueryChatbot/.airflow-venv/lib/python3.12/site-packages/airflow/example_dags/plugins/event_listener.py
[2026-09-05T20:16:47.005+0200] {processor.py:927} WARNING - No viable dags retrieved from /Users/swarnalidatta/Desktop/AutoQueryChatbot/.airflow-venv/lib/python3.12/site-packages/airflow/example_dags/plugins/event_listener.py
[2026-09-05T20:16:47.030+0200] {processor.py:208} INFO - Processing /Users/swarnalidatta/Desktop/AutoQueryChatbot/.airflow-venv/lib/python3.12/site-packages/airflow/example_dags/plugins/event_listener.py took 0.027 seconds
[2026-09-05T20:18:00.071+0200] {processor.py:186} INFO - Started process (PID=45377) to work on /Users/swarnalidatta/Desktop/AutoQueryChatbot/.airflow-venv/lib/python3.12/site-packages/airflow/example_dags/plugins/event_listener.py
[2026-09-05T20:18:00.071+0200] {processor.py:914} INFO - Processing file /Users/swarnalidatta/Desktop/AutoQueryChatbot/.airflow-venv/lib/python3.12/site-packages/airflow/example_dags/plugins/event_listener.py for tasks to queue
[2026-09-05T20:18:00.071+0200] {logging_mixin.py:190} INFO - [2026-09-05T20:18:00.071+0200] {dagbag.py:588} INFO - Filling up the DagBag from /Users/swarnalidatta/Desktop/AutoQueryChatbot/.airflow-venv/lib/python3.12/site-packages/airflow/example_dags/plugins/event_listener.py
[2026-09-05T20:18:00.072+0200] {processor.py:927} WARNING - No viable dags retrieved from /Users/swarnalidatta/Desktop/AutoQueryChatbot/.airflow-venv/lib/python3.12/site-packages/airflow/example_dags/plugins/event_listener.py
[2026-09-05T20:18:00.096+0200] {processor.py:208} INFO - Processing /Users/swarnalidatta/Desktop/AutoQueryChatbot/.airflow-venv/lib/python3.12/site-packages/airflow/example_dags/plugins/event_listener.py took 0.027 seconds
[2026-09-05T20:19:17.960+0200] {processor.py:186} INFO - Started process (PID=45636) to work on /Users/swarnalidatta/Desktop/AutoQueryChatbot/.airflow-venv/lib/python3.12/site-packages/airflow/example_dags/plugins/event_listener.py
[2026-09-05T20:19:17.960+0200] {processor.py:914} INFO - Processing file /Users/swarnalidatta/Desktop/AutoQueryChatbot/.airflow-venv/lib/python3.12/site-packages/airflow/example_dags/plugins/event_listener.py for tasks to queue
[2026-09-05T20:19:17.960+0200] {logging_mixin.py:190} INFO - [2026-09-05T20:19:17.960+0200] {dagbag.py:588} INFO - Filling up the DagBag from /Users/swarnalidatta/Desktop/AutoQueryChatbot/.airflow-venv/lib/python3.12/site-packages/airflow/example_dags/plugins/event_listener.py
[2026-09-05T20:19:17.961+0200] {processor.py:927} WARNING - No viable dags retrieved from /Users/swarnalidatta/Desktop/AutoQueryChatbot/.airflow-venv/lib/python3.12/site-packages/airflow/example_dags/plugins/event_listener.py
[2026-09-05T20:19:17.985+0200] {processor.py:208} INFO - Processing /Users/swarnalidatta/Desktop/AutoQueryChatbot/.airflow-venv/lib/python3.12/site-packages/airflow/example_dags/plugins/event_listener.py took 0.027 seconds
[2026-09-05T20:20:37.161+0200] {processor.py:186} INFO - Started process (PID=45916) to work on /Users/swarnalidatta/Desktop/AutoQueryChatbot/.airflow-venv/lib/python3.12/site-packages/airflow/example_dags/plugins/event_listener.py
[2026-09-05T20:20:37.162+0200] {processor.py:914} INFO - Processing file /Users/swarnalidatta/Desktop/AutoQueryChatbot/.airflow-venv/lib/python3.12/site-packages/airflow/example_dags/plugins/event_listener.py for tasks to queue
[2026-09-05T20:20:37.162+0200] {logging_mixin.py:190} INFO - [2026-09-05T20:20:37.162+0200] {dagbag.py:588} INFO - Filling up the DagBag from /Users/swarnalidatta/Desktop/AutoQueryChatbot/.airflow-venv/lib/python3.12/site-packages/airflow/example_dags/plugins/event_listener.py
[2026-09-05T20:20:37.162+0200] {processor.py:927} WARNING - No viable dags retrieved from /Users/swarnalidatta/Desktop/AutoQueryChatbot/.airflow-venv/lib/python3.12/site-packages/airflow/example_dags/plugins/event_listener.py
[2026-09-05T20:20:37.187+0200] {processor.py:208} INFO - Processing /Users/swarnalidatta/Desktop/AutoQueryChatbot/.airflow-venv/lib/python3.12/site-packages/airflow/example_dags/plugins/event_listener.py took 0.027 seconds
[2026-09-05T20:22:44.669+0200] {processor.py:186} INFO - Started process (PID=46360) to work on /Users/swarnalidatta/Desktop/AutoQueryChatbot/.airflow-venv/lib/python3.12/site-packages/airflow/example_dags/plugins/event_listener.py
[2026-09-05T20:22:44.669+0200] {processor.py:914} INFO - Processing file /Users/swarnalidatta/Desktop/AutoQueryChatbot/.airflow-venv/lib/python3.12/site-packages/airflow/example_dags/plugins/event_listener.py for tasks to queue
[2026-09-05T20:22:44.669+0200] {logging_mixin.py:190} INFO - [2026-09-05T20:22:44.669+0200] {dagbag.py:588} INFO - Filling up the DagBag from /Users/swarnalidatta/Desktop/AutoQueryChatbot/.airflow-venv/lib/python3.12/site-packages/airflow/example_dags/plugins/event_listener.py
[2026-09-05T20:22:44.670+0200] {processor.py:927} WARNING - No viable dags retrieved from /Users/swarnalidatta/Desktop/AutoQueryChatbot/.airflow-venv/lib/python3.12/site-packages/airflow/example_dags/plugins/event_listener.py
[2026-09-05T20:22:44.694+0200] {processor.py:208} INFO - Processing /Users/swarnalidatta/Desktop/AutoQueryChatbot/.airflow-venv/lib/python3.12/site-packages/airflow/example_dags/plugins/event_listener.py took 0.027 seconds
[2026-09-05T20:25:18.996+0200] {processor.py:186} INFO - Started process (PID=46995) to work on /Users/swarnalidatta/Desktop/AutoQueryChatbot/.airflow-venv/lib/python3.12/site-packages/airflow/example_dags/plugins/event_listener.py
[2026-09-05T20:25:18.997+0200] {processor.py:914} INFO - Processing file /Users/swarnalidatta/Desktop/AutoQueryChatbot/.airflow-venv/lib/python3.12/site-packages/airflow/example_dags/plugins/event_listener.py for tasks to queue
[2026-09-05T20:25:18.997+0200] {logging_mixin.py:190} INFO - [2026-09-05T20:25:18.997+0200] {dagbag.py:588} INFO - Filling up the DagBag from /Users/swarnalidatta/Desktop/AutoQueryChatbot/.airflow-venv/lib/python3.12/site-packages/airflow/example_dags/plugins/event_listener.py
[2026-09-05T20:25:18.997+0200] {processor.py:927} WARNING - No viable dags retrieved from /Users/swarnalidatta/Desktop/AutoQueryChatbot/.airflow-venv/lib/python3.12/site-packages/airflow/example_dags/plugins/event_listener.py
[2026-09-05T20:25:19.022+0200] {processor.py:208} INFO - Processing /Users/swarnalidatta/Desktop/AutoQueryChatbot/.airflow-venv/lib/python3.12/site-packages/airflow/example_dags/plugins/event_listener.py took 0.027 seconds
[2026-09-05T20:26:26.029+0200] {processor.py:186} INFO - Started process (PID=47149) to work on /Users/swarnalidatta/Desktop/AutoQueryChatbot/.airflow-venv/lib/python3.12/site-packages/airflow/example_dags/plugins/event_listener.py
[2026-09-05T20:26:26.031+0200] {processor.py:914} INFO - Processing file /Users/swarnalidatta/Desktop/AutoQueryChatbot/.airflow-venv/lib/python3.12/site-packages/airflow/example_dags/plugins/event_listener.py for tasks to queue
[2026-09-05T20:26:26.031+0200] {logging_mixin.py:190} INFO - [2026-09-05T20:26:26.031+0200] {dagbag.py:588} INFO - Filling up the DagBag from /Users/swarnalidatta/Desktop/AutoQueryChatbot/.airflow-venv/lib/python3.12/site-packages/airflow/example_dags/plugins/event_listener.py
[2026-09-05T20:26:26.031+0200] {processor.py:927} WARNING - No viable dags retrieved from /Users/swarnalidatta/Desktop/AutoQueryChatbot/.airflow-venv/lib/python3.12/site-packages/airflow/example_dags/plugins/event_listener.py
[2026-09-05T20:26:26.056+0200] {processor.py:208} INFO - Processing /Users/swarnalidatta/Desktop/AutoQueryChatbot/.airflow-venv/lib/python3.12/site-packages/airflow/example_dags/plugins/event_listener.py took 0.027 seconds
[2026-09-05T20:27:33.280+0200] {processor.py:186} INFO - Started process (PID=47302) to work on /Users/swarnalidatta/Desktop/AutoQueryChatbot/.airflow-venv/lib/python3.12/site-packages/airflow/example_dags/plugins/event_listener.py
[2026-09-05T20:27:33.280+0200] {processor.py:914} INFO - Processing file /Users/swarnalidatta/Desktop/AutoQueryChatbot/.airflow-venv/lib/python3.12/site-packages/airflow/example_dags/plugins/event_listener.py for tasks to queue
[2026-09-05T20:27:33.281+0200] {logging_mixin.py:190} INFO - [2026-09-05T20:27:33.281+0200] {dagbag.py:588} INFO - Filling up the DagBag from /Users/swarnalidatta/Desktop/AutoQueryChatbot/.airflow-venv/lib/python3.12/site-packages/airflow/example_dags/plugins/event_listener.py
[2026-09-05T20:27:33.281+0200] {processor.py:927} WARNING - No viable dags retrieved from /Users/swarnalidatta/Desktop/AutoQueryChatbot/.airflow-venv/lib/python3.12/site-packages/airflow/example_dags/plugins/event_listener.py
[2026-09-05T20:27:33.305+0200] {processor.py:208} INFO - Processing /Users/swarnalidatta/Desktop/AutoQueryChatbot/.airflow-venv/lib/python3.12/site-packages/airflow/example_dags/plugins/event_listener.py took 0.027 seconds
[2026-09-05T20:29:30.599+0200] {processor.py:186} INFO - Started process (PID=47624) to work on /Users/swarnalidatta/Desktop/AutoQueryChatbot/.airflow-venv/lib/python3.12/site-packages/airflow/example_dags/plugins/event_listener.py
[2026-09-05T20:29:30.601+0200] {processor.py:914} INFO - Processing file /Users/swarnalidatta/Desktop/AutoQueryChatbot/.airflow-venv/lib/python3.12/site-packages/airflow/example_dags/plugins/event_listener.py for tasks to queue
[2026-09-05T20:29:30.601+0200] {logging_mixin.py:190} INFO - [2026-09-05T20:29:30.601+0200] {dagbag.py:588} INFO - Filling up the DagBag from /Users/swarnalidatta/Desktop/AutoQueryChatbot/.airflow-venv/lib/python3.12/site-packages/airflow/example_dags/plugins/event_listener.py
[2026-09-05T20:29:30.601+0200] {processor.py:927} WARNING - No viable dags retrieved from /Users/swarnalidatta/Desktop/AutoQueryChatbot/.airflow-venv/lib/python3.12/site-packages/airflow/example_dags/plugins/event_listener.py
[2026-09-05T20:29:30.627+0200] {processor.py:208} INFO - Processing /Users/swarnalidatta/Desktop/AutoQueryChatbot/.airflow-venv/lib/python3.12/site-packages/airflow/example_dags/plugins/event_listener.py took 0.029 seconds
[2026-09-05T20:30:58.700+0200] {processor.py:186} INFO - Started process (PID=47829) to work on /Users/swarnalidatta/Desktop/AutoQueryChatbot/.airflow-venv/lib/python3.12/site-packages/airflow/example_dags/plugins/event_listener.py
[2026-09-05T20:30:58.700+0200] {processor.py:914} INFO - Processing file /Users/swarnalidatta/Desktop/AutoQueryChatbot/.airflow-venv/lib/python3.12/site-packages/airflow/example_dags/plugins/event_listener.py for tasks to queue
[2026-09-05T20:30:58.701+0200] {logging_mixin.py:190} INFO - [2026-09-05T20:30:58.700+0200] {dagbag.py:588} INFO - Filling up the DagBag from /Users/swarnalidatta/Desktop/AutoQueryChatbot/.airflow-venv/lib/python3.12/site-packages/airflow/example_dags/plugins/event_listener.py
[2026-09-05T20:30:58.701+0200] {processor.py:927} WARNING - No viable dags retrieved from /Users/swarnalidatta/Desktop/AutoQueryChatbot/.airflow-venv/lib/python3.12/site-packages/airflow/example_dags/plugins/event_listener.py
[2026-09-05T20:30:58.725+0200] {processor.py:208} INFO - Processing /Users/swarnalidatta/Desktop/AutoQueryChatbot/.airflow-venv/lib/python3.12/site-packages/airflow/example_dags/plugins/event_listener.py took 0.026 seconds
[2026-09-05T20:32:25.431+0200] {processor.py:186} INFO - Started process (PID=48059) to work on /Users/swarnalidatta/Desktop/AutoQueryChatbot/.airflow-venv/lib/python3.12/site-packages/airflow/example_dags/plugins/event_listener.py
[2026-09-05T20:32:25.432+0200] {processor.py:914} INFO - Processing file /Users/swarnalidatta/Desktop/AutoQueryChatbot/.airflow-venv/lib/python3.12/site-packages/airflow/example_dags/plugins/event_listener.py for tasks to queue
[2026-09-05T20:32:25.432+0200] {logging_mixin.py:190} INFO - [2026-09-05T20:32:25.432+0200] {dagbag.py:588} INFO - Filling up the DagBag from /Users/swarnalidatta/Desktop/AutoQueryChatbot/.airflow-venv/lib/python3.12/site-packages/airflow/example_dags/plugins/event_listener.py
[2026-09-05T20:32:25.432+0200] {processor.py:927} WARNING - No viable dags retrieved from /Users/swarnalidatta/Desktop/AutoQueryChatbot/.airflow-venv/lib/python3.12/site-packages/airflow/example_dags/plugins/event_listener.py
[2026-09-05T20:32:25.457+0200] {processor.py:208} INFO - Processing /Users/swarnalidatta/Desktop/AutoQueryChatbot/.airflow-venv/lib/python3.12/site-packages/airflow/example_dags/plugins/event_listener.py took 0.026 seconds
[2026-09-05T20:33:34.688+0200] {processor.py:186} INFO - Started process (PID=48225) to work on /Users/swarnalidatta/Desktop/AutoQueryChatbot/.airflow-venv/lib/python3.12/site-packages/airflow/example_dags/plugins/event_listener.py
[2026-09-05T20:33:34.688+0200] {processor.py:914} INFO - Processing file /Users/swarnalidatta/Desktop/AutoQueryChatbot/.airflow-venv/lib/python3.12/site-packages/airflow/example_dags/plugins/event_listener.py for tasks to queue
[2026-09-05T20:33:34.689+0200] {logging_mixin.py:190} INFO - [2026-09-05T20:33:34.689+0200] {dagbag.py:588} INFO - Filling up the DagBag from /Users/swarnalidatta/Desktop/AutoQueryChatbot/.airflow-venv/lib/python3.12/site-packages/airflow/example_dags/plugins/event_listener.py
[2026-09-05T20:33:34.689+0200] {processor.py:927} WARNING - No viable dags retrieved from /Users/swarnalidatta/Desktop/AutoQueryChatbot/.airflow-venv/lib/python3.12/site-packages/airflow/example_dags/plugins/event_listener.py
[2026-09-05T20:33:34.714+0200] {processor.py:208} INFO - Processing /Users/swarnalidatta/Desktop/AutoQueryChatbot/.airflow-venv/lib/python3.12/site-packages/airflow/example_dags/plugins/event_listener.py took 0.027 seconds
[2026-09-05T20:34:44.534+0200] {processor.py:186} INFO - Started process (PID=48395) to work on /Users/swarnalidatta/Desktop/AutoQueryChatbot/.airflow-venv/lib/python3.12/site-packages/airflow/example_dags/plugins/event_listener.py
[2026-09-05T20:34:44.534+0200] {processor.py:914} INFO - Processing file /Users/swarnalidatta/Desktop/AutoQueryChatbot/.airflow-venv/lib/python3.12/site-packages/airflow/example_dags/plugins/event_listener.py for tasks to queue
[2026-09-05T20:34:44.534+0200] {logging_mixin.py:190} INFO - [2026-09-05T20:34:44.534+0200] {dagbag.py:588} INFO - Filling up the DagBag from /Users/swarnalidatta/Desktop/AutoQueryChatbot/.airflow-venv/lib/python3.12/site-packages/airflow/example_dags/plugins/event_listener.py
[2026-09-05T20:34:44.535+0200] {processor.py:927} WARNING - No viable dags retrieved from /Users/swarnalidatta/Desktop/AutoQueryChatbot/.airflow-venv/lib/python3.12/site-packages/airflow/example_dags/plugins/event_listener.py
[2026-09-05T20:34:44.559+0200] {processor.py:208} INFO - Processing /Users/swarnalidatta/Desktop/AutoQueryChatbot/.airflow-venv/lib/python3.12/site-packages/airflow/example_dags/plugins/event_listener.py took 0.026 seconds
[2026-09-05T21:28:53.538+0200] {processor.py:186} INFO - Started process (PID=48708) to work on /Users/swarnalidatta/Desktop/AutoQueryChatbot/.airflow-venv/lib/python3.12/site-packages/airflow/example_dags/plugins/event_listener.py
[2026-09-05T21:28:53.539+0200] {processor.py:914} INFO - Processing file /Users/swarnalidatta/Desktop/AutoQueryChatbot/.airflow-venv/lib/python3.12/site-packages/airflow/example_dags/plugins/event_listener.py for tasks to queue
[2026-09-05T21:28:53.539+0200] {logging_mixin.py:190} INFO - [2026-09-05T21:28:53.539+0200] {dagbag.py:588} INFO - Filling up the DagBag from /Users/swarnalidatta/Desktop/AutoQueryChatbot/.airflow-venv/lib/python3.12/site-packages/airflow/example_dags/plugins/event_listener.py
[2026-09-05T21:28:53.540+0200] {processor.py:927} WARNING - No viable dags retrieved from /Users/swarnalidatta/Desktop/AutoQueryChatbot/.airflow-venv/lib/python3.12/site-packages/airflow/example_dags/plugins/event_listener.py
[2026-09-05T21:28:53.563+0200] {processor.py:208} INFO - Processing /Users/swarnalidatta/Desktop/AutoQueryChatbot/.airflow-venv/lib/python3.12/site-packages/airflow/example_dags/plugins/event_listener.py took 0.026 seconds
[2026-09-05T21:47:17.128+0200] {processor.py:186} INFO - Started process (PID=49211) to work on /Users/swarnalidatta/Desktop/AutoQueryChatbot/.airflow-venv/lib/python3.12/site-packages/airflow/example_dags/plugins/event_listener.py
[2026-09-05T21:47:17.129+0200] {processor.py:914} INFO - Processing file /Users/swarnalidatta/Desktop/AutoQueryChatbot/.airflow-venv/lib/python3.12/site-packages/airflow/example_dags/plugins/event_listener.py for tasks to queue
[2026-09-05T21:47:17.129+0200] {logging_mixin.py:190} INFO - [2026-09-05T21:47:17.129+0200] {dagbag.py:588} INFO - Filling up the DagBag from /Users/swarnalidatta/Desktop/AutoQueryChatbot/.airflow-venv/lib/python3.12/site-packages/airflow/example_dags/plugins/event_listener.py
[2026-09-05T21:47:17.130+0200] {processor.py:927} WARNING - No viable dags retrieved from /Users/swarnalidatta/Desktop/AutoQueryChatbot/.airflow-venv/lib/python3.12/site-packages/airflow/example_dags/plugins/event_listener.py
[2026-09-05T21:47:17.155+0200] {processor.py:208} INFO - Processing /Users/swarnalidatta/Desktop/AutoQueryChatbot/.airflow-venv/lib/python3.12/site-packages/airflow/example_dags/plugins/event_listener.py took 0.027 seconds
[2026-09-05T21:48:40.954+0200] {processor.py:186} INFO - Started process (PID=49501) to work on /Users/swarnalidatta/Desktop/AutoQueryChatbot/.airflow-venv/lib/python3.12/site-packages/airflow/example_dags/plugins/event_listener.py
[2026-09-05T21:48:40.955+0200] {processor.py:914} INFO - Processing file /Users/swarnalidatta/Desktop/AutoQueryChatbot/.airflow-venv/lib/python3.12/site-packages/airflow/example_dags/plugins/event_listener.py for tasks to queue
[2026-09-05T21:48:40.955+0200] {logging_mixin.py:190} INFO - [2026-09-05T21:48:40.955+0200] {dagbag.py:588} INFO - Filling up the DagBag from /Users/swarnalidatta/Desktop/AutoQueryChatbot/.airflow-venv/lib/python3.12/site-packages/airflow/example_dags/plugins/event_listener.py
[2026-09-05T21:48:40.956+0200] {processor.py:927} WARNING - No viable dags retrieved from /Users/swarnalidatta/Desktop/AutoQueryChatbot/.airflow-venv/lib/python3.12/site-packages/airflow/example_dags/plugins/event_listener.py
[2026-09-05T21:48:40.980+0200] {processor.py:208} INFO - Processing /Users/swarnalidatta/Desktop/AutoQueryChatbot/.airflow-venv/lib/python3.12/site-packages/airflow/example_dags/plugins/event_listener.py took 0.026 seconds
[2026-09-05T21:49:59.431+0200] {processor.py:186} INFO - Started process (PID=49971) to work on /Users/swarnalidatta/Desktop/AutoQueryChatbot/.airflow-venv/lib/python3.12/site-packages/airflow/example_dags/plugins/event_listener.py
[2026-09-05T21:49:59.432+0200] {processor.py:914} INFO - Processing file /Users/swarnalidatta/Desktop/AutoQueryChatbot/.airflow-venv/lib/python3.12/site-packages/airflow/example_dags/plugins/event_listener.py for tasks to queue
[2026-09-05T21:49:59.432+0200] {logging_mixin.py:190} INFO - [2026-09-05T21:49:59.432+0200] {dagbag.py:588} INFO - Filling up the DagBag from /Users/swarnalidatta/Desktop/AutoQueryChatbot/.airflow-venv/lib/python3.12/site-packages/airflow/example_dags/plugins/event_listener.py
[2026-09-05T21:49:59.432+0200] {processor.py:927} WARNING - No viable dags retrieved from /Users/swarnalidatta/Desktop/AutoQueryChatbot/.airflow-venv/lib/python3.12/site-packages/airflow/example_dags/plugins/event_listener.py
[2026-09-05T21:49:59.457+0200] {processor.py:208} INFO - Processing /Users/swarnalidatta/Desktop/AutoQueryChatbot/.airflow-venv/lib/python3.12/site-packages/airflow/example_dags/plugins/event_listener.py took 0.027 seconds
[2026-09-05T21:51:24.635+0200] {processor.py:186} INFO - Started process (PID=50299) to work on /Users/swarnalidatta/Desktop/AutoQueryChatbot/.airflow-venv/lib/python3.12/site-packages/airflow/example_dags/plugins/event_listener.py
[2026-09-05T21:51:24.636+0200] {processor.py:914} INFO - Processing file /Users/swarnalidatta/Desktop/AutoQueryChatbot/.airflow-venv/lib/python3.12/site-packages/airflow/example_dags/plugins/event_listener.py for tasks to queue
[2026-09-05T21:51:24.636+0200] {logging_mixin.py:190} INFO - [2026-09-05T21:51:24.636+0200] {dagbag.py:588} INFO - Filling up the DagBag from /Users/swarnalidatta/Desktop/AutoQueryChatbot/.airflow-venv/lib/python3.12/site-packages/airflow/example_dags/plugins/event_listener.py
[2026-09-05T21:51:24.637+0200] {processor.py:927} WARNING - No viable dags retrieved from /Users/swarnalidatta/Desktop/AutoQueryChatbot/.airflow-venv/lib/python3.12/site-packages/airflow/example_dags/plugins/event_listener.py
[2026-09-05T21:51:24.662+0200] {processor.py:208} INFO - Processing /Users/swarnalidatta/Desktop/AutoQueryChatbot/.airflow-venv/lib/python3.12/site-packages/airflow/example_dags/plugins/event_listener.py took 0.027 seconds
[2026-09-05T21:52:56.803+0200] {processor.py:186} INFO - Started process (PID=50605) to work on /Users/swarnalidatta/Desktop/AutoQueryChatbot/.airflow-venv/lib/python3.12/site-packages/airflow/example_dags/plugins/event_listener.py
[2026-09-05T21:52:56.804+0200] {processor.py:914} INFO - Processing file /Users/swarnalidatta/Desktop/AutoQueryChatbot/.airflow-venv/lib/python3.12/site-packages/airflow/example_dags/plugins/event_listener.py for tasks to queue
[2026-09-05T21:52:56.804+0200] {logging_mixin.py:190} INFO - [2026-09-05T21:52:56.804+0200] {dagbag.py:588} INFO - Filling up the DagBag from /Users/swarnalidatta/Desktop/AutoQueryChatbot/.airflow-venv/lib/python3.12/site-packages/airflow/example_dags/plugins/event_listener.py
[2026-09-05T21:52:56.804+0200] {processor.py:927} WARNING - No viable dags retrieved from /Users/swarnalidatta/Desktop/AutoQueryChatbot/.airflow-venv/lib/python3.12/site-packages/airflow/example_dags/plugins/event_listener.py
[2026-09-05T21:52:56.829+0200] {processor.py:208} INFO - Processing /Users/swarnalidatta/Desktop/AutoQueryChatbot/.airflow-venv/lib/python3.12/site-packages/airflow/example_dags/plugins/event_listener.py took 0.027 seconds
[2026-09-05T21:54:32.181+0200] {processor.py:186} INFO - Started process (PID=50920) to work on /Users/swarnalidatta/Desktop/AutoQueryChatbot/.airflow-venv/lib/python3.12/site-packages/airflow/example_dags/plugins/event_listener.py
[2026-09-05T21:54:32.181+0200] {processor.py:914} INFO - Processing file /Users/swarnalidatta/Desktop/AutoQueryChatbot/.airflow-venv/lib/python3.12/site-packages/airflow/example_dags/plugins/event_listener.py for tasks to queue
[2026-09-05T21:54:32.182+0200] {logging_mixin.py:190} INFO - [2026-09-05T21:54:32.182+0200] {dagbag.py:588} INFO - Filling up the DagBag from /Users/swarnalidatta/Desktop/AutoQueryChatbot/.airflow-venv/lib/python3.12/site-packages/airflow/example_dags/plugins/event_listener.py
[2026-09-05T21:54:32.182+0200] {processor.py:927} WARNING - No viable dags retrieved from /Users/swarnalidatta/Desktop/AutoQueryChatbot/.airflow-venv/lib/python3.12/site-packages/airflow/example_dags/plugins/event_listener.py
[2026-09-05T21:54:32.206+0200] {processor.py:208} INFO - Processing /Users/swarnalidatta/Desktop/AutoQueryChatbot/.airflow-venv/lib/python3.12/site-packages/airflow/example_dags/plugins/event_listener.py took 0.026 seconds
[2026-09-05T21:56:05.107+0200] {processor.py:186} INFO - Started process (PID=51232) to work on /Users/swarnalidatta/Desktop/AutoQueryChatbot/.airflow-venv/lib/python3.12/site-packages/airflow/example_dags/plugins/event_listener.py
[2026-09-05T21:56:05.107+0200] {processor.py:914} INFO - Processing file /Users/swarnalidatta/Desktop/AutoQueryChatbot/.airflow-venv/lib/python3.12/site-packages/airflow/example_dags/plugins/event_listener.py for tasks to queue
[2026-09-05T21:56:05.107+0200] {logging_mixin.py:190} INFO - [2026-09-05T21:56:05.107+0200] {dagbag.py:588} INFO - Filling up the DagBag from /Users/swarnalidatta/Desktop/AutoQueryChatbot/.airflow-venv/lib/python3.12/site-packages/airflow/example_dags/plugins/event_listener.py
[2026-09-05T21:56:05.108+0200] {processor.py:927} WARNING - No viable dags retrieved from /Users/swarnalidatta/Desktop/AutoQueryChatbot/.airflow-venv/lib/python3.12/site-packages/airflow/example_dags/plugins/event_listener.py
[2026-09-05T21:56:05.132+0200] {processor.py:208} INFO - Processing /Users/swarnalidatta/Desktop/AutoQueryChatbot/.airflow-venv/lib/python3.12/site-packages/airflow/example_dags/plugins/event_listener.py took 0.027 seconds
[2026-09-05T21:57:31.818+0200] {processor.py:186} INFO - Started process (PID=51519) to work on /Users/swarnalidatta/Desktop/AutoQueryChatbot/.airflow-venv/lib/python3.12/site-packages/airflow/example_dags/plugins/event_listener.py
[2026-09-05T21:57:31.819+0200] {processor.py:914} INFO - Processing file /Users/swarnalidatta/Desktop/AutoQueryChatbot/.airflow-venv/lib/python3.12/site-packages/airflow/example_dags/plugins/event_listener.py for tasks to queue
[2026-09-05T21:57:31.819+0200] {logging_mixin.py:190} INFO - [2026-09-05T21:57:31.819+0200] {dagbag.py:588} INFO - Filling up the DagBag from /Users/swarnalidatta/Desktop/AutoQueryChatbot/.airflow-venv/lib/python3.12/site-packages/airflow/example_dags/plugins/event_listener.py
[2026-09-05T21:57:31.820+0200] {processor.py:927} WARNING - No viable dags retrieved from /Users/swarnalidatta/Desktop/AutoQueryChatbot/.airflow-venv/lib/python3.12/site-packages/airflow/example_dags/plugins/event_listener.py
[2026-09-05T21:57:31.844+0200] {processor.py:208} INFO - Processing /Users/swarnalidatta/Desktop/AutoQueryChatbot/.airflow-venv/lib/python3.12/site-packages/airflow/example_dags/plugins/event_listener.py took 0.027 seconds
