[2026-09-22T02:59:25.662+0200] {processor.py:186} INFO - Started process (PID=10734) to work on /Users/swarnalidatta/Desktop/AutoQueryChatbot/.airflow-venv/lib/python3.12/site-packages/airflow/example_dags/example_complex.py
[2026-09-22T02:59:25.662+0200] {processor.py:914} INFO - Processing file /Users/swarnalidatta/Desktop/AutoQueryChatbot/.airflow-venv/lib/python3.12/site-packages/airflow/example_dags/example_complex.py for tasks to queue
[2026-09-22T02:59:25.662+0200] {logging_mixin.py:190} INFO - [2026-09-22T02:59:25.662+0200] {dagbag.py:588} INFO - Filling up the DagBag from /Users/swarnalidatta/Desktop/AutoQueryChatbot/.airflow-venv/lib/python3.12/site-packages/airflow/example_dags/example_complex.py
[2026-09-22T02:59:25.666+0200] {processor.py:925} INFO - DAG(s) 'example_complex' retrieved from /Users/swarnalidatta/Desktop/AutoQueryChatbot/.airflow-venv/lib/python3.12/site-packages/airflow/example_dags/example_complex.py
[2026-09-22T02:59:25.695+0200] {logging_mixin.py:190} INFO - [2026-09-22T02:59:25.695+0200] {dag.py:3239} INFO - Sync 1 DAGs
[2026-09-22T02:59:25.698+0200] {logging_mixin.py:190} INFO - [2026-09-22T02:59:25.698+0200] {dag.py:4180} INFO - Setting next_dagrun for example_complex to None, run_after=None
[2026-09-22T02:59:25.703+0200] {processor.py:208} INFO - Processing /Users/swarnalidatta/Desktop/AutoQueryChatbot/.airflow-venv/lib/python3.12/site-packages/airflow/example_dags/example_complex.py took 0.043 seconds
[2026-09-22T07:04:18.958+0200] {processor.py:186} INFO - Started process (PID=11434) to work on /Users/swarnalidatta/Desktop/AutoQueryChatbot/.airflow-venv/lib/python3.12/site-packages/airflow/example_dags/example_complex.py
[2026-09-22T07:04:18.959+0200] {processor.py:914} INFO - Processing file /Users/swarnalidatta/Desktop/AutoQueryChatbot/.airflow-venv/lib/python3.12/site-packages/airflow/example_dags/example_complex.py for tasks to queue
[2026-09-22T07:04:18.959+0200] {logging_mixin.py:190} INFO - [2026-09-22T07:04:18.959+0200] {dagbag.py:588} INFO - Filling up the DagBag from /Users/swarnalidatta/Desktop/AutoQueryChatbot/.airflow-venv/lib/python3.12/site-packages/airflow/example_dags/example_complex.py
[2026-09-22T07:04:18.963+0200] {processor.py:925} INFO - DAG(s) 'example_complex' retrieved from /Users/swarnalidatta/Desktop/AutoQueryChatbot/.airflow-venv/lib/python3.12/site-packages/airflow/example_dags/example_complex.py
[2026-09-22T07:04:18.992+0200] {logging_mixin.py:190} INFO - [2026-09-22T07:04:18.992+0200] {dag.py:3239} INFO - Sync 1 DAGs
[2026-09-22T07:04:18.995+0200] {logging_mixin.py:190} INFO - [2026-09-22T07:04:18.995+0200] {dag.py:4180} INFO - Setting next_dagrun for example_complex to None, run_after=None
[2026-09-22T07:04:19.001+0200] {processor.py:208} INFO - Processing /Users/swarnalidatta/Desktop/AutoQueryChatbot/.airflow-venv/lib/python3.12/site-packages/airflow/example_dags/example_complex.py took 0.043 seconds
[2026-09-22T10:04:02.845+0200] {processor.py:186} INFO - Started process (PID=11712) to work on /Users/swarnalidatta/Desktop/AutoQueryChatbot/.airflow-venv/lib/python3.12/site-packages/airflow/example_dags/example_complex.py
[2026-09-22T10:04:02.846+0200] {processor.py:914} INFO - Processing file /Users/swarnalidatta/Desktop/AutoQueryChatbot/.airflow-venv/lib/python3.12/site-packages/airflow/example_dags/example_complex.py for tasks to queue
[2026-09-22T10:04:02.846+0200] {logging_mixin.py:190} INFO - [2026-09-22T10:04:02.846+0200] {dagbag.py:588} INFO - Filling up the DagBag from /Users/swarnalidatta/Desktop/AutoQueryChatbot/.airflow-venv/lib/python3.12/site-packages/airflow/example_dags/example_complex.py
[2026-09-22T10:04:02.850+0200] {processor.py:925} INFO - DAG(s) 'example_complex' retrieved from /Users/swarnalidatta/Desktop/AutoQueryChatbot/.airflow-venv/lib/python3.12/site-packages/airflow/example_dags/example_complex.py
[2026-09-22T10:04:02.879+0200] {logging_mixin.py:190} INFO - [2026-09-22T10:04:02.879+0200] {dag.py:3239} INFO - Sync 1 DAGs
[2026-09-22T10:04:02.882+0200] {logging_mixin.py:190} INFO - [2026-09-22T10:04:02.882+0200] {dag.py:4180} INFO - Setting next_dagrun for example_complex to None, run_after=None
[2026-09-22T10:04:02.887+0200] {processor.py:208} INFO - Processing /Users/swarnalidatta/Desktop/AutoQueryChatbot/.airflow-venv/lib/python3.12/site-packages/airflow/example_dags/example_complex.py took 0.043 seconds
[2026-09-22T11:18:15.287+0200] {processor.py:186} INFO - Started process (PID=11956) to work on /Users/swarnalidatta/Desktop/AutoQueryChatbot/.airflow-venv/lib/python3.12/site-packages/airflow/example_dags/example_complex.py
[2026-09-22T11:18:15.287+0200] {processor.py:914} INFO - Processing file /Users/swarnalidatta/Desktop/AutoQueryChatbot/.airflow-venv/lib/python3.12/site-packages/airflow/example_dags/example_complex.py for tasks to queue
[2026-09-22T11:18:15.288+0200] {logging_mixin.py:190} INFO - [2026-09-22T11:18:15.288+0200] {dagbag.py:588} INFO - Filling up the DagBag from /Users/swarnalidatta/Desktop/AutoQueryChatbot/.airflow-venv/lib/python3.12/site-packages/airflow/example_dags/example_complex.py
[2026-09-22T11:18:15.291+0200] {processor.py:925} INFO - DAG(s) 'example_complex' retrieved from /Users/swarnalidatta/Desktop/AutoQueryChatbot/.airflow-venv/lib/python3.12/site-packages/airflow/example_dags/example_complex.py
[2026-09-22T11:18:15.321+0200] {logging_mixin.py:190} INFO - [2026-09-22T11:18:15.321+0200] {dag.py:3239} INFO - Sync 1 DAGs
[2026-09-22T11:18:15.324+0200] {logging_mixin.py:190} INFO - [2026-09-22T11:18:15.324+0200] {dag.py:4180} INFO - Setting next_dagrun for example_complex to None, run_after=None
[2026-09-22T11:18:15.329+0200] {processor.py:208} INFO - Processing /Users/swarnalidatta/Desktop/AutoQueryChatbot/.airflow-venv/lib/python3.12/site-packages/airflow/example_dags/example_complex.py took 0.043 seconds
[2026-09-22T11:20:15.209+0200] {processor.py:186} INFO - Started process (PID=12233) to work on /Users/swarnalidatta/Desktop/AutoQueryChatbot/.airflow-venv/lib/python3.12/site-packages/airflow/example_dags/example_complex.py
[2026-09-22T11:20:15.209+0200] {processor.py:914} INFO - Processing file /Users/swarnalidatta/Desktop/AutoQueryChatbot/.airflow-venv/lib/python3.12/site-packages/airflow/example_dags/example_complex.py for tasks to queue
[2026-09-22T11:20:15.209+0200] {logging_mixin.py:190} INFO - [2026-09-22T11:20:15.209+0200] {dagbag.py:588} INFO - Filling up the DagBag from /Users/swarnalidatta/Desktop/AutoQueryChatbot/.airflow-venv/lib/python3.12/site-packages/airflow/example_dags/example_complex.py
[2026-09-22T11:20:15.213+0200] {processor.py:925} INFO - DAG(s) 'example_complex' retrieved from /Users/swarnalidatta/Desktop/AutoQueryChatbot/.airflow-venv/lib/python3.12/site-packages/airflow/example_dags/example_complex.py
[2026-09-22T11:20:15.242+0200] {logging_mixin.py:190} INFO - [2026-09-22T11:20:15.242+0200] {dag.py:3239} INFO - Sync 1 DAGs
[2026-09-22T11:20:15.245+0200] {logging_mixin.py:190} INFO - [2026-09-22T11:20:15.245+0200] {dag.py:4180} INFO - Setting next_dagrun for example_complex to None, run_after=None
[2026-09-22T11:20:15.250+0200] {processor.py:208} INFO - Processing /Users/swarnalidatta/Desktop/AutoQueryChatbot/.airflow-venv/lib/python3.12/site-packages/airflow/example_dags/example_complex.py took 0.042 seconds
[2026-09-22T12:36:13.126+0200] {processor.py:186} INFO - Started process (PID=12555) to work on /Users/swarnalidatta/Desktop/AutoQueryChatbot/.airflow-venv/lib/python3.12/site-packages/airflow/example_dags/example_complex.py
[2026-09-22T12:36:13.126+0200] {processor.py:914} INFO - Processing file /Users/swarnalidatta/Desktop/AutoQueryChatbot/.airflow-venv/lib/python3.12/site-packages/airflow/example_dags/example_complex.py for tasks to queue
[2026-09-22T12:36:13.127+0200] {logging_mixin.py:190} INFO - [2026-09-22T12:36:13.127+0200] {dagbag.py:588} INFO - Filling up the DagBag from /Users/swarnalidatta/Desktop/AutoQueryChatbot/.airflow-venv/lib/python3.12/site-packages/airflow/example_dags/example_complex.py
[2026-09-22T12:36:13.130+0200] {processor.py:925} INFO - DAG(s) 'example_complex' retrieved from /Users/swarnalidatta/Desktop/AutoQueryChatbot/.airflow-venv/lib/python3.12/site-packages/airflow/example_dags/example_complex.py
[2026-09-22T12:36:13.159+0200] {logging_mixin.py:190} INFO - [2026-09-22T12:36:13.159+0200] {dag.py:3239} INFO - Sync 1 DAGs
[2026-09-22T12:36:13.162+0200] {logging_mixin.py:190} INFO - [2026-09-22T12:36:13.162+0200] {dag.py:4180} INFO - Setting next_dagrun for example_complex to None, run_after=None
[2026-09-22T12:36:13.167+0200] {processor.py:208} INFO - Processing /Users/swarnalidatta/Desktop/AutoQueryChatbot/.airflow-venv/lib/python3.12/site-packages/airflow/example_dags/example_complex.py took 0.042 seconds
[2026-09-22T12:38:25.544+0200] {processor.py:186} INFO - Started process (PID=13253) to work on /Users/swarnalidatta/Desktop/AutoQueryChatbot/.airflow-venv/lib/python3.12/site-packages/airflow/example_dags/example_complex.py
[2026-09-22T12:38:25.544+0200] {processor.py:914} INFO - Processing file /Users/swarnalidatta/Desktop/AutoQueryChatbot/.airflow-venv/lib/python3.12/site-packages/airflow/example_dags/example_complex.py for tasks to queue
[2026-09-22T12:38:25.545+0200] {logging_mixin.py:190} INFO - [2026-09-22T12:38:25.545+0200] {dagbag.py:588} INFO - Filling up the DagBag from /Users/swarnalidatta/Desktop/AutoQueryChatbot/.airflow-venv/lib/python3.12/site-packages/airflow/example_dags/example_complex.py
[2026-09-22T12:38:25.548+0200] {processor.py:925} INFO - DAG(s) 'example_complex' retrieved from /Users/swarnalidatta/Desktop/AutoQueryChatbot/.airflow-venv/lib/python3.12/site-packages/airflow/example_dags/example_complex.py
[2026-09-22T12:38:25.578+0200] {logging_mixin.py:190} INFO - [2026-09-22T12:38:25.578+0200] {dag.py:3239} INFO - Sync 1 DAGs
[2026-09-22T12:38:25.581+0200] {logging_mixin.py:190} INFO - [2026-09-22T12:38:25.581+0200] {dag.py:4180} INFO - Setting next_dagrun for example_complex to None, run_after=None
[2026-09-22T12:38:25.587+0200] {processor.py:208} INFO - Processing /Users/swarnalidatta/Desktop/AutoQueryChatbot/.airflow-venv/lib/python3.12/site-packages/airflow/example_dags/example_complex.py took 0.044 seconds
[2026-09-22T12:40:32.302+0200] {processor.py:186} INFO - Started process (PID=13557) to work on /Users/swarnalidatta/Desktop/AutoQueryChatbot/.airflow-venv/lib/python3.12/site-packages/airflow/example_dags/example_complex.py
[2026-09-22T12:40:32.304+0200] {processor.py:914} INFO - Processing file /Users/swarnalidatta/Desktop/AutoQueryChatbot/.airflow-venv/lib/python3.12/site-packages/airflow/example_dags/example_complex.py for tasks to queue
[2026-09-22T12:40:32.304+0200] {logging_mixin.py:190} INFO - [2026-09-22T12:40:32.304+0200] {dagbag.py:588} INFO - Filling up the DagBag from /Users/swarnalidatta/Desktop/AutoQueryChatbot/.airflow-venv/lib/python3.12/site-packages/airflow/example_dags/example_complex.py
[2026-09-22T12:40:32.308+0200] {processor.py:925} INFO - DAG(s) 'example_complex' retrieved from /Users/swarnalidatta/Desktop/AutoQueryChatbot/.airflow-venv/lib/python3.12/site-packages/airflow/example_dags/example_complex.py
[2026-09-22T12:40:32.338+0200] {logging_mixin.py:190} INFO - [2026-09-22T12:40:32.338+0200] {dag.py:3239} INFO - Sync 1 DAGs
[2026-09-22T12:40:32.341+0200] {logging_mixin.py:190} INFO - [2026-09-22T12:40:32.341+0200] {dag.py:4180} INFO - Setting next_dagrun for example_complex to None, run_after=None
[2026-09-22T12:40:32.346+0200] {processor.py:208} INFO - Processing /Users/swarnalidatta/Desktop/AutoQueryChatbot/.airflow-venv/lib/python3.12/site-packages/airflow/example_dags/example_complex.py took 0.045 seconds
[2026-09-22T12:42:46.585+0200] {processor.py:186} INFO - Started process (PID=14262) to work on /Users/swarnalidatta/Desktop/AutoQueryChatbot/.airflow-venv/lib/python3.12/site-packages/airflow/example_dags/example_complex.py
[2026-09-22T12:42:46.586+0200] {processor.py:914} INFO - Processing file /Users/swarnalidatta/Desktop/AutoQueryChatbot/.airflow-venv/lib/python3.12/site-packages/airflow/example_dags/example_complex.py for tasks to queue
[2026-09-22T12:42:46.586+0200] {logging_mixin.py:190} INFO - [2026-09-22T12:42:46.586+0200] {dagbag.py:588} INFO - Filling up the DagBag from /Users/swarnalidatta/Desktop/AutoQueryChatbot/.airflow-venv/lib/python3.12/site-packages/airflow/example_dags/example_complex.py
[2026-09-22T12:42:46.590+0200] {processor.py:925} INFO - DAG(s) 'example_complex' retrieved from /Users/swarnalidatta/Desktop/AutoQueryChatbot/.airflow-venv/lib/python3.12/site-packages/airflow/example_dags/example_complex.py
[2026-09-22T12:42:46.621+0200] {logging_mixin.py:190} INFO - [2026-09-22T12:42:46.621+0200] {dag.py:3239} INFO - Sync 1 DAGs
[2026-09-22T12:42:46.624+0200] {logging_mixin.py:190} INFO - [2026-09-22T12:42:46.624+0200] {dag.py:4180} INFO - Setting next_dagrun for example_complex to None, run_after=None
[2026-09-22T12:42:46.629+0200] {processor.py:208} INFO - Processing /Users/swarnalidatta/Desktop/AutoQueryChatbot/.airflow-venv/lib/python3.12/site-packages/airflow/example_dags/example_complex.py took 0.045 seconds
[2026-09-22T12:45:01.243+0200] {processor.py:186} INFO - Started process (PID=14575) to work on /Users/swarnalidatta/Desktop/AutoQueryChatbot/.airflow-venv/lib/python3.12/site-packages/airflow/example_dags/example_complex.py
[2026-09-22T12:45:01.244+0200] {processor.py:914} INFO - Processing file /Users/swarnalidatta/Desktop/AutoQueryChatbot/.airflow-venv/lib/python3.12/site-packages/airflow/example_dags/example_complex.py for tasks to queue
[2026-09-22T12:45:01.244+0200] {logging_mixin.py:190} INFO - [2026-09-22T12:45:01.244+0200] {dagbag.py:588} INFO - Filling up the DagBag from /Users/swarnalidatta/Desktop/AutoQueryChatbot/.airflow-venv/lib/python3.12/site-packages/airflow/example_dags/example_complex.py
[2026-09-22T12:45:01.248+0200] {processor.py:925} INFO - DAG(s) 'example_complex' retrieved from /Users/swarnalidatta/Desktop/AutoQueryChatbot/.airflow-venv/lib/python3.12/site-packages/airflow/example_dags/example_complex.py
[2026-09-22T12:45:01.279+0200] {logging_mixin.py:190} INFO - [2026-09-22T12:45:01.279+0200] {dag.py:3239} INFO - Sync 1 DAGs
[2026-09-22T12:45:01.282+0200] {logging_mixin.py:190} INFO - [2026-09-22T12:45:01.282+0200] {dag.py:4180} INFO - Setting next_dagrun for example_complex to None, run_after=None
[2026-09-22T12:45:01.288+0200] {processor.py:208} INFO - Processing /Users/swarnalidatta/Desktop/AutoQueryChatbot/.airflow-venv/lib/python3.12/site-packages/airflow/example_dags/example_complex.py took 0.046 seconds
[2026-09-22T12:47:12.997+0200] {processor.py:186} INFO - Started process (PID=14864) to work on /Users/swarnalidatta/Desktop/AutoQueryChatbot/.airflow-venv/lib/python3.12/site-packages/airflow/example_dags/example_complex.py
[2026-09-22T12:47:12.998+0200] {processor.py:914} INFO - Processing file /Users/swarnalidatta/Desktop/AutoQueryChatbot/.airflow-venv/lib/python3.12/site-packages/airflow/example_dags/example_complex.py for tasks to queue
[2026-09-22T12:47:12.998+0200] {logging_mixin.py:190} INFO - [2026-09-22T12:47:12.998+0200] {dagbag.py:588} INFO - Filling up the DagBag from /Users/swarnalidatta/Desktop/AutoQueryChatbot/.airflow-venv/lib/python3.12/site-packages/airflow/example_dags/example_complex.py
[2026-09-22T12:47:13.002+0200] {processor.py:925} INFO - DAG(s) 'example_complex' retrieved from /Users/swarnalidatta/Desktop/AutoQueryChatbot/.airflow-venv/lib/python3.12/site-packages/airflow/example_dags/example_complex.py
[2026-09-22T12:47:13.032+0200] {logging_mixin.py:190} INFO - [2026-09-22T12:47:13.032+0200] {dag.py:3239} INFO - Sync 1 DAGs
[2026-09-22T12:47:13.034+0200] {logging_mixin.py:190} INFO - [2026-09-22T12:47:13.034+0200] {dag.py:4180} INFO - Setting next_dagrun for example_complex to None, run_after=None
[2026-09-22T12:47:13.040+0200] {processor.py:208} INFO - Processing /Users/swarnalidatta/Desktop/AutoQueryChatbot/.airflow-venv/lib/python3.12/site-packages/airflow/example_dags/example_complex.py took 0.043 seconds
[2026-09-22T12:49:22.553+0200] {processor.py:186} INFO - Started process (PID=15172) to work on /Users/swarnalidatta/Desktop/AutoQueryChatbot/.airflow-venv/lib/python3.12/site-packages/airflow/example_dags/example_complex.py
[2026-09-22T12:49:22.553+0200] {processor.py:914} INFO - Processing file /Users/swarnalidatta/Desktop/AutoQueryChatbot/.airflow-venv/lib/python3.12/site-packages/airflow/example_dags/example_complex.py for tasks to queue
[2026-09-22T12:49:22.553+0200] {logging_mixin.py:190} INFO - [2026-09-22T12:49:22.553+0200] {dagbag.py:588} INFO - Filling up the DagBag from /Users/swarnalidatta/Desktop/AutoQueryChatbot/.airflow-venv/lib/python3.12/site-packages/airflow/example_dags/example_complex.py
[2026-09-22T12:49:22.557+0200] {processor.py:925} INFO - DAG(s) 'example_complex' retrieved from /Users/swarnalidatta/Desktop/AutoQueryChatbot/.airflow-venv/lib/python3.12/site-packages/airflow/example_dags/example_complex.py
[2026-09-22T12:49:22.587+0200] {logging_mixin.py:190} INFO - [2026-09-22T12:49:22.587+0200] {dag.py:3239} INFO - Sync 1 DAGs
[2026-09-22T12:49:22.590+0200] {logging_mixin.py:190} INFO - [2026-09-22T12:49:22.590+0200] {dag.py:4180} INFO - Setting next_dagrun for example_complex to None, run_after=None
[2026-09-22T12:49:22.595+0200] {processor.py:208} INFO - Processing /Users/swarnalidatta/Desktop/AutoQueryChatbot/.airflow-venv/lib/python3.12/site-packages/airflow/example_dags/example_complex.py took 0.043 seconds
[2026-09-22T12:51:29.606+0200] {processor.py:186} INFO - Started process (PID=15485) to work on /Users/swarnalidatta/Desktop/AutoQueryChatbot/.airflow-venv/lib/python3.12/site-packages/airflow/example_dags/example_complex.py
[2026-09-22T12:51:29.607+0200] {processor.py:914} INFO - Processing file /Users/swarnalidatta/Desktop/AutoQueryChatbot/.airflow-venv/lib/python3.12/site-packages/airflow/example_dags/example_complex.py for tasks to queue
[2026-09-22T12:51:29.607+0200] {logging_mixin.py:190} INFO - [2026-09-22T12:51:29.607+0200] {dagbag.py:588} INFO - Filling up the DagBag from /Users/swarnalidatta/Desktop/AutoQueryChatbot/.airflow-venv/lib/python3.12/site-packages/airflow/example_dags/example_complex.py
[2026-09-22T12:51:29.611+0200] {processor.py:925} INFO - DAG(s) 'example_complex' retrieved from /Users/swarnalidatta/Desktop/AutoQueryChatbot/.airflow-venv/lib/python3.12/site-packages/airflow/example_dags/example_complex.py
[2026-09-22T12:51:29.643+0200] {logging_mixin.py:190} INFO - [2026-09-22T12:51:29.643+0200] {dag.py:3239} INFO - Sync 1 DAGs
[2026-09-22T12:51:29.647+0200] {logging_mixin.py:190} INFO - [2026-09-22T12:51:29.647+0200] {dag.py:4180} INFO - Setting next_dagrun for example_complex to None, run_after=None
[2026-09-22T12:51:29.652+0200] {processor.py:208} INFO - Processing /Users/swarnalidatta/Desktop/AutoQueryChatbot/.airflow-venv/lib/python3.12/site-packages/airflow/example_dags/example_complex.py took 0.047 seconds
[2026-09-22T12:53:42.589+0200] {processor.py:186} INFO - Started process (PID=15820) to work on /Users/swarnalidatta/Desktop/AutoQueryChatbot/.airflow-venv/lib/python3.12/site-packages/airflow/example_dags/example_complex.py
[2026-09-22T12:53:42.589+0200] {processor.py:914} INFO - Processing file /Users/swarnalidatta/Desktop/AutoQueryChatbot/.airflow-venv/lib/python3.12/site-packages/airflow/example_dags/example_complex.py for tasks to queue
[2026-09-22T12:53:42.589+0200] {logging_mixin.py:190} INFO - [2026-09-22T12:53:42.589+0200] {dagbag.py:588} INFO - Filling up the DagBag from /Users/swarnalidatta/Desktop/AutoQueryChatbot/.airflow-venv/lib/python3.12/site-packages/airflow/example_dags/example_complex.py
[2026-09-22T12:53:42.593+0200] {processor.py:925} INFO - DAG(s) 'example_complex' retrieved from /Users/swarnalidatta/Desktop/AutoQueryChatbot/.airflow-venv/lib/python3.12/site-packages/airflow/example_dags/example_complex.py
[2026-09-22T12:53:42.624+0200] {logging_mixin.py:190} INFO - [2026-09-22T12:53:42.624+0200] {dag.py:3239} INFO - Sync 1 DAGs
[2026-09-22T12:53:42.627+0200] {logging_mixin.py:190} INFO - [2026-09-22T12:53:42.627+0200] {dag.py:4180} INFO - Setting next_dagrun for example_complex to None, run_after=None
[2026-09-22T12:53:42.632+0200] {processor.py:208} INFO - Processing /Users/swarnalidatta/Desktop/AutoQueryChatbot/.airflow-venv/lib/python3.12/site-packages/airflow/example_dags/example_complex.py took 0.045 seconds
[2026-09-22T12:55:53.028+0200] {processor.py:186} INFO - Started process (PID=16126) to work on /Users/swarnalidatta/Desktop/AutoQueryChatbot/.airflow-venv/lib/python3.12/site-packages/airflow/example_dags/example_complex.py
[2026-09-22T12:55:53.028+0200] {processor.py:914} INFO - Processing file /Users/swarnalidatta/Desktop/AutoQueryChatbot/.airflow-venv/lib/python3.12/site-packages/airflow/example_dags/example_complex.py for tasks to queue
[2026-09-22T12:55:53.029+0200] {logging_mixin.py:190} INFO - [2026-09-22T12:55:53.028+0200] {dagbag.py:588} INFO - Filling up the DagBag from /Users/swarnalidatta/Desktop/AutoQueryChatbot/.airflow-venv/lib/python3.12/site-packages/airflow/example_dags/example_complex.py
[2026-09-22T12:55:53.032+0200] {processor.py:925} INFO - DAG(s) 'example_complex' retrieved from /Users/swarnalidatta/Desktop/AutoQueryChatbot/.airflow-venv/lib/python3.12/site-packages/airflow/example_dags/example_complex.py
[2026-09-22T12:55:53.063+0200] {logging_mixin.py:190} INFO - [2026-09-22T12:55:53.063+0200] {dag.py:3239} INFO - Sync 1 DAGs
[2026-09-22T12:55:53.066+0200] {logging_mixin.py:190} INFO - [2026-09-22T12:55:53.066+0200] {dag.py:4180} INFO - Setting next_dagrun for example_complex to None, run_after=None
[2026-09-22T12:55:53.071+0200] {processor.py:208} INFO - Processing /Users/swarnalidatta/Desktop/AutoQueryChatbot/.airflow-venv/lib/python3.12/site-packages/airflow/example_dags/example_complex.py took 0.044 seconds
[2026-09-22T12:58:03.506+0200] {processor.py:186} INFO - Started process (PID=16492) to work on /Users/swarnalidatta/Desktop/AutoQueryChatbot/.airflow-venv/lib/python3.12/site-packages/airflow/example_dags/example_complex.py
[2026-09-22T12:58:03.506+0200] {processor.py:914} INFO - Processing file /Users/swarnalidatta/Desktop/AutoQueryChatbot/.airflow-venv/lib/python3.12/site-packages/airflow/example_dags/example_complex.py for tasks to queue
[2026-09-22T12:58:03.507+0200] {logging_mixin.py:190} INFO - [2026-09-22T12:58:03.506+0200] {dagbag.py:588} INFO - Filling up the DagBag from /Users/swarnalidatta/Desktop/AutoQueryChatbot/.airflow-venv/lib/python3.12/site-packages/airflow/example_dags/example_complex.py
[2026-09-22T12:58:03.510+0200] {processor.py:925} INFO - DAG(s) 'example_complex' retrieved from /Users/swarnalidatta/Desktop/AutoQueryChatbot/.airflow-venv/lib/python3.12/site-packages/airflow/example_dags/example_complex.py
[2026-09-22T12:58:03.542+0200] {logging_mixin.py:190} INFO - [2026-09-22T12:58:03.542+0200] {dag.py:3239} INFO - Sync 1 DAGs
[2026-09-22T12:58:03.545+0200] {logging_mixin.py:190} INFO - [2026-09-22T12:58:03.545+0200] {dag.py:4180} INFO - Setting next_dagrun for example_complex to None, run_after=None
[2026-09-22T12:58:03.550+0200] {processor.py:208} INFO - Processing /Users/swarnalidatta/Desktop/AutoQueryChatbot/.airflow-venv/lib/python3.12/site-packages/airflow/example_dags/example_complex.py took 0.045 seconds
[2026-09-22T13:00:17.693+0200] {processor.py:186} INFO - Started process (PID=16794) to work on /Users/swarnalidatta/Desktop/AutoQueryChatbot/.airflow-venv/lib/python3.12/site-packages/airflow/example_dags/example_complex.py
[2026-09-22T13:00:17.693+0200] {processor.py:914} INFO - Processing file /Users/swarnalidatta/Desktop/AutoQueryChatbot/.airflow-venv/lib/python3.12/site-packages/airflow/example_dags/example_complex.py for tasks to queue
[2026-09-22T13:00:17.694+0200] {logging_mixin.py:190} INFO - [2026-09-22T13:00:17.694+0200] {dagbag.py:588} INFO - Filling up the DagBag from /Users/swarnalidatta/Desktop/AutoQueryChatbot/.airflow-venv/lib/python3.12/site-packages/airflow/example_dags/example_complex.py
[2026-09-22T13:00:17.697+0200] {processor.py:925} INFO - DAG(s) 'example_complex' retrieved from /Users/swarnalidatta/Desktop/AutoQueryChatbot/.airflow-venv/lib/python3.12/site-packages/airflow/example_dags/example_complex.py
[2026-09-22T13:00:17.728+0200] {logging_mixin.py:190} INFO - [2026-09-22T13:00:17.728+0200] {dag.py:3239} INFO - Sync 1 DAGs
[2026-09-22T13:00:17.731+0200] {logging_mixin.py:190} INFO - [2026-09-22T13:00:17.731+0200] {dag.py:4180} INFO - Setting next_dagrun for example_complex to None, run_after=None
[2026-09-22T13:00:17.736+0200] {processor.py:208} INFO - Processing /Users/swarnalidatta/Desktop/AutoQueryChatbot/.airflow-venv/lib/python3.12/site-packages/airflow/example_dags/example_complex.py took 0.044 seconds
[2026-09-22T13:02:25.410+0200] {processor.py:186} INFO - Started process (PID=17093) to work on /Users/swarnalidatta/Desktop/AutoQueryChatbot/.airflow-venv/lib/python3.12/site-packages/airflow/example_dags/example_complex.py
[2026-09-22T13:02:25.411+0200] {processor.py:914} INFO - Processing file /Users/swarnalidatta/Desktop/AutoQueryChatbot/.airflow-venv/lib/python3.12/site-packages/airflow/example_dags/example_complex.py for tasks to queue
[2026-09-22T13:02:25.411+0200] {logging_mixin.py:190} INFO - [2026-09-22T13:02:25.411+0200] {dagbag.py:588} INFO - Filling up the DagBag from /Users/swarnalidatta/Desktop/AutoQueryChatbot/.airflow-venv/lib/python3.12/site-packages/airflow/example_dags/example_complex.py
[2026-09-22T13:02:25.415+0200] {processor.py:925} INFO - DAG(s) 'example_complex' retrieved from /Users/swarnalidatta/Desktop/AutoQueryChatbot/.airflow-venv/lib/python3.12/site-packages/airflow/example_dags/example_complex.py
[2026-09-22T13:02:25.445+0200] {logging_mixin.py:190} INFO - [2026-09-22T13:02:25.445+0200] {dag.py:3239} INFO - Sync 1 DAGs
[2026-09-22T13:02:25.448+0200] {logging_mixin.py:190} INFO - [2026-09-22T13:02:25.448+0200] {dag.py:4180} INFO - Setting next_dagrun for example_complex to None, run_after=None
[2026-09-22T13:02:25.454+0200] {processor.py:208} INFO - Processing /Users/swarnalidatta/Desktop/AutoQueryChatbot/.airflow-venv/lib/python3.12/site-packages/airflow/example_dags/example_complex.py took 0.045 seconds
[2026-09-22T13:06:35.234+0200] {processor.py:186} INFO - Started process (PID=17390) to work on /Users/swarnalidatta/Desktop/AutoQueryChatbot/.airflow-venv/lib/python3.12/site-packages/airflow/example_dags/example_complex.py
[2026-09-22T13:06:35.235+0200] {processor.py:914} INFO - Processing file /Users/swarnalidatta/Desktop/AutoQueryChatbot/.airflow-venv/lib/python3.12/site-packages/airflow/example_dags/example_complex.py for tasks to queue
[2026-09-22T13:06:35.235+0200] {logging_mixin.py:190} INFO - [2026-09-22T13:06:35.235+0200] {dagbag.py:588} INFO - Filling up the DagBag from /Users/swarnalidatta/Desktop/AutoQueryChatbot/.airflow-venv/lib/python3.12/site-packages/airflow/example_dags/example_complex.py
[2026-09-22T13:06:35.239+0200] {processor.py:925} INFO - DAG(s) 'example_complex' retrieved from /Users/swarnalidatta/Desktop/AutoQueryChatbot/.airflow-venv/lib/python3.12/site-packages/airflow/example_dags/example_complex.py
[2026-09-22T13:06:35.269+0200] {logging_mixin.py:190} INFO - [2026-09-22T13:06:35.269+0200] {dag.py:3239} INFO - Sync 1 DAGs
[2026-09-22T13:06:35.272+0200] {logging_mixin.py:190} INFO - [2026-09-22T13:06:35.272+0200] {dag.py:4180} INFO - Setting next_dagrun for example_complex to None, run_after=None
[2026-09-22T13:06:35.277+0200] {processor.py:208} INFO - Processing /Users/swarnalidatta/Desktop/AutoQueryChatbot/.airflow-venv/lib/python3.12/site-packages/airflow/example_dags/example_complex.py took 0.044 seconds
[2026-09-22T13:08:58.456+0200] {processor.py:186} INFO - Started process (PID=17708) to work on /Users/swarnalidatta/Desktop/AutoQueryChatbot/.airflow-venv/lib/python3.12/site-packages/airflow/example_dags/example_complex.py
[2026-09-22T13:08:58.457+0200] {processor.py:914} INFO - Processing file /Users/swarnalidatta/Desktop/AutoQueryChatbot/.airflow-venv/lib/python3.12/site-packages/airflow/example_dags/example_complex.py for tasks to queue
[2026-09-22T13:08:58.457+0200] {logging_mixin.py:190} INFO - [2026-09-22T13:08:58.457+0200] {dagbag.py:588} INFO - Filling up the DagBag from /Users/swarnalidatta/Desktop/AutoQueryChatbot/.airflow-venv/lib/python3.12/site-packages/airflow/example_dags/example_complex.py
[2026-09-22T13:08:58.461+0200] {processor.py:925} INFO - DAG(s) 'example_complex' retrieved from /Users/swarnalidatta/Desktop/AutoQueryChatbot/.airflow-venv/lib/python3.12/site-packages/airflow/example_dags/example_complex.py
[2026-09-22T13:08:58.492+0200] {logging_mixin.py:190} INFO - [2026-09-22T13:08:58.491+0200] {dag.py:3239} INFO - Sync 1 DAGs
[2026-09-22T13:08:58.495+0200] {logging_mixin.py:190} INFO - [2026-09-22T13:08:58.495+0200] {dag.py:4180} INFO - Setting next_dagrun for example_complex to None, run_after=None
[2026-09-22T13:08:58.500+0200] {processor.py:208} INFO - Processing /Users/swarnalidatta/Desktop/AutoQueryChatbot/.airflow-venv/lib/python3.12/site-packages/airflow/example_dags/example_complex.py took 0.045 seconds
[2026-09-22T13:11:17.045+0200] {processor.py:186} INFO - Started process (PID=18015) to work on /Users/swarnalidatta/Desktop/AutoQueryChatbot/.airflow-venv/lib/python3.12/site-packages/airflow/example_dags/example_complex.py
[2026-09-22T13:11:17.045+0200] {processor.py:914} INFO - Processing file /Users/swarnalidatta/Desktop/AutoQueryChatbot/.airflow-venv/lib/python3.12/site-packages/airflow/example_dags/example_complex.py for tasks to queue
[2026-09-22T13:11:17.045+0200] {logging_mixin.py:190} INFO - [2026-09-22T13:11:17.045+0200] {dagbag.py:588} INFO - Filling up the DagBag from /Users/swarnalidatta/Desktop/AutoQueryChatbot/.airflow-venv/lib/python3.12/site-packages/airflow/example_dags/example_complex.py
[2026-09-22T13:11:17.049+0200] {processor.py:925} INFO - DAG(s) 'example_complex' retrieved from /Users/swarnalidatta/Desktop/AutoQueryChatbot/.airflow-venv/lib/python3.12/site-packages/airflow/example_dags/example_complex.py
[2026-09-22T13:11:17.080+0200] {logging_mixin.py:190} INFO - [2026-09-22T13:11:17.080+0200] {dag.py:3239} INFO - Sync 1 DAGs
[2026-09-22T13:11:17.083+0200] {logging_mixin.py:190} INFO - [2026-09-22T13:11:17.083+0200] {dag.py:4180} INFO - Setting next_dagrun for example_complex to None, run_after=None
[2026-09-22T13:11:17.089+0200] {processor.py:208} INFO - Processing /Users/swarnalidatta/Desktop/AutoQueryChatbot/.airflow-venv/lib/python3.12/site-packages/airflow/example_dags/example_complex.py took 0.045 seconds
[2026-09-22T13:13:25.613+0200] {processor.py:186} INFO - Started process (PID=19131) to work on /Users/swarnalidatta/Desktop/AutoQueryChatbot/.airflow-venv/lib/python3.12/site-packages/airflow/example_dags/example_complex.py
[2026-09-22T13:13:25.614+0200] {processor.py:914} INFO - Processing file /Users/swarnalidatta/Desktop/AutoQueryChatbot/.airflow-venv/lib/python3.12/site-packages/airflow/example_dags/example_complex.py for tasks to queue
[2026-09-22T13:13:25.614+0200] {logging_mixin.py:190} INFO - [2026-09-22T13:13:25.614+0200] {dagbag.py:588} INFO - Filling up the DagBag from /Users/swarnalidatta/Desktop/AutoQueryChatbot/.airflow-venv/lib/python3.12/site-packages/airflow/example_dags/example_complex.py
[2026-09-22T13:13:25.618+0200] {processor.py:925} INFO - DAG(s) 'example_complex' retrieved from /Users/swarnalidatta/Desktop/AutoQueryChatbot/.airflow-venv/lib/python3.12/site-packages/airflow/example_dags/example_complex.py
[2026-09-22T13:13:25.648+0200] {logging_mixin.py:190} INFO - [2026-09-22T13:13:25.648+0200] {dag.py:3239} INFO - Sync 1 DAGs
[2026-09-22T13:13:25.651+0200] {logging_mixin.py:190} INFO - [2026-09-22T13:13:25.651+0200] {dag.py:4180} INFO - Setting next_dagrun for example_complex to None, run_after=None
[2026-09-22T13:13:25.657+0200] {processor.py:208} INFO - Processing /Users/swarnalidatta/Desktop/AutoQueryChatbot/.airflow-venv/lib/python3.12/site-packages/airflow/example_dags/example_complex.py took 0.045 seconds
[2026-09-22T13:15:37.799+0200] {processor.py:186} INFO - Started process (PID=21743) to work on /Users/swarnalidatta/Desktop/AutoQueryChatbot/.airflow-venv/lib/python3.12/site-packages/airflow/example_dags/example_complex.py
[2026-09-22T13:15:37.799+0200] {processor.py:914} INFO - Processing file /Users/swarnalidatta/Desktop/AutoQueryChatbot/.airflow-venv/lib/python3.12/site-packages/airflow/example_dags/example_complex.py for tasks to queue
[2026-09-22T13:15:37.800+0200] {logging_mixin.py:190} INFO - [2026-09-22T13:15:37.800+0200] {dagbag.py:588} INFO - Filling up the DagBag from /Users/swarnalidatta/Desktop/AutoQueryChatbot/.airflow-venv/lib/python3.12/site-packages/airflow/example_dags/example_complex.py
[2026-09-22T13:15:37.804+0200] {processor.py:925} INFO - DAG(s) 'example_complex' retrieved from /Users/swarnalidatta/Desktop/AutoQueryChatbot/.airflow-venv/lib/python3.12/site-packages/airflow/example_dags/example_complex.py
[2026-09-22T13:15:37.840+0200] {logging_mixin.py:190} INFO - [2026-09-22T13:15:37.840+0200] {dag.py:3239} INFO - Sync 1 DAGs
[2026-09-22T13:15:37.843+0200] {logging_mixin.py:190} INFO - [2026-09-22T13:15:37.843+0200] {dag.py:4180} INFO - Setting next_dagrun for example_complex to None, run_after=None
[2026-09-22T13:15:37.849+0200] {processor.py:208} INFO - Processing /Users/swarnalidatta/Desktop/AutoQueryChatbot/.airflow-venv/lib/python3.12/site-packages/airflow/example_dags/example_complex.py took 0.051 seconds
[2026-09-22T13:17:43.203+0200] {processor.py:186} INFO - Started process (PID=22056) to work on /Users/swarnalidatta/Desktop/AutoQueryChatbot/.airflow-venv/lib/python3.12/site-packages/airflow/example_dags/example_complex.py
[2026-09-22T13:17:43.204+0200] {processor.py:914} INFO - Processing file /Users/swarnalidatta/Desktop/AutoQueryChatbot/.airflow-venv/lib/python3.12/site-packages/airflow/example_dags/example_complex.py for tasks to queue
[2026-09-22T13:17:43.204+0200] {logging_mixin.py:190} INFO - [2026-09-22T13:17:43.204+0200] {dagbag.py:588} INFO - Filling up the DagBag from /Users/swarnalidatta/Desktop/AutoQueryChatbot/.airflow-venv/lib/python3.12/site-packages/airflow/example_dags/example_complex.py
[2026-09-22T13:17:43.207+0200] {processor.py:925} INFO - DAG(s) 'example_complex' retrieved from /Users/swarnalidatta/Desktop/AutoQueryChatbot/.airflow-venv/lib/python3.12/site-packages/airflow/example_dags/example_complex.py
[2026-09-22T13:17:43.238+0200] {logging_mixin.py:190} INFO - [2026-09-22T13:17:43.238+0200] {dag.py:3239} INFO - Sync 1 DAGs
[2026-09-22T13:17:43.241+0200] {logging_mixin.py:190} INFO - [2026-09-22T13:17:43.241+0200] {dag.py:4180} INFO - Setting next_dagrun for example_complex to None, run_after=None
[2026-09-22T13:17:43.247+0200] {processor.py:208} INFO - Processing /Users/swarnalidatta/Desktop/AutoQueryChatbot/.airflow-venv/lib/python3.12/site-packages/airflow/example_dags/example_complex.py took 0.044 seconds
[2026-09-22T13:29:30.011+0200] {processor.py:186} INFO - Started process (PID=22943) to work on /Users/swarnalidatta/Desktop/AutoQueryChatbot/.airflow-venv/lib/python3.12/site-packages/airflow/example_dags/example_complex.py
[2026-09-22T13:29:30.011+0200] {processor.py:914} INFO - Processing file /Users/swarnalidatta/Desktop/AutoQueryChatbot/.airflow-venv/lib/python3.12/site-packages/airflow/example_dags/example_complex.py for tasks to queue
[2026-09-22T13:29:30.011+0200] {logging_mixin.py:190} INFO - [2026-09-22T13:29:30.011+0200] {dagbag.py:588} INFO - Filling up the DagBag from /Users/swarnalidatta/Desktop/AutoQueryChatbot/.airflow-venv/lib/python3.12/site-packages/airflow/example_dags/example_complex.py
[2026-09-22T13:29:30.015+0200] {processor.py:925} INFO - DAG(s) 'example_complex' retrieved from /Users/swarnalidatta/Desktop/AutoQueryChatbot/.airflow-venv/lib/python3.12/site-packages/airflow/example_dags/example_complex.py
[2026-09-22T13:29:30.046+0200] {logging_mixin.py:190} INFO - [2026-09-22T13:29:30.045+0200] {dag.py:3239} INFO - Sync 1 DAGs
[2026-09-22T13:29:30.048+0200] {logging_mixin.py:190} INFO - [2026-09-22T13:29:30.048+0200] {dag.py:4180} INFO - Setting next_dagrun for example_complex to None, run_after=None
[2026-09-22T13:29:30.054+0200] {processor.py:208} INFO - Processing /Users/swarnalidatta/Desktop/AutoQueryChatbot/.airflow-venv/lib/python3.12/site-packages/airflow/example_dags/example_complex.py took 0.044 seconds
[2026-09-22T13:32:43.691+0200] {processor.py:186} INFO - Started process (PID=23474) to work on /Users/swarnalidatta/Desktop/AutoQueryChatbot/.airflow-venv/lib/python3.12/site-packages/airflow/example_dags/example_complex.py
[2026-09-22T13:32:43.692+0200] {processor.py:914} INFO - Processing file /Users/swarnalidatta/Desktop/AutoQueryChatbot/.airflow-venv/lib/python3.12/site-packages/airflow/example_dags/example_complex.py for tasks to queue
[2026-09-22T13:32:43.692+0200] {logging_mixin.py:190} INFO - [2026-09-22T13:32:43.692+0200] {dagbag.py:588} INFO - Filling up the DagBag from /Users/swarnalidatta/Desktop/AutoQueryChatbot/.airflow-venv/lib/python3.12/site-packages/airflow/example_dags/example_complex.py
[2026-09-22T13:32:43.696+0200] {processor.py:925} INFO - DAG(s) 'example_complex' retrieved from /Users/swarnalidatta/Desktop/AutoQueryChatbot/.airflow-venv/lib/python3.12/site-packages/airflow/example_dags/example_complex.py
[2026-09-22T13:32:43.727+0200] {logging_mixin.py:190} INFO - [2026-09-22T13:32:43.727+0200] {dag.py:3239} INFO - Sync 1 DAGs
[2026-09-22T13:32:43.730+0200] {logging_mixin.py:190} INFO - [2026-09-22T13:32:43.730+0200] {dag.py:4180} INFO - Setting next_dagrun for example_complex to None, run_after=None
[2026-09-22T13:32:43.735+0200] {processor.py:208} INFO - Processing /Users/swarnalidatta/Desktop/AutoQueryChatbot/.airflow-venv/lib/python3.12/site-packages/airflow/example_dags/example_complex.py took 0.045 seconds
[2026-09-22T13:34:54.422+0200] {processor.py:186} INFO - Started process (PID=23771) to work on /Users/swarnalidatta/Desktop/AutoQueryChatbot/.airflow-venv/lib/python3.12/site-packages/airflow/example_dags/example_complex.py
[2026-09-22T13:34:54.423+0200] {processor.py:914} INFO - Processing file /Users/swarnalidatta/Desktop/AutoQueryChatbot/.airflow-venv/lib/python3.12/site-packages/airflow/example_dags/example_complex.py for tasks to queue
[2026-09-22T13:34:54.423+0200] {logging_mixin.py:190} INFO - [2026-09-22T13:34:54.423+0200] {dagbag.py:588} INFO - Filling up the DagBag from /Users/swarnalidatta/Desktop/AutoQueryChatbot/.airflow-venv/lib/python3.12/site-packages/airflow/example_dags/example_complex.py
[2026-09-22T13:34:54.426+0200] {processor.py:925} INFO - DAG(s) 'example_complex' retrieved from /Users/swarnalidatta/Desktop/AutoQueryChatbot/.airflow-venv/lib/python3.12/site-packages/airflow/example_dags/example_complex.py
[2026-09-22T13:34:54.457+0200] {logging_mixin.py:190} INFO - [2026-09-22T13:34:54.457+0200] {dag.py:3239} INFO - Sync 1 DAGs
[2026-09-22T13:34:54.460+0200] {logging_mixin.py:190} INFO - [2026-09-22T13:34:54.460+0200] {dag.py:4180} INFO - Setting next_dagrun for example_complex to None, run_after=None
[2026-09-22T13:34:54.465+0200] {processor.py:208} INFO - Processing /Users/swarnalidatta/Desktop/AutoQueryChatbot/.airflow-venv/lib/python3.12/site-packages/airflow/example_dags/example_complex.py took 0.044 seconds
[2026-09-22T13:36:57.845+0200] {processor.py:186} INFO - Started process (PID=24057) to work on /Users/swarnalidatta/Desktop/AutoQueryChatbot/.airflow-venv/lib/python3.12/site-packages/airflow/example_dags/example_complex.py
[2026-09-22T13:36:57.845+0200] {processor.py:914} INFO - Processing file /Users/swarnalidatta/Desktop/AutoQueryChatbot/.airflow-venv/lib/python3.12/site-packages/airflow/example_dags/example_complex.py for tasks to queue
[2026-09-22T13:36:57.845+0200] {logging_mixin.py:190} INFO - [2026-09-22T13:36:57.845+0200] {dagbag.py:588} INFO - Filling up the DagBag from /Users/swarnalidatta/Desktop/AutoQueryChatbot/.airflow-venv/lib/python3.12/site-packages/airflow/example_dags/example_complex.py
[2026-09-22T13:36:57.849+0200] {processor.py:925} INFO - DAG(s) 'example_complex' retrieved from /Users/swarnalidatta/Desktop/AutoQueryChatbot/.airflow-venv/lib/python3.12/site-packages/airflow/example_dags/example_complex.py
[2026-09-22T13:36:57.880+0200] {logging_mixin.py:190} INFO - [2026-09-22T13:36:57.880+0200] {dag.py:3239} INFO - Sync 1 DAGs
[2026-09-22T13:36:57.883+0200] {logging_mixin.py:190} INFO - [2026-09-22T13:36:57.883+0200] {dag.py:4180} INFO - Setting next_dagrun for example_complex to None, run_after=None
[2026-09-22T13:36:57.889+0200] {processor.py:208} INFO - Processing /Users/swarnalidatta/Desktop/AutoQueryChatbot/.airflow-venv/lib/python3.12/site-packages/airflow/example_dags/example_complex.py took 0.045 seconds
[2026-09-22T13:39:10.817+0200] {processor.py:186} INFO - Started process (PID=24707) to work on /Users/swarnalidatta/Desktop/AutoQueryChatbot/.airflow-venv/lib/python3.12/site-packages/airflow/example_dags/example_complex.py
[2026-09-22T13:39:10.818+0200] {processor.py:914} INFO - Processing file /Users/swarnalidatta/Desktop/AutoQueryChatbot/.airflow-venv/lib/python3.12/site-packages/airflow/example_dags/example_complex.py for tasks to queue
[2026-09-22T13:39:10.818+0200] {logging_mixin.py:190} INFO - [2026-09-22T13:39:10.818+0200] {dagbag.py:588} INFO - Filling up the DagBag from /Users/swarnalidatta/Desktop/AutoQueryChatbot/.airflow-venv/lib/python3.12/site-packages/airflow/example_dags/example_complex.py
[2026-09-22T13:39:10.822+0200] {processor.py:925} INFO - DAG(s) 'example_complex' retrieved from /Users/swarnalidatta/Desktop/AutoQueryChatbot/.airflow-venv/lib/python3.12/site-packages/airflow/example_dags/example_complex.py
[2026-09-22T13:39:10.853+0200] {logging_mixin.py:190} INFO - [2026-09-22T13:39:10.853+0200] {dag.py:3239} INFO - Sync 1 DAGs
[2026-09-22T13:39:10.879+0200] {logging_mixin.py:190} INFO - [2026-09-22T13:39:10.879+0200] {dag.py:4180} INFO - Setting next_dagrun for example_complex to None, run_after=None
[2026-09-22T13:39:10.885+0200] {processor.py:208} INFO - Processing /Users/swarnalidatta/Desktop/AutoQueryChatbot/.airflow-venv/lib/python3.12/site-packages/airflow/example_dags/example_complex.py took 0.069 seconds
[2026-09-22T13:41:28.200+0200] {processor.py:186} INFO - Started process (PID=25359) to work on /Users/swarnalidatta/Desktop/AutoQueryChatbot/.airflow-venv/lib/python3.12/site-packages/airflow/example_dags/example_complex.py
[2026-09-22T13:41:28.200+0200] {processor.py:914} INFO - Processing file /Users/swarnalidatta/Desktop/AutoQueryChatbot/.airflow-venv/lib/python3.12/site-packages/airflow/example_dags/example_complex.py for tasks to queue
[2026-09-22T13:41:28.200+0200] {logging_mixin.py:190} INFO - [2026-09-22T13:41:28.200+0200] {dagbag.py:588} INFO - Filling up the DagBag from /Users/swarnalidatta/Desktop/AutoQueryChatbot/.airflow-venv/lib/python3.12/site-packages/airflow/example_dags/example_complex.py
[2026-09-22T13:41:28.205+0200] {processor.py:925} INFO - DAG(s) 'example_complex' retrieved from /Users/swarnalidatta/Desktop/AutoQueryChatbot/.airflow-venv/lib/python3.12/site-packages/airflow/example_dags/example_complex.py
[2026-09-22T13:41:28.239+0200] {logging_mixin.py:190} INFO - [2026-09-22T13:41:28.239+0200] {dag.py:3239} INFO - Sync 1 DAGs
[2026-09-22T13:41:28.276+0200] {logging_mixin.py:190} INFO - [2026-09-22T13:41:28.276+0200] {dag.py:4180} INFO - Setting next_dagrun for example_complex to None, run_after=None
[2026-09-22T13:41:28.283+0200] {processor.py:208} INFO - Processing /Users/swarnalidatta/Desktop/AutoQueryChatbot/.airflow-venv/lib/python3.12/site-packages/airflow/example_dags/example_complex.py took 0.084 seconds
[2026-09-22T13:43:39.447+0200] {processor.py:186} INFO - Started process (PID=25655) to work on /Users/swarnalidatta/Desktop/AutoQueryChatbot/.airflow-venv/lib/python3.12/site-packages/airflow/example_dags/example_complex.py
[2026-09-22T13:43:39.447+0200] {processor.py:914} INFO - Processing file /Users/swarnalidatta/Desktop/AutoQueryChatbot/.airflow-venv/lib/python3.12/site-packages/airflow/example_dags/example_complex.py for tasks to queue
[2026-09-22T13:43:39.447+0200] {logging_mixin.py:190} INFO - [2026-09-22T13:43:39.447+0200] {dagbag.py:588} INFO - Filling up the DagBag from /Users/swarnalidatta/Desktop/AutoQueryChatbot/.airflow-venv/lib/python3.12/site-packages/airflow/example_dags/example_complex.py
[2026-09-22T13:43:39.451+0200] {processor.py:925} INFO - DAG(s) 'example_complex' retrieved from /Users/swarnalidatta/Desktop/AutoQueryChatbot/.airflow-venv/lib/python3.12/site-packages/airflow/example_dags/example_complex.py
[2026-09-22T13:43:39.482+0200] {logging_mixin.py:190} INFO - [2026-09-22T13:43:39.482+0200] {dag.py:3239} INFO - Sync 1 DAGs
[2026-09-22T13:43:39.506+0200] {logging_mixin.py:190} INFO - [2026-09-22T13:43:39.506+0200] {dag.py:4180} INFO - Setting next_dagrun for example_complex to None, run_after=None
[2026-09-22T13:43:39.512+0200] {processor.py:208} INFO - Processing /Users/swarnalidatta/Desktop/AutoQueryChatbot/.airflow-venv/lib/python3.12/site-packages/airflow/example_dags/example_complex.py took 0.066 seconds
[2026-09-22T13:45:52.451+0200] {processor.py:186} INFO - Started process (PID=25948) to work on /Users/swarnalidatta/Desktop/AutoQueryChatbot/.airflow-venv/lib/python3.12/site-packages/airflow/example_dags/example_complex.py
[2026-09-22T13:45:52.451+0200] {processor.py:914} INFO - Processing file /Users/swarnalidatta/Desktop/AutoQueryChatbot/.airflow-venv/lib/python3.12/site-packages/airflow/example_dags/example_complex.py for tasks to queue
[2026-09-22T13:45:52.451+0200] {logging_mixin.py:190} INFO - [2026-09-22T13:45:52.451+0200] {dagbag.py:588} INFO - Filling up the DagBag from /Users/swarnalidatta/Desktop/AutoQueryChatbot/.airflow-venv/lib/python3.12/site-packages/airflow/example_dags/example_complex.py
[2026-09-22T13:45:52.455+0200] {processor.py:925} INFO - DAG(s) 'example_complex' retrieved from /Users/swarnalidatta/Desktop/AutoQueryChatbot/.airflow-venv/lib/python3.12/site-packages/airflow/example_dags/example_complex.py
[2026-09-22T13:45:52.486+0200] {logging_mixin.py:190} INFO - [2026-09-22T13:45:52.486+0200] {dag.py:3239} INFO - Sync 1 DAGs
[2026-09-22T13:45:52.509+0200] {logging_mixin.py:190} INFO - [2026-09-22T13:45:52.509+0200] {dag.py:4180} INFO - Setting next_dagrun for example_complex to None, run_after=None
[2026-09-22T13:45:52.514+0200] {processor.py:208} INFO - Processing /Users/swarnalidatta/Desktop/AutoQueryChatbot/.airflow-venv/lib/python3.12/site-packages/airflow/example_dags/example_complex.py took 0.064 seconds
[2026-09-22T13:48:05.061+0200] {processor.py:186} INFO - Started process (PID=26246) to work on /Users/swarnalidatta/Desktop/AutoQueryChatbot/.airflow-venv/lib/python3.12/site-packages/airflow/example_dags/example_complex.py
[2026-09-22T13:48:05.063+0200] {processor.py:914} INFO - Processing file /Users/swarnalidatta/Desktop/AutoQueryChatbot/.airflow-venv/lib/python3.12/site-packages/airflow/example_dags/example_complex.py for tasks to queue
[2026-09-22T13:48:05.063+0200] {logging_mixin.py:190} INFO - [2026-09-22T13:48:05.063+0200] {dagbag.py:588} INFO - Filling up the DagBag from /Users/swarnalidatta/Desktop/AutoQueryChatbot/.airflow-venv/lib/python3.12/site-packages/airflow/example_dags/example_complex.py
[2026-09-22T13:48:05.067+0200] {processor.py:925} INFO - DAG(s) 'example_complex' retrieved from /Users/swarnalidatta/Desktop/AutoQueryChatbot/.airflow-venv/lib/python3.12/site-packages/airflow/example_dags/example_complex.py
[2026-09-22T13:48:05.098+0200] {logging_mixin.py:190} INFO - [2026-09-22T13:48:05.098+0200] {dag.py:3239} INFO - Sync 1 DAGs
[2026-09-22T13:48:05.122+0200] {logging_mixin.py:190} INFO - [2026-09-22T13:48:05.122+0200] {dag.py:4180} INFO - Setting next_dagrun for example_complex to None, run_after=None
[2026-09-22T13:48:05.128+0200] {processor.py:208} INFO - Processing /Users/swarnalidatta/Desktop/AutoQueryChatbot/.airflow-venv/lib/python3.12/site-packages/airflow/example_dags/example_complex.py took 0.068 seconds
[2026-09-22T13:53:53.489+0200] {processor.py:186} INFO - Started process (PID=26585) to work on /Users/swarnalidatta/Desktop/AutoQueryChatbot/.airflow-venv/lib/python3.12/site-packages/airflow/example_dags/example_complex.py
[2026-09-22T13:53:53.490+0200] {processor.py:914} INFO - Processing file /Users/swarnalidatta/Desktop/AutoQueryChatbot/.airflow-venv/lib/python3.12/site-packages/airflow/example_dags/example_complex.py for tasks to queue
[2026-09-22T13:53:53.490+0200] {logging_mixin.py:190} INFO - [2026-09-22T13:53:53.490+0200] {dagbag.py:588} INFO - Filling up the DagBag from /Users/swarnalidatta/Desktop/AutoQueryChatbot/.airflow-venv/lib/python3.12/site-packages/airflow/example_dags/example_complex.py
[2026-09-22T13:53:53.494+0200] {processor.py:925} INFO - DAG(s) 'example_complex' retrieved from /Users/swarnalidatta/Desktop/AutoQueryChatbot/.airflow-venv/lib/python3.12/site-packages/airflow/example_dags/example_complex.py
[2026-09-22T13:53:53.525+0200] {logging_mixin.py:190} INFO - [2026-09-22T13:53:53.525+0200] {dag.py:3239} INFO - Sync 1 DAGs
[2026-09-22T13:53:53.549+0200] {logging_mixin.py:190} INFO - [2026-09-22T13:53:53.549+0200] {dag.py:4180} INFO - Setting next_dagrun for example_complex to None, run_after=None
[2026-09-22T13:53:53.554+0200] {processor.py:208} INFO - Processing /Users/swarnalidatta/Desktop/AutoQueryChatbot/.airflow-venv/lib/python3.12/site-packages/airflow/example_dags/example_complex.py took 0.066 seconds
[2026-09-22T13:56:07.849+0200] {processor.py:186} INFO - Started process (PID=26883) to work on /Users/swarnalidatta/Desktop/AutoQueryChatbot/.airflow-venv/lib/python3.12/site-packages/airflow/example_dags/example_complex.py
[2026-09-22T13:56:07.849+0200] {processor.py:914} INFO - Processing file /Users/swarnalidatta/Desktop/AutoQueryChatbot/.airflow-venv/lib/python3.12/site-packages/airflow/example_dags/example_complex.py for tasks to queue
[2026-09-22T13:56:07.850+0200] {logging_mixin.py:190} INFO - [2026-09-22T13:56:07.850+0200] {dagbag.py:588} INFO - Filling up the DagBag from /Users/swarnalidatta/Desktop/AutoQueryChatbot/.airflow-venv/lib/python3.12/site-packages/airflow/example_dags/example_complex.py
[2026-09-22T13:56:07.853+0200] {processor.py:925} INFO - DAG(s) 'example_complex' retrieved from /Users/swarnalidatta/Desktop/AutoQueryChatbot/.airflow-venv/lib/python3.12/site-packages/airflow/example_dags/example_complex.py
[2026-09-22T13:56:07.884+0200] {logging_mixin.py:190} INFO - [2026-09-22T13:56:07.884+0200] {dag.py:3239} INFO - Sync 1 DAGs
[2026-09-22T13:56:07.907+0200] {logging_mixin.py:190} INFO - [2026-09-22T13:56:07.907+0200] {dag.py:4180} INFO - Setting next_dagrun for example_complex to None, run_after=None
[2026-09-22T13:56:07.912+0200] {processor.py:208} INFO - Processing /Users/swarnalidatta/Desktop/AutoQueryChatbot/.airflow-venv/lib/python3.12/site-packages/airflow/example_dags/example_complex.py took 0.064 seconds
[2026-09-22T13:58:20.847+0200] {processor.py:186} INFO - Started process (PID=27179) to work on /Users/swarnalidatta/Desktop/AutoQueryChatbot/.airflow-venv/lib/python3.12/site-packages/airflow/example_dags/example_complex.py
[2026-09-22T13:58:20.848+0200] {processor.py:914} INFO - Processing file /Users/swarnalidatta/Desktop/AutoQueryChatbot/.airflow-venv/lib/python3.12/site-packages/airflow/example_dags/example_complex.py for tasks to queue
[2026-09-22T13:58:20.848+0200] {logging_mixin.py:190} INFO - [2026-09-22T13:58:20.848+0200] {dagbag.py:588} INFO - Filling up the DagBag from /Users/swarnalidatta/Desktop/AutoQueryChatbot/.airflow-venv/lib/python3.12/site-packages/airflow/example_dags/example_complex.py
[2026-09-22T13:58:20.852+0200] {processor.py:925} INFO - DAG(s) 'example_complex' retrieved from /Users/swarnalidatta/Desktop/AutoQueryChatbot/.airflow-venv/lib/python3.12/site-packages/airflow/example_dags/example_complex.py
[2026-09-22T13:58:20.883+0200] {logging_mixin.py:190} INFO - [2026-09-22T13:58:20.883+0200] {dag.py:3239} INFO - Sync 1 DAGs
[2026-09-22T13:58:20.907+0200] {logging_mixin.py:190} INFO - [2026-09-22T13:58:20.907+0200] {dag.py:4180} INFO - Setting next_dagrun for example_complex to None, run_after=None
[2026-09-22T13:58:20.912+0200] {processor.py:208} INFO - Processing /Users/swarnalidatta/Desktop/AutoQueryChatbot/.airflow-venv/lib/python3.12/site-packages/airflow/example_dags/example_complex.py took 0.066 seconds
[2026-09-22T14:15:00.040+0200] {processor.py:186} INFO - Started process (PID=27546) to work on /Users/swarnalidatta/Desktop/AutoQueryChatbot/.airflow-venv/lib/python3.12/site-packages/airflow/example_dags/example_complex.py
[2026-09-22T14:15:00.040+0200] {processor.py:914} INFO - Processing file /Users/swarnalidatta/Desktop/AutoQueryChatbot/.airflow-venv/lib/python3.12/site-packages/airflow/example_dags/example_complex.py for tasks to queue
[2026-09-22T14:15:00.041+0200] {logging_mixin.py:190} INFO - [2026-09-22T14:15:00.041+0200] {dagbag.py:588} INFO - Filling up the DagBag from /Users/swarnalidatta/Desktop/AutoQueryChatbot/.airflow-venv/lib/python3.12/site-packages/airflow/example_dags/example_complex.py
[2026-09-22T14:15:00.044+0200] {processor.py:925} INFO - DAG(s) 'example_complex' retrieved from /Users/swarnalidatta/Desktop/AutoQueryChatbot/.airflow-venv/lib/python3.12/site-packages/airflow/example_dags/example_complex.py
[2026-09-22T14:15:00.074+0200] {logging_mixin.py:190} INFO - [2026-09-22T14:15:00.073+0200] {dag.py:3239} INFO - Sync 1 DAGs
[2026-09-22T14:15:00.097+0200] {logging_mixin.py:190} INFO - [2026-09-22T14:15:00.096+0200] {dag.py:4180} INFO - Setting next_dagrun for example_complex to None, run_after=None
[2026-09-22T14:15:00.102+0200] {processor.py:208} INFO - Processing /Users/swarnalidatta/Desktop/AutoQueryChatbot/.airflow-venv/lib/python3.12/site-packages/airflow/example_dags/example_complex.py took 0.063 seconds
[2026-09-22T14:17:07.663+0200] {processor.py:186} INFO - Started process (PID=27830) to work on /Users/swarnalidatta/Desktop/AutoQueryChatbot/.airflow-venv/lib/python3.12/site-packages/airflow/example_dags/example_complex.py
[2026-09-22T14:17:07.664+0200] {processor.py:914} INFO - Processing file /Users/swarnalidatta/Desktop/AutoQueryChatbot/.airflow-venv/lib/python3.12/site-packages/airflow/example_dags/example_complex.py for tasks to queue
[2026-09-22T14:17:07.664+0200] {logging_mixin.py:190} INFO - [2026-09-22T14:17:07.664+0200] {dagbag.py:588} INFO - Filling up the DagBag from /Users/swarnalidatta/Desktop/AutoQueryChatbot/.airflow-venv/lib/python3.12/site-packages/airflow/example_dags/example_complex.py
[2026-09-22T14:17:07.668+0200] {processor.py:925} INFO - DAG(s) 'example_complex' retrieved from /Users/swarnalidatta/Desktop/AutoQueryChatbot/.airflow-venv/lib/python3.12/site-packages/airflow/example_dags/example_complex.py
[2026-09-22T14:17:07.697+0200] {logging_mixin.py:190} INFO - [2026-09-22T14:17:07.697+0200] {dag.py:3239} INFO - Sync 1 DAGs
[2026-09-22T14:17:07.720+0200] {logging_mixin.py:190} INFO - [2026-09-22T14:17:07.720+0200] {dag.py:4180} INFO - Setting next_dagrun for example_complex to None, run_after=None
[2026-09-22T14:17:07.725+0200] {processor.py:208} INFO - Processing /Users/swarnalidatta/Desktop/AutoQueryChatbot/.airflow-venv/lib/python3.12/site-packages/airflow/example_dags/example_complex.py took 0.063 seconds
[2026-09-22T14:45:19.156+0200] {processor.py:186} INFO - Started process (PID=28077) to work on /Users/swarnalidatta/Desktop/AutoQueryChatbot/.airflow-venv/lib/python3.12/site-packages/airflow/example_dags/example_complex.py
[2026-09-22T14:45:19.156+0200] {processor.py:914} INFO - Processing file /Users/swarnalidatta/Desktop/AutoQueryChatbot/.airflow-venv/lib/python3.12/site-packages/airflow/example_dags/example_complex.py for tasks to queue
[2026-09-22T14:45:19.157+0200] {logging_mixin.py:190} INFO - [2026-09-22T14:45:19.157+0200] {dagbag.py:588} INFO - Filling up the DagBag from /Users/swarnalidatta/Desktop/AutoQueryChatbot/.airflow-venv/lib/python3.12/site-packages/airflow/example_dags/example_complex.py
[2026-09-22T14:45:19.160+0200] {processor.py:925} INFO - DAG(s) 'example_complex' retrieved from /Users/swarnalidatta/Desktop/AutoQueryChatbot/.airflow-venv/lib/python3.12/site-packages/airflow/example_dags/example_complex.py
[2026-09-22T14:45:19.190+0200] {logging_mixin.py:190} INFO - [2026-09-22T14:45:19.190+0200] {dag.py:3239} INFO - Sync 1 DAGs
[2026-09-22T14:45:19.214+0200] {logging_mixin.py:190} INFO - [2026-09-22T14:45:19.214+0200] {dag.py:4180} INFO - Setting next_dagrun for example_complex to None, run_after=None
[2026-09-22T14:45:19.220+0200] {processor.py:208} INFO - Processing /Users/swarnalidatta/Desktop/AutoQueryChatbot/.airflow-venv/lib/python3.12/site-packages/airflow/example_dags/example_complex.py took 0.065 seconds
[2026-09-22T14:47:31.069+0200] {processor.py:186} INFO - Started process (PID=28372) to work on /Users/swarnalidatta/Desktop/AutoQueryChatbot/.airflow-venv/lib/python3.12/site-packages/airflow/example_dags/example_complex.py
[2026-09-22T14:47:31.070+0200] {processor.py:914} INFO - Processing file /Users/swarnalidatta/Desktop/AutoQueryChatbot/.airflow-venv/lib/python3.12/site-packages/airflow/example_dags/example_complex.py for tasks to queue
[2026-09-22T14:47:31.070+0200] {logging_mixin.py:190} INFO - [2026-09-22T14:47:31.070+0200] {dagbag.py:588} INFO - Filling up the DagBag from /Users/swarnalidatta/Desktop/AutoQueryChatbot/.airflow-venv/lib/python3.12/site-packages/airflow/example_dags/example_complex.py
[2026-09-22T14:47:31.074+0200] {processor.py:925} INFO - DAG(s) 'example_complex' retrieved from /Users/swarnalidatta/Desktop/AutoQueryChatbot/.airflow-venv/lib/python3.12/site-packages/airflow/example_dags/example_complex.py
[2026-09-22T14:47:31.104+0200] {logging_mixin.py:190} INFO - [2026-09-22T14:47:31.103+0200] {dag.py:3239} INFO - Sync 1 DAGs
[2026-09-22T14:47:31.127+0200] {logging_mixin.py:190} INFO - [2026-09-22T14:47:31.127+0200] {dag.py:4180} INFO - Setting next_dagrun for example_complex to None, run_after=None
[2026-09-22T14:47:31.132+0200] {processor.py:208} INFO - Processing /Users/swarnalidatta/Desktop/AutoQueryChatbot/.airflow-venv/lib/python3.12/site-packages/airflow/example_dags/example_complex.py took 0.064 seconds
[2026-09-22T14:50:13.468+0200] {processor.py:186} INFO - Started process (PID=28663) to work on /Users/swarnalidatta/Desktop/AutoQueryChatbot/.airflow-venv/lib/python3.12/site-packages/airflow/example_dags/example_complex.py
[2026-09-22T14:50:13.468+0200] {processor.py:914} INFO - Processing file /Users/swarnalidatta/Desktop/AutoQueryChatbot/.airflow-venv/lib/python3.12/site-packages/airflow/example_dags/example_complex.py for tasks to queue
[2026-09-22T14:50:13.468+0200] {logging_mixin.py:190} INFO - [2026-09-22T14:50:13.468+0200] {dagbag.py:588} INFO - Filling up the DagBag from /Users/swarnalidatta/Desktop/AutoQueryChatbot/.airflow-venv/lib/python3.12/site-packages/airflow/example_dags/example_complex.py
[2026-09-22T14:50:13.472+0200] {processor.py:925} INFO - DAG(s) 'example_complex' retrieved from /Users/swarnalidatta/Desktop/AutoQueryChatbot/.airflow-venv/lib/python3.12/site-packages/airflow/example_dags/example_complex.py
[2026-09-22T14:50:13.502+0200] {logging_mixin.py:190} INFO - [2026-09-22T14:50:13.502+0200] {dag.py:3239} INFO - Sync 1 DAGs
[2026-09-22T14:50:13.526+0200] {logging_mixin.py:190} INFO - [2026-09-22T14:50:13.525+0200] {dag.py:4180} INFO - Setting next_dagrun for example_complex to None, run_after=None
[2026-09-22T14:50:13.531+0200] {processor.py:208} INFO - Processing /Users/swarnalidatta/Desktop/AutoQueryChatbot/.airflow-venv/lib/python3.12/site-packages/airflow/example_dags/example_complex.py took 0.064 seconds
[2026-09-22T14:52:27.436+0200] {processor.py:186} INFO - Started process (PID=28965) to work on /Users/swarnalidatta/Desktop/AutoQueryChatbot/.airflow-venv/lib/python3.12/site-packages/airflow/example_dags/example_complex.py
[2026-09-22T14:52:27.437+0200] {processor.py:914} INFO - Processing file /Users/swarnalidatta/Desktop/AutoQueryChatbot/.airflow-venv/lib/python3.12/site-packages/airflow/example_dags/example_complex.py for tasks to queue
[2026-09-22T14:52:27.437+0200] {logging_mixin.py:190} INFO - [2026-09-22T14:52:27.437+0200] {dagbag.py:588} INFO - Filling up the DagBag from /Users/swarnalidatta/Desktop/AutoQueryChatbot/.airflow-venv/lib/python3.12/site-packages/airflow/example_dags/example_complex.py
[2026-09-22T14:52:27.441+0200] {processor.py:925} INFO - DAG(s) 'example_complex' retrieved from /Users/swarnalidatta/Desktop/AutoQueryChatbot/.airflow-venv/lib/python3.12/site-packages/airflow/example_dags/example_complex.py
[2026-09-22T14:52:27.472+0200] {logging_mixin.py:190} INFO - [2026-09-22T14:52:27.472+0200] {dag.py:3239} INFO - Sync 1 DAGs
[2026-09-22T14:52:27.495+0200] {logging_mixin.py:190} INFO - [2026-09-22T14:52:27.495+0200] {dag.py:4180} INFO - Setting next_dagrun for example_complex to None, run_after=None
[2026-09-22T14:52:27.501+0200] {processor.py:208} INFO - Processing /Users/swarnalidatta/Desktop/AutoQueryChatbot/.airflow-venv/lib/python3.12/site-packages/airflow/example_dags/example_complex.py took 0.067 seconds
[2026-09-22T14:55:45.206+0200] {processor.py:186} INFO - Started process (PID=29174) to work on /Users/swarnalidatta/Desktop/AutoQueryChatbot/.airflow-venv/lib/python3.12/site-packages/airflow/example_dags/example_complex.py
[2026-09-22T14:55:45.206+0200] {processor.py:914} INFO - Processing file /Users/swarnalidatta/Desktop/AutoQueryChatbot/.airflow-venv/lib/python3.12/site-packages/airflow/example_dags/example_complex.py for tasks to queue
[2026-09-22T14:55:45.206+0200] {logging_mixin.py:190} INFO - [2026-09-22T14:55:45.206+0200] {dagbag.py:588} INFO - Filling up the DagBag from /Users/swarnalidatta/Desktop/AutoQueryChatbot/.airflow-venv/lib/python3.12/site-packages/airflow/example_dags/example_complex.py
[2026-09-22T14:55:45.210+0200] {processor.py:925} INFO - DAG(s) 'example_complex' retrieved from /Users/swarnalidatta/Desktop/AutoQueryChatbot/.airflow-venv/lib/python3.12/site-packages/airflow/example_dags/example_complex.py
[2026-09-22T14:55:45.240+0200] {logging_mixin.py:190} INFO - [2026-09-22T14:55:45.240+0200] {dag.py:3239} INFO - Sync 1 DAGs
[2026-09-22T14:55:45.265+0200] {logging_mixin.py:190} INFO - [2026-09-22T14:55:45.265+0200] {dag.py:4180} INFO - Setting next_dagrun for example_complex to None, run_after=None
[2026-09-22T14:55:45.271+0200] {processor.py:208} INFO - Processing /Users/swarnalidatta/Desktop/AutoQueryChatbot/.airflow-venv/lib/python3.12/site-packages/airflow/example_dags/example_complex.py took 0.066 seconds
[2026-09-22T14:57:59.936+0200] {processor.py:186} INFO - Started process (PID=29485) to work on /Users/swarnalidatta/Desktop/AutoQueryChatbot/.airflow-venv/lib/python3.12/site-packages/airflow/example_dags/example_complex.py
[2026-09-22T14:57:59.936+0200] {processor.py:914} INFO - Processing file /Users/swarnalidatta/Desktop/AutoQueryChatbot/.airflow-venv/lib/python3.12/site-packages/airflow/example_dags/example_complex.py for tasks to queue
[2026-09-22T14:57:59.936+0200] {logging_mixin.py:190} INFO - [2026-09-22T14:57:59.936+0200] {dagbag.py:588} INFO - Filling up the DagBag from /Users/swarnalidatta/Desktop/AutoQueryChatbot/.airflow-venv/lib/python3.12/site-packages/airflow/example_dags/example_complex.py
[2026-09-22T14:57:59.940+0200] {processor.py:925} INFO - DAG(s) 'example_complex' retrieved from /Users/swarnalidatta/Desktop/AutoQueryChatbot/.airflow-venv/lib/python3.12/site-packages/airflow/example_dags/example_complex.py
[2026-09-22T14:57:59.971+0200] {logging_mixin.py:190} INFO - [2026-09-22T14:57:59.971+0200] {dag.py:3239} INFO - Sync 1 DAGs
[2026-09-22T14:58:00.001+0200] {logging_mixin.py:190} INFO - [2026-09-22T14:58:00.000+0200] {dag.py:4180} INFO - Setting next_dagrun for example_complex to None, run_after=None
[2026-09-22T14:58:00.007+0200] {processor.py:208} INFO - Processing /Users/swarnalidatta/Desktop/AutoQueryChatbot/.airflow-venv/lib/python3.12/site-packages/airflow/example_dags/example_complex.py took 0.072 seconds
[2026-09-22T15:00:10.840+0200] {processor.py:186} INFO - Started process (PID=29878) to work on /Users/swarnalidatta/Desktop/AutoQueryChatbot/.airflow-venv/lib/python3.12/site-packages/airflow/example_dags/example_complex.py
[2026-09-22T15:00:10.841+0200] {processor.py:914} INFO - Processing file /Users/swarnalidatta/Desktop/AutoQueryChatbot/.airflow-venv/lib/python3.12/site-packages/airflow/example_dags/example_complex.py for tasks to queue
[2026-09-22T15:00:10.841+0200] {logging_mixin.py:190} INFO - [2026-09-22T15:00:10.841+0200] {dagbag.py:588} INFO - Filling up the DagBag from /Users/swarnalidatta/Desktop/AutoQueryChatbot/.airflow-venv/lib/python3.12/site-packages/airflow/example_dags/example_complex.py
[2026-09-22T15:00:10.844+0200] {processor.py:925} INFO - DAG(s) 'example_complex' retrieved from /Users/swarnalidatta/Desktop/AutoQueryChatbot/.airflow-venv/lib/python3.12/site-packages/airflow/example_dags/example_complex.py
[2026-09-22T15:00:10.875+0200] {logging_mixin.py:190} INFO - [2026-09-22T15:00:10.875+0200] {dag.py:3239} INFO - Sync 1 DAGs
[2026-09-22T15:00:10.899+0200] {logging_mixin.py:190} INFO - [2026-09-22T15:00:10.899+0200] {dag.py:4180} INFO - Setting next_dagrun for example_complex to None, run_after=None
[2026-09-22T15:00:10.904+0200] {processor.py:208} INFO - Processing /Users/swarnalidatta/Desktop/AutoQueryChatbot/.airflow-venv/lib/python3.12/site-packages/airflow/example_dags/example_complex.py took 0.065 seconds
[2026-09-22T15:02:21.513+0200] {processor.py:186} INFO - Started process (PID=30171) to work on /Users/swarnalidatta/Desktop/AutoQueryChatbot/.airflow-venv/lib/python3.12/site-packages/airflow/example_dags/example_complex.py
[2026-09-22T15:02:21.513+0200] {processor.py:914} INFO - Processing file /Users/swarnalidatta/Desktop/AutoQueryChatbot/.airflow-venv/lib/python3.12/site-packages/airflow/example_dags/example_complex.py for tasks to queue
[2026-09-22T15:02:21.514+0200] {logging_mixin.py:190} INFO - [2026-09-22T15:02:21.514+0200] {dagbag.py:588} INFO - Filling up the DagBag from /Users/swarnalidatta/Desktop/AutoQueryChatbot/.airflow-venv/lib/python3.12/site-packages/airflow/example_dags/example_complex.py
[2026-09-22T15:02:21.517+0200] {processor.py:925} INFO - DAG(s) 'example_complex' retrieved from /Users/swarnalidatta/Desktop/AutoQueryChatbot/.airflow-venv/lib/python3.12/site-packages/airflow/example_dags/example_complex.py
[2026-09-22T15:02:21.548+0200] {logging_mixin.py:190} INFO - [2026-09-22T15:02:21.548+0200] {dag.py:3239} INFO - Sync 1 DAGs
[2026-09-22T15:02:21.573+0200] {logging_mixin.py:190} INFO - [2026-09-22T15:02:21.573+0200] {dag.py:4180} INFO - Setting next_dagrun for example_complex to None, run_after=None
[2026-09-22T15:02:21.578+0200] {processor.py:208} INFO - Processing /Users/swarnalidatta/Desktop/AutoQueryChatbot/.airflow-venv/lib/python3.12/site-packages/airflow/example_dags/example_complex.py took 0.066 seconds
[2026-09-22T15:04:32.881+0200] {processor.py:186} INFO - Started process (PID=30467) to work on /Users/swarnalidatta/Desktop/AutoQueryChatbot/.airflow-venv/lib/python3.12/site-packages/airflow/example_dags/example_complex.py
[2026-09-22T15:04:32.882+0200] {processor.py:914} INFO - Processing file /Users/swarnalidatta/Desktop/AutoQueryChatbot/.airflow-venv/lib/python3.12/site-packages/airflow/example_dags/example_complex.py for tasks to queue
[2026-09-22T15:04:32.882+0200] {logging_mixin.py:190} INFO - [2026-09-22T15:04:32.882+0200] {dagbag.py:588} INFO - Filling up the DagBag from /Users/swarnalidatta/Desktop/AutoQueryChatbot/.airflow-venv/lib/python3.12/site-packages/airflow/example_dags/example_complex.py
[2026-09-22T15:04:32.885+0200] {processor.py:925} INFO - DAG(s) 'example_complex' retrieved from /Users/swarnalidatta/Desktop/AutoQueryChatbot/.airflow-venv/lib/python3.12/site-packages/airflow/example_dags/example_complex.py
[2026-09-22T15:04:32.916+0200] {logging_mixin.py:190} INFO - [2026-09-22T15:04:32.916+0200] {dag.py:3239} INFO - Sync 1 DAGs
[2026-09-22T15:04:32.940+0200] {logging_mixin.py:190} INFO - [2026-09-22T15:04:32.940+0200] {dag.py:4180} INFO - Setting next_dagrun for example_complex to None, run_after=None
[2026-09-22T15:04:32.945+0200] {processor.py:208} INFO - Processing /Users/swarnalidatta/Desktop/AutoQueryChatbot/.airflow-venv/lib/python3.12/site-packages/airflow/example_dags/example_complex.py took 0.065 seconds
[2026-09-22T15:06:41.792+0200] {processor.py:186} INFO - Started process (PID=30754) to work on /Users/swarnalidatta/Desktop/AutoQueryChatbot/.airflow-venv/lib/python3.12/site-packages/airflow/example_dags/example_complex.py
[2026-09-22T15:06:41.792+0200] {processor.py:914} INFO - Processing file /Users/swarnalidatta/Desktop/AutoQueryChatbot/.airflow-venv/lib/python3.12/site-packages/airflow/example_dags/example_complex.py for tasks to queue
[2026-09-22T15:06:41.793+0200] {logging_mixin.py:190} INFO - [2026-09-22T15:06:41.792+0200] {dagbag.py:588} INFO - Filling up the DagBag from /Users/swarnalidatta/Desktop/AutoQueryChatbot/.airflow-venv/lib/python3.12/site-packages/airflow/example_dags/example_complex.py
[2026-09-22T15:06:41.796+0200] {processor.py:925} INFO - DAG(s) 'example_complex' retrieved from /Users/swarnalidatta/Desktop/AutoQueryChatbot/.airflow-venv/lib/python3.12/site-packages/airflow/example_dags/example_complex.py
[2026-09-22T15:06:41.827+0200] {logging_mixin.py:190} INFO - [2026-09-22T15:06:41.827+0200] {dag.py:3239} INFO - Sync 1 DAGs
[2026-09-22T15:06:41.852+0200] {logging_mixin.py:190} INFO - [2026-09-22T15:06:41.851+0200] {dag.py:4180} INFO - Setting next_dagrun for example_complex to None, run_after=None
[2026-09-22T15:06:41.857+0200] {processor.py:208} INFO - Processing /Users/swarnalidatta/Desktop/AutoQueryChatbot/.airflow-venv/lib/python3.12/site-packages/airflow/example_dags/example_complex.py took 0.066 seconds
[2026-09-22T15:08:53.321+0200] {processor.py:186} INFO - Started process (PID=31049) to work on /Users/swarnalidatta/Desktop/AutoQueryChatbot/.airflow-venv/lib/python3.12/site-packages/airflow/example_dags/example_complex.py
[2026-09-22T15:08:53.321+0200] {processor.py:914} INFO - Processing file /Users/swarnalidatta/Desktop/AutoQueryChatbot/.airflow-venv/lib/python3.12/site-packages/airflow/example_dags/example_complex.py for tasks to queue
[2026-09-22T15:08:53.321+0200] {logging_mixin.py:190} INFO - [2026-09-22T15:08:53.321+0200] {dagbag.py:588} INFO - Filling up the DagBag from /Users/swarnalidatta/Desktop/AutoQueryChatbot/.airflow-venv/lib/python3.12/site-packages/airflow/example_dags/example_complex.py
[2026-09-22T15:08:53.325+0200] {processor.py:925} INFO - DAG(s) 'example_complex' retrieved from /Users/swarnalidatta/Desktop/AutoQueryChatbot/.airflow-venv/lib/python3.12/site-packages/airflow/example_dags/example_complex.py
[2026-09-22T15:08:53.357+0200] {logging_mixin.py:190} INFO - [2026-09-22T15:08:53.357+0200] {dag.py:3239} INFO - Sync 1 DAGs
[2026-09-22T15:08:53.382+0200] {logging_mixin.py:190} INFO - [2026-09-22T15:08:53.382+0200] {dag.py:4180} INFO - Setting next_dagrun for example_complex to None, run_after=None
[2026-09-22T15:08:53.387+0200] {processor.py:208} INFO - Processing /Users/swarnalidatta/Desktop/AutoQueryChatbot/.airflow-venv/lib/python3.12/site-packages/airflow/example_dags/example_complex.py took 0.068 seconds
[2026-09-22T15:11:05.275+0200] {processor.py:186} INFO - Started process (PID=31351) to work on /Users/swarnalidatta/Desktop/AutoQueryChatbot/.airflow-venv/lib/python3.12/site-packages/airflow/example_dags/example_complex.py
[2026-09-22T15:11:05.275+0200] {processor.py:914} INFO - Processing file /Users/swarnalidatta/Desktop/AutoQueryChatbot/.airflow-venv/lib/python3.12/site-packages/airflow/example_dags/example_complex.py for tasks to queue
[2026-09-22T15:11:05.276+0200] {logging_mixin.py:190} INFO - [2026-09-22T15:11:05.276+0200] {dagbag.py:588} INFO - Filling up the DagBag from /Users/swarnalidatta/Desktop/AutoQueryChatbot/.airflow-venv/lib/python3.12/site-packages/airflow/example_dags/example_complex.py
[2026-09-22T15:11:05.279+0200] {processor.py:925} INFO - DAG(s) 'example_complex' retrieved from /Users/swarnalidatta/Desktop/AutoQueryChatbot/.airflow-venv/lib/python3.12/site-packages/airflow/example_dags/example_complex.py
[2026-09-22T15:11:05.310+0200] {logging_mixin.py:190} INFO - [2026-09-22T15:11:05.310+0200] {dag.py:3239} INFO - Sync 1 DAGs
[2026-09-22T15:11:05.333+0200] {logging_mixin.py:190} INFO - [2026-09-22T15:11:05.333+0200] {dag.py:4180} INFO - Setting next_dagrun for example_complex to None, run_after=None
[2026-09-22T15:11:05.338+0200] {processor.py:208} INFO - Processing /Users/swarnalidatta/Desktop/AutoQueryChatbot/.airflow-venv/lib/python3.12/site-packages/airflow/example_dags/example_complex.py took 0.064 seconds
[2026-09-22T15:13:19.783+0200] {processor.py:186} INFO - Started process (PID=31654) to work on /Users/swarnalidatta/Desktop/AutoQueryChatbot/.airflow-venv/lib/python3.12/site-packages/airflow/example_dags/example_complex.py
[2026-09-22T15:13:19.784+0200] {processor.py:914} INFO - Processing file /Users/swarnalidatta/Desktop/AutoQueryChatbot/.airflow-venv/lib/python3.12/site-packages/airflow/example_dags/example_complex.py for tasks to queue
[2026-09-22T15:13:19.784+0200] {logging_mixin.py:190} INFO - [2026-09-22T15:13:19.784+0200] {dagbag.py:588} INFO - Filling up the DagBag from /Users/swarnalidatta/Desktop/AutoQueryChatbot/.airflow-venv/lib/python3.12/site-packages/airflow/example_dags/example_complex.py
[2026-09-22T15:13:19.788+0200] {processor.py:925} INFO - DAG(s) 'example_complex' retrieved from /Users/swarnalidatta/Desktop/AutoQueryChatbot/.airflow-venv/lib/python3.12/site-packages/airflow/example_dags/example_complex.py
[2026-09-22T15:13:19.819+0200] {logging_mixin.py:190} INFO - [2026-09-22T15:13:19.819+0200] {dag.py:3239} INFO - Sync 1 DAGs
[2026-09-22T15:13:19.845+0200] {logging_mixin.py:190} INFO - [2026-09-22T15:13:19.845+0200] {dag.py:4180} INFO - Setting next_dagrun for example_complex to None, run_after=None
[2026-09-22T15:13:19.850+0200] {processor.py:208} INFO - Processing /Users/swarnalidatta/Desktop/AutoQueryChatbot/.airflow-venv/lib/python3.12/site-packages/airflow/example_dags/example_complex.py took 0.068 seconds
[2026-09-22T15:15:31.193+0200] {processor.py:186} INFO - Started process (PID=32462) to work on /Users/swarnalidatta/Desktop/AutoQueryChatbot/.airflow-venv/lib/python3.12/site-packages/airflow/example_dags/example_complex.py
[2026-09-22T15:15:31.194+0200] {processor.py:914} INFO - Processing file /Users/swarnalidatta/Desktop/AutoQueryChatbot/.airflow-venv/lib/python3.12/site-packages/airflow/example_dags/example_complex.py for tasks to queue
[2026-09-22T15:15:31.194+0200] {logging_mixin.py:190} INFO - [2026-09-22T15:15:31.194+0200] {dagbag.py:588} INFO - Filling up the DagBag from /Users/swarnalidatta/Desktop/AutoQueryChatbot/.airflow-venv/lib/python3.12/site-packages/airflow/example_dags/example_complex.py
[2026-09-22T15:15:31.198+0200] {processor.py:925} INFO - DAG(s) 'example_complex' retrieved from /Users/swarnalidatta/Desktop/AutoQueryChatbot/.airflow-venv/lib/python3.12/site-packages/airflow/example_dags/example_complex.py
[2026-09-22T15:15:31.228+0200] {logging_mixin.py:190} INFO - [2026-09-22T15:15:31.228+0200] {dag.py:3239} INFO - Sync 1 DAGs
[2026-09-22T15:15:31.252+0200] {logging_mixin.py:190} INFO - [2026-09-22T15:15:31.252+0200] {dag.py:4180} INFO - Setting next_dagrun for example_complex to None, run_after=None
[2026-09-22T15:15:31.257+0200] {processor.py:208} INFO - Processing /Users/swarnalidatta/Desktop/AutoQueryChatbot/.airflow-venv/lib/python3.12/site-packages/airflow/example_dags/example_complex.py took 0.065 seconds
[2026-09-22T15:17:37.213+0200] {processor.py:186} INFO - Started process (PID=32750) to work on /Users/swarnalidatta/Desktop/AutoQueryChatbot/.airflow-venv/lib/python3.12/site-packages/airflow/example_dags/example_complex.py
[2026-09-22T15:17:37.213+0200] {processor.py:914} INFO - Processing file /Users/swarnalidatta/Desktop/AutoQueryChatbot/.airflow-venv/lib/python3.12/site-packages/airflow/example_dags/example_complex.py for tasks to queue
[2026-09-22T15:17:37.213+0200] {logging_mixin.py:190} INFO - [2026-09-22T15:17:37.213+0200] {dagbag.py:588} INFO - Filling up the DagBag from /Users/swarnalidatta/Desktop/AutoQueryChatbot/.airflow-venv/lib/python3.12/site-packages/airflow/example_dags/example_complex.py
[2026-09-22T15:17:37.217+0200] {processor.py:925} INFO - DAG(s) 'example_complex' retrieved from /Users/swarnalidatta/Desktop/AutoQueryChatbot/.airflow-venv/lib/python3.12/site-packages/airflow/example_dags/example_complex.py
[2026-09-22T15:17:37.248+0200] {logging_mixin.py:190} INFO - [2026-09-22T15:17:37.248+0200] {dag.py:3239} INFO - Sync 1 DAGs
[2026-09-22T15:17:37.272+0200] {logging_mixin.py:190} INFO - [2026-09-22T15:17:37.272+0200] {dag.py:4180} INFO - Setting next_dagrun for example_complex to None, run_after=None
[2026-09-22T15:17:37.277+0200] {processor.py:208} INFO - Processing /Users/swarnalidatta/Desktop/AutoQueryChatbot/.airflow-venv/lib/python3.12/site-packages/airflow/example_dags/example_complex.py took 0.066 seconds
[2026-09-22T15:19:50.416+0200] {processor.py:186} INFO - Started process (PID=33193) to work on /Users/swarnalidatta/Desktop/AutoQueryChatbot/.airflow-venv/lib/python3.12/site-packages/airflow/example_dags/example_complex.py
[2026-09-22T15:19:50.416+0200] {processor.py:914} INFO - Processing file /Users/swarnalidatta/Desktop/AutoQueryChatbot/.airflow-venv/lib/python3.12/site-packages/airflow/example_dags/example_complex.py for tasks to queue
[2026-09-22T15:19:50.416+0200] {logging_mixin.py:190} INFO - [2026-09-22T15:19:50.416+0200] {dagbag.py:588} INFO - Filling up the DagBag from /Users/swarnalidatta/Desktop/AutoQueryChatbot/.airflow-venv/lib/python3.12/site-packages/airflow/example_dags/example_complex.py
[2026-09-22T15:19:50.420+0200] {processor.py:925} INFO - DAG(s) 'example_complex' retrieved from /Users/swarnalidatta/Desktop/AutoQueryChatbot/.airflow-venv/lib/python3.12/site-packages/airflow/example_dags/example_complex.py
[2026-09-22T15:19:50.451+0200] {logging_mixin.py:190} INFO - [2026-09-22T15:19:50.451+0200] {dag.py:3239} INFO - Sync 1 DAGs
[2026-09-22T15:19:50.475+0200] {logging_mixin.py:190} INFO - [2026-09-22T15:19:50.475+0200] {dag.py:4180} INFO - Setting next_dagrun for example_complex to None, run_after=None
[2026-09-22T15:19:50.480+0200] {processor.py:208} INFO - Processing /Users/swarnalidatta/Desktop/AutoQueryChatbot/.airflow-venv/lib/python3.12/site-packages/airflow/example_dags/example_complex.py took 0.065 seconds
[2026-09-22T15:22:01.895+0200] {processor.py:186} INFO - Started process (PID=33492) to work on /Users/swarnalidatta/Desktop/AutoQueryChatbot/.airflow-venv/lib/python3.12/site-packages/airflow/example_dags/example_complex.py
[2026-09-22T15:22:01.895+0200] {processor.py:914} INFO - Processing file /Users/swarnalidatta/Desktop/AutoQueryChatbot/.airflow-venv/lib/python3.12/site-packages/airflow/example_dags/example_complex.py for tasks to queue
[2026-09-22T15:22:01.895+0200] {logging_mixin.py:190} INFO - [2026-09-22T15:22:01.895+0200] {dagbag.py:588} INFO - Filling up the DagBag from /Users/swarnalidatta/Desktop/AutoQueryChatbot/.airflow-venv/lib/python3.12/site-packages/airflow/example_dags/example_complex.py
[2026-09-22T15:22:01.899+0200] {processor.py:925} INFO - DAG(s) 'example_complex' retrieved from /Users/swarnalidatta/Desktop/AutoQueryChatbot/.airflow-venv/lib/python3.12/site-packages/airflow/example_dags/example_complex.py
[2026-09-22T15:22:01.930+0200] {logging_mixin.py:190} INFO - [2026-09-22T15:22:01.930+0200] {dag.py:3239} INFO - Sync 1 DAGs
[2026-09-22T15:22:01.956+0200] {logging_mixin.py:190} INFO - [2026-09-22T15:22:01.956+0200] {dag.py:4180} INFO - Setting next_dagrun for example_complex to None, run_after=None
[2026-09-22T15:22:01.962+0200] {processor.py:208} INFO - Processing /Users/swarnalidatta/Desktop/AutoQueryChatbot/.airflow-venv/lib/python3.12/site-packages/airflow/example_dags/example_complex.py took 0.068 seconds
[2026-09-22T15:24:18.802+0200] {processor.py:186} INFO - Started process (PID=33793) to work on /Users/swarnalidatta/Desktop/AutoQueryChatbot/.airflow-venv/lib/python3.12/site-packages/airflow/example_dags/example_complex.py
[2026-09-22T15:24:18.802+0200] {processor.py:914} INFO - Processing file /Users/swarnalidatta/Desktop/AutoQueryChatbot/.airflow-venv/lib/python3.12/site-packages/airflow/example_dags/example_complex.py for tasks to queue
[2026-09-22T15:24:18.803+0200] {logging_mixin.py:190} INFO - [2026-09-22T15:24:18.803+0200] {dagbag.py:588} INFO - Filling up the DagBag from /Users/swarnalidatta/Desktop/AutoQueryChatbot/.airflow-venv/lib/python3.12/site-packages/airflow/example_dags/example_complex.py
[2026-09-22T15:24:18.807+0200] {processor.py:925} INFO - DAG(s) 'example_complex' retrieved from /Users/swarnalidatta/Desktop/AutoQueryChatbot/.airflow-venv/lib/python3.12/site-packages/airflow/example_dags/example_complex.py
[2026-09-22T15:24:18.838+0200] {logging_mixin.py:190} INFO - [2026-09-22T15:24:18.838+0200] {dag.py:3239} INFO - Sync 1 DAGs
[2026-09-22T15:24:18.864+0200] {logging_mixin.py:190} INFO - [2026-09-22T15:24:18.864+0200] {dag.py:4180} INFO - Setting next_dagrun for example_complex to None, run_after=None
[2026-09-22T15:24:18.869+0200] {processor.py:208} INFO - Processing /Users/swarnalidatta/Desktop/AutoQueryChatbot/.airflow-venv/lib/python3.12/site-packages/airflow/example_dags/example_complex.py took 0.068 seconds
[2026-09-22T15:26:34.597+0200] {processor.py:186} INFO - Started process (PID=34098) to work on /Users/swarnalidatta/Desktop/AutoQueryChatbot/.airflow-venv/lib/python3.12/site-packages/airflow/example_dags/example_complex.py
[2026-09-22T15:26:34.598+0200] {processor.py:914} INFO - Processing file /Users/swarnalidatta/Desktop/AutoQueryChatbot/.airflow-venv/lib/python3.12/site-packages/airflow/example_dags/example_complex.py for tasks to queue
[2026-09-22T15:26:34.598+0200] {logging_mixin.py:190} INFO - [2026-09-22T15:26:34.598+0200] {dagbag.py:588} INFO - Filling up the DagBag from /Users/swarnalidatta/Desktop/AutoQueryChatbot/.airflow-venv/lib/python3.12/site-packages/airflow/example_dags/example_complex.py
[2026-09-22T15:26:34.602+0200] {processor.py:925} INFO - DAG(s) 'example_complex' retrieved from /Users/swarnalidatta/Desktop/AutoQueryChatbot/.airflow-venv/lib/python3.12/site-packages/airflow/example_dags/example_complex.py
[2026-09-22T15:26:34.633+0200] {logging_mixin.py:190} INFO - [2026-09-22T15:26:34.633+0200] {dag.py:3239} INFO - Sync 1 DAGs
[2026-09-22T15:26:34.659+0200] {logging_mixin.py:190} INFO - [2026-09-22T15:26:34.659+0200] {dag.py:4180} INFO - Setting next_dagrun for example_complex to None, run_after=None
[2026-09-22T15:26:34.664+0200] {processor.py:208} INFO - Processing /Users/swarnalidatta/Desktop/AutoQueryChatbot/.airflow-venv/lib/python3.12/site-packages/airflow/example_dags/example_complex.py took 0.068 seconds
[2026-09-22T15:28:48.181+0200] {processor.py:186} INFO - Started process (PID=34390) to work on /Users/swarnalidatta/Desktop/AutoQueryChatbot/.airflow-venv/lib/python3.12/site-packages/airflow/example_dags/example_complex.py
[2026-09-22T15:28:48.181+0200] {processor.py:914} INFO - Processing file /Users/swarnalidatta/Desktop/AutoQueryChatbot/.airflow-venv/lib/python3.12/site-packages/airflow/example_dags/example_complex.py for tasks to queue
[2026-09-22T15:28:48.181+0200] {logging_mixin.py:190} INFO - [2026-09-22T15:28:48.181+0200] {dagbag.py:588} INFO - Filling up the DagBag from /Users/swarnalidatta/Desktop/AutoQueryChatbot/.airflow-venv/lib/python3.12/site-packages/airflow/example_dags/example_complex.py
[2026-09-22T15:28:48.185+0200] {processor.py:925} INFO - DAG(s) 'example_complex' retrieved from /Users/swarnalidatta/Desktop/AutoQueryChatbot/.airflow-venv/lib/python3.12/site-packages/airflow/example_dags/example_complex.py
[2026-09-22T15:28:48.217+0200] {logging_mixin.py:190} INFO - [2026-09-22T15:28:48.217+0200] {dag.py:3239} INFO - Sync 1 DAGs
[2026-09-22T15:28:48.243+0200] {logging_mixin.py:190} INFO - [2026-09-22T15:28:48.242+0200] {dag.py:4180} INFO - Setting next_dagrun for example_complex to None, run_after=None
[2026-09-22T15:28:48.248+0200] {processor.py:208} INFO - Processing /Users/swarnalidatta/Desktop/AutoQueryChatbot/.airflow-venv/lib/python3.12/site-packages/airflow/example_dags/example_complex.py took 0.069 seconds
[2026-09-22T15:30:58.594+0200] {processor.py:186} INFO - Started process (PID=34685) to work on /Users/swarnalidatta/Desktop/AutoQueryChatbot/.airflow-venv/lib/python3.12/site-packages/airflow/example_dags/example_complex.py
[2026-09-22T15:30:58.595+0200] {processor.py:914} INFO - Processing file /Users/swarnalidatta/Desktop/AutoQueryChatbot/.airflow-venv/lib/python3.12/site-packages/airflow/example_dags/example_complex.py for tasks to queue
[2026-09-22T15:30:58.595+0200] {logging_mixin.py:190} INFO - [2026-09-22T15:30:58.595+0200] {dagbag.py:588} INFO - Filling up the DagBag from /Users/swarnalidatta/Desktop/AutoQueryChatbot/.airflow-venv/lib/python3.12/site-packages/airflow/example_dags/example_complex.py
[2026-09-22T15:30:58.599+0200] {processor.py:925} INFO - DAG(s) 'example_complex' retrieved from /Users/swarnalidatta/Desktop/AutoQueryChatbot/.airflow-venv/lib/python3.12/site-packages/airflow/example_dags/example_complex.py
[2026-09-22T15:30:58.630+0200] {logging_mixin.py:190} INFO - [2026-09-22T15:30:58.630+0200] {dag.py:3239} INFO - Sync 1 DAGs
[2026-09-22T15:30:58.657+0200] {logging_mixin.py:190} INFO - [2026-09-22T15:30:58.656+0200] {dag.py:4180} INFO - Setting next_dagrun for example_complex to None, run_after=None
[2026-09-22T15:30:58.662+0200] {processor.py:208} INFO - Processing /Users/swarnalidatta/Desktop/AutoQueryChatbot/.airflow-venv/lib/python3.12/site-packages/airflow/example_dags/example_complex.py took 0.069 seconds
[2026-09-22T15:33:10.927+0200] {processor.py:186} INFO - Started process (PID=34982) to work on /Users/swarnalidatta/Desktop/AutoQueryChatbot/.airflow-venv/lib/python3.12/site-packages/airflow/example_dags/example_complex.py
[2026-09-22T15:33:10.928+0200] {processor.py:914} INFO - Processing file /Users/swarnalidatta/Desktop/AutoQueryChatbot/.airflow-venv/lib/python3.12/site-packages/airflow/example_dags/example_complex.py for tasks to queue
[2026-09-22T15:33:10.928+0200] {logging_mixin.py:190} INFO - [2026-09-22T15:33:10.928+0200] {dagbag.py:588} INFO - Filling up the DagBag from /Users/swarnalidatta/Desktop/AutoQueryChatbot/.airflow-venv/lib/python3.12/site-packages/airflow/example_dags/example_complex.py
[2026-09-22T15:33:10.932+0200] {processor.py:925} INFO - DAG(s) 'example_complex' retrieved from /Users/swarnalidatta/Desktop/AutoQueryChatbot/.airflow-venv/lib/python3.12/site-packages/airflow/example_dags/example_complex.py
[2026-09-22T15:33:10.963+0200] {logging_mixin.py:190} INFO - [2026-09-22T15:33:10.963+0200] {dag.py:3239} INFO - Sync 1 DAGs
[2026-09-22T15:33:10.987+0200] {logging_mixin.py:190} INFO - [2026-09-22T15:33:10.987+0200] {dag.py:4180} INFO - Setting next_dagrun for example_complex to None, run_after=None
[2026-09-22T15:33:10.993+0200] {processor.py:208} INFO - Processing /Users/swarnalidatta/Desktop/AutoQueryChatbot/.airflow-venv/lib/python3.12/site-packages/airflow/example_dags/example_complex.py took 0.067 seconds
[2026-09-22T15:35:27.449+0200] {processor.py:186} INFO - Started process (PID=35282) to work on /Users/swarnalidatta/Desktop/AutoQueryChatbot/.airflow-venv/lib/python3.12/site-packages/airflow/example_dags/example_complex.py
[2026-09-22T15:35:27.450+0200] {processor.py:914} INFO - Processing file /Users/swarnalidatta/Desktop/AutoQueryChatbot/.airflow-venv/lib/python3.12/site-packages/airflow/example_dags/example_complex.py for tasks to queue
[2026-09-22T15:35:27.450+0200] {logging_mixin.py:190} INFO - [2026-09-22T15:35:27.450+0200] {dagbag.py:588} INFO - Filling up the DagBag from /Users/swarnalidatta/Desktop/AutoQueryChatbot/.airflow-venv/lib/python3.12/site-packages/airflow/example_dags/example_complex.py
[2026-09-22T15:35:27.454+0200] {processor.py:925} INFO - DAG(s) 'example_complex' retrieved from /Users/swarnalidatta/Desktop/AutoQueryChatbot/.airflow-venv/lib/python3.12/site-packages/airflow/example_dags/example_complex.py
[2026-09-22T15:35:27.485+0200] {logging_mixin.py:190} INFO - [2026-09-22T15:35:27.485+0200] {dag.py:3239} INFO - Sync 1 DAGs
[2026-09-22T15:35:27.511+0200] {logging_mixin.py:190} INFO - [2026-09-22T15:35:27.510+0200] {dag.py:4180} INFO - Setting next_dagrun for example_complex to None, run_after=None
[2026-09-22T15:35:27.516+0200] {processor.py:208} INFO - Processing /Users/swarnalidatta/Desktop/AutoQueryChatbot/.airflow-venv/lib/python3.12/site-packages/airflow/example_dags/example_complex.py took 0.068 seconds
[2026-09-22T15:37:38.509+0200] {processor.py:186} INFO - Started process (PID=35583) to work on /Users/swarnalidatta/Desktop/AutoQueryChatbot/.airflow-venv/lib/python3.12/site-packages/airflow/example_dags/example_complex.py
[2026-09-22T15:37:38.509+0200] {processor.py:914} INFO - Processing file /Users/swarnalidatta/Desktop/AutoQueryChatbot/.airflow-venv/lib/python3.12/site-packages/airflow/example_dags/example_complex.py for tasks to queue
[2026-09-22T15:37:38.510+0200] {logging_mixin.py:190} INFO - [2026-09-22T15:37:38.510+0200] {dagbag.py:588} INFO - Filling up the DagBag from /Users/swarnalidatta/Desktop/AutoQueryChatbot/.airflow-venv/lib/python3.12/site-packages/airflow/example_dags/example_complex.py
[2026-09-22T15:37:38.513+0200] {processor.py:925} INFO - DAG(s) 'example_complex' retrieved from /Users/swarnalidatta/Desktop/AutoQueryChatbot/.airflow-venv/lib/python3.12/site-packages/airflow/example_dags/example_complex.py
[2026-09-22T15:37:38.544+0200] {logging_mixin.py:190} INFO - [2026-09-22T15:37:38.544+0200] {dag.py:3239} INFO - Sync 1 DAGs
[2026-09-22T15:37:38.567+0200] {logging_mixin.py:190} INFO - [2026-09-22T15:37:38.567+0200] {dag.py:4180} INFO - Setting next_dagrun for example_complex to None, run_after=None
[2026-09-22T15:37:38.573+0200] {processor.py:208} INFO - Processing /Users/swarnalidatta/Desktop/AutoQueryChatbot/.airflow-venv/lib/python3.12/site-packages/airflow/example_dags/example_complex.py took 0.064 seconds
[2026-09-22T15:39:58.476+0200] {processor.py:186} INFO - Started process (PID=35892) to work on /Users/swarnalidatta/Desktop/AutoQueryChatbot/.airflow-venv/lib/python3.12/site-packages/airflow/example_dags/example_complex.py
[2026-09-22T15:39:58.476+0200] {processor.py:914} INFO - Processing file /Users/swarnalidatta/Desktop/AutoQueryChatbot/.airflow-venv/lib/python3.12/site-packages/airflow/example_dags/example_complex.py for tasks to queue
[2026-09-22T15:39:58.477+0200] {logging_mixin.py:190} INFO - [2026-09-22T15:39:58.477+0200] {dagbag.py:588} INFO - Filling up the DagBag from /Users/swarnalidatta/Desktop/AutoQueryChatbot/.airflow-venv/lib/python3.12/site-packages/airflow/example_dags/example_complex.py
[2026-09-22T15:39:58.481+0200] {processor.py:925} INFO - DAG(s) 'example_complex' retrieved from /Users/swarnalidatta/Desktop/AutoQueryChatbot/.airflow-venv/lib/python3.12/site-packages/airflow/example_dags/example_complex.py
[2026-09-22T15:39:58.514+0200] {logging_mixin.py:190} INFO - [2026-09-22T15:39:58.514+0200] {dag.py:3239} INFO - Sync 1 DAGs
[2026-09-22T15:39:58.546+0200] {logging_mixin.py:190} INFO - [2026-09-22T15:39:58.545+0200] {dag.py:4180} INFO - Setting next_dagrun for example_complex to None, run_after=None
[2026-09-22T15:39:58.551+0200] {processor.py:208} INFO - Processing /Users/swarnalidatta/Desktop/AutoQueryChatbot/.airflow-venv/lib/python3.12/site-packages/airflow/example_dags/example_complex.py took 0.076 seconds
[2026-09-22T15:42:10.595+0200] {processor.py:186} INFO - Started process (PID=36188) to work on /Users/swarnalidatta/Desktop/AutoQueryChatbot/.airflow-venv/lib/python3.12/site-packages/airflow/example_dags/example_complex.py
[2026-09-22T15:42:10.595+0200] {processor.py:914} INFO - Processing file /Users/swarnalidatta/Desktop/AutoQueryChatbot/.airflow-venv/lib/python3.12/site-packages/airflow/example_dags/example_complex.py for tasks to queue
[2026-09-22T15:42:10.595+0200] {logging_mixin.py:190} INFO - [2026-09-22T15:42:10.595+0200] {dagbag.py:588} INFO - Filling up the DagBag from /Users/swarnalidatta/Desktop/AutoQueryChatbot/.airflow-venv/lib/python3.12/site-packages/airflow/example_dags/example_complex.py
[2026-09-22T15:42:10.599+0200] {processor.py:925} INFO - DAG(s) 'example_complex' retrieved from /Users/swarnalidatta/Desktop/AutoQueryChatbot/.airflow-venv/lib/python3.12/site-packages/airflow/example_dags/example_complex.py
[2026-09-22T15:42:10.630+0200] {logging_mixin.py:190} INFO - [2026-09-22T15:42:10.630+0200] {dag.py:3239} INFO - Sync 1 DAGs
[2026-09-22T15:42:10.654+0200] {logging_mixin.py:190} INFO - [2026-09-22T15:42:10.654+0200] {dag.py:4180} INFO - Setting next_dagrun for example_complex to None, run_after=None
[2026-09-22T15:42:10.659+0200] {processor.py:208} INFO - Processing /Users/swarnalidatta/Desktop/AutoQueryChatbot/.airflow-venv/lib/python3.12/site-packages/airflow/example_dags/example_complex.py took 0.066 seconds
[2026-09-22T15:44:26.362+0200] {processor.py:186} INFO - Started process (PID=36496) to work on /Users/swarnalidatta/Desktop/AutoQueryChatbot/.airflow-venv/lib/python3.12/site-packages/airflow/example_dags/example_complex.py
[2026-09-22T15:44:26.363+0200] {processor.py:914} INFO - Processing file /Users/swarnalidatta/Desktop/AutoQueryChatbot/.airflow-venv/lib/python3.12/site-packages/airflow/example_dags/example_complex.py for tasks to queue
[2026-09-22T15:44:26.363+0200] {logging_mixin.py:190} INFO - [2026-09-22T15:44:26.363+0200] {dagbag.py:588} INFO - Filling up the DagBag from /Users/swarnalidatta/Desktop/AutoQueryChatbot/.airflow-venv/lib/python3.12/site-packages/airflow/example_dags/example_complex.py
[2026-09-22T15:44:26.367+0200] {processor.py:925} INFO - DAG(s) 'example_complex' retrieved from /Users/swarnalidatta/Desktop/AutoQueryChatbot/.airflow-venv/lib/python3.12/site-packages/airflow/example_dags/example_complex.py
[2026-09-22T15:44:26.398+0200] {logging_mixin.py:190} INFO - [2026-09-22T15:44:26.398+0200] {dag.py:3239} INFO - Sync 1 DAGs
[2026-09-22T15:44:26.422+0200] {logging_mixin.py:190} INFO - [2026-09-22T15:44:26.422+0200] {dag.py:4180} INFO - Setting next_dagrun for example_complex to None, run_after=None
[2026-09-22T15:44:26.427+0200] {processor.py:208} INFO - Processing /Users/swarnalidatta/Desktop/AutoQueryChatbot/.airflow-venv/lib/python3.12/site-packages/airflow/example_dags/example_complex.py took 0.066 seconds
[2026-09-22T15:46:39.357+0200] {processor.py:186} INFO - Started process (PID=36787) to work on /Users/swarnalidatta/Desktop/AutoQueryChatbot/.airflow-venv/lib/python3.12/site-packages/airflow/example_dags/example_complex.py
[2026-09-22T15:46:39.358+0200] {processor.py:914} INFO - Processing file /Users/swarnalidatta/Desktop/AutoQueryChatbot/.airflow-venv/lib/python3.12/site-packages/airflow/example_dags/example_complex.py for tasks to queue
[2026-09-22T15:46:39.358+0200] {logging_mixin.py:190} INFO - [2026-09-22T15:46:39.358+0200] {dagbag.py:588} INFO - Filling up the DagBag from /Users/swarnalidatta/Desktop/AutoQueryChatbot/.airflow-venv/lib/python3.12/site-packages/airflow/example_dags/example_complex.py
[2026-09-22T15:46:39.362+0200] {processor.py:925} INFO - DAG(s) 'example_complex' retrieved from /Users/swarnalidatta/Desktop/AutoQueryChatbot/.airflow-venv/lib/python3.12/site-packages/airflow/example_dags/example_complex.py
[2026-09-22T15:46:39.392+0200] {logging_mixin.py:190} INFO - [2026-09-22T15:46:39.392+0200] {dag.py:3239} INFO - Sync 1 DAGs
[2026-09-22T15:46:39.415+0200] {logging_mixin.py:190} INFO - [2026-09-22T15:46:39.415+0200] {dag.py:4180} INFO - Setting next_dagrun for example_complex to None, run_after=None
[2026-09-22T15:46:39.421+0200] {processor.py:208} INFO - Processing /Users/swarnalidatta/Desktop/AutoQueryChatbot/.airflow-venv/lib/python3.12/site-packages/airflow/example_dags/example_complex.py took 0.064 seconds
[2026-09-22T15:48:52.816+0200] {processor.py:186} INFO - Started process (PID=37085) to work on /Users/swarnalidatta/Desktop/AutoQueryChatbot/.airflow-venv/lib/python3.12/site-packages/airflow/example_dags/example_complex.py
[2026-09-22T15:48:52.816+0200] {processor.py:914} INFO - Processing file /Users/swarnalidatta/Desktop/AutoQueryChatbot/.airflow-venv/lib/python3.12/site-packages/airflow/example_dags/example_complex.py for tasks to queue
[2026-09-22T15:48:52.816+0200] {logging_mixin.py:190} INFO - [2026-09-22T15:48:52.816+0200] {dagbag.py:588} INFO - Filling up the DagBag from /Users/swarnalidatta/Desktop/AutoQueryChatbot/.airflow-venv/lib/python3.12/site-packages/airflow/example_dags/example_complex.py
[2026-09-22T15:48:52.820+0200] {processor.py:925} INFO - DAG(s) 'example_complex' retrieved from /Users/swarnalidatta/Desktop/AutoQueryChatbot/.airflow-venv/lib/python3.12/site-packages/airflow/example_dags/example_complex.py
[2026-09-22T15:48:52.850+0200] {logging_mixin.py:190} INFO - [2026-09-22T15:48:52.850+0200] {dag.py:3239} INFO - Sync 1 DAGs
[2026-09-22T15:48:52.874+0200] {logging_mixin.py:190} INFO - [2026-09-22T15:48:52.874+0200] {dag.py:4180} INFO - Setting next_dagrun for example_complex to None, run_after=None
[2026-09-22T15:48:52.879+0200] {processor.py:208} INFO - Processing /Users/swarnalidatta/Desktop/AutoQueryChatbot/.airflow-venv/lib/python3.12/site-packages/airflow/example_dags/example_complex.py took 0.064 seconds
[2026-09-22T15:51:02.220+0200] {processor.py:186} INFO - Started process (PID=37379) to work on /Users/swarnalidatta/Desktop/AutoQueryChatbot/.airflow-venv/lib/python3.12/site-packages/airflow/example_dags/example_complex.py
[2026-09-22T15:51:02.220+0200] {processor.py:914} INFO - Processing file /Users/swarnalidatta/Desktop/AutoQueryChatbot/.airflow-venv/lib/python3.12/site-packages/airflow/example_dags/example_complex.py for tasks to queue
[2026-09-22T15:51:02.221+0200] {logging_mixin.py:190} INFO - [2026-09-22T15:51:02.221+0200] {dagbag.py:588} INFO - Filling up the DagBag from /Users/swarnalidatta/Desktop/AutoQueryChatbot/.airflow-venv/lib/python3.12/site-packages/airflow/example_dags/example_complex.py
[2026-09-22T15:51:02.224+0200] {processor.py:925} INFO - DAG(s) 'example_complex' retrieved from /Users/swarnalidatta/Desktop/AutoQueryChatbot/.airflow-venv/lib/python3.12/site-packages/airflow/example_dags/example_complex.py
[2026-09-22T15:51:02.255+0200] {logging_mixin.py:190} INFO - [2026-09-22T15:51:02.255+0200] {dag.py:3239} INFO - Sync 1 DAGs
[2026-09-22T15:51:02.278+0200] {logging_mixin.py:190} INFO - [2026-09-22T15:51:02.278+0200] {dag.py:4180} INFO - Setting next_dagrun for example_complex to None, run_after=None
[2026-09-22T15:51:02.283+0200] {processor.py:208} INFO - Processing /Users/swarnalidatta/Desktop/AutoQueryChatbot/.airflow-venv/lib/python3.12/site-packages/airflow/example_dags/example_complex.py took 0.064 seconds
[2026-09-22T15:53:13.735+0200] {processor.py:186} INFO - Started process (PID=37677) to work on /Users/swarnalidatta/Desktop/AutoQueryChatbot/.airflow-venv/lib/python3.12/site-packages/airflow/example_dags/example_complex.py
[2026-09-22T15:53:13.735+0200] {processor.py:914} INFO - Processing file /Users/swarnalidatta/Desktop/AutoQueryChatbot/.airflow-venv/lib/python3.12/site-packages/airflow/example_dags/example_complex.py for tasks to queue
[2026-09-22T15:53:13.736+0200] {logging_mixin.py:190} INFO - [2026-09-22T15:53:13.736+0200] {dagbag.py:588} INFO - Filling up the DagBag from /Users/swarnalidatta/Desktop/AutoQueryChatbot/.airflow-venv/lib/python3.12/site-packages/airflow/example_dags/example_complex.py
[2026-09-22T15:53:13.739+0200] {processor.py:925} INFO - DAG(s) 'example_complex' retrieved from /Users/swarnalidatta/Desktop/AutoQueryChatbot/.airflow-venv/lib/python3.12/site-packages/airflow/example_dags/example_complex.py
[2026-09-22T15:53:13.770+0200] {logging_mixin.py:190} INFO - [2026-09-22T15:53:13.770+0200] {dag.py:3239} INFO - Sync 1 DAGs
[2026-09-22T15:53:13.794+0200] {logging_mixin.py:190} INFO - [2026-09-22T15:53:13.793+0200] {dag.py:4180} INFO - Setting next_dagrun for example_complex to None, run_after=None
[2026-09-22T15:53:13.799+0200] {processor.py:208} INFO - Processing /Users/swarnalidatta/Desktop/AutoQueryChatbot/.airflow-venv/lib/python3.12/site-packages/airflow/example_dags/example_complex.py took 0.065 seconds
[2026-09-22T15:57:25.906+0200] {processor.py:186} INFO - Started process (PID=37990) to work on /Users/swarnalidatta/Desktop/AutoQueryChatbot/.airflow-venv/lib/python3.12/site-packages/airflow/example_dags/example_complex.py
[2026-09-22T15:57:25.906+0200] {processor.py:914} INFO - Processing file /Users/swarnalidatta/Desktop/AutoQueryChatbot/.airflow-venv/lib/python3.12/site-packages/airflow/example_dags/example_complex.py for tasks to queue
[2026-09-22T15:57:25.907+0200] {logging_mixin.py:190} INFO - [2026-09-22T15:57:25.907+0200] {dagbag.py:588} INFO - Filling up the DagBag from /Users/swarnalidatta/Desktop/AutoQueryChatbot/.airflow-venv/lib/python3.12/site-packages/airflow/example_dags/example_complex.py
[2026-09-22T15:57:25.911+0200] {processor.py:925} INFO - DAG(s) 'example_complex' retrieved from /Users/swarnalidatta/Desktop/AutoQueryChatbot/.airflow-venv/lib/python3.12/site-packages/airflow/example_dags/example_complex.py
[2026-09-22T15:57:25.942+0200] {logging_mixin.py:190} INFO - [2026-09-22T15:57:25.942+0200] {dag.py:3239} INFO - Sync 1 DAGs
[2026-09-22T15:57:25.966+0200] {logging_mixin.py:190} INFO - [2026-09-22T15:57:25.966+0200] {dag.py:4180} INFO - Setting next_dagrun for example_complex to None, run_after=None
[2026-09-22T15:57:25.972+0200] {processor.py:208} INFO - Processing /Users/swarnalidatta/Desktop/AutoQueryChatbot/.airflow-venv/lib/python3.12/site-packages/airflow/example_dags/example_complex.py took 0.067 seconds
[2026-09-22T15:59:38.575+0200] {processor.py:186} INFO - Started process (PID=38458) to work on /Users/swarnalidatta/Desktop/AutoQueryChatbot/.airflow-venv/lib/python3.12/site-packages/airflow/example_dags/example_complex.py
[2026-09-22T15:59:38.575+0200] {processor.py:914} INFO - Processing file /Users/swarnalidatta/Desktop/AutoQueryChatbot/.airflow-venv/lib/python3.12/site-packages/airflow/example_dags/example_complex.py for tasks to queue
[2026-09-22T15:59:38.576+0200] {logging_mixin.py:190} INFO - [2026-09-22T15:59:38.576+0200] {dagbag.py:588} INFO - Filling up the DagBag from /Users/swarnalidatta/Desktop/AutoQueryChatbot/.airflow-venv/lib/python3.12/site-packages/airflow/example_dags/example_complex.py
[2026-09-22T15:59:38.579+0200] {processor.py:925} INFO - DAG(s) 'example_complex' retrieved from /Users/swarnalidatta/Desktop/AutoQueryChatbot/.airflow-venv/lib/python3.12/site-packages/airflow/example_dags/example_complex.py
[2026-09-22T15:59:38.611+0200] {logging_mixin.py:190} INFO - [2026-09-22T15:59:38.610+0200] {dag.py:3239} INFO - Sync 1 DAGs
[2026-09-22T15:59:38.635+0200] {logging_mixin.py:190} INFO - [2026-09-22T15:59:38.635+0200] {dag.py:4180} INFO - Setting next_dagrun for example_complex to None, run_after=None
[2026-09-22T15:59:38.641+0200] {processor.py:208} INFO - Processing /Users/swarnalidatta/Desktop/AutoQueryChatbot/.airflow-venv/lib/python3.12/site-packages/airflow/example_dags/example_complex.py took 0.067 seconds
[2026-09-22T16:01:54.412+0200] {processor.py:186} INFO - Started process (PID=38764) to work on /Users/swarnalidatta/Desktop/AutoQueryChatbot/.airflow-venv/lib/python3.12/site-packages/airflow/example_dags/example_complex.py
[2026-09-22T16:01:54.413+0200] {processor.py:914} INFO - Processing file /Users/swarnalidatta/Desktop/AutoQueryChatbot/.airflow-venv/lib/python3.12/site-packages/airflow/example_dags/example_complex.py for tasks to queue
[2026-09-22T16:01:54.413+0200] {logging_mixin.py:190} INFO - [2026-09-22T16:01:54.413+0200] {dagbag.py:588} INFO - Filling up the DagBag from /Users/swarnalidatta/Desktop/AutoQueryChatbot/.airflow-venv/lib/python3.12/site-packages/airflow/example_dags/example_complex.py
[2026-09-22T16:01:54.417+0200] {processor.py:925} INFO - DAG(s) 'example_complex' retrieved from /Users/swarnalidatta/Desktop/AutoQueryChatbot/.airflow-venv/lib/python3.12/site-packages/airflow/example_dags/example_complex.py
[2026-09-22T16:01:54.448+0200] {logging_mixin.py:190} INFO - [2026-09-22T16:01:54.448+0200] {dag.py:3239} INFO - Sync 1 DAGs
[2026-09-22T16:01:54.472+0200] {logging_mixin.py:190} INFO - [2026-09-22T16:01:54.472+0200] {dag.py:4180} INFO - Setting next_dagrun for example_complex to None, run_after=None
[2026-09-22T16:01:54.478+0200] {processor.py:208} INFO - Processing /Users/swarnalidatta/Desktop/AutoQueryChatbot/.airflow-venv/lib/python3.12/site-packages/airflow/example_dags/example_complex.py took 0.067 seconds
[2026-09-22T16:04:09.254+0200] {processor.py:186} INFO - Started process (PID=39064) to work on /Users/swarnalidatta/Desktop/AutoQueryChatbot/.airflow-venv/lib/python3.12/site-packages/airflow/example_dags/example_complex.py
[2026-09-22T16:04:09.254+0200] {processor.py:914} INFO - Processing file /Users/swarnalidatta/Desktop/AutoQueryChatbot/.airflow-venv/lib/python3.12/site-packages/airflow/example_dags/example_complex.py for tasks to queue
[2026-09-22T16:04:09.255+0200] {logging_mixin.py:190} INFO - [2026-09-22T16:04:09.255+0200] {dagbag.py:588} INFO - Filling up the DagBag from /Users/swarnalidatta/Desktop/AutoQueryChatbot/.airflow-venv/lib/python3.12/site-packages/airflow/example_dags/example_complex.py
[2026-09-22T16:04:09.259+0200] {processor.py:925} INFO - DAG(s) 'example_complex' retrieved from /Users/swarnalidatta/Desktop/AutoQueryChatbot/.airflow-venv/lib/python3.12/site-packages/airflow/example_dags/example_complex.py
[2026-09-22T16:04:09.289+0200] {logging_mixin.py:190} INFO - [2026-09-22T16:04:09.289+0200] {dag.py:3239} INFO - Sync 1 DAGs
[2026-09-22T16:04:09.313+0200] {logging_mixin.py:190} INFO - [2026-09-22T16:04:09.313+0200] {dag.py:4180} INFO - Setting next_dagrun for example_complex to None, run_after=None
[2026-09-22T16:04:09.318+0200] {processor.py:208} INFO - Processing /Users/swarnalidatta/Desktop/AutoQueryChatbot/.airflow-venv/lib/python3.12/site-packages/airflow/example_dags/example_complex.py took 0.065 seconds
[2026-09-22T16:06:27.977+0200] {processor.py:186} INFO - Started process (PID=39384) to work on /Users/swarnalidatta/Desktop/AutoQueryChatbot/.airflow-venv/lib/python3.12/site-packages/airflow/example_dags/example_complex.py
[2026-09-22T16:06:27.977+0200] {processor.py:914} INFO - Processing file /Users/swarnalidatta/Desktop/AutoQueryChatbot/.airflow-venv/lib/python3.12/site-packages/airflow/example_dags/example_complex.py for tasks to queue
[2026-09-22T16:06:27.977+0200] {logging_mixin.py:190} INFO - [2026-09-22T16:06:27.977+0200] {dagbag.py:588} INFO - Filling up the DagBag from /Users/swarnalidatta/Desktop/AutoQueryChatbot/.airflow-venv/lib/python3.12/site-packages/airflow/example_dags/example_complex.py
[2026-09-22T16:06:27.981+0200] {processor.py:925} INFO - DAG(s) 'example_complex' retrieved from /Users/swarnalidatta/Desktop/AutoQueryChatbot/.airflow-venv/lib/python3.12/site-packages/airflow/example_dags/example_complex.py
[2026-09-22T16:06:28.012+0200] {logging_mixin.py:190} INFO - [2026-09-22T16:06:28.012+0200] {dag.py:3239} INFO - Sync 1 DAGs
[2026-09-22T16:06:28.036+0200] {logging_mixin.py:190} INFO - [2026-09-22T16:06:28.036+0200] {dag.py:4180} INFO - Setting next_dagrun for example_complex to None, run_after=None
[2026-09-22T16:06:28.042+0200] {processor.py:208} INFO - Processing /Users/swarnalidatta/Desktop/AutoQueryChatbot/.airflow-venv/lib/python3.12/site-packages/airflow/example_dags/example_complex.py took 0.066 seconds
[2026-09-22T16:08:43.459+0200] {processor.py:186} INFO - Started process (PID=39682) to work on /Users/swarnalidatta/Desktop/AutoQueryChatbot/.airflow-venv/lib/python3.12/site-packages/airflow/example_dags/example_complex.py
[2026-09-22T16:08:43.459+0200] {processor.py:914} INFO - Processing file /Users/swarnalidatta/Desktop/AutoQueryChatbot/.airflow-venv/lib/python3.12/site-packages/airflow/example_dags/example_complex.py for tasks to queue
[2026-09-22T16:08:43.459+0200] {logging_mixin.py:190} INFO - [2026-09-22T16:08:43.459+0200] {dagbag.py:588} INFO - Filling up the DagBag from /Users/swarnalidatta/Desktop/AutoQueryChatbot/.airflow-venv/lib/python3.12/site-packages/airflow/example_dags/example_complex.py
[2026-09-22T16:08:43.463+0200] {processor.py:925} INFO - DAG(s) 'example_complex' retrieved from /Users/swarnalidatta/Desktop/AutoQueryChatbot/.airflow-venv/lib/python3.12/site-packages/airflow/example_dags/example_complex.py
[2026-09-22T16:08:43.493+0200] {logging_mixin.py:190} INFO - [2026-09-22T16:08:43.493+0200] {dag.py:3239} INFO - Sync 1 DAGs
[2026-09-22T16:08:43.516+0200] {logging_mixin.py:190} INFO - [2026-09-22T16:08:43.516+0200] {dag.py:4180} INFO - Setting next_dagrun for example_complex to None, run_after=None
[2026-09-22T16:08:43.522+0200] {processor.py:208} INFO - Processing /Users/swarnalidatta/Desktop/AutoQueryChatbot/.airflow-venv/lib/python3.12/site-packages/airflow/example_dags/example_complex.py took 0.064 seconds
[2026-09-22T16:11:02.164+0200] {processor.py:186} INFO - Started process (PID=40048) to work on /Users/swarnalidatta/Desktop/AutoQueryChatbot/.airflow-venv/lib/python3.12/site-packages/airflow/example_dags/example_complex.py
[2026-09-22T16:11:02.165+0200] {processor.py:914} INFO - Processing file /Users/swarnalidatta/Desktop/AutoQueryChatbot/.airflow-venv/lib/python3.12/site-packages/airflow/example_dags/example_complex.py for tasks to queue
[2026-09-22T16:11:02.165+0200] {logging_mixin.py:190} INFO - [2026-09-22T16:11:02.165+0200] {dagbag.py:588} INFO - Filling up the DagBag from /Users/swarnalidatta/Desktop/AutoQueryChatbot/.airflow-venv/lib/python3.12/site-packages/airflow/example_dags/example_complex.py
[2026-09-22T16:11:02.169+0200] {processor.py:925} INFO - DAG(s) 'example_complex' retrieved from /Users/swarnalidatta/Desktop/AutoQueryChatbot/.airflow-venv/lib/python3.12/site-packages/airflow/example_dags/example_complex.py
[2026-09-22T16:11:02.199+0200] {logging_mixin.py:190} INFO - [2026-09-22T16:11:02.199+0200] {dag.py:3239} INFO - Sync 1 DAGs
[2026-09-22T16:11:02.223+0200] {logging_mixin.py:190} INFO - [2026-09-22T16:11:02.222+0200] {dag.py:4180} INFO - Setting next_dagrun for example_complex to None, run_after=None
[2026-09-22T16:11:02.228+0200] {processor.py:208} INFO - Processing /Users/swarnalidatta/Desktop/AutoQueryChatbot/.airflow-venv/lib/python3.12/site-packages/airflow/example_dags/example_complex.py took 0.065 seconds
[2026-09-22T16:13:22.966+0200] {processor.py:186} INFO - Started process (PID=40410) to work on /Users/swarnalidatta/Desktop/AutoQueryChatbot/.airflow-venv/lib/python3.12/site-packages/airflow/example_dags/example_complex.py
[2026-09-22T16:13:22.966+0200] {processor.py:914} INFO - Processing file /Users/swarnalidatta/Desktop/AutoQueryChatbot/.airflow-venv/lib/python3.12/site-packages/airflow/example_dags/example_complex.py for tasks to queue
[2026-09-22T16:13:22.967+0200] {logging_mixin.py:190} INFO - [2026-09-22T16:13:22.967+0200] {dagbag.py:588} INFO - Filling up the DagBag from /Users/swarnalidatta/Desktop/AutoQueryChatbot/.airflow-venv/lib/python3.12/site-packages/airflow/example_dags/example_complex.py
[2026-09-22T16:13:22.970+0200] {processor.py:925} INFO - DAG(s) 'example_complex' retrieved from /Users/swarnalidatta/Desktop/AutoQueryChatbot/.airflow-venv/lib/python3.12/site-packages/airflow/example_dags/example_complex.py
[2026-09-22T16:13:23.001+0200] {logging_mixin.py:190} INFO - [2026-09-22T16:13:23.001+0200] {dag.py:3239} INFO - Sync 1 DAGs
[2026-09-22T16:13:23.024+0200] {logging_mixin.py:190} INFO - [2026-09-22T16:13:23.024+0200] {dag.py:4180} INFO - Setting next_dagrun for example_complex to None, run_after=None
[2026-09-22T16:13:23.030+0200] {processor.py:208} INFO - Processing /Users/swarnalidatta/Desktop/AutoQueryChatbot/.airflow-venv/lib/python3.12/site-packages/airflow/example_dags/example_complex.py took 0.065 seconds
[2026-09-22T16:15:42.129+0200] {processor.py:186} INFO - Started process (PID=40751) to work on /Users/swarnalidatta/Desktop/AutoQueryChatbot/.airflow-venv/lib/python3.12/site-packages/airflow/example_dags/example_complex.py
[2026-09-22T16:15:42.129+0200] {processor.py:914} INFO - Processing file /Users/swarnalidatta/Desktop/AutoQueryChatbot/.airflow-venv/lib/python3.12/site-packages/airflow/example_dags/example_complex.py for tasks to queue
[2026-09-22T16:15:42.130+0200] {logging_mixin.py:190} INFO - [2026-09-22T16:15:42.130+0200] {dagbag.py:588} INFO - Filling up the DagBag from /Users/swarnalidatta/Desktop/AutoQueryChatbot/.airflow-venv/lib/python3.12/site-packages/airflow/example_dags/example_complex.py
[2026-09-22T16:15:42.133+0200] {processor.py:925} INFO - DAG(s) 'example_complex' retrieved from /Users/swarnalidatta/Desktop/AutoQueryChatbot/.airflow-venv/lib/python3.12/site-packages/airflow/example_dags/example_complex.py
[2026-09-22T16:15:42.164+0200] {logging_mixin.py:190} INFO - [2026-09-22T16:15:42.164+0200] {dag.py:3239} INFO - Sync 1 DAGs
[2026-09-22T16:15:42.189+0200] {logging_mixin.py:190} INFO - [2026-09-22T16:15:42.189+0200] {dag.py:4180} INFO - Setting next_dagrun for example_complex to None, run_after=None
[2026-09-22T16:15:42.194+0200] {processor.py:208} INFO - Processing /Users/swarnalidatta/Desktop/AutoQueryChatbot/.airflow-venv/lib/python3.12/site-packages/airflow/example_dags/example_complex.py took 0.066 seconds
[2026-09-22T16:17:57.896+0200] {processor.py:186} INFO - Started process (PID=41260) to work on /Users/swarnalidatta/Desktop/AutoQueryChatbot/.airflow-venv/lib/python3.12/site-packages/airflow/example_dags/example_complex.py
[2026-09-22T16:17:57.897+0200] {processor.py:914} INFO - Processing file /Users/swarnalidatta/Desktop/AutoQueryChatbot/.airflow-venv/lib/python3.12/site-packages/airflow/example_dags/example_complex.py for tasks to queue
[2026-09-22T16:17:57.897+0200] {logging_mixin.py:190} INFO - [2026-09-22T16:17:57.897+0200] {dagbag.py:588} INFO - Filling up the DagBag from /Users/swarnalidatta/Desktop/AutoQueryChatbot/.airflow-venv/lib/python3.12/site-packages/airflow/example_dags/example_complex.py
[2026-09-22T16:17:57.901+0200] {processor.py:925} INFO - DAG(s) 'example_complex' retrieved from /Users/swarnalidatta/Desktop/AutoQueryChatbot/.airflow-venv/lib/python3.12/site-packages/airflow/example_dags/example_complex.py
[2026-09-22T16:17:57.932+0200] {logging_mixin.py:190} INFO - [2026-09-22T16:17:57.932+0200] {dag.py:3239} INFO - Sync 1 DAGs
[2026-09-22T16:17:57.957+0200] {logging_mixin.py:190} INFO - [2026-09-22T16:17:57.957+0200] {dag.py:4180} INFO - Setting next_dagrun for example_complex to None, run_after=None
[2026-09-22T16:17:57.963+0200] {processor.py:208} INFO - Processing /Users/swarnalidatta/Desktop/AutoQueryChatbot/.airflow-venv/lib/python3.12/site-packages/airflow/example_dags/example_complex.py took 0.068 seconds
[2026-09-22T16:20:18.126+0200] {processor.py:186} INFO - Started process (PID=41605) to work on /Users/swarnalidatta/Desktop/AutoQueryChatbot/.airflow-venv/lib/python3.12/site-packages/airflow/example_dags/example_complex.py
[2026-09-22T16:20:18.127+0200] {processor.py:914} INFO - Processing file /Users/swarnalidatta/Desktop/AutoQueryChatbot/.airflow-venv/lib/python3.12/site-packages/airflow/example_dags/example_complex.py for tasks to queue
[2026-09-22T16:20:18.127+0200] {logging_mixin.py:190} INFO - [2026-09-22T16:20:18.127+0200] {dagbag.py:588} INFO - Filling up the DagBag from /Users/swarnalidatta/Desktop/AutoQueryChatbot/.airflow-venv/lib/python3.12/site-packages/airflow/example_dags/example_complex.py
[2026-09-22T16:20:18.131+0200] {processor.py:925} INFO - DAG(s) 'example_complex' retrieved from /Users/swarnalidatta/Desktop/AutoQueryChatbot/.airflow-venv/lib/python3.12/site-packages/airflow/example_dags/example_complex.py
[2026-09-22T16:20:18.162+0200] {logging_mixin.py:190} INFO - [2026-09-22T16:20:18.162+0200] {dag.py:3239} INFO - Sync 1 DAGs
[2026-09-22T16:20:18.188+0200] {logging_mixin.py:190} INFO - [2026-09-22T16:20:18.188+0200] {dag.py:4180} INFO - Setting next_dagrun for example_complex to None, run_after=None
[2026-09-22T16:20:18.193+0200] {processor.py:208} INFO - Processing /Users/swarnalidatta/Desktop/AutoQueryChatbot/.airflow-venv/lib/python3.12/site-packages/airflow/example_dags/example_complex.py took 0.068 seconds
[2026-09-22T16:22:29.338+0200] {processor.py:186} INFO - Started process (PID=41916) to work on /Users/swarnalidatta/Desktop/AutoQueryChatbot/.airflow-venv/lib/python3.12/site-packages/airflow/example_dags/example_complex.py
[2026-09-22T16:22:29.339+0200] {processor.py:914} INFO - Processing file /Users/swarnalidatta/Desktop/AutoQueryChatbot/.airflow-venv/lib/python3.12/site-packages/airflow/example_dags/example_complex.py for tasks to queue
[2026-09-22T16:22:29.339+0200] {logging_mixin.py:190} INFO - [2026-09-22T16:22:29.339+0200] {dagbag.py:588} INFO - Filling up the DagBag from /Users/swarnalidatta/Desktop/AutoQueryChatbot/.airflow-venv/lib/python3.12/site-packages/airflow/example_dags/example_complex.py
[2026-09-22T16:22:29.343+0200] {processor.py:925} INFO - DAG(s) 'example_complex' retrieved from /Users/swarnalidatta/Desktop/AutoQueryChatbot/.airflow-venv/lib/python3.12/site-packages/airflow/example_dags/example_complex.py
[2026-09-22T16:22:29.374+0200] {logging_mixin.py:190} INFO - [2026-09-22T16:22:29.374+0200] {dag.py:3239} INFO - Sync 1 DAGs
[2026-09-22T16:22:29.399+0200] {logging_mixin.py:190} INFO - [2026-09-22T16:22:29.399+0200] {dag.py:4180} INFO - Setting next_dagrun for example_complex to None, run_after=None
[2026-09-22T16:22:29.404+0200] {processor.py:208} INFO - Processing /Users/swarnalidatta/Desktop/AutoQueryChatbot/.airflow-venv/lib/python3.12/site-packages/airflow/example_dags/example_complex.py took 0.067 seconds
[2026-09-22T16:24:52.833+0200] {processor.py:186} INFO - Started process (PID=42690) to work on /Users/swarnalidatta/Desktop/AutoQueryChatbot/.airflow-venv/lib/python3.12/site-packages/airflow/example_dags/example_complex.py
[2026-09-22T16:24:52.833+0200] {processor.py:914} INFO - Processing file /Users/swarnalidatta/Desktop/AutoQueryChatbot/.airflow-venv/lib/python3.12/site-packages/airflow/example_dags/example_complex.py for tasks to queue
[2026-09-22T16:24:52.833+0200] {logging_mixin.py:190} INFO - [2026-09-22T16:24:52.833+0200] {dagbag.py:588} INFO - Filling up the DagBag from /Users/swarnalidatta/Desktop/AutoQueryChatbot/.airflow-venv/lib/python3.12/site-packages/airflow/example_dags/example_complex.py
[2026-09-22T16:24:52.838+0200] {processor.py:925} INFO - DAG(s) 'example_complex' retrieved from /Users/swarnalidatta/Desktop/AutoQueryChatbot/.airflow-venv/lib/python3.12/site-packages/airflow/example_dags/example_complex.py
[2026-09-22T16:24:52.872+0200] {logging_mixin.py:190} INFO - [2026-09-22T16:24:52.871+0200] {dag.py:3239} INFO - Sync 1 DAGs
[2026-09-22T16:24:52.900+0200] {logging_mixin.py:190} INFO - [2026-09-22T16:24:52.900+0200] {dag.py:4180} INFO - Setting next_dagrun for example_complex to None, run_after=None
[2026-09-22T16:24:52.906+0200] {processor.py:208} INFO - Processing /Users/swarnalidatta/Desktop/AutoQueryChatbot/.airflow-venv/lib/python3.12/site-packages/airflow/example_dags/example_complex.py took 0.075 seconds
[2026-09-22T16:27:08.752+0200] {processor.py:186} INFO - Started process (PID=43001) to work on /Users/swarnalidatta/Desktop/AutoQueryChatbot/.airflow-venv/lib/python3.12/site-packages/airflow/example_dags/example_complex.py
[2026-09-22T16:27:08.752+0200] {processor.py:914} INFO - Processing file /Users/swarnalidatta/Desktop/AutoQueryChatbot/.airflow-venv/lib/python3.12/site-packages/airflow/example_dags/example_complex.py for tasks to queue
[2026-09-22T16:27:08.752+0200] {logging_mixin.py:190} INFO - [2026-09-22T16:27:08.752+0200] {dagbag.py:588} INFO - Filling up the DagBag from /Users/swarnalidatta/Desktop/AutoQueryChatbot/.airflow-venv/lib/python3.12/site-packages/airflow/example_dags/example_complex.py
[2026-09-22T16:27:08.756+0200] {processor.py:925} INFO - DAG(s) 'example_complex' retrieved from /Users/swarnalidatta/Desktop/AutoQueryChatbot/.airflow-venv/lib/python3.12/site-packages/airflow/example_dags/example_complex.py
[2026-09-22T16:27:08.788+0200] {logging_mixin.py:190} INFO - [2026-09-22T16:27:08.788+0200] {dag.py:3239} INFO - Sync 1 DAGs
[2026-09-22T16:27:08.812+0200] {logging_mixin.py:190} INFO - [2026-09-22T16:27:08.812+0200] {dag.py:4180} INFO - Setting next_dagrun for example_complex to None, run_after=None
[2026-09-22T16:27:08.817+0200] {processor.py:208} INFO - Processing /Users/swarnalidatta/Desktop/AutoQueryChatbot/.airflow-venv/lib/python3.12/site-packages/airflow/example_dags/example_complex.py took 0.067 seconds
[2026-09-22T16:29:32.703+0200] {processor.py:186} INFO - Started process (PID=44134) to work on /Users/swarnalidatta/Desktop/AutoQueryChatbot/.airflow-venv/lib/python3.12/site-packages/airflow/example_dags/example_complex.py
[2026-09-22T16:29:32.704+0200] {processor.py:914} INFO - Processing file /Users/swarnalidatta/Desktop/AutoQueryChatbot/.airflow-venv/lib/python3.12/site-packages/airflow/example_dags/example_complex.py for tasks to queue
[2026-09-22T16:29:32.704+0200] {logging_mixin.py:190} INFO - [2026-09-22T16:29:32.704+0200] {dagbag.py:588} INFO - Filling up the DagBag from /Users/swarnalidatta/Desktop/AutoQueryChatbot/.airflow-venv/lib/python3.12/site-packages/airflow/example_dags/example_complex.py
[2026-09-22T16:29:32.708+0200] {processor.py:925} INFO - DAG(s) 'example_complex' retrieved from /Users/swarnalidatta/Desktop/AutoQueryChatbot/.airflow-venv/lib/python3.12/site-packages/airflow/example_dags/example_complex.py
[2026-09-22T16:29:32.739+0200] {logging_mixin.py:190} INFO - [2026-09-22T16:29:32.739+0200] {dag.py:3239} INFO - Sync 1 DAGs
[2026-09-22T16:29:32.764+0200] {logging_mixin.py:190} INFO - [2026-09-22T16:29:32.764+0200] {dag.py:4180} INFO - Setting next_dagrun for example_complex to None, run_after=None
[2026-09-22T16:29:32.770+0200] {processor.py:208} INFO - Processing /Users/swarnalidatta/Desktop/AutoQueryChatbot/.airflow-venv/lib/python3.12/site-packages/airflow/example_dags/example_complex.py took 0.068 seconds
[2026-09-22T16:31:57.866+0200] {processor.py:186} INFO - Started process (PID=45240) to work on /Users/swarnalidatta/Desktop/AutoQueryChatbot/.airflow-venv/lib/python3.12/site-packages/airflow/example_dags/example_complex.py
[2026-09-22T16:31:57.867+0200] {processor.py:914} INFO - Processing file /Users/swarnalidatta/Desktop/AutoQueryChatbot/.airflow-venv/lib/python3.12/site-packages/airflow/example_dags/example_complex.py for tasks to queue
[2026-09-22T16:31:57.868+0200] {logging_mixin.py:190} INFO - [2026-09-22T16:31:57.868+0200] {dagbag.py:588} INFO - Filling up the DagBag from /Users/swarnalidatta/Desktop/AutoQueryChatbot/.airflow-venv/lib/python3.12/site-packages/airflow/example_dags/example_complex.py
[2026-09-22T16:31:57.872+0200] {processor.py:925} INFO - DAG(s) 'example_complex' retrieved from /Users/swarnalidatta/Desktop/AutoQueryChatbot/.airflow-venv/lib/python3.12/site-packages/airflow/example_dags/example_complex.py
[2026-09-22T16:31:57.903+0200] {logging_mixin.py:190} INFO - [2026-09-22T16:31:57.902+0200] {dag.py:3239} INFO - Sync 1 DAGs
[2026-09-22T16:31:57.928+0200] {logging_mixin.py:190} INFO - [2026-09-22T16:31:57.928+0200] {dag.py:4180} INFO - Setting next_dagrun for example_complex to None, run_after=None
[2026-09-22T16:31:57.934+0200] {processor.py:208} INFO - Processing /Users/swarnalidatta/Desktop/AutoQueryChatbot/.airflow-venv/lib/python3.12/site-packages/airflow/example_dags/example_complex.py took 0.069 seconds
[2026-09-22T16:34:20.703+0200] {processor.py:186} INFO - Started process (PID=47662) to work on /Users/swarnalidatta/Desktop/AutoQueryChatbot/.airflow-venv/lib/python3.12/site-packages/airflow/example_dags/example_complex.py
[2026-09-22T16:34:20.704+0200] {processor.py:914} INFO - Processing file /Users/swarnalidatta/Desktop/AutoQueryChatbot/.airflow-venv/lib/python3.12/site-packages/airflow/example_dags/example_complex.py for tasks to queue
[2026-09-22T16:34:20.704+0200] {logging_mixin.py:190} INFO - [2026-09-22T16:34:20.704+0200] {dagbag.py:588} INFO - Filling up the DagBag from /Users/swarnalidatta/Desktop/AutoQueryChatbot/.airflow-venv/lib/python3.12/site-packages/airflow/example_dags/example_complex.py
[2026-09-22T16:34:20.708+0200] {processor.py:925} INFO - DAG(s) 'example_complex' retrieved from /Users/swarnalidatta/Desktop/AutoQueryChatbot/.airflow-venv/lib/python3.12/site-packages/airflow/example_dags/example_complex.py
[2026-09-22T16:34:20.739+0200] {logging_mixin.py:190} INFO - [2026-09-22T16:34:20.739+0200] {dag.py:3239} INFO - Sync 1 DAGs
[2026-09-22T16:34:20.765+0200] {logging_mixin.py:190} INFO - [2026-09-22T16:34:20.765+0200] {dag.py:4180} INFO - Setting next_dagrun for example_complex to None, run_after=None
[2026-09-22T16:34:20.771+0200] {processor.py:208} INFO - Processing /Users/swarnalidatta/Desktop/AutoQueryChatbot/.airflow-venv/lib/python3.12/site-packages/airflow/example_dags/example_complex.py took 0.069 seconds
[2026-09-22T16:36:55.256+0200] {processor.py:186} INFO - Started process (PID=47993) to work on /Users/swarnalidatta/Desktop/AutoQueryChatbot/.airflow-venv/lib/python3.12/site-packages/airflow/example_dags/example_complex.py
[2026-09-22T16:36:55.257+0200] {processor.py:914} INFO - Processing file /Users/swarnalidatta/Desktop/AutoQueryChatbot/.airflow-venv/lib/python3.12/site-packages/airflow/example_dags/example_complex.py for tasks to queue
[2026-09-22T16:36:55.257+0200] {logging_mixin.py:190} INFO - [2026-09-22T16:36:55.257+0200] {dagbag.py:588} INFO - Filling up the DagBag from /Users/swarnalidatta/Desktop/AutoQueryChatbot/.airflow-venv/lib/python3.12/site-packages/airflow/example_dags/example_complex.py
[2026-09-22T16:36:55.261+0200] {processor.py:925} INFO - DAG(s) 'example_complex' retrieved from /Users/swarnalidatta/Desktop/AutoQueryChatbot/.airflow-venv/lib/python3.12/site-packages/airflow/example_dags/example_complex.py
[2026-09-22T16:36:55.293+0200] {logging_mixin.py:190} INFO - [2026-09-22T16:36:55.293+0200] {dag.py:3239} INFO - Sync 1 DAGs
[2026-09-22T16:36:55.324+0200] {logging_mixin.py:190} INFO - [2026-09-22T16:36:55.324+0200] {dag.py:4180} INFO - Setting next_dagrun for example_complex to None, run_after=None
[2026-09-22T16:36:55.330+0200] {processor.py:208} INFO - Processing /Users/swarnalidatta/Desktop/AutoQueryChatbot/.airflow-venv/lib/python3.12/site-packages/airflow/example_dags/example_complex.py took 0.074 seconds
[2026-09-22T16:39:33.567+0200] {processor.py:186} INFO - Started process (PID=49547) to work on /Users/swarnalidatta/Desktop/AutoQueryChatbot/.airflow-venv/lib/python3.12/site-packages/airflow/example_dags/example_complex.py
[2026-09-22T16:39:33.568+0200] {processor.py:914} INFO - Processing file /Users/swarnalidatta/Desktop/AutoQueryChatbot/.airflow-venv/lib/python3.12/site-packages/airflow/example_dags/example_complex.py for tasks to queue
[2026-09-22T16:39:33.568+0200] {logging_mixin.py:190} INFO - [2026-09-22T16:39:33.568+0200] {dagbag.py:588} INFO - Filling up the DagBag from /Users/swarnalidatta/Desktop/AutoQueryChatbot/.airflow-venv/lib/python3.12/site-packages/airflow/example_dags/example_complex.py
[2026-09-22T16:39:33.572+0200] {processor.py:925} INFO - DAG(s) 'example_complex' retrieved from /Users/swarnalidatta/Desktop/AutoQueryChatbot/.airflow-venv/lib/python3.12/site-packages/airflow/example_dags/example_complex.py
[2026-09-22T16:39:33.609+0200] {logging_mixin.py:190} INFO - [2026-09-22T16:39:33.608+0200] {dag.py:3239} INFO - Sync 1 DAGs
[2026-09-22T16:39:33.651+0200] {logging_mixin.py:190} INFO - [2026-09-22T16:39:33.651+0200] {dag.py:4180} INFO - Setting next_dagrun for example_complex to None, run_after=None
[2026-09-22T16:39:33.658+0200] {processor.py:208} INFO - Processing /Users/swarnalidatta/Desktop/AutoQueryChatbot/.airflow-venv/lib/python3.12/site-packages/airflow/example_dags/example_complex.py took 0.093 seconds
[2026-09-22T16:41:56.017+0200] {processor.py:186} INFO - Started process (PID=50474) to work on /Users/swarnalidatta/Desktop/AutoQueryChatbot/.airflow-venv/lib/python3.12/site-packages/airflow/example_dags/example_complex.py
[2026-09-22T16:41:56.017+0200] {processor.py:914} INFO - Processing file /Users/swarnalidatta/Desktop/AutoQueryChatbot/.airflow-venv/lib/python3.12/site-packages/airflow/example_dags/example_complex.py for tasks to queue
[2026-09-22T16:41:56.018+0200] {logging_mixin.py:190} INFO - [2026-09-22T16:41:56.018+0200] {dagbag.py:588} INFO - Filling up the DagBag from /Users/swarnalidatta/Desktop/AutoQueryChatbot/.airflow-venv/lib/python3.12/site-packages/airflow/example_dags/example_complex.py
[2026-09-22T16:41:56.022+0200] {processor.py:925} INFO - DAG(s) 'example_complex' retrieved from /Users/swarnalidatta/Desktop/AutoQueryChatbot/.airflow-venv/lib/python3.12/site-packages/airflow/example_dags/example_complex.py
[2026-09-22T16:41:56.055+0200] {logging_mixin.py:190} INFO - [2026-09-22T16:41:56.055+0200] {dag.py:3239} INFO - Sync 1 DAGs
[2026-09-22T16:41:56.085+0200] {logging_mixin.py:190} INFO - [2026-09-22T16:41:56.085+0200] {dag.py:4180} INFO - Setting next_dagrun for example_complex to None, run_after=None
[2026-09-22T16:41:56.090+0200] {processor.py:208} INFO - Processing /Users/swarnalidatta/Desktop/AutoQueryChatbot/.airflow-venv/lib/python3.12/site-packages/airflow/example_dags/example_complex.py took 0.074 seconds
[2026-09-22T16:44:18.196+0200] {processor.py:186} INFO - Started process (PID=52005) to work on /Users/swarnalidatta/Desktop/AutoQueryChatbot/.airflow-venv/lib/python3.12/site-packages/airflow/example_dags/example_complex.py
[2026-09-22T16:44:18.197+0200] {processor.py:914} INFO - Processing file /Users/swarnalidatta/Desktop/AutoQueryChatbot/.airflow-venv/lib/python3.12/site-packages/airflow/example_dags/example_complex.py for tasks to queue
[2026-09-22T16:44:18.197+0200] {logging_mixin.py:190} INFO - [2026-09-22T16:44:18.197+0200] {dagbag.py:588} INFO - Filling up the DagBag from /Users/swarnalidatta/Desktop/AutoQueryChatbot/.airflow-venv/lib/python3.12/site-packages/airflow/example_dags/example_complex.py
[2026-09-22T16:44:18.201+0200] {processor.py:925} INFO - DAG(s) 'example_complex' retrieved from /Users/swarnalidatta/Desktop/AutoQueryChatbot/.airflow-venv/lib/python3.12/site-packages/airflow/example_dags/example_complex.py
[2026-09-22T16:44:18.232+0200] {logging_mixin.py:190} INFO - [2026-09-22T16:44:18.232+0200] {dag.py:3239} INFO - Sync 1 DAGs
[2026-09-22T16:44:18.259+0200] {logging_mixin.py:190} INFO - [2026-09-22T16:44:18.258+0200] {dag.py:4180} INFO - Setting next_dagrun for example_complex to None, run_after=None
[2026-09-22T16:44:18.264+0200] {processor.py:208} INFO - Processing /Users/swarnalidatta/Desktop/AutoQueryChatbot/.airflow-venv/lib/python3.12/site-packages/airflow/example_dags/example_complex.py took 0.069 seconds
[2026-09-22T16:46:38.279+0200] {processor.py:186} INFO - Started process (PID=53130) to work on /Users/swarnalidatta/Desktop/AutoQueryChatbot/.airflow-venv/lib/python3.12/site-packages/airflow/example_dags/example_complex.py
[2026-09-22T16:46:38.280+0200] {processor.py:914} INFO - Processing file /Users/swarnalidatta/Desktop/AutoQueryChatbot/.airflow-venv/lib/python3.12/site-packages/airflow/example_dags/example_complex.py for tasks to queue
[2026-09-22T16:46:38.281+0200] {logging_mixin.py:190} INFO - [2026-09-22T16:46:38.281+0200] {dagbag.py:588} INFO - Filling up the DagBag from /Users/swarnalidatta/Desktop/AutoQueryChatbot/.airflow-venv/lib/python3.12/site-packages/airflow/example_dags/example_complex.py
[2026-09-22T16:46:38.285+0200] {processor.py:925} INFO - DAG(s) 'example_complex' retrieved from /Users/swarnalidatta/Desktop/AutoQueryChatbot/.airflow-venv/lib/python3.12/site-packages/airflow/example_dags/example_complex.py
[2026-09-22T16:46:38.316+0200] {logging_mixin.py:190} INFO - [2026-09-22T16:46:38.316+0200] {dag.py:3239} INFO - Sync 1 DAGs
[2026-09-22T16:46:38.342+0200] {logging_mixin.py:190} INFO - [2026-09-22T16:46:38.342+0200] {dag.py:4180} INFO - Setting next_dagrun for example_complex to None, run_after=None
[2026-09-22T16:46:38.348+0200] {processor.py:208} INFO - Processing /Users/swarnalidatta/Desktop/AutoQueryChatbot/.airflow-venv/lib/python3.12/site-packages/airflow/example_dags/example_complex.py took 0.070 seconds
[2026-09-22T16:48:57.401+0200] {processor.py:186} INFO - Started process (PID=53449) to work on /Users/swarnalidatta/Desktop/AutoQueryChatbot/.airflow-venv/lib/python3.12/site-packages/airflow/example_dags/example_complex.py
[2026-09-22T16:48:57.402+0200] {processor.py:914} INFO - Processing file /Users/swarnalidatta/Desktop/AutoQueryChatbot/.airflow-venv/lib/python3.12/site-packages/airflow/example_dags/example_complex.py for tasks to queue
[2026-09-22T16:48:57.402+0200] {logging_mixin.py:190} INFO - [2026-09-22T16:48:57.402+0200] {dagbag.py:588} INFO - Filling up the DagBag from /Users/swarnalidatta/Desktop/AutoQueryChatbot/.airflow-venv/lib/python3.12/site-packages/airflow/example_dags/example_complex.py
[2026-09-22T16:48:57.406+0200] {processor.py:925} INFO - DAG(s) 'example_complex' retrieved from /Users/swarnalidatta/Desktop/AutoQueryChatbot/.airflow-venv/lib/python3.12/site-packages/airflow/example_dags/example_complex.py
[2026-09-22T16:48:57.437+0200] {logging_mixin.py:190} INFO - [2026-09-22T16:48:57.437+0200] {dag.py:3239} INFO - Sync 1 DAGs
[2026-09-22T16:48:57.463+0200] {logging_mixin.py:190} INFO - [2026-09-22T16:48:57.463+0200] {dag.py:4180} INFO - Setting next_dagrun for example_complex to None, run_after=None
[2026-09-22T16:48:57.469+0200] {processor.py:208} INFO - Processing /Users/swarnalidatta/Desktop/AutoQueryChatbot/.airflow-venv/lib/python3.12/site-packages/airflow/example_dags/example_complex.py took 0.069 seconds
[2026-09-22T16:51:16.766+0200] {processor.py:186} INFO - Started process (PID=53767) to work on /Users/swarnalidatta/Desktop/AutoQueryChatbot/.airflow-venv/lib/python3.12/site-packages/airflow/example_dags/example_complex.py
[2026-09-22T16:51:16.767+0200] {processor.py:914} INFO - Processing file /Users/swarnalidatta/Desktop/AutoQueryChatbot/.airflow-venv/lib/python3.12/site-packages/airflow/example_dags/example_complex.py for tasks to queue
[2026-09-22T16:51:16.767+0200] {logging_mixin.py:190} INFO - [2026-09-22T16:51:16.767+0200] {dagbag.py:588} INFO - Filling up the DagBag from /Users/swarnalidatta/Desktop/AutoQueryChatbot/.airflow-venv/lib/python3.12/site-packages/airflow/example_dags/example_complex.py
[2026-09-22T16:51:16.771+0200] {processor.py:925} INFO - DAG(s) 'example_complex' retrieved from /Users/swarnalidatta/Desktop/AutoQueryChatbot/.airflow-venv/lib/python3.12/site-packages/airflow/example_dags/example_complex.py
[2026-09-22T16:51:16.803+0200] {logging_mixin.py:190} INFO - [2026-09-22T16:51:16.803+0200] {dag.py:3239} INFO - Sync 1 DAGs
[2026-09-22T16:51:16.828+0200] {logging_mixin.py:190} INFO - [2026-09-22T16:51:16.828+0200] {dag.py:4180} INFO - Setting next_dagrun for example_complex to None, run_after=None
[2026-09-22T16:51:16.834+0200] {processor.py:208} INFO - Processing /Users/swarnalidatta/Desktop/AutoQueryChatbot/.airflow-venv/lib/python3.12/site-packages/airflow/example_dags/example_complex.py took 0.069 seconds
[2026-09-22T16:53:30.880+0200] {processor.py:186} INFO - Started process (PID=54086) to work on /Users/swarnalidatta/Desktop/AutoQueryChatbot/.airflow-venv/lib/python3.12/site-packages/airflow/example_dags/example_complex.py
[2026-09-22T16:53:30.881+0200] {processor.py:914} INFO - Processing file /Users/swarnalidatta/Desktop/AutoQueryChatbot/.airflow-venv/lib/python3.12/site-packages/airflow/example_dags/example_complex.py for tasks to queue
[2026-09-22T16:53:30.882+0200] {logging_mixin.py:190} INFO - [2026-09-22T16:53:30.882+0200] {dagbag.py:588} INFO - Filling up the DagBag from /Users/swarnalidatta/Desktop/AutoQueryChatbot/.airflow-venv/lib/python3.12/site-packages/airflow/example_dags/example_complex.py
[2026-09-22T16:53:30.886+0200] {processor.py:925} INFO - DAG(s) 'example_complex' retrieved from /Users/swarnalidatta/Desktop/AutoQueryChatbot/.airflow-venv/lib/python3.12/site-packages/airflow/example_dags/example_complex.py
[2026-09-22T16:53:30.920+0200] {logging_mixin.py:190} INFO - [2026-09-22T16:53:30.920+0200] {dag.py:3239} INFO - Sync 1 DAGs
[2026-09-22T16:53:30.949+0200] {logging_mixin.py:190} INFO - [2026-09-22T16:53:30.949+0200] {dag.py:4180} INFO - Setting next_dagrun for example_complex to None, run_after=None
[2026-09-22T16:53:30.955+0200] {processor.py:208} INFO - Processing /Users/swarnalidatta/Desktop/AutoQueryChatbot/.airflow-venv/lib/python3.12/site-packages/airflow/example_dags/example_complex.py took 0.076 seconds
[2026-09-22T16:55:46.259+0200] {processor.py:186} INFO - Started process (PID=54400) to work on /Users/swarnalidatta/Desktop/AutoQueryChatbot/.airflow-venv/lib/python3.12/site-packages/airflow/example_dags/example_complex.py
[2026-09-22T16:55:46.260+0200] {processor.py:914} INFO - Processing file /Users/swarnalidatta/Desktop/AutoQueryChatbot/.airflow-venv/lib/python3.12/site-packages/airflow/example_dags/example_complex.py for tasks to queue
[2026-09-22T16:55:46.260+0200] {logging_mixin.py:190} INFO - [2026-09-22T16:55:46.260+0200] {dagbag.py:588} INFO - Filling up the DagBag from /Users/swarnalidatta/Desktop/AutoQueryChatbot/.airflow-venv/lib/python3.12/site-packages/airflow/example_dags/example_complex.py
[2026-09-22T16:55:46.264+0200] {processor.py:925} INFO - DAG(s) 'example_complex' retrieved from /Users/swarnalidatta/Desktop/AutoQueryChatbot/.airflow-venv/lib/python3.12/site-packages/airflow/example_dags/example_complex.py
[2026-09-22T16:55:46.295+0200] {logging_mixin.py:190} INFO - [2026-09-22T16:55:46.295+0200] {dag.py:3239} INFO - Sync 1 DAGs
[2026-09-22T16:55:46.321+0200] {logging_mixin.py:190} INFO - [2026-09-22T16:55:46.321+0200] {dag.py:4180} INFO - Setting next_dagrun for example_complex to None, run_after=None
[2026-09-22T16:55:46.326+0200] {processor.py:208} INFO - Processing /Users/swarnalidatta/Desktop/AutoQueryChatbot/.airflow-venv/lib/python3.12/site-packages/airflow/example_dags/example_complex.py took 0.068 seconds
[2026-09-22T16:58:03.268+0200] {processor.py:186} INFO - Started process (PID=55905) to work on /Users/swarnalidatta/Desktop/AutoQueryChatbot/.airflow-venv/lib/python3.12/site-packages/airflow/example_dags/example_complex.py
[2026-09-22T16:58:03.268+0200] {processor.py:914} INFO - Processing file /Users/swarnalidatta/Desktop/AutoQueryChatbot/.airflow-venv/lib/python3.12/site-packages/airflow/example_dags/example_complex.py for tasks to queue
[2026-09-22T16:58:03.269+0200] {logging_mixin.py:190} INFO - [2026-09-22T16:58:03.269+0200] {dagbag.py:588} INFO - Filling up the DagBag from /Users/swarnalidatta/Desktop/AutoQueryChatbot/.airflow-venv/lib/python3.12/site-packages/airflow/example_dags/example_complex.py
[2026-09-22T16:58:03.272+0200] {processor.py:925} INFO - DAG(s) 'example_complex' retrieved from /Users/swarnalidatta/Desktop/AutoQueryChatbot/.airflow-venv/lib/python3.12/site-packages/airflow/example_dags/example_complex.py
[2026-09-22T16:58:03.303+0200] {logging_mixin.py:190} INFO - [2026-09-22T16:58:03.303+0200] {dag.py:3239} INFO - Sync 1 DAGs
[2026-09-22T16:58:03.327+0200] {logging_mixin.py:190} INFO - [2026-09-22T16:58:03.327+0200] {dag.py:4180} INFO - Setting next_dagrun for example_complex to None, run_after=None
[2026-09-22T16:58:03.333+0200] {processor.py:208} INFO - Processing /Users/swarnalidatta/Desktop/AutoQueryChatbot/.airflow-venv/lib/python3.12/site-packages/airflow/example_dags/example_complex.py took 0.066 seconds
