[2026-09-22T02:05:47.841+0200] {processor.py:186} INFO - Started process (PID=10670) to work on /Users/swarnalidatta/Desktop/AutoQueryChatbot/.airflow-venv/lib/python3.12/site-packages/airflow/example_dags/example_local_kubernetes_executor.py
[2026-09-22T02:05:47.841+0200] {processor.py:914} INFO - Processing file /Users/swarnalidatta/Desktop/AutoQueryChatbot/.airflow-venv/lib/python3.12/site-packages/airflow/example_dags/example_local_kubernetes_executor.py for tasks to queue
[2026-09-22T02:05:47.841+0200] {logging_mixin.py:190} INFO - [2026-09-22T02:05:47.841+0200] {dagbag.py:588} INFO - Filling up the DagBag from /Users/swarnalidatta/Desktop/AutoQueryChatbot/.airflow-venv/lib/python3.12/site-packages/airflow/example_dags/example_local_kubernetes_executor.py
[2026-09-22T02:05:47.853+0200] {logging_mixin.py:190} INFO - [2026-09-22T02:05:47.853+0200] {example_local_kubernetes_executor.py:40} WARNING - Could not import DAGs in example_local_kubernetes_executor.py
Traceback (most recent call last):
  File "/Users/swarnalidatta/Desktop/AutoQueryChatbot/.airflow-venv/lib/python3.12/site-packages/airflow/example_dags/example_local_kubernetes_executor.py", line 38, in <module>
    from kubernetes.client import models as k8s
ModuleNotFoundError: No module named 'kubernetes'
[2026-09-22T02:05:47.853+0200] {logging_mixin.py:190} INFO - [2026-09-22T02:05:47.853+0200] {example_local_kubernetes_executor.py:41} WARNING - Install Kubernetes dependencies with: pip install apache-airflow[cncf.kubernetes]
[2026-09-22T02:05:47.853+0200] {processor.py:927} WARNING - No viable dags retrieved from /Users/swarnalidatta/Desktop/AutoQueryChatbot/.airflow-venv/lib/python3.12/site-packages/airflow/example_dags/example_local_kubernetes_executor.py
[2026-09-22T02:05:47.875+0200] {processor.py:208} INFO - Processing /Users/swarnalidatta/Desktop/AutoQueryChatbot/.airflow-venv/lib/python3.12/site-packages/airflow/example_dags/example_local_kubernetes_executor.py took 0.036 seconds
[2026-09-22T06:01:04.344+0200] {processor.py:186} INFO - Started process (PID=11083) to work on /Users/swarnalidatta/Desktop/AutoQueryChatbot/.airflow-venv/lib/python3.12/site-packages/airflow/example_dags/example_local_kubernetes_executor.py
[2026-09-22T06:01:04.345+0200] {processor.py:914} INFO - Processing file /Users/swarnalidatta/Desktop/AutoQueryChatbot/.airflow-venv/lib/python3.12/site-packages/airflow/example_dags/example_local_kubernetes_executor.py for tasks to queue
[2026-09-22T06:01:04.345+0200] {logging_mixin.py:190} INFO - [2026-09-22T06:01:04.345+0200] {dagbag.py:588} INFO - Filling up the DagBag from /Users/swarnalidatta/Desktop/AutoQueryChatbot/.airflow-venv/lib/python3.12/site-packages/airflow/example_dags/example_local_kubernetes_executor.py
[2026-09-22T06:01:04.358+0200] {logging_mixin.py:190} INFO - [2026-09-22T06:01:04.358+0200] {example_local_kubernetes_executor.py:40} WARNING - Could not import DAGs in example_local_kubernetes_executor.py
Traceback (most recent call last):
  File "/Users/swarnalidatta/Desktop/AutoQueryChatbot/.airflow-venv/lib/python3.12/site-packages/airflow/example_dags/example_local_kubernetes_executor.py", line 38, in <module>
    from kubernetes.client import models as k8s
ModuleNotFoundError: No module named 'kubernetes'
[2026-09-22T06:01:04.358+0200] {logging_mixin.py:190} INFO - [2026-09-22T06:01:04.358+0200] {example_local_kubernetes_executor.py:41} WARNING - Install Kubernetes dependencies with: pip install apache-airflow[cncf.kubernetes]
[2026-09-22T06:01:04.358+0200] {processor.py:927} WARNING - No viable dags retrieved from /Users/swarnalidatta/Desktop/AutoQueryChatbot/.airflow-venv/lib/python3.12/site-packages/airflow/example_dags/example_local_kubernetes_executor.py
[2026-09-22T06:01:04.383+0200] {processor.py:208} INFO - Processing /Users/swarnalidatta/Desktop/AutoQueryChatbot/.airflow-venv/lib/python3.12/site-packages/airflow/example_dags/example_local_kubernetes_executor.py took 0.040 seconds
[2026-09-22T09:48:49.845+0200] {processor.py:186} INFO - Started process (PID=11659) to work on /Users/swarnalidatta/Desktop/AutoQueryChatbot/.airflow-venv/lib/python3.12/site-packages/airflow/example_dags/example_local_kubernetes_executor.py
[2026-09-22T09:48:49.846+0200] {processor.py:914} INFO - Processing file /Users/swarnalidatta/Desktop/AutoQueryChatbot/.airflow-venv/lib/python3.12/site-packages/airflow/example_dags/example_local_kubernetes_executor.py for tasks to queue
[2026-09-22T09:48:49.846+0200] {logging_mixin.py:190} INFO - [2026-09-22T09:48:49.846+0200] {dagbag.py:588} INFO - Filling up the DagBag from /Users/swarnalidatta/Desktop/AutoQueryChatbot/.airflow-venv/lib/python3.12/site-packages/airflow/example_dags/example_local_kubernetes_executor.py
[2026-09-22T09:48:49.857+0200] {logging_mixin.py:190} INFO - [2026-09-22T09:48:49.857+0200] {example_local_kubernetes_executor.py:40} WARNING - Could not import DAGs in example_local_kubernetes_executor.py
Traceback (most recent call last):
  File "/Users/swarnalidatta/Desktop/AutoQueryChatbot/.airflow-venv/lib/python3.12/site-packages/airflow/example_dags/example_local_kubernetes_executor.py", line 38, in <module>
    from kubernetes.client import models as k8s
ModuleNotFoundError: No module named 'kubernetes'
[2026-09-22T09:48:49.858+0200] {logging_mixin.py:190} INFO - [2026-09-22T09:48:49.858+0200] {example_local_kubernetes_executor.py:41} WARNING - Install Kubernetes dependencies with: pip install apache-airflow[cncf.kubernetes]
[2026-09-22T09:48:49.858+0200] {processor.py:927} WARNING - No viable dags retrieved from /Users/swarnalidatta/Desktop/AutoQueryChatbot/.airflow-venv/lib/python3.12/site-packages/airflow/example_dags/example_local_kubernetes_executor.py
[2026-09-22T09:48:49.879+0200] {processor.py:208} INFO - Processing /Users/swarnalidatta/Desktop/AutoQueryChatbot/.airflow-venv/lib/python3.12/site-packages/airflow/example_dags/example_local_kubernetes_executor.py took 0.035 seconds
[2026-09-22T11:17:56.981+0200] {processor.py:186} INFO - Started process (PID=11913) to work on /Users/swarnalidatta/Desktop/AutoQueryChatbot/.airflow-venv/lib/python3.12/site-packages/airflow/example_dags/example_local_kubernetes_executor.py
[2026-09-22T11:17:56.981+0200] {processor.py:914} INFO - Processing file /Users/swarnalidatta/Desktop/AutoQueryChatbot/.airflow-venv/lib/python3.12/site-packages/airflow/example_dags/example_local_kubernetes_executor.py for tasks to queue
[2026-09-22T11:17:56.982+0200] {logging_mixin.py:190} INFO - [2026-09-22T11:17:56.982+0200] {dagbag.py:588} INFO - Filling up the DagBag from /Users/swarnalidatta/Desktop/AutoQueryChatbot/.airflow-venv/lib/python3.12/site-packages/airflow/example_dags/example_local_kubernetes_executor.py
[2026-09-22T11:17:56.993+0200] {logging_mixin.py:190} INFO - [2026-09-22T11:17:56.993+0200] {example_local_kubernetes_executor.py:40} WARNING - Could not import DAGs in example_local_kubernetes_executor.py
Traceback (most recent call last):
  File "/Users/swarnalidatta/Desktop/AutoQueryChatbot/.airflow-venv/lib/python3.12/site-packages/airflow/example_dags/example_local_kubernetes_executor.py", line 38, in <module>
    from kubernetes.client import models as k8s
ModuleNotFoundError: No module named 'kubernetes'
[2026-09-22T11:17:56.993+0200] {logging_mixin.py:190} INFO - [2026-09-22T11:17:56.993+0200] {example_local_kubernetes_executor.py:41} WARNING - Install Kubernetes dependencies with: pip install apache-airflow[cncf.kubernetes]
[2026-09-22T11:17:56.993+0200] {processor.py:927} WARNING - No viable dags retrieved from /Users/swarnalidatta/Desktop/AutoQueryChatbot/.airflow-venv/lib/python3.12/site-packages/airflow/example_dags/example_local_kubernetes_executor.py
[2026-09-22T11:17:57.014+0200] {processor.py:208} INFO - Processing /Users/swarnalidatta/Desktop/AutoQueryChatbot/.airflow-venv/lib/python3.12/site-packages/airflow/example_dags/example_local_kubernetes_executor.py took 0.035 seconds
[2026-09-22T11:19:23.815+0200] {processor.py:186} INFO - Started process (PID=12113) to work on /Users/swarnalidatta/Desktop/AutoQueryChatbot/.airflow-venv/lib/python3.12/site-packages/airflow/example_dags/example_local_kubernetes_executor.py
[2026-09-22T11:19:23.815+0200] {processor.py:914} INFO - Processing file /Users/swarnalidatta/Desktop/AutoQueryChatbot/.airflow-venv/lib/python3.12/site-packages/airflow/example_dags/example_local_kubernetes_executor.py for tasks to queue
[2026-09-22T11:19:23.815+0200] {logging_mixin.py:190} INFO - [2026-09-22T11:19:23.815+0200] {dagbag.py:588} INFO - Filling up the DagBag from /Users/swarnalidatta/Desktop/AutoQueryChatbot/.airflow-venv/lib/python3.12/site-packages/airflow/example_dags/example_local_kubernetes_executor.py
[2026-09-22T11:19:23.827+0200] {logging_mixin.py:190} INFO - [2026-09-22T11:19:23.827+0200] {example_local_kubernetes_executor.py:40} WARNING - Could not import DAGs in example_local_kubernetes_executor.py
Traceback (most recent call last):
  File "/Users/swarnalidatta/Desktop/AutoQueryChatbot/.airflow-venv/lib/python3.12/site-packages/airflow/example_dags/example_local_kubernetes_executor.py", line 38, in <module>
    from kubernetes.client import models as k8s
ModuleNotFoundError: No module named 'kubernetes'
[2026-09-22T11:19:23.827+0200] {logging_mixin.py:190} INFO - [2026-09-22T11:19:23.827+0200] {example_local_kubernetes_executor.py:41} WARNING - Install Kubernetes dependencies with: pip install apache-airflow[cncf.kubernetes]
[2026-09-22T11:19:23.827+0200] {processor.py:927} WARNING - No viable dags retrieved from /Users/swarnalidatta/Desktop/AutoQueryChatbot/.airflow-venv/lib/python3.12/site-packages/airflow/example_dags/example_local_kubernetes_executor.py
[2026-09-22T11:19:23.849+0200] {processor.py:208} INFO - Processing /Users/swarnalidatta/Desktop/AutoQueryChatbot/.airflow-venv/lib/python3.12/site-packages/airflow/example_dags/example_local_kubernetes_executor.py took 0.035 seconds
[2026-09-22T12:35:18.613+0200] {processor.py:186} INFO - Started process (PID=12429) to work on /Users/swarnalidatta/Desktop/AutoQueryChatbot/.airflow-venv/lib/python3.12/site-packages/airflow/example_dags/example_local_kubernetes_executor.py
[2026-09-22T12:35:18.614+0200] {processor.py:914} INFO - Processing file /Users/swarnalidatta/Desktop/AutoQueryChatbot/.airflow-venv/lib/python3.12/site-packages/airflow/example_dags/example_local_kubernetes_executor.py for tasks to queue
[2026-09-22T12:35:18.614+0200] {logging_mixin.py:190} INFO - [2026-09-22T12:35:18.614+0200] {dagbag.py:588} INFO - Filling up the DagBag from /Users/swarnalidatta/Desktop/AutoQueryChatbot/.airflow-venv/lib/python3.12/site-packages/airflow/example_dags/example_local_kubernetes_executor.py
[2026-09-22T12:35:18.625+0200] {logging_mixin.py:190} INFO - [2026-09-22T12:35:18.625+0200] {example_local_kubernetes_executor.py:40} WARNING - Could not import DAGs in example_local_kubernetes_executor.py
Traceback (most recent call last):
  File "/Users/swarnalidatta/Desktop/AutoQueryChatbot/.airflow-venv/lib/python3.12/site-packages/airflow/example_dags/example_local_kubernetes_executor.py", line 38, in <module>
    from kubernetes.client import models as k8s
ModuleNotFoundError: No module named 'kubernetes'
[2026-09-22T12:35:18.625+0200] {logging_mixin.py:190} INFO - [2026-09-22T12:35:18.625+0200] {example_local_kubernetes_executor.py:41} WARNING - Install Kubernetes dependencies with: pip install apache-airflow[cncf.kubernetes]
[2026-09-22T12:35:18.625+0200] {processor.py:927} WARNING - No viable dags retrieved from /Users/swarnalidatta/Desktop/AutoQueryChatbot/.airflow-venv/lib/python3.12/site-packages/airflow/example_dags/example_local_kubernetes_executor.py
[2026-09-22T12:35:18.647+0200] {processor.py:208} INFO - Processing /Users/swarnalidatta/Desktop/AutoQueryChatbot/.airflow-venv/lib/python3.12/site-packages/airflow/example_dags/example_local_kubernetes_executor.py took 0.035 seconds
[2026-09-22T12:37:26.111+0200] {processor.py:186} INFO - Started process (PID=13119) to work on /Users/swarnalidatta/Desktop/AutoQueryChatbot/.airflow-venv/lib/python3.12/site-packages/airflow/example_dags/example_local_kubernetes_executor.py
[2026-09-22T12:37:26.111+0200] {processor.py:914} INFO - Processing file /Users/swarnalidatta/Desktop/AutoQueryChatbot/.airflow-venv/lib/python3.12/site-packages/airflow/example_dags/example_local_kubernetes_executor.py for tasks to queue
[2026-09-22T12:37:26.111+0200] {logging_mixin.py:190} INFO - [2026-09-22T12:37:26.111+0200] {dagbag.py:588} INFO - Filling up the DagBag from /Users/swarnalidatta/Desktop/AutoQueryChatbot/.airflow-venv/lib/python3.12/site-packages/airflow/example_dags/example_local_kubernetes_executor.py
[2026-09-22T12:37:26.123+0200] {logging_mixin.py:190} INFO - [2026-09-22T12:37:26.123+0200] {example_local_kubernetes_executor.py:40} WARNING - Could not import DAGs in example_local_kubernetes_executor.py
Traceback (most recent call last):
  File "/Users/swarnalidatta/Desktop/AutoQueryChatbot/.airflow-venv/lib/python3.12/site-packages/airflow/example_dags/example_local_kubernetes_executor.py", line 38, in <module>
    from kubernetes.client import models as k8s
ModuleNotFoundError: No module named 'kubernetes'
[2026-09-22T12:37:26.123+0200] {logging_mixin.py:190} INFO - [2026-09-22T12:37:26.123+0200] {example_local_kubernetes_executor.py:41} WARNING - Install Kubernetes dependencies with: pip install apache-airflow[cncf.kubernetes]
[2026-09-22T12:37:26.123+0200] {processor.py:927} WARNING - No viable dags retrieved from /Users/swarnalidatta/Desktop/AutoQueryChatbot/.airflow-venv/lib/python3.12/site-packages/airflow/example_dags/example_local_kubernetes_executor.py
[2026-09-22T12:37:26.145+0200] {processor.py:208} INFO - Processing /Users/swarnalidatta/Desktop/AutoQueryChatbot/.airflow-venv/lib/python3.12/site-packages/airflow/example_dags/example_local_kubernetes_executor.py took 0.035 seconds
[2026-09-22T12:39:36.071+0200] {processor.py:186} INFO - Started process (PID=13413) to work on /Users/swarnalidatta/Desktop/AutoQueryChatbot/.airflow-venv/lib/python3.12/site-packages/airflow/example_dags/example_local_kubernetes_executor.py
[2026-09-22T12:39:36.071+0200] {processor.py:914} INFO - Processing file /Users/swarnalidatta/Desktop/AutoQueryChatbot/.airflow-venv/lib/python3.12/site-packages/airflow/example_dags/example_local_kubernetes_executor.py for tasks to queue
[2026-09-22T12:39:36.072+0200] {logging_mixin.py:190} INFO - [2026-09-22T12:39:36.072+0200] {dagbag.py:588} INFO - Filling up the DagBag from /Users/swarnalidatta/Desktop/AutoQueryChatbot/.airflow-venv/lib/python3.12/site-packages/airflow/example_dags/example_local_kubernetes_executor.py
[2026-09-22T12:39:36.084+0200] {logging_mixin.py:190} INFO - [2026-09-22T12:39:36.084+0200] {example_local_kubernetes_executor.py:40} WARNING - Could not import DAGs in example_local_kubernetes_executor.py
Traceback (most recent call last):
  File "/Users/swarnalidatta/Desktop/AutoQueryChatbot/.airflow-venv/lib/python3.12/site-packages/airflow/example_dags/example_local_kubernetes_executor.py", line 38, in <module>
    from kubernetes.client import models as k8s
ModuleNotFoundError: No module named 'kubernetes'
[2026-09-22T12:39:36.084+0200] {logging_mixin.py:190} INFO - [2026-09-22T12:39:36.084+0200] {example_local_kubernetes_executor.py:41} WARNING - Install Kubernetes dependencies with: pip install apache-airflow[cncf.kubernetes]
[2026-09-22T12:39:36.084+0200] {processor.py:927} WARNING - No viable dags retrieved from /Users/swarnalidatta/Desktop/AutoQueryChatbot/.airflow-venv/lib/python3.12/site-packages/airflow/example_dags/example_local_kubernetes_executor.py
[2026-09-22T12:39:36.108+0200] {processor.py:208} INFO - Processing /Users/swarnalidatta/Desktop/AutoQueryChatbot/.airflow-venv/lib/python3.12/site-packages/airflow/example_dags/example_local_kubernetes_executor.py took 0.038 seconds
[2026-09-22T12:41:45.747+0200] {processor.py:186} INFO - Started process (PID=13925) to work on /Users/swarnalidatta/Desktop/AutoQueryChatbot/.airflow-venv/lib/python3.12/site-packages/airflow/example_dags/example_local_kubernetes_executor.py
[2026-09-22T12:41:45.748+0200] {processor.py:914} INFO - Processing file /Users/swarnalidatta/Desktop/AutoQueryChatbot/.airflow-venv/lib/python3.12/site-packages/airflow/example_dags/example_local_kubernetes_executor.py for tasks to queue
[2026-09-22T12:41:45.748+0200] {logging_mixin.py:190} INFO - [2026-09-22T12:41:45.748+0200] {dagbag.py:588} INFO - Filling up the DagBag from /Users/swarnalidatta/Desktop/AutoQueryChatbot/.airflow-venv/lib/python3.12/site-packages/airflow/example_dags/example_local_kubernetes_executor.py
[2026-09-22T12:41:45.760+0200] {logging_mixin.py:190} INFO - [2026-09-22T12:41:45.759+0200] {example_local_kubernetes_executor.py:40} WARNING - Could not import DAGs in example_local_kubernetes_executor.py
Traceback (most recent call last):
  File "/Users/swarnalidatta/Desktop/AutoQueryChatbot/.airflow-venv/lib/python3.12/site-packages/airflow/example_dags/example_local_kubernetes_executor.py", line 38, in <module>
    from kubernetes.client import models as k8s
ModuleNotFoundError: No module named 'kubernetes'
[2026-09-22T12:41:45.760+0200] {logging_mixin.py:190} INFO - [2026-09-22T12:41:45.760+0200] {example_local_kubernetes_executor.py:41} WARNING - Install Kubernetes dependencies with: pip install apache-airflow[cncf.kubernetes]
[2026-09-22T12:41:45.760+0200] {processor.py:927} WARNING - No viable dags retrieved from /Users/swarnalidatta/Desktop/AutoQueryChatbot/.airflow-venv/lib/python3.12/site-packages/airflow/example_dags/example_local_kubernetes_executor.py
[2026-09-22T12:41:45.782+0200] {processor.py:208} INFO - Processing /Users/swarnalidatta/Desktop/AutoQueryChatbot/.airflow-venv/lib/python3.12/site-packages/airflow/example_dags/example_local_kubernetes_executor.py took 0.036 seconds
[2026-09-22T12:43:59.092+0200] {processor.py:186} INFO - Started process (PID=14430) to work on /Users/swarnalidatta/Desktop/AutoQueryChatbot/.airflow-venv/lib/python3.12/site-packages/airflow/example_dags/example_local_kubernetes_executor.py
[2026-09-22T12:43:59.093+0200] {processor.py:914} INFO - Processing file /Users/swarnalidatta/Desktop/AutoQueryChatbot/.airflow-venv/lib/python3.12/site-packages/airflow/example_dags/example_local_kubernetes_executor.py for tasks to queue
[2026-09-22T12:43:59.093+0200] {logging_mixin.py:190} INFO - [2026-09-22T12:43:59.093+0200] {dagbag.py:588} INFO - Filling up the DagBag from /Users/swarnalidatta/Desktop/AutoQueryChatbot/.airflow-venv/lib/python3.12/site-packages/airflow/example_dags/example_local_kubernetes_executor.py
[2026-09-22T12:43:59.104+0200] {logging_mixin.py:190} INFO - [2026-09-22T12:43:59.104+0200] {example_local_kubernetes_executor.py:40} WARNING - Could not import DAGs in example_local_kubernetes_executor.py
Traceback (most recent call last):
  File "/Users/swarnalidatta/Desktop/AutoQueryChatbot/.airflow-venv/lib/python3.12/site-packages/airflow/example_dags/example_local_kubernetes_executor.py", line 38, in <module>
    from kubernetes.client import models as k8s
ModuleNotFoundError: No module named 'kubernetes'
[2026-09-22T12:43:59.104+0200] {logging_mixin.py:190} INFO - [2026-09-22T12:43:59.104+0200] {example_local_kubernetes_executor.py:41} WARNING - Install Kubernetes dependencies with: pip install apache-airflow[cncf.kubernetes]
[2026-09-22T12:43:59.104+0200] {processor.py:927} WARNING - No viable dags retrieved from /Users/swarnalidatta/Desktop/AutoQueryChatbot/.airflow-venv/lib/python3.12/site-packages/airflow/example_dags/example_local_kubernetes_executor.py
[2026-09-22T12:43:59.127+0200] {processor.py:208} INFO - Processing /Users/swarnalidatta/Desktop/AutoQueryChatbot/.airflow-venv/lib/python3.12/site-packages/airflow/example_dags/example_local_kubernetes_executor.py took 0.036 seconds
[2026-09-22T12:46:11.520+0200] {processor.py:186} INFO - Started process (PID=14728) to work on /Users/swarnalidatta/Desktop/AutoQueryChatbot/.airflow-venv/lib/python3.12/site-packages/airflow/example_dags/example_local_kubernetes_executor.py
[2026-09-22T12:46:11.520+0200] {processor.py:914} INFO - Processing file /Users/swarnalidatta/Desktop/AutoQueryChatbot/.airflow-venv/lib/python3.12/site-packages/airflow/example_dags/example_local_kubernetes_executor.py for tasks to queue
[2026-09-22T12:46:11.520+0200] {logging_mixin.py:190} INFO - [2026-09-22T12:46:11.520+0200] {dagbag.py:588} INFO - Filling up the DagBag from /Users/swarnalidatta/Desktop/AutoQueryChatbot/.airflow-venv/lib/python3.12/site-packages/airflow/example_dags/example_local_kubernetes_executor.py
[2026-09-22T12:46:11.532+0200] {logging_mixin.py:190} INFO - [2026-09-22T12:46:11.532+0200] {example_local_kubernetes_executor.py:40} WARNING - Could not import DAGs in example_local_kubernetes_executor.py
Traceback (most recent call last):
  File "/Users/swarnalidatta/Desktop/AutoQueryChatbot/.airflow-venv/lib/python3.12/site-packages/airflow/example_dags/example_local_kubernetes_executor.py", line 38, in <module>
    from kubernetes.client import models as k8s
ModuleNotFoundError: No module named 'kubernetes'
[2026-09-22T12:46:11.532+0200] {logging_mixin.py:190} INFO - [2026-09-22T12:46:11.532+0200] {example_local_kubernetes_executor.py:41} WARNING - Install Kubernetes dependencies with: pip install apache-airflow[cncf.kubernetes]
[2026-09-22T12:46:11.532+0200] {processor.py:927} WARNING - No viable dags retrieved from /Users/swarnalidatta/Desktop/AutoQueryChatbot/.airflow-venv/lib/python3.12/site-packages/airflow/example_dags/example_local_kubernetes_executor.py
[2026-09-22T12:46:11.555+0200] {processor.py:208} INFO - Processing /Users/swarnalidatta/Desktop/AutoQueryChatbot/.airflow-venv/lib/python3.12/site-packages/airflow/example_dags/example_local_kubernetes_executor.py took 0.036 seconds
[2026-09-22T12:48:22.322+0200] {processor.py:186} INFO - Started process (PID=15026) to work on /Users/swarnalidatta/Desktop/AutoQueryChatbot/.airflow-venv/lib/python3.12/site-packages/airflow/example_dags/example_local_kubernetes_executor.py
[2026-09-22T12:48:22.322+0200] {processor.py:914} INFO - Processing file /Users/swarnalidatta/Desktop/AutoQueryChatbot/.airflow-venv/lib/python3.12/site-packages/airflow/example_dags/example_local_kubernetes_executor.py for tasks to queue
[2026-09-22T12:48:22.323+0200] {logging_mixin.py:190} INFO - [2026-09-22T12:48:22.322+0200] {dagbag.py:588} INFO - Filling up the DagBag from /Users/swarnalidatta/Desktop/AutoQueryChatbot/.airflow-venv/lib/python3.12/site-packages/airflow/example_dags/example_local_kubernetes_executor.py
[2026-09-22T12:48:22.334+0200] {logging_mixin.py:190} INFO - [2026-09-22T12:48:22.334+0200] {example_local_kubernetes_executor.py:40} WARNING - Could not import DAGs in example_local_kubernetes_executor.py
Traceback (most recent call last):
  File "/Users/swarnalidatta/Desktop/AutoQueryChatbot/.airflow-venv/lib/python3.12/site-packages/airflow/example_dags/example_local_kubernetes_executor.py", line 38, in <module>
    from kubernetes.client import models as k8s
ModuleNotFoundError: No module named 'kubernetes'
[2026-09-22T12:48:22.334+0200] {logging_mixin.py:190} INFO - [2026-09-22T12:48:22.334+0200] {example_local_kubernetes_executor.py:41} WARNING - Install Kubernetes dependencies with: pip install apache-airflow[cncf.kubernetes]
[2026-09-22T12:48:22.334+0200] {processor.py:927} WARNING - No viable dags retrieved from /Users/swarnalidatta/Desktop/AutoQueryChatbot/.airflow-venv/lib/python3.12/site-packages/airflow/example_dags/example_local_kubernetes_executor.py
[2026-09-22T12:48:22.356+0200] {processor.py:208} INFO - Processing /Users/swarnalidatta/Desktop/AutoQueryChatbot/.airflow-venv/lib/python3.12/site-packages/airflow/example_dags/example_local_kubernetes_executor.py took 0.036 seconds
[2026-09-22T12:50:31.439+0200] {processor.py:186} INFO - Started process (PID=15331) to work on /Users/swarnalidatta/Desktop/AutoQueryChatbot/.airflow-venv/lib/python3.12/site-packages/airflow/example_dags/example_local_kubernetes_executor.py
[2026-09-22T12:50:31.439+0200] {processor.py:914} INFO - Processing file /Users/swarnalidatta/Desktop/AutoQueryChatbot/.airflow-venv/lib/python3.12/site-packages/airflow/example_dags/example_local_kubernetes_executor.py for tasks to queue
[2026-09-22T12:50:31.439+0200] {logging_mixin.py:190} INFO - [2026-09-22T12:50:31.439+0200] {dagbag.py:588} INFO - Filling up the DagBag from /Users/swarnalidatta/Desktop/AutoQueryChatbot/.airflow-venv/lib/python3.12/site-packages/airflow/example_dags/example_local_kubernetes_executor.py
[2026-09-22T12:50:31.451+0200] {logging_mixin.py:190} INFO - [2026-09-22T12:50:31.451+0200] {example_local_kubernetes_executor.py:40} WARNING - Could not import DAGs in example_local_kubernetes_executor.py
Traceback (most recent call last):
  File "/Users/swarnalidatta/Desktop/AutoQueryChatbot/.airflow-venv/lib/python3.12/site-packages/airflow/example_dags/example_local_kubernetes_executor.py", line 38, in <module>
    from kubernetes.client import models as k8s
ModuleNotFoundError: No module named 'kubernetes'
[2026-09-22T12:50:31.451+0200] {logging_mixin.py:190} INFO - [2026-09-22T12:50:31.451+0200] {example_local_kubernetes_executor.py:41} WARNING - Install Kubernetes dependencies with: pip install apache-airflow[cncf.kubernetes]
[2026-09-22T12:50:31.451+0200] {processor.py:927} WARNING - No viable dags retrieved from /Users/swarnalidatta/Desktop/AutoQueryChatbot/.airflow-venv/lib/python3.12/site-packages/airflow/example_dags/example_local_kubernetes_executor.py
[2026-09-22T12:50:31.474+0200] {processor.py:208} INFO - Processing /Users/swarnalidatta/Desktop/AutoQueryChatbot/.airflow-venv/lib/python3.12/site-packages/airflow/example_dags/example_local_kubernetes_executor.py took 0.036 seconds
[2026-09-22T12:52:40.515+0200] {processor.py:186} INFO - Started process (PID=15675) to work on /Users/swarnalidatta/Desktop/AutoQueryChatbot/.airflow-venv/lib/python3.12/site-packages/airflow/example_dags/example_local_kubernetes_executor.py
[2026-09-22T12:52:40.516+0200] {processor.py:914} INFO - Processing file /Users/swarnalidatta/Desktop/AutoQueryChatbot/.airflow-venv/lib/python3.12/site-packages/airflow/example_dags/example_local_kubernetes_executor.py for tasks to queue
[2026-09-22T12:52:40.516+0200] {logging_mixin.py:190} INFO - [2026-09-22T12:52:40.516+0200] {dagbag.py:588} INFO - Filling up the DagBag from /Users/swarnalidatta/Desktop/AutoQueryChatbot/.airflow-venv/lib/python3.12/site-packages/airflow/example_dags/example_local_kubernetes_executor.py
[2026-09-22T12:52:40.529+0200] {logging_mixin.py:190} INFO - [2026-09-22T12:52:40.528+0200] {example_local_kubernetes_executor.py:40} WARNING - Could not import DAGs in example_local_kubernetes_executor.py
Traceback (most recent call last):
  File "/Users/swarnalidatta/Desktop/AutoQueryChatbot/.airflow-venv/lib/python3.12/site-packages/airflow/example_dags/example_local_kubernetes_executor.py", line 38, in <module>
    from kubernetes.client import models as k8s
ModuleNotFoundError: No module named 'kubernetes'
[2026-09-22T12:52:40.529+0200] {logging_mixin.py:190} INFO - [2026-09-22T12:52:40.529+0200] {example_local_kubernetes_executor.py:41} WARNING - Install Kubernetes dependencies with: pip install apache-airflow[cncf.kubernetes]
[2026-09-22T12:52:40.529+0200] {processor.py:927} WARNING - No viable dags retrieved from /Users/swarnalidatta/Desktop/AutoQueryChatbot/.airflow-venv/lib/python3.12/site-packages/airflow/example_dags/example_local_kubernetes_executor.py
[2026-09-22T12:52:40.553+0200] {processor.py:208} INFO - Processing /Users/swarnalidatta/Desktop/AutoQueryChatbot/.airflow-venv/lib/python3.12/site-packages/airflow/example_dags/example_local_kubernetes_executor.py took 0.039 seconds
[2026-09-22T12:54:53.277+0200] {processor.py:186} INFO - Started process (PID=15990) to work on /Users/swarnalidatta/Desktop/AutoQueryChatbot/.airflow-venv/lib/python3.12/site-packages/airflow/example_dags/example_local_kubernetes_executor.py
[2026-09-22T12:54:53.277+0200] {processor.py:914} INFO - Processing file /Users/swarnalidatta/Desktop/AutoQueryChatbot/.airflow-venv/lib/python3.12/site-packages/airflow/example_dags/example_local_kubernetes_executor.py for tasks to queue
[2026-09-22T12:54:53.278+0200] {logging_mixin.py:190} INFO - [2026-09-22T12:54:53.278+0200] {dagbag.py:588} INFO - Filling up the DagBag from /Users/swarnalidatta/Desktop/AutoQueryChatbot/.airflow-venv/lib/python3.12/site-packages/airflow/example_dags/example_local_kubernetes_executor.py
[2026-09-22T12:54:53.289+0200] {logging_mixin.py:190} INFO - [2026-09-22T12:54:53.289+0200] {example_local_kubernetes_executor.py:40} WARNING - Could not import DAGs in example_local_kubernetes_executor.py
Traceback (most recent call last):
  File "/Users/swarnalidatta/Desktop/AutoQueryChatbot/.airflow-venv/lib/python3.12/site-packages/airflow/example_dags/example_local_kubernetes_executor.py", line 38, in <module>
    from kubernetes.client import models as k8s
ModuleNotFoundError: No module named 'kubernetes'
[2026-09-22T12:54:53.289+0200] {logging_mixin.py:190} INFO - [2026-09-22T12:54:53.289+0200] {example_local_kubernetes_executor.py:41} WARNING - Install Kubernetes dependencies with: pip install apache-airflow[cncf.kubernetes]
[2026-09-22T12:54:53.289+0200] {processor.py:927} WARNING - No viable dags retrieved from /Users/swarnalidatta/Desktop/AutoQueryChatbot/.airflow-venv/lib/python3.12/site-packages/airflow/example_dags/example_local_kubernetes_executor.py
[2026-09-22T12:54:53.313+0200] {processor.py:208} INFO - Processing /Users/swarnalidatta/Desktop/AutoQueryChatbot/.airflow-venv/lib/python3.12/site-packages/airflow/example_dags/example_local_kubernetes_executor.py took 0.037 seconds
[2026-09-22T12:57:03.044+0200] {processor.py:186} INFO - Started process (PID=16311) to work on /Users/swarnalidatta/Desktop/AutoQueryChatbot/.airflow-venv/lib/python3.12/site-packages/airflow/example_dags/example_local_kubernetes_executor.py
[2026-09-22T12:57:03.044+0200] {processor.py:914} INFO - Processing file /Users/swarnalidatta/Desktop/AutoQueryChatbot/.airflow-venv/lib/python3.12/site-packages/airflow/example_dags/example_local_kubernetes_executor.py for tasks to queue
[2026-09-22T12:57:03.044+0200] {logging_mixin.py:190} INFO - [2026-09-22T12:57:03.044+0200] {dagbag.py:588} INFO - Filling up the DagBag from /Users/swarnalidatta/Desktop/AutoQueryChatbot/.airflow-venv/lib/python3.12/site-packages/airflow/example_dags/example_local_kubernetes_executor.py
[2026-09-22T12:57:03.056+0200] {logging_mixin.py:190} INFO - [2026-09-22T12:57:03.056+0200] {example_local_kubernetes_executor.py:40} WARNING - Could not import DAGs in example_local_kubernetes_executor.py
Traceback (most recent call last):
  File "/Users/swarnalidatta/Desktop/AutoQueryChatbot/.airflow-venv/lib/python3.12/site-packages/airflow/example_dags/example_local_kubernetes_executor.py", line 38, in <module>
    from kubernetes.client import models as k8s
ModuleNotFoundError: No module named 'kubernetes'
[2026-09-22T12:57:03.056+0200] {logging_mixin.py:190} INFO - [2026-09-22T12:57:03.056+0200] {example_local_kubernetes_executor.py:41} WARNING - Install Kubernetes dependencies with: pip install apache-airflow[cncf.kubernetes]
[2026-09-22T12:57:03.056+0200] {processor.py:927} WARNING - No viable dags retrieved from /Users/swarnalidatta/Desktop/AutoQueryChatbot/.airflow-venv/lib/python3.12/site-packages/airflow/example_dags/example_local_kubernetes_executor.py
[2026-09-22T12:57:03.079+0200] {processor.py:208} INFO - Processing /Users/swarnalidatta/Desktop/AutoQueryChatbot/.airflow-venv/lib/python3.12/site-packages/airflow/example_dags/example_local_kubernetes_executor.py took 0.037 seconds
[2026-09-22T12:59:18.473+0200] {processor.py:186} INFO - Started process (PID=16656) to work on /Users/swarnalidatta/Desktop/AutoQueryChatbot/.airflow-venv/lib/python3.12/site-packages/airflow/example_dags/example_local_kubernetes_executor.py
[2026-09-22T12:59:18.474+0200] {processor.py:914} INFO - Processing file /Users/swarnalidatta/Desktop/AutoQueryChatbot/.airflow-venv/lib/python3.12/site-packages/airflow/example_dags/example_local_kubernetes_executor.py for tasks to queue
[2026-09-22T12:59:18.474+0200] {logging_mixin.py:190} INFO - [2026-09-22T12:59:18.474+0200] {dagbag.py:588} INFO - Filling up the DagBag from /Users/swarnalidatta/Desktop/AutoQueryChatbot/.airflow-venv/lib/python3.12/site-packages/airflow/example_dags/example_local_kubernetes_executor.py
[2026-09-22T12:59:18.486+0200] {logging_mixin.py:190} INFO - [2026-09-22T12:59:18.485+0200] {example_local_kubernetes_executor.py:40} WARNING - Could not import DAGs in example_local_kubernetes_executor.py
Traceback (most recent call last):
  File "/Users/swarnalidatta/Desktop/AutoQueryChatbot/.airflow-venv/lib/python3.12/site-packages/airflow/example_dags/example_local_kubernetes_executor.py", line 38, in <module>
    from kubernetes.client import models as k8s
ModuleNotFoundError: No module named 'kubernetes'
[2026-09-22T12:59:18.486+0200] {logging_mixin.py:190} INFO - [2026-09-22T12:59:18.486+0200] {example_local_kubernetes_executor.py:41} WARNING - Install Kubernetes dependencies with: pip install apache-airflow[cncf.kubernetes]
[2026-09-22T12:59:18.486+0200] {processor.py:927} WARNING - No viable dags retrieved from /Users/swarnalidatta/Desktop/AutoQueryChatbot/.airflow-venv/lib/python3.12/site-packages/airflow/example_dags/example_local_kubernetes_executor.py
[2026-09-22T12:59:18.509+0200] {processor.py:208} INFO - Processing /Users/swarnalidatta/Desktop/AutoQueryChatbot/.airflow-venv/lib/python3.12/site-packages/airflow/example_dags/example_local_kubernetes_executor.py took 0.037 seconds
[2026-09-22T13:01:25.408+0200] {processor.py:186} INFO - Started process (PID=16957) to work on /Users/swarnalidatta/Desktop/AutoQueryChatbot/.airflow-venv/lib/python3.12/site-packages/airflow/example_dags/example_local_kubernetes_executor.py
[2026-09-22T13:01:25.408+0200] {processor.py:914} INFO - Processing file /Users/swarnalidatta/Desktop/AutoQueryChatbot/.airflow-venv/lib/python3.12/site-packages/airflow/example_dags/example_local_kubernetes_executor.py for tasks to queue
[2026-09-22T13:01:25.409+0200] {logging_mixin.py:190} INFO - [2026-09-22T13:01:25.409+0200] {dagbag.py:588} INFO - Filling up the DagBag from /Users/swarnalidatta/Desktop/AutoQueryChatbot/.airflow-venv/lib/python3.12/site-packages/airflow/example_dags/example_local_kubernetes_executor.py
[2026-09-22T13:01:25.420+0200] {logging_mixin.py:190} INFO - [2026-09-22T13:01:25.420+0200] {example_local_kubernetes_executor.py:40} WARNING - Could not import DAGs in example_local_kubernetes_executor.py
Traceback (most recent call last):
  File "/Users/swarnalidatta/Desktop/AutoQueryChatbot/.airflow-venv/lib/python3.12/site-packages/airflow/example_dags/example_local_kubernetes_executor.py", line 38, in <module>
    from kubernetes.client import models as k8s
ModuleNotFoundError: No module named 'kubernetes'
[2026-09-22T13:01:25.420+0200] {logging_mixin.py:190} INFO - [2026-09-22T13:01:25.420+0200] {example_local_kubernetes_executor.py:41} WARNING - Install Kubernetes dependencies with: pip install apache-airflow[cncf.kubernetes]
[2026-09-22T13:01:25.420+0200] {processor.py:927} WARNING - No viable dags retrieved from /Users/swarnalidatta/Desktop/AutoQueryChatbot/.airflow-venv/lib/python3.12/site-packages/airflow/example_dags/example_local_kubernetes_executor.py
[2026-09-22T13:01:25.444+0200] {processor.py:208} INFO - Processing /Users/swarnalidatta/Desktop/AutoQueryChatbot/.airflow-venv/lib/python3.12/site-packages/airflow/example_dags/example_local_kubernetes_executor.py took 0.037 seconds
[2026-09-22T13:03:29.530+0200] {processor.py:186} INFO - Started process (PID=17240) to work on /Users/swarnalidatta/Desktop/AutoQueryChatbot/.airflow-venv/lib/python3.12/site-packages/airflow/example_dags/example_local_kubernetes_executor.py
[2026-09-22T13:03:29.531+0200] {processor.py:914} INFO - Processing file /Users/swarnalidatta/Desktop/AutoQueryChatbot/.airflow-venv/lib/python3.12/site-packages/airflow/example_dags/example_local_kubernetes_executor.py for tasks to queue
[2026-09-22T13:03:29.531+0200] {logging_mixin.py:190} INFO - [2026-09-22T13:03:29.531+0200] {dagbag.py:588} INFO - Filling up the DagBag from /Users/swarnalidatta/Desktop/AutoQueryChatbot/.airflow-venv/lib/python3.12/site-packages/airflow/example_dags/example_local_kubernetes_executor.py
[2026-09-22T13:03:29.542+0200] {logging_mixin.py:190} INFO - [2026-09-22T13:03:29.542+0200] {example_local_kubernetes_executor.py:40} WARNING - Could not import DAGs in example_local_kubernetes_executor.py
Traceback (most recent call last):
  File "/Users/swarnalidatta/Desktop/AutoQueryChatbot/.airflow-venv/lib/python3.12/site-packages/airflow/example_dags/example_local_kubernetes_executor.py", line 38, in <module>
    from kubernetes.client import models as k8s
ModuleNotFoundError: No module named 'kubernetes'
[2026-09-22T13:03:29.542+0200] {logging_mixin.py:190} INFO - [2026-09-22T13:03:29.542+0200] {example_local_kubernetes_executor.py:41} WARNING - Install Kubernetes dependencies with: pip install apache-airflow[cncf.kubernetes]
[2026-09-22T13:03:29.542+0200] {processor.py:927} WARNING - No viable dags retrieved from /Users/swarnalidatta/Desktop/AutoQueryChatbot/.airflow-venv/lib/python3.12/site-packages/airflow/example_dags/example_local_kubernetes_executor.py
[2026-09-22T13:03:29.565+0200] {processor.py:208} INFO - Processing /Users/swarnalidatta/Desktop/AutoQueryChatbot/.airflow-venv/lib/python3.12/site-packages/airflow/example_dags/example_local_kubernetes_executor.py took 0.036 seconds
[2026-09-22T13:07:51.045+0200] {processor.py:186} INFO - Started process (PID=17557) to work on /Users/swarnalidatta/Desktop/AutoQueryChatbot/.airflow-venv/lib/python3.12/site-packages/airflow/example_dags/example_local_kubernetes_executor.py
[2026-09-22T13:07:51.046+0200] {processor.py:914} INFO - Processing file /Users/swarnalidatta/Desktop/AutoQueryChatbot/.airflow-venv/lib/python3.12/site-packages/airflow/example_dags/example_local_kubernetes_executor.py for tasks to queue
[2026-09-22T13:07:51.046+0200] {logging_mixin.py:190} INFO - [2026-09-22T13:07:51.046+0200] {dagbag.py:588} INFO - Filling up the DagBag from /Users/swarnalidatta/Desktop/AutoQueryChatbot/.airflow-venv/lib/python3.12/site-packages/airflow/example_dags/example_local_kubernetes_executor.py
[2026-09-22T13:07:51.057+0200] {logging_mixin.py:190} INFO - [2026-09-22T13:07:51.057+0200] {example_local_kubernetes_executor.py:40} WARNING - Could not import DAGs in example_local_kubernetes_executor.py
Traceback (most recent call last):
  File "/Users/swarnalidatta/Desktop/AutoQueryChatbot/.airflow-venv/lib/python3.12/site-packages/airflow/example_dags/example_local_kubernetes_executor.py", line 38, in <module>
    from kubernetes.client import models as k8s
ModuleNotFoundError: No module named 'kubernetes'
[2026-09-22T13:07:51.057+0200] {logging_mixin.py:190} INFO - [2026-09-22T13:07:51.057+0200] {example_local_kubernetes_executor.py:41} WARNING - Install Kubernetes dependencies with: pip install apache-airflow[cncf.kubernetes]
[2026-09-22T13:07:51.057+0200] {processor.py:927} WARNING - No viable dags retrieved from /Users/swarnalidatta/Desktop/AutoQueryChatbot/.airflow-venv/lib/python3.12/site-packages/airflow/example_dags/example_local_kubernetes_executor.py
[2026-09-22T13:07:51.079+0200] {processor.py:208} INFO - Processing /Users/swarnalidatta/Desktop/AutoQueryChatbot/.airflow-venv/lib/python3.12/site-packages/airflow/example_dags/example_local_kubernetes_executor.py took 0.035 seconds
[2026-09-22T13:10:09.159+0200] {processor.py:186} INFO - Started process (PID=17862) to work on /Users/swarnalidatta/Desktop/AutoQueryChatbot/.airflow-venv/lib/python3.12/site-packages/airflow/example_dags/example_local_kubernetes_executor.py
[2026-09-22T13:10:09.160+0200] {processor.py:914} INFO - Processing file /Users/swarnalidatta/Desktop/AutoQueryChatbot/.airflow-venv/lib/python3.12/site-packages/airflow/example_dags/example_local_kubernetes_executor.py for tasks to queue
[2026-09-22T13:10:09.160+0200] {logging_mixin.py:190} INFO - [2026-09-22T13:10:09.160+0200] {dagbag.py:588} INFO - Filling up the DagBag from /Users/swarnalidatta/Desktop/AutoQueryChatbot/.airflow-venv/lib/python3.12/site-packages/airflow/example_dags/example_local_kubernetes_executor.py
[2026-09-22T13:10:09.172+0200] {logging_mixin.py:190} INFO - [2026-09-22T13:10:09.172+0200] {example_local_kubernetes_executor.py:40} WARNING - Could not import DAGs in example_local_kubernetes_executor.py
Traceback (most recent call last):
  File "/Users/swarnalidatta/Desktop/AutoQueryChatbot/.airflow-venv/lib/python3.12/site-packages/airflow/example_dags/example_local_kubernetes_executor.py", line 38, in <module>
    from kubernetes.client import models as k8s
ModuleNotFoundError: No module named 'kubernetes'
[2026-09-22T13:10:09.172+0200] {logging_mixin.py:190} INFO - [2026-09-22T13:10:09.172+0200] {example_local_kubernetes_executor.py:41} WARNING - Install Kubernetes dependencies with: pip install apache-airflow[cncf.kubernetes]
[2026-09-22T13:10:09.172+0200] {processor.py:927} WARNING - No viable dags retrieved from /Users/swarnalidatta/Desktop/AutoQueryChatbot/.airflow-venv/lib/python3.12/site-packages/airflow/example_dags/example_local_kubernetes_executor.py
[2026-09-22T13:10:09.195+0200] {processor.py:208} INFO - Processing /Users/swarnalidatta/Desktop/AutoQueryChatbot/.airflow-venv/lib/python3.12/site-packages/airflow/example_dags/example_local_kubernetes_executor.py took 0.037 seconds
[2026-09-22T13:12:26.697+0200] {processor.py:186} INFO - Started process (PID=18174) to work on /Users/swarnalidatta/Desktop/AutoQueryChatbot/.airflow-venv/lib/python3.12/site-packages/airflow/example_dags/example_local_kubernetes_executor.py
[2026-09-22T13:12:26.697+0200] {processor.py:914} INFO - Processing file /Users/swarnalidatta/Desktop/AutoQueryChatbot/.airflow-venv/lib/python3.12/site-packages/airflow/example_dags/example_local_kubernetes_executor.py for tasks to queue
[2026-09-22T13:12:26.698+0200] {logging_mixin.py:190} INFO - [2026-09-22T13:12:26.698+0200] {dagbag.py:588} INFO - Filling up the DagBag from /Users/swarnalidatta/Desktop/AutoQueryChatbot/.airflow-venv/lib/python3.12/site-packages/airflow/example_dags/example_local_kubernetes_executor.py
[2026-09-22T13:12:26.709+0200] {logging_mixin.py:190} INFO - [2026-09-22T13:12:26.709+0200] {example_local_kubernetes_executor.py:40} WARNING - Could not import DAGs in example_local_kubernetes_executor.py
Traceback (most recent call last):
  File "/Users/swarnalidatta/Desktop/AutoQueryChatbot/.airflow-venv/lib/python3.12/site-packages/airflow/example_dags/example_local_kubernetes_executor.py", line 38, in <module>
    from kubernetes.client import models as k8s
ModuleNotFoundError: No module named 'kubernetes'
[2026-09-22T13:12:26.709+0200] {logging_mixin.py:190} INFO - [2026-09-22T13:12:26.709+0200] {example_local_kubernetes_executor.py:41} WARNING - Install Kubernetes dependencies with: pip install apache-airflow[cncf.kubernetes]
[2026-09-22T13:12:26.709+0200] {processor.py:927} WARNING - No viable dags retrieved from /Users/swarnalidatta/Desktop/AutoQueryChatbot/.airflow-venv/lib/python3.12/site-packages/airflow/example_dags/example_local_kubernetes_executor.py
[2026-09-22T13:12:26.732+0200] {processor.py:208} INFO - Processing /Users/swarnalidatta/Desktop/AutoQueryChatbot/.airflow-venv/lib/python3.12/site-packages/airflow/example_dags/example_local_kubernetes_executor.py took 0.037 seconds
[2026-09-22T13:14:36.199+0200] {processor.py:186} INFO - Started process (PID=21591) to work on /Users/swarnalidatta/Desktop/AutoQueryChatbot/.airflow-venv/lib/python3.12/site-packages/airflow/example_dags/example_local_kubernetes_executor.py
[2026-09-22T13:14:36.199+0200] {processor.py:914} INFO - Processing file /Users/swarnalidatta/Desktop/AutoQueryChatbot/.airflow-venv/lib/python3.12/site-packages/airflow/example_dags/example_local_kubernetes_executor.py for tasks to queue
[2026-09-22T13:14:36.200+0200] {logging_mixin.py:190} INFO - [2026-09-22T13:14:36.200+0200] {dagbag.py:588} INFO - Filling up the DagBag from /Users/swarnalidatta/Desktop/AutoQueryChatbot/.airflow-venv/lib/python3.12/site-packages/airflow/example_dags/example_local_kubernetes_executor.py
[2026-09-22T13:14:36.211+0200] {logging_mixin.py:190} INFO - [2026-09-22T13:14:36.211+0200] {example_local_kubernetes_executor.py:40} WARNING - Could not import DAGs in example_local_kubernetes_executor.py
Traceback (most recent call last):
  File "/Users/swarnalidatta/Desktop/AutoQueryChatbot/.airflow-venv/lib/python3.12/site-packages/airflow/example_dags/example_local_kubernetes_executor.py", line 38, in <module>
    from kubernetes.client import models as k8s
ModuleNotFoundError: No module named 'kubernetes'
[2026-09-22T13:14:36.211+0200] {logging_mixin.py:190} INFO - [2026-09-22T13:14:36.211+0200] {example_local_kubernetes_executor.py:41} WARNING - Install Kubernetes dependencies with: pip install apache-airflow[cncf.kubernetes]
[2026-09-22T13:14:36.211+0200] {processor.py:927} WARNING - No viable dags retrieved from /Users/swarnalidatta/Desktop/AutoQueryChatbot/.airflow-venv/lib/python3.12/site-packages/airflow/example_dags/example_local_kubernetes_executor.py
[2026-09-22T13:14:36.234+0200] {processor.py:208} INFO - Processing /Users/swarnalidatta/Desktop/AutoQueryChatbot/.airflow-venv/lib/python3.12/site-packages/airflow/example_dags/example_local_kubernetes_executor.py took 0.036 seconds
[2026-09-22T13:16:43.388+0200] {processor.py:186} INFO - Started process (PID=21908) to work on /Users/swarnalidatta/Desktop/AutoQueryChatbot/.airflow-venv/lib/python3.12/site-packages/airflow/example_dags/example_local_kubernetes_executor.py
[2026-09-22T13:16:43.389+0200] {processor.py:914} INFO - Processing file /Users/swarnalidatta/Desktop/AutoQueryChatbot/.airflow-venv/lib/python3.12/site-packages/airflow/example_dags/example_local_kubernetes_executor.py for tasks to queue
[2026-09-22T13:16:43.389+0200] {logging_mixin.py:190} INFO - [2026-09-22T13:16:43.389+0200] {dagbag.py:588} INFO - Filling up the DagBag from /Users/swarnalidatta/Desktop/AutoQueryChatbot/.airflow-venv/lib/python3.12/site-packages/airflow/example_dags/example_local_kubernetes_executor.py
[2026-09-22T13:16:43.400+0200] {logging_mixin.py:190} INFO - [2026-09-22T13:16:43.400+0200] {example_local_kubernetes_executor.py:40} WARNING - Could not import DAGs in example_local_kubernetes_executor.py
Traceback (most recent call last):
  File "/Users/swarnalidatta/Desktop/AutoQueryChatbot/.airflow-venv/lib/python3.12/site-packages/airflow/example_dags/example_local_kubernetes_executor.py", line 38, in <module>
    from kubernetes.client import models as k8s
ModuleNotFoundError: No module named 'kubernetes'
[2026-09-22T13:16:43.400+0200] {logging_mixin.py:190} INFO - [2026-09-22T13:16:43.400+0200] {example_local_kubernetes_executor.py:41} WARNING - Install Kubernetes dependencies with: pip install apache-airflow[cncf.kubernetes]
[2026-09-22T13:16:43.400+0200] {processor.py:927} WARNING - No viable dags retrieved from /Users/swarnalidatta/Desktop/AutoQueryChatbot/.airflow-venv/lib/python3.12/site-packages/airflow/example_dags/example_local_kubernetes_executor.py
[2026-09-22T13:16:43.424+0200] {processor.py:208} INFO - Processing /Users/swarnalidatta/Desktop/AutoQueryChatbot/.airflow-venv/lib/python3.12/site-packages/airflow/example_dags/example_local_kubernetes_executor.py took 0.036 seconds
[2026-09-22T13:29:11.180+0200] {processor.py:186} INFO - Started process (PID=22903) to work on /Users/swarnalidatta/Desktop/AutoQueryChatbot/.airflow-venv/lib/python3.12/site-packages/airflow/example_dags/example_local_kubernetes_executor.py
[2026-09-22T13:29:11.181+0200] {processor.py:914} INFO - Processing file /Users/swarnalidatta/Desktop/AutoQueryChatbot/.airflow-venv/lib/python3.12/site-packages/airflow/example_dags/example_local_kubernetes_executor.py for tasks to queue
[2026-09-22T13:29:11.181+0200] {logging_mixin.py:190} INFO - [2026-09-22T13:29:11.181+0200] {dagbag.py:588} INFO - Filling up the DagBag from /Users/swarnalidatta/Desktop/AutoQueryChatbot/.airflow-venv/lib/python3.12/site-packages/airflow/example_dags/example_local_kubernetes_executor.py
[2026-09-22T13:29:11.192+0200] {logging_mixin.py:190} INFO - [2026-09-22T13:29:11.192+0200] {example_local_kubernetes_executor.py:40} WARNING - Could not import DAGs in example_local_kubernetes_executor.py
Traceback (most recent call last):
  File "/Users/swarnalidatta/Desktop/AutoQueryChatbot/.airflow-venv/lib/python3.12/site-packages/airflow/example_dags/example_local_kubernetes_executor.py", line 38, in <module>
    from kubernetes.client import models as k8s
ModuleNotFoundError: No module named 'kubernetes'
[2026-09-22T13:29:11.192+0200] {logging_mixin.py:190} INFO - [2026-09-22T13:29:11.192+0200] {example_local_kubernetes_executor.py:41} WARNING - Install Kubernetes dependencies with: pip install apache-airflow[cncf.kubernetes]
[2026-09-22T13:29:11.193+0200] {processor.py:927} WARNING - No viable dags retrieved from /Users/swarnalidatta/Desktop/AutoQueryChatbot/.airflow-venv/lib/python3.12/site-packages/airflow/example_dags/example_local_kubernetes_executor.py
[2026-09-22T13:29:11.216+0200] {processor.py:208} INFO - Processing /Users/swarnalidatta/Desktop/AutoQueryChatbot/.airflow-venv/lib/python3.12/site-packages/airflow/example_dags/example_local_kubernetes_executor.py took 0.037 seconds
[2026-09-22T13:31:22.861+0200] {processor.py:186} INFO - Started process (PID=23267) to work on /Users/swarnalidatta/Desktop/AutoQueryChatbot/.airflow-venv/lib/python3.12/site-packages/airflow/example_dags/example_local_kubernetes_executor.py
[2026-09-22T13:31:22.862+0200] {processor.py:914} INFO - Processing file /Users/swarnalidatta/Desktop/AutoQueryChatbot/.airflow-venv/lib/python3.12/site-packages/airflow/example_dags/example_local_kubernetes_executor.py for tasks to queue
[2026-09-22T13:31:22.862+0200] {logging_mixin.py:190} INFO - [2026-09-22T13:31:22.862+0200] {dagbag.py:588} INFO - Filling up the DagBag from /Users/swarnalidatta/Desktop/AutoQueryChatbot/.airflow-venv/lib/python3.12/site-packages/airflow/example_dags/example_local_kubernetes_executor.py
[2026-09-22T13:31:22.874+0200] {logging_mixin.py:190} INFO - [2026-09-22T13:31:22.874+0200] {example_local_kubernetes_executor.py:40} WARNING - Could not import DAGs in example_local_kubernetes_executor.py
Traceback (most recent call last):
  File "/Users/swarnalidatta/Desktop/AutoQueryChatbot/.airflow-venv/lib/python3.12/site-packages/airflow/example_dags/example_local_kubernetes_executor.py", line 38, in <module>
    from kubernetes.client import models as k8s
ModuleNotFoundError: No module named 'kubernetes'
[2026-09-22T13:31:22.874+0200] {logging_mixin.py:190} INFO - [2026-09-22T13:31:22.874+0200] {example_local_kubernetes_executor.py:41} WARNING - Install Kubernetes dependencies with: pip install apache-airflow[cncf.kubernetes]
[2026-09-22T13:31:22.874+0200] {processor.py:927} WARNING - No viable dags retrieved from /Users/swarnalidatta/Desktop/AutoQueryChatbot/.airflow-venv/lib/python3.12/site-packages/airflow/example_dags/example_local_kubernetes_executor.py
[2026-09-22T13:31:22.898+0200] {processor.py:208} INFO - Processing /Users/swarnalidatta/Desktop/AutoQueryChatbot/.airflow-venv/lib/python3.12/site-packages/airflow/example_dags/example_local_kubernetes_executor.py took 0.038 seconds
[2026-09-22T13:33:50.876+0200] {processor.py:186} INFO - Started process (PID=23628) to work on /Users/swarnalidatta/Desktop/AutoQueryChatbot/.airflow-venv/lib/python3.12/site-packages/airflow/example_dags/example_local_kubernetes_executor.py
[2026-09-22T13:33:50.876+0200] {processor.py:914} INFO - Processing file /Users/swarnalidatta/Desktop/AutoQueryChatbot/.airflow-venv/lib/python3.12/site-packages/airflow/example_dags/example_local_kubernetes_executor.py for tasks to queue
[2026-09-22T13:33:50.877+0200] {logging_mixin.py:190} INFO - [2026-09-22T13:33:50.877+0200] {dagbag.py:588} INFO - Filling up the DagBag from /Users/swarnalidatta/Desktop/AutoQueryChatbot/.airflow-venv/lib/python3.12/site-packages/airflow/example_dags/example_local_kubernetes_executor.py
[2026-09-22T13:33:50.890+0200] {logging_mixin.py:190} INFO - [2026-09-22T13:33:50.890+0200] {example_local_kubernetes_executor.py:40} WARNING - Could not import DAGs in example_local_kubernetes_executor.py
Traceback (most recent call last):
  File "/Users/swarnalidatta/Desktop/AutoQueryChatbot/.airflow-venv/lib/python3.12/site-packages/airflow/example_dags/example_local_kubernetes_executor.py", line 38, in <module>
    from kubernetes.client import models as k8s
ModuleNotFoundError: No module named 'kubernetes'
[2026-09-22T13:33:50.890+0200] {logging_mixin.py:190} INFO - [2026-09-22T13:33:50.890+0200] {example_local_kubernetes_executor.py:41} WARNING - Install Kubernetes dependencies with: pip install apache-airflow[cncf.kubernetes]
[2026-09-22T13:33:50.890+0200] {processor.py:927} WARNING - No viable dags retrieved from /Users/swarnalidatta/Desktop/AutoQueryChatbot/.airflow-venv/lib/python3.12/site-packages/airflow/example_dags/example_local_kubernetes_executor.py
[2026-09-22T13:33:50.914+0200] {processor.py:208} INFO - Processing /Users/swarnalidatta/Desktop/AutoQueryChatbot/.airflow-venv/lib/python3.12/site-packages/airflow/example_dags/example_local_kubernetes_executor.py took 0.039 seconds
[2026-09-22T13:35:52.582+0200] {processor.py:186} INFO - Started process (PID=23909) to work on /Users/swarnalidatta/Desktop/AutoQueryChatbot/.airflow-venv/lib/python3.12/site-packages/airflow/example_dags/example_local_kubernetes_executor.py
[2026-09-22T13:35:52.582+0200] {processor.py:914} INFO - Processing file /Users/swarnalidatta/Desktop/AutoQueryChatbot/.airflow-venv/lib/python3.12/site-packages/airflow/example_dags/example_local_kubernetes_executor.py for tasks to queue
[2026-09-22T13:35:52.583+0200] {logging_mixin.py:190} INFO - [2026-09-22T13:35:52.583+0200] {dagbag.py:588} INFO - Filling up the DagBag from /Users/swarnalidatta/Desktop/AutoQueryChatbot/.airflow-venv/lib/python3.12/site-packages/airflow/example_dags/example_local_kubernetes_executor.py
[2026-09-22T13:35:52.594+0200] {logging_mixin.py:190} INFO - [2026-09-22T13:35:52.594+0200] {example_local_kubernetes_executor.py:40} WARNING - Could not import DAGs in example_local_kubernetes_executor.py
Traceback (most recent call last):
  File "/Users/swarnalidatta/Desktop/AutoQueryChatbot/.airflow-venv/lib/python3.12/site-packages/airflow/example_dags/example_local_kubernetes_executor.py", line 38, in <module>
    from kubernetes.client import models as k8s
ModuleNotFoundError: No module named 'kubernetes'
[2026-09-22T13:35:52.594+0200] {logging_mixin.py:190} INFO - [2026-09-22T13:35:52.594+0200] {example_local_kubernetes_executor.py:41} WARNING - Install Kubernetes dependencies with: pip install apache-airflow[cncf.kubernetes]
[2026-09-22T13:35:52.594+0200] {processor.py:927} WARNING - No viable dags retrieved from /Users/swarnalidatta/Desktop/AutoQueryChatbot/.airflow-venv/lib/python3.12/site-packages/airflow/example_dags/example_local_kubernetes_executor.py
[2026-09-22T13:35:52.617+0200] {processor.py:208} INFO - Processing /Users/swarnalidatta/Desktop/AutoQueryChatbot/.airflow-venv/lib/python3.12/site-packages/airflow/example_dags/example_local_kubernetes_executor.py took 0.036 seconds
[2026-09-22T13:38:01.955+0200] {processor.py:186} INFO - Started process (PID=24424) to work on /Users/swarnalidatta/Desktop/AutoQueryChatbot/.airflow-venv/lib/python3.12/site-packages/airflow/example_dags/example_local_kubernetes_executor.py
[2026-09-22T13:38:01.956+0200] {processor.py:914} INFO - Processing file /Users/swarnalidatta/Desktop/AutoQueryChatbot/.airflow-venv/lib/python3.12/site-packages/airflow/example_dags/example_local_kubernetes_executor.py for tasks to queue
[2026-09-22T13:38:01.956+0200] {logging_mixin.py:190} INFO - [2026-09-22T13:38:01.956+0200] {dagbag.py:588} INFO - Filling up the DagBag from /Users/swarnalidatta/Desktop/AutoQueryChatbot/.airflow-venv/lib/python3.12/site-packages/airflow/example_dags/example_local_kubernetes_executor.py
[2026-09-22T13:38:01.967+0200] {logging_mixin.py:190} INFO - [2026-09-22T13:38:01.967+0200] {example_local_kubernetes_executor.py:40} WARNING - Could not import DAGs in example_local_kubernetes_executor.py
Traceback (most recent call last):
  File "/Users/swarnalidatta/Desktop/AutoQueryChatbot/.airflow-venv/lib/python3.12/site-packages/airflow/example_dags/example_local_kubernetes_executor.py", line 38, in <module>
    from kubernetes.client import models as k8s
ModuleNotFoundError: No module named 'kubernetes'
[2026-09-22T13:38:01.967+0200] {logging_mixin.py:190} INFO - [2026-09-22T13:38:01.967+0200] {example_local_kubernetes_executor.py:41} WARNING - Install Kubernetes dependencies with: pip install apache-airflow[cncf.kubernetes]
[2026-09-22T13:38:01.967+0200] {processor.py:927} WARNING - No viable dags retrieved from /Users/swarnalidatta/Desktop/AutoQueryChatbot/.airflow-venv/lib/python3.12/site-packages/airflow/example_dags/example_local_kubernetes_executor.py
[2026-09-22T13:38:01.990+0200] {processor.py:208} INFO - Processing /Users/swarnalidatta/Desktop/AutoQueryChatbot/.airflow-venv/lib/python3.12/site-packages/airflow/example_dags/example_local_kubernetes_executor.py took 0.036 seconds
[2026-09-22T13:40:16.525+0200] {processor.py:186} INFO - Started process (PID=25014) to work on /Users/swarnalidatta/Desktop/AutoQueryChatbot/.airflow-venv/lib/python3.12/site-packages/airflow/example_dags/example_local_kubernetes_executor.py
[2026-09-22T13:40:16.526+0200] {processor.py:914} INFO - Processing file /Users/swarnalidatta/Desktop/AutoQueryChatbot/.airflow-venv/lib/python3.12/site-packages/airflow/example_dags/example_local_kubernetes_executor.py for tasks to queue
[2026-09-22T13:40:16.526+0200] {logging_mixin.py:190} INFO - [2026-09-22T13:40:16.526+0200] {dagbag.py:588} INFO - Filling up the DagBag from /Users/swarnalidatta/Desktop/AutoQueryChatbot/.airflow-venv/lib/python3.12/site-packages/airflow/example_dags/example_local_kubernetes_executor.py
[2026-09-22T13:40:16.624+0200] {processor.py:925} INFO - DAG(s) 'example_local_kubernetes_executor' retrieved from /Users/swarnalidatta/Desktop/AutoQueryChatbot/.airflow-venv/lib/python3.12/site-packages/airflow/example_dags/example_local_kubernetes_executor.py
[2026-09-22T13:40:16.660+0200] {logging_mixin.py:190} WARNING - /Users/swarnalidatta/Desktop/AutoQueryChatbot/.airflow-venv/lib/python3.12/site-packages/airflow/serialization/serialized_objects.py:1884 DeprecationWarning: This module is deprecated. The `cncf.kubernetes` provider before version 7.4.0 uses this module - you should migrate to a newer version of `cncf.kubernetes` to get rid of this warning. If you import the module via `airflow.kubernetes` import, please use `cncf.kubernetes' provider 7.4.0+ and switch all your imports to use `apache.airflow.providers.cncf.kubernetes` to get rid of the warning.
[2026-09-22T13:40:16.689+0200] {logging_mixin.py:190} INFO - [2026-09-22T13:40:16.689+0200] {override.py:1912} INFO - Created Permission View: can edit on DAG:example_local_kubernetes_executor
[2026-09-22T13:40:16.691+0200] {logging_mixin.py:190} INFO - [2026-09-22T13:40:16.691+0200] {override.py:1912} INFO - Created Permission View: can read on DAG:example_local_kubernetes_executor
[2026-09-22T13:40:16.693+0200] {logging_mixin.py:190} INFO - [2026-09-22T13:40:16.693+0200] {override.py:1912} INFO - Created Permission View: can delete on DAG:example_local_kubernetes_executor
[2026-09-22T13:40:16.694+0200] {logging_mixin.py:190} INFO - [2026-09-22T13:40:16.694+0200] {override.py:1912} INFO - Created Permission View: can read on DAG Run:example_local_kubernetes_executor
[2026-09-22T13:40:16.696+0200] {logging_mixin.py:190} INFO - [2026-09-22T13:40:16.696+0200] {override.py:1912} INFO - Created Permission View: can create on DAG Run:example_local_kubernetes_executor
[2026-09-22T13:40:16.697+0200] {logging_mixin.py:190} INFO - [2026-09-22T13:40:16.697+0200] {override.py:1912} INFO - Created Permission View: can delete on DAG Run:example_local_kubernetes_executor
[2026-09-22T13:40:16.698+0200] {logging_mixin.py:190} INFO - [2026-09-22T13:40:16.698+0200] {override.py:1912} INFO - Created Permission View: menu access on DAG Run:example_local_kubernetes_executor
[2026-09-22T13:40:16.698+0200] {logging_mixin.py:190} INFO - [2026-09-22T13:40:16.698+0200] {dag.py:3239} INFO - Sync 1 DAGs
[2026-09-22T13:40:16.728+0200] {logging_mixin.py:190} INFO - [2026-09-22T13:40:16.728+0200] {dag.py:3262} INFO - Creating ORM DAG for example_local_kubernetes_executor
[2026-09-22T13:40:16.728+0200] {logging_mixin.py:190} INFO - [2026-09-22T13:40:16.728+0200] {dag.py:4180} INFO - Setting next_dagrun for example_local_kubernetes_executor to None, run_after=None
[2026-09-22T13:40:16.733+0200] {processor.py:208} INFO - Processing /Users/swarnalidatta/Desktop/AutoQueryChatbot/.airflow-venv/lib/python3.12/site-packages/airflow/example_dags/example_local_kubernetes_executor.py took 0.209 seconds
[2026-09-22T13:42:33.064+0200] {processor.py:186} INFO - Started process (PID=25504) to work on /Users/swarnalidatta/Desktop/AutoQueryChatbot/.airflow-venv/lib/python3.12/site-packages/airflow/example_dags/example_local_kubernetes_executor.py
[2026-09-22T13:42:33.065+0200] {processor.py:914} INFO - Processing file /Users/swarnalidatta/Desktop/AutoQueryChatbot/.airflow-venv/lib/python3.12/site-packages/airflow/example_dags/example_local_kubernetes_executor.py for tasks to queue
[2026-09-22T13:42:33.065+0200] {logging_mixin.py:190} INFO - [2026-09-22T13:42:33.065+0200] {dagbag.py:588} INFO - Filling up the DagBag from /Users/swarnalidatta/Desktop/AutoQueryChatbot/.airflow-venv/lib/python3.12/site-packages/airflow/example_dags/example_local_kubernetes_executor.py
[2026-09-22T13:42:33.163+0200] {processor.py:925} INFO - DAG(s) 'example_local_kubernetes_executor' retrieved from /Users/swarnalidatta/Desktop/AutoQueryChatbot/.airflow-venv/lib/python3.12/site-packages/airflow/example_dags/example_local_kubernetes_executor.py
[2026-09-22T13:42:33.198+0200] {logging_mixin.py:190} WARNING - /Users/swarnalidatta/Desktop/AutoQueryChatbot/.airflow-venv/lib/python3.12/site-packages/airflow/serialization/serialized_objects.py:1884 DeprecationWarning: This module is deprecated. The `cncf.kubernetes` provider before version 7.4.0 uses this module - you should migrate to a newer version of `cncf.kubernetes` to get rid of this warning. If you import the module via `airflow.kubernetes` import, please use `cncf.kubernetes' provider 7.4.0+ and switch all your imports to use `apache.airflow.providers.cncf.kubernetes` to get rid of the warning.
[2026-09-22T13:42:33.201+0200] {logging_mixin.py:190} INFO - [2026-09-22T13:42:33.201+0200] {dag.py:3239} INFO - Sync 1 DAGs
[2026-09-22T13:42:33.204+0200] {logging_mixin.py:190} INFO - [2026-09-22T13:42:33.204+0200] {dag.py:4180} INFO - Setting next_dagrun for example_local_kubernetes_executor to None, run_after=None
[2026-09-22T13:42:33.209+0200] {processor.py:208} INFO - Processing /Users/swarnalidatta/Desktop/AutoQueryChatbot/.airflow-venv/lib/python3.12/site-packages/airflow/example_dags/example_local_kubernetes_executor.py took 0.146 seconds
[2026-09-22T13:44:42.690+0200] {processor.py:186} INFO - Started process (PID=25794) to work on /Users/swarnalidatta/Desktop/AutoQueryChatbot/.airflow-venv/lib/python3.12/site-packages/airflow/example_dags/example_local_kubernetes_executor.py
[2026-09-22T13:44:42.691+0200] {processor.py:914} INFO - Processing file /Users/swarnalidatta/Desktop/AutoQueryChatbot/.airflow-venv/lib/python3.12/site-packages/airflow/example_dags/example_local_kubernetes_executor.py for tasks to queue
[2026-09-22T13:44:42.691+0200] {logging_mixin.py:190} INFO - [2026-09-22T13:44:42.691+0200] {dagbag.py:588} INFO - Filling up the DagBag from /Users/swarnalidatta/Desktop/AutoQueryChatbot/.airflow-venv/lib/python3.12/site-packages/airflow/example_dags/example_local_kubernetes_executor.py
[2026-09-22T13:44:42.793+0200] {processor.py:925} INFO - DAG(s) 'example_local_kubernetes_executor' retrieved from /Users/swarnalidatta/Desktop/AutoQueryChatbot/.airflow-venv/lib/python3.12/site-packages/airflow/example_dags/example_local_kubernetes_executor.py
[2026-09-22T13:44:42.829+0200] {logging_mixin.py:190} WARNING - /Users/swarnalidatta/Desktop/AutoQueryChatbot/.airflow-venv/lib/python3.12/site-packages/airflow/serialization/serialized_objects.py:1884 DeprecationWarning: This module is deprecated. The `cncf.kubernetes` provider before version 7.4.0 uses this module - you should migrate to a newer version of `cncf.kubernetes` to get rid of this warning. If you import the module via `airflow.kubernetes` import, please use `cncf.kubernetes' provider 7.4.0+ and switch all your imports to use `apache.airflow.providers.cncf.kubernetes` to get rid of the warning.
[2026-09-22T13:44:42.832+0200] {logging_mixin.py:190} INFO - [2026-09-22T13:44:42.832+0200] {dag.py:3239} INFO - Sync 1 DAGs
[2026-09-22T13:44:42.836+0200] {logging_mixin.py:190} INFO - [2026-09-22T13:44:42.835+0200] {dag.py:4180} INFO - Setting next_dagrun for example_local_kubernetes_executor to None, run_after=None
[2026-09-22T13:44:42.841+0200] {processor.py:208} INFO - Processing /Users/swarnalidatta/Desktop/AutoQueryChatbot/.airflow-venv/lib/python3.12/site-packages/airflow/example_dags/example_local_kubernetes_executor.py took 0.151 seconds
[2026-09-22T13:46:57.090+0200] {processor.py:186} INFO - Started process (PID=26096) to work on /Users/swarnalidatta/Desktop/AutoQueryChatbot/.airflow-venv/lib/python3.12/site-packages/airflow/example_dags/example_local_kubernetes_executor.py
[2026-09-22T13:46:57.091+0200] {processor.py:914} INFO - Processing file /Users/swarnalidatta/Desktop/AutoQueryChatbot/.airflow-venv/lib/python3.12/site-packages/airflow/example_dags/example_local_kubernetes_executor.py for tasks to queue
[2026-09-22T13:46:57.091+0200] {logging_mixin.py:190} INFO - [2026-09-22T13:46:57.091+0200] {dagbag.py:588} INFO - Filling up the DagBag from /Users/swarnalidatta/Desktop/AutoQueryChatbot/.airflow-venv/lib/python3.12/site-packages/airflow/example_dags/example_local_kubernetes_executor.py
[2026-09-22T13:46:57.190+0200] {processor.py:925} INFO - DAG(s) 'example_local_kubernetes_executor' retrieved from /Users/swarnalidatta/Desktop/AutoQueryChatbot/.airflow-venv/lib/python3.12/site-packages/airflow/example_dags/example_local_kubernetes_executor.py
[2026-09-22T13:46:57.227+0200] {logging_mixin.py:190} WARNING - /Users/swarnalidatta/Desktop/AutoQueryChatbot/.airflow-venv/lib/python3.12/site-packages/airflow/serialization/serialized_objects.py:1884 DeprecationWarning: This module is deprecated. The `cncf.kubernetes` provider before version 7.4.0 uses this module - you should migrate to a newer version of `cncf.kubernetes` to get rid of this warning. If you import the module via `airflow.kubernetes` import, please use `cncf.kubernetes' provider 7.4.0+ and switch all your imports to use `apache.airflow.providers.cncf.kubernetes` to get rid of the warning.
[2026-09-22T13:46:57.231+0200] {logging_mixin.py:190} INFO - [2026-09-22T13:46:57.231+0200] {dag.py:3239} INFO - Sync 1 DAGs
[2026-09-22T13:46:57.234+0200] {logging_mixin.py:190} INFO - [2026-09-22T13:46:57.234+0200] {dag.py:4180} INFO - Setting next_dagrun for example_local_kubernetes_executor to None, run_after=None
[2026-09-22T13:46:57.239+0200] {processor.py:208} INFO - Processing /Users/swarnalidatta/Desktop/AutoQueryChatbot/.airflow-venv/lib/python3.12/site-packages/airflow/example_dags/example_local_kubernetes_executor.py took 0.150 seconds
[2026-09-22T13:49:08.981+0200] {processor.py:186} INFO - Started process (PID=26395) to work on /Users/swarnalidatta/Desktop/AutoQueryChatbot/.airflow-venv/lib/python3.12/site-packages/airflow/example_dags/example_local_kubernetes_executor.py
[2026-09-22T13:49:08.982+0200] {processor.py:914} INFO - Processing file /Users/swarnalidatta/Desktop/AutoQueryChatbot/.airflow-venv/lib/python3.12/site-packages/airflow/example_dags/example_local_kubernetes_executor.py for tasks to queue
[2026-09-22T13:49:08.982+0200] {logging_mixin.py:190} INFO - [2026-09-22T13:49:08.982+0200] {dagbag.py:588} INFO - Filling up the DagBag from /Users/swarnalidatta/Desktop/AutoQueryChatbot/.airflow-venv/lib/python3.12/site-packages/airflow/example_dags/example_local_kubernetes_executor.py
[2026-09-22T13:49:09.085+0200] {processor.py:925} INFO - DAG(s) 'example_local_kubernetes_executor' retrieved from /Users/swarnalidatta/Desktop/AutoQueryChatbot/.airflow-venv/lib/python3.12/site-packages/airflow/example_dags/example_local_kubernetes_executor.py
[2026-09-22T13:49:09.120+0200] {logging_mixin.py:190} WARNING - /Users/swarnalidatta/Desktop/AutoQueryChatbot/.airflow-venv/lib/python3.12/site-packages/airflow/serialization/serialized_objects.py:1884 DeprecationWarning: This module is deprecated. The `cncf.kubernetes` provider before version 7.4.0 uses this module - you should migrate to a newer version of `cncf.kubernetes` to get rid of this warning. If you import the module via `airflow.kubernetes` import, please use `cncf.kubernetes' provider 7.4.0+ and switch all your imports to use `apache.airflow.providers.cncf.kubernetes` to get rid of the warning.
[2026-09-22T13:49:09.124+0200] {logging_mixin.py:190} INFO - [2026-09-22T13:49:09.124+0200] {dag.py:3239} INFO - Sync 1 DAGs
[2026-09-22T13:49:09.127+0200] {logging_mixin.py:190} INFO - [2026-09-22T13:49:09.127+0200] {dag.py:4180} INFO - Setting next_dagrun for example_local_kubernetes_executor to None, run_after=None
[2026-09-22T13:49:09.132+0200] {processor.py:208} INFO - Processing /Users/swarnalidatta/Desktop/AutoQueryChatbot/.airflow-venv/lib/python3.12/site-packages/airflow/example_dags/example_local_kubernetes_executor.py took 0.152 seconds
[2026-09-22T13:53:44.754+0200] {processor.py:186} INFO - Started process (PID=26569) to work on /Users/swarnalidatta/Desktop/AutoQueryChatbot/.airflow-venv/lib/python3.12/site-packages/airflow/example_dags/example_local_kubernetes_executor.py
[2026-09-22T13:53:44.754+0200] {processor.py:914} INFO - Processing file /Users/swarnalidatta/Desktop/AutoQueryChatbot/.airflow-venv/lib/python3.12/site-packages/airflow/example_dags/example_local_kubernetes_executor.py for tasks to queue
[2026-09-22T13:53:44.754+0200] {logging_mixin.py:190} INFO - [2026-09-22T13:53:44.754+0200] {dagbag.py:588} INFO - Filling up the DagBag from /Users/swarnalidatta/Desktop/AutoQueryChatbot/.airflow-venv/lib/python3.12/site-packages/airflow/example_dags/example_local_kubernetes_executor.py
[2026-09-22T13:53:44.854+0200] {processor.py:925} INFO - DAG(s) 'example_local_kubernetes_executor' retrieved from /Users/swarnalidatta/Desktop/AutoQueryChatbot/.airflow-venv/lib/python3.12/site-packages/airflow/example_dags/example_local_kubernetes_executor.py
[2026-09-22T13:53:44.890+0200] {logging_mixin.py:190} WARNING - /Users/swarnalidatta/Desktop/AutoQueryChatbot/.airflow-venv/lib/python3.12/site-packages/airflow/serialization/serialized_objects.py:1884 DeprecationWarning: This module is deprecated. The `cncf.kubernetes` provider before version 7.4.0 uses this module - you should migrate to a newer version of `cncf.kubernetes` to get rid of this warning. If you import the module via `airflow.kubernetes` import, please use `cncf.kubernetes' provider 7.4.0+ and switch all your imports to use `apache.airflow.providers.cncf.kubernetes` to get rid of the warning.
[2026-09-22T13:53:44.893+0200] {logging_mixin.py:190} INFO - [2026-09-22T13:53:44.893+0200] {dag.py:3239} INFO - Sync 1 DAGs
[2026-09-22T13:53:44.896+0200] {logging_mixin.py:190} INFO - [2026-09-22T13:53:44.896+0200] {dag.py:4180} INFO - Setting next_dagrun for example_local_kubernetes_executor to None, run_after=None
[2026-09-22T13:53:44.902+0200] {processor.py:208} INFO - Processing /Users/swarnalidatta/Desktop/AutoQueryChatbot/.airflow-venv/lib/python3.12/site-packages/airflow/example_dags/example_local_kubernetes_executor.py took 0.149 seconds
[2026-09-22T13:55:57.483+0200] {processor.py:186} INFO - Started process (PID=26862) to work on /Users/swarnalidatta/Desktop/AutoQueryChatbot/.airflow-venv/lib/python3.12/site-packages/airflow/example_dags/example_local_kubernetes_executor.py
[2026-09-22T13:55:57.483+0200] {processor.py:914} INFO - Processing file /Users/swarnalidatta/Desktop/AutoQueryChatbot/.airflow-venv/lib/python3.12/site-packages/airflow/example_dags/example_local_kubernetes_executor.py for tasks to queue
[2026-09-22T13:55:57.484+0200] {logging_mixin.py:190} INFO - [2026-09-22T13:55:57.483+0200] {dagbag.py:588} INFO - Filling up the DagBag from /Users/swarnalidatta/Desktop/AutoQueryChatbot/.airflow-venv/lib/python3.12/site-packages/airflow/example_dags/example_local_kubernetes_executor.py
[2026-09-22T13:55:57.583+0200] {processor.py:925} INFO - DAG(s) 'example_local_kubernetes_executor' retrieved from /Users/swarnalidatta/Desktop/AutoQueryChatbot/.airflow-venv/lib/python3.12/site-packages/airflow/example_dags/example_local_kubernetes_executor.py
[2026-09-22T13:55:57.619+0200] {logging_mixin.py:190} WARNING - /Users/swarnalidatta/Desktop/AutoQueryChatbot/.airflow-venv/lib/python3.12/site-packages/airflow/serialization/serialized_objects.py:1884 DeprecationWarning: This module is deprecated. The `cncf.kubernetes` provider before version 7.4.0 uses this module - you should migrate to a newer version of `cncf.kubernetes` to get rid of this warning. If you import the module via `airflow.kubernetes` import, please use `cncf.kubernetes' provider 7.4.0+ and switch all your imports to use `apache.airflow.providers.cncf.kubernetes` to get rid of the warning.
[2026-09-22T13:55:57.623+0200] {logging_mixin.py:190} INFO - [2026-09-22T13:55:57.623+0200] {dag.py:3239} INFO - Sync 1 DAGs
[2026-09-22T13:55:57.626+0200] {logging_mixin.py:190} INFO - [2026-09-22T13:55:57.626+0200] {dag.py:4180} INFO - Setting next_dagrun for example_local_kubernetes_executor to None, run_after=None
[2026-09-22T13:55:57.631+0200] {processor.py:208} INFO - Processing /Users/swarnalidatta/Desktop/AutoQueryChatbot/.airflow-venv/lib/python3.12/site-packages/airflow/example_dags/example_local_kubernetes_executor.py took 0.149 seconds
[2026-09-22T13:58:11.475+0200] {processor.py:186} INFO - Started process (PID=27157) to work on /Users/swarnalidatta/Desktop/AutoQueryChatbot/.airflow-venv/lib/python3.12/site-packages/airflow/example_dags/example_local_kubernetes_executor.py
[2026-09-22T13:58:11.475+0200] {processor.py:914} INFO - Processing file /Users/swarnalidatta/Desktop/AutoQueryChatbot/.airflow-venv/lib/python3.12/site-packages/airflow/example_dags/example_local_kubernetes_executor.py for tasks to queue
[2026-09-22T13:58:11.475+0200] {logging_mixin.py:190} INFO - [2026-09-22T13:58:11.475+0200] {dagbag.py:588} INFO - Filling up the DagBag from /Users/swarnalidatta/Desktop/AutoQueryChatbot/.airflow-venv/lib/python3.12/site-packages/airflow/example_dags/example_local_kubernetes_executor.py
[2026-09-22T13:58:11.574+0200] {processor.py:925} INFO - DAG(s) 'example_local_kubernetes_executor' retrieved from /Users/swarnalidatta/Desktop/AutoQueryChatbot/.airflow-venv/lib/python3.12/site-packages/airflow/example_dags/example_local_kubernetes_executor.py
[2026-09-22T13:58:11.610+0200] {logging_mixin.py:190} WARNING - /Users/swarnalidatta/Desktop/AutoQueryChatbot/.airflow-venv/lib/python3.12/site-packages/airflow/serialization/serialized_objects.py:1884 DeprecationWarning: This module is deprecated. The `cncf.kubernetes` provider before version 7.4.0 uses this module - you should migrate to a newer version of `cncf.kubernetes` to get rid of this warning. If you import the module via `airflow.kubernetes` import, please use `cncf.kubernetes' provider 7.4.0+ and switch all your imports to use `apache.airflow.providers.cncf.kubernetes` to get rid of the warning.
[2026-09-22T13:58:11.613+0200] {logging_mixin.py:190} INFO - [2026-09-22T13:58:11.613+0200] {dag.py:3239} INFO - Sync 1 DAGs
[2026-09-22T13:58:11.616+0200] {logging_mixin.py:190} INFO - [2026-09-22T13:58:11.616+0200] {dag.py:4180} INFO - Setting next_dagrun for example_local_kubernetes_executor to None, run_after=None
[2026-09-22T13:58:11.621+0200] {processor.py:208} INFO - Processing /Users/swarnalidatta/Desktop/AutoQueryChatbot/.airflow-venv/lib/python3.12/site-packages/airflow/example_dags/example_local_kubernetes_executor.py took 0.148 seconds
[2026-09-22T14:14:41.443+0200] {processor.py:186} INFO - Started process (PID=27501) to work on /Users/swarnalidatta/Desktop/AutoQueryChatbot/.airflow-venv/lib/python3.12/site-packages/airflow/example_dags/example_local_kubernetes_executor.py
[2026-09-22T14:14:41.443+0200] {processor.py:914} INFO - Processing file /Users/swarnalidatta/Desktop/AutoQueryChatbot/.airflow-venv/lib/python3.12/site-packages/airflow/example_dags/example_local_kubernetes_executor.py for tasks to queue
[2026-09-22T14:14:41.443+0200] {logging_mixin.py:190} INFO - [2026-09-22T14:14:41.443+0200] {dagbag.py:588} INFO - Filling up the DagBag from /Users/swarnalidatta/Desktop/AutoQueryChatbot/.airflow-venv/lib/python3.12/site-packages/airflow/example_dags/example_local_kubernetes_executor.py
[2026-09-22T14:14:41.543+0200] {processor.py:925} INFO - DAG(s) 'example_local_kubernetes_executor' retrieved from /Users/swarnalidatta/Desktop/AutoQueryChatbot/.airflow-venv/lib/python3.12/site-packages/airflow/example_dags/example_local_kubernetes_executor.py
[2026-09-22T14:14:41.577+0200] {logging_mixin.py:190} WARNING - /Users/swarnalidatta/Desktop/AutoQueryChatbot/.airflow-venv/lib/python3.12/site-packages/airflow/serialization/serialized_objects.py:1884 DeprecationWarning: This module is deprecated. The `cncf.kubernetes` provider before version 7.4.0 uses this module - you should migrate to a newer version of `cncf.kubernetes` to get rid of this warning. If you import the module via `airflow.kubernetes` import, please use `cncf.kubernetes' provider 7.4.0+ and switch all your imports to use `apache.airflow.providers.cncf.kubernetes` to get rid of the warning.
[2026-09-22T14:14:41.580+0200] {logging_mixin.py:190} INFO - [2026-09-22T14:14:41.580+0200] {dag.py:3239} INFO - Sync 1 DAGs
[2026-09-22T14:14:41.583+0200] {logging_mixin.py:190} INFO - [2026-09-22T14:14:41.583+0200] {dag.py:4180} INFO - Setting next_dagrun for example_local_kubernetes_executor to None, run_after=None
[2026-09-22T14:14:41.588+0200] {processor.py:208} INFO - Processing /Users/swarnalidatta/Desktop/AutoQueryChatbot/.airflow-venv/lib/python3.12/site-packages/airflow/example_dags/example_local_kubernetes_executor.py took 0.146 seconds
[2026-09-22T14:16:13.758+0200] {processor.py:186} INFO - Started process (PID=27707) to work on /Users/swarnalidatta/Desktop/AutoQueryChatbot/.airflow-venv/lib/python3.12/site-packages/airflow/example_dags/example_local_kubernetes_executor.py
[2026-09-22T14:16:13.758+0200] {processor.py:914} INFO - Processing file /Users/swarnalidatta/Desktop/AutoQueryChatbot/.airflow-venv/lib/python3.12/site-packages/airflow/example_dags/example_local_kubernetes_executor.py for tasks to queue
[2026-09-22T14:16:13.759+0200] {logging_mixin.py:190} INFO - [2026-09-22T14:16:13.759+0200] {dagbag.py:588} INFO - Filling up the DagBag from /Users/swarnalidatta/Desktop/AutoQueryChatbot/.airflow-venv/lib/python3.12/site-packages/airflow/example_dags/example_local_kubernetes_executor.py
[2026-09-22T14:16:13.855+0200] {processor.py:925} INFO - DAG(s) 'example_local_kubernetes_executor' retrieved from /Users/swarnalidatta/Desktop/AutoQueryChatbot/.airflow-venv/lib/python3.12/site-packages/airflow/example_dags/example_local_kubernetes_executor.py
[2026-09-22T14:16:13.890+0200] {logging_mixin.py:190} WARNING - /Users/swarnalidatta/Desktop/AutoQueryChatbot/.airflow-venv/lib/python3.12/site-packages/airflow/serialization/serialized_objects.py:1884 DeprecationWarning: This module is deprecated. The `cncf.kubernetes` provider before version 7.4.0 uses this module - you should migrate to a newer version of `cncf.kubernetes` to get rid of this warning. If you import the module via `airflow.kubernetes` import, please use `cncf.kubernetes' provider 7.4.0+ and switch all your imports to use `apache.airflow.providers.cncf.kubernetes` to get rid of the warning.
[2026-09-22T14:16:13.894+0200] {logging_mixin.py:190} INFO - [2026-09-22T14:16:13.893+0200] {dag.py:3239} INFO - Sync 1 DAGs
[2026-09-22T14:16:13.896+0200] {logging_mixin.py:190} INFO - [2026-09-22T14:16:13.896+0200] {dag.py:4180} INFO - Setting next_dagrun for example_local_kubernetes_executor to None, run_after=None
[2026-09-22T14:16:13.901+0200] {processor.py:208} INFO - Processing /Users/swarnalidatta/Desktop/AutoQueryChatbot/.airflow-venv/lib/python3.12/site-packages/airflow/example_dags/example_local_kubernetes_executor.py took 0.144 seconds
[2026-09-22T14:44:56.336+0200] {processor.py:186} INFO - Started process (PID=28026) to work on /Users/swarnalidatta/Desktop/AutoQueryChatbot/.airflow-venv/lib/python3.12/site-packages/airflow/example_dags/example_local_kubernetes_executor.py
[2026-09-22T14:44:56.337+0200] {processor.py:914} INFO - Processing file /Users/swarnalidatta/Desktop/AutoQueryChatbot/.airflow-venv/lib/python3.12/site-packages/airflow/example_dags/example_local_kubernetes_executor.py for tasks to queue
[2026-09-22T14:44:56.337+0200] {logging_mixin.py:190} INFO - [2026-09-22T14:44:56.337+0200] {dagbag.py:588} INFO - Filling up the DagBag from /Users/swarnalidatta/Desktop/AutoQueryChatbot/.airflow-venv/lib/python3.12/site-packages/airflow/example_dags/example_local_kubernetes_executor.py
[2026-09-22T14:44:56.433+0200] {processor.py:925} INFO - DAG(s) 'example_local_kubernetes_executor' retrieved from /Users/swarnalidatta/Desktop/AutoQueryChatbot/.airflow-venv/lib/python3.12/site-packages/airflow/example_dags/example_local_kubernetes_executor.py
[2026-09-22T14:44:56.467+0200] {logging_mixin.py:190} WARNING - /Users/swarnalidatta/Desktop/AutoQueryChatbot/.airflow-venv/lib/python3.12/site-packages/airflow/serialization/serialized_objects.py:1884 DeprecationWarning: This module is deprecated. The `cncf.kubernetes` provider before version 7.4.0 uses this module - you should migrate to a newer version of `cncf.kubernetes` to get rid of this warning. If you import the module via `airflow.kubernetes` import, please use `cncf.kubernetes' provider 7.4.0+ and switch all your imports to use `apache.airflow.providers.cncf.kubernetes` to get rid of the warning.
[2026-09-22T14:44:56.471+0200] {logging_mixin.py:190} INFO - [2026-09-22T14:44:56.471+0200] {dag.py:3239} INFO - Sync 1 DAGs
[2026-09-22T14:44:56.473+0200] {logging_mixin.py:190} INFO - [2026-09-22T14:44:56.473+0200] {dag.py:4180} INFO - Setting next_dagrun for example_local_kubernetes_executor to None, run_after=None
[2026-09-22T14:44:56.478+0200] {processor.py:208} INFO - Processing /Users/swarnalidatta/Desktop/AutoQueryChatbot/.airflow-venv/lib/python3.12/site-packages/airflow/example_dags/example_local_kubernetes_executor.py took 0.143 seconds
[2026-09-22T14:46:30.293+0200] {processor.py:186} INFO - Started process (PID=28231) to work on /Users/swarnalidatta/Desktop/AutoQueryChatbot/.airflow-venv/lib/python3.12/site-packages/airflow/example_dags/example_local_kubernetes_executor.py
[2026-09-22T14:46:30.293+0200] {processor.py:914} INFO - Processing file /Users/swarnalidatta/Desktop/AutoQueryChatbot/.airflow-venv/lib/python3.12/site-packages/airflow/example_dags/example_local_kubernetes_executor.py for tasks to queue
[2026-09-22T14:46:30.293+0200] {logging_mixin.py:190} INFO - [2026-09-22T14:46:30.293+0200] {dagbag.py:588} INFO - Filling up the DagBag from /Users/swarnalidatta/Desktop/AutoQueryChatbot/.airflow-venv/lib/python3.12/site-packages/airflow/example_dags/example_local_kubernetes_executor.py
[2026-09-22T14:46:30.390+0200] {processor.py:925} INFO - DAG(s) 'example_local_kubernetes_executor' retrieved from /Users/swarnalidatta/Desktop/AutoQueryChatbot/.airflow-venv/lib/python3.12/site-packages/airflow/example_dags/example_local_kubernetes_executor.py
[2026-09-22T14:46:30.425+0200] {logging_mixin.py:190} WARNING - /Users/swarnalidatta/Desktop/AutoQueryChatbot/.airflow-venv/lib/python3.12/site-packages/airflow/serialization/serialized_objects.py:1884 DeprecationWarning: This module is deprecated. The `cncf.kubernetes` provider before version 7.4.0 uses this module - you should migrate to a newer version of `cncf.kubernetes` to get rid of this warning. If you import the module via `airflow.kubernetes` import, please use `cncf.kubernetes' provider 7.4.0+ and switch all your imports to use `apache.airflow.providers.cncf.kubernetes` to get rid of the warning.
[2026-09-22T14:46:30.428+0200] {logging_mixin.py:190} INFO - [2026-09-22T14:46:30.428+0200] {dag.py:3239} INFO - Sync 1 DAGs
[2026-09-22T14:46:30.431+0200] {logging_mixin.py:190} INFO - [2026-09-22T14:46:30.431+0200] {dag.py:4180} INFO - Setting next_dagrun for example_local_kubernetes_executor to None, run_after=None
[2026-09-22T14:46:30.436+0200] {processor.py:208} INFO - Processing /Users/swarnalidatta/Desktop/AutoQueryChatbot/.airflow-venv/lib/python3.12/site-packages/airflow/example_dags/example_local_kubernetes_executor.py took 0.144 seconds
[2026-09-22T14:49:10.090+0200] {processor.py:186} INFO - Started process (PID=28519) to work on /Users/swarnalidatta/Desktop/AutoQueryChatbot/.airflow-venv/lib/python3.12/site-packages/airflow/example_dags/example_local_kubernetes_executor.py
[2026-09-22T14:49:10.090+0200] {processor.py:914} INFO - Processing file /Users/swarnalidatta/Desktop/AutoQueryChatbot/.airflow-venv/lib/python3.12/site-packages/airflow/example_dags/example_local_kubernetes_executor.py for tasks to queue
[2026-09-22T14:49:10.091+0200] {logging_mixin.py:190} INFO - [2026-09-22T14:49:10.090+0200] {dagbag.py:588} INFO - Filling up the DagBag from /Users/swarnalidatta/Desktop/AutoQueryChatbot/.airflow-venv/lib/python3.12/site-packages/airflow/example_dags/example_local_kubernetes_executor.py
[2026-09-22T14:49:10.192+0200] {processor.py:925} INFO - DAG(s) 'example_local_kubernetes_executor' retrieved from /Users/swarnalidatta/Desktop/AutoQueryChatbot/.airflow-venv/lib/python3.12/site-packages/airflow/example_dags/example_local_kubernetes_executor.py
[2026-09-22T14:49:10.228+0200] {logging_mixin.py:190} WARNING - /Users/swarnalidatta/Desktop/AutoQueryChatbot/.airflow-venv/lib/python3.12/site-packages/airflow/serialization/serialized_objects.py:1884 DeprecationWarning: This module is deprecated. The `cncf.kubernetes` provider before version 7.4.0 uses this module - you should migrate to a newer version of `cncf.kubernetes` to get rid of this warning. If you import the module via `airflow.kubernetes` import, please use `cncf.kubernetes' provider 7.4.0+ and switch all your imports to use `apache.airflow.providers.cncf.kubernetes` to get rid of the warning.
[2026-09-22T14:49:10.231+0200] {logging_mixin.py:190} INFO - [2026-09-22T14:49:10.231+0200] {dag.py:3239} INFO - Sync 1 DAGs
[2026-09-22T14:49:10.234+0200] {logging_mixin.py:190} INFO - [2026-09-22T14:49:10.234+0200] {dag.py:4180} INFO - Setting next_dagrun for example_local_kubernetes_executor to None, run_after=None
[2026-09-22T14:49:10.239+0200] {processor.py:208} INFO - Processing /Users/swarnalidatta/Desktop/AutoQueryChatbot/.airflow-venv/lib/python3.12/site-packages/airflow/example_dags/example_local_kubernetes_executor.py took 0.150 seconds
[2026-09-22T14:51:23.239+0200] {processor.py:186} INFO - Started process (PID=28817) to work on /Users/swarnalidatta/Desktop/AutoQueryChatbot/.airflow-venv/lib/python3.12/site-packages/airflow/example_dags/example_local_kubernetes_executor.py
[2026-09-22T14:51:23.240+0200] {processor.py:914} INFO - Processing file /Users/swarnalidatta/Desktop/AutoQueryChatbot/.airflow-venv/lib/python3.12/site-packages/airflow/example_dags/example_local_kubernetes_executor.py for tasks to queue
[2026-09-22T14:51:23.240+0200] {logging_mixin.py:190} INFO - [2026-09-22T14:51:23.240+0200] {dagbag.py:588} INFO - Filling up the DagBag from /Users/swarnalidatta/Desktop/AutoQueryChatbot/.airflow-venv/lib/python3.12/site-packages/airflow/example_dags/example_local_kubernetes_executor.py
[2026-09-22T14:51:23.336+0200] {processor.py:925} INFO - DAG(s) 'example_local_kubernetes_executor' retrieved from /Users/swarnalidatta/Desktop/AutoQueryChatbot/.airflow-venv/lib/python3.12/site-packages/airflow/example_dags/example_local_kubernetes_executor.py
[2026-09-22T14:51:23.372+0200] {logging_mixin.py:190} WARNING - /Users/swarnalidatta/Desktop/AutoQueryChatbot/.airflow-venv/lib/python3.12/site-packages/airflow/serialization/serialized_objects.py:1884 DeprecationWarning: This module is deprecated. The `cncf.kubernetes` provider before version 7.4.0 uses this module - you should migrate to a newer version of `cncf.kubernetes` to get rid of this warning. If you import the module via `airflow.kubernetes` import, please use `cncf.kubernetes' provider 7.4.0+ and switch all your imports to use `apache.airflow.providers.cncf.kubernetes` to get rid of the warning.
[2026-09-22T14:51:23.375+0200] {logging_mixin.py:190} INFO - [2026-09-22T14:51:23.375+0200] {dag.py:3239} INFO - Sync 1 DAGs
[2026-09-22T14:51:23.378+0200] {logging_mixin.py:190} INFO - [2026-09-22T14:51:23.378+0200] {dag.py:4180} INFO - Setting next_dagrun for example_local_kubernetes_executor to None, run_after=None
[2026-09-22T14:51:23.383+0200] {processor.py:208} INFO - Processing /Users/swarnalidatta/Desktop/AutoQueryChatbot/.airflow-venv/lib/python3.12/site-packages/airflow/example_dags/example_local_kubernetes_executor.py took 0.145 seconds
[2026-09-22T14:55:23.441+0200] {processor.py:186} INFO - Started process (PID=29126) to work on /Users/swarnalidatta/Desktop/AutoQueryChatbot/.airflow-venv/lib/python3.12/site-packages/airflow/example_dags/example_local_kubernetes_executor.py
[2026-09-22T14:55:23.441+0200] {processor.py:914} INFO - Processing file /Users/swarnalidatta/Desktop/AutoQueryChatbot/.airflow-venv/lib/python3.12/site-packages/airflow/example_dags/example_local_kubernetes_executor.py for tasks to queue
[2026-09-22T14:55:23.441+0200] {logging_mixin.py:190} INFO - [2026-09-22T14:55:23.441+0200] {dagbag.py:588} INFO - Filling up the DagBag from /Users/swarnalidatta/Desktop/AutoQueryChatbot/.airflow-venv/lib/python3.12/site-packages/airflow/example_dags/example_local_kubernetes_executor.py
[2026-09-22T14:55:23.538+0200] {processor.py:925} INFO - DAG(s) 'example_local_kubernetes_executor' retrieved from /Users/swarnalidatta/Desktop/AutoQueryChatbot/.airflow-venv/lib/python3.12/site-packages/airflow/example_dags/example_local_kubernetes_executor.py
[2026-09-22T14:55:23.573+0200] {logging_mixin.py:190} WARNING - /Users/swarnalidatta/Desktop/AutoQueryChatbot/.airflow-venv/lib/python3.12/site-packages/airflow/serialization/serialized_objects.py:1884 DeprecationWarning: This module is deprecated. The `cncf.kubernetes` provider before version 7.4.0 uses this module - you should migrate to a newer version of `cncf.kubernetes` to get rid of this warning. If you import the module via `airflow.kubernetes` import, please use `cncf.kubernetes' provider 7.4.0+ and switch all your imports to use `apache.airflow.providers.cncf.kubernetes` to get rid of the warning.
[2026-09-22T14:55:23.577+0200] {logging_mixin.py:190} INFO - [2026-09-22T14:55:23.577+0200] {dag.py:3239} INFO - Sync 1 DAGs
[2026-09-22T14:55:23.580+0200] {logging_mixin.py:190} INFO - [2026-09-22T14:55:23.579+0200] {dag.py:4180} INFO - Setting next_dagrun for example_local_kubernetes_executor to None, run_after=None
[2026-09-22T14:55:23.584+0200] {processor.py:208} INFO - Processing /Users/swarnalidatta/Desktop/AutoQueryChatbot/.airflow-venv/lib/python3.12/site-packages/airflow/example_dags/example_local_kubernetes_executor.py took 0.145 seconds
[2026-09-22T14:57:36.804+0200] {processor.py:186} INFO - Started process (PID=29436) to work on /Users/swarnalidatta/Desktop/AutoQueryChatbot/.airflow-venv/lib/python3.12/site-packages/airflow/example_dags/example_local_kubernetes_executor.py
[2026-09-22T14:57:36.805+0200] {processor.py:914} INFO - Processing file /Users/swarnalidatta/Desktop/AutoQueryChatbot/.airflow-venv/lib/python3.12/site-packages/airflow/example_dags/example_local_kubernetes_executor.py for tasks to queue
[2026-09-22T14:57:36.805+0200] {logging_mixin.py:190} INFO - [2026-09-22T14:57:36.805+0200] {dagbag.py:588} INFO - Filling up the DagBag from /Users/swarnalidatta/Desktop/AutoQueryChatbot/.airflow-venv/lib/python3.12/site-packages/airflow/example_dags/example_local_kubernetes_executor.py
[2026-09-22T14:57:36.911+0200] {processor.py:925} INFO - DAG(s) 'example_local_kubernetes_executor' retrieved from /Users/swarnalidatta/Desktop/AutoQueryChatbot/.airflow-venv/lib/python3.12/site-packages/airflow/example_dags/example_local_kubernetes_executor.py
[2026-09-22T14:57:36.948+0200] {logging_mixin.py:190} WARNING - /Users/swarnalidatta/Desktop/AutoQueryChatbot/.airflow-venv/lib/python3.12/site-packages/airflow/serialization/serialized_objects.py:1884 DeprecationWarning: This module is deprecated. The `cncf.kubernetes` provider before version 7.4.0 uses this module - you should migrate to a newer version of `cncf.kubernetes` to get rid of this warning. If you import the module via `airflow.kubernetes` import, please use `cncf.kubernetes' provider 7.4.0+ and switch all your imports to use `apache.airflow.providers.cncf.kubernetes` to get rid of the warning.
[2026-09-22T14:57:36.952+0200] {logging_mixin.py:190} INFO - [2026-09-22T14:57:36.951+0200] {dag.py:3239} INFO - Sync 1 DAGs
[2026-09-22T14:57:36.955+0200] {logging_mixin.py:190} INFO - [2026-09-22T14:57:36.955+0200] {dag.py:4180} INFO - Setting next_dagrun for example_local_kubernetes_executor to None, run_after=None
[2026-09-22T14:57:36.960+0200] {processor.py:208} INFO - Processing /Users/swarnalidatta/Desktop/AutoQueryChatbot/.airflow-venv/lib/python3.12/site-packages/airflow/example_dags/example_local_kubernetes_executor.py took 0.156 seconds
[2026-09-22T14:59:07.233+0200] {processor.py:186} INFO - Started process (PID=29739) to work on /Users/swarnalidatta/Desktop/AutoQueryChatbot/.airflow-venv/lib/python3.12/site-packages/airflow/example_dags/example_local_kubernetes_executor.py
[2026-09-22T14:59:07.233+0200] {processor.py:914} INFO - Processing file /Users/swarnalidatta/Desktop/AutoQueryChatbot/.airflow-venv/lib/python3.12/site-packages/airflow/example_dags/example_local_kubernetes_executor.py for tasks to queue
[2026-09-22T14:59:07.233+0200] {logging_mixin.py:190} INFO - [2026-09-22T14:59:07.233+0200] {dagbag.py:588} INFO - Filling up the DagBag from /Users/swarnalidatta/Desktop/AutoQueryChatbot/.airflow-venv/lib/python3.12/site-packages/airflow/example_dags/example_local_kubernetes_executor.py
[2026-09-22T14:59:07.331+0200] {processor.py:925} INFO - DAG(s) 'example_local_kubernetes_executor' retrieved from /Users/swarnalidatta/Desktop/AutoQueryChatbot/.airflow-venv/lib/python3.12/site-packages/airflow/example_dags/example_local_kubernetes_executor.py
[2026-09-22T14:59:07.367+0200] {logging_mixin.py:190} WARNING - /Users/swarnalidatta/Desktop/AutoQueryChatbot/.airflow-venv/lib/python3.12/site-packages/airflow/serialization/serialized_objects.py:1884 DeprecationWarning: This module is deprecated. The `cncf.kubernetes` provider before version 7.4.0 uses this module - you should migrate to a newer version of `cncf.kubernetes` to get rid of this warning. If you import the module via `airflow.kubernetes` import, please use `cncf.kubernetes' provider 7.4.0+ and switch all your imports to use `apache.airflow.providers.cncf.kubernetes` to get rid of the warning.
[2026-09-22T14:59:07.370+0200] {logging_mixin.py:190} INFO - [2026-09-22T14:59:07.370+0200] {dag.py:3239} INFO - Sync 1 DAGs
[2026-09-22T14:59:07.373+0200] {logging_mixin.py:190} INFO - [2026-09-22T14:59:07.373+0200] {dag.py:4180} INFO - Setting next_dagrun for example_local_kubernetes_executor to None, run_after=None
[2026-09-22T14:59:07.378+0200] {processor.py:208} INFO - Processing /Users/swarnalidatta/Desktop/AutoQueryChatbot/.airflow-venv/lib/python3.12/site-packages/airflow/example_dags/example_local_kubernetes_executor.py took 0.147 seconds
[2026-09-22T15:01:14.226+0200] {processor.py:186} INFO - Started process (PID=30023) to work on /Users/swarnalidatta/Desktop/AutoQueryChatbot/.airflow-venv/lib/python3.12/site-packages/airflow/example_dags/example_local_kubernetes_executor.py
[2026-09-22T15:01:14.226+0200] {processor.py:914} INFO - Processing file /Users/swarnalidatta/Desktop/AutoQueryChatbot/.airflow-venv/lib/python3.12/site-packages/airflow/example_dags/example_local_kubernetes_executor.py for tasks to queue
[2026-09-22T15:01:14.227+0200] {logging_mixin.py:190} INFO - [2026-09-22T15:01:14.227+0200] {dagbag.py:588} INFO - Filling up the DagBag from /Users/swarnalidatta/Desktop/AutoQueryChatbot/.airflow-venv/lib/python3.12/site-packages/airflow/example_dags/example_local_kubernetes_executor.py
[2026-09-22T15:01:14.324+0200] {processor.py:925} INFO - DAG(s) 'example_local_kubernetes_executor' retrieved from /Users/swarnalidatta/Desktop/AutoQueryChatbot/.airflow-venv/lib/python3.12/site-packages/airflow/example_dags/example_local_kubernetes_executor.py
[2026-09-22T15:01:14.360+0200] {logging_mixin.py:190} WARNING - /Users/swarnalidatta/Desktop/AutoQueryChatbot/.airflow-venv/lib/python3.12/site-packages/airflow/serialization/serialized_objects.py:1884 DeprecationWarning: This module is deprecated. The `cncf.kubernetes` provider before version 7.4.0 uses this module - you should migrate to a newer version of `cncf.kubernetes` to get rid of this warning. If you import the module via `airflow.kubernetes` import, please use `cncf.kubernetes' provider 7.4.0+ and switch all your imports to use `apache.airflow.providers.cncf.kubernetes` to get rid of the warning.
[2026-09-22T15:01:14.364+0200] {logging_mixin.py:190} INFO - [2026-09-22T15:01:14.363+0200] {dag.py:3239} INFO - Sync 1 DAGs
[2026-09-22T15:01:14.366+0200] {logging_mixin.py:190} INFO - [2026-09-22T15:01:14.366+0200] {dag.py:4180} INFO - Setting next_dagrun for example_local_kubernetes_executor to None, run_after=None
[2026-09-22T15:01:14.371+0200] {processor.py:208} INFO - Processing /Users/swarnalidatta/Desktop/AutoQueryChatbot/.airflow-venv/lib/python3.12/site-packages/airflow/example_dags/example_local_kubernetes_executor.py took 0.146 seconds
[2026-09-22T15:03:28.638+0200] {processor.py:186} INFO - Started process (PID=30322) to work on /Users/swarnalidatta/Desktop/AutoQueryChatbot/.airflow-venv/lib/python3.12/site-packages/airflow/example_dags/example_local_kubernetes_executor.py
[2026-09-22T15:03:28.639+0200] {processor.py:914} INFO - Processing file /Users/swarnalidatta/Desktop/AutoQueryChatbot/.airflow-venv/lib/python3.12/site-packages/airflow/example_dags/example_local_kubernetes_executor.py for tasks to queue
[2026-09-22T15:03:28.639+0200] {logging_mixin.py:190} INFO - [2026-09-22T15:03:28.639+0200] {dagbag.py:588} INFO - Filling up the DagBag from /Users/swarnalidatta/Desktop/AutoQueryChatbot/.airflow-venv/lib/python3.12/site-packages/airflow/example_dags/example_local_kubernetes_executor.py
[2026-09-22T15:03:28.740+0200] {processor.py:925} INFO - DAG(s) 'example_local_kubernetes_executor' retrieved from /Users/swarnalidatta/Desktop/AutoQueryChatbot/.airflow-venv/lib/python3.12/site-packages/airflow/example_dags/example_local_kubernetes_executor.py
[2026-09-22T15:03:28.777+0200] {logging_mixin.py:190} WARNING - /Users/swarnalidatta/Desktop/AutoQueryChatbot/.airflow-venv/lib/python3.12/site-packages/airflow/serialization/serialized_objects.py:1884 DeprecationWarning: This module is deprecated. The `cncf.kubernetes` provider before version 7.4.0 uses this module - you should migrate to a newer version of `cncf.kubernetes` to get rid of this warning. If you import the module via `airflow.kubernetes` import, please use `cncf.kubernetes' provider 7.4.0+ and switch all your imports to use `apache.airflow.providers.cncf.kubernetes` to get rid of the warning.
[2026-09-22T15:03:28.781+0200] {logging_mixin.py:190} INFO - [2026-09-22T15:03:28.781+0200] {dag.py:3239} INFO - Sync 1 DAGs
[2026-09-22T15:03:28.784+0200] {logging_mixin.py:190} INFO - [2026-09-22T15:03:28.784+0200] {dag.py:4180} INFO - Setting next_dagrun for example_local_kubernetes_executor to None, run_after=None
[2026-09-22T15:03:28.788+0200] {processor.py:208} INFO - Processing /Users/swarnalidatta/Desktop/AutoQueryChatbot/.airflow-venv/lib/python3.12/site-packages/airflow/example_dags/example_local_kubernetes_executor.py took 0.152 seconds
[2026-09-22T15:05:37.700+0200] {processor.py:186} INFO - Started process (PID=30612) to work on /Users/swarnalidatta/Desktop/AutoQueryChatbot/.airflow-venv/lib/python3.12/site-packages/airflow/example_dags/example_local_kubernetes_executor.py
[2026-09-22T15:05:37.701+0200] {processor.py:914} INFO - Processing file /Users/swarnalidatta/Desktop/AutoQueryChatbot/.airflow-venv/lib/python3.12/site-packages/airflow/example_dags/example_local_kubernetes_executor.py for tasks to queue
[2026-09-22T15:05:37.701+0200] {logging_mixin.py:190} INFO - [2026-09-22T15:05:37.701+0200] {dagbag.py:588} INFO - Filling up the DagBag from /Users/swarnalidatta/Desktop/AutoQueryChatbot/.airflow-venv/lib/python3.12/site-packages/airflow/example_dags/example_local_kubernetes_executor.py
[2026-09-22T15:05:37.804+0200] {processor.py:925} INFO - DAG(s) 'example_local_kubernetes_executor' retrieved from /Users/swarnalidatta/Desktop/AutoQueryChatbot/.airflow-venv/lib/python3.12/site-packages/airflow/example_dags/example_local_kubernetes_executor.py
[2026-09-22T15:05:37.840+0200] {logging_mixin.py:190} WARNING - /Users/swarnalidatta/Desktop/AutoQueryChatbot/.airflow-venv/lib/python3.12/site-packages/airflow/serialization/serialized_objects.py:1884 DeprecationWarning: This module is deprecated. The `cncf.kubernetes` provider before version 7.4.0 uses this module - you should migrate to a newer version of `cncf.kubernetes` to get rid of this warning. If you import the module via `airflow.kubernetes` import, please use `cncf.kubernetes' provider 7.4.0+ and switch all your imports to use `apache.airflow.providers.cncf.kubernetes` to get rid of the warning.
[2026-09-22T15:05:37.843+0200] {logging_mixin.py:190} INFO - [2026-09-22T15:05:37.843+0200] {dag.py:3239} INFO - Sync 1 DAGs
[2026-09-22T15:05:37.846+0200] {logging_mixin.py:190} INFO - [2026-09-22T15:05:37.846+0200] {dag.py:4180} INFO - Setting next_dagrun for example_local_kubernetes_executor to None, run_after=None
[2026-09-22T15:05:37.851+0200] {processor.py:208} INFO - Processing /Users/swarnalidatta/Desktop/AutoQueryChatbot/.airflow-venv/lib/python3.12/site-packages/airflow/example_dags/example_local_kubernetes_executor.py took 0.152 seconds
[2026-09-22T15:07:47.264+0200] {processor.py:186} INFO - Started process (PID=30900) to work on /Users/swarnalidatta/Desktop/AutoQueryChatbot/.airflow-venv/lib/python3.12/site-packages/airflow/example_dags/example_local_kubernetes_executor.py
[2026-09-22T15:07:47.265+0200] {processor.py:914} INFO - Processing file /Users/swarnalidatta/Desktop/AutoQueryChatbot/.airflow-venv/lib/python3.12/site-packages/airflow/example_dags/example_local_kubernetes_executor.py for tasks to queue
[2026-09-22T15:07:47.265+0200] {logging_mixin.py:190} INFO - [2026-09-22T15:07:47.265+0200] {dagbag.py:588} INFO - Filling up the DagBag from /Users/swarnalidatta/Desktop/AutoQueryChatbot/.airflow-venv/lib/python3.12/site-packages/airflow/example_dags/example_local_kubernetes_executor.py
[2026-09-22T15:07:47.364+0200] {processor.py:925} INFO - DAG(s) 'example_local_kubernetes_executor' retrieved from /Users/swarnalidatta/Desktop/AutoQueryChatbot/.airflow-venv/lib/python3.12/site-packages/airflow/example_dags/example_local_kubernetes_executor.py
[2026-09-22T15:07:47.400+0200] {logging_mixin.py:190} WARNING - /Users/swarnalidatta/Desktop/AutoQueryChatbot/.airflow-venv/lib/python3.12/site-packages/airflow/serialization/serialized_objects.py:1884 DeprecationWarning: This module is deprecated. The `cncf.kubernetes` provider before version 7.4.0 uses this module - you should migrate to a newer version of `cncf.kubernetes` to get rid of this warning. If you import the module via `airflow.kubernetes` import, please use `cncf.kubernetes' provider 7.4.0+ and switch all your imports to use `apache.airflow.providers.cncf.kubernetes` to get rid of the warning.
[2026-09-22T15:07:47.403+0200] {logging_mixin.py:190} INFO - [2026-09-22T15:07:47.403+0200] {dag.py:3239} INFO - Sync 1 DAGs
[2026-09-22T15:07:47.406+0200] {logging_mixin.py:190} INFO - [2026-09-22T15:07:47.406+0200] {dag.py:4180} INFO - Setting next_dagrun for example_local_kubernetes_executor to None, run_after=None
[2026-09-22T15:07:47.411+0200] {processor.py:208} INFO - Processing /Users/swarnalidatta/Desktop/AutoQueryChatbot/.airflow-venv/lib/python3.12/site-packages/airflow/example_dags/example_local_kubernetes_executor.py took 0.148 seconds
[2026-09-22T15:10:00.031+0200] {processor.py:186} INFO - Started process (PID=31203) to work on /Users/swarnalidatta/Desktop/AutoQueryChatbot/.airflow-venv/lib/python3.12/site-packages/airflow/example_dags/example_local_kubernetes_executor.py
[2026-09-22T15:10:00.031+0200] {processor.py:914} INFO - Processing file /Users/swarnalidatta/Desktop/AutoQueryChatbot/.airflow-venv/lib/python3.12/site-packages/airflow/example_dags/example_local_kubernetes_executor.py for tasks to queue
[2026-09-22T15:10:00.032+0200] {logging_mixin.py:190} INFO - [2026-09-22T15:10:00.031+0200] {dagbag.py:588} INFO - Filling up the DagBag from /Users/swarnalidatta/Desktop/AutoQueryChatbot/.airflow-venv/lib/python3.12/site-packages/airflow/example_dags/example_local_kubernetes_executor.py
[2026-09-22T15:10:00.132+0200] {processor.py:925} INFO - DAG(s) 'example_local_kubernetes_executor' retrieved from /Users/swarnalidatta/Desktop/AutoQueryChatbot/.airflow-venv/lib/python3.12/site-packages/airflow/example_dags/example_local_kubernetes_executor.py
[2026-09-22T15:10:00.169+0200] {logging_mixin.py:190} WARNING - /Users/swarnalidatta/Desktop/AutoQueryChatbot/.airflow-venv/lib/python3.12/site-packages/airflow/serialization/serialized_objects.py:1884 DeprecationWarning: This module is deprecated. The `cncf.kubernetes` provider before version 7.4.0 uses this module - you should migrate to a newer version of `cncf.kubernetes` to get rid of this warning. If you import the module via `airflow.kubernetes` import, please use `cncf.kubernetes' provider 7.4.0+ and switch all your imports to use `apache.airflow.providers.cncf.kubernetes` to get rid of the warning.
[2026-09-22T15:10:00.172+0200] {logging_mixin.py:190} INFO - [2026-09-22T15:10:00.172+0200] {dag.py:3239} INFO - Sync 1 DAGs
[2026-09-22T15:10:00.175+0200] {logging_mixin.py:190} INFO - [2026-09-22T15:10:00.175+0200] {dag.py:4180} INFO - Setting next_dagrun for example_local_kubernetes_executor to None, run_after=None
[2026-09-22T15:10:00.180+0200] {processor.py:208} INFO - Processing /Users/swarnalidatta/Desktop/AutoQueryChatbot/.airflow-venv/lib/python3.12/site-packages/airflow/example_dags/example_local_kubernetes_executor.py took 0.151 seconds
[2026-09-22T15:12:12.419+0200] {processor.py:186} INFO - Started process (PID=31499) to work on /Users/swarnalidatta/Desktop/AutoQueryChatbot/.airflow-venv/lib/python3.12/site-packages/airflow/example_dags/example_local_kubernetes_executor.py
[2026-09-22T15:12:12.419+0200] {processor.py:914} INFO - Processing file /Users/swarnalidatta/Desktop/AutoQueryChatbot/.airflow-venv/lib/python3.12/site-packages/airflow/example_dags/example_local_kubernetes_executor.py for tasks to queue
[2026-09-22T15:12:12.419+0200] {logging_mixin.py:190} INFO - [2026-09-22T15:12:12.419+0200] {dagbag.py:588} INFO - Filling up the DagBag from /Users/swarnalidatta/Desktop/AutoQueryChatbot/.airflow-venv/lib/python3.12/site-packages/airflow/example_dags/example_local_kubernetes_executor.py
[2026-09-22T15:12:12.524+0200] {processor.py:925} INFO - DAG(s) 'example_local_kubernetes_executor' retrieved from /Users/swarnalidatta/Desktop/AutoQueryChatbot/.airflow-venv/lib/python3.12/site-packages/airflow/example_dags/example_local_kubernetes_executor.py
[2026-09-22T15:12:12.560+0200] {logging_mixin.py:190} WARNING - /Users/swarnalidatta/Desktop/AutoQueryChatbot/.airflow-venv/lib/python3.12/site-packages/airflow/serialization/serialized_objects.py:1884 DeprecationWarning: This module is deprecated. The `cncf.kubernetes` provider before version 7.4.0 uses this module - you should migrate to a newer version of `cncf.kubernetes` to get rid of this warning. If you import the module via `airflow.kubernetes` import, please use `cncf.kubernetes' provider 7.4.0+ and switch all your imports to use `apache.airflow.providers.cncf.kubernetes` to get rid of the warning.
[2026-09-22T15:12:12.563+0200] {logging_mixin.py:190} INFO - [2026-09-22T15:12:12.563+0200] {dag.py:3239} INFO - Sync 1 DAGs
[2026-09-22T15:12:12.566+0200] {logging_mixin.py:190} INFO - [2026-09-22T15:12:12.566+0200] {dag.py:4180} INFO - Setting next_dagrun for example_local_kubernetes_executor to None, run_after=None
[2026-09-22T15:12:12.571+0200] {processor.py:208} INFO - Processing /Users/swarnalidatta/Desktop/AutoQueryChatbot/.airflow-venv/lib/python3.12/site-packages/airflow/example_dags/example_local_kubernetes_executor.py took 0.154 seconds
[2026-09-22T15:14:26.605+0200] {processor.py:186} INFO - Started process (PID=31810) to work on /Users/swarnalidatta/Desktop/AutoQueryChatbot/.airflow-venv/lib/python3.12/site-packages/airflow/example_dags/example_local_kubernetes_executor.py
[2026-09-22T15:14:26.606+0200] {processor.py:914} INFO - Processing file /Users/swarnalidatta/Desktop/AutoQueryChatbot/.airflow-venv/lib/python3.12/site-packages/airflow/example_dags/example_local_kubernetes_executor.py for tasks to queue
[2026-09-22T15:14:26.606+0200] {logging_mixin.py:190} INFO - [2026-09-22T15:14:26.606+0200] {dagbag.py:588} INFO - Filling up the DagBag from /Users/swarnalidatta/Desktop/AutoQueryChatbot/.airflow-venv/lib/python3.12/site-packages/airflow/example_dags/example_local_kubernetes_executor.py
[2026-09-22T15:14:26.711+0200] {processor.py:925} INFO - DAG(s) 'example_local_kubernetes_executor' retrieved from /Users/swarnalidatta/Desktop/AutoQueryChatbot/.airflow-venv/lib/python3.12/site-packages/airflow/example_dags/example_local_kubernetes_executor.py
[2026-09-22T15:14:26.747+0200] {logging_mixin.py:190} WARNING - /Users/swarnalidatta/Desktop/AutoQueryChatbot/.airflow-venv/lib/python3.12/site-packages/airflow/serialization/serialized_objects.py:1884 DeprecationWarning: This module is deprecated. The `cncf.kubernetes` provider before version 7.4.0 uses this module - you should migrate to a newer version of `cncf.kubernetes` to get rid of this warning. If you import the module via `airflow.kubernetes` import, please use `cncf.kubernetes' provider 7.4.0+ and switch all your imports to use `apache.airflow.providers.cncf.kubernetes` to get rid of the warning.
[2026-09-22T15:14:26.751+0200] {logging_mixin.py:190} INFO - [2026-09-22T15:14:26.750+0200] {dag.py:3239} INFO - Sync 1 DAGs
[2026-09-22T15:14:26.754+0200] {logging_mixin.py:190} INFO - [2026-09-22T15:14:26.754+0200] {dag.py:4180} INFO - Setting next_dagrun for example_local_kubernetes_executor to None, run_after=None
[2026-09-22T15:14:26.759+0200] {processor.py:208} INFO - Processing /Users/swarnalidatta/Desktop/AutoQueryChatbot/.airflow-venv/lib/python3.12/site-packages/airflow/example_dags/example_local_kubernetes_executor.py took 0.154 seconds
[2026-09-22T15:16:32.186+0200] {processor.py:186} INFO - Started process (PID=32601) to work on /Users/swarnalidatta/Desktop/AutoQueryChatbot/.airflow-venv/lib/python3.12/site-packages/airflow/example_dags/example_local_kubernetes_executor.py
[2026-09-22T15:16:32.187+0200] {processor.py:914} INFO - Processing file /Users/swarnalidatta/Desktop/AutoQueryChatbot/.airflow-venv/lib/python3.12/site-packages/airflow/example_dags/example_local_kubernetes_executor.py for tasks to queue
[2026-09-22T15:16:32.187+0200] {logging_mixin.py:190} INFO - [2026-09-22T15:16:32.187+0200] {dagbag.py:588} INFO - Filling up the DagBag from /Users/swarnalidatta/Desktop/AutoQueryChatbot/.airflow-venv/lib/python3.12/site-packages/airflow/example_dags/example_local_kubernetes_executor.py
[2026-09-22T15:16:32.290+0200] {processor.py:925} INFO - DAG(s) 'example_local_kubernetes_executor' retrieved from /Users/swarnalidatta/Desktop/AutoQueryChatbot/.airflow-venv/lib/python3.12/site-packages/airflow/example_dags/example_local_kubernetes_executor.py
[2026-09-22T15:16:32.326+0200] {logging_mixin.py:190} WARNING - /Users/swarnalidatta/Desktop/AutoQueryChatbot/.airflow-venv/lib/python3.12/site-packages/airflow/serialization/serialized_objects.py:1884 DeprecationWarning: This module is deprecated. The `cncf.kubernetes` provider before version 7.4.0 uses this module - you should migrate to a newer version of `cncf.kubernetes` to get rid of this warning. If you import the module via `airflow.kubernetes` import, please use `cncf.kubernetes' provider 7.4.0+ and switch all your imports to use `apache.airflow.providers.cncf.kubernetes` to get rid of the warning.
[2026-09-22T15:16:32.329+0200] {logging_mixin.py:190} INFO - [2026-09-22T15:16:32.329+0200] {dag.py:3239} INFO - Sync 1 DAGs
[2026-09-22T15:16:32.332+0200] {logging_mixin.py:190} INFO - [2026-09-22T15:16:32.332+0200] {dag.py:4180} INFO - Setting next_dagrun for example_local_kubernetes_executor to None, run_after=None
[2026-09-22T15:16:32.337+0200] {processor.py:208} INFO - Processing /Users/swarnalidatta/Desktop/AutoQueryChatbot/.airflow-venv/lib/python3.12/site-packages/airflow/example_dags/example_local_kubernetes_executor.py took 0.152 seconds
[2026-09-22T15:18:42.567+0200] {processor.py:186} INFO - Started process (PID=32898) to work on /Users/swarnalidatta/Desktop/AutoQueryChatbot/.airflow-venv/lib/python3.12/site-packages/airflow/example_dags/example_local_kubernetes_executor.py
[2026-09-22T15:18:42.567+0200] {processor.py:914} INFO - Processing file /Users/swarnalidatta/Desktop/AutoQueryChatbot/.airflow-venv/lib/python3.12/site-packages/airflow/example_dags/example_local_kubernetes_executor.py for tasks to queue
[2026-09-22T15:18:42.567+0200] {logging_mixin.py:190} INFO - [2026-09-22T15:18:42.567+0200] {dagbag.py:588} INFO - Filling up the DagBag from /Users/swarnalidatta/Desktop/AutoQueryChatbot/.airflow-venv/lib/python3.12/site-packages/airflow/example_dags/example_local_kubernetes_executor.py
[2026-09-22T15:18:42.667+0200] {processor.py:925} INFO - DAG(s) 'example_local_kubernetes_executor' retrieved from /Users/swarnalidatta/Desktop/AutoQueryChatbot/.airflow-venv/lib/python3.12/site-packages/airflow/example_dags/example_local_kubernetes_executor.py
[2026-09-22T15:18:42.703+0200] {logging_mixin.py:190} WARNING - /Users/swarnalidatta/Desktop/AutoQueryChatbot/.airflow-venv/lib/python3.12/site-packages/airflow/serialization/serialized_objects.py:1884 DeprecationWarning: This module is deprecated. The `cncf.kubernetes` provider before version 7.4.0 uses this module - you should migrate to a newer version of `cncf.kubernetes` to get rid of this warning. If you import the module via `airflow.kubernetes` import, please use `cncf.kubernetes' provider 7.4.0+ and switch all your imports to use `apache.airflow.providers.cncf.kubernetes` to get rid of the warning.
[2026-09-22T15:18:42.707+0200] {logging_mixin.py:190} INFO - [2026-09-22T15:18:42.707+0200] {dag.py:3239} INFO - Sync 1 DAGs
[2026-09-22T15:18:42.710+0200] {logging_mixin.py:190} INFO - [2026-09-22T15:18:42.710+0200] {dag.py:4180} INFO - Setting next_dagrun for example_local_kubernetes_executor to None, run_after=None
[2026-09-22T15:18:42.718+0200] {processor.py:208} INFO - Processing /Users/swarnalidatta/Desktop/AutoQueryChatbot/.airflow-venv/lib/python3.12/site-packages/airflow/example_dags/example_local_kubernetes_executor.py took 0.152 seconds
[2026-09-22T15:20:54.814+0200] {processor.py:186} INFO - Started process (PID=33337) to work on /Users/swarnalidatta/Desktop/AutoQueryChatbot/.airflow-venv/lib/python3.12/site-packages/airflow/example_dags/example_local_kubernetes_executor.py
[2026-09-22T15:20:54.814+0200] {processor.py:914} INFO - Processing file /Users/swarnalidatta/Desktop/AutoQueryChatbot/.airflow-venv/lib/python3.12/site-packages/airflow/example_dags/example_local_kubernetes_executor.py for tasks to queue
[2026-09-22T15:20:54.814+0200] {logging_mixin.py:190} INFO - [2026-09-22T15:20:54.814+0200] {dagbag.py:588} INFO - Filling up the DagBag from /Users/swarnalidatta/Desktop/AutoQueryChatbot/.airflow-venv/lib/python3.12/site-packages/airflow/example_dags/example_local_kubernetes_executor.py
[2026-09-22T15:20:54.915+0200] {processor.py:925} INFO - DAG(s) 'example_local_kubernetes_executor' retrieved from /Users/swarnalidatta/Desktop/AutoQueryChatbot/.airflow-venv/lib/python3.12/site-packages/airflow/example_dags/example_local_kubernetes_executor.py
[2026-09-22T15:20:54.952+0200] {logging_mixin.py:190} WARNING - /Users/swarnalidatta/Desktop/AutoQueryChatbot/.airflow-venv/lib/python3.12/site-packages/airflow/serialization/serialized_objects.py:1884 DeprecationWarning: This module is deprecated. The `cncf.kubernetes` provider before version 7.4.0 uses this module - you should migrate to a newer version of `cncf.kubernetes` to get rid of this warning. If you import the module via `airflow.kubernetes` import, please use `cncf.kubernetes' provider 7.4.0+ and switch all your imports to use `apache.airflow.providers.cncf.kubernetes` to get rid of the warning.
[2026-09-22T15:20:54.955+0200] {logging_mixin.py:190} INFO - [2026-09-22T15:20:54.955+0200] {dag.py:3239} INFO - Sync 1 DAGs
[2026-09-22T15:20:54.958+0200] {logging_mixin.py:190} INFO - [2026-09-22T15:20:54.958+0200] {dag.py:4180} INFO - Setting next_dagrun for example_local_kubernetes_executor to None, run_after=None
[2026-09-22T15:20:54.963+0200] {processor.py:208} INFO - Processing /Users/swarnalidatta/Desktop/AutoQueryChatbot/.airflow-venv/lib/python3.12/site-packages/airflow/example_dags/example_local_kubernetes_executor.py took 0.151 seconds
[2026-09-22T15:23:08.938+0200] {processor.py:186} INFO - Started process (PID=33639) to work on /Users/swarnalidatta/Desktop/AutoQueryChatbot/.airflow-venv/lib/python3.12/site-packages/airflow/example_dags/example_local_kubernetes_executor.py
[2026-09-22T15:23:08.938+0200] {processor.py:914} INFO - Processing file /Users/swarnalidatta/Desktop/AutoQueryChatbot/.airflow-venv/lib/python3.12/site-packages/airflow/example_dags/example_local_kubernetes_executor.py for tasks to queue
[2026-09-22T15:23:08.938+0200] {logging_mixin.py:190} INFO - [2026-09-22T15:23:08.938+0200] {dagbag.py:588} INFO - Filling up the DagBag from /Users/swarnalidatta/Desktop/AutoQueryChatbot/.airflow-venv/lib/python3.12/site-packages/airflow/example_dags/example_local_kubernetes_executor.py
[2026-09-22T15:23:09.040+0200] {processor.py:925} INFO - DAG(s) 'example_local_kubernetes_executor' retrieved from /Users/swarnalidatta/Desktop/AutoQueryChatbot/.airflow-venv/lib/python3.12/site-packages/airflow/example_dags/example_local_kubernetes_executor.py
[2026-09-22T15:23:09.076+0200] {logging_mixin.py:190} WARNING - /Users/swarnalidatta/Desktop/AutoQueryChatbot/.airflow-venv/lib/python3.12/site-packages/airflow/serialization/serialized_objects.py:1884 DeprecationWarning: This module is deprecated. The `cncf.kubernetes` provider before version 7.4.0 uses this module - you should migrate to a newer version of `cncf.kubernetes` to get rid of this warning. If you import the module via `airflow.kubernetes` import, please use `cncf.kubernetes' provider 7.4.0+ and switch all your imports to use `apache.airflow.providers.cncf.kubernetes` to get rid of the warning.
[2026-09-22T15:23:09.080+0200] {logging_mixin.py:190} INFO - [2026-09-22T15:23:09.080+0200] {dag.py:3239} INFO - Sync 1 DAGs
[2026-09-22T15:23:09.083+0200] {logging_mixin.py:190} INFO - [2026-09-22T15:23:09.083+0200] {dag.py:4180} INFO - Setting next_dagrun for example_local_kubernetes_executor to None, run_after=None
[2026-09-22T15:23:09.088+0200] {processor.py:208} INFO - Processing /Users/swarnalidatta/Desktop/AutoQueryChatbot/.airflow-venv/lib/python3.12/site-packages/airflow/example_dags/example_local_kubernetes_executor.py took 0.152 seconds
[2026-09-22T15:25:26.526+0200] {processor.py:186} INFO - Started process (PID=33944) to work on /Users/swarnalidatta/Desktop/AutoQueryChatbot/.airflow-venv/lib/python3.12/site-packages/airflow/example_dags/example_local_kubernetes_executor.py
[2026-09-22T15:25:26.526+0200] {processor.py:914} INFO - Processing file /Users/swarnalidatta/Desktop/AutoQueryChatbot/.airflow-venv/lib/python3.12/site-packages/airflow/example_dags/example_local_kubernetes_executor.py for tasks to queue
[2026-09-22T15:25:26.527+0200] {logging_mixin.py:190} INFO - [2026-09-22T15:25:26.527+0200] {dagbag.py:588} INFO - Filling up the DagBag from /Users/swarnalidatta/Desktop/AutoQueryChatbot/.airflow-venv/lib/python3.12/site-packages/airflow/example_dags/example_local_kubernetes_executor.py
[2026-09-22T15:25:26.631+0200] {processor.py:925} INFO - DAG(s) 'example_local_kubernetes_executor' retrieved from /Users/swarnalidatta/Desktop/AutoQueryChatbot/.airflow-venv/lib/python3.12/site-packages/airflow/example_dags/example_local_kubernetes_executor.py
[2026-09-22T15:25:26.666+0200] {logging_mixin.py:190} WARNING - /Users/swarnalidatta/Desktop/AutoQueryChatbot/.airflow-venv/lib/python3.12/site-packages/airflow/serialization/serialized_objects.py:1884 DeprecationWarning: This module is deprecated. The `cncf.kubernetes` provider before version 7.4.0 uses this module - you should migrate to a newer version of `cncf.kubernetes` to get rid of this warning. If you import the module via `airflow.kubernetes` import, please use `cncf.kubernetes' provider 7.4.0+ and switch all your imports to use `apache.airflow.providers.cncf.kubernetes` to get rid of the warning.
[2026-09-22T15:25:26.670+0200] {logging_mixin.py:190} INFO - [2026-09-22T15:25:26.670+0200] {dag.py:3239} INFO - Sync 1 DAGs
[2026-09-22T15:25:26.673+0200] {logging_mixin.py:190} INFO - [2026-09-22T15:25:26.673+0200] {dag.py:4180} INFO - Setting next_dagrun for example_local_kubernetes_executor to None, run_after=None
[2026-09-22T15:25:26.678+0200] {processor.py:208} INFO - Processing /Users/swarnalidatta/Desktop/AutoQueryChatbot/.airflow-venv/lib/python3.12/site-packages/airflow/example_dags/example_local_kubernetes_executor.py took 0.153 seconds
[2026-09-22T15:27:42.080+0200] {processor.py:186} INFO - Started process (PID=34243) to work on /Users/swarnalidatta/Desktop/AutoQueryChatbot/.airflow-venv/lib/python3.12/site-packages/airflow/example_dags/example_local_kubernetes_executor.py
[2026-09-22T15:27:42.080+0200] {processor.py:914} INFO - Processing file /Users/swarnalidatta/Desktop/AutoQueryChatbot/.airflow-venv/lib/python3.12/site-packages/airflow/example_dags/example_local_kubernetes_executor.py for tasks to queue
[2026-09-22T15:27:42.081+0200] {logging_mixin.py:190} INFO - [2026-09-22T15:27:42.081+0200] {dagbag.py:588} INFO - Filling up the DagBag from /Users/swarnalidatta/Desktop/AutoQueryChatbot/.airflow-venv/lib/python3.12/site-packages/airflow/example_dags/example_local_kubernetes_executor.py
[2026-09-22T15:27:42.188+0200] {processor.py:925} INFO - DAG(s) 'example_local_kubernetes_executor' retrieved from /Users/swarnalidatta/Desktop/AutoQueryChatbot/.airflow-venv/lib/python3.12/site-packages/airflow/example_dags/example_local_kubernetes_executor.py
[2026-09-22T15:27:42.225+0200] {logging_mixin.py:190} WARNING - /Users/swarnalidatta/Desktop/AutoQueryChatbot/.airflow-venv/lib/python3.12/site-packages/airflow/serialization/serialized_objects.py:1884 DeprecationWarning: This module is deprecated. The `cncf.kubernetes` provider before version 7.4.0 uses this module - you should migrate to a newer version of `cncf.kubernetes` to get rid of this warning. If you import the module via `airflow.kubernetes` import, please use `cncf.kubernetes' provider 7.4.0+ and switch all your imports to use `apache.airflow.providers.cncf.kubernetes` to get rid of the warning.
[2026-09-22T15:27:42.228+0200] {logging_mixin.py:190} INFO - [2026-09-22T15:27:42.228+0200] {dag.py:3239} INFO - Sync 1 DAGs
[2026-09-22T15:27:42.231+0200] {logging_mixin.py:190} INFO - [2026-09-22T15:27:42.231+0200] {dag.py:4180} INFO - Setting next_dagrun for example_local_kubernetes_executor to None, run_after=None
[2026-09-22T15:27:42.236+0200] {processor.py:208} INFO - Processing /Users/swarnalidatta/Desktop/AutoQueryChatbot/.airflow-venv/lib/python3.12/site-packages/airflow/example_dags/example_local_kubernetes_executor.py took 0.157 seconds
[2026-09-22T15:29:52.856+0200] {processor.py:186} INFO - Started process (PID=34537) to work on /Users/swarnalidatta/Desktop/AutoQueryChatbot/.airflow-venv/lib/python3.12/site-packages/airflow/example_dags/example_local_kubernetes_executor.py
[2026-09-22T15:29:52.857+0200] {processor.py:914} INFO - Processing file /Users/swarnalidatta/Desktop/AutoQueryChatbot/.airflow-venv/lib/python3.12/site-packages/airflow/example_dags/example_local_kubernetes_executor.py for tasks to queue
[2026-09-22T15:29:52.857+0200] {logging_mixin.py:190} INFO - [2026-09-22T15:29:52.857+0200] {dagbag.py:588} INFO - Filling up the DagBag from /Users/swarnalidatta/Desktop/AutoQueryChatbot/.airflow-venv/lib/python3.12/site-packages/airflow/example_dags/example_local_kubernetes_executor.py
[2026-09-22T15:29:52.961+0200] {processor.py:925} INFO - DAG(s) 'example_local_kubernetes_executor' retrieved from /Users/swarnalidatta/Desktop/AutoQueryChatbot/.airflow-venv/lib/python3.12/site-packages/airflow/example_dags/example_local_kubernetes_executor.py
[2026-09-22T15:29:52.997+0200] {logging_mixin.py:190} WARNING - /Users/swarnalidatta/Desktop/AutoQueryChatbot/.airflow-venv/lib/python3.12/site-packages/airflow/serialization/serialized_objects.py:1884 DeprecationWarning: This module is deprecated. The `cncf.kubernetes` provider before version 7.4.0 uses this module - you should migrate to a newer version of `cncf.kubernetes` to get rid of this warning. If you import the module via `airflow.kubernetes` import, please use `cncf.kubernetes' provider 7.4.0+ and switch all your imports to use `apache.airflow.providers.cncf.kubernetes` to get rid of the warning.
[2026-09-22T15:29:53.001+0200] {logging_mixin.py:190} INFO - [2026-09-22T15:29:53.001+0200] {dag.py:3239} INFO - Sync 1 DAGs
[2026-09-22T15:29:53.004+0200] {logging_mixin.py:190} INFO - [2026-09-22T15:29:53.004+0200] {dag.py:4180} INFO - Setting next_dagrun for example_local_kubernetes_executor to None, run_after=None
[2026-09-22T15:29:53.009+0200] {processor.py:208} INFO - Processing /Users/swarnalidatta/Desktop/AutoQueryChatbot/.airflow-venv/lib/python3.12/site-packages/airflow/example_dags/example_local_kubernetes_executor.py took 0.154 seconds
[2026-09-22T15:32:04.926+0200] {processor.py:186} INFO - Started process (PID=34832) to work on /Users/swarnalidatta/Desktop/AutoQueryChatbot/.airflow-venv/lib/python3.12/site-packages/airflow/example_dags/example_local_kubernetes_executor.py
[2026-09-22T15:32:04.927+0200] {processor.py:914} INFO - Processing file /Users/swarnalidatta/Desktop/AutoQueryChatbot/.airflow-venv/lib/python3.12/site-packages/airflow/example_dags/example_local_kubernetes_executor.py for tasks to queue
[2026-09-22T15:32:04.927+0200] {logging_mixin.py:190} INFO - [2026-09-22T15:32:04.927+0200] {dagbag.py:588} INFO - Filling up the DagBag from /Users/swarnalidatta/Desktop/AutoQueryChatbot/.airflow-venv/lib/python3.12/site-packages/airflow/example_dags/example_local_kubernetes_executor.py
[2026-09-22T15:32:05.029+0200] {processor.py:925} INFO - DAG(s) 'example_local_kubernetes_executor' retrieved from /Users/swarnalidatta/Desktop/AutoQueryChatbot/.airflow-venv/lib/python3.12/site-packages/airflow/example_dags/example_local_kubernetes_executor.py
[2026-09-22T15:32:05.066+0200] {logging_mixin.py:190} WARNING - /Users/swarnalidatta/Desktop/AutoQueryChatbot/.airflow-venv/lib/python3.12/site-packages/airflow/serialization/serialized_objects.py:1884 DeprecationWarning: This module is deprecated. The `cncf.kubernetes` provider before version 7.4.0 uses this module - you should migrate to a newer version of `cncf.kubernetes` to get rid of this warning. If you import the module via `airflow.kubernetes` import, please use `cncf.kubernetes' provider 7.4.0+ and switch all your imports to use `apache.airflow.providers.cncf.kubernetes` to get rid of the warning.
[2026-09-22T15:32:05.069+0200] {logging_mixin.py:190} INFO - [2026-09-22T15:32:05.069+0200] {dag.py:3239} INFO - Sync 1 DAGs
[2026-09-22T15:32:05.072+0200] {logging_mixin.py:190} INFO - [2026-09-22T15:32:05.072+0200] {dag.py:4180} INFO - Setting next_dagrun for example_local_kubernetes_executor to None, run_after=None
[2026-09-22T15:32:05.078+0200] {processor.py:208} INFO - Processing /Users/swarnalidatta/Desktop/AutoQueryChatbot/.airflow-venv/lib/python3.12/site-packages/airflow/example_dags/example_local_kubernetes_executor.py took 0.152 seconds
[2026-09-22T15:34:18.622+0200] {processor.py:186} INFO - Started process (PID=35128) to work on /Users/swarnalidatta/Desktop/AutoQueryChatbot/.airflow-venv/lib/python3.12/site-packages/airflow/example_dags/example_local_kubernetes_executor.py
[2026-09-22T15:34:18.623+0200] {processor.py:914} INFO - Processing file /Users/swarnalidatta/Desktop/AutoQueryChatbot/.airflow-venv/lib/python3.12/site-packages/airflow/example_dags/example_local_kubernetes_executor.py for tasks to queue
[2026-09-22T15:34:18.623+0200] {logging_mixin.py:190} INFO - [2026-09-22T15:34:18.623+0200] {dagbag.py:588} INFO - Filling up the DagBag from /Users/swarnalidatta/Desktop/AutoQueryChatbot/.airflow-venv/lib/python3.12/site-packages/airflow/example_dags/example_local_kubernetes_executor.py
[2026-09-22T15:34:18.723+0200] {processor.py:925} INFO - DAG(s) 'example_local_kubernetes_executor' retrieved from /Users/swarnalidatta/Desktop/AutoQueryChatbot/.airflow-venv/lib/python3.12/site-packages/airflow/example_dags/example_local_kubernetes_executor.py
[2026-09-22T15:34:18.758+0200] {logging_mixin.py:190} WARNING - /Users/swarnalidatta/Desktop/AutoQueryChatbot/.airflow-venv/lib/python3.12/site-packages/airflow/serialization/serialized_objects.py:1884 DeprecationWarning: This module is deprecated. The `cncf.kubernetes` provider before version 7.4.0 uses this module - you should migrate to a newer version of `cncf.kubernetes` to get rid of this warning. If you import the module via `airflow.kubernetes` import, please use `cncf.kubernetes' provider 7.4.0+ and switch all your imports to use `apache.airflow.providers.cncf.kubernetes` to get rid of the warning.
[2026-09-22T15:34:18.762+0200] {logging_mixin.py:190} INFO - [2026-09-22T15:34:18.762+0200] {dag.py:3239} INFO - Sync 1 DAGs
[2026-09-22T15:34:18.765+0200] {logging_mixin.py:190} INFO - [2026-09-22T15:34:18.765+0200] {dag.py:4180} INFO - Setting next_dagrun for example_local_kubernetes_executor to None, run_after=None
[2026-09-22T15:34:18.770+0200] {processor.py:208} INFO - Processing /Users/swarnalidatta/Desktop/AutoQueryChatbot/.airflow-venv/lib/python3.12/site-packages/airflow/example_dags/example_local_kubernetes_executor.py took 0.149 seconds
[2026-09-22T15:36:35.648+0200] {processor.py:186} INFO - Started process (PID=35443) to work on /Users/swarnalidatta/Desktop/AutoQueryChatbot/.airflow-venv/lib/python3.12/site-packages/airflow/example_dags/example_local_kubernetes_executor.py
[2026-09-22T15:36:35.648+0200] {processor.py:914} INFO - Processing file /Users/swarnalidatta/Desktop/AutoQueryChatbot/.airflow-venv/lib/python3.12/site-packages/airflow/example_dags/example_local_kubernetes_executor.py for tasks to queue
[2026-09-22T15:36:35.648+0200] {logging_mixin.py:190} INFO - [2026-09-22T15:36:35.648+0200] {dagbag.py:588} INFO - Filling up the DagBag from /Users/swarnalidatta/Desktop/AutoQueryChatbot/.airflow-venv/lib/python3.12/site-packages/airflow/example_dags/example_local_kubernetes_executor.py
[2026-09-22T15:36:35.746+0200] {processor.py:925} INFO - DAG(s) 'example_local_kubernetes_executor' retrieved from /Users/swarnalidatta/Desktop/AutoQueryChatbot/.airflow-venv/lib/python3.12/site-packages/airflow/example_dags/example_local_kubernetes_executor.py
[2026-09-22T15:36:35.781+0200] {logging_mixin.py:190} WARNING - /Users/swarnalidatta/Desktop/AutoQueryChatbot/.airflow-venv/lib/python3.12/site-packages/airflow/serialization/serialized_objects.py:1884 DeprecationWarning: This module is deprecated. The `cncf.kubernetes` provider before version 7.4.0 uses this module - you should migrate to a newer version of `cncf.kubernetes` to get rid of this warning. If you import the module via `airflow.kubernetes` import, please use `cncf.kubernetes' provider 7.4.0+ and switch all your imports to use `apache.airflow.providers.cncf.kubernetes` to get rid of the warning.
[2026-09-22T15:36:35.785+0200] {logging_mixin.py:190} INFO - [2026-09-22T15:36:35.785+0200] {dag.py:3239} INFO - Sync 1 DAGs
[2026-09-22T15:36:35.788+0200] {logging_mixin.py:190} INFO - [2026-09-22T15:36:35.788+0200] {dag.py:4180} INFO - Setting next_dagrun for example_local_kubernetes_executor to None, run_after=None
[2026-09-22T15:36:35.793+0200] {processor.py:208} INFO - Processing /Users/swarnalidatta/Desktop/AutoQueryChatbot/.airflow-venv/lib/python3.12/site-packages/airflow/example_dags/example_local_kubernetes_executor.py took 0.146 seconds
[2026-09-22T15:38:50.425+0200] {processor.py:186} INFO - Started process (PID=35740) to work on /Users/swarnalidatta/Desktop/AutoQueryChatbot/.airflow-venv/lib/python3.12/site-packages/airflow/example_dags/example_local_kubernetes_executor.py
[2026-09-22T15:38:50.426+0200] {processor.py:914} INFO - Processing file /Users/swarnalidatta/Desktop/AutoQueryChatbot/.airflow-venv/lib/python3.12/site-packages/airflow/example_dags/example_local_kubernetes_executor.py for tasks to queue
[2026-09-22T15:38:50.426+0200] {logging_mixin.py:190} INFO - [2026-09-22T15:38:50.426+0200] {dagbag.py:588} INFO - Filling up the DagBag from /Users/swarnalidatta/Desktop/AutoQueryChatbot/.airflow-venv/lib/python3.12/site-packages/airflow/example_dags/example_local_kubernetes_executor.py
[2026-09-22T15:38:50.526+0200] {processor.py:925} INFO - DAG(s) 'example_local_kubernetes_executor' retrieved from /Users/swarnalidatta/Desktop/AutoQueryChatbot/.airflow-venv/lib/python3.12/site-packages/airflow/example_dags/example_local_kubernetes_executor.py
[2026-09-22T15:38:50.562+0200] {logging_mixin.py:190} WARNING - /Users/swarnalidatta/Desktop/AutoQueryChatbot/.airflow-venv/lib/python3.12/site-packages/airflow/serialization/serialized_objects.py:1884 DeprecationWarning: This module is deprecated. The `cncf.kubernetes` provider before version 7.4.0 uses this module - you should migrate to a newer version of `cncf.kubernetes` to get rid of this warning. If you import the module via `airflow.kubernetes` import, please use `cncf.kubernetes' provider 7.4.0+ and switch all your imports to use `apache.airflow.providers.cncf.kubernetes` to get rid of the warning.
[2026-09-22T15:38:50.565+0200] {logging_mixin.py:190} INFO - [2026-09-22T15:38:50.565+0200] {dag.py:3239} INFO - Sync 1 DAGs
[2026-09-22T15:38:50.568+0200] {logging_mixin.py:190} INFO - [2026-09-22T15:38:50.568+0200] {dag.py:4180} INFO - Setting next_dagrun for example_local_kubernetes_executor to None, run_after=None
[2026-09-22T15:38:50.573+0200] {processor.py:208} INFO - Processing /Users/swarnalidatta/Desktop/AutoQueryChatbot/.airflow-venv/lib/python3.12/site-packages/airflow/example_dags/example_local_kubernetes_executor.py took 0.149 seconds
[2026-09-22T15:41:05.488+0200] {processor.py:186} INFO - Started process (PID=36039) to work on /Users/swarnalidatta/Desktop/AutoQueryChatbot/.airflow-venv/lib/python3.12/site-packages/airflow/example_dags/example_local_kubernetes_executor.py
[2026-09-22T15:41:05.488+0200] {processor.py:914} INFO - Processing file /Users/swarnalidatta/Desktop/AutoQueryChatbot/.airflow-venv/lib/python3.12/site-packages/airflow/example_dags/example_local_kubernetes_executor.py for tasks to queue
[2026-09-22T15:41:05.488+0200] {logging_mixin.py:190} INFO - [2026-09-22T15:41:05.488+0200] {dagbag.py:588} INFO - Filling up the DagBag from /Users/swarnalidatta/Desktop/AutoQueryChatbot/.airflow-venv/lib/python3.12/site-packages/airflow/example_dags/example_local_kubernetes_executor.py
[2026-09-22T15:41:05.587+0200] {processor.py:925} INFO - DAG(s) 'example_local_kubernetes_executor' retrieved from /Users/swarnalidatta/Desktop/AutoQueryChatbot/.airflow-venv/lib/python3.12/site-packages/airflow/example_dags/example_local_kubernetes_executor.py
[2026-09-22T15:41:05.623+0200] {logging_mixin.py:190} WARNING - /Users/swarnalidatta/Desktop/AutoQueryChatbot/.airflow-venv/lib/python3.12/site-packages/airflow/serialization/serialized_objects.py:1884 DeprecationWarning: This module is deprecated. The `cncf.kubernetes` provider before version 7.4.0 uses this module - you should migrate to a newer version of `cncf.kubernetes` to get rid of this warning. If you import the module via `airflow.kubernetes` import, please use `cncf.kubernetes' provider 7.4.0+ and switch all your imports to use `apache.airflow.providers.cncf.kubernetes` to get rid of the warning.
[2026-09-22T15:41:05.626+0200] {logging_mixin.py:190} INFO - [2026-09-22T15:41:05.626+0200] {dag.py:3239} INFO - Sync 1 DAGs
[2026-09-22T15:41:05.629+0200] {logging_mixin.py:190} INFO - [2026-09-22T15:41:05.629+0200] {dag.py:4180} INFO - Setting next_dagrun for example_local_kubernetes_executor to None, run_after=None
[2026-09-22T15:41:05.634+0200] {processor.py:208} INFO - Processing /Users/swarnalidatta/Desktop/AutoQueryChatbot/.airflow-venv/lib/python3.12/site-packages/airflow/example_dags/example_local_kubernetes_executor.py took 0.147 seconds
[2026-09-22T15:43:19.499+0200] {processor.py:186} INFO - Started process (PID=36343) to work on /Users/swarnalidatta/Desktop/AutoQueryChatbot/.airflow-venv/lib/python3.12/site-packages/airflow/example_dags/example_local_kubernetes_executor.py
[2026-09-22T15:43:19.499+0200] {processor.py:914} INFO - Processing file /Users/swarnalidatta/Desktop/AutoQueryChatbot/.airflow-venv/lib/python3.12/site-packages/airflow/example_dags/example_local_kubernetes_executor.py for tasks to queue
[2026-09-22T15:43:19.500+0200] {logging_mixin.py:190} INFO - [2026-09-22T15:43:19.499+0200] {dagbag.py:588} INFO - Filling up the DagBag from /Users/swarnalidatta/Desktop/AutoQueryChatbot/.airflow-venv/lib/python3.12/site-packages/airflow/example_dags/example_local_kubernetes_executor.py
[2026-09-22T15:43:19.604+0200] {processor.py:925} INFO - DAG(s) 'example_local_kubernetes_executor' retrieved from /Users/swarnalidatta/Desktop/AutoQueryChatbot/.airflow-venv/lib/python3.12/site-packages/airflow/example_dags/example_local_kubernetes_executor.py
[2026-09-22T15:43:19.640+0200] {logging_mixin.py:190} WARNING - /Users/swarnalidatta/Desktop/AutoQueryChatbot/.airflow-venv/lib/python3.12/site-packages/airflow/serialization/serialized_objects.py:1884 DeprecationWarning: This module is deprecated. The `cncf.kubernetes` provider before version 7.4.0 uses this module - you should migrate to a newer version of `cncf.kubernetes` to get rid of this warning. If you import the module via `airflow.kubernetes` import, please use `cncf.kubernetes' provider 7.4.0+ and switch all your imports to use `apache.airflow.providers.cncf.kubernetes` to get rid of the warning.
[2026-09-22T15:43:19.644+0200] {logging_mixin.py:190} INFO - [2026-09-22T15:43:19.644+0200] {dag.py:3239} INFO - Sync 1 DAGs
[2026-09-22T15:43:19.647+0200] {logging_mixin.py:190} INFO - [2026-09-22T15:43:19.647+0200] {dag.py:4180} INFO - Setting next_dagrun for example_local_kubernetes_executor to None, run_after=None
[2026-09-22T15:43:19.652+0200] {processor.py:208} INFO - Processing /Users/swarnalidatta/Desktop/AutoQueryChatbot/.airflow-venv/lib/python3.12/site-packages/airflow/example_dags/example_local_kubernetes_executor.py took 0.154 seconds
[2026-09-22T15:45:32.607+0200] {processor.py:186} INFO - Started process (PID=36640) to work on /Users/swarnalidatta/Desktop/AutoQueryChatbot/.airflow-venv/lib/python3.12/site-packages/airflow/example_dags/example_local_kubernetes_executor.py
[2026-09-22T15:45:32.607+0200] {processor.py:914} INFO - Processing file /Users/swarnalidatta/Desktop/AutoQueryChatbot/.airflow-venv/lib/python3.12/site-packages/airflow/example_dags/example_local_kubernetes_executor.py for tasks to queue
[2026-09-22T15:45:32.607+0200] {logging_mixin.py:190} INFO - [2026-09-22T15:45:32.607+0200] {dagbag.py:588} INFO - Filling up the DagBag from /Users/swarnalidatta/Desktop/AutoQueryChatbot/.airflow-venv/lib/python3.12/site-packages/airflow/example_dags/example_local_kubernetes_executor.py
[2026-09-22T15:45:32.707+0200] {processor.py:925} INFO - DAG(s) 'example_local_kubernetes_executor' retrieved from /Users/swarnalidatta/Desktop/AutoQueryChatbot/.airflow-venv/lib/python3.12/site-packages/airflow/example_dags/example_local_kubernetes_executor.py
[2026-09-22T15:45:32.743+0200] {logging_mixin.py:190} WARNING - /Users/swarnalidatta/Desktop/AutoQueryChatbot/.airflow-venv/lib/python3.12/site-packages/airflow/serialization/serialized_objects.py:1884 DeprecationWarning: This module is deprecated. The `cncf.kubernetes` provider before version 7.4.0 uses this module - you should migrate to a newer version of `cncf.kubernetes` to get rid of this warning. If you import the module via `airflow.kubernetes` import, please use `cncf.kubernetes' provider 7.4.0+ and switch all your imports to use `apache.airflow.providers.cncf.kubernetes` to get rid of the warning.
[2026-09-22T15:45:32.747+0200] {logging_mixin.py:190} INFO - [2026-09-22T15:45:32.746+0200] {dag.py:3239} INFO - Sync 1 DAGs
[2026-09-22T15:45:32.750+0200] {logging_mixin.py:190} INFO - [2026-09-22T15:45:32.749+0200] {dag.py:4180} INFO - Setting next_dagrun for example_local_kubernetes_executor to None, run_after=None
[2026-09-22T15:45:32.755+0200] {processor.py:208} INFO - Processing /Users/swarnalidatta/Desktop/AutoQueryChatbot/.airflow-venv/lib/python3.12/site-packages/airflow/example_dags/example_local_kubernetes_executor.py took 0.149 seconds
[2026-09-22T15:47:45.860+0200] {processor.py:186} INFO - Started process (PID=36933) to work on /Users/swarnalidatta/Desktop/AutoQueryChatbot/.airflow-venv/lib/python3.12/site-packages/airflow/example_dags/example_local_kubernetes_executor.py
[2026-09-22T15:47:45.861+0200] {processor.py:914} INFO - Processing file /Users/swarnalidatta/Desktop/AutoQueryChatbot/.airflow-venv/lib/python3.12/site-packages/airflow/example_dags/example_local_kubernetes_executor.py for tasks to queue
[2026-09-22T15:47:45.861+0200] {logging_mixin.py:190} INFO - [2026-09-22T15:47:45.861+0200] {dagbag.py:588} INFO - Filling up the DagBag from /Users/swarnalidatta/Desktop/AutoQueryChatbot/.airflow-venv/lib/python3.12/site-packages/airflow/example_dags/example_local_kubernetes_executor.py
[2026-09-22T15:47:45.961+0200] {processor.py:925} INFO - DAG(s) 'example_local_kubernetes_executor' retrieved from /Users/swarnalidatta/Desktop/AutoQueryChatbot/.airflow-venv/lib/python3.12/site-packages/airflow/example_dags/example_local_kubernetes_executor.py
[2026-09-22T15:47:45.997+0200] {logging_mixin.py:190} WARNING - /Users/swarnalidatta/Desktop/AutoQueryChatbot/.airflow-venv/lib/python3.12/site-packages/airflow/serialization/serialized_objects.py:1884 DeprecationWarning: This module is deprecated. The `cncf.kubernetes` provider before version 7.4.0 uses this module - you should migrate to a newer version of `cncf.kubernetes` to get rid of this warning. If you import the module via `airflow.kubernetes` import, please use `cncf.kubernetes' provider 7.4.0+ and switch all your imports to use `apache.airflow.providers.cncf.kubernetes` to get rid of the warning.
[2026-09-22T15:47:46.001+0200] {logging_mixin.py:190} INFO - [2026-09-22T15:47:46.001+0200] {dag.py:3239} INFO - Sync 1 DAGs
[2026-09-22T15:47:46.004+0200] {logging_mixin.py:190} INFO - [2026-09-22T15:47:46.004+0200] {dag.py:4180} INFO - Setting next_dagrun for example_local_kubernetes_executor to None, run_after=None
[2026-09-22T15:47:46.009+0200] {processor.py:208} INFO - Processing /Users/swarnalidatta/Desktop/AutoQueryChatbot/.airflow-venv/lib/python3.12/site-packages/airflow/example_dags/example_local_kubernetes_executor.py took 0.150 seconds
[2026-09-22T15:49:56.678+0200] {processor.py:186} INFO - Started process (PID=37229) to work on /Users/swarnalidatta/Desktop/AutoQueryChatbot/.airflow-venv/lib/python3.12/site-packages/airflow/example_dags/example_local_kubernetes_executor.py
[2026-09-22T15:49:56.678+0200] {processor.py:914} INFO - Processing file /Users/swarnalidatta/Desktop/AutoQueryChatbot/.airflow-venv/lib/python3.12/site-packages/airflow/example_dags/example_local_kubernetes_executor.py for tasks to queue
[2026-09-22T15:49:56.679+0200] {logging_mixin.py:190} INFO - [2026-09-22T15:49:56.679+0200] {dagbag.py:588} INFO - Filling up the DagBag from /Users/swarnalidatta/Desktop/AutoQueryChatbot/.airflow-venv/lib/python3.12/site-packages/airflow/example_dags/example_local_kubernetes_executor.py
[2026-09-22T15:49:56.779+0200] {processor.py:925} INFO - DAG(s) 'example_local_kubernetes_executor' retrieved from /Users/swarnalidatta/Desktop/AutoQueryChatbot/.airflow-venv/lib/python3.12/site-packages/airflow/example_dags/example_local_kubernetes_executor.py
[2026-09-22T15:49:56.815+0200] {logging_mixin.py:190} WARNING - /Users/swarnalidatta/Desktop/AutoQueryChatbot/.airflow-venv/lib/python3.12/site-packages/airflow/serialization/serialized_objects.py:1884 DeprecationWarning: This module is deprecated. The `cncf.kubernetes` provider before version 7.4.0 uses this module - you should migrate to a newer version of `cncf.kubernetes` to get rid of this warning. If you import the module via `airflow.kubernetes` import, please use `cncf.kubernetes' provider 7.4.0+ and switch all your imports to use `apache.airflow.providers.cncf.kubernetes` to get rid of the warning.
[2026-09-22T15:49:56.818+0200] {logging_mixin.py:190} INFO - [2026-09-22T15:49:56.818+0200] {dag.py:3239} INFO - Sync 1 DAGs
[2026-09-22T15:49:56.821+0200] {logging_mixin.py:190} INFO - [2026-09-22T15:49:56.821+0200] {dag.py:4180} INFO - Setting next_dagrun for example_local_kubernetes_executor to None, run_after=None
[2026-09-22T15:49:56.826+0200] {processor.py:208} INFO - Processing /Users/swarnalidatta/Desktop/AutoQueryChatbot/.airflow-venv/lib/python3.12/site-packages/airflow/example_dags/example_local_kubernetes_executor.py took 0.149 seconds
[2026-09-22T15:52:08.457+0200] {processor.py:186} INFO - Started process (PID=37530) to work on /Users/swarnalidatta/Desktop/AutoQueryChatbot/.airflow-venv/lib/python3.12/site-packages/airflow/example_dags/example_local_kubernetes_executor.py
[2026-09-22T15:52:08.458+0200] {processor.py:914} INFO - Processing file /Users/swarnalidatta/Desktop/AutoQueryChatbot/.airflow-venv/lib/python3.12/site-packages/airflow/example_dags/example_local_kubernetes_executor.py for tasks to queue
[2026-09-22T15:52:08.458+0200] {logging_mixin.py:190} INFO - [2026-09-22T15:52:08.458+0200] {dagbag.py:588} INFO - Filling up the DagBag from /Users/swarnalidatta/Desktop/AutoQueryChatbot/.airflow-venv/lib/python3.12/site-packages/airflow/example_dags/example_local_kubernetes_executor.py
[2026-09-22T15:52:08.556+0200] {processor.py:925} INFO - DAG(s) 'example_local_kubernetes_executor' retrieved from /Users/swarnalidatta/Desktop/AutoQueryChatbot/.airflow-venv/lib/python3.12/site-packages/airflow/example_dags/example_local_kubernetes_executor.py
[2026-09-22T15:52:08.593+0200] {logging_mixin.py:190} WARNING - /Users/swarnalidatta/Desktop/AutoQueryChatbot/.airflow-venv/lib/python3.12/site-packages/airflow/serialization/serialized_objects.py:1884 DeprecationWarning: This module is deprecated. The `cncf.kubernetes` provider before version 7.4.0 uses this module - you should migrate to a newer version of `cncf.kubernetes` to get rid of this warning. If you import the module via `airflow.kubernetes` import, please use `cncf.kubernetes' provider 7.4.0+ and switch all your imports to use `apache.airflow.providers.cncf.kubernetes` to get rid of the warning.
[2026-09-22T15:52:08.596+0200] {logging_mixin.py:190} INFO - [2026-09-22T15:52:08.596+0200] {dag.py:3239} INFO - Sync 1 DAGs
[2026-09-22T15:52:08.599+0200] {logging_mixin.py:190} INFO - [2026-09-22T15:52:08.599+0200] {dag.py:4180} INFO - Setting next_dagrun for example_local_kubernetes_executor to None, run_after=None
[2026-09-22T15:52:08.604+0200] {processor.py:208} INFO - Processing /Users/swarnalidatta/Desktop/AutoQueryChatbot/.airflow-venv/lib/python3.12/site-packages/airflow/example_dags/example_local_kubernetes_executor.py took 0.148 seconds
[2026-09-22T15:56:18.264+0200] {processor.py:186} INFO - Started process (PID=37833) to work on /Users/swarnalidatta/Desktop/AutoQueryChatbot/.airflow-venv/lib/python3.12/site-packages/airflow/example_dags/example_local_kubernetes_executor.py
[2026-09-22T15:56:18.264+0200] {processor.py:914} INFO - Processing file /Users/swarnalidatta/Desktop/AutoQueryChatbot/.airflow-venv/lib/python3.12/site-packages/airflow/example_dags/example_local_kubernetes_executor.py for tasks to queue
[2026-09-22T15:56:18.265+0200] {logging_mixin.py:190} INFO - [2026-09-22T15:56:18.264+0200] {dagbag.py:588} INFO - Filling up the DagBag from /Users/swarnalidatta/Desktop/AutoQueryChatbot/.airflow-venv/lib/python3.12/site-packages/airflow/example_dags/example_local_kubernetes_executor.py
[2026-09-22T15:56:18.365+0200] {processor.py:925} INFO - DAG(s) 'example_local_kubernetes_executor' retrieved from /Users/swarnalidatta/Desktop/AutoQueryChatbot/.airflow-venv/lib/python3.12/site-packages/airflow/example_dags/example_local_kubernetes_executor.py
[2026-09-22T15:56:18.401+0200] {logging_mixin.py:190} WARNING - /Users/swarnalidatta/Desktop/AutoQueryChatbot/.airflow-venv/lib/python3.12/site-packages/airflow/serialization/serialized_objects.py:1884 DeprecationWarning: This module is deprecated. The `cncf.kubernetes` provider before version 7.4.0 uses this module - you should migrate to a newer version of `cncf.kubernetes` to get rid of this warning. If you import the module via `airflow.kubernetes` import, please use `cncf.kubernetes' provider 7.4.0+ and switch all your imports to use `apache.airflow.providers.cncf.kubernetes` to get rid of the warning.
[2026-09-22T15:56:18.405+0200] {logging_mixin.py:190} INFO - [2026-09-22T15:56:18.405+0200] {dag.py:3239} INFO - Sync 1 DAGs
[2026-09-22T15:56:18.408+0200] {logging_mixin.py:190} INFO - [2026-09-22T15:56:18.408+0200] {dag.py:4180} INFO - Setting next_dagrun for example_local_kubernetes_executor to None, run_after=None
[2026-09-22T15:56:18.413+0200] {processor.py:208} INFO - Processing /Users/swarnalidatta/Desktop/AutoQueryChatbot/.airflow-venv/lib/python3.12/site-packages/airflow/example_dags/example_local_kubernetes_executor.py took 0.150 seconds
[2026-09-22T15:58:33.561+0200] {processor.py:186} INFO - Started process (PID=38142) to work on /Users/swarnalidatta/Desktop/AutoQueryChatbot/.airflow-venv/lib/python3.12/site-packages/airflow/example_dags/example_local_kubernetes_executor.py
[2026-09-22T15:58:33.563+0200] {processor.py:914} INFO - Processing file /Users/swarnalidatta/Desktop/AutoQueryChatbot/.airflow-venv/lib/python3.12/site-packages/airflow/example_dags/example_local_kubernetes_executor.py for tasks to queue
[2026-09-22T15:58:33.563+0200] {logging_mixin.py:190} INFO - [2026-09-22T15:58:33.563+0200] {dagbag.py:588} INFO - Filling up the DagBag from /Users/swarnalidatta/Desktop/AutoQueryChatbot/.airflow-venv/lib/python3.12/site-packages/airflow/example_dags/example_local_kubernetes_executor.py
[2026-09-22T15:58:33.660+0200] {processor.py:925} INFO - DAG(s) 'example_local_kubernetes_executor' retrieved from /Users/swarnalidatta/Desktop/AutoQueryChatbot/.airflow-venv/lib/python3.12/site-packages/airflow/example_dags/example_local_kubernetes_executor.py
[2026-09-22T15:58:33.696+0200] {logging_mixin.py:190} WARNING - /Users/swarnalidatta/Desktop/AutoQueryChatbot/.airflow-venv/lib/python3.12/site-packages/airflow/serialization/serialized_objects.py:1884 DeprecationWarning: This module is deprecated. The `cncf.kubernetes` provider before version 7.4.0 uses this module - you should migrate to a newer version of `cncf.kubernetes` to get rid of this warning. If you import the module via `airflow.kubernetes` import, please use `cncf.kubernetes' provider 7.4.0+ and switch all your imports to use `apache.airflow.providers.cncf.kubernetes` to get rid of the warning.
[2026-09-22T15:58:33.700+0200] {logging_mixin.py:190} INFO - [2026-09-22T15:58:33.700+0200] {dag.py:3239} INFO - Sync 1 DAGs
[2026-09-22T15:58:33.703+0200] {logging_mixin.py:190} INFO - [2026-09-22T15:58:33.703+0200] {dag.py:4180} INFO - Setting next_dagrun for example_local_kubernetes_executor to None, run_after=None
[2026-09-22T15:58:33.708+0200] {processor.py:208} INFO - Processing /Users/swarnalidatta/Desktop/AutoQueryChatbot/.airflow-venv/lib/python3.12/site-packages/airflow/example_dags/example_local_kubernetes_executor.py took 0.147 seconds
[2026-09-22T16:00:44.811+0200] {processor.py:186} INFO - Started process (PID=38603) to work on /Users/swarnalidatta/Desktop/AutoQueryChatbot/.airflow-venv/lib/python3.12/site-packages/airflow/example_dags/example_local_kubernetes_executor.py
[2026-09-22T16:00:44.811+0200] {processor.py:914} INFO - Processing file /Users/swarnalidatta/Desktop/AutoQueryChatbot/.airflow-venv/lib/python3.12/site-packages/airflow/example_dags/example_local_kubernetes_executor.py for tasks to queue
[2026-09-22T16:00:44.812+0200] {logging_mixin.py:190} INFO - [2026-09-22T16:00:44.811+0200] {dagbag.py:588} INFO - Filling up the DagBag from /Users/swarnalidatta/Desktop/AutoQueryChatbot/.airflow-venv/lib/python3.12/site-packages/airflow/example_dags/example_local_kubernetes_executor.py
[2026-09-22T16:00:44.911+0200] {processor.py:925} INFO - DAG(s) 'example_local_kubernetes_executor' retrieved from /Users/swarnalidatta/Desktop/AutoQueryChatbot/.airflow-venv/lib/python3.12/site-packages/airflow/example_dags/example_local_kubernetes_executor.py
[2026-09-22T16:00:44.948+0200] {logging_mixin.py:190} WARNING - /Users/swarnalidatta/Desktop/AutoQueryChatbot/.airflow-venv/lib/python3.12/site-packages/airflow/serialization/serialized_objects.py:1884 DeprecationWarning: This module is deprecated. The `cncf.kubernetes` provider before version 7.4.0 uses this module - you should migrate to a newer version of `cncf.kubernetes` to get rid of this warning. If you import the module via `airflow.kubernetes` import, please use `cncf.kubernetes' provider 7.4.0+ and switch all your imports to use `apache.airflow.providers.cncf.kubernetes` to get rid of the warning.
[2026-09-22T16:00:44.951+0200] {logging_mixin.py:190} INFO - [2026-09-22T16:00:44.951+0200] {dag.py:3239} INFO - Sync 1 DAGs
[2026-09-22T16:00:44.954+0200] {logging_mixin.py:190} INFO - [2026-09-22T16:00:44.954+0200] {dag.py:4180} INFO - Setting next_dagrun for example_local_kubernetes_executor to None, run_after=None
[2026-09-22T16:00:44.959+0200] {processor.py:208} INFO - Processing /Users/swarnalidatta/Desktop/AutoQueryChatbot/.airflow-venv/lib/python3.12/site-packages/airflow/example_dags/example_local_kubernetes_executor.py took 0.149 seconds
[2026-09-22T16:03:00.236+0200] {processor.py:186} INFO - Started process (PID=38912) to work on /Users/swarnalidatta/Desktop/AutoQueryChatbot/.airflow-venv/lib/python3.12/site-packages/airflow/example_dags/example_local_kubernetes_executor.py
[2026-09-22T16:03:00.237+0200] {processor.py:914} INFO - Processing file /Users/swarnalidatta/Desktop/AutoQueryChatbot/.airflow-venv/lib/python3.12/site-packages/airflow/example_dags/example_local_kubernetes_executor.py for tasks to queue
[2026-09-22T16:03:00.237+0200] {logging_mixin.py:190} INFO - [2026-09-22T16:03:00.237+0200] {dagbag.py:588} INFO - Filling up the DagBag from /Users/swarnalidatta/Desktop/AutoQueryChatbot/.airflow-venv/lib/python3.12/site-packages/airflow/example_dags/example_local_kubernetes_executor.py
[2026-09-22T16:03:00.338+0200] {processor.py:925} INFO - DAG(s) 'example_local_kubernetes_executor' retrieved from /Users/swarnalidatta/Desktop/AutoQueryChatbot/.airflow-venv/lib/python3.12/site-packages/airflow/example_dags/example_local_kubernetes_executor.py
[2026-09-22T16:03:00.374+0200] {logging_mixin.py:190} WARNING - /Users/swarnalidatta/Desktop/AutoQueryChatbot/.airflow-venv/lib/python3.12/site-packages/airflow/serialization/serialized_objects.py:1884 DeprecationWarning: This module is deprecated. The `cncf.kubernetes` provider before version 7.4.0 uses this module - you should migrate to a newer version of `cncf.kubernetes` to get rid of this warning. If you import the module via `airflow.kubernetes` import, please use `cncf.kubernetes' provider 7.4.0+ and switch all your imports to use `apache.airflow.providers.cncf.kubernetes` to get rid of the warning.
[2026-09-22T16:03:00.378+0200] {logging_mixin.py:190} INFO - [2026-09-22T16:03:00.377+0200] {dag.py:3239} INFO - Sync 1 DAGs
[2026-09-22T16:03:00.380+0200] {logging_mixin.py:190} INFO - [2026-09-22T16:03:00.380+0200] {dag.py:4180} INFO - Setting next_dagrun for example_local_kubernetes_executor to None, run_after=None
[2026-09-22T16:03:00.388+0200] {processor.py:208} INFO - Processing /Users/swarnalidatta/Desktop/AutoQueryChatbot/.airflow-venv/lib/python3.12/site-packages/airflow/example_dags/example_local_kubernetes_executor.py took 0.153 seconds
[2026-09-22T16:05:20.497+0200] {processor.py:186} INFO - Started process (PID=39230) to work on /Users/swarnalidatta/Desktop/AutoQueryChatbot/.airflow-venv/lib/python3.12/site-packages/airflow/example_dags/example_local_kubernetes_executor.py
[2026-09-22T16:05:20.497+0200] {processor.py:914} INFO - Processing file /Users/swarnalidatta/Desktop/AutoQueryChatbot/.airflow-venv/lib/python3.12/site-packages/airflow/example_dags/example_local_kubernetes_executor.py for tasks to queue
[2026-09-22T16:05:20.498+0200] {logging_mixin.py:190} INFO - [2026-09-22T16:05:20.498+0200] {dagbag.py:588} INFO - Filling up the DagBag from /Users/swarnalidatta/Desktop/AutoQueryChatbot/.airflow-venv/lib/python3.12/site-packages/airflow/example_dags/example_local_kubernetes_executor.py
[2026-09-22T16:05:20.598+0200] {processor.py:925} INFO - DAG(s) 'example_local_kubernetes_executor' retrieved from /Users/swarnalidatta/Desktop/AutoQueryChatbot/.airflow-venv/lib/python3.12/site-packages/airflow/example_dags/example_local_kubernetes_executor.py
[2026-09-22T16:05:20.634+0200] {logging_mixin.py:190} WARNING - /Users/swarnalidatta/Desktop/AutoQueryChatbot/.airflow-venv/lib/python3.12/site-packages/airflow/serialization/serialized_objects.py:1884 DeprecationWarning: This module is deprecated. The `cncf.kubernetes` provider before version 7.4.0 uses this module - you should migrate to a newer version of `cncf.kubernetes` to get rid of this warning. If you import the module via `airflow.kubernetes` import, please use `cncf.kubernetes' provider 7.4.0+ and switch all your imports to use `apache.airflow.providers.cncf.kubernetes` to get rid of the warning.
[2026-09-22T16:05:20.637+0200] {logging_mixin.py:190} INFO - [2026-09-22T16:05:20.637+0200] {dag.py:3239} INFO - Sync 1 DAGs
[2026-09-22T16:05:20.640+0200] {logging_mixin.py:190} INFO - [2026-09-22T16:05:20.640+0200] {dag.py:4180} INFO - Setting next_dagrun for example_local_kubernetes_executor to None, run_after=None
[2026-09-22T16:05:20.645+0200] {processor.py:208} INFO - Processing /Users/swarnalidatta/Desktop/AutoQueryChatbot/.airflow-venv/lib/python3.12/site-packages/airflow/example_dags/example_local_kubernetes_executor.py took 0.149 seconds
[2026-09-22T16:07:33.884+0200] {processor.py:186} INFO - Started process (PID=39531) to work on /Users/swarnalidatta/Desktop/AutoQueryChatbot/.airflow-venv/lib/python3.12/site-packages/airflow/example_dags/example_local_kubernetes_executor.py
[2026-09-22T16:07:33.884+0200] {processor.py:914} INFO - Processing file /Users/swarnalidatta/Desktop/AutoQueryChatbot/.airflow-venv/lib/python3.12/site-packages/airflow/example_dags/example_local_kubernetes_executor.py for tasks to queue
[2026-09-22T16:07:33.885+0200] {logging_mixin.py:190} INFO - [2026-09-22T16:07:33.884+0200] {dagbag.py:588} INFO - Filling up the DagBag from /Users/swarnalidatta/Desktop/AutoQueryChatbot/.airflow-venv/lib/python3.12/site-packages/airflow/example_dags/example_local_kubernetes_executor.py
[2026-09-22T16:07:33.988+0200] {processor.py:925} INFO - DAG(s) 'example_local_kubernetes_executor' retrieved from /Users/swarnalidatta/Desktop/AutoQueryChatbot/.airflow-venv/lib/python3.12/site-packages/airflow/example_dags/example_local_kubernetes_executor.py
[2026-09-22T16:07:34.024+0200] {logging_mixin.py:190} WARNING - /Users/swarnalidatta/Desktop/AutoQueryChatbot/.airflow-venv/lib/python3.12/site-packages/airflow/serialization/serialized_objects.py:1884 DeprecationWarning: This module is deprecated. The `cncf.kubernetes` provider before version 7.4.0 uses this module - you should migrate to a newer version of `cncf.kubernetes` to get rid of this warning. If you import the module via `airflow.kubernetes` import, please use `cncf.kubernetes' provider 7.4.0+ and switch all your imports to use `apache.airflow.providers.cncf.kubernetes` to get rid of the warning.
[2026-09-22T16:07:34.027+0200] {logging_mixin.py:190} INFO - [2026-09-22T16:07:34.027+0200] {dag.py:3239} INFO - Sync 1 DAGs
[2026-09-22T16:07:34.030+0200] {logging_mixin.py:190} INFO - [2026-09-22T16:07:34.030+0200] {dag.py:4180} INFO - Setting next_dagrun for example_local_kubernetes_executor to None, run_after=None
[2026-09-22T16:07:34.035+0200] {processor.py:208} INFO - Processing /Users/swarnalidatta/Desktop/AutoQueryChatbot/.airflow-venv/lib/python3.12/site-packages/airflow/example_dags/example_local_kubernetes_executor.py took 0.152 seconds
[2026-09-22T16:09:52.088+0200] {processor.py:186} INFO - Started process (PID=39834) to work on /Users/swarnalidatta/Desktop/AutoQueryChatbot/.airflow-venv/lib/python3.12/site-packages/airflow/example_dags/example_local_kubernetes_executor.py
[2026-09-22T16:09:52.088+0200] {processor.py:914} INFO - Processing file /Users/swarnalidatta/Desktop/AutoQueryChatbot/.airflow-venv/lib/python3.12/site-packages/airflow/example_dags/example_local_kubernetes_executor.py for tasks to queue
[2026-09-22T16:09:52.089+0200] {logging_mixin.py:190} INFO - [2026-09-22T16:09:52.088+0200] {dagbag.py:588} INFO - Filling up the DagBag from /Users/swarnalidatta/Desktop/AutoQueryChatbot/.airflow-venv/lib/python3.12/site-packages/airflow/example_dags/example_local_kubernetes_executor.py
[2026-09-22T16:09:52.186+0200] {processor.py:925} INFO - DAG(s) 'example_local_kubernetes_executor' retrieved from /Users/swarnalidatta/Desktop/AutoQueryChatbot/.airflow-venv/lib/python3.12/site-packages/airflow/example_dags/example_local_kubernetes_executor.py
[2026-09-22T16:09:52.221+0200] {logging_mixin.py:190} WARNING - /Users/swarnalidatta/Desktop/AutoQueryChatbot/.airflow-venv/lib/python3.12/site-packages/airflow/serialization/serialized_objects.py:1884 DeprecationWarning: This module is deprecated. The `cncf.kubernetes` provider before version 7.4.0 uses this module - you should migrate to a newer version of `cncf.kubernetes` to get rid of this warning. If you import the module via `airflow.kubernetes` import, please use `cncf.kubernetes' provider 7.4.0+ and switch all your imports to use `apache.airflow.providers.cncf.kubernetes` to get rid of the warning.
[2026-09-22T16:09:52.224+0200] {logging_mixin.py:190} INFO - [2026-09-22T16:09:52.224+0200] {dag.py:3239} INFO - Sync 1 DAGs
[2026-09-22T16:09:52.227+0200] {logging_mixin.py:190} INFO - [2026-09-22T16:09:52.227+0200] {dag.py:4180} INFO - Setting next_dagrun for example_local_kubernetes_executor to None, run_after=None
[2026-09-22T16:09:52.232+0200] {processor.py:208} INFO - Processing /Users/swarnalidatta/Desktop/AutoQueryChatbot/.airflow-venv/lib/python3.12/site-packages/airflow/example_dags/example_local_kubernetes_executor.py took 0.145 seconds
[2026-09-22T16:12:13.421+0200] {processor.py:186} INFO - Started process (PID=40215) to work on /Users/swarnalidatta/Desktop/AutoQueryChatbot/.airflow-venv/lib/python3.12/site-packages/airflow/example_dags/example_local_kubernetes_executor.py
[2026-09-22T16:12:13.422+0200] {processor.py:914} INFO - Processing file /Users/swarnalidatta/Desktop/AutoQueryChatbot/.airflow-venv/lib/python3.12/site-packages/airflow/example_dags/example_local_kubernetes_executor.py for tasks to queue
[2026-09-22T16:12:13.422+0200] {logging_mixin.py:190} INFO - [2026-09-22T16:12:13.422+0200] {dagbag.py:588} INFO - Filling up the DagBag from /Users/swarnalidatta/Desktop/AutoQueryChatbot/.airflow-venv/lib/python3.12/site-packages/airflow/example_dags/example_local_kubernetes_executor.py
[2026-09-22T16:12:13.529+0200] {processor.py:925} INFO - DAG(s) 'example_local_kubernetes_executor' retrieved from /Users/swarnalidatta/Desktop/AutoQueryChatbot/.airflow-venv/lib/python3.12/site-packages/airflow/example_dags/example_local_kubernetes_executor.py
[2026-09-22T16:12:13.568+0200] {logging_mixin.py:190} WARNING - /Users/swarnalidatta/Desktop/AutoQueryChatbot/.airflow-venv/lib/python3.12/site-packages/airflow/serialization/serialized_objects.py:1884 DeprecationWarning: This module is deprecated. The `cncf.kubernetes` provider before version 7.4.0 uses this module - you should migrate to a newer version of `cncf.kubernetes` to get rid of this warning. If you import the module via `airflow.kubernetes` import, please use `cncf.kubernetes' provider 7.4.0+ and switch all your imports to use `apache.airflow.providers.cncf.kubernetes` to get rid of the warning.
[2026-09-22T16:12:13.572+0200] {logging_mixin.py:190} INFO - [2026-09-22T16:12:13.572+0200] {dag.py:3239} INFO - Sync 1 DAGs
[2026-09-22T16:12:13.575+0200] {logging_mixin.py:190} INFO - [2026-09-22T16:12:13.575+0200] {dag.py:4180} INFO - Setting next_dagrun for example_local_kubernetes_executor to None, run_after=None
[2026-09-22T16:12:13.580+0200] {processor.py:208} INFO - Processing /Users/swarnalidatta/Desktop/AutoQueryChatbot/.airflow-venv/lib/python3.12/site-packages/airflow/example_dags/example_local_kubernetes_executor.py took 0.159 seconds
[2026-09-22T16:14:33.485+0200] {processor.py:186} INFO - Started process (PID=40586) to work on /Users/swarnalidatta/Desktop/AutoQueryChatbot/.airflow-venv/lib/python3.12/site-packages/airflow/example_dags/example_local_kubernetes_executor.py
[2026-09-22T16:14:33.485+0200] {processor.py:914} INFO - Processing file /Users/swarnalidatta/Desktop/AutoQueryChatbot/.airflow-venv/lib/python3.12/site-packages/airflow/example_dags/example_local_kubernetes_executor.py for tasks to queue
[2026-09-22T16:14:33.486+0200] {logging_mixin.py:190} INFO - [2026-09-22T16:14:33.486+0200] {dagbag.py:588} INFO - Filling up the DagBag from /Users/swarnalidatta/Desktop/AutoQueryChatbot/.airflow-venv/lib/python3.12/site-packages/airflow/example_dags/example_local_kubernetes_executor.py
[2026-09-22T16:14:33.584+0200] {processor.py:925} INFO - DAG(s) 'example_local_kubernetes_executor' retrieved from /Users/swarnalidatta/Desktop/AutoQueryChatbot/.airflow-venv/lib/python3.12/site-packages/airflow/example_dags/example_local_kubernetes_executor.py
[2026-09-22T16:14:33.620+0200] {logging_mixin.py:190} WARNING - /Users/swarnalidatta/Desktop/AutoQueryChatbot/.airflow-venv/lib/python3.12/site-packages/airflow/serialization/serialized_objects.py:1884 DeprecationWarning: This module is deprecated. The `cncf.kubernetes` provider before version 7.4.0 uses this module - you should migrate to a newer version of `cncf.kubernetes` to get rid of this warning. If you import the module via `airflow.kubernetes` import, please use `cncf.kubernetes' provider 7.4.0+ and switch all your imports to use `apache.airflow.providers.cncf.kubernetes` to get rid of the warning.
[2026-09-22T16:14:33.624+0200] {logging_mixin.py:190} INFO - [2026-09-22T16:14:33.624+0200] {dag.py:3239} INFO - Sync 1 DAGs
[2026-09-22T16:14:33.627+0200] {logging_mixin.py:190} INFO - [2026-09-22T16:14:33.627+0200] {dag.py:4180} INFO - Setting next_dagrun for example_local_kubernetes_executor to None, run_after=None
[2026-09-22T16:14:33.632+0200] {processor.py:208} INFO - Processing /Users/swarnalidatta/Desktop/AutoQueryChatbot/.airflow-venv/lib/python3.12/site-packages/airflow/example_dags/example_local_kubernetes_executor.py took 0.148 seconds
[2026-09-22T16:16:50.916+0200] {processor.py:186} INFO - Started process (PID=41066) to work on /Users/swarnalidatta/Desktop/AutoQueryChatbot/.airflow-venv/lib/python3.12/site-packages/airflow/example_dags/example_local_kubernetes_executor.py
[2026-09-22T16:16:50.916+0200] {processor.py:914} INFO - Processing file /Users/swarnalidatta/Desktop/AutoQueryChatbot/.airflow-venv/lib/python3.12/site-packages/airflow/example_dags/example_local_kubernetes_executor.py for tasks to queue
[2026-09-22T16:16:50.916+0200] {logging_mixin.py:190} INFO - [2026-09-22T16:16:50.916+0200] {dagbag.py:588} INFO - Filling up the DagBag from /Users/swarnalidatta/Desktop/AutoQueryChatbot/.airflow-venv/lib/python3.12/site-packages/airflow/example_dags/example_local_kubernetes_executor.py
[2026-09-22T16:16:51.017+0200] {processor.py:925} INFO - DAG(s) 'example_local_kubernetes_executor' retrieved from /Users/swarnalidatta/Desktop/AutoQueryChatbot/.airflow-venv/lib/python3.12/site-packages/airflow/example_dags/example_local_kubernetes_executor.py
[2026-09-22T16:16:51.052+0200] {logging_mixin.py:190} WARNING - /Users/swarnalidatta/Desktop/AutoQueryChatbot/.airflow-venv/lib/python3.12/site-packages/airflow/serialization/serialized_objects.py:1884 DeprecationWarning: This module is deprecated. The `cncf.kubernetes` provider before version 7.4.0 uses this module - you should migrate to a newer version of `cncf.kubernetes` to get rid of this warning. If you import the module via `airflow.kubernetes` import, please use `cncf.kubernetes' provider 7.4.0+ and switch all your imports to use `apache.airflow.providers.cncf.kubernetes` to get rid of the warning.
[2026-09-22T16:16:51.056+0200] {logging_mixin.py:190} INFO - [2026-09-22T16:16:51.056+0200] {dag.py:3239} INFO - Sync 1 DAGs
[2026-09-22T16:16:51.059+0200] {logging_mixin.py:190} INFO - [2026-09-22T16:16:51.059+0200] {dag.py:4180} INFO - Setting next_dagrun for example_local_kubernetes_executor to None, run_after=None
[2026-09-22T16:16:51.064+0200] {processor.py:208} INFO - Processing /Users/swarnalidatta/Desktop/AutoQueryChatbot/.airflow-venv/lib/python3.12/site-packages/airflow/example_dags/example_local_kubernetes_executor.py took 0.149 seconds
[2026-09-22T16:19:06.189+0200] {processor.py:186} INFO - Started process (PID=41437) to work on /Users/swarnalidatta/Desktop/AutoQueryChatbot/.airflow-venv/lib/python3.12/site-packages/airflow/example_dags/example_local_kubernetes_executor.py
[2026-09-22T16:19:06.189+0200] {processor.py:914} INFO - Processing file /Users/swarnalidatta/Desktop/AutoQueryChatbot/.airflow-venv/lib/python3.12/site-packages/airflow/example_dags/example_local_kubernetes_executor.py for tasks to queue
[2026-09-22T16:19:06.189+0200] {logging_mixin.py:190} INFO - [2026-09-22T16:19:06.189+0200] {dagbag.py:588} INFO - Filling up the DagBag from /Users/swarnalidatta/Desktop/AutoQueryChatbot/.airflow-venv/lib/python3.12/site-packages/airflow/example_dags/example_local_kubernetes_executor.py
[2026-09-22T16:19:06.287+0200] {processor.py:925} INFO - DAG(s) 'example_local_kubernetes_executor' retrieved from /Users/swarnalidatta/Desktop/AutoQueryChatbot/.airflow-venv/lib/python3.12/site-packages/airflow/example_dags/example_local_kubernetes_executor.py
[2026-09-22T16:19:06.323+0200] {logging_mixin.py:190} WARNING - /Users/swarnalidatta/Desktop/AutoQueryChatbot/.airflow-venv/lib/python3.12/site-packages/airflow/serialization/serialized_objects.py:1884 DeprecationWarning: This module is deprecated. The `cncf.kubernetes` provider before version 7.4.0 uses this module - you should migrate to a newer version of `cncf.kubernetes` to get rid of this warning. If you import the module via `airflow.kubernetes` import, please use `cncf.kubernetes' provider 7.4.0+ and switch all your imports to use `apache.airflow.providers.cncf.kubernetes` to get rid of the warning.
[2026-09-22T16:19:06.326+0200] {logging_mixin.py:190} INFO - [2026-09-22T16:19:06.326+0200] {dag.py:3239} INFO - Sync 1 DAGs
[2026-09-22T16:19:06.329+0200] {logging_mixin.py:190} INFO - [2026-09-22T16:19:06.329+0200] {dag.py:4180} INFO - Setting next_dagrun for example_local_kubernetes_executor to None, run_after=None
[2026-09-22T16:19:06.334+0200] {processor.py:208} INFO - Processing /Users/swarnalidatta/Desktop/AutoQueryChatbot/.airflow-venv/lib/python3.12/site-packages/airflow/example_dags/example_local_kubernetes_executor.py took 0.147 seconds
[2026-09-22T16:21:21.919+0200] {processor.py:186} INFO - Started process (PID=41764) to work on /Users/swarnalidatta/Desktop/AutoQueryChatbot/.airflow-venv/lib/python3.12/site-packages/airflow/example_dags/example_local_kubernetes_executor.py
[2026-09-22T16:21:21.920+0200] {processor.py:914} INFO - Processing file /Users/swarnalidatta/Desktop/AutoQueryChatbot/.airflow-venv/lib/python3.12/site-packages/airflow/example_dags/example_local_kubernetes_executor.py for tasks to queue
[2026-09-22T16:21:21.920+0200] {logging_mixin.py:190} INFO - [2026-09-22T16:21:21.920+0200] {dagbag.py:588} INFO - Filling up the DagBag from /Users/swarnalidatta/Desktop/AutoQueryChatbot/.airflow-venv/lib/python3.12/site-packages/airflow/example_dags/example_local_kubernetes_executor.py
[2026-09-22T16:21:22.020+0200] {processor.py:925} INFO - DAG(s) 'example_local_kubernetes_executor' retrieved from /Users/swarnalidatta/Desktop/AutoQueryChatbot/.airflow-venv/lib/python3.12/site-packages/airflow/example_dags/example_local_kubernetes_executor.py
[2026-09-22T16:21:22.057+0200] {logging_mixin.py:190} WARNING - /Users/swarnalidatta/Desktop/AutoQueryChatbot/.airflow-venv/lib/python3.12/site-packages/airflow/serialization/serialized_objects.py:1884 DeprecationWarning: This module is deprecated. The `cncf.kubernetes` provider before version 7.4.0 uses this module - you should migrate to a newer version of `cncf.kubernetes` to get rid of this warning. If you import the module via `airflow.kubernetes` import, please use `cncf.kubernetes' provider 7.4.0+ and switch all your imports to use `apache.airflow.providers.cncf.kubernetes` to get rid of the warning.
[2026-09-22T16:21:22.060+0200] {logging_mixin.py:190} INFO - [2026-09-22T16:21:22.060+0200] {dag.py:3239} INFO - Sync 1 DAGs
[2026-09-22T16:21:22.063+0200] {logging_mixin.py:190} INFO - [2026-09-22T16:21:22.063+0200] {dag.py:4180} INFO - Setting next_dagrun for example_local_kubernetes_executor to None, run_after=None
[2026-09-22T16:21:22.068+0200] {processor.py:208} INFO - Processing /Users/swarnalidatta/Desktop/AutoQueryChatbot/.airflow-venv/lib/python3.12/site-packages/airflow/example_dags/example_local_kubernetes_executor.py took 0.150 seconds
[2026-09-22T16:23:43.168+0200] {processor.py:186} INFO - Started process (PID=42083) to work on /Users/swarnalidatta/Desktop/AutoQueryChatbot/.airflow-venv/lib/python3.12/site-packages/airflow/example_dags/example_local_kubernetes_executor.py
[2026-09-22T16:23:43.169+0200] {processor.py:914} INFO - Processing file /Users/swarnalidatta/Desktop/AutoQueryChatbot/.airflow-venv/lib/python3.12/site-packages/airflow/example_dags/example_local_kubernetes_executor.py for tasks to queue
[2026-09-22T16:23:43.169+0200] {logging_mixin.py:190} INFO - [2026-09-22T16:23:43.169+0200] {dagbag.py:588} INFO - Filling up the DagBag from /Users/swarnalidatta/Desktop/AutoQueryChatbot/.airflow-venv/lib/python3.12/site-packages/airflow/example_dags/example_local_kubernetes_executor.py
[2026-09-22T16:23:43.269+0200] {processor.py:925} INFO - DAG(s) 'example_local_kubernetes_executor' retrieved from /Users/swarnalidatta/Desktop/AutoQueryChatbot/.airflow-venv/lib/python3.12/site-packages/airflow/example_dags/example_local_kubernetes_executor.py
[2026-09-22T16:23:43.305+0200] {logging_mixin.py:190} WARNING - /Users/swarnalidatta/Desktop/AutoQueryChatbot/.airflow-venv/lib/python3.12/site-packages/airflow/serialization/serialized_objects.py:1884 DeprecationWarning: This module is deprecated. The `cncf.kubernetes` provider before version 7.4.0 uses this module - you should migrate to a newer version of `cncf.kubernetes` to get rid of this warning. If you import the module via `airflow.kubernetes` import, please use `cncf.kubernetes' provider 7.4.0+ and switch all your imports to use `apache.airflow.providers.cncf.kubernetes` to get rid of the warning.
[2026-09-22T16:23:43.308+0200] {logging_mixin.py:190} INFO - [2026-09-22T16:23:43.308+0200] {dag.py:3239} INFO - Sync 1 DAGs
[2026-09-22T16:23:43.311+0200] {logging_mixin.py:190} INFO - [2026-09-22T16:23:43.311+0200] {dag.py:4180} INFO - Setting next_dagrun for example_local_kubernetes_executor to None, run_after=None
[2026-09-22T16:23:43.316+0200] {processor.py:208} INFO - Processing /Users/swarnalidatta/Desktop/AutoQueryChatbot/.airflow-venv/lib/python3.12/site-packages/airflow/example_dags/example_local_kubernetes_executor.py took 0.149 seconds
[2026-09-22T16:25:57.824+0200] {processor.py:186} INFO - Started process (PID=42842) to work on /Users/swarnalidatta/Desktop/AutoQueryChatbot/.airflow-venv/lib/python3.12/site-packages/airflow/example_dags/example_local_kubernetes_executor.py
[2026-09-22T16:25:57.824+0200] {processor.py:914} INFO - Processing file /Users/swarnalidatta/Desktop/AutoQueryChatbot/.airflow-venv/lib/python3.12/site-packages/airflow/example_dags/example_local_kubernetes_executor.py for tasks to queue
[2026-09-22T16:25:57.824+0200] {logging_mixin.py:190} INFO - [2026-09-22T16:25:57.824+0200] {dagbag.py:588} INFO - Filling up the DagBag from /Users/swarnalidatta/Desktop/AutoQueryChatbot/.airflow-venv/lib/python3.12/site-packages/airflow/example_dags/example_local_kubernetes_executor.py
[2026-09-22T16:25:57.923+0200] {processor.py:925} INFO - DAG(s) 'example_local_kubernetes_executor' retrieved from /Users/swarnalidatta/Desktop/AutoQueryChatbot/.airflow-venv/lib/python3.12/site-packages/airflow/example_dags/example_local_kubernetes_executor.py
[2026-09-22T16:25:57.958+0200] {logging_mixin.py:190} WARNING - /Users/swarnalidatta/Desktop/AutoQueryChatbot/.airflow-venv/lib/python3.12/site-packages/airflow/serialization/serialized_objects.py:1884 DeprecationWarning: This module is deprecated. The `cncf.kubernetes` provider before version 7.4.0 uses this module - you should migrate to a newer version of `cncf.kubernetes` to get rid of this warning. If you import the module via `airflow.kubernetes` import, please use `cncf.kubernetes' provider 7.4.0+ and switch all your imports to use `apache.airflow.providers.cncf.kubernetes` to get rid of the warning.
[2026-09-22T16:25:57.962+0200] {logging_mixin.py:190} INFO - [2026-09-22T16:25:57.961+0200] {dag.py:3239} INFO - Sync 1 DAGs
[2026-09-22T16:25:57.965+0200] {logging_mixin.py:190} INFO - [2026-09-22T16:25:57.964+0200] {dag.py:4180} INFO - Setting next_dagrun for example_local_kubernetes_executor to None, run_after=None
[2026-09-22T16:25:57.970+0200] {processor.py:208} INFO - Processing /Users/swarnalidatta/Desktop/AutoQueryChatbot/.airflow-venv/lib/python3.12/site-packages/airflow/example_dags/example_local_kubernetes_executor.py took 0.147 seconds
[2026-09-22T16:28:19.571+0200] {processor.py:186} INFO - Started process (PID=43636) to work on /Users/swarnalidatta/Desktop/AutoQueryChatbot/.airflow-venv/lib/python3.12/site-packages/airflow/example_dags/example_local_kubernetes_executor.py
[2026-09-22T16:28:19.572+0200] {processor.py:914} INFO - Processing file /Users/swarnalidatta/Desktop/AutoQueryChatbot/.airflow-venv/lib/python3.12/site-packages/airflow/example_dags/example_local_kubernetes_executor.py for tasks to queue
[2026-09-22T16:28:19.572+0200] {logging_mixin.py:190} INFO - [2026-09-22T16:28:19.572+0200] {dagbag.py:588} INFO - Filling up the DagBag from /Users/swarnalidatta/Desktop/AutoQueryChatbot/.airflow-venv/lib/python3.12/site-packages/airflow/example_dags/example_local_kubernetes_executor.py
[2026-09-22T16:28:19.678+0200] {processor.py:925} INFO - DAG(s) 'example_local_kubernetes_executor' retrieved from /Users/swarnalidatta/Desktop/AutoQueryChatbot/.airflow-venv/lib/python3.12/site-packages/airflow/example_dags/example_local_kubernetes_executor.py
[2026-09-22T16:28:19.715+0200] {logging_mixin.py:190} WARNING - /Users/swarnalidatta/Desktop/AutoQueryChatbot/.airflow-venv/lib/python3.12/site-packages/airflow/serialization/serialized_objects.py:1884 DeprecationWarning: This module is deprecated. The `cncf.kubernetes` provider before version 7.4.0 uses this module - you should migrate to a newer version of `cncf.kubernetes` to get rid of this warning. If you import the module via `airflow.kubernetes` import, please use `cncf.kubernetes' provider 7.4.0+ and switch all your imports to use `apache.airflow.providers.cncf.kubernetes` to get rid of the warning.
[2026-09-22T16:28:19.718+0200] {logging_mixin.py:190} INFO - [2026-09-22T16:28:19.718+0200] {dag.py:3239} INFO - Sync 1 DAGs
[2026-09-22T16:28:19.721+0200] {logging_mixin.py:190} INFO - [2026-09-22T16:28:19.721+0200] {dag.py:4180} INFO - Setting next_dagrun for example_local_kubernetes_executor to None, run_after=None
[2026-09-22T16:28:19.726+0200] {processor.py:208} INFO - Processing /Users/swarnalidatta/Desktop/AutoQueryChatbot/.airflow-venv/lib/python3.12/site-packages/airflow/example_dags/example_local_kubernetes_executor.py took 0.156 seconds
[2026-09-22T16:30:46.161+0200] {processor.py:186} INFO - Started process (PID=44298) to work on /Users/swarnalidatta/Desktop/AutoQueryChatbot/.airflow-venv/lib/python3.12/site-packages/airflow/example_dags/example_local_kubernetes_executor.py
[2026-09-22T16:30:46.162+0200] {processor.py:914} INFO - Processing file /Users/swarnalidatta/Desktop/AutoQueryChatbot/.airflow-venv/lib/python3.12/site-packages/airflow/example_dags/example_local_kubernetes_executor.py for tasks to queue
[2026-09-22T16:30:46.162+0200] {logging_mixin.py:190} INFO - [2026-09-22T16:30:46.162+0200] {dagbag.py:588} INFO - Filling up the DagBag from /Users/swarnalidatta/Desktop/AutoQueryChatbot/.airflow-venv/lib/python3.12/site-packages/airflow/example_dags/example_local_kubernetes_executor.py
[2026-09-22T16:30:46.265+0200] {processor.py:925} INFO - DAG(s) 'example_local_kubernetes_executor' retrieved from /Users/swarnalidatta/Desktop/AutoQueryChatbot/.airflow-venv/lib/python3.12/site-packages/airflow/example_dags/example_local_kubernetes_executor.py
[2026-09-22T16:30:46.302+0200] {logging_mixin.py:190} WARNING - /Users/swarnalidatta/Desktop/AutoQueryChatbot/.airflow-venv/lib/python3.12/site-packages/airflow/serialization/serialized_objects.py:1884 DeprecationWarning: This module is deprecated. The `cncf.kubernetes` provider before version 7.4.0 uses this module - you should migrate to a newer version of `cncf.kubernetes` to get rid of this warning. If you import the module via `airflow.kubernetes` import, please use `cncf.kubernetes' provider 7.4.0+ and switch all your imports to use `apache.airflow.providers.cncf.kubernetes` to get rid of the warning.
[2026-09-22T16:30:46.306+0200] {logging_mixin.py:190} INFO - [2026-09-22T16:30:46.305+0200] {dag.py:3239} INFO - Sync 1 DAGs
[2026-09-22T16:30:46.309+0200] {logging_mixin.py:190} INFO - [2026-09-22T16:30:46.309+0200] {dag.py:4180} INFO - Setting next_dagrun for example_local_kubernetes_executor to None, run_after=None
[2026-09-22T16:30:46.314+0200] {processor.py:208} INFO - Processing /Users/swarnalidatta/Desktop/AutoQueryChatbot/.airflow-venv/lib/python3.12/site-packages/airflow/example_dags/example_local_kubernetes_executor.py took 0.154 seconds
[2026-09-22T16:33:08.135+0200] {processor.py:186} INFO - Started process (PID=47175) to work on /Users/swarnalidatta/Desktop/AutoQueryChatbot/.airflow-venv/lib/python3.12/site-packages/airflow/example_dags/example_local_kubernetes_executor.py
[2026-09-22T16:33:08.137+0200] {processor.py:914} INFO - Processing file /Users/swarnalidatta/Desktop/AutoQueryChatbot/.airflow-venv/lib/python3.12/site-packages/airflow/example_dags/example_local_kubernetes_executor.py for tasks to queue
[2026-09-22T16:33:08.137+0200] {logging_mixin.py:190} INFO - [2026-09-22T16:33:08.137+0200] {dagbag.py:588} INFO - Filling up the DagBag from /Users/swarnalidatta/Desktop/AutoQueryChatbot/.airflow-venv/lib/python3.12/site-packages/airflow/example_dags/example_local_kubernetes_executor.py
[2026-09-22T16:33:08.238+0200] {processor.py:925} INFO - DAG(s) 'example_local_kubernetes_executor' retrieved from /Users/swarnalidatta/Desktop/AutoQueryChatbot/.airflow-venv/lib/python3.12/site-packages/airflow/example_dags/example_local_kubernetes_executor.py
[2026-09-22T16:33:08.274+0200] {logging_mixin.py:190} WARNING - /Users/swarnalidatta/Desktop/AutoQueryChatbot/.airflow-venv/lib/python3.12/site-packages/airflow/serialization/serialized_objects.py:1884 DeprecationWarning: This module is deprecated. The `cncf.kubernetes` provider before version 7.4.0 uses this module - you should migrate to a newer version of `cncf.kubernetes` to get rid of this warning. If you import the module via `airflow.kubernetes` import, please use `cncf.kubernetes' provider 7.4.0+ and switch all your imports to use `apache.airflow.providers.cncf.kubernetes` to get rid of the warning.
[2026-09-22T16:33:08.277+0200] {logging_mixin.py:190} INFO - [2026-09-22T16:33:08.277+0200] {dag.py:3239} INFO - Sync 1 DAGs
[2026-09-22T16:33:08.280+0200] {logging_mixin.py:190} INFO - [2026-09-22T16:33:08.280+0200] {dag.py:4180} INFO - Setting next_dagrun for example_local_kubernetes_executor to None, run_after=None
[2026-09-22T16:33:08.285+0200] {processor.py:208} INFO - Processing /Users/swarnalidatta/Desktop/AutoQueryChatbot/.airflow-venv/lib/python3.12/site-packages/airflow/example_dags/example_local_kubernetes_executor.py took 0.151 seconds
[2026-09-22T16:35:30.604+0200] {processor.py:186} INFO - Started process (PID=47823) to work on /Users/swarnalidatta/Desktop/AutoQueryChatbot/.airflow-venv/lib/python3.12/site-packages/airflow/example_dags/example_local_kubernetes_executor.py
[2026-09-22T16:35:30.606+0200] {processor.py:914} INFO - Processing file /Users/swarnalidatta/Desktop/AutoQueryChatbot/.airflow-venv/lib/python3.12/site-packages/airflow/example_dags/example_local_kubernetes_executor.py for tasks to queue
[2026-09-22T16:35:30.606+0200] {logging_mixin.py:190} INFO - [2026-09-22T16:35:30.606+0200] {dagbag.py:588} INFO - Filling up the DagBag from /Users/swarnalidatta/Desktop/AutoQueryChatbot/.airflow-venv/lib/python3.12/site-packages/airflow/example_dags/example_local_kubernetes_executor.py
[2026-09-22T16:35:30.712+0200] {processor.py:925} INFO - DAG(s) 'example_local_kubernetes_executor' retrieved from /Users/swarnalidatta/Desktop/AutoQueryChatbot/.airflow-venv/lib/python3.12/site-packages/airflow/example_dags/example_local_kubernetes_executor.py
[2026-09-22T16:35:30.748+0200] {logging_mixin.py:190} WARNING - /Users/swarnalidatta/Desktop/AutoQueryChatbot/.airflow-venv/lib/python3.12/site-packages/airflow/serialization/serialized_objects.py:1884 DeprecationWarning: This module is deprecated. The `cncf.kubernetes` provider before version 7.4.0 uses this module - you should migrate to a newer version of `cncf.kubernetes` to get rid of this warning. If you import the module via `airflow.kubernetes` import, please use `cncf.kubernetes' provider 7.4.0+ and switch all your imports to use `apache.airflow.providers.cncf.kubernetes` to get rid of the warning.
[2026-09-22T16:35:30.751+0200] {logging_mixin.py:190} INFO - [2026-09-22T16:35:30.751+0200] {dag.py:3239} INFO - Sync 1 DAGs
[2026-09-22T16:35:30.754+0200] {logging_mixin.py:190} INFO - [2026-09-22T16:35:30.754+0200] {dag.py:4180} INFO - Setting next_dagrun for example_local_kubernetes_executor to None, run_after=None
[2026-09-22T16:35:30.760+0200] {processor.py:208} INFO - Processing /Users/swarnalidatta/Desktop/AutoQueryChatbot/.airflow-venv/lib/python3.12/site-packages/airflow/example_dags/example_local_kubernetes_executor.py took 0.156 seconds
[2026-09-22T16:38:06.383+0200] {processor.py:186} INFO - Started process (PID=48714) to work on /Users/swarnalidatta/Desktop/AutoQueryChatbot/.airflow-venv/lib/python3.12/site-packages/airflow/example_dags/example_local_kubernetes_executor.py
[2026-09-22T16:38:06.384+0200] {processor.py:914} INFO - Processing file /Users/swarnalidatta/Desktop/AutoQueryChatbot/.airflow-venv/lib/python3.12/site-packages/airflow/example_dags/example_local_kubernetes_executor.py for tasks to queue
[2026-09-22T16:38:06.384+0200] {logging_mixin.py:190} INFO - [2026-09-22T16:38:06.384+0200] {dagbag.py:588} INFO - Filling up the DagBag from /Users/swarnalidatta/Desktop/AutoQueryChatbot/.airflow-venv/lib/python3.12/site-packages/airflow/example_dags/example_local_kubernetes_executor.py
[2026-09-22T16:38:06.495+0200] {processor.py:925} INFO - DAG(s) 'example_local_kubernetes_executor' retrieved from /Users/swarnalidatta/Desktop/AutoQueryChatbot/.airflow-venv/lib/python3.12/site-packages/airflow/example_dags/example_local_kubernetes_executor.py
[2026-09-22T16:38:06.534+0200] {logging_mixin.py:190} WARNING - /Users/swarnalidatta/Desktop/AutoQueryChatbot/.airflow-venv/lib/python3.12/site-packages/airflow/serialization/serialized_objects.py:1884 DeprecationWarning: This module is deprecated. The `cncf.kubernetes` provider before version 7.4.0 uses this module - you should migrate to a newer version of `cncf.kubernetes` to get rid of this warning. If you import the module via `airflow.kubernetes` import, please use `cncf.kubernetes' provider 7.4.0+ and switch all your imports to use `apache.airflow.providers.cncf.kubernetes` to get rid of the warning.
[2026-09-22T16:38:06.538+0200] {logging_mixin.py:190} INFO - [2026-09-22T16:38:06.538+0200] {dag.py:3239} INFO - Sync 1 DAGs
[2026-09-22T16:38:06.541+0200] {logging_mixin.py:190} INFO - [2026-09-22T16:38:06.541+0200] {dag.py:4180} INFO - Setting next_dagrun for example_local_kubernetes_executor to None, run_after=None
[2026-09-22T16:38:06.546+0200] {processor.py:208} INFO - Processing /Users/swarnalidatta/Desktop/AutoQueryChatbot/.airflow-venv/lib/python3.12/site-packages/airflow/example_dags/example_local_kubernetes_executor.py took 0.165 seconds
[2026-09-22T16:40:33.870+0200] {processor.py:186} INFO - Started process (PID=49746) to work on /Users/swarnalidatta/Desktop/AutoQueryChatbot/.airflow-venv/lib/python3.12/site-packages/airflow/example_dags/example_local_kubernetes_executor.py
[2026-09-22T16:40:33.872+0200] {processor.py:914} INFO - Processing file /Users/swarnalidatta/Desktop/AutoQueryChatbot/.airflow-venv/lib/python3.12/site-packages/airflow/example_dags/example_local_kubernetes_executor.py for tasks to queue
[2026-09-22T16:40:33.872+0200] {logging_mixin.py:190} INFO - [2026-09-22T16:40:33.872+0200] {dagbag.py:588} INFO - Filling up the DagBag from /Users/swarnalidatta/Desktop/AutoQueryChatbot/.airflow-venv/lib/python3.12/site-packages/airflow/example_dags/example_local_kubernetes_executor.py
[2026-09-22T16:40:33.994+0200] {processor.py:925} INFO - DAG(s) 'example_local_kubernetes_executor' retrieved from /Users/swarnalidatta/Desktop/AutoQueryChatbot/.airflow-venv/lib/python3.12/site-packages/airflow/example_dags/example_local_kubernetes_executor.py
[2026-09-22T16:40:34.037+0200] {logging_mixin.py:190} WARNING - /Users/swarnalidatta/Desktop/AutoQueryChatbot/.airflow-venv/lib/python3.12/site-packages/airflow/serialization/serialized_objects.py:1884 DeprecationWarning: This module is deprecated. The `cncf.kubernetes` provider before version 7.4.0 uses this module - you should migrate to a newer version of `cncf.kubernetes` to get rid of this warning. If you import the module via `airflow.kubernetes` import, please use `cncf.kubernetes' provider 7.4.0+ and switch all your imports to use `apache.airflow.providers.cncf.kubernetes` to get rid of the warning.
[2026-09-22T16:40:34.042+0200] {logging_mixin.py:190} INFO - [2026-09-22T16:40:34.042+0200] {dag.py:3239} INFO - Sync 1 DAGs
[2026-09-22T16:40:34.046+0200] {logging_mixin.py:190} INFO - [2026-09-22T16:40:34.046+0200] {dag.py:4180} INFO - Setting next_dagrun for example_local_kubernetes_executor to None, run_after=None
[2026-09-22T16:40:34.052+0200] {processor.py:208} INFO - Processing /Users/swarnalidatta/Desktop/AutoQueryChatbot/.airflow-venv/lib/python3.12/site-packages/airflow/example_dags/example_local_kubernetes_executor.py took 0.183 seconds
[2026-09-22T16:42:57.530+0200] {processor.py:186} INFO - Started process (PID=51818) to work on /Users/swarnalidatta/Desktop/AutoQueryChatbot/.airflow-venv/lib/python3.12/site-packages/airflow/example_dags/example_local_kubernetes_executor.py
[2026-09-22T16:42:57.531+0200] {processor.py:914} INFO - Processing file /Users/swarnalidatta/Desktop/AutoQueryChatbot/.airflow-venv/lib/python3.12/site-packages/airflow/example_dags/example_local_kubernetes_executor.py for tasks to queue
[2026-09-22T16:42:57.531+0200] {logging_mixin.py:190} INFO - [2026-09-22T16:42:57.531+0200] {dagbag.py:588} INFO - Filling up the DagBag from /Users/swarnalidatta/Desktop/AutoQueryChatbot/.airflow-venv/lib/python3.12/site-packages/airflow/example_dags/example_local_kubernetes_executor.py
[2026-09-22T16:42:57.637+0200] {processor.py:925} INFO - DAG(s) 'example_local_kubernetes_executor' retrieved from /Users/swarnalidatta/Desktop/AutoQueryChatbot/.airflow-venv/lib/python3.12/site-packages/airflow/example_dags/example_local_kubernetes_executor.py
[2026-09-22T16:42:57.674+0200] {logging_mixin.py:190} WARNING - /Users/swarnalidatta/Desktop/AutoQueryChatbot/.airflow-venv/lib/python3.12/site-packages/airflow/serialization/serialized_objects.py:1884 DeprecationWarning: This module is deprecated. The `cncf.kubernetes` provider before version 7.4.0 uses this module - you should migrate to a newer version of `cncf.kubernetes` to get rid of this warning. If you import the module via `airflow.kubernetes` import, please use `cncf.kubernetes' provider 7.4.0+ and switch all your imports to use `apache.airflow.providers.cncf.kubernetes` to get rid of the warning.
[2026-09-22T16:42:57.678+0200] {logging_mixin.py:190} INFO - [2026-09-22T16:42:57.678+0200] {dag.py:3239} INFO - Sync 1 DAGs
[2026-09-22T16:42:57.681+0200] {logging_mixin.py:190} INFO - [2026-09-22T16:42:57.681+0200] {dag.py:4180} INFO - Setting next_dagrun for example_local_kubernetes_executor to None, run_after=None
[2026-09-22T16:42:57.686+0200] {processor.py:208} INFO - Processing /Users/swarnalidatta/Desktop/AutoQueryChatbot/.airflow-venv/lib/python3.12/site-packages/airflow/example_dags/example_local_kubernetes_executor.py took 0.157 seconds
[2026-09-22T16:45:13.985+0200] {processor.py:186} INFO - Started process (PID=52538) to work on /Users/swarnalidatta/Desktop/AutoQueryChatbot/.airflow-venv/lib/python3.12/site-packages/airflow/example_dags/example_local_kubernetes_executor.py
[2026-09-22T16:45:13.986+0200] {processor.py:914} INFO - Processing file /Users/swarnalidatta/Desktop/AutoQueryChatbot/.airflow-venv/lib/python3.12/site-packages/airflow/example_dags/example_local_kubernetes_executor.py for tasks to queue
[2026-09-22T16:45:13.986+0200] {logging_mixin.py:190} INFO - [2026-09-22T16:45:13.986+0200] {dagbag.py:588} INFO - Filling up the DagBag from /Users/swarnalidatta/Desktop/AutoQueryChatbot/.airflow-venv/lib/python3.12/site-packages/airflow/example_dags/example_local_kubernetes_executor.py
[2026-09-22T16:45:14.092+0200] {processor.py:925} INFO - DAG(s) 'example_local_kubernetes_executor' retrieved from /Users/swarnalidatta/Desktop/AutoQueryChatbot/.airflow-venv/lib/python3.12/site-packages/airflow/example_dags/example_local_kubernetes_executor.py
[2026-09-22T16:45:14.128+0200] {logging_mixin.py:190} WARNING - /Users/swarnalidatta/Desktop/AutoQueryChatbot/.airflow-venv/lib/python3.12/site-packages/airflow/serialization/serialized_objects.py:1884 DeprecationWarning: This module is deprecated. The `cncf.kubernetes` provider before version 7.4.0 uses this module - you should migrate to a newer version of `cncf.kubernetes` to get rid of this warning. If you import the module via `airflow.kubernetes` import, please use `cncf.kubernetes' provider 7.4.0+ and switch all your imports to use `apache.airflow.providers.cncf.kubernetes` to get rid of the warning.
[2026-09-22T16:45:14.132+0200] {logging_mixin.py:190} INFO - [2026-09-22T16:45:14.132+0200] {dag.py:3239} INFO - Sync 1 DAGs
[2026-09-22T16:45:14.135+0200] {logging_mixin.py:190} INFO - [2026-09-22T16:45:14.135+0200] {dag.py:4180} INFO - Setting next_dagrun for example_local_kubernetes_executor to None, run_after=None
[2026-09-22T16:45:14.140+0200] {processor.py:208} INFO - Processing /Users/swarnalidatta/Desktop/AutoQueryChatbot/.airflow-venv/lib/python3.12/site-packages/airflow/example_dags/example_local_kubernetes_executor.py took 0.155 seconds
[2026-09-22T16:47:33.524+0200] {processor.py:186} INFO - Started process (PID=53258) to work on /Users/swarnalidatta/Desktop/AutoQueryChatbot/.airflow-venv/lib/python3.12/site-packages/airflow/example_dags/example_local_kubernetes_executor.py
[2026-09-22T16:47:33.525+0200] {processor.py:914} INFO - Processing file /Users/swarnalidatta/Desktop/AutoQueryChatbot/.airflow-venv/lib/python3.12/site-packages/airflow/example_dags/example_local_kubernetes_executor.py for tasks to queue
[2026-09-22T16:47:33.525+0200] {logging_mixin.py:190} INFO - [2026-09-22T16:47:33.525+0200] {dagbag.py:588} INFO - Filling up the DagBag from /Users/swarnalidatta/Desktop/AutoQueryChatbot/.airflow-venv/lib/python3.12/site-packages/airflow/example_dags/example_local_kubernetes_executor.py
[2026-09-22T16:47:33.647+0200] {processor.py:925} INFO - DAG(s) 'example_local_kubernetes_executor' retrieved from /Users/swarnalidatta/Desktop/AutoQueryChatbot/.airflow-venv/lib/python3.12/site-packages/airflow/example_dags/example_local_kubernetes_executor.py
[2026-09-22T16:47:33.686+0200] {logging_mixin.py:190} WARNING - /Users/swarnalidatta/Desktop/AutoQueryChatbot/.airflow-venv/lib/python3.12/site-packages/airflow/serialization/serialized_objects.py:1884 DeprecationWarning: This module is deprecated. The `cncf.kubernetes` provider before version 7.4.0 uses this module - you should migrate to a newer version of `cncf.kubernetes` to get rid of this warning. If you import the module via `airflow.kubernetes` import, please use `cncf.kubernetes' provider 7.4.0+ and switch all your imports to use `apache.airflow.providers.cncf.kubernetes` to get rid of the warning.
[2026-09-22T16:47:33.691+0200] {logging_mixin.py:190} INFO - [2026-09-22T16:47:33.691+0200] {dag.py:3239} INFO - Sync 1 DAGs
[2026-09-22T16:47:33.694+0200] {logging_mixin.py:190} INFO - [2026-09-22T16:47:33.694+0200] {dag.py:4180} INFO - Setting next_dagrun for example_local_kubernetes_executor to None, run_after=None
[2026-09-22T16:47:33.699+0200] {processor.py:208} INFO - Processing /Users/swarnalidatta/Desktop/AutoQueryChatbot/.airflow-venv/lib/python3.12/site-packages/airflow/example_dags/example_local_kubernetes_executor.py took 0.177 seconds
[2026-09-22T16:49:55.576+0200] {processor.py:186} INFO - Started process (PID=53583) to work on /Users/swarnalidatta/Desktop/AutoQueryChatbot/.airflow-venv/lib/python3.12/site-packages/airflow/example_dags/example_local_kubernetes_executor.py
[2026-09-22T16:49:55.578+0200] {processor.py:914} INFO - Processing file /Users/swarnalidatta/Desktop/AutoQueryChatbot/.airflow-venv/lib/python3.12/site-packages/airflow/example_dags/example_local_kubernetes_executor.py for tasks to queue
[2026-09-22T16:49:55.578+0200] {logging_mixin.py:190} INFO - [2026-09-22T16:49:55.578+0200] {dagbag.py:588} INFO - Filling up the DagBag from /Users/swarnalidatta/Desktop/AutoQueryChatbot/.airflow-venv/lib/python3.12/site-packages/airflow/example_dags/example_local_kubernetes_executor.py
[2026-09-22T16:49:55.683+0200] {processor.py:925} INFO - DAG(s) 'example_local_kubernetes_executor' retrieved from /Users/swarnalidatta/Desktop/AutoQueryChatbot/.airflow-venv/lib/python3.12/site-packages/airflow/example_dags/example_local_kubernetes_executor.py
[2026-09-22T16:49:55.721+0200] {logging_mixin.py:190} WARNING - /Users/swarnalidatta/Desktop/AutoQueryChatbot/.airflow-venv/lib/python3.12/site-packages/airflow/serialization/serialized_objects.py:1884 DeprecationWarning: This module is deprecated. The `cncf.kubernetes` provider before version 7.4.0 uses this module - you should migrate to a newer version of `cncf.kubernetes` to get rid of this warning. If you import the module via `airflow.kubernetes` import, please use `cncf.kubernetes' provider 7.4.0+ and switch all your imports to use `apache.airflow.providers.cncf.kubernetes` to get rid of the warning.
[2026-09-22T16:49:55.725+0200] {logging_mixin.py:190} INFO - [2026-09-22T16:49:55.725+0200] {dag.py:3239} INFO - Sync 1 DAGs
[2026-09-22T16:49:55.728+0200] {logging_mixin.py:190} INFO - [2026-09-22T16:49:55.728+0200] {dag.py:4180} INFO - Setting next_dagrun for example_local_kubernetes_executor to None, run_after=None
[2026-09-22T16:49:55.733+0200] {processor.py:208} INFO - Processing /Users/swarnalidatta/Desktop/AutoQueryChatbot/.airflow-venv/lib/python3.12/site-packages/airflow/example_dags/example_local_kubernetes_executor.py took 0.157 seconds
[2026-09-22T16:52:11.325+0200] {processor.py:186} INFO - Started process (PID=53893) to work on /Users/swarnalidatta/Desktop/AutoQueryChatbot/.airflow-venv/lib/python3.12/site-packages/airflow/example_dags/example_local_kubernetes_executor.py
[2026-09-22T16:52:11.326+0200] {processor.py:914} INFO - Processing file /Users/swarnalidatta/Desktop/AutoQueryChatbot/.airflow-venv/lib/python3.12/site-packages/airflow/example_dags/example_local_kubernetes_executor.py for tasks to queue
[2026-09-22T16:52:11.327+0200] {logging_mixin.py:190} INFO - [2026-09-22T16:52:11.326+0200] {dagbag.py:588} INFO - Filling up the DagBag from /Users/swarnalidatta/Desktop/AutoQueryChatbot/.airflow-venv/lib/python3.12/site-packages/airflow/example_dags/example_local_kubernetes_executor.py
[2026-09-22T16:52:11.432+0200] {processor.py:925} INFO - DAG(s) 'example_local_kubernetes_executor' retrieved from /Users/swarnalidatta/Desktop/AutoQueryChatbot/.airflow-venv/lib/python3.12/site-packages/airflow/example_dags/example_local_kubernetes_executor.py
[2026-09-22T16:52:11.469+0200] {logging_mixin.py:190} WARNING - /Users/swarnalidatta/Desktop/AutoQueryChatbot/.airflow-venv/lib/python3.12/site-packages/airflow/serialization/serialized_objects.py:1884 DeprecationWarning: This module is deprecated. The `cncf.kubernetes` provider before version 7.4.0 uses this module - you should migrate to a newer version of `cncf.kubernetes` to get rid of this warning. If you import the module via `airflow.kubernetes` import, please use `cncf.kubernetes' provider 7.4.0+ and switch all your imports to use `apache.airflow.providers.cncf.kubernetes` to get rid of the warning.
[2026-09-22T16:52:11.473+0200] {logging_mixin.py:190} INFO - [2026-09-22T16:52:11.473+0200] {dag.py:3239} INFO - Sync 1 DAGs
[2026-09-22T16:52:11.476+0200] {logging_mixin.py:190} INFO - [2026-09-22T16:52:11.476+0200] {dag.py:4180} INFO - Setting next_dagrun for example_local_kubernetes_executor to None, run_after=None
[2026-09-22T16:52:11.481+0200] {processor.py:208} INFO - Processing /Users/swarnalidatta/Desktop/AutoQueryChatbot/.airflow-venv/lib/python3.12/site-packages/airflow/example_dags/example_local_kubernetes_executor.py took 0.157 seconds
[2026-09-22T16:54:27.590+0200] {processor.py:186} INFO - Started process (PID=54214) to work on /Users/swarnalidatta/Desktop/AutoQueryChatbot/.airflow-venv/lib/python3.12/site-packages/airflow/example_dags/example_local_kubernetes_executor.py
[2026-09-22T16:54:27.591+0200] {processor.py:914} INFO - Processing file /Users/swarnalidatta/Desktop/AutoQueryChatbot/.airflow-venv/lib/python3.12/site-packages/airflow/example_dags/example_local_kubernetes_executor.py for tasks to queue
[2026-09-22T16:54:27.592+0200] {logging_mixin.py:190} INFO - [2026-09-22T16:54:27.592+0200] {dagbag.py:588} INFO - Filling up the DagBag from /Users/swarnalidatta/Desktop/AutoQueryChatbot/.airflow-venv/lib/python3.12/site-packages/airflow/example_dags/example_local_kubernetes_executor.py
[2026-09-22T16:54:27.700+0200] {processor.py:925} INFO - DAG(s) 'example_local_kubernetes_executor' retrieved from /Users/swarnalidatta/Desktop/AutoQueryChatbot/.airflow-venv/lib/python3.12/site-packages/airflow/example_dags/example_local_kubernetes_executor.py
[2026-09-22T16:54:27.738+0200] {logging_mixin.py:190} WARNING - /Users/swarnalidatta/Desktop/AutoQueryChatbot/.airflow-venv/lib/python3.12/site-packages/airflow/serialization/serialized_objects.py:1884 DeprecationWarning: This module is deprecated. The `cncf.kubernetes` provider before version 7.4.0 uses this module - you should migrate to a newer version of `cncf.kubernetes` to get rid of this warning. If you import the module via `airflow.kubernetes` import, please use `cncf.kubernetes' provider 7.4.0+ and switch all your imports to use `apache.airflow.providers.cncf.kubernetes` to get rid of the warning.
[2026-09-22T16:54:27.742+0200] {logging_mixin.py:190} INFO - [2026-09-22T16:54:27.742+0200] {dag.py:3239} INFO - Sync 1 DAGs
[2026-09-22T16:54:27.745+0200] {logging_mixin.py:190} INFO - [2026-09-22T16:54:27.744+0200] {dag.py:4180} INFO - Setting next_dagrun for example_local_kubernetes_executor to None, run_after=None
[2026-09-22T16:54:27.749+0200] {processor.py:208} INFO - Processing /Users/swarnalidatta/Desktop/AutoQueryChatbot/.airflow-venv/lib/python3.12/site-packages/airflow/example_dags/example_local_kubernetes_executor.py took 0.160 seconds
[2026-09-22T16:56:43.062+0200] {processor.py:186} INFO - Started process (PID=55720) to work on /Users/swarnalidatta/Desktop/AutoQueryChatbot/.airflow-venv/lib/python3.12/site-packages/airflow/example_dags/example_local_kubernetes_executor.py
[2026-09-22T16:56:43.062+0200] {processor.py:914} INFO - Processing file /Users/swarnalidatta/Desktop/AutoQueryChatbot/.airflow-venv/lib/python3.12/site-packages/airflow/example_dags/example_local_kubernetes_executor.py for tasks to queue
[2026-09-22T16:56:43.063+0200] {logging_mixin.py:190} INFO - [2026-09-22T16:56:43.063+0200] {dagbag.py:588} INFO - Filling up the DagBag from /Users/swarnalidatta/Desktop/AutoQueryChatbot/.airflow-venv/lib/python3.12/site-packages/airflow/example_dags/example_local_kubernetes_executor.py
[2026-09-22T16:56:43.165+0200] {processor.py:925} INFO - DAG(s) 'example_local_kubernetes_executor' retrieved from /Users/swarnalidatta/Desktop/AutoQueryChatbot/.airflow-venv/lib/python3.12/site-packages/airflow/example_dags/example_local_kubernetes_executor.py
[2026-09-22T16:56:43.201+0200] {logging_mixin.py:190} WARNING - /Users/swarnalidatta/Desktop/AutoQueryChatbot/.airflow-venv/lib/python3.12/site-packages/airflow/serialization/serialized_objects.py:1884 DeprecationWarning: This module is deprecated. The `cncf.kubernetes` provider before version 7.4.0 uses this module - you should migrate to a newer version of `cncf.kubernetes` to get rid of this warning. If you import the module via `airflow.kubernetes` import, please use `cncf.kubernetes' provider 7.4.0+ and switch all your imports to use `apache.airflow.providers.cncf.kubernetes` to get rid of the warning.
[2026-09-22T16:56:43.204+0200] {logging_mixin.py:190} INFO - [2026-09-22T16:56:43.204+0200] {dag.py:3239} INFO - Sync 1 DAGs
[2026-09-22T16:56:43.207+0200] {logging_mixin.py:190} INFO - [2026-09-22T16:56:43.207+0200] {dag.py:4180} INFO - Setting next_dagrun for example_local_kubernetes_executor to None, run_after=None
[2026-09-22T16:56:43.213+0200] {processor.py:208} INFO - Processing /Users/swarnalidatta/Desktop/AutoQueryChatbot/.airflow-venv/lib/python3.12/site-packages/airflow/example_dags/example_local_kubernetes_executor.py took 0.152 seconds
[2026-09-22T16:59:01.089+0200] {processor.py:186} INFO - Started process (PID=56035) to work on /Users/swarnalidatta/Desktop/AutoQueryChatbot/.airflow-venv/lib/python3.12/site-packages/airflow/example_dags/example_local_kubernetes_executor.py
[2026-09-22T16:59:01.090+0200] {processor.py:914} INFO - Processing file /Users/swarnalidatta/Desktop/AutoQueryChatbot/.airflow-venv/lib/python3.12/site-packages/airflow/example_dags/example_local_kubernetes_executor.py for tasks to queue
[2026-09-22T16:59:01.090+0200] {logging_mixin.py:190} INFO - [2026-09-22T16:59:01.090+0200] {dagbag.py:588} INFO - Filling up the DagBag from /Users/swarnalidatta/Desktop/AutoQueryChatbot/.airflow-venv/lib/python3.12/site-packages/airflow/example_dags/example_local_kubernetes_executor.py
[2026-09-22T16:59:01.193+0200] {processor.py:925} INFO - DAG(s) 'example_local_kubernetes_executor' retrieved from /Users/swarnalidatta/Desktop/AutoQueryChatbot/.airflow-venv/lib/python3.12/site-packages/airflow/example_dags/example_local_kubernetes_executor.py
[2026-09-22T16:59:01.229+0200] {logging_mixin.py:190} WARNING - /Users/swarnalidatta/Desktop/AutoQueryChatbot/.airflow-venv/lib/python3.12/site-packages/airflow/serialization/serialized_objects.py:1884 DeprecationWarning: This module is deprecated. The `cncf.kubernetes` provider before version 7.4.0 uses this module - you should migrate to a newer version of `cncf.kubernetes` to get rid of this warning. If you import the module via `airflow.kubernetes` import, please use `cncf.kubernetes' provider 7.4.0+ and switch all your imports to use `apache.airflow.providers.cncf.kubernetes` to get rid of the warning.
[2026-09-22T16:59:01.232+0200] {logging_mixin.py:190} INFO - [2026-09-22T16:59:01.232+0200] {dag.py:3239} INFO - Sync 1 DAGs
[2026-09-22T16:59:01.236+0200] {logging_mixin.py:190} INFO - [2026-09-22T16:59:01.235+0200] {dag.py:4180} INFO - Setting next_dagrun for example_local_kubernetes_executor to None, run_after=None
[2026-09-22T16:59:01.241+0200] {processor.py:208} INFO - Processing /Users/swarnalidatta/Desktop/AutoQueryChatbot/.airflow-venv/lib/python3.12/site-packages/airflow/example_dags/example_local_kubernetes_executor.py took 0.152 seconds
