[2026-09-22T03:43:48.394+0200] {processor.py:186} INFO - Started process (PID=10807) to work on /Users/swarnalidatta/Desktop/AutoQueryChatbot/.airflow-venv/lib/python3.12/site-packages/airflow/example_dags/tutorial_taskflow_templates.py
[2026-09-22T03:43:48.394+0200] {processor.py:914} INFO - Processing file /Users/swarnalidatta/Desktop/AutoQueryChatbot/.airflow-venv/lib/python3.12/site-packages/airflow/example_dags/tutorial_taskflow_templates.py for tasks to queue
[2026-09-22T03:43:48.395+0200] {logging_mixin.py:190} INFO - [2026-09-22T03:43:48.394+0200] {dagbag.py:588} INFO - Filling up the DagBag from /Users/swarnalidatta/Desktop/AutoQueryChatbot/.airflow-venv/lib/python3.12/site-packages/airflow/example_dags/tutorial_taskflow_templates.py
[2026-09-22T03:43:48.408+0200] {processor.py:925} INFO - DAG(s) 'tutorial_taskflow_templates' retrieved from /Users/swarnalidatta/Desktop/AutoQueryChatbot/.airflow-venv/lib/python3.12/site-packages/airflow/example_dags/tutorial_taskflow_templates.py
[2026-09-22T03:43:48.433+0200] {logging_mixin.py:190} INFO - [2026-09-22T03:43:48.432+0200] {dag.py:3239} INFO - Sync 1 DAGs
[2026-09-22T03:43:48.458+0200] {logging_mixin.py:190} INFO - [2026-09-22T03:43:48.458+0200] {dag.py:4180} INFO - Setting next_dagrun for tutorial_taskflow_templates to 2026-09-21 00:00:00+00:00, run_after=2026-09-22 00:00:00+00:00
[2026-09-22T03:43:48.463+0200] {processor.py:208} INFO - Processing /Users/swarnalidatta/Desktop/AutoQueryChatbot/.airflow-venv/lib/python3.12/site-packages/airflow/example_dags/tutorial_taskflow_templates.py took 0.070 seconds
[2026-09-22T07:45:59.896+0200] {processor.py:186} INFO - Started process (PID=11494) to work on /Users/swarnalidatta/Desktop/AutoQueryChatbot/.airflow-venv/lib/python3.12/site-packages/airflow/example_dags/tutorial_taskflow_templates.py
[2026-09-22T07:45:59.897+0200] {processor.py:914} INFO - Processing file /Users/swarnalidatta/Desktop/AutoQueryChatbot/.airflow-venv/lib/python3.12/site-packages/airflow/example_dags/tutorial_taskflow_templates.py for tasks to queue
[2026-09-22T07:45:59.897+0200] {logging_mixin.py:190} INFO - [2026-09-22T07:45:59.897+0200] {dagbag.py:588} INFO - Filling up the DagBag from /Users/swarnalidatta/Desktop/AutoQueryChatbot/.airflow-venv/lib/python3.12/site-packages/airflow/example_dags/tutorial_taskflow_templates.py
[2026-09-22T07:45:59.910+0200] {processor.py:925} INFO - DAG(s) 'tutorial_taskflow_templates' retrieved from /Users/swarnalidatta/Desktop/AutoQueryChatbot/.airflow-venv/lib/python3.12/site-packages/airflow/example_dags/tutorial_taskflow_templates.py
[2026-09-22T07:45:59.936+0200] {logging_mixin.py:190} INFO - [2026-09-22T07:45:59.936+0200] {dag.py:3239} INFO - Sync 1 DAGs
[2026-09-22T07:45:59.961+0200] {logging_mixin.py:190} INFO - [2026-09-22T07:45:59.961+0200] {dag.py:4180} INFO - Setting next_dagrun for tutorial_taskflow_templates to 2026-09-21 00:00:00+00:00, run_after=2026-09-22 00:00:00+00:00
[2026-09-22T07:45:59.966+0200] {processor.py:208} INFO - Processing /Users/swarnalidatta/Desktop/AutoQueryChatbot/.airflow-venv/lib/python3.12/site-packages/airflow/example_dags/tutorial_taskflow_templates.py took 0.071 seconds
[2026-09-22T10:54:13.639+0200] {processor.py:186} INFO - Started process (PID=11787) to work on /Users/swarnalidatta/Desktop/AutoQueryChatbot/.airflow-venv/lib/python3.12/site-packages/airflow/example_dags/tutorial_taskflow_templates.py
[2026-09-22T10:54:13.641+0200] {processor.py:914} INFO - Processing file /Users/swarnalidatta/Desktop/AutoQueryChatbot/.airflow-venv/lib/python3.12/site-packages/airflow/example_dags/tutorial_taskflow_templates.py for tasks to queue
[2026-09-22T10:54:13.641+0200] {logging_mixin.py:190} INFO - [2026-09-22T10:54:13.641+0200] {dagbag.py:588} INFO - Filling up the DagBag from /Users/swarnalidatta/Desktop/AutoQueryChatbot/.airflow-venv/lib/python3.12/site-packages/airflow/example_dags/tutorial_taskflow_templates.py
[2026-09-22T10:54:13.654+0200] {processor.py:925} INFO - DAG(s) 'tutorial_taskflow_templates' retrieved from /Users/swarnalidatta/Desktop/AutoQueryChatbot/.airflow-venv/lib/python3.12/site-packages/airflow/example_dags/tutorial_taskflow_templates.py
[2026-09-22T10:54:13.679+0200] {logging_mixin.py:190} INFO - [2026-09-22T10:54:13.679+0200] {dag.py:3239} INFO - Sync 1 DAGs
[2026-09-22T10:54:13.703+0200] {logging_mixin.py:190} INFO - [2026-09-22T10:54:13.703+0200] {dag.py:4180} INFO - Setting next_dagrun for tutorial_taskflow_templates to 2026-09-21 00:00:00+00:00, run_after=2026-09-22 00:00:00+00:00
[2026-09-22T10:54:13.708+0200] {processor.py:208} INFO - Processing /Users/swarnalidatta/Desktop/AutoQueryChatbot/.airflow-venv/lib/python3.12/site-packages/airflow/example_dags/tutorial_taskflow_templates.py took 0.070 seconds
[2026-09-22T11:18:36.688+0200] {processor.py:186} INFO - Started process (PID=12009) to work on /Users/swarnalidatta/Desktop/AutoQueryChatbot/.airflow-venv/lib/python3.12/site-packages/airflow/example_dags/tutorial_taskflow_templates.py
[2026-09-22T11:18:36.688+0200] {processor.py:914} INFO - Processing file /Users/swarnalidatta/Desktop/AutoQueryChatbot/.airflow-venv/lib/python3.12/site-packages/airflow/example_dags/tutorial_taskflow_templates.py for tasks to queue
[2026-09-22T11:18:36.689+0200] {logging_mixin.py:190} INFO - [2026-09-22T11:18:36.688+0200] {dagbag.py:588} INFO - Filling up the DagBag from /Users/swarnalidatta/Desktop/AutoQueryChatbot/.airflow-venv/lib/python3.12/site-packages/airflow/example_dags/tutorial_taskflow_templates.py
[2026-09-22T11:18:36.702+0200] {processor.py:925} INFO - DAG(s) 'tutorial_taskflow_templates' retrieved from /Users/swarnalidatta/Desktop/AutoQueryChatbot/.airflow-venv/lib/python3.12/site-packages/airflow/example_dags/tutorial_taskflow_templates.py
[2026-09-22T11:18:36.727+0200] {logging_mixin.py:190} INFO - [2026-09-22T11:18:36.727+0200] {dag.py:3239} INFO - Sync 1 DAGs
[2026-09-22T11:18:36.752+0200] {logging_mixin.py:190} INFO - [2026-09-22T11:18:36.752+0200] {dag.py:4180} INFO - Setting next_dagrun for tutorial_taskflow_templates to 2026-09-21 00:00:00+00:00, run_after=2026-09-22 00:00:00+00:00
[2026-09-22T11:18:36.757+0200] {processor.py:208} INFO - Processing /Users/swarnalidatta/Desktop/AutoQueryChatbot/.airflow-venv/lib/python3.12/site-packages/airflow/example_dags/tutorial_taskflow_templates.py took 0.070 seconds
[2026-09-22T11:19:36.354+0200] {processor.py:186} INFO - Started process (PID=12142) to work on /Users/swarnalidatta/Desktop/AutoQueryChatbot/.airflow-venv/lib/python3.12/site-packages/airflow/example_dags/tutorial_taskflow_templates.py
[2026-09-22T11:19:36.355+0200] {processor.py:914} INFO - Processing file /Users/swarnalidatta/Desktop/AutoQueryChatbot/.airflow-venv/lib/python3.12/site-packages/airflow/example_dags/tutorial_taskflow_templates.py for tasks to queue
[2026-09-22T11:19:36.355+0200] {logging_mixin.py:190} INFO - [2026-09-22T11:19:36.355+0200] {dagbag.py:588} INFO - Filling up the DagBag from /Users/swarnalidatta/Desktop/AutoQueryChatbot/.airflow-venv/lib/python3.12/site-packages/airflow/example_dags/tutorial_taskflow_templates.py
[2026-09-22T11:19:36.368+0200] {processor.py:925} INFO - DAG(s) 'tutorial_taskflow_templates' retrieved from /Users/swarnalidatta/Desktop/AutoQueryChatbot/.airflow-venv/lib/python3.12/site-packages/airflow/example_dags/tutorial_taskflow_templates.py
[2026-09-22T11:19:36.393+0200] {logging_mixin.py:190} INFO - [2026-09-22T11:19:36.393+0200] {dag.py:3239} INFO - Sync 1 DAGs
[2026-09-22T11:19:36.419+0200] {logging_mixin.py:190} INFO - [2026-09-22T11:19:36.419+0200] {dag.py:4180} INFO - Setting next_dagrun for tutorial_taskflow_templates to 2026-09-21 00:00:00+00:00, run_after=2026-09-22 00:00:00+00:00
[2026-09-22T11:19:36.424+0200] {processor.py:208} INFO - Processing /Users/swarnalidatta/Desktop/AutoQueryChatbot/.airflow-venv/lib/python3.12/site-packages/airflow/example_dags/tutorial_taskflow_templates.py took 0.071 seconds
[2026-09-22T11:37:29.051+0200] {processor.py:186} INFO - Started process (PID=12297) to work on /Users/swarnalidatta/Desktop/AutoQueryChatbot/.airflow-venv/lib/python3.12/site-packages/airflow/example_dags/tutorial_taskflow_templates.py
[2026-09-22T11:37:29.052+0200] {processor.py:914} INFO - Processing file /Users/swarnalidatta/Desktop/AutoQueryChatbot/.airflow-venv/lib/python3.12/site-packages/airflow/example_dags/tutorial_taskflow_templates.py for tasks to queue
[2026-09-22T11:37:29.052+0200] {logging_mixin.py:190} INFO - [2026-09-22T11:37:29.052+0200] {dagbag.py:588} INFO - Filling up the DagBag from /Users/swarnalidatta/Desktop/AutoQueryChatbot/.airflow-venv/lib/python3.12/site-packages/airflow/example_dags/tutorial_taskflow_templates.py
[2026-09-22T11:37:29.065+0200] {processor.py:925} INFO - DAG(s) 'tutorial_taskflow_templates' retrieved from /Users/swarnalidatta/Desktop/AutoQueryChatbot/.airflow-venv/lib/python3.12/site-packages/airflow/example_dags/tutorial_taskflow_templates.py
[2026-09-22T11:37:29.091+0200] {logging_mixin.py:190} INFO - [2026-09-22T11:37:29.091+0200] {dag.py:3239} INFO - Sync 1 DAGs
[2026-09-22T11:37:29.116+0200] {logging_mixin.py:190} INFO - [2026-09-22T11:37:29.116+0200] {dag.py:4180} INFO - Setting next_dagrun for tutorial_taskflow_templates to 2026-09-21 00:00:00+00:00, run_after=2026-09-22 00:00:00+00:00
[2026-09-22T11:37:29.121+0200] {processor.py:208} INFO - Processing /Users/swarnalidatta/Desktop/AutoQueryChatbot/.airflow-venv/lib/python3.12/site-packages/airflow/example_dags/tutorial_taskflow_templates.py took 0.070 seconds
[2026-09-22T12:35:31.288+0200] {processor.py:186} INFO - Started process (PID=12464) to work on /Users/swarnalidatta/Desktop/AutoQueryChatbot/.airflow-venv/lib/python3.12/site-packages/airflow/example_dags/tutorial_taskflow_templates.py
[2026-09-22T12:35:31.289+0200] {processor.py:914} INFO - Processing file /Users/swarnalidatta/Desktop/AutoQueryChatbot/.airflow-venv/lib/python3.12/site-packages/airflow/example_dags/tutorial_taskflow_templates.py for tasks to queue
[2026-09-22T12:35:31.289+0200] {logging_mixin.py:190} INFO - [2026-09-22T12:35:31.289+0200] {dagbag.py:588} INFO - Filling up the DagBag from /Users/swarnalidatta/Desktop/AutoQueryChatbot/.airflow-venv/lib/python3.12/site-packages/airflow/example_dags/tutorial_taskflow_templates.py
[2026-09-22T12:35:31.302+0200] {processor.py:925} INFO - DAG(s) 'tutorial_taskflow_templates' retrieved from /Users/swarnalidatta/Desktop/AutoQueryChatbot/.airflow-venv/lib/python3.12/site-packages/airflow/example_dags/tutorial_taskflow_templates.py
[2026-09-22T12:35:31.327+0200] {logging_mixin.py:190} INFO - [2026-09-22T12:35:31.327+0200] {dag.py:3239} INFO - Sync 1 DAGs
[2026-09-22T12:35:31.352+0200] {logging_mixin.py:190} INFO - [2026-09-22T12:35:31.352+0200] {dag.py:4180} INFO - Setting next_dagrun for tutorial_taskflow_templates to 2026-09-21 00:00:00+00:00, run_after=2026-09-22 00:00:00+00:00
[2026-09-22T12:35:31.357+0200] {processor.py:208} INFO - Processing /Users/swarnalidatta/Desktop/AutoQueryChatbot/.airflow-venv/lib/python3.12/site-packages/airflow/example_dags/tutorial_taskflow_templates.py took 0.070 seconds
[2026-09-22T12:36:35.740+0200] {processor.py:186} INFO - Started process (PID=12615) to work on /Users/swarnalidatta/Desktop/AutoQueryChatbot/.airflow-venv/lib/python3.12/site-packages/airflow/example_dags/tutorial_taskflow_templates.py
[2026-09-22T12:36:35.741+0200] {processor.py:914} INFO - Processing file /Users/swarnalidatta/Desktop/AutoQueryChatbot/.airflow-venv/lib/python3.12/site-packages/airflow/example_dags/tutorial_taskflow_templates.py for tasks to queue
[2026-09-22T12:36:35.741+0200] {logging_mixin.py:190} INFO - [2026-09-22T12:36:35.741+0200] {dagbag.py:588} INFO - Filling up the DagBag from /Users/swarnalidatta/Desktop/AutoQueryChatbot/.airflow-venv/lib/python3.12/site-packages/airflow/example_dags/tutorial_taskflow_templates.py
[2026-09-22T12:36:35.754+0200] {processor.py:925} INFO - DAG(s) 'tutorial_taskflow_templates' retrieved from /Users/swarnalidatta/Desktop/AutoQueryChatbot/.airflow-venv/lib/python3.12/site-packages/airflow/example_dags/tutorial_taskflow_templates.py
[2026-09-22T12:36:35.780+0200] {logging_mixin.py:190} INFO - [2026-09-22T12:36:35.780+0200] {dag.py:3239} INFO - Sync 1 DAGs
[2026-09-22T12:36:35.805+0200] {logging_mixin.py:190} INFO - [2026-09-22T12:36:35.805+0200] {dag.py:4180} INFO - Setting next_dagrun for tutorial_taskflow_templates to 2026-09-21 00:00:00+00:00, run_after=2026-09-22 00:00:00+00:00
[2026-09-22T12:36:35.810+0200] {processor.py:208} INFO - Processing /Users/swarnalidatta/Desktop/AutoQueryChatbot/.airflow-venv/lib/python3.12/site-packages/airflow/example_dags/tutorial_taskflow_templates.py took 0.071 seconds
[2026-09-22T12:37:41.249+0200] {processor.py:186} INFO - Started process (PID=13154) to work on /Users/swarnalidatta/Desktop/AutoQueryChatbot/.airflow-venv/lib/python3.12/site-packages/airflow/example_dags/tutorial_taskflow_templates.py
[2026-09-22T12:37:41.250+0200] {processor.py:914} INFO - Processing file /Users/swarnalidatta/Desktop/AutoQueryChatbot/.airflow-venv/lib/python3.12/site-packages/airflow/example_dags/tutorial_taskflow_templates.py for tasks to queue
[2026-09-22T12:37:41.250+0200] {logging_mixin.py:190} INFO - [2026-09-22T12:37:41.250+0200] {dagbag.py:588} INFO - Filling up the DagBag from /Users/swarnalidatta/Desktop/AutoQueryChatbot/.airflow-venv/lib/python3.12/site-packages/airflow/example_dags/tutorial_taskflow_templates.py
[2026-09-22T12:37:41.263+0200] {processor.py:925} INFO - DAG(s) 'tutorial_taskflow_templates' retrieved from /Users/swarnalidatta/Desktop/AutoQueryChatbot/.airflow-venv/lib/python3.12/site-packages/airflow/example_dags/tutorial_taskflow_templates.py
[2026-09-22T12:37:41.289+0200] {logging_mixin.py:190} INFO - [2026-09-22T12:37:41.289+0200] {dag.py:3239} INFO - Sync 1 DAGs
[2026-09-22T12:37:41.315+0200] {logging_mixin.py:190} INFO - [2026-09-22T12:37:41.315+0200] {dag.py:4180} INFO - Setting next_dagrun for tutorial_taskflow_templates to 2026-09-21 00:00:00+00:00, run_after=2026-09-22 00:00:00+00:00
[2026-09-22T12:37:41.320+0200] {processor.py:208} INFO - Processing /Users/swarnalidatta/Desktop/AutoQueryChatbot/.airflow-venv/lib/python3.12/site-packages/airflow/example_dags/tutorial_taskflow_templates.py took 0.072 seconds
[2026-09-22T12:38:47.360+0200] {processor.py:186} INFO - Started process (PID=13303) to work on /Users/swarnalidatta/Desktop/AutoQueryChatbot/.airflow-venv/lib/python3.12/site-packages/airflow/example_dags/tutorial_taskflow_templates.py
[2026-09-22T12:38:47.360+0200] {processor.py:914} INFO - Processing file /Users/swarnalidatta/Desktop/AutoQueryChatbot/.airflow-venv/lib/python3.12/site-packages/airflow/example_dags/tutorial_taskflow_templates.py for tasks to queue
[2026-09-22T12:38:47.360+0200] {logging_mixin.py:190} INFO - [2026-09-22T12:38:47.360+0200] {dagbag.py:588} INFO - Filling up the DagBag from /Users/swarnalidatta/Desktop/AutoQueryChatbot/.airflow-venv/lib/python3.12/site-packages/airflow/example_dags/tutorial_taskflow_templates.py
[2026-09-22T12:38:47.374+0200] {processor.py:925} INFO - DAG(s) 'tutorial_taskflow_templates' retrieved from /Users/swarnalidatta/Desktop/AutoQueryChatbot/.airflow-venv/lib/python3.12/site-packages/airflow/example_dags/tutorial_taskflow_templates.py
[2026-09-22T12:38:47.400+0200] {logging_mixin.py:190} INFO - [2026-09-22T12:38:47.400+0200] {dag.py:3239} INFO - Sync 1 DAGs
[2026-09-22T12:38:47.426+0200] {logging_mixin.py:190} INFO - [2026-09-22T12:38:47.426+0200] {dag.py:4180} INFO - Setting next_dagrun for tutorial_taskflow_templates to 2026-09-21 00:00:00+00:00, run_after=2026-09-22 00:00:00+00:00
[2026-09-22T12:38:47.431+0200] {processor.py:208} INFO - Processing /Users/swarnalidatta/Desktop/AutoQueryChatbot/.airflow-venv/lib/python3.12/site-packages/airflow/example_dags/tutorial_taskflow_templates.py took 0.073 seconds
[2026-09-22T12:39:52.180+0200] {processor.py:186} INFO - Started process (PID=13461) to work on /Users/swarnalidatta/Desktop/AutoQueryChatbot/.airflow-venv/lib/python3.12/site-packages/airflow/example_dags/tutorial_taskflow_templates.py
[2026-09-22T12:39:52.181+0200] {processor.py:914} INFO - Processing file /Users/swarnalidatta/Desktop/AutoQueryChatbot/.airflow-venv/lib/python3.12/site-packages/airflow/example_dags/tutorial_taskflow_templates.py for tasks to queue
[2026-09-22T12:39:52.181+0200] {logging_mixin.py:190} INFO - [2026-09-22T12:39:52.181+0200] {dagbag.py:588} INFO - Filling up the DagBag from /Users/swarnalidatta/Desktop/AutoQueryChatbot/.airflow-venv/lib/python3.12/site-packages/airflow/example_dags/tutorial_taskflow_templates.py
[2026-09-22T12:39:52.195+0200] {processor.py:925} INFO - DAG(s) 'tutorial_taskflow_templates' retrieved from /Users/swarnalidatta/Desktop/AutoQueryChatbot/.airflow-venv/lib/python3.12/site-packages/airflow/example_dags/tutorial_taskflow_templates.py
[2026-09-22T12:39:52.221+0200] {logging_mixin.py:190} INFO - [2026-09-22T12:39:52.221+0200] {dag.py:3239} INFO - Sync 1 DAGs
[2026-09-22T12:39:52.249+0200] {logging_mixin.py:190} INFO - [2026-09-22T12:39:52.249+0200] {dag.py:4180} INFO - Setting next_dagrun for tutorial_taskflow_templates to 2026-09-21 00:00:00+00:00, run_after=2026-09-22 00:00:00+00:00
[2026-09-22T12:39:52.254+0200] {processor.py:208} INFO - Processing /Users/swarnalidatta/Desktop/AutoQueryChatbot/.airflow-venv/lib/python3.12/site-packages/airflow/example_dags/tutorial_taskflow_templates.py took 0.075 seconds
[2026-09-22T12:40:55.405+0200] {processor.py:186} INFO - Started process (PID=13807) to work on /Users/swarnalidatta/Desktop/AutoQueryChatbot/.airflow-venv/lib/python3.12/site-packages/airflow/example_dags/tutorial_taskflow_templates.py
[2026-09-22T12:40:55.406+0200] {processor.py:914} INFO - Processing file /Users/swarnalidatta/Desktop/AutoQueryChatbot/.airflow-venv/lib/python3.12/site-packages/airflow/example_dags/tutorial_taskflow_templates.py for tasks to queue
[2026-09-22T12:40:55.406+0200] {logging_mixin.py:190} INFO - [2026-09-22T12:40:55.406+0200] {dagbag.py:588} INFO - Filling up the DagBag from /Users/swarnalidatta/Desktop/AutoQueryChatbot/.airflow-venv/lib/python3.12/site-packages/airflow/example_dags/tutorial_taskflow_templates.py
[2026-09-22T12:40:55.421+0200] {processor.py:925} INFO - DAG(s) 'tutorial_taskflow_templates' retrieved from /Users/swarnalidatta/Desktop/AutoQueryChatbot/.airflow-venv/lib/python3.12/site-packages/airflow/example_dags/tutorial_taskflow_templates.py
[2026-09-22T12:40:55.449+0200] {logging_mixin.py:190} INFO - [2026-09-22T12:40:55.448+0200] {dag.py:3239} INFO - Sync 1 DAGs
[2026-09-22T12:40:55.476+0200] {logging_mixin.py:190} INFO - [2026-09-22T12:40:55.476+0200] {dag.py:4180} INFO - Setting next_dagrun for tutorial_taskflow_templates to 2026-09-21 00:00:00+00:00, run_after=2026-09-22 00:00:00+00:00
[2026-09-22T12:40:55.481+0200] {processor.py:208} INFO - Processing /Users/swarnalidatta/Desktop/AutoQueryChatbot/.airflow-venv/lib/python3.12/site-packages/airflow/example_dags/tutorial_taskflow_templates.py took 0.077 seconds
[2026-09-22T12:42:01.719+0200] {processor.py:186} INFO - Started process (PID=13959) to work on /Users/swarnalidatta/Desktop/AutoQueryChatbot/.airflow-venv/lib/python3.12/site-packages/airflow/example_dags/tutorial_taskflow_templates.py
[2026-09-22T12:42:01.720+0200] {processor.py:914} INFO - Processing file /Users/swarnalidatta/Desktop/AutoQueryChatbot/.airflow-venv/lib/python3.12/site-packages/airflow/example_dags/tutorial_taskflow_templates.py for tasks to queue
[2026-09-22T12:42:01.720+0200] {logging_mixin.py:190} INFO - [2026-09-22T12:42:01.720+0200] {dagbag.py:588} INFO - Filling up the DagBag from /Users/swarnalidatta/Desktop/AutoQueryChatbot/.airflow-venv/lib/python3.12/site-packages/airflow/example_dags/tutorial_taskflow_templates.py
[2026-09-22T12:42:01.733+0200] {processor.py:925} INFO - DAG(s) 'tutorial_taskflow_templates' retrieved from /Users/swarnalidatta/Desktop/AutoQueryChatbot/.airflow-venv/lib/python3.12/site-packages/airflow/example_dags/tutorial_taskflow_templates.py
[2026-09-22T12:42:01.760+0200] {logging_mixin.py:190} INFO - [2026-09-22T12:42:01.760+0200] {dag.py:3239} INFO - Sync 1 DAGs
[2026-09-22T12:42:01.786+0200] {logging_mixin.py:190} INFO - [2026-09-22T12:42:01.786+0200] {dag.py:4180} INFO - Setting next_dagrun for tutorial_taskflow_templates to 2026-09-21 00:00:00+00:00, run_after=2026-09-22 00:00:00+00:00
[2026-09-22T12:42:01.791+0200] {processor.py:208} INFO - Processing /Users/swarnalidatta/Desktop/AutoQueryChatbot/.airflow-venv/lib/python3.12/site-packages/airflow/example_dags/tutorial_taskflow_templates.py took 0.073 seconds
[2026-09-22T12:43:09.916+0200] {processor.py:186} INFO - Started process (PID=14315) to work on /Users/swarnalidatta/Desktop/AutoQueryChatbot/.airflow-venv/lib/python3.12/site-packages/airflow/example_dags/tutorial_taskflow_templates.py
[2026-09-22T12:43:09.917+0200] {processor.py:914} INFO - Processing file /Users/swarnalidatta/Desktop/AutoQueryChatbot/.airflow-venv/lib/python3.12/site-packages/airflow/example_dags/tutorial_taskflow_templates.py for tasks to queue
[2026-09-22T12:43:09.917+0200] {logging_mixin.py:190} INFO - [2026-09-22T12:43:09.917+0200] {dagbag.py:588} INFO - Filling up the DagBag from /Users/swarnalidatta/Desktop/AutoQueryChatbot/.airflow-venv/lib/python3.12/site-packages/airflow/example_dags/tutorial_taskflow_templates.py
[2026-09-22T12:43:09.930+0200] {processor.py:925} INFO - DAG(s) 'tutorial_taskflow_templates' retrieved from /Users/swarnalidatta/Desktop/AutoQueryChatbot/.airflow-venv/lib/python3.12/site-packages/airflow/example_dags/tutorial_taskflow_templates.py
[2026-09-22T12:43:09.957+0200] {logging_mixin.py:190} INFO - [2026-09-22T12:43:09.956+0200] {dag.py:3239} INFO - Sync 1 DAGs
[2026-09-22T12:43:09.982+0200] {logging_mixin.py:190} INFO - [2026-09-22T12:43:09.982+0200] {dag.py:4180} INFO - Setting next_dagrun for tutorial_taskflow_templates to 2026-09-21 00:00:00+00:00, run_after=2026-09-22 00:00:00+00:00
[2026-09-22T12:43:09.987+0200] {processor.py:208} INFO - Processing /Users/swarnalidatta/Desktop/AutoQueryChatbot/.airflow-venv/lib/python3.12/site-packages/airflow/example_dags/tutorial_taskflow_templates.py took 0.072 seconds
[2026-09-22T12:44:16.864+0200] {processor.py:186} INFO - Started process (PID=14470) to work on /Users/swarnalidatta/Desktop/AutoQueryChatbot/.airflow-venv/lib/python3.12/site-packages/airflow/example_dags/tutorial_taskflow_templates.py
[2026-09-22T12:44:16.865+0200] {processor.py:914} INFO - Processing file /Users/swarnalidatta/Desktop/AutoQueryChatbot/.airflow-venv/lib/python3.12/site-packages/airflow/example_dags/tutorial_taskflow_templates.py for tasks to queue
[2026-09-22T12:44:16.865+0200] {logging_mixin.py:190} INFO - [2026-09-22T12:44:16.865+0200] {dagbag.py:588} INFO - Filling up the DagBag from /Users/swarnalidatta/Desktop/AutoQueryChatbot/.airflow-venv/lib/python3.12/site-packages/airflow/example_dags/tutorial_taskflow_templates.py
[2026-09-22T12:44:16.878+0200] {processor.py:925} INFO - DAG(s) 'tutorial_taskflow_templates' retrieved from /Users/swarnalidatta/Desktop/AutoQueryChatbot/.airflow-venv/lib/python3.12/site-packages/airflow/example_dags/tutorial_taskflow_templates.py
[2026-09-22T12:44:16.903+0200] {logging_mixin.py:190} INFO - [2026-09-22T12:44:16.903+0200] {dag.py:3239} INFO - Sync 1 DAGs
[2026-09-22T12:44:16.928+0200] {logging_mixin.py:190} INFO - [2026-09-22T12:44:16.928+0200] {dag.py:4180} INFO - Setting next_dagrun for tutorial_taskflow_templates to 2026-09-21 00:00:00+00:00, run_after=2026-09-22 00:00:00+00:00
[2026-09-22T12:44:16.933+0200] {processor.py:208} INFO - Processing /Users/swarnalidatta/Desktop/AutoQueryChatbot/.airflow-venv/lib/python3.12/site-packages/airflow/example_dags/tutorial_taskflow_templates.py took 0.070 seconds
[2026-09-22T12:45:23.058+0200] {processor.py:186} INFO - Started process (PID=14621) to work on /Users/swarnalidatta/Desktop/AutoQueryChatbot/.airflow-venv/lib/python3.12/site-packages/airflow/example_dags/tutorial_taskflow_templates.py
[2026-09-22T12:45:23.059+0200] {processor.py:914} INFO - Processing file /Users/swarnalidatta/Desktop/AutoQueryChatbot/.airflow-venv/lib/python3.12/site-packages/airflow/example_dags/tutorial_taskflow_templates.py for tasks to queue
[2026-09-22T12:45:23.059+0200] {logging_mixin.py:190} INFO - [2026-09-22T12:45:23.059+0200] {dagbag.py:588} INFO - Filling up the DagBag from /Users/swarnalidatta/Desktop/AutoQueryChatbot/.airflow-venv/lib/python3.12/site-packages/airflow/example_dags/tutorial_taskflow_templates.py
[2026-09-22T12:45:23.072+0200] {processor.py:925} INFO - DAG(s) 'tutorial_taskflow_templates' retrieved from /Users/swarnalidatta/Desktop/AutoQueryChatbot/.airflow-venv/lib/python3.12/site-packages/airflow/example_dags/tutorial_taskflow_templates.py
[2026-09-22T12:45:23.098+0200] {logging_mixin.py:190} INFO - [2026-09-22T12:45:23.098+0200] {dag.py:3239} INFO - Sync 1 DAGs
[2026-09-22T12:45:23.124+0200] {logging_mixin.py:190} INFO - [2026-09-22T12:45:23.124+0200] {dag.py:4180} INFO - Setting next_dagrun for tutorial_taskflow_templates to 2026-09-21 00:00:00+00:00, run_after=2026-09-22 00:00:00+00:00
[2026-09-22T12:45:23.129+0200] {processor.py:208} INFO - Processing /Users/swarnalidatta/Desktop/AutoQueryChatbot/.airflow-venv/lib/python3.12/site-packages/airflow/example_dags/tutorial_taskflow_templates.py took 0.071 seconds
[2026-09-22T12:46:29.174+0200] {processor.py:186} INFO - Started process (PID=14768) to work on /Users/swarnalidatta/Desktop/AutoQueryChatbot/.airflow-venv/lib/python3.12/site-packages/airflow/example_dags/tutorial_taskflow_templates.py
[2026-09-22T12:46:29.174+0200] {processor.py:914} INFO - Processing file /Users/swarnalidatta/Desktop/AutoQueryChatbot/.airflow-venv/lib/python3.12/site-packages/airflow/example_dags/tutorial_taskflow_templates.py for tasks to queue
[2026-09-22T12:46:29.175+0200] {logging_mixin.py:190} INFO - [2026-09-22T12:46:29.175+0200] {dagbag.py:588} INFO - Filling up the DagBag from /Users/swarnalidatta/Desktop/AutoQueryChatbot/.airflow-venv/lib/python3.12/site-packages/airflow/example_dags/tutorial_taskflow_templates.py
[2026-09-22T12:46:29.188+0200] {processor.py:925} INFO - DAG(s) 'tutorial_taskflow_templates' retrieved from /Users/swarnalidatta/Desktop/AutoQueryChatbot/.airflow-venv/lib/python3.12/site-packages/airflow/example_dags/tutorial_taskflow_templates.py
[2026-09-22T12:46:29.213+0200] {logging_mixin.py:190} INFO - [2026-09-22T12:46:29.213+0200] {dag.py:3239} INFO - Sync 1 DAGs
[2026-09-22T12:46:29.238+0200] {logging_mixin.py:190} INFO - [2026-09-22T12:46:29.238+0200] {dag.py:4180} INFO - Setting next_dagrun for tutorial_taskflow_templates to 2026-09-21 00:00:00+00:00, run_after=2026-09-22 00:00:00+00:00
[2026-09-22T12:46:29.243+0200] {processor.py:208} INFO - Processing /Users/swarnalidatta/Desktop/AutoQueryChatbot/.airflow-venv/lib/python3.12/site-packages/airflow/example_dags/tutorial_taskflow_templates.py took 0.070 seconds
[2026-09-22T12:47:34.967+0200] {processor.py:186} INFO - Started process (PID=14914) to work on /Users/swarnalidatta/Desktop/AutoQueryChatbot/.airflow-venv/lib/python3.12/site-packages/airflow/example_dags/tutorial_taskflow_templates.py
[2026-09-22T12:47:34.967+0200] {processor.py:914} INFO - Processing file /Users/swarnalidatta/Desktop/AutoQueryChatbot/.airflow-venv/lib/python3.12/site-packages/airflow/example_dags/tutorial_taskflow_templates.py for tasks to queue
[2026-09-22T12:47:34.967+0200] {logging_mixin.py:190} INFO - [2026-09-22T12:47:34.967+0200] {dagbag.py:588} INFO - Filling up the DagBag from /Users/swarnalidatta/Desktop/AutoQueryChatbot/.airflow-venv/lib/python3.12/site-packages/airflow/example_dags/tutorial_taskflow_templates.py
[2026-09-22T12:47:34.981+0200] {processor.py:925} INFO - DAG(s) 'tutorial_taskflow_templates' retrieved from /Users/swarnalidatta/Desktop/AutoQueryChatbot/.airflow-venv/lib/python3.12/site-packages/airflow/example_dags/tutorial_taskflow_templates.py
[2026-09-22T12:47:35.007+0200] {logging_mixin.py:190} INFO - [2026-09-22T12:47:35.007+0200] {dag.py:3239} INFO - Sync 1 DAGs
[2026-09-22T12:47:35.032+0200] {logging_mixin.py:190} INFO - [2026-09-22T12:47:35.032+0200] {dag.py:4180} INFO - Setting next_dagrun for tutorial_taskflow_templates to 2026-09-21 00:00:00+00:00, run_after=2026-09-22 00:00:00+00:00
[2026-09-22T12:47:35.037+0200] {processor.py:208} INFO - Processing /Users/swarnalidatta/Desktop/AutoQueryChatbot/.airflow-venv/lib/python3.12/site-packages/airflow/example_dags/tutorial_taskflow_templates.py took 0.072 seconds
[2026-09-22T12:48:40.280+0200] {processor.py:186} INFO - Started process (PID=15072) to work on /Users/swarnalidatta/Desktop/AutoQueryChatbot/.airflow-venv/lib/python3.12/site-packages/airflow/example_dags/tutorial_taskflow_templates.py
[2026-09-22T12:48:40.281+0200] {processor.py:914} INFO - Processing file /Users/swarnalidatta/Desktop/AutoQueryChatbot/.airflow-venv/lib/python3.12/site-packages/airflow/example_dags/tutorial_taskflow_templates.py for tasks to queue
[2026-09-22T12:48:40.281+0200] {logging_mixin.py:190} INFO - [2026-09-22T12:48:40.281+0200] {dagbag.py:588} INFO - Filling up the DagBag from /Users/swarnalidatta/Desktop/AutoQueryChatbot/.airflow-venv/lib/python3.12/site-packages/airflow/example_dags/tutorial_taskflow_templates.py
[2026-09-22T12:48:40.294+0200] {processor.py:925} INFO - DAG(s) 'tutorial_taskflow_templates' retrieved from /Users/swarnalidatta/Desktop/AutoQueryChatbot/.airflow-venv/lib/python3.12/site-packages/airflow/example_dags/tutorial_taskflow_templates.py
[2026-09-22T12:48:40.320+0200] {logging_mixin.py:190} INFO - [2026-09-22T12:48:40.320+0200] {dag.py:3239} INFO - Sync 1 DAGs
[2026-09-22T12:48:40.345+0200] {logging_mixin.py:190} INFO - [2026-09-22T12:48:40.345+0200] {dag.py:4180} INFO - Setting next_dagrun for tutorial_taskflow_templates to 2026-09-21 00:00:00+00:00, run_after=2026-09-22 00:00:00+00:00
[2026-09-22T12:48:40.350+0200] {processor.py:208} INFO - Processing /Users/swarnalidatta/Desktop/AutoQueryChatbot/.airflow-venv/lib/python3.12/site-packages/airflow/example_dags/tutorial_taskflow_templates.py took 0.071 seconds
[2026-09-22T12:49:45.300+0200] {processor.py:186} INFO - Started process (PID=15219) to work on /Users/swarnalidatta/Desktop/AutoQueryChatbot/.airflow-venv/lib/python3.12/site-packages/airflow/example_dags/tutorial_taskflow_templates.py
[2026-09-22T12:49:45.301+0200] {processor.py:914} INFO - Processing file /Users/swarnalidatta/Desktop/AutoQueryChatbot/.airflow-venv/lib/python3.12/site-packages/airflow/example_dags/tutorial_taskflow_templates.py for tasks to queue
[2026-09-22T12:49:45.301+0200] {logging_mixin.py:190} INFO - [2026-09-22T12:49:45.301+0200] {dagbag.py:588} INFO - Filling up the DagBag from /Users/swarnalidatta/Desktop/AutoQueryChatbot/.airflow-venv/lib/python3.12/site-packages/airflow/example_dags/tutorial_taskflow_templates.py
[2026-09-22T12:49:45.314+0200] {processor.py:925} INFO - DAG(s) 'tutorial_taskflow_templates' retrieved from /Users/swarnalidatta/Desktop/AutoQueryChatbot/.airflow-venv/lib/python3.12/site-packages/airflow/example_dags/tutorial_taskflow_templates.py
[2026-09-22T12:49:45.340+0200] {logging_mixin.py:190} INFO - [2026-09-22T12:49:45.339+0200] {dag.py:3239} INFO - Sync 1 DAGs
[2026-09-22T12:49:45.364+0200] {logging_mixin.py:190} INFO - [2026-09-22T12:49:45.364+0200] {dag.py:4180} INFO - Setting next_dagrun for tutorial_taskflow_templates to 2026-09-21 00:00:00+00:00, run_after=2026-09-22 00:00:00+00:00
[2026-09-22T12:49:45.369+0200] {processor.py:208} INFO - Processing /Users/swarnalidatta/Desktop/AutoQueryChatbot/.airflow-venv/lib/python3.12/site-packages/airflow/example_dags/tutorial_taskflow_templates.py took 0.070 seconds
[2026-09-22T12:50:48.362+0200] {processor.py:186} INFO - Started process (PID=15367) to work on /Users/swarnalidatta/Desktop/AutoQueryChatbot/.airflow-venv/lib/python3.12/site-packages/airflow/example_dags/tutorial_taskflow_templates.py
[2026-09-22T12:50:48.363+0200] {processor.py:914} INFO - Processing file /Users/swarnalidatta/Desktop/AutoQueryChatbot/.airflow-venv/lib/python3.12/site-packages/airflow/example_dags/tutorial_taskflow_templates.py for tasks to queue
[2026-09-22T12:50:48.363+0200] {logging_mixin.py:190} INFO - [2026-09-22T12:50:48.363+0200] {dagbag.py:588} INFO - Filling up the DagBag from /Users/swarnalidatta/Desktop/AutoQueryChatbot/.airflow-venv/lib/python3.12/site-packages/airflow/example_dags/tutorial_taskflow_templates.py
[2026-09-22T12:50:48.376+0200] {processor.py:925} INFO - DAG(s) 'tutorial_taskflow_templates' retrieved from /Users/swarnalidatta/Desktop/AutoQueryChatbot/.airflow-venv/lib/python3.12/site-packages/airflow/example_dags/tutorial_taskflow_templates.py
[2026-09-22T12:50:48.402+0200] {logging_mixin.py:190} INFO - [2026-09-22T12:50:48.402+0200] {dag.py:3239} INFO - Sync 1 DAGs
[2026-09-22T12:50:48.427+0200] {logging_mixin.py:190} INFO - [2026-09-22T12:50:48.427+0200] {dag.py:4180} INFO - Setting next_dagrun for tutorial_taskflow_templates to 2026-09-21 00:00:00+00:00, run_after=2026-09-22 00:00:00+00:00
[2026-09-22T12:50:48.432+0200] {processor.py:208} INFO - Processing /Users/swarnalidatta/Desktop/AutoQueryChatbot/.airflow-venv/lib/python3.12/site-packages/airflow/example_dags/tutorial_taskflow_templates.py took 0.071 seconds
[2026-09-22T12:51:51.656+0200] {processor.py:186} INFO - Started process (PID=15536) to work on /Users/swarnalidatta/Desktop/AutoQueryChatbot/.airflow-venv/lib/python3.12/site-packages/airflow/example_dags/tutorial_taskflow_templates.py
[2026-09-22T12:51:51.657+0200] {processor.py:914} INFO - Processing file /Users/swarnalidatta/Desktop/AutoQueryChatbot/.airflow-venv/lib/python3.12/site-packages/airflow/example_dags/tutorial_taskflow_templates.py for tasks to queue
[2026-09-22T12:51:51.657+0200] {logging_mixin.py:190} INFO - [2026-09-22T12:51:51.657+0200] {dagbag.py:588} INFO - Filling up the DagBag from /Users/swarnalidatta/Desktop/AutoQueryChatbot/.airflow-venv/lib/python3.12/site-packages/airflow/example_dags/tutorial_taskflow_templates.py
[2026-09-22T12:51:51.671+0200] {processor.py:925} INFO - DAG(s) 'tutorial_taskflow_templates' retrieved from /Users/swarnalidatta/Desktop/AutoQueryChatbot/.airflow-venv/lib/python3.12/site-packages/airflow/example_dags/tutorial_taskflow_templates.py
[2026-09-22T12:51:51.699+0200] {logging_mixin.py:190} INFO - [2026-09-22T12:51:51.699+0200] {dag.py:3239} INFO - Sync 1 DAGs
[2026-09-22T12:51:51.727+0200] {logging_mixin.py:190} INFO - [2026-09-22T12:51:51.727+0200] {dag.py:4180} INFO - Setting next_dagrun for tutorial_taskflow_templates to 2026-09-21 00:00:00+00:00, run_after=2026-09-22 00:00:00+00:00
[2026-09-22T12:51:51.732+0200] {processor.py:208} INFO - Processing /Users/swarnalidatta/Desktop/AutoQueryChatbot/.airflow-venv/lib/python3.12/site-packages/airflow/example_dags/tutorial_taskflow_templates.py took 0.077 seconds
[2026-09-22T12:52:57.209+0200] {processor.py:186} INFO - Started process (PID=15715) to work on /Users/swarnalidatta/Desktop/AutoQueryChatbot/.airflow-venv/lib/python3.12/site-packages/airflow/example_dags/tutorial_taskflow_templates.py
[2026-09-22T12:52:57.210+0200] {processor.py:914} INFO - Processing file /Users/swarnalidatta/Desktop/AutoQueryChatbot/.airflow-venv/lib/python3.12/site-packages/airflow/example_dags/tutorial_taskflow_templates.py for tasks to queue
[2026-09-22T12:52:57.210+0200] {logging_mixin.py:190} INFO - [2026-09-22T12:52:57.210+0200] {dagbag.py:588} INFO - Filling up the DagBag from /Users/swarnalidatta/Desktop/AutoQueryChatbot/.airflow-venv/lib/python3.12/site-packages/airflow/example_dags/tutorial_taskflow_templates.py
[2026-09-22T12:52:57.223+0200] {processor.py:925} INFO - DAG(s) 'tutorial_taskflow_templates' retrieved from /Users/swarnalidatta/Desktop/AutoQueryChatbot/.airflow-venv/lib/python3.12/site-packages/airflow/example_dags/tutorial_taskflow_templates.py
[2026-09-22T12:52:57.251+0200] {logging_mixin.py:190} INFO - [2026-09-22T12:52:57.251+0200] {dag.py:3239} INFO - Sync 1 DAGs
[2026-09-22T12:52:57.277+0200] {logging_mixin.py:190} INFO - [2026-09-22T12:52:57.277+0200] {dag.py:4180} INFO - Setting next_dagrun for tutorial_taskflow_templates to 2026-09-21 00:00:00+00:00, run_after=2026-09-22 00:00:00+00:00
[2026-09-22T12:52:57.282+0200] {processor.py:208} INFO - Processing /Users/swarnalidatta/Desktop/AutoQueryChatbot/.airflow-venv/lib/python3.12/site-packages/airflow/example_dags/tutorial_taskflow_templates.py took 0.074 seconds
[2026-09-22T12:54:05.737+0200] {processor.py:186} INFO - Started process (PID=15877) to work on /Users/swarnalidatta/Desktop/AutoQueryChatbot/.airflow-venv/lib/python3.12/site-packages/airflow/example_dags/tutorial_taskflow_templates.py
[2026-09-22T12:54:05.738+0200] {processor.py:914} INFO - Processing file /Users/swarnalidatta/Desktop/AutoQueryChatbot/.airflow-venv/lib/python3.12/site-packages/airflow/example_dags/tutorial_taskflow_templates.py for tasks to queue
[2026-09-22T12:54:05.738+0200] {logging_mixin.py:190} INFO - [2026-09-22T12:54:05.738+0200] {dagbag.py:588} INFO - Filling up the DagBag from /Users/swarnalidatta/Desktop/AutoQueryChatbot/.airflow-venv/lib/python3.12/site-packages/airflow/example_dags/tutorial_taskflow_templates.py
[2026-09-22T12:54:05.751+0200] {processor.py:925} INFO - DAG(s) 'tutorial_taskflow_templates' retrieved from /Users/swarnalidatta/Desktop/AutoQueryChatbot/.airflow-venv/lib/python3.12/site-packages/airflow/example_dags/tutorial_taskflow_templates.py
[2026-09-22T12:54:05.778+0200] {logging_mixin.py:190} INFO - [2026-09-22T12:54:05.778+0200] {dag.py:3239} INFO - Sync 1 DAGs
[2026-09-22T12:54:05.803+0200] {logging_mixin.py:190} INFO - [2026-09-22T12:54:05.803+0200] {dag.py:4180} INFO - Setting next_dagrun for tutorial_taskflow_templates to 2026-09-21 00:00:00+00:00, run_after=2026-09-22 00:00:00+00:00
[2026-09-22T12:54:05.809+0200] {processor.py:208} INFO - Processing /Users/swarnalidatta/Desktop/AutoQueryChatbot/.airflow-venv/lib/python3.12/site-packages/airflow/example_dags/tutorial_taskflow_templates.py took 0.072 seconds
[2026-09-22T12:55:12.411+0200] {processor.py:186} INFO - Started process (PID=16033) to work on /Users/swarnalidatta/Desktop/AutoQueryChatbot/.airflow-venv/lib/python3.12/site-packages/airflow/example_dags/tutorial_taskflow_templates.py
[2026-09-22T12:55:12.412+0200] {processor.py:914} INFO - Processing file /Users/swarnalidatta/Desktop/AutoQueryChatbot/.airflow-venv/lib/python3.12/site-packages/airflow/example_dags/tutorial_taskflow_templates.py for tasks to queue
[2026-09-22T12:55:12.412+0200] {logging_mixin.py:190} INFO - [2026-09-22T12:55:12.412+0200] {dagbag.py:588} INFO - Filling up the DagBag from /Users/swarnalidatta/Desktop/AutoQueryChatbot/.airflow-venv/lib/python3.12/site-packages/airflow/example_dags/tutorial_taskflow_templates.py
[2026-09-22T12:55:12.425+0200] {processor.py:925} INFO - DAG(s) 'tutorial_taskflow_templates' retrieved from /Users/swarnalidatta/Desktop/AutoQueryChatbot/.airflow-venv/lib/python3.12/site-packages/airflow/example_dags/tutorial_taskflow_templates.py
[2026-09-22T12:55:12.452+0200] {logging_mixin.py:190} INFO - [2026-09-22T12:55:12.452+0200] {dag.py:3239} INFO - Sync 1 DAGs
[2026-09-22T12:55:12.477+0200] {logging_mixin.py:190} INFO - [2026-09-22T12:55:12.477+0200] {dag.py:4180} INFO - Setting next_dagrun for tutorial_taskflow_templates to 2026-09-21 00:00:00+00:00, run_after=2026-09-22 00:00:00+00:00
[2026-09-22T12:55:12.482+0200] {processor.py:208} INFO - Processing /Users/swarnalidatta/Desktop/AutoQueryChatbot/.airflow-venv/lib/python3.12/site-packages/airflow/example_dags/tutorial_taskflow_templates.py took 0.071 seconds
[2026-09-22T12:56:17.341+0200] {processor.py:186} INFO - Started process (PID=16193) to work on /Users/swarnalidatta/Desktop/AutoQueryChatbot/.airflow-venv/lib/python3.12/site-packages/airflow/example_dags/tutorial_taskflow_templates.py
[2026-09-22T12:56:17.342+0200] {processor.py:914} INFO - Processing file /Users/swarnalidatta/Desktop/AutoQueryChatbot/.airflow-venv/lib/python3.12/site-packages/airflow/example_dags/tutorial_taskflow_templates.py for tasks to queue
[2026-09-22T12:56:17.342+0200] {logging_mixin.py:190} INFO - [2026-09-22T12:56:17.342+0200] {dagbag.py:588} INFO - Filling up the DagBag from /Users/swarnalidatta/Desktop/AutoQueryChatbot/.airflow-venv/lib/python3.12/site-packages/airflow/example_dags/tutorial_taskflow_templates.py
[2026-09-22T12:56:17.355+0200] {processor.py:925} INFO - DAG(s) 'tutorial_taskflow_templates' retrieved from /Users/swarnalidatta/Desktop/AutoQueryChatbot/.airflow-venv/lib/python3.12/site-packages/airflow/example_dags/tutorial_taskflow_templates.py
[2026-09-22T12:56:17.384+0200] {logging_mixin.py:190} INFO - [2026-09-22T12:56:17.384+0200] {dag.py:3239} INFO - Sync 1 DAGs
[2026-09-22T12:56:17.420+0200] {logging_mixin.py:190} INFO - [2026-09-22T12:56:17.420+0200] {dag.py:4180} INFO - Setting next_dagrun for tutorial_taskflow_templates to 2026-09-21 00:00:00+00:00, run_after=2026-09-22 00:00:00+00:00
[2026-09-22T12:56:17.425+0200] {processor.py:208} INFO - Processing /Users/swarnalidatta/Desktop/AutoQueryChatbot/.airflow-venv/lib/python3.12/site-packages/airflow/example_dags/tutorial_taskflow_templates.py took 0.085 seconds
[2026-09-22T12:57:21.708+0200] {processor.py:186} INFO - Started process (PID=16353) to work on /Users/swarnalidatta/Desktop/AutoQueryChatbot/.airflow-venv/lib/python3.12/site-packages/airflow/example_dags/tutorial_taskflow_templates.py
[2026-09-22T12:57:21.708+0200] {processor.py:914} INFO - Processing file /Users/swarnalidatta/Desktop/AutoQueryChatbot/.airflow-venv/lib/python3.12/site-packages/airflow/example_dags/tutorial_taskflow_templates.py for tasks to queue
[2026-09-22T12:57:21.708+0200] {logging_mixin.py:190} INFO - [2026-09-22T12:57:21.708+0200] {dagbag.py:588} INFO - Filling up the DagBag from /Users/swarnalidatta/Desktop/AutoQueryChatbot/.airflow-venv/lib/python3.12/site-packages/airflow/example_dags/tutorial_taskflow_templates.py
[2026-09-22T12:57:21.722+0200] {processor.py:925} INFO - DAG(s) 'tutorial_taskflow_templates' retrieved from /Users/swarnalidatta/Desktop/AutoQueryChatbot/.airflow-venv/lib/python3.12/site-packages/airflow/example_dags/tutorial_taskflow_templates.py
[2026-09-22T12:57:21.749+0200] {logging_mixin.py:190} INFO - [2026-09-22T12:57:21.749+0200] {dag.py:3239} INFO - Sync 1 DAGs
[2026-09-22T12:57:21.774+0200] {logging_mixin.py:190} INFO - [2026-09-22T12:57:21.774+0200] {dag.py:4180} INFO - Setting next_dagrun for tutorial_taskflow_templates to 2026-09-21 00:00:00+00:00, run_after=2026-09-22 00:00:00+00:00
[2026-09-22T12:57:21.779+0200] {processor.py:208} INFO - Processing /Users/swarnalidatta/Desktop/AutoQueryChatbot/.airflow-venv/lib/python3.12/site-packages/airflow/example_dags/tutorial_taskflow_templates.py took 0.072 seconds
[2026-09-22T12:58:27.419+0200] {processor.py:186} INFO - Started process (PID=16543) to work on /Users/swarnalidatta/Desktop/AutoQueryChatbot/.airflow-venv/lib/python3.12/site-packages/airflow/example_dags/tutorial_taskflow_templates.py
[2026-09-22T12:58:27.419+0200] {processor.py:914} INFO - Processing file /Users/swarnalidatta/Desktop/AutoQueryChatbot/.airflow-venv/lib/python3.12/site-packages/airflow/example_dags/tutorial_taskflow_templates.py for tasks to queue
[2026-09-22T12:58:27.419+0200] {logging_mixin.py:190} INFO - [2026-09-22T12:58:27.419+0200] {dagbag.py:588} INFO - Filling up the DagBag from /Users/swarnalidatta/Desktop/AutoQueryChatbot/.airflow-venv/lib/python3.12/site-packages/airflow/example_dags/tutorial_taskflow_templates.py
[2026-09-22T12:58:27.432+0200] {processor.py:925} INFO - DAG(s) 'tutorial_taskflow_templates' retrieved from /Users/swarnalidatta/Desktop/AutoQueryChatbot/.airflow-venv/lib/python3.12/site-packages/airflow/example_dags/tutorial_taskflow_templates.py
[2026-09-22T12:58:27.460+0200] {logging_mixin.py:190} INFO - [2026-09-22T12:58:27.459+0200] {dag.py:3239} INFO - Sync 1 DAGs
[2026-09-22T12:58:27.487+0200] {logging_mixin.py:190} INFO - [2026-09-22T12:58:27.487+0200] {dag.py:4180} INFO - Setting next_dagrun for tutorial_taskflow_templates to 2026-09-21 00:00:00+00:00, run_after=2026-09-22 00:00:00+00:00
[2026-09-22T12:58:27.492+0200] {processor.py:208} INFO - Processing /Users/swarnalidatta/Desktop/AutoQueryChatbot/.airflow-venv/lib/python3.12/site-packages/airflow/example_dags/tutorial_taskflow_templates.py took 0.074 seconds
[2026-09-22T12:59:35.029+0200] {processor.py:186} INFO - Started process (PID=16699) to work on /Users/swarnalidatta/Desktop/AutoQueryChatbot/.airflow-venv/lib/python3.12/site-packages/airflow/example_dags/tutorial_taskflow_templates.py
[2026-09-22T12:59:35.030+0200] {processor.py:914} INFO - Processing file /Users/swarnalidatta/Desktop/AutoQueryChatbot/.airflow-venv/lib/python3.12/site-packages/airflow/example_dags/tutorial_taskflow_templates.py for tasks to queue
[2026-09-22T12:59:35.030+0200] {logging_mixin.py:190} INFO - [2026-09-22T12:59:35.030+0200] {dagbag.py:588} INFO - Filling up the DagBag from /Users/swarnalidatta/Desktop/AutoQueryChatbot/.airflow-venv/lib/python3.12/site-packages/airflow/example_dags/tutorial_taskflow_templates.py
[2026-09-22T12:59:35.043+0200] {processor.py:925} INFO - DAG(s) 'tutorial_taskflow_templates' retrieved from /Users/swarnalidatta/Desktop/AutoQueryChatbot/.airflow-venv/lib/python3.12/site-packages/airflow/example_dags/tutorial_taskflow_templates.py
[2026-09-22T12:59:35.070+0200] {logging_mixin.py:190} INFO - [2026-09-22T12:59:35.070+0200] {dag.py:3239} INFO - Sync 1 DAGs
[2026-09-22T12:59:35.096+0200] {logging_mixin.py:190} INFO - [2026-09-22T12:59:35.096+0200] {dag.py:4180} INFO - Setting next_dagrun for tutorial_taskflow_templates to 2026-09-21 00:00:00+00:00, run_after=2026-09-22 00:00:00+00:00
[2026-09-22T12:59:35.101+0200] {processor.py:208} INFO - Processing /Users/swarnalidatta/Desktop/AutoQueryChatbot/.airflow-venv/lib/python3.12/site-packages/airflow/example_dags/tutorial_taskflow_templates.py took 0.073 seconds
[2026-09-22T13:00:39.579+0200] {processor.py:186} INFO - Started process (PID=16848) to work on /Users/swarnalidatta/Desktop/AutoQueryChatbot/.airflow-venv/lib/python3.12/site-packages/airflow/example_dags/tutorial_taskflow_templates.py
[2026-09-22T13:00:39.580+0200] {processor.py:914} INFO - Processing file /Users/swarnalidatta/Desktop/AutoQueryChatbot/.airflow-venv/lib/python3.12/site-packages/airflow/example_dags/tutorial_taskflow_templates.py for tasks to queue
[2026-09-22T13:00:39.580+0200] {logging_mixin.py:190} INFO - [2026-09-22T13:00:39.580+0200] {dagbag.py:588} INFO - Filling up the DagBag from /Users/swarnalidatta/Desktop/AutoQueryChatbot/.airflow-venv/lib/python3.12/site-packages/airflow/example_dags/tutorial_taskflow_templates.py
[2026-09-22T13:00:39.593+0200] {processor.py:925} INFO - DAG(s) 'tutorial_taskflow_templates' retrieved from /Users/swarnalidatta/Desktop/AutoQueryChatbot/.airflow-venv/lib/python3.12/site-packages/airflow/example_dags/tutorial_taskflow_templates.py
[2026-09-22T13:00:39.619+0200] {logging_mixin.py:190} INFO - [2026-09-22T13:00:39.619+0200] {dag.py:3239} INFO - Sync 1 DAGs
[2026-09-22T13:00:39.644+0200] {logging_mixin.py:190} INFO - [2026-09-22T13:00:39.644+0200] {dag.py:4180} INFO - Setting next_dagrun for tutorial_taskflow_templates to 2026-09-21 00:00:00+00:00, run_after=2026-09-22 00:00:00+00:00
[2026-09-22T13:00:39.649+0200] {processor.py:208} INFO - Processing /Users/swarnalidatta/Desktop/AutoQueryChatbot/.airflow-venv/lib/python3.12/site-packages/airflow/example_dags/tutorial_taskflow_templates.py took 0.071 seconds
[2026-09-22T13:01:43.310+0200] {processor.py:186} INFO - Started process (PID=17000) to work on /Users/swarnalidatta/Desktop/AutoQueryChatbot/.airflow-venv/lib/python3.12/site-packages/airflow/example_dags/tutorial_taskflow_templates.py
[2026-09-22T13:01:43.311+0200] {processor.py:914} INFO - Processing file /Users/swarnalidatta/Desktop/AutoQueryChatbot/.airflow-venv/lib/python3.12/site-packages/airflow/example_dags/tutorial_taskflow_templates.py for tasks to queue
[2026-09-22T13:01:43.311+0200] {logging_mixin.py:190} INFO - [2026-09-22T13:01:43.311+0200] {dagbag.py:588} INFO - Filling up the DagBag from /Users/swarnalidatta/Desktop/AutoQueryChatbot/.airflow-venv/lib/python3.12/site-packages/airflow/example_dags/tutorial_taskflow_templates.py
[2026-09-22T13:01:43.325+0200] {processor.py:925} INFO - DAG(s) 'tutorial_taskflow_templates' retrieved from /Users/swarnalidatta/Desktop/AutoQueryChatbot/.airflow-venv/lib/python3.12/site-packages/airflow/example_dags/tutorial_taskflow_templates.py
[2026-09-22T13:01:43.351+0200] {logging_mixin.py:190} INFO - [2026-09-22T13:01:43.351+0200] {dag.py:3239} INFO - Sync 1 DAGs
[2026-09-22T13:01:43.378+0200] {logging_mixin.py:190} INFO - [2026-09-22T13:01:43.378+0200] {dag.py:4180} INFO - Setting next_dagrun for tutorial_taskflow_templates to 2026-09-21 00:00:00+00:00, run_after=2026-09-22 00:00:00+00:00
[2026-09-22T13:01:43.383+0200] {processor.py:208} INFO - Processing /Users/swarnalidatta/Desktop/AutoQueryChatbot/.airflow-venv/lib/python3.12/site-packages/airflow/example_dags/tutorial_taskflow_templates.py took 0.074 seconds
[2026-09-22T13:02:46.923+0200] {processor.py:186} INFO - Started process (PID=17143) to work on /Users/swarnalidatta/Desktop/AutoQueryChatbot/.airflow-venv/lib/python3.12/site-packages/airflow/example_dags/tutorial_taskflow_templates.py
[2026-09-22T13:02:46.923+0200] {processor.py:914} INFO - Processing file /Users/swarnalidatta/Desktop/AutoQueryChatbot/.airflow-venv/lib/python3.12/site-packages/airflow/example_dags/tutorial_taskflow_templates.py for tasks to queue
[2026-09-22T13:02:46.924+0200] {logging_mixin.py:190} INFO - [2026-09-22T13:02:46.924+0200] {dagbag.py:588} INFO - Filling up the DagBag from /Users/swarnalidatta/Desktop/AutoQueryChatbot/.airflow-venv/lib/python3.12/site-packages/airflow/example_dags/tutorial_taskflow_templates.py
[2026-09-22T13:02:46.936+0200] {processor.py:925} INFO - DAG(s) 'tutorial_taskflow_templates' retrieved from /Users/swarnalidatta/Desktop/AutoQueryChatbot/.airflow-venv/lib/python3.12/site-packages/airflow/example_dags/tutorial_taskflow_templates.py
[2026-09-22T13:02:46.963+0200] {logging_mixin.py:190} INFO - [2026-09-22T13:02:46.963+0200] {dag.py:3239} INFO - Sync 1 DAGs
[2026-09-22T13:02:46.987+0200] {logging_mixin.py:190} INFO - [2026-09-22T13:02:46.987+0200] {dag.py:4180} INFO - Setting next_dagrun for tutorial_taskflow_templates to 2026-09-21 00:00:00+00:00, run_after=2026-09-22 00:00:00+00:00
[2026-09-22T13:02:46.993+0200] {processor.py:208} INFO - Processing /Users/swarnalidatta/Desktop/AutoQueryChatbot/.airflow-venv/lib/python3.12/site-packages/airflow/example_dags/tutorial_taskflow_templates.py took 0.071 seconds
[2026-09-22T13:03:47.633+0200] {processor.py:186} INFO - Started process (PID=17280) to work on /Users/swarnalidatta/Desktop/AutoQueryChatbot/.airflow-venv/lib/python3.12/site-packages/airflow/example_dags/tutorial_taskflow_templates.py
[2026-09-22T13:03:47.634+0200] {processor.py:914} INFO - Processing file /Users/swarnalidatta/Desktop/AutoQueryChatbot/.airflow-venv/lib/python3.12/site-packages/airflow/example_dags/tutorial_taskflow_templates.py for tasks to queue
[2026-09-22T13:03:47.634+0200] {logging_mixin.py:190} INFO - [2026-09-22T13:03:47.634+0200] {dagbag.py:588} INFO - Filling up the DagBag from /Users/swarnalidatta/Desktop/AutoQueryChatbot/.airflow-venv/lib/python3.12/site-packages/airflow/example_dags/tutorial_taskflow_templates.py
[2026-09-22T13:03:47.647+0200] {processor.py:925} INFO - DAG(s) 'tutorial_taskflow_templates' retrieved from /Users/swarnalidatta/Desktop/AutoQueryChatbot/.airflow-venv/lib/python3.12/site-packages/airflow/example_dags/tutorial_taskflow_templates.py
[2026-09-22T13:03:47.673+0200] {logging_mixin.py:190} INFO - [2026-09-22T13:03:47.673+0200] {dag.py:3239} INFO - Sync 1 DAGs
[2026-09-22T13:03:47.698+0200] {logging_mixin.py:190} INFO - [2026-09-22T13:03:47.698+0200] {dag.py:4180} INFO - Setting next_dagrun for tutorial_taskflow_templates to 2026-09-21 00:00:00+00:00, run_after=2026-09-22 00:00:00+00:00
[2026-09-22T13:03:47.703+0200] {processor.py:208} INFO - Processing /Users/swarnalidatta/Desktop/AutoQueryChatbot/.airflow-venv/lib/python3.12/site-packages/airflow/example_dags/tutorial_taskflow_templates.py took 0.070 seconds
[2026-09-22T13:06:59.137+0200] {processor.py:186} INFO - Started process (PID=17447) to work on /Users/swarnalidatta/Desktop/AutoQueryChatbot/.airflow-venv/lib/python3.12/site-packages/airflow/example_dags/tutorial_taskflow_templates.py
[2026-09-22T13:06:59.137+0200] {processor.py:914} INFO - Processing file /Users/swarnalidatta/Desktop/AutoQueryChatbot/.airflow-venv/lib/python3.12/site-packages/airflow/example_dags/tutorial_taskflow_templates.py for tasks to queue
[2026-09-22T13:06:59.137+0200] {logging_mixin.py:190} INFO - [2026-09-22T13:06:59.137+0200] {dagbag.py:588} INFO - Filling up the DagBag from /Users/swarnalidatta/Desktop/AutoQueryChatbot/.airflow-venv/lib/python3.12/site-packages/airflow/example_dags/tutorial_taskflow_templates.py
[2026-09-22T13:06:59.150+0200] {processor.py:925} INFO - DAG(s) 'tutorial_taskflow_templates' retrieved from /Users/swarnalidatta/Desktop/AutoQueryChatbot/.airflow-venv/lib/python3.12/site-packages/airflow/example_dags/tutorial_taskflow_templates.py
[2026-09-22T13:06:59.176+0200] {logging_mixin.py:190} INFO - [2026-09-22T13:06:59.175+0200] {dag.py:3239} INFO - Sync 1 DAGs
[2026-09-22T13:06:59.200+0200] {logging_mixin.py:190} INFO - [2026-09-22T13:06:59.200+0200] {dag.py:4180} INFO - Setting next_dagrun for tutorial_taskflow_templates to 2026-09-21 00:00:00+00:00, run_after=2026-09-22 00:00:00+00:00
[2026-09-22T13:06:59.205+0200] {processor.py:208} INFO - Processing /Users/swarnalidatta/Desktop/AutoQueryChatbot/.airflow-venv/lib/python3.12/site-packages/airflow/example_dags/tutorial_taskflow_templates.py took 0.069 seconds
[2026-09-22T13:08:11.665+0200] {processor.py:186} INFO - Started process (PID=17602) to work on /Users/swarnalidatta/Desktop/AutoQueryChatbot/.airflow-venv/lib/python3.12/site-packages/airflow/example_dags/tutorial_taskflow_templates.py
[2026-09-22T13:08:11.666+0200] {processor.py:914} INFO - Processing file /Users/swarnalidatta/Desktop/AutoQueryChatbot/.airflow-venv/lib/python3.12/site-packages/airflow/example_dags/tutorial_taskflow_templates.py for tasks to queue
[2026-09-22T13:08:11.666+0200] {logging_mixin.py:190} INFO - [2026-09-22T13:08:11.666+0200] {dagbag.py:588} INFO - Filling up the DagBag from /Users/swarnalidatta/Desktop/AutoQueryChatbot/.airflow-venv/lib/python3.12/site-packages/airflow/example_dags/tutorial_taskflow_templates.py
[2026-09-22T13:08:11.679+0200] {processor.py:925} INFO - DAG(s) 'tutorial_taskflow_templates' retrieved from /Users/swarnalidatta/Desktop/AutoQueryChatbot/.airflow-venv/lib/python3.12/site-packages/airflow/example_dags/tutorial_taskflow_templates.py
[2026-09-22T13:08:11.704+0200] {logging_mixin.py:190} INFO - [2026-09-22T13:08:11.704+0200] {dag.py:3239} INFO - Sync 1 DAGs
[2026-09-22T13:08:11.730+0200] {logging_mixin.py:190} INFO - [2026-09-22T13:08:11.730+0200] {dag.py:4180} INFO - Setting next_dagrun for tutorial_taskflow_templates to 2026-09-21 00:00:00+00:00, run_after=2026-09-22 00:00:00+00:00
[2026-09-22T13:08:11.735+0200] {processor.py:208} INFO - Processing /Users/swarnalidatta/Desktop/AutoQueryChatbot/.airflow-venv/lib/python3.12/site-packages/airflow/example_dags/tutorial_taskflow_templates.py took 0.071 seconds
[2026-09-22T13:09:22.402+0200] {processor.py:186} INFO - Started process (PID=17755) to work on /Users/swarnalidatta/Desktop/AutoQueryChatbot/.airflow-venv/lib/python3.12/site-packages/airflow/example_dags/tutorial_taskflow_templates.py
[2026-09-22T13:09:22.402+0200] {processor.py:914} INFO - Processing file /Users/swarnalidatta/Desktop/AutoQueryChatbot/.airflow-venv/lib/python3.12/site-packages/airflow/example_dags/tutorial_taskflow_templates.py for tasks to queue
[2026-09-22T13:09:22.402+0200] {logging_mixin.py:190} INFO - [2026-09-22T13:09:22.402+0200] {dagbag.py:588} INFO - Filling up the DagBag from /Users/swarnalidatta/Desktop/AutoQueryChatbot/.airflow-venv/lib/python3.12/site-packages/airflow/example_dags/tutorial_taskflow_templates.py
[2026-09-22T13:09:22.415+0200] {processor.py:925} INFO - DAG(s) 'tutorial_taskflow_templates' retrieved from /Users/swarnalidatta/Desktop/AutoQueryChatbot/.airflow-venv/lib/python3.12/site-packages/airflow/example_dags/tutorial_taskflow_templates.py
[2026-09-22T13:09:22.441+0200] {logging_mixin.py:190} INFO - [2026-09-22T13:09:22.441+0200] {dag.py:3239} INFO - Sync 1 DAGs
[2026-09-22T13:09:22.466+0200] {logging_mixin.py:190} INFO - [2026-09-22T13:09:22.465+0200] {dag.py:4180} INFO - Setting next_dagrun for tutorial_taskflow_templates to 2026-09-21 00:00:00+00:00, run_after=2026-09-22 00:00:00+00:00
[2026-09-22T13:09:22.470+0200] {processor.py:208} INFO - Processing /Users/swarnalidatta/Desktop/AutoQueryChatbot/.airflow-venv/lib/python3.12/site-packages/airflow/example_dags/tutorial_taskflow_templates.py took 0.070 seconds
[2026-09-22T13:10:29.740+0200] {processor.py:186} INFO - Started process (PID=17908) to work on /Users/swarnalidatta/Desktop/AutoQueryChatbot/.airflow-venv/lib/python3.12/site-packages/airflow/example_dags/tutorial_taskflow_templates.py
[2026-09-22T13:10:29.741+0200] {processor.py:914} INFO - Processing file /Users/swarnalidatta/Desktop/AutoQueryChatbot/.airflow-venv/lib/python3.12/site-packages/airflow/example_dags/tutorial_taskflow_templates.py for tasks to queue
[2026-09-22T13:10:29.741+0200] {logging_mixin.py:190} INFO - [2026-09-22T13:10:29.741+0200] {dagbag.py:588} INFO - Filling up the DagBag from /Users/swarnalidatta/Desktop/AutoQueryChatbot/.airflow-venv/lib/python3.12/site-packages/airflow/example_dags/tutorial_taskflow_templates.py
[2026-09-22T13:10:29.754+0200] {processor.py:925} INFO - DAG(s) 'tutorial_taskflow_templates' retrieved from /Users/swarnalidatta/Desktop/AutoQueryChatbot/.airflow-venv/lib/python3.12/site-packages/airflow/example_dags/tutorial_taskflow_templates.py
[2026-09-22T13:10:29.780+0200] {logging_mixin.py:190} INFO - [2026-09-22T13:10:29.780+0200] {dag.py:3239} INFO - Sync 1 DAGs
[2026-09-22T13:10:29.805+0200] {logging_mixin.py:190} INFO - [2026-09-22T13:10:29.804+0200] {dag.py:4180} INFO - Setting next_dagrun for tutorial_taskflow_templates to 2026-09-21 00:00:00+00:00, run_after=2026-09-22 00:00:00+00:00
[2026-09-22T13:10:29.809+0200] {processor.py:208} INFO - Processing /Users/swarnalidatta/Desktop/AutoQueryChatbot/.airflow-venv/lib/python3.12/site-packages/airflow/example_dags/tutorial_taskflow_templates.py took 0.070 seconds
[2026-09-22T13:11:39.868+0200] {processor.py:186} INFO - Started process (PID=18066) to work on /Users/swarnalidatta/Desktop/AutoQueryChatbot/.airflow-venv/lib/python3.12/site-packages/airflow/example_dags/tutorial_taskflow_templates.py
[2026-09-22T13:11:39.868+0200] {processor.py:914} INFO - Processing file /Users/swarnalidatta/Desktop/AutoQueryChatbot/.airflow-venv/lib/python3.12/site-packages/airflow/example_dags/tutorial_taskflow_templates.py for tasks to queue
[2026-09-22T13:11:39.868+0200] {logging_mixin.py:190} INFO - [2026-09-22T13:11:39.868+0200] {dagbag.py:588} INFO - Filling up the DagBag from /Users/swarnalidatta/Desktop/AutoQueryChatbot/.airflow-venv/lib/python3.12/site-packages/airflow/example_dags/tutorial_taskflow_templates.py
[2026-09-22T13:11:39.881+0200] {processor.py:925} INFO - DAG(s) 'tutorial_taskflow_templates' retrieved from /Users/swarnalidatta/Desktop/AutoQueryChatbot/.airflow-venv/lib/python3.12/site-packages/airflow/example_dags/tutorial_taskflow_templates.py
[2026-09-22T13:11:39.908+0200] {logging_mixin.py:190} INFO - [2026-09-22T13:11:39.908+0200] {dag.py:3239} INFO - Sync 1 DAGs
[2026-09-22T13:11:39.932+0200] {logging_mixin.py:190} INFO - [2026-09-22T13:11:39.932+0200] {dag.py:4180} INFO - Setting next_dagrun for tutorial_taskflow_templates to 2026-09-21 00:00:00+00:00, run_after=2026-09-22 00:00:00+00:00
[2026-09-22T13:11:39.937+0200] {processor.py:208} INFO - Processing /Users/swarnalidatta/Desktop/AutoQueryChatbot/.airflow-venv/lib/python3.12/site-packages/airflow/example_dags/tutorial_taskflow_templates.py took 0.071 seconds
[2026-09-22T13:12:45.058+0200] {processor.py:186} INFO - Started process (PID=18220) to work on /Users/swarnalidatta/Desktop/AutoQueryChatbot/.airflow-venv/lib/python3.12/site-packages/airflow/example_dags/tutorial_taskflow_templates.py
[2026-09-22T13:12:45.059+0200] {processor.py:914} INFO - Processing file /Users/swarnalidatta/Desktop/AutoQueryChatbot/.airflow-venv/lib/python3.12/site-packages/airflow/example_dags/tutorial_taskflow_templates.py for tasks to queue
[2026-09-22T13:12:45.059+0200] {logging_mixin.py:190} INFO - [2026-09-22T13:12:45.059+0200] {dagbag.py:588} INFO - Filling up the DagBag from /Users/swarnalidatta/Desktop/AutoQueryChatbot/.airflow-venv/lib/python3.12/site-packages/airflow/example_dags/tutorial_taskflow_templates.py
[2026-09-22T13:12:45.072+0200] {processor.py:925} INFO - DAG(s) 'tutorial_taskflow_templates' retrieved from /Users/swarnalidatta/Desktop/AutoQueryChatbot/.airflow-venv/lib/python3.12/site-packages/airflow/example_dags/tutorial_taskflow_templates.py
[2026-09-22T13:12:45.098+0200] {logging_mixin.py:190} INFO - [2026-09-22T13:12:45.098+0200] {dag.py:3239} INFO - Sync 1 DAGs
[2026-09-22T13:12:45.125+0200] {logging_mixin.py:190} INFO - [2026-09-22T13:12:45.125+0200] {dag.py:4180} INFO - Setting next_dagrun for tutorial_taskflow_templates to 2026-09-21 00:00:00+00:00, run_after=2026-09-22 00:00:00+00:00
[2026-09-22T13:12:45.130+0200] {processor.py:208} INFO - Processing /Users/swarnalidatta/Desktop/AutoQueryChatbot/.airflow-venv/lib/python3.12/site-packages/airflow/example_dags/tutorial_taskflow_templates.py took 0.073 seconds
[2026-09-22T13:13:48.970+0200] {processor.py:186} INFO - Started process (PID=19536) to work on /Users/swarnalidatta/Desktop/AutoQueryChatbot/.airflow-venv/lib/python3.12/site-packages/airflow/example_dags/tutorial_taskflow_templates.py
[2026-09-22T13:13:48.970+0200] {processor.py:914} INFO - Processing file /Users/swarnalidatta/Desktop/AutoQueryChatbot/.airflow-venv/lib/python3.12/site-packages/airflow/example_dags/tutorial_taskflow_templates.py for tasks to queue
[2026-09-22T13:13:48.970+0200] {logging_mixin.py:190} INFO - [2026-09-22T13:13:48.970+0200] {dagbag.py:588} INFO - Filling up the DagBag from /Users/swarnalidatta/Desktop/AutoQueryChatbot/.airflow-venv/lib/python3.12/site-packages/airflow/example_dags/tutorial_taskflow_templates.py
[2026-09-22T13:13:48.985+0200] {processor.py:925} INFO - DAG(s) 'tutorial_taskflow_templates' retrieved from /Users/swarnalidatta/Desktop/AutoQueryChatbot/.airflow-venv/lib/python3.12/site-packages/airflow/example_dags/tutorial_taskflow_templates.py
[2026-09-22T13:13:49.014+0200] {logging_mixin.py:190} INFO - [2026-09-22T13:13:49.013+0200] {dag.py:3239} INFO - Sync 1 DAGs
[2026-09-22T13:13:49.042+0200] {logging_mixin.py:190} INFO - [2026-09-22T13:13:49.042+0200] {dag.py:4180} INFO - Setting next_dagrun for tutorial_taskflow_templates to 2026-09-21 00:00:00+00:00, run_after=2026-09-22 00:00:00+00:00
[2026-09-22T13:13:49.047+0200] {processor.py:208} INFO - Processing /Users/swarnalidatta/Desktop/AutoQueryChatbot/.airflow-venv/lib/python3.12/site-packages/airflow/example_dags/tutorial_taskflow_templates.py took 0.079 seconds
[2026-09-22T13:14:54.524+0200] {processor.py:186} INFO - Started process (PID=21636) to work on /Users/swarnalidatta/Desktop/AutoQueryChatbot/.airflow-venv/lib/python3.12/site-packages/airflow/example_dags/tutorial_taskflow_templates.py
[2026-09-22T13:14:54.524+0200] {processor.py:914} INFO - Processing file /Users/swarnalidatta/Desktop/AutoQueryChatbot/.airflow-venv/lib/python3.12/site-packages/airflow/example_dags/tutorial_taskflow_templates.py for tasks to queue
[2026-09-22T13:14:54.525+0200] {logging_mixin.py:190} INFO - [2026-09-22T13:14:54.525+0200] {dagbag.py:588} INFO - Filling up the DagBag from /Users/swarnalidatta/Desktop/AutoQueryChatbot/.airflow-venv/lib/python3.12/site-packages/airflow/example_dags/tutorial_taskflow_templates.py
[2026-09-22T13:14:54.538+0200] {processor.py:925} INFO - DAG(s) 'tutorial_taskflow_templates' retrieved from /Users/swarnalidatta/Desktop/AutoQueryChatbot/.airflow-venv/lib/python3.12/site-packages/airflow/example_dags/tutorial_taskflow_templates.py
[2026-09-22T13:14:54.564+0200] {logging_mixin.py:190} INFO - [2026-09-22T13:14:54.564+0200] {dag.py:3239} INFO - Sync 1 DAGs
[2026-09-22T13:14:54.589+0200] {logging_mixin.py:190} INFO - [2026-09-22T13:14:54.589+0200] {dag.py:4180} INFO - Setting next_dagrun for tutorial_taskflow_templates to 2026-09-21 00:00:00+00:00, run_after=2026-09-22 00:00:00+00:00
[2026-09-22T13:14:54.594+0200] {processor.py:208} INFO - Processing /Users/swarnalidatta/Desktop/AutoQueryChatbot/.airflow-venv/lib/python3.12/site-packages/airflow/example_dags/tutorial_taskflow_templates.py took 0.071 seconds
[2026-09-22T13:16:00.550+0200] {processor.py:186} INFO - Started process (PID=21799) to work on /Users/swarnalidatta/Desktop/AutoQueryChatbot/.airflow-venv/lib/python3.12/site-packages/airflow/example_dags/tutorial_taskflow_templates.py
[2026-09-22T13:16:00.550+0200] {processor.py:914} INFO - Processing file /Users/swarnalidatta/Desktop/AutoQueryChatbot/.airflow-venv/lib/python3.12/site-packages/airflow/example_dags/tutorial_taskflow_templates.py for tasks to queue
[2026-09-22T13:16:00.550+0200] {logging_mixin.py:190} INFO - [2026-09-22T13:16:00.550+0200] {dagbag.py:588} INFO - Filling up the DagBag from /Users/swarnalidatta/Desktop/AutoQueryChatbot/.airflow-venv/lib/python3.12/site-packages/airflow/example_dags/tutorial_taskflow_templates.py
[2026-09-22T13:16:00.563+0200] {processor.py:925} INFO - DAG(s) 'tutorial_taskflow_templates' retrieved from /Users/swarnalidatta/Desktop/AutoQueryChatbot/.airflow-venv/lib/python3.12/site-packages/airflow/example_dags/tutorial_taskflow_templates.py
[2026-09-22T13:16:00.590+0200] {logging_mixin.py:190} INFO - [2026-09-22T13:16:00.590+0200] {dag.py:3239} INFO - Sync 1 DAGs
[2026-09-22T13:16:00.616+0200] {logging_mixin.py:190} INFO - [2026-09-22T13:16:00.616+0200] {dag.py:4180} INFO - Setting next_dagrun for tutorial_taskflow_templates to 2026-09-21 00:00:00+00:00, run_after=2026-09-22 00:00:00+00:00
[2026-09-22T13:16:00.621+0200] {processor.py:208} INFO - Processing /Users/swarnalidatta/Desktop/AutoQueryChatbot/.airflow-venv/lib/python3.12/site-packages/airflow/example_dags/tutorial_taskflow_templates.py took 0.073 seconds
[2026-09-22T13:17:03.499+0200] {processor.py:186} INFO - Started process (PID=21964) to work on /Users/swarnalidatta/Desktop/AutoQueryChatbot/.airflow-venv/lib/python3.12/site-packages/airflow/example_dags/tutorial_taskflow_templates.py
[2026-09-22T13:17:03.500+0200] {processor.py:914} INFO - Processing file /Users/swarnalidatta/Desktop/AutoQueryChatbot/.airflow-venv/lib/python3.12/site-packages/airflow/example_dags/tutorial_taskflow_templates.py for tasks to queue
[2026-09-22T13:17:03.500+0200] {logging_mixin.py:190} INFO - [2026-09-22T13:17:03.500+0200] {dagbag.py:588} INFO - Filling up the DagBag from /Users/swarnalidatta/Desktop/AutoQueryChatbot/.airflow-venv/lib/python3.12/site-packages/airflow/example_dags/tutorial_taskflow_templates.py
[2026-09-22T13:17:03.513+0200] {processor.py:925} INFO - DAG(s) 'tutorial_taskflow_templates' retrieved from /Users/swarnalidatta/Desktop/AutoQueryChatbot/.airflow-venv/lib/python3.12/site-packages/airflow/example_dags/tutorial_taskflow_templates.py
[2026-09-22T13:17:03.539+0200] {logging_mixin.py:190} INFO - [2026-09-22T13:17:03.539+0200] {dag.py:3239} INFO - Sync 1 DAGs
[2026-09-22T13:17:03.566+0200] {logging_mixin.py:190} INFO - [2026-09-22T13:17:03.566+0200] {dag.py:4180} INFO - Setting next_dagrun for tutorial_taskflow_templates to 2026-09-21 00:00:00+00:00, run_after=2026-09-22 00:00:00+00:00
[2026-09-22T13:17:03.571+0200] {processor.py:208} INFO - Processing /Users/swarnalidatta/Desktop/AutoQueryChatbot/.airflow-venv/lib/python3.12/site-packages/airflow/example_dags/tutorial_taskflow_templates.py took 0.073 seconds
[2026-09-22T13:28:22.677+0200] {processor.py:186} INFO - Started process (PID=22779) to work on /Users/swarnalidatta/Desktop/AutoQueryChatbot/.airflow-venv/lib/python3.12/site-packages/airflow/example_dags/tutorial_taskflow_templates.py
[2026-09-22T13:28:22.677+0200] {processor.py:914} INFO - Processing file /Users/swarnalidatta/Desktop/AutoQueryChatbot/.airflow-venv/lib/python3.12/site-packages/airflow/example_dags/tutorial_taskflow_templates.py for tasks to queue
[2026-09-22T13:28:22.678+0200] {logging_mixin.py:190} INFO - [2026-09-22T13:28:22.678+0200] {dagbag.py:588} INFO - Filling up the DagBag from /Users/swarnalidatta/Desktop/AutoQueryChatbot/.airflow-venv/lib/python3.12/site-packages/airflow/example_dags/tutorial_taskflow_templates.py
[2026-09-22T13:28:22.691+0200] {processor.py:925} INFO - DAG(s) 'tutorial_taskflow_templates' retrieved from /Users/swarnalidatta/Desktop/AutoQueryChatbot/.airflow-venv/lib/python3.12/site-packages/airflow/example_dags/tutorial_taskflow_templates.py
[2026-09-22T13:28:22.717+0200] {logging_mixin.py:190} INFO - [2026-09-22T13:28:22.717+0200] {dag.py:3239} INFO - Sync 1 DAGs
[2026-09-22T13:28:22.745+0200] {logging_mixin.py:190} INFO - [2026-09-22T13:28:22.744+0200] {dag.py:4180} INFO - Setting next_dagrun for tutorial_taskflow_templates to 2026-09-21 00:00:00+00:00, run_after=2026-09-22 00:00:00+00:00
[2026-09-22T13:28:22.749+0200] {processor.py:208} INFO - Processing /Users/swarnalidatta/Desktop/AutoQueryChatbot/.airflow-venv/lib/python3.12/site-packages/airflow/example_dags/tutorial_taskflow_templates.py took 0.073 seconds
[2026-09-22T13:30:18.518+0200] {processor.py:186} INFO - Started process (PID=23089) to work on /Users/swarnalidatta/Desktop/AutoQueryChatbot/.airflow-venv/lib/python3.12/site-packages/airflow/example_dags/tutorial_taskflow_templates.py
[2026-09-22T13:30:18.519+0200] {processor.py:914} INFO - Processing file /Users/swarnalidatta/Desktop/AutoQueryChatbot/.airflow-venv/lib/python3.12/site-packages/airflow/example_dags/tutorial_taskflow_templates.py for tasks to queue
[2026-09-22T13:30:18.519+0200] {logging_mixin.py:190} INFO - [2026-09-22T13:30:18.519+0200] {dagbag.py:588} INFO - Filling up the DagBag from /Users/swarnalidatta/Desktop/AutoQueryChatbot/.airflow-venv/lib/python3.12/site-packages/airflow/example_dags/tutorial_taskflow_templates.py
[2026-09-22T13:30:18.533+0200] {processor.py:925} INFO - DAG(s) 'tutorial_taskflow_templates' retrieved from /Users/swarnalidatta/Desktop/AutoQueryChatbot/.airflow-venv/lib/python3.12/site-packages/airflow/example_dags/tutorial_taskflow_templates.py
[2026-09-22T13:30:18.560+0200] {logging_mixin.py:190} INFO - [2026-09-22T13:30:18.560+0200] {dag.py:3239} INFO - Sync 1 DAGs
[2026-09-22T13:30:18.586+0200] {logging_mixin.py:190} INFO - [2026-09-22T13:30:18.586+0200] {dag.py:4180} INFO - Setting next_dagrun for tutorial_taskflow_templates to 2026-09-21 00:00:00+00:00, run_after=2026-09-22 00:00:00+00:00
[2026-09-22T13:30:18.591+0200] {processor.py:208} INFO - Processing /Users/swarnalidatta/Desktop/AutoQueryChatbot/.airflow-venv/lib/python3.12/site-packages/airflow/example_dags/tutorial_taskflow_templates.py took 0.074 seconds
[2026-09-22T13:31:48.211+0200] {processor.py:186} INFO - Started process (PID=23331) to work on /Users/swarnalidatta/Desktop/AutoQueryChatbot/.airflow-venv/lib/python3.12/site-packages/airflow/example_dags/tutorial_taskflow_templates.py
[2026-09-22T13:31:48.212+0200] {processor.py:914} INFO - Processing file /Users/swarnalidatta/Desktop/AutoQueryChatbot/.airflow-venv/lib/python3.12/site-packages/airflow/example_dags/tutorial_taskflow_templates.py for tasks to queue
[2026-09-22T13:31:48.213+0200] {logging_mixin.py:190} INFO - [2026-09-22T13:31:48.213+0200] {dagbag.py:588} INFO - Filling up the DagBag from /Users/swarnalidatta/Desktop/AutoQueryChatbot/.airflow-venv/lib/python3.12/site-packages/airflow/example_dags/tutorial_taskflow_templates.py
[2026-09-22T13:31:48.226+0200] {processor.py:925} INFO - DAG(s) 'tutorial_taskflow_templates' retrieved from /Users/swarnalidatta/Desktop/AutoQueryChatbot/.airflow-venv/lib/python3.12/site-packages/airflow/example_dags/tutorial_taskflow_templates.py
[2026-09-22T13:31:48.252+0200] {logging_mixin.py:190} INFO - [2026-09-22T13:31:48.252+0200] {dag.py:3239} INFO - Sync 1 DAGs
[2026-09-22T13:31:48.277+0200] {logging_mixin.py:190} INFO - [2026-09-22T13:31:48.277+0200] {dag.py:4180} INFO - Setting next_dagrun for tutorial_taskflow_templates to 2026-09-21 00:00:00+00:00, run_after=2026-09-22 00:00:00+00:00
[2026-09-22T13:31:48.282+0200] {processor.py:208} INFO - Processing /Users/swarnalidatta/Desktop/AutoQueryChatbot/.airflow-venv/lib/python3.12/site-packages/airflow/example_dags/tutorial_taskflow_templates.py took 0.072 seconds
[2026-09-22T13:33:09.819+0200] {processor.py:186} INFO - Started process (PID=23532) to work on /Users/swarnalidatta/Desktop/AutoQueryChatbot/.airflow-venv/lib/python3.12/site-packages/airflow/example_dags/tutorial_taskflow_templates.py
[2026-09-22T13:33:09.819+0200] {processor.py:914} INFO - Processing file /Users/swarnalidatta/Desktop/AutoQueryChatbot/.airflow-venv/lib/python3.12/site-packages/airflow/example_dags/tutorial_taskflow_templates.py for tasks to queue
[2026-09-22T13:33:09.820+0200] {logging_mixin.py:190} INFO - [2026-09-22T13:33:09.820+0200] {dagbag.py:588} INFO - Filling up the DagBag from /Users/swarnalidatta/Desktop/AutoQueryChatbot/.airflow-venv/lib/python3.12/site-packages/airflow/example_dags/tutorial_taskflow_templates.py
[2026-09-22T13:33:09.833+0200] {processor.py:925} INFO - DAG(s) 'tutorial_taskflow_templates' retrieved from /Users/swarnalidatta/Desktop/AutoQueryChatbot/.airflow-venv/lib/python3.12/site-packages/airflow/example_dags/tutorial_taskflow_templates.py
[2026-09-22T13:33:09.860+0200] {logging_mixin.py:190} INFO - [2026-09-22T13:33:09.860+0200] {dag.py:3239} INFO - Sync 1 DAGs
[2026-09-22T13:33:09.887+0200] {logging_mixin.py:190} INFO - [2026-09-22T13:33:09.887+0200] {dag.py:4180} INFO - Setting next_dagrun for tutorial_taskflow_templates to 2026-09-21 00:00:00+00:00, run_after=2026-09-22 00:00:00+00:00
[2026-09-22T13:33:09.892+0200] {processor.py:208} INFO - Processing /Users/swarnalidatta/Desktop/AutoQueryChatbot/.airflow-venv/lib/python3.12/site-packages/airflow/example_dags/tutorial_taskflow_templates.py took 0.074 seconds
[2026-09-22T13:34:15.285+0200] {processor.py:186} INFO - Started process (PID=23683) to work on /Users/swarnalidatta/Desktop/AutoQueryChatbot/.airflow-venv/lib/python3.12/site-packages/airflow/example_dags/tutorial_taskflow_templates.py
[2026-09-22T13:34:15.285+0200] {processor.py:914} INFO - Processing file /Users/swarnalidatta/Desktop/AutoQueryChatbot/.airflow-venv/lib/python3.12/site-packages/airflow/example_dags/tutorial_taskflow_templates.py for tasks to queue
[2026-09-22T13:34:15.286+0200] {logging_mixin.py:190} INFO - [2026-09-22T13:34:15.286+0200] {dagbag.py:588} INFO - Filling up the DagBag from /Users/swarnalidatta/Desktop/AutoQueryChatbot/.airflow-venv/lib/python3.12/site-packages/airflow/example_dags/tutorial_taskflow_templates.py
[2026-09-22T13:34:15.299+0200] {processor.py:925} INFO - DAG(s) 'tutorial_taskflow_templates' retrieved from /Users/swarnalidatta/Desktop/AutoQueryChatbot/.airflow-venv/lib/python3.12/site-packages/airflow/example_dags/tutorial_taskflow_templates.py
[2026-09-22T13:34:15.327+0200] {logging_mixin.py:190} INFO - [2026-09-22T13:34:15.327+0200] {dag.py:3239} INFO - Sync 1 DAGs
[2026-09-22T13:34:15.354+0200] {logging_mixin.py:190} INFO - [2026-09-22T13:34:15.354+0200] {dag.py:4180} INFO - Setting next_dagrun for tutorial_taskflow_templates to 2026-09-21 00:00:00+00:00, run_after=2026-09-22 00:00:00+00:00
[2026-09-22T13:34:15.359+0200] {processor.py:208} INFO - Processing /Users/swarnalidatta/Desktop/AutoQueryChatbot/.airflow-venv/lib/python3.12/site-packages/airflow/example_dags/tutorial_taskflow_templates.py took 0.075 seconds
[2026-09-22T13:35:16.835+0200] {processor.py:186} INFO - Started process (PID=23822) to work on /Users/swarnalidatta/Desktop/AutoQueryChatbot/.airflow-venv/lib/python3.12/site-packages/airflow/example_dags/tutorial_taskflow_templates.py
[2026-09-22T13:35:16.836+0200] {processor.py:914} INFO - Processing file /Users/swarnalidatta/Desktop/AutoQueryChatbot/.airflow-venv/lib/python3.12/site-packages/airflow/example_dags/tutorial_taskflow_templates.py for tasks to queue
[2026-09-22T13:35:16.836+0200] {logging_mixin.py:190} INFO - [2026-09-22T13:35:16.836+0200] {dagbag.py:588} INFO - Filling up the DagBag from /Users/swarnalidatta/Desktop/AutoQueryChatbot/.airflow-venv/lib/python3.12/site-packages/airflow/example_dags/tutorial_taskflow_templates.py
[2026-09-22T13:35:16.849+0200] {processor.py:925} INFO - DAG(s) 'tutorial_taskflow_templates' retrieved from /Users/swarnalidatta/Desktop/AutoQueryChatbot/.airflow-venv/lib/python3.12/site-packages/airflow/example_dags/tutorial_taskflow_templates.py
[2026-09-22T13:35:16.876+0200] {logging_mixin.py:190} INFO - [2026-09-22T13:35:16.876+0200] {dag.py:3239} INFO - Sync 1 DAGs
[2026-09-22T13:35:16.901+0200] {logging_mixin.py:190} INFO - [2026-09-22T13:35:16.901+0200] {dag.py:4180} INFO - Setting next_dagrun for tutorial_taskflow_templates to 2026-09-21 00:00:00+00:00, run_after=2026-09-22 00:00:00+00:00
[2026-09-22T13:35:16.906+0200] {processor.py:208} INFO - Processing /Users/swarnalidatta/Desktop/AutoQueryChatbot/.airflow-venv/lib/python3.12/site-packages/airflow/example_dags/tutorial_taskflow_templates.py took 0.072 seconds
[2026-09-22T13:36:18.780+0200] {processor.py:186} INFO - Started process (PID=23966) to work on /Users/swarnalidatta/Desktop/AutoQueryChatbot/.airflow-venv/lib/python3.12/site-packages/airflow/example_dags/tutorial_taskflow_templates.py
[2026-09-22T13:36:18.780+0200] {processor.py:914} INFO - Processing file /Users/swarnalidatta/Desktop/AutoQueryChatbot/.airflow-venv/lib/python3.12/site-packages/airflow/example_dags/tutorial_taskflow_templates.py for tasks to queue
[2026-09-22T13:36:18.780+0200] {logging_mixin.py:190} INFO - [2026-09-22T13:36:18.780+0200] {dagbag.py:588} INFO - Filling up the DagBag from /Users/swarnalidatta/Desktop/AutoQueryChatbot/.airflow-venv/lib/python3.12/site-packages/airflow/example_dags/tutorial_taskflow_templates.py
[2026-09-22T13:36:18.793+0200] {processor.py:925} INFO - DAG(s) 'tutorial_taskflow_templates' retrieved from /Users/swarnalidatta/Desktop/AutoQueryChatbot/.airflow-venv/lib/python3.12/site-packages/airflow/example_dags/tutorial_taskflow_templates.py
[2026-09-22T13:36:18.820+0200] {logging_mixin.py:190} INFO - [2026-09-22T13:36:18.819+0200] {dag.py:3239} INFO - Sync 1 DAGs
[2026-09-22T13:36:18.845+0200] {logging_mixin.py:190} INFO - [2026-09-22T13:36:18.845+0200] {dag.py:4180} INFO - Setting next_dagrun for tutorial_taskflow_templates to 2026-09-21 00:00:00+00:00, run_after=2026-09-22 00:00:00+00:00
[2026-09-22T13:36:18.850+0200] {processor.py:208} INFO - Processing /Users/swarnalidatta/Desktop/AutoQueryChatbot/.airflow-venv/lib/python3.12/site-packages/airflow/example_dags/tutorial_taskflow_templates.py took 0.072 seconds
[2026-09-22T13:37:22.598+0200] {processor.py:186} INFO - Started process (PID=24114) to work on /Users/swarnalidatta/Desktop/AutoQueryChatbot/.airflow-venv/lib/python3.12/site-packages/airflow/example_dags/tutorial_taskflow_templates.py
[2026-09-22T13:37:22.598+0200] {processor.py:914} INFO - Processing file /Users/swarnalidatta/Desktop/AutoQueryChatbot/.airflow-venv/lib/python3.12/site-packages/airflow/example_dags/tutorial_taskflow_templates.py for tasks to queue
[2026-09-22T13:37:22.598+0200] {logging_mixin.py:190} INFO - [2026-09-22T13:37:22.598+0200] {dagbag.py:588} INFO - Filling up the DagBag from /Users/swarnalidatta/Desktop/AutoQueryChatbot/.airflow-venv/lib/python3.12/site-packages/airflow/example_dags/tutorial_taskflow_templates.py
[2026-09-22T13:37:22.612+0200] {processor.py:925} INFO - DAG(s) 'tutorial_taskflow_templates' retrieved from /Users/swarnalidatta/Desktop/AutoQueryChatbot/.airflow-venv/lib/python3.12/site-packages/airflow/example_dags/tutorial_taskflow_templates.py
[2026-09-22T13:37:22.639+0200] {logging_mixin.py:190} INFO - [2026-09-22T13:37:22.638+0200] {dag.py:3239} INFO - Sync 1 DAGs
[2026-09-22T13:37:22.665+0200] {logging_mixin.py:190} INFO - [2026-09-22T13:37:22.665+0200] {dag.py:4180} INFO - Setting next_dagrun for tutorial_taskflow_templates to 2026-09-21 00:00:00+00:00, run_after=2026-09-22 00:00:00+00:00
[2026-09-22T13:37:22.670+0200] {processor.py:208} INFO - Processing /Users/swarnalidatta/Desktop/AutoQueryChatbot/.airflow-venv/lib/python3.12/site-packages/airflow/example_dags/tutorial_taskflow_templates.py took 0.073 seconds
[2026-09-22T13:38:29.157+0200] {processor.py:186} INFO - Started process (PID=24483) to work on /Users/swarnalidatta/Desktop/AutoQueryChatbot/.airflow-venv/lib/python3.12/site-packages/airflow/example_dags/tutorial_taskflow_templates.py
[2026-09-22T13:38:29.158+0200] {processor.py:914} INFO - Processing file /Users/swarnalidatta/Desktop/AutoQueryChatbot/.airflow-venv/lib/python3.12/site-packages/airflow/example_dags/tutorial_taskflow_templates.py for tasks to queue
[2026-09-22T13:38:29.158+0200] {logging_mixin.py:190} INFO - [2026-09-22T13:38:29.158+0200] {dagbag.py:588} INFO - Filling up the DagBag from /Users/swarnalidatta/Desktop/AutoQueryChatbot/.airflow-venv/lib/python3.12/site-packages/airflow/example_dags/tutorial_taskflow_templates.py
[2026-09-22T13:38:29.175+0200] {processor.py:925} INFO - DAG(s) 'tutorial_taskflow_templates' retrieved from /Users/swarnalidatta/Desktop/AutoQueryChatbot/.airflow-venv/lib/python3.12/site-packages/airflow/example_dags/tutorial_taskflow_templates.py
[2026-09-22T13:38:29.225+0200] {logging_mixin.py:190} INFO - [2026-09-22T13:38:29.225+0200] {dag.py:3239} INFO - Sync 1 DAGs
[2026-09-22T13:38:29.231+0200] {logging_mixin.py:190} INFO - [2026-09-22T13:38:29.231+0200] {dag.py:4180} INFO - Setting next_dagrun for tutorial_taskflow_templates to 2026-09-21 00:00:00+00:00, run_after=2026-09-22 00:00:00+00:00
[2026-09-22T13:38:29.236+0200] {processor.py:208} INFO - Processing /Users/swarnalidatta/Desktop/AutoQueryChatbot/.airflow-venv/lib/python3.12/site-packages/airflow/example_dags/tutorial_taskflow_templates.py took 0.080 seconds
[2026-09-22T13:39:36.452+0200] {processor.py:186} INFO - Started process (PID=24926) to work on /Users/swarnalidatta/Desktop/AutoQueryChatbot/.airflow-venv/lib/python3.12/site-packages/airflow/example_dags/tutorial_taskflow_templates.py
[2026-09-22T13:39:36.453+0200] {processor.py:914} INFO - Processing file /Users/swarnalidatta/Desktop/AutoQueryChatbot/.airflow-venv/lib/python3.12/site-packages/airflow/example_dags/tutorial_taskflow_templates.py for tasks to queue
[2026-09-22T13:39:36.453+0200] {logging_mixin.py:190} INFO - [2026-09-22T13:39:36.453+0200] {dagbag.py:588} INFO - Filling up the DagBag from /Users/swarnalidatta/Desktop/AutoQueryChatbot/.airflow-venv/lib/python3.12/site-packages/airflow/example_dags/tutorial_taskflow_templates.py
[2026-09-22T13:39:36.467+0200] {processor.py:925} INFO - DAG(s) 'tutorial_taskflow_templates' retrieved from /Users/swarnalidatta/Desktop/AutoQueryChatbot/.airflow-venv/lib/python3.12/site-packages/airflow/example_dags/tutorial_taskflow_templates.py
[2026-09-22T13:39:36.515+0200] {logging_mixin.py:190} INFO - [2026-09-22T13:39:36.515+0200] {dag.py:3239} INFO - Sync 1 DAGs
[2026-09-22T13:39:36.520+0200] {logging_mixin.py:190} INFO - [2026-09-22T13:39:36.520+0200] {dag.py:4180} INFO - Setting next_dagrun for tutorial_taskflow_templates to 2026-09-21 00:00:00+00:00, run_after=2026-09-22 00:00:00+00:00
[2026-09-22T13:39:36.525+0200] {processor.py:208} INFO - Processing /Users/swarnalidatta/Desktop/AutoQueryChatbot/.airflow-venv/lib/python3.12/site-packages/airflow/example_dags/tutorial_taskflow_templates.py took 0.074 seconds
[2026-09-22T13:40:43.850+0200] {processor.py:186} INFO - Started process (PID=25071) to work on /Users/swarnalidatta/Desktop/AutoQueryChatbot/.airflow-venv/lib/python3.12/site-packages/airflow/example_dags/tutorial_taskflow_templates.py
[2026-09-22T13:40:43.851+0200] {processor.py:914} INFO - Processing file /Users/swarnalidatta/Desktop/AutoQueryChatbot/.airflow-venv/lib/python3.12/site-packages/airflow/example_dags/tutorial_taskflow_templates.py for tasks to queue
[2026-09-22T13:40:43.851+0200] {logging_mixin.py:190} INFO - [2026-09-22T13:40:43.851+0200] {dagbag.py:588} INFO - Filling up the DagBag from /Users/swarnalidatta/Desktop/AutoQueryChatbot/.airflow-venv/lib/python3.12/site-packages/airflow/example_dags/tutorial_taskflow_templates.py
[2026-09-22T13:40:43.864+0200] {processor.py:925} INFO - DAG(s) 'tutorial_taskflow_templates' retrieved from /Users/swarnalidatta/Desktop/AutoQueryChatbot/.airflow-venv/lib/python3.12/site-packages/airflow/example_dags/tutorial_taskflow_templates.py
[2026-09-22T13:40:43.911+0200] {logging_mixin.py:190} INFO - [2026-09-22T13:40:43.911+0200] {dag.py:3239} INFO - Sync 1 DAGs
[2026-09-22T13:40:43.916+0200] {logging_mixin.py:190} INFO - [2026-09-22T13:40:43.916+0200] {dag.py:4180} INFO - Setting next_dagrun for tutorial_taskflow_templates to 2026-09-21 00:00:00+00:00, run_after=2026-09-22 00:00:00+00:00
[2026-09-22T13:40:43.921+0200] {processor.py:208} INFO - Processing /Users/swarnalidatta/Desktop/AutoQueryChatbot/.airflow-venv/lib/python3.12/site-packages/airflow/example_dags/tutorial_taskflow_templates.py took 0.072 seconds
[2026-09-22T13:41:53.279+0200] {processor.py:186} INFO - Started process (PID=25415) to work on /Users/swarnalidatta/Desktop/AutoQueryChatbot/.airflow-venv/lib/python3.12/site-packages/airflow/example_dags/tutorial_taskflow_templates.py
[2026-09-22T13:41:53.279+0200] {processor.py:914} INFO - Processing file /Users/swarnalidatta/Desktop/AutoQueryChatbot/.airflow-venv/lib/python3.12/site-packages/airflow/example_dags/tutorial_taskflow_templates.py for tasks to queue
[2026-09-22T13:41:53.280+0200] {logging_mixin.py:190} INFO - [2026-09-22T13:41:53.280+0200] {dagbag.py:588} INFO - Filling up the DagBag from /Users/swarnalidatta/Desktop/AutoQueryChatbot/.airflow-venv/lib/python3.12/site-packages/airflow/example_dags/tutorial_taskflow_templates.py
[2026-09-22T13:41:53.293+0200] {processor.py:925} INFO - DAG(s) 'tutorial_taskflow_templates' retrieved from /Users/swarnalidatta/Desktop/AutoQueryChatbot/.airflow-venv/lib/python3.12/site-packages/airflow/example_dags/tutorial_taskflow_templates.py
[2026-09-22T13:41:53.341+0200] {logging_mixin.py:190} INFO - [2026-09-22T13:41:53.341+0200] {dag.py:3239} INFO - Sync 1 DAGs
[2026-09-22T13:41:53.346+0200] {logging_mixin.py:190} INFO - [2026-09-22T13:41:53.346+0200] {dag.py:4180} INFO - Setting next_dagrun for tutorial_taskflow_templates to 2026-09-21 00:00:00+00:00, run_after=2026-09-22 00:00:00+00:00
[2026-09-22T13:41:53.351+0200] {processor.py:208} INFO - Processing /Users/swarnalidatta/Desktop/AutoQueryChatbot/.airflow-venv/lib/python3.12/site-packages/airflow/example_dags/tutorial_taskflow_templates.py took 0.073 seconds
[2026-09-22T13:42:59.599+0200] {processor.py:186} INFO - Started process (PID=25564) to work on /Users/swarnalidatta/Desktop/AutoQueryChatbot/.airflow-venv/lib/python3.12/site-packages/airflow/example_dags/tutorial_taskflow_templates.py
[2026-09-22T13:42:59.600+0200] {processor.py:914} INFO - Processing file /Users/swarnalidatta/Desktop/AutoQueryChatbot/.airflow-venv/lib/python3.12/site-packages/airflow/example_dags/tutorial_taskflow_templates.py for tasks to queue
[2026-09-22T13:42:59.600+0200] {logging_mixin.py:190} INFO - [2026-09-22T13:42:59.600+0200] {dagbag.py:588} INFO - Filling up the DagBag from /Users/swarnalidatta/Desktop/AutoQueryChatbot/.airflow-venv/lib/python3.12/site-packages/airflow/example_dags/tutorial_taskflow_templates.py
[2026-09-22T13:42:59.613+0200] {processor.py:925} INFO - DAG(s) 'tutorial_taskflow_templates' retrieved from /Users/swarnalidatta/Desktop/AutoQueryChatbot/.airflow-venv/lib/python3.12/site-packages/airflow/example_dags/tutorial_taskflow_templates.py
[2026-09-22T13:42:59.661+0200] {logging_mixin.py:190} INFO - [2026-09-22T13:42:59.661+0200] {dag.py:3239} INFO - Sync 1 DAGs
[2026-09-22T13:42:59.666+0200] {logging_mixin.py:190} INFO - [2026-09-22T13:42:59.666+0200] {dag.py:4180} INFO - Setting next_dagrun for tutorial_taskflow_templates to 2026-09-21 00:00:00+00:00, run_after=2026-09-22 00:00:00+00:00
[2026-09-22T13:42:59.671+0200] {processor.py:208} INFO - Processing /Users/swarnalidatta/Desktop/AutoQueryChatbot/.airflow-venv/lib/python3.12/site-packages/airflow/example_dags/tutorial_taskflow_templates.py took 0.073 seconds
[2026-09-22T13:44:04.199+0200] {processor.py:186} INFO - Started process (PID=25704) to work on /Users/swarnalidatta/Desktop/AutoQueryChatbot/.airflow-venv/lib/python3.12/site-packages/airflow/example_dags/tutorial_taskflow_templates.py
[2026-09-22T13:44:04.200+0200] {processor.py:914} INFO - Processing file /Users/swarnalidatta/Desktop/AutoQueryChatbot/.airflow-venv/lib/python3.12/site-packages/airflow/example_dags/tutorial_taskflow_templates.py for tasks to queue
[2026-09-22T13:44:04.200+0200] {logging_mixin.py:190} INFO - [2026-09-22T13:44:04.200+0200] {dagbag.py:588} INFO - Filling up the DagBag from /Users/swarnalidatta/Desktop/AutoQueryChatbot/.airflow-venv/lib/python3.12/site-packages/airflow/example_dags/tutorial_taskflow_templates.py
[2026-09-22T13:44:04.214+0200] {processor.py:925} INFO - DAG(s) 'tutorial_taskflow_templates' retrieved from /Users/swarnalidatta/Desktop/AutoQueryChatbot/.airflow-venv/lib/python3.12/site-packages/airflow/example_dags/tutorial_taskflow_templates.py
[2026-09-22T13:44:04.261+0200] {logging_mixin.py:190} INFO - [2026-09-22T13:44:04.261+0200] {dag.py:3239} INFO - Sync 1 DAGs
[2026-09-22T13:44:04.266+0200] {logging_mixin.py:190} INFO - [2026-09-22T13:44:04.266+0200] {dag.py:4180} INFO - Setting next_dagrun for tutorial_taskflow_templates to 2026-09-21 00:00:00+00:00, run_after=2026-09-22 00:00:00+00:00
[2026-09-22T13:44:04.272+0200] {processor.py:208} INFO - Processing /Users/swarnalidatta/Desktop/AutoQueryChatbot/.airflow-venv/lib/python3.12/site-packages/airflow/example_dags/tutorial_taskflow_templates.py took 0.073 seconds
[2026-09-22T13:45:09.836+0200] {processor.py:186} INFO - Started process (PID=25853) to work on /Users/swarnalidatta/Desktop/AutoQueryChatbot/.airflow-venv/lib/python3.12/site-packages/airflow/example_dags/tutorial_taskflow_templates.py
[2026-09-22T13:45:09.836+0200] {processor.py:914} INFO - Processing file /Users/swarnalidatta/Desktop/AutoQueryChatbot/.airflow-venv/lib/python3.12/site-packages/airflow/example_dags/tutorial_taskflow_templates.py for tasks to queue
[2026-09-22T13:45:09.836+0200] {logging_mixin.py:190} INFO - [2026-09-22T13:45:09.836+0200] {dagbag.py:588} INFO - Filling up the DagBag from /Users/swarnalidatta/Desktop/AutoQueryChatbot/.airflow-venv/lib/python3.12/site-packages/airflow/example_dags/tutorial_taskflow_templates.py
[2026-09-22T13:45:09.850+0200] {processor.py:925} INFO - DAG(s) 'tutorial_taskflow_templates' retrieved from /Users/swarnalidatta/Desktop/AutoQueryChatbot/.airflow-venv/lib/python3.12/site-packages/airflow/example_dags/tutorial_taskflow_templates.py
[2026-09-22T13:45:09.897+0200] {logging_mixin.py:190} INFO - [2026-09-22T13:45:09.897+0200] {dag.py:3239} INFO - Sync 1 DAGs
[2026-09-22T13:45:09.902+0200] {logging_mixin.py:190} INFO - [2026-09-22T13:45:09.902+0200] {dag.py:4180} INFO - Setting next_dagrun for tutorial_taskflow_templates to 2026-09-21 00:00:00+00:00, run_after=2026-09-22 00:00:00+00:00
[2026-09-22T13:45:09.907+0200] {processor.py:208} INFO - Processing /Users/swarnalidatta/Desktop/AutoQueryChatbot/.airflow-venv/lib/python3.12/site-packages/airflow/example_dags/tutorial_taskflow_templates.py took 0.072 seconds
[2026-09-22T13:46:17.311+0200] {processor.py:186} INFO - Started process (PID=26003) to work on /Users/swarnalidatta/Desktop/AutoQueryChatbot/.airflow-venv/lib/python3.12/site-packages/airflow/example_dags/tutorial_taskflow_templates.py
[2026-09-22T13:46:17.311+0200] {processor.py:914} INFO - Processing file /Users/swarnalidatta/Desktop/AutoQueryChatbot/.airflow-venv/lib/python3.12/site-packages/airflow/example_dags/tutorial_taskflow_templates.py for tasks to queue
[2026-09-22T13:46:17.312+0200] {logging_mixin.py:190} INFO - [2026-09-22T13:46:17.311+0200] {dagbag.py:588} INFO - Filling up the DagBag from /Users/swarnalidatta/Desktop/AutoQueryChatbot/.airflow-venv/lib/python3.12/site-packages/airflow/example_dags/tutorial_taskflow_templates.py
[2026-09-22T13:46:17.325+0200] {processor.py:925} INFO - DAG(s) 'tutorial_taskflow_templates' retrieved from /Users/swarnalidatta/Desktop/AutoQueryChatbot/.airflow-venv/lib/python3.12/site-packages/airflow/example_dags/tutorial_taskflow_templates.py
[2026-09-22T13:46:17.372+0200] {logging_mixin.py:190} INFO - [2026-09-22T13:46:17.372+0200] {dag.py:3239} INFO - Sync 1 DAGs
[2026-09-22T13:46:17.377+0200] {logging_mixin.py:190} INFO - [2026-09-22T13:46:17.377+0200] {dag.py:4180} INFO - Setting next_dagrun for tutorial_taskflow_templates to 2026-09-21 00:00:00+00:00, run_after=2026-09-22 00:00:00+00:00
[2026-09-22T13:46:17.382+0200] {processor.py:208} INFO - Processing /Users/swarnalidatta/Desktop/AutoQueryChatbot/.airflow-venv/lib/python3.12/site-packages/airflow/example_dags/tutorial_taskflow_templates.py took 0.072 seconds
[2026-09-22T13:47:24.078+0200] {processor.py:186} INFO - Started process (PID=26154) to work on /Users/swarnalidatta/Desktop/AutoQueryChatbot/.airflow-venv/lib/python3.12/site-packages/airflow/example_dags/tutorial_taskflow_templates.py
[2026-09-22T13:47:24.079+0200] {processor.py:914} INFO - Processing file /Users/swarnalidatta/Desktop/AutoQueryChatbot/.airflow-venv/lib/python3.12/site-packages/airflow/example_dags/tutorial_taskflow_templates.py for tasks to queue
[2026-09-22T13:47:24.080+0200] {logging_mixin.py:190} INFO - [2026-09-22T13:47:24.080+0200] {dagbag.py:588} INFO - Filling up the DagBag from /Users/swarnalidatta/Desktop/AutoQueryChatbot/.airflow-venv/lib/python3.12/site-packages/airflow/example_dags/tutorial_taskflow_templates.py
[2026-09-22T13:47:24.093+0200] {processor.py:925} INFO - DAG(s) 'tutorial_taskflow_templates' retrieved from /Users/swarnalidatta/Desktop/AutoQueryChatbot/.airflow-venv/lib/python3.12/site-packages/airflow/example_dags/tutorial_taskflow_templates.py
[2026-09-22T13:47:24.140+0200] {logging_mixin.py:190} INFO - [2026-09-22T13:47:24.140+0200] {dag.py:3239} INFO - Sync 1 DAGs
[2026-09-22T13:47:24.145+0200] {logging_mixin.py:190} INFO - [2026-09-22T13:47:24.145+0200] {dag.py:4180} INFO - Setting next_dagrun for tutorial_taskflow_templates to 2026-09-21 00:00:00+00:00, run_after=2026-09-22 00:00:00+00:00
[2026-09-22T13:47:24.150+0200] {processor.py:208} INFO - Processing /Users/swarnalidatta/Desktop/AutoQueryChatbot/.airflow-venv/lib/python3.12/site-packages/airflow/example_dags/tutorial_taskflow_templates.py took 0.073 seconds
[2026-09-22T13:48:28.530+0200] {processor.py:186} INFO - Started process (PID=26302) to work on /Users/swarnalidatta/Desktop/AutoQueryChatbot/.airflow-venv/lib/python3.12/site-packages/airflow/example_dags/tutorial_taskflow_templates.py
[2026-09-22T13:48:28.531+0200] {processor.py:914} INFO - Processing file /Users/swarnalidatta/Desktop/AutoQueryChatbot/.airflow-venv/lib/python3.12/site-packages/airflow/example_dags/tutorial_taskflow_templates.py for tasks to queue
[2026-09-22T13:48:28.531+0200] {logging_mixin.py:190} INFO - [2026-09-22T13:48:28.531+0200] {dagbag.py:588} INFO - Filling up the DagBag from /Users/swarnalidatta/Desktop/AutoQueryChatbot/.airflow-venv/lib/python3.12/site-packages/airflow/example_dags/tutorial_taskflow_templates.py
[2026-09-22T13:48:28.544+0200] {processor.py:925} INFO - DAG(s) 'tutorial_taskflow_templates' retrieved from /Users/swarnalidatta/Desktop/AutoQueryChatbot/.airflow-venv/lib/python3.12/site-packages/airflow/example_dags/tutorial_taskflow_templates.py
[2026-09-22T13:48:28.591+0200] {logging_mixin.py:190} INFO - [2026-09-22T13:48:28.590+0200] {dag.py:3239} INFO - Sync 1 DAGs
[2026-09-22T13:48:28.596+0200] {logging_mixin.py:190} INFO - [2026-09-22T13:48:28.596+0200] {dag.py:4180} INFO - Setting next_dagrun for tutorial_taskflow_templates to 2026-09-21 00:00:00+00:00, run_after=2026-09-22 00:00:00+00:00
[2026-09-22T13:48:28.601+0200] {processor.py:208} INFO - Processing /Users/swarnalidatta/Desktop/AutoQueryChatbot/.airflow-venv/lib/python3.12/site-packages/airflow/example_dags/tutorial_taskflow_templates.py took 0.071 seconds
[2026-09-22T13:52:57.458+0200] {processor.py:186} INFO - Started process (PID=26457) to work on /Users/swarnalidatta/Desktop/AutoQueryChatbot/.airflow-venv/lib/python3.12/site-packages/airflow/example_dags/tutorial_taskflow_templates.py
[2026-09-22T13:52:57.458+0200] {processor.py:914} INFO - Processing file /Users/swarnalidatta/Desktop/AutoQueryChatbot/.airflow-venv/lib/python3.12/site-packages/airflow/example_dags/tutorial_taskflow_templates.py for tasks to queue
[2026-09-22T13:52:57.458+0200] {logging_mixin.py:190} INFO - [2026-09-22T13:52:57.458+0200] {dagbag.py:588} INFO - Filling up the DagBag from /Users/swarnalidatta/Desktop/AutoQueryChatbot/.airflow-venv/lib/python3.12/site-packages/airflow/example_dags/tutorial_taskflow_templates.py
[2026-09-22T13:52:57.471+0200] {processor.py:925} INFO - DAG(s) 'tutorial_taskflow_templates' retrieved from /Users/swarnalidatta/Desktop/AutoQueryChatbot/.airflow-venv/lib/python3.12/site-packages/airflow/example_dags/tutorial_taskflow_templates.py
[2026-09-22T13:52:57.517+0200] {logging_mixin.py:190} INFO - [2026-09-22T13:52:57.517+0200] {dag.py:3239} INFO - Sync 1 DAGs
[2026-09-22T13:52:57.522+0200] {logging_mixin.py:190} INFO - [2026-09-22T13:52:57.522+0200] {dag.py:4180} INFO - Setting next_dagrun for tutorial_taskflow_templates to 2026-09-21 00:00:00+00:00, run_after=2026-09-22 00:00:00+00:00
[2026-09-22T13:52:57.527+0200] {processor.py:208} INFO - Processing /Users/swarnalidatta/Desktop/AutoQueryChatbot/.airflow-venv/lib/python3.12/site-packages/airflow/example_dags/tutorial_taskflow_templates.py took 0.070 seconds
[2026-09-22T13:54:19.490+0200] {processor.py:186} INFO - Started process (PID=26647) to work on /Users/swarnalidatta/Desktop/AutoQueryChatbot/.airflow-venv/lib/python3.12/site-packages/airflow/example_dags/tutorial_taskflow_templates.py
[2026-09-22T13:54:19.490+0200] {processor.py:914} INFO - Processing file /Users/swarnalidatta/Desktop/AutoQueryChatbot/.airflow-venv/lib/python3.12/site-packages/airflow/example_dags/tutorial_taskflow_templates.py for tasks to queue
[2026-09-22T13:54:19.490+0200] {logging_mixin.py:190} INFO - [2026-09-22T13:54:19.490+0200] {dagbag.py:588} INFO - Filling up the DagBag from /Users/swarnalidatta/Desktop/AutoQueryChatbot/.airflow-venv/lib/python3.12/site-packages/airflow/example_dags/tutorial_taskflow_templates.py
[2026-09-22T13:54:19.503+0200] {processor.py:925} INFO - DAG(s) 'tutorial_taskflow_templates' retrieved from /Users/swarnalidatta/Desktop/AutoQueryChatbot/.airflow-venv/lib/python3.12/site-packages/airflow/example_dags/tutorial_taskflow_templates.py
[2026-09-22T13:54:19.549+0200] {logging_mixin.py:190} INFO - [2026-09-22T13:54:19.549+0200] {dag.py:3239} INFO - Sync 1 DAGs
[2026-09-22T13:54:19.554+0200] {logging_mixin.py:190} INFO - [2026-09-22T13:54:19.554+0200] {dag.py:4180} INFO - Setting next_dagrun for tutorial_taskflow_templates to 2026-09-21 00:00:00+00:00, run_after=2026-09-22 00:00:00+00:00
[2026-09-22T13:54:19.559+0200] {processor.py:208} INFO - Processing /Users/swarnalidatta/Desktop/AutoQueryChatbot/.airflow-venv/lib/python3.12/site-packages/airflow/example_dags/tutorial_taskflow_templates.py took 0.071 seconds
[2026-09-22T13:55:26.506+0200] {processor.py:186} INFO - Started process (PID=26793) to work on /Users/swarnalidatta/Desktop/AutoQueryChatbot/.airflow-venv/lib/python3.12/site-packages/airflow/example_dags/tutorial_taskflow_templates.py
[2026-09-22T13:55:26.507+0200] {processor.py:914} INFO - Processing file /Users/swarnalidatta/Desktop/AutoQueryChatbot/.airflow-venv/lib/python3.12/site-packages/airflow/example_dags/tutorial_taskflow_templates.py for tasks to queue
[2026-09-22T13:55:26.507+0200] {logging_mixin.py:190} INFO - [2026-09-22T13:55:26.507+0200] {dagbag.py:588} INFO - Filling up the DagBag from /Users/swarnalidatta/Desktop/AutoQueryChatbot/.airflow-venv/lib/python3.12/site-packages/airflow/example_dags/tutorial_taskflow_templates.py
[2026-09-22T13:55:26.520+0200] {processor.py:925} INFO - DAG(s) 'tutorial_taskflow_templates' retrieved from /Users/swarnalidatta/Desktop/AutoQueryChatbot/.airflow-venv/lib/python3.12/site-packages/airflow/example_dags/tutorial_taskflow_templates.py
[2026-09-22T13:55:26.568+0200] {logging_mixin.py:190} INFO - [2026-09-22T13:55:26.568+0200] {dag.py:3239} INFO - Sync 1 DAGs
[2026-09-22T13:55:26.573+0200] {logging_mixin.py:190} INFO - [2026-09-22T13:55:26.573+0200] {dag.py:4180} INFO - Setting next_dagrun for tutorial_taskflow_templates to 2026-09-21 00:00:00+00:00, run_after=2026-09-22 00:00:00+00:00
[2026-09-22T13:55:26.578+0200] {processor.py:208} INFO - Processing /Users/swarnalidatta/Desktop/AutoQueryChatbot/.airflow-venv/lib/python3.12/site-packages/airflow/example_dags/tutorial_taskflow_templates.py took 0.073 seconds
[2026-09-22T13:56:33.491+0200] {processor.py:186} INFO - Started process (PID=26939) to work on /Users/swarnalidatta/Desktop/AutoQueryChatbot/.airflow-venv/lib/python3.12/site-packages/airflow/example_dags/tutorial_taskflow_templates.py
[2026-09-22T13:56:33.491+0200] {processor.py:914} INFO - Processing file /Users/swarnalidatta/Desktop/AutoQueryChatbot/.airflow-venv/lib/python3.12/site-packages/airflow/example_dags/tutorial_taskflow_templates.py for tasks to queue
[2026-09-22T13:56:33.491+0200] {logging_mixin.py:190} INFO - [2026-09-22T13:56:33.491+0200] {dagbag.py:588} INFO - Filling up the DagBag from /Users/swarnalidatta/Desktop/AutoQueryChatbot/.airflow-venv/lib/python3.12/site-packages/airflow/example_dags/tutorial_taskflow_templates.py
[2026-09-22T13:56:33.505+0200] {processor.py:925} INFO - DAG(s) 'tutorial_taskflow_templates' retrieved from /Users/swarnalidatta/Desktop/AutoQueryChatbot/.airflow-venv/lib/python3.12/site-packages/airflow/example_dags/tutorial_taskflow_templates.py
[2026-09-22T13:56:33.552+0200] {logging_mixin.py:190} INFO - [2026-09-22T13:56:33.552+0200] {dag.py:3239} INFO - Sync 1 DAGs
[2026-09-22T13:56:33.557+0200] {logging_mixin.py:190} INFO - [2026-09-22T13:56:33.557+0200] {dag.py:4180} INFO - Setting next_dagrun for tutorial_taskflow_templates to 2026-09-21 00:00:00+00:00, run_after=2026-09-22 00:00:00+00:00
[2026-09-22T13:56:33.562+0200] {processor.py:208} INFO - Processing /Users/swarnalidatta/Desktop/AutoQueryChatbot/.airflow-venv/lib/python3.12/site-packages/airflow/example_dags/tutorial_taskflow_templates.py took 0.073 seconds
[2026-09-22T13:57:41.859+0200] {processor.py:186} INFO - Started process (PID=27089) to work on /Users/swarnalidatta/Desktop/AutoQueryChatbot/.airflow-venv/lib/python3.12/site-packages/airflow/example_dags/tutorial_taskflow_templates.py
[2026-09-22T13:57:41.859+0200] {processor.py:914} INFO - Processing file /Users/swarnalidatta/Desktop/AutoQueryChatbot/.airflow-venv/lib/python3.12/site-packages/airflow/example_dags/tutorial_taskflow_templates.py for tasks to queue
[2026-09-22T13:57:41.859+0200] {logging_mixin.py:190} INFO - [2026-09-22T13:57:41.859+0200] {dagbag.py:588} INFO - Filling up the DagBag from /Users/swarnalidatta/Desktop/AutoQueryChatbot/.airflow-venv/lib/python3.12/site-packages/airflow/example_dags/tutorial_taskflow_templates.py
[2026-09-22T13:57:41.873+0200] {processor.py:925} INFO - DAG(s) 'tutorial_taskflow_templates' retrieved from /Users/swarnalidatta/Desktop/AutoQueryChatbot/.airflow-venv/lib/python3.12/site-packages/airflow/example_dags/tutorial_taskflow_templates.py
[2026-09-22T13:57:41.920+0200] {logging_mixin.py:190} INFO - [2026-09-22T13:57:41.920+0200] {dag.py:3239} INFO - Sync 1 DAGs
[2026-09-22T13:57:41.925+0200] {logging_mixin.py:190} INFO - [2026-09-22T13:57:41.925+0200] {dag.py:4180} INFO - Setting next_dagrun for tutorial_taskflow_templates to 2026-09-21 00:00:00+00:00, run_after=2026-09-22 00:00:00+00:00
[2026-09-22T13:57:41.930+0200] {processor.py:208} INFO - Processing /Users/swarnalidatta/Desktop/AutoQueryChatbot/.airflow-venv/lib/python3.12/site-packages/airflow/example_dags/tutorial_taskflow_templates.py took 0.072 seconds
[2026-09-22T13:58:45.688+0200] {processor.py:186} INFO - Started process (PID=27234) to work on /Users/swarnalidatta/Desktop/AutoQueryChatbot/.airflow-venv/lib/python3.12/site-packages/airflow/example_dags/tutorial_taskflow_templates.py
[2026-09-22T13:58:45.688+0200] {processor.py:914} INFO - Processing file /Users/swarnalidatta/Desktop/AutoQueryChatbot/.airflow-venv/lib/python3.12/site-packages/airflow/example_dags/tutorial_taskflow_templates.py for tasks to queue
[2026-09-22T13:58:45.688+0200] {logging_mixin.py:190} INFO - [2026-09-22T13:58:45.688+0200] {dagbag.py:588} INFO - Filling up the DagBag from /Users/swarnalidatta/Desktop/AutoQueryChatbot/.airflow-venv/lib/python3.12/site-packages/airflow/example_dags/tutorial_taskflow_templates.py
[2026-09-22T13:58:45.702+0200] {processor.py:925} INFO - DAG(s) 'tutorial_taskflow_templates' retrieved from /Users/swarnalidatta/Desktop/AutoQueryChatbot/.airflow-venv/lib/python3.12/site-packages/airflow/example_dags/tutorial_taskflow_templates.py
[2026-09-22T13:58:45.749+0200] {logging_mixin.py:190} INFO - [2026-09-22T13:58:45.749+0200] {dag.py:3239} INFO - Sync 1 DAGs
[2026-09-22T13:58:45.754+0200] {logging_mixin.py:190} INFO - [2026-09-22T13:58:45.754+0200] {dag.py:4180} INFO - Setting next_dagrun for tutorial_taskflow_templates to 2026-09-21 00:00:00+00:00, run_after=2026-09-22 00:00:00+00:00
[2026-09-22T13:58:45.759+0200] {processor.py:208} INFO - Processing /Users/swarnalidatta/Desktop/AutoQueryChatbot/.airflow-venv/lib/python3.12/site-packages/airflow/example_dags/tutorial_taskflow_templates.py took 0.072 seconds
[2026-09-22T14:13:54.488+0200] {processor.py:186} INFO - Started process (PID=27396) to work on /Users/swarnalidatta/Desktop/AutoQueryChatbot/.airflow-venv/lib/python3.12/site-packages/airflow/example_dags/tutorial_taskflow_templates.py
[2026-09-22T14:13:54.488+0200] {processor.py:914} INFO - Processing file /Users/swarnalidatta/Desktop/AutoQueryChatbot/.airflow-venv/lib/python3.12/site-packages/airflow/example_dags/tutorial_taskflow_templates.py for tasks to queue
[2026-09-22T14:13:54.489+0200] {logging_mixin.py:190} INFO - [2026-09-22T14:13:54.489+0200] {dagbag.py:588} INFO - Filling up the DagBag from /Users/swarnalidatta/Desktop/AutoQueryChatbot/.airflow-venv/lib/python3.12/site-packages/airflow/example_dags/tutorial_taskflow_templates.py
[2026-09-22T14:13:54.502+0200] {processor.py:925} INFO - DAG(s) 'tutorial_taskflow_templates' retrieved from /Users/swarnalidatta/Desktop/AutoQueryChatbot/.airflow-venv/lib/python3.12/site-packages/airflow/example_dags/tutorial_taskflow_templates.py
[2026-09-22T14:13:54.547+0200] {logging_mixin.py:190} INFO - [2026-09-22T14:13:54.547+0200] {dag.py:3239} INFO - Sync 1 DAGs
[2026-09-22T14:13:54.552+0200] {logging_mixin.py:190} INFO - [2026-09-22T14:13:54.552+0200] {dag.py:4180} INFO - Setting next_dagrun for tutorial_taskflow_templates to 2026-09-21 00:00:00+00:00, run_after=2026-09-22 00:00:00+00:00
[2026-09-22T14:13:54.557+0200] {processor.py:208} INFO - Processing /Users/swarnalidatta/Desktop/AutoQueryChatbot/.airflow-venv/lib/python3.12/site-packages/airflow/example_dags/tutorial_taskflow_templates.py took 0.070 seconds
[2026-09-22T14:15:24.759+0200] {processor.py:186} INFO - Started process (PID=27599) to work on /Users/swarnalidatta/Desktop/AutoQueryChatbot/.airflow-venv/lib/python3.12/site-packages/airflow/example_dags/tutorial_taskflow_templates.py
[2026-09-22T14:15:24.759+0200] {processor.py:914} INFO - Processing file /Users/swarnalidatta/Desktop/AutoQueryChatbot/.airflow-venv/lib/python3.12/site-packages/airflow/example_dags/tutorial_taskflow_templates.py for tasks to queue
[2026-09-22T14:15:24.759+0200] {logging_mixin.py:190} INFO - [2026-09-22T14:15:24.759+0200] {dagbag.py:588} INFO - Filling up the DagBag from /Users/swarnalidatta/Desktop/AutoQueryChatbot/.airflow-venv/lib/python3.12/site-packages/airflow/example_dags/tutorial_taskflow_templates.py
[2026-09-22T14:15:24.772+0200] {processor.py:925} INFO - DAG(s) 'tutorial_taskflow_templates' retrieved from /Users/swarnalidatta/Desktop/AutoQueryChatbot/.airflow-venv/lib/python3.12/site-packages/airflow/example_dags/tutorial_taskflow_templates.py
[2026-09-22T14:15:24.819+0200] {logging_mixin.py:190} INFO - [2026-09-22T14:15:24.819+0200] {dag.py:3239} INFO - Sync 1 DAGs
[2026-09-22T14:15:24.824+0200] {logging_mixin.py:190} INFO - [2026-09-22T14:15:24.824+0200] {dag.py:4180} INFO - Setting next_dagrun for tutorial_taskflow_templates to 2026-09-21 00:00:00+00:00, run_after=2026-09-22 00:00:00+00:00
[2026-09-22T14:15:24.829+0200] {processor.py:208} INFO - Processing /Users/swarnalidatta/Desktop/AutoQueryChatbot/.airflow-venv/lib/python3.12/site-packages/airflow/example_dags/tutorial_taskflow_templates.py took 0.071 seconds
[2026-09-22T14:16:28.206+0200] {processor.py:186} INFO - Started process (PID=27743) to work on /Users/swarnalidatta/Desktop/AutoQueryChatbot/.airflow-venv/lib/python3.12/site-packages/airflow/example_dags/tutorial_taskflow_templates.py
[2026-09-22T14:16:28.207+0200] {processor.py:914} INFO - Processing file /Users/swarnalidatta/Desktop/AutoQueryChatbot/.airflow-venv/lib/python3.12/site-packages/airflow/example_dags/tutorial_taskflow_templates.py for tasks to queue
[2026-09-22T14:16:28.207+0200] {logging_mixin.py:190} INFO - [2026-09-22T14:16:28.207+0200] {dagbag.py:588} INFO - Filling up the DagBag from /Users/swarnalidatta/Desktop/AutoQueryChatbot/.airflow-venv/lib/python3.12/site-packages/airflow/example_dags/tutorial_taskflow_templates.py
[2026-09-22T14:16:28.220+0200] {processor.py:925} INFO - DAG(s) 'tutorial_taskflow_templates' retrieved from /Users/swarnalidatta/Desktop/AutoQueryChatbot/.airflow-venv/lib/python3.12/site-packages/airflow/example_dags/tutorial_taskflow_templates.py
[2026-09-22T14:16:28.267+0200] {logging_mixin.py:190} INFO - [2026-09-22T14:16:28.267+0200] {dag.py:3239} INFO - Sync 1 DAGs
[2026-09-22T14:16:28.272+0200] {logging_mixin.py:190} INFO - [2026-09-22T14:16:28.272+0200] {dag.py:4180} INFO - Setting next_dagrun for tutorial_taskflow_templates to 2026-09-21 00:00:00+00:00, run_after=2026-09-22 00:00:00+00:00
[2026-09-22T14:16:28.277+0200] {processor.py:208} INFO - Processing /Users/swarnalidatta/Desktop/AutoQueryChatbot/.airflow-venv/lib/python3.12/site-packages/airflow/example_dags/tutorial_taskflow_templates.py took 0.072 seconds
[2026-09-22T14:35:16.713+0200] {processor.py:186} INFO - Started process (PID=27899) to work on /Users/swarnalidatta/Desktop/AutoQueryChatbot/.airflow-venv/lib/python3.12/site-packages/airflow/example_dags/tutorial_taskflow_templates.py
[2026-09-22T14:35:16.713+0200] {processor.py:914} INFO - Processing file /Users/swarnalidatta/Desktop/AutoQueryChatbot/.airflow-venv/lib/python3.12/site-packages/airflow/example_dags/tutorial_taskflow_templates.py for tasks to queue
[2026-09-22T14:35:16.714+0200] {logging_mixin.py:190} INFO - [2026-09-22T14:35:16.714+0200] {dagbag.py:588} INFO - Filling up the DagBag from /Users/swarnalidatta/Desktop/AutoQueryChatbot/.airflow-venv/lib/python3.12/site-packages/airflow/example_dags/tutorial_taskflow_templates.py
[2026-09-22T14:35:16.727+0200] {processor.py:925} INFO - DAG(s) 'tutorial_taskflow_templates' retrieved from /Users/swarnalidatta/Desktop/AutoQueryChatbot/.airflow-venv/lib/python3.12/site-packages/airflow/example_dags/tutorial_taskflow_templates.py
[2026-09-22T14:35:16.773+0200] {logging_mixin.py:190} INFO - [2026-09-22T14:35:16.772+0200] {dag.py:3239} INFO - Sync 1 DAGs
[2026-09-22T14:35:16.777+0200] {logging_mixin.py:190} INFO - [2026-09-22T14:35:16.777+0200] {dag.py:4180} INFO - Setting next_dagrun for tutorial_taskflow_templates to 2026-09-21 00:00:00+00:00, run_after=2026-09-22 00:00:00+00:00
[2026-09-22T14:35:16.782+0200] {processor.py:208} INFO - Processing /Users/swarnalidatta/Desktop/AutoQueryChatbot/.airflow-venv/lib/python3.12/site-packages/airflow/example_dags/tutorial_taskflow_templates.py took 0.070 seconds
[2026-09-22T14:45:38.951+0200] {processor.py:186} INFO - Started process (PID=28119) to work on /Users/swarnalidatta/Desktop/AutoQueryChatbot/.airflow-venv/lib/python3.12/site-packages/airflow/example_dags/tutorial_taskflow_templates.py
[2026-09-22T14:45:38.951+0200] {processor.py:914} INFO - Processing file /Users/swarnalidatta/Desktop/AutoQueryChatbot/.airflow-venv/lib/python3.12/site-packages/airflow/example_dags/tutorial_taskflow_templates.py for tasks to queue
[2026-09-22T14:45:38.951+0200] {logging_mixin.py:190} INFO - [2026-09-22T14:45:38.951+0200] {dagbag.py:588} INFO - Filling up the DagBag from /Users/swarnalidatta/Desktop/AutoQueryChatbot/.airflow-venv/lib/python3.12/site-packages/airflow/example_dags/tutorial_taskflow_templates.py
[2026-09-22T14:45:38.965+0200] {processor.py:925} INFO - DAG(s) 'tutorial_taskflow_templates' retrieved from /Users/swarnalidatta/Desktop/AutoQueryChatbot/.airflow-venv/lib/python3.12/site-packages/airflow/example_dags/tutorial_taskflow_templates.py
[2026-09-22T14:45:39.012+0200] {logging_mixin.py:190} INFO - [2026-09-22T14:45:39.012+0200] {dag.py:3239} INFO - Sync 1 DAGs
[2026-09-22T14:45:39.017+0200] {logging_mixin.py:190} INFO - [2026-09-22T14:45:39.017+0200] {dag.py:4180} INFO - Setting next_dagrun for tutorial_taskflow_templates to 2026-09-21 00:00:00+00:00, run_after=2026-09-22 00:00:00+00:00
[2026-09-22T14:45:39.022+0200] {processor.py:208} INFO - Processing /Users/swarnalidatta/Desktop/AutoQueryChatbot/.airflow-venv/lib/python3.12/site-packages/airflow/example_dags/tutorial_taskflow_templates.py took 0.072 seconds
[2026-09-22T14:46:47.016+0200] {processor.py:186} INFO - Started process (PID=28268) to work on /Users/swarnalidatta/Desktop/AutoQueryChatbot/.airflow-venv/lib/python3.12/site-packages/airflow/example_dags/tutorial_taskflow_templates.py
[2026-09-22T14:46:47.016+0200] {processor.py:914} INFO - Processing file /Users/swarnalidatta/Desktop/AutoQueryChatbot/.airflow-venv/lib/python3.12/site-packages/airflow/example_dags/tutorial_taskflow_templates.py for tasks to queue
[2026-09-22T14:46:47.017+0200] {logging_mixin.py:190} INFO - [2026-09-22T14:46:47.016+0200] {dagbag.py:588} INFO - Filling up the DagBag from /Users/swarnalidatta/Desktop/AutoQueryChatbot/.airflow-venv/lib/python3.12/site-packages/airflow/example_dags/tutorial_taskflow_templates.py
[2026-09-22T14:46:47.030+0200] {processor.py:925} INFO - DAG(s) 'tutorial_taskflow_templates' retrieved from /Users/swarnalidatta/Desktop/AutoQueryChatbot/.airflow-venv/lib/python3.12/site-packages/airflow/example_dags/tutorial_taskflow_templates.py
[2026-09-22T14:46:47.076+0200] {logging_mixin.py:190} INFO - [2026-09-22T14:46:47.076+0200] {dag.py:3239} INFO - Sync 1 DAGs
[2026-09-22T14:46:47.081+0200] {logging_mixin.py:190} INFO - [2026-09-22T14:46:47.081+0200] {dag.py:4180} INFO - Setting next_dagrun for tutorial_taskflow_templates to 2026-09-21 00:00:00+00:00, run_after=2026-09-22 00:00:00+00:00
[2026-09-22T14:46:47.086+0200] {processor.py:208} INFO - Processing /Users/swarnalidatta/Desktop/AutoQueryChatbot/.airflow-venv/lib/python3.12/site-packages/airflow/example_dags/tutorial_taskflow_templates.py took 0.071 seconds
[2026-09-22T14:48:26.222+0200] {processor.py:186} INFO - Started process (PID=28417) to work on /Users/swarnalidatta/Desktop/AutoQueryChatbot/.airflow-venv/lib/python3.12/site-packages/airflow/example_dags/tutorial_taskflow_templates.py
[2026-09-22T14:48:26.222+0200] {processor.py:914} INFO - Processing file /Users/swarnalidatta/Desktop/AutoQueryChatbot/.airflow-venv/lib/python3.12/site-packages/airflow/example_dags/tutorial_taskflow_templates.py for tasks to queue
[2026-09-22T14:48:26.223+0200] {logging_mixin.py:190} INFO - [2026-09-22T14:48:26.223+0200] {dagbag.py:588} INFO - Filling up the DagBag from /Users/swarnalidatta/Desktop/AutoQueryChatbot/.airflow-venv/lib/python3.12/site-packages/airflow/example_dags/tutorial_taskflow_templates.py
[2026-09-22T14:48:26.236+0200] {processor.py:925} INFO - DAG(s) 'tutorial_taskflow_templates' retrieved from /Users/swarnalidatta/Desktop/AutoQueryChatbot/.airflow-venv/lib/python3.12/site-packages/airflow/example_dags/tutorial_taskflow_templates.py
[2026-09-22T14:48:26.282+0200] {logging_mixin.py:190} INFO - [2026-09-22T14:48:26.282+0200] {dag.py:3239} INFO - Sync 1 DAGs
[2026-09-22T14:48:26.287+0200] {logging_mixin.py:190} INFO - [2026-09-22T14:48:26.287+0200] {dag.py:4180} INFO - Setting next_dagrun for tutorial_taskflow_templates to 2026-09-21 00:00:00+00:00, run_after=2026-09-22 00:00:00+00:00
[2026-09-22T14:48:26.292+0200] {processor.py:208} INFO - Processing /Users/swarnalidatta/Desktop/AutoQueryChatbot/.airflow-venv/lib/python3.12/site-packages/airflow/example_dags/tutorial_taskflow_templates.py took 0.071 seconds
[2026-09-22T14:49:27.134+0200] {processor.py:186} INFO - Started process (PID=28558) to work on /Users/swarnalidatta/Desktop/AutoQueryChatbot/.airflow-venv/lib/python3.12/site-packages/airflow/example_dags/tutorial_taskflow_templates.py
[2026-09-22T14:49:27.134+0200] {processor.py:914} INFO - Processing file /Users/swarnalidatta/Desktop/AutoQueryChatbot/.airflow-venv/lib/python3.12/site-packages/airflow/example_dags/tutorial_taskflow_templates.py for tasks to queue
[2026-09-22T14:49:27.134+0200] {logging_mixin.py:190} INFO - [2026-09-22T14:49:27.134+0200] {dagbag.py:588} INFO - Filling up the DagBag from /Users/swarnalidatta/Desktop/AutoQueryChatbot/.airflow-venv/lib/python3.12/site-packages/airflow/example_dags/tutorial_taskflow_templates.py
[2026-09-22T14:49:27.147+0200] {processor.py:925} INFO - DAG(s) 'tutorial_taskflow_templates' retrieved from /Users/swarnalidatta/Desktop/AutoQueryChatbot/.airflow-venv/lib/python3.12/site-packages/airflow/example_dags/tutorial_taskflow_templates.py
[2026-09-22T14:49:27.194+0200] {logging_mixin.py:190} INFO - [2026-09-22T14:49:27.193+0200] {dag.py:3239} INFO - Sync 1 DAGs
[2026-09-22T14:49:27.198+0200] {logging_mixin.py:190} INFO - [2026-09-22T14:49:27.198+0200] {dag.py:4180} INFO - Setting next_dagrun for tutorial_taskflow_templates to 2026-09-21 00:00:00+00:00, run_after=2026-09-22 00:00:00+00:00
[2026-09-22T14:49:27.203+0200] {processor.py:208} INFO - Processing /Users/swarnalidatta/Desktop/AutoQueryChatbot/.airflow-venv/lib/python3.12/site-packages/airflow/example_dags/tutorial_taskflow_templates.py took 0.071 seconds
[2026-09-22T14:50:34.398+0200] {processor.py:186} INFO - Started process (PID=28714) to work on /Users/swarnalidatta/Desktop/AutoQueryChatbot/.airflow-venv/lib/python3.12/site-packages/airflow/example_dags/tutorial_taskflow_templates.py
[2026-09-22T14:50:34.399+0200] {processor.py:914} INFO - Processing file /Users/swarnalidatta/Desktop/AutoQueryChatbot/.airflow-venv/lib/python3.12/site-packages/airflow/example_dags/tutorial_taskflow_templates.py for tasks to queue
[2026-09-22T14:50:34.399+0200] {logging_mixin.py:190} INFO - [2026-09-22T14:50:34.399+0200] {dagbag.py:588} INFO - Filling up the DagBag from /Users/swarnalidatta/Desktop/AutoQueryChatbot/.airflow-venv/lib/python3.12/site-packages/airflow/example_dags/tutorial_taskflow_templates.py
[2026-09-22T14:50:34.412+0200] {processor.py:925} INFO - DAG(s) 'tutorial_taskflow_templates' retrieved from /Users/swarnalidatta/Desktop/AutoQueryChatbot/.airflow-venv/lib/python3.12/site-packages/airflow/example_dags/tutorial_taskflow_templates.py
[2026-09-22T14:50:34.459+0200] {logging_mixin.py:190} INFO - [2026-09-22T14:50:34.459+0200] {dag.py:3239} INFO - Sync 1 DAGs
[2026-09-22T14:50:34.464+0200] {logging_mixin.py:190} INFO - [2026-09-22T14:50:34.464+0200] {dag.py:4180} INFO - Setting next_dagrun for tutorial_taskflow_templates to 2026-09-21 00:00:00+00:00, run_after=2026-09-22 00:00:00+00:00
[2026-09-22T14:50:34.469+0200] {processor.py:208} INFO - Processing /Users/swarnalidatta/Desktop/AutoQueryChatbot/.airflow-venv/lib/python3.12/site-packages/airflow/example_dags/tutorial_taskflow_templates.py took 0.072 seconds
[2026-09-22T14:51:42.513+0200] {processor.py:186} INFO - Started process (PID=28861) to work on /Users/swarnalidatta/Desktop/AutoQueryChatbot/.airflow-venv/lib/python3.12/site-packages/airflow/example_dags/tutorial_taskflow_templates.py
[2026-09-22T14:51:42.513+0200] {processor.py:914} INFO - Processing file /Users/swarnalidatta/Desktop/AutoQueryChatbot/.airflow-venv/lib/python3.12/site-packages/airflow/example_dags/tutorial_taskflow_templates.py for tasks to queue
[2026-09-22T14:51:42.514+0200] {logging_mixin.py:190} INFO - [2026-09-22T14:51:42.514+0200] {dagbag.py:588} INFO - Filling up the DagBag from /Users/swarnalidatta/Desktop/AutoQueryChatbot/.airflow-venv/lib/python3.12/site-packages/airflow/example_dags/tutorial_taskflow_templates.py
[2026-09-22T14:51:42.527+0200] {processor.py:925} INFO - DAG(s) 'tutorial_taskflow_templates' retrieved from /Users/swarnalidatta/Desktop/AutoQueryChatbot/.airflow-venv/lib/python3.12/site-packages/airflow/example_dags/tutorial_taskflow_templates.py
[2026-09-22T14:51:42.574+0200] {logging_mixin.py:190} INFO - [2026-09-22T14:51:42.574+0200] {dag.py:3239} INFO - Sync 1 DAGs
[2026-09-22T14:51:42.579+0200] {logging_mixin.py:190} INFO - [2026-09-22T14:51:42.578+0200] {dag.py:4180} INFO - Setting next_dagrun for tutorial_taskflow_templates to 2026-09-21 00:00:00+00:00, run_after=2026-09-22 00:00:00+00:00
[2026-09-22T14:51:42.584+0200] {processor.py:208} INFO - Processing /Users/swarnalidatta/Desktop/AutoQueryChatbot/.airflow-venv/lib/python3.12/site-packages/airflow/example_dags/tutorial_taskflow_templates.py took 0.072 seconds
[2026-09-22T14:54:32.778+0200] {processor.py:186} INFO - Started process (PID=29014) to work on /Users/swarnalidatta/Desktop/AutoQueryChatbot/.airflow-venv/lib/python3.12/site-packages/airflow/example_dags/tutorial_taskflow_templates.py
[2026-09-22T14:54:32.779+0200] {processor.py:914} INFO - Processing file /Users/swarnalidatta/Desktop/AutoQueryChatbot/.airflow-venv/lib/python3.12/site-packages/airflow/example_dags/tutorial_taskflow_templates.py for tasks to queue
[2026-09-22T14:54:32.779+0200] {logging_mixin.py:190} INFO - [2026-09-22T14:54:32.779+0200] {dagbag.py:588} INFO - Filling up the DagBag from /Users/swarnalidatta/Desktop/AutoQueryChatbot/.airflow-venv/lib/python3.12/site-packages/airflow/example_dags/tutorial_taskflow_templates.py
[2026-09-22T14:54:32.792+0200] {processor.py:925} INFO - DAG(s) 'tutorial_taskflow_templates' retrieved from /Users/swarnalidatta/Desktop/AutoQueryChatbot/.airflow-venv/lib/python3.12/site-packages/airflow/example_dags/tutorial_taskflow_templates.py
[2026-09-22T14:54:32.837+0200] {logging_mixin.py:190} INFO - [2026-09-22T14:54:32.837+0200] {dag.py:3239} INFO - Sync 1 DAGs
[2026-09-22T14:54:32.842+0200] {logging_mixin.py:190} INFO - [2026-09-22T14:54:32.842+0200] {dag.py:4180} INFO - Setting next_dagrun for tutorial_taskflow_templates to 2026-09-21 00:00:00+00:00, run_after=2026-09-22 00:00:00+00:00
[2026-09-22T14:54:32.847+0200] {processor.py:208} INFO - Processing /Users/swarnalidatta/Desktop/AutoQueryChatbot/.airflow-venv/lib/python3.12/site-packages/airflow/example_dags/tutorial_taskflow_templates.py took 0.070 seconds
[2026-09-22T14:56:03.722+0200] {processor.py:186} INFO - Started process (PID=29222) to work on /Users/swarnalidatta/Desktop/AutoQueryChatbot/.airflow-venv/lib/python3.12/site-packages/airflow/example_dags/tutorial_taskflow_templates.py
[2026-09-22T14:56:03.722+0200] {processor.py:914} INFO - Processing file /Users/swarnalidatta/Desktop/AutoQueryChatbot/.airflow-venv/lib/python3.12/site-packages/airflow/example_dags/tutorial_taskflow_templates.py for tasks to queue
[2026-09-22T14:56:03.722+0200] {logging_mixin.py:190} INFO - [2026-09-22T14:56:03.722+0200] {dagbag.py:588} INFO - Filling up the DagBag from /Users/swarnalidatta/Desktop/AutoQueryChatbot/.airflow-venv/lib/python3.12/site-packages/airflow/example_dags/tutorial_taskflow_templates.py
[2026-09-22T14:56:03.736+0200] {processor.py:925} INFO - DAG(s) 'tutorial_taskflow_templates' retrieved from /Users/swarnalidatta/Desktop/AutoQueryChatbot/.airflow-venv/lib/python3.12/site-packages/airflow/example_dags/tutorial_taskflow_templates.py
[2026-09-22T14:56:03.786+0200] {logging_mixin.py:190} INFO - [2026-09-22T14:56:03.785+0200] {dag.py:3239} INFO - Sync 1 DAGs
[2026-09-22T14:56:03.791+0200] {logging_mixin.py:190} INFO - [2026-09-22T14:56:03.791+0200] {dag.py:4180} INFO - Setting next_dagrun for tutorial_taskflow_templates to 2026-09-21 00:00:00+00:00, run_after=2026-09-22 00:00:00+00:00
[2026-09-22T14:56:03.796+0200] {processor.py:208} INFO - Processing /Users/swarnalidatta/Desktop/AutoQueryChatbot/.airflow-venv/lib/python3.12/site-packages/airflow/example_dags/tutorial_taskflow_templates.py took 0.075 seconds
[2026-09-22T14:57:09.618+0200] {processor.py:186} INFO - Started process (PID=29376) to work on /Users/swarnalidatta/Desktop/AutoQueryChatbot/.airflow-venv/lib/python3.12/site-packages/airflow/example_dags/tutorial_taskflow_templates.py
[2026-09-22T14:57:09.618+0200] {processor.py:914} INFO - Processing file /Users/swarnalidatta/Desktop/AutoQueryChatbot/.airflow-venv/lib/python3.12/site-packages/airflow/example_dags/tutorial_taskflow_templates.py for tasks to queue
[2026-09-22T14:57:09.618+0200] {logging_mixin.py:190} INFO - [2026-09-22T14:57:09.618+0200] {dagbag.py:588} INFO - Filling up the DagBag from /Users/swarnalidatta/Desktop/AutoQueryChatbot/.airflow-venv/lib/python3.12/site-packages/airflow/example_dags/tutorial_taskflow_templates.py
[2026-09-22T14:57:09.632+0200] {processor.py:925} INFO - DAG(s) 'tutorial_taskflow_templates' retrieved from /Users/swarnalidatta/Desktop/AutoQueryChatbot/.airflow-venv/lib/python3.12/site-packages/airflow/example_dags/tutorial_taskflow_templates.py
[2026-09-22T14:57:09.681+0200] {logging_mixin.py:190} INFO - [2026-09-22T14:57:09.681+0200] {dag.py:3239} INFO - Sync 1 DAGs
[2026-09-22T14:57:09.687+0200] {logging_mixin.py:190} INFO - [2026-09-22T14:57:09.687+0200] {dag.py:4180} INFO - Setting next_dagrun for tutorial_taskflow_templates to 2026-09-21 00:00:00+00:00, run_after=2026-09-22 00:00:00+00:00
[2026-09-22T14:57:09.692+0200] {processor.py:208} INFO - Processing /Users/swarnalidatta/Desktop/AutoQueryChatbot/.airflow-venv/lib/python3.12/site-packages/airflow/example_dags/tutorial_taskflow_templates.py took 0.075 seconds
[2026-09-22T14:58:18.662+0200] {processor.py:186} INFO - Started process (PID=29524) to work on /Users/swarnalidatta/Desktop/AutoQueryChatbot/.airflow-venv/lib/python3.12/site-packages/airflow/example_dags/tutorial_taskflow_templates.py
[2026-09-22T14:58:18.662+0200] {processor.py:914} INFO - Processing file /Users/swarnalidatta/Desktop/AutoQueryChatbot/.airflow-venv/lib/python3.12/site-packages/airflow/example_dags/tutorial_taskflow_templates.py for tasks to queue
[2026-09-22T14:58:18.663+0200] {logging_mixin.py:190} INFO - [2026-09-22T14:58:18.663+0200] {dagbag.py:588} INFO - Filling up the DagBag from /Users/swarnalidatta/Desktop/AutoQueryChatbot/.airflow-venv/lib/python3.12/site-packages/airflow/example_dags/tutorial_taskflow_templates.py
[2026-09-22T14:58:18.676+0200] {processor.py:925} INFO - DAG(s) 'tutorial_taskflow_templates' retrieved from /Users/swarnalidatta/Desktop/AutoQueryChatbot/.airflow-venv/lib/python3.12/site-packages/airflow/example_dags/tutorial_taskflow_templates.py
[2026-09-22T14:58:18.726+0200] {logging_mixin.py:190} INFO - [2026-09-22T14:58:18.726+0200] {dag.py:3239} INFO - Sync 1 DAGs
[2026-09-22T14:58:18.731+0200] {logging_mixin.py:190} INFO - [2026-09-22T14:58:18.731+0200] {dag.py:4180} INFO - Setting next_dagrun for tutorial_taskflow_templates to 2026-09-21 00:00:00+00:00, run_after=2026-09-22 00:00:00+00:00
[2026-09-22T14:58:18.736+0200] {processor.py:208} INFO - Processing /Users/swarnalidatta/Desktop/AutoQueryChatbot/.airflow-venv/lib/python3.12/site-packages/airflow/example_dags/tutorial_taskflow_templates.py took 0.075 seconds
[2026-09-22T14:59:25.382+0200] {processor.py:186} INFO - Started process (PID=29776) to work on /Users/swarnalidatta/Desktop/AutoQueryChatbot/.airflow-venv/lib/python3.12/site-packages/airflow/example_dags/tutorial_taskflow_templates.py
[2026-09-22T14:59:25.382+0200] {processor.py:914} INFO - Processing file /Users/swarnalidatta/Desktop/AutoQueryChatbot/.airflow-venv/lib/python3.12/site-packages/airflow/example_dags/tutorial_taskflow_templates.py for tasks to queue
[2026-09-22T14:59:25.382+0200] {logging_mixin.py:190} INFO - [2026-09-22T14:59:25.382+0200] {dagbag.py:588} INFO - Filling up the DagBag from /Users/swarnalidatta/Desktop/AutoQueryChatbot/.airflow-venv/lib/python3.12/site-packages/airflow/example_dags/tutorial_taskflow_templates.py
[2026-09-22T14:59:25.396+0200] {processor.py:925} INFO - DAG(s) 'tutorial_taskflow_templates' retrieved from /Users/swarnalidatta/Desktop/AutoQueryChatbot/.airflow-venv/lib/python3.12/site-packages/airflow/example_dags/tutorial_taskflow_templates.py
[2026-09-22T14:59:25.444+0200] {logging_mixin.py:190} INFO - [2026-09-22T14:59:25.444+0200] {dag.py:3239} INFO - Sync 1 DAGs
[2026-09-22T14:59:25.449+0200] {logging_mixin.py:190} INFO - [2026-09-22T14:59:25.449+0200] {dag.py:4180} INFO - Setting next_dagrun for tutorial_taskflow_templates to 2026-09-21 00:00:00+00:00, run_after=2026-09-22 00:00:00+00:00
[2026-09-22T14:59:25.454+0200] {processor.py:208} INFO - Processing /Users/swarnalidatta/Desktop/AutoQueryChatbot/.airflow-venv/lib/python3.12/site-packages/airflow/example_dags/tutorial_taskflow_templates.py took 0.073 seconds
[2026-09-22T15:00:27.509+0200] {processor.py:186} INFO - Started process (PID=29919) to work on /Users/swarnalidatta/Desktop/AutoQueryChatbot/.airflow-venv/lib/python3.12/site-packages/airflow/example_dags/tutorial_taskflow_templates.py
[2026-09-22T15:00:27.509+0200] {processor.py:914} INFO - Processing file /Users/swarnalidatta/Desktop/AutoQueryChatbot/.airflow-venv/lib/python3.12/site-packages/airflow/example_dags/tutorial_taskflow_templates.py for tasks to queue
[2026-09-22T15:00:27.510+0200] {logging_mixin.py:190} INFO - [2026-09-22T15:00:27.510+0200] {dagbag.py:588} INFO - Filling up the DagBag from /Users/swarnalidatta/Desktop/AutoQueryChatbot/.airflow-venv/lib/python3.12/site-packages/airflow/example_dags/tutorial_taskflow_templates.py
[2026-09-22T15:00:27.523+0200] {processor.py:925} INFO - DAG(s) 'tutorial_taskflow_templates' retrieved from /Users/swarnalidatta/Desktop/AutoQueryChatbot/.airflow-venv/lib/python3.12/site-packages/airflow/example_dags/tutorial_taskflow_templates.py
[2026-09-22T15:00:27.571+0200] {logging_mixin.py:190} INFO - [2026-09-22T15:00:27.571+0200] {dag.py:3239} INFO - Sync 1 DAGs
[2026-09-22T15:00:27.576+0200] {logging_mixin.py:190} INFO - [2026-09-22T15:00:27.576+0200] {dag.py:4180} INFO - Setting next_dagrun for tutorial_taskflow_templates to 2026-09-21 00:00:00+00:00, run_after=2026-09-22 00:00:00+00:00
[2026-09-22T15:00:27.581+0200] {processor.py:208} INFO - Processing /Users/swarnalidatta/Desktop/AutoQueryChatbot/.airflow-venv/lib/python3.12/site-packages/airflow/example_dags/tutorial_taskflow_templates.py took 0.073 seconds
[2026-09-22T15:01:31.965+0200] {processor.py:186} INFO - Started process (PID=30060) to work on /Users/swarnalidatta/Desktop/AutoQueryChatbot/.airflow-venv/lib/python3.12/site-packages/airflow/example_dags/tutorial_taskflow_templates.py
[2026-09-22T15:01:31.966+0200] {processor.py:914} INFO - Processing file /Users/swarnalidatta/Desktop/AutoQueryChatbot/.airflow-venv/lib/python3.12/site-packages/airflow/example_dags/tutorial_taskflow_templates.py for tasks to queue
[2026-09-22T15:01:31.966+0200] {logging_mixin.py:190} INFO - [2026-09-22T15:01:31.966+0200] {dagbag.py:588} INFO - Filling up the DagBag from /Users/swarnalidatta/Desktop/AutoQueryChatbot/.airflow-venv/lib/python3.12/site-packages/airflow/example_dags/tutorial_taskflow_templates.py
[2026-09-22T15:01:31.979+0200] {processor.py:925} INFO - DAG(s) 'tutorial_taskflow_templates' retrieved from /Users/swarnalidatta/Desktop/AutoQueryChatbot/.airflow-venv/lib/python3.12/site-packages/airflow/example_dags/tutorial_taskflow_templates.py
[2026-09-22T15:01:32.025+0200] {logging_mixin.py:190} INFO - [2026-09-22T15:01:32.025+0200] {dag.py:3239} INFO - Sync 1 DAGs
[2026-09-22T15:01:32.030+0200] {logging_mixin.py:190} INFO - [2026-09-22T15:01:32.030+0200] {dag.py:4180} INFO - Setting next_dagrun for tutorial_taskflow_templates to 2026-09-21 00:00:00+00:00, run_after=2026-09-22 00:00:00+00:00
[2026-09-22T15:01:32.035+0200] {processor.py:208} INFO - Processing /Users/swarnalidatta/Desktop/AutoQueryChatbot/.airflow-venv/lib/python3.12/site-packages/airflow/example_dags/tutorial_taskflow_templates.py took 0.071 seconds
[2026-09-22T15:02:41.188+0200] {processor.py:186} INFO - Started process (PID=30215) to work on /Users/swarnalidatta/Desktop/AutoQueryChatbot/.airflow-venv/lib/python3.12/site-packages/airflow/example_dags/tutorial_taskflow_templates.py
[2026-09-22T15:02:41.188+0200] {processor.py:914} INFO - Processing file /Users/swarnalidatta/Desktop/AutoQueryChatbot/.airflow-venv/lib/python3.12/site-packages/airflow/example_dags/tutorial_taskflow_templates.py for tasks to queue
[2026-09-22T15:02:41.188+0200] {logging_mixin.py:190} INFO - [2026-09-22T15:02:41.188+0200] {dagbag.py:588} INFO - Filling up the DagBag from /Users/swarnalidatta/Desktop/AutoQueryChatbot/.airflow-venv/lib/python3.12/site-packages/airflow/example_dags/tutorial_taskflow_templates.py
[2026-09-22T15:02:41.204+0200] {processor.py:925} INFO - DAG(s) 'tutorial_taskflow_templates' retrieved from /Users/swarnalidatta/Desktop/AutoQueryChatbot/.airflow-venv/lib/python3.12/site-packages/airflow/example_dags/tutorial_taskflow_templates.py
[2026-09-22T15:02:41.261+0200] {logging_mixin.py:190} INFO - [2026-09-22T15:02:41.261+0200] {dag.py:3239} INFO - Sync 1 DAGs
[2026-09-22T15:02:41.266+0200] {logging_mixin.py:190} INFO - [2026-09-22T15:02:41.266+0200] {dag.py:4180} INFO - Setting next_dagrun for tutorial_taskflow_templates to 2026-09-21 00:00:00+00:00, run_after=2026-09-22 00:00:00+00:00
[2026-09-22T15:02:41.272+0200] {processor.py:208} INFO - Processing /Users/swarnalidatta/Desktop/AutoQueryChatbot/.airflow-venv/lib/python3.12/site-packages/airflow/example_dags/tutorial_taskflow_templates.py took 0.085 seconds
[2026-09-22T15:03:46.743+0200] {processor.py:186} INFO - Started process (PID=30361) to work on /Users/swarnalidatta/Desktop/AutoQueryChatbot/.airflow-venv/lib/python3.12/site-packages/airflow/example_dags/tutorial_taskflow_templates.py
[2026-09-22T15:03:46.743+0200] {processor.py:914} INFO - Processing file /Users/swarnalidatta/Desktop/AutoQueryChatbot/.airflow-venv/lib/python3.12/site-packages/airflow/example_dags/tutorial_taskflow_templates.py for tasks to queue
[2026-09-22T15:03:46.744+0200] {logging_mixin.py:190} INFO - [2026-09-22T15:03:46.744+0200] {dagbag.py:588} INFO - Filling up the DagBag from /Users/swarnalidatta/Desktop/AutoQueryChatbot/.airflow-venv/lib/python3.12/site-packages/airflow/example_dags/tutorial_taskflow_templates.py
[2026-09-22T15:03:46.757+0200] {processor.py:925} INFO - DAG(s) 'tutorial_taskflow_templates' retrieved from /Users/swarnalidatta/Desktop/AutoQueryChatbot/.airflow-venv/lib/python3.12/site-packages/airflow/example_dags/tutorial_taskflow_templates.py
[2026-09-22T15:03:46.803+0200] {logging_mixin.py:190} INFO - [2026-09-22T15:03:46.803+0200] {dag.py:3239} INFO - Sync 1 DAGs
[2026-09-22T15:03:46.808+0200] {logging_mixin.py:190} INFO - [2026-09-22T15:03:46.808+0200] {dag.py:4180} INFO - Setting next_dagrun for tutorial_taskflow_templates to 2026-09-21 00:00:00+00:00, run_after=2026-09-22 00:00:00+00:00
[2026-09-22T15:03:46.813+0200] {processor.py:208} INFO - Processing /Users/swarnalidatta/Desktop/AutoQueryChatbot/.airflow-venv/lib/python3.12/site-packages/airflow/example_dags/tutorial_taskflow_templates.py took 0.071 seconds
[2026-09-22T15:04:50.456+0200] {processor.py:186} INFO - Started process (PID=30507) to work on /Users/swarnalidatta/Desktop/AutoQueryChatbot/.airflow-venv/lib/python3.12/site-packages/airflow/example_dags/tutorial_taskflow_templates.py
[2026-09-22T15:04:50.456+0200] {processor.py:914} INFO - Processing file /Users/swarnalidatta/Desktop/AutoQueryChatbot/.airflow-venv/lib/python3.12/site-packages/airflow/example_dags/tutorial_taskflow_templates.py for tasks to queue
[2026-09-22T15:04:50.456+0200] {logging_mixin.py:190} INFO - [2026-09-22T15:04:50.456+0200] {dagbag.py:588} INFO - Filling up the DagBag from /Users/swarnalidatta/Desktop/AutoQueryChatbot/.airflow-venv/lib/python3.12/site-packages/airflow/example_dags/tutorial_taskflow_templates.py
[2026-09-22T15:04:50.470+0200] {processor.py:925} INFO - DAG(s) 'tutorial_taskflow_templates' retrieved from /Users/swarnalidatta/Desktop/AutoQueryChatbot/.airflow-venv/lib/python3.12/site-packages/airflow/example_dags/tutorial_taskflow_templates.py
[2026-09-22T15:04:50.518+0200] {logging_mixin.py:190} INFO - [2026-09-22T15:04:50.518+0200] {dag.py:3239} INFO - Sync 1 DAGs
[2026-09-22T15:04:50.523+0200] {logging_mixin.py:190} INFO - [2026-09-22T15:04:50.523+0200] {dag.py:4180} INFO - Setting next_dagrun for tutorial_taskflow_templates to 2026-09-21 00:00:00+00:00, run_after=2026-09-22 00:00:00+00:00
[2026-09-22T15:04:50.528+0200] {processor.py:208} INFO - Processing /Users/swarnalidatta/Desktop/AutoQueryChatbot/.airflow-venv/lib/python3.12/site-packages/airflow/example_dags/tutorial_taskflow_templates.py took 0.074 seconds
[2026-09-22T15:05:54.507+0200] {processor.py:186} INFO - Started process (PID=30648) to work on /Users/swarnalidatta/Desktop/AutoQueryChatbot/.airflow-venv/lib/python3.12/site-packages/airflow/example_dags/tutorial_taskflow_templates.py
[2026-09-22T15:05:54.508+0200] {processor.py:914} INFO - Processing file /Users/swarnalidatta/Desktop/AutoQueryChatbot/.airflow-venv/lib/python3.12/site-packages/airflow/example_dags/tutorial_taskflow_templates.py for tasks to queue
[2026-09-22T15:05:54.508+0200] {logging_mixin.py:190} INFO - [2026-09-22T15:05:54.508+0200] {dagbag.py:588} INFO - Filling up the DagBag from /Users/swarnalidatta/Desktop/AutoQueryChatbot/.airflow-venv/lib/python3.12/site-packages/airflow/example_dags/tutorial_taskflow_templates.py
[2026-09-22T15:05:54.521+0200] {processor.py:925} INFO - DAG(s) 'tutorial_taskflow_templates' retrieved from /Users/swarnalidatta/Desktop/AutoQueryChatbot/.airflow-venv/lib/python3.12/site-packages/airflow/example_dags/tutorial_taskflow_templates.py
[2026-09-22T15:05:54.569+0200] {logging_mixin.py:190} INFO - [2026-09-22T15:05:54.569+0200] {dag.py:3239} INFO - Sync 1 DAGs
[2026-09-22T15:05:54.574+0200] {logging_mixin.py:190} INFO - [2026-09-22T15:05:54.574+0200] {dag.py:4180} INFO - Setting next_dagrun for tutorial_taskflow_templates to 2026-09-21 00:00:00+00:00, run_after=2026-09-22 00:00:00+00:00
[2026-09-22T15:05:54.579+0200] {processor.py:208} INFO - Processing /Users/swarnalidatta/Desktop/AutoQueryChatbot/.airflow-venv/lib/python3.12/site-packages/airflow/example_dags/tutorial_taskflow_templates.py took 0.073 seconds
[2026-09-22T15:06:58.743+0200] {processor.py:186} INFO - Started process (PID=30794) to work on /Users/swarnalidatta/Desktop/AutoQueryChatbot/.airflow-venv/lib/python3.12/site-packages/airflow/example_dags/tutorial_taskflow_templates.py
[2026-09-22T15:06:58.743+0200] {processor.py:914} INFO - Processing file /Users/swarnalidatta/Desktop/AutoQueryChatbot/.airflow-venv/lib/python3.12/site-packages/airflow/example_dags/tutorial_taskflow_templates.py for tasks to queue
[2026-09-22T15:06:58.743+0200] {logging_mixin.py:190} INFO - [2026-09-22T15:06:58.743+0200] {dagbag.py:588} INFO - Filling up the DagBag from /Users/swarnalidatta/Desktop/AutoQueryChatbot/.airflow-venv/lib/python3.12/site-packages/airflow/example_dags/tutorial_taskflow_templates.py
[2026-09-22T15:06:58.756+0200] {processor.py:925} INFO - DAG(s) 'tutorial_taskflow_templates' retrieved from /Users/swarnalidatta/Desktop/AutoQueryChatbot/.airflow-venv/lib/python3.12/site-packages/airflow/example_dags/tutorial_taskflow_templates.py
[2026-09-22T15:06:58.804+0200] {logging_mixin.py:190} INFO - [2026-09-22T15:06:58.804+0200] {dag.py:3239} INFO - Sync 1 DAGs
[2026-09-22T15:06:58.809+0200] {logging_mixin.py:190} INFO - [2026-09-22T15:06:58.809+0200] {dag.py:4180} INFO - Setting next_dagrun for tutorial_taskflow_templates to 2026-09-21 00:00:00+00:00, run_after=2026-09-22 00:00:00+00:00
[2026-09-22T15:06:58.814+0200] {processor.py:208} INFO - Processing /Users/swarnalidatta/Desktop/AutoQueryChatbot/.airflow-venv/lib/python3.12/site-packages/airflow/example_dags/tutorial_taskflow_templates.py took 0.073 seconds
[2026-09-22T15:08:05.048+0200] {processor.py:186} INFO - Started process (PID=30942) to work on /Users/swarnalidatta/Desktop/AutoQueryChatbot/.airflow-venv/lib/python3.12/site-packages/airflow/example_dags/tutorial_taskflow_templates.py
[2026-09-22T15:08:05.048+0200] {processor.py:914} INFO - Processing file /Users/swarnalidatta/Desktop/AutoQueryChatbot/.airflow-venv/lib/python3.12/site-packages/airflow/example_dags/tutorial_taskflow_templates.py for tasks to queue
[2026-09-22T15:08:05.049+0200] {logging_mixin.py:190} INFO - [2026-09-22T15:08:05.049+0200] {dagbag.py:588} INFO - Filling up the DagBag from /Users/swarnalidatta/Desktop/AutoQueryChatbot/.airflow-venv/lib/python3.12/site-packages/airflow/example_dags/tutorial_taskflow_templates.py
[2026-09-22T15:08:05.062+0200] {processor.py:925} INFO - DAG(s) 'tutorial_taskflow_templates' retrieved from /Users/swarnalidatta/Desktop/AutoQueryChatbot/.airflow-venv/lib/python3.12/site-packages/airflow/example_dags/tutorial_taskflow_templates.py
[2026-09-22T15:08:05.109+0200] {logging_mixin.py:190} INFO - [2026-09-22T15:08:05.109+0200] {dag.py:3239} INFO - Sync 1 DAGs
[2026-09-22T15:08:05.114+0200] {logging_mixin.py:190} INFO - [2026-09-22T15:08:05.114+0200] {dag.py:4180} INFO - Setting next_dagrun for tutorial_taskflow_templates to 2026-09-21 00:00:00+00:00, run_after=2026-09-22 00:00:00+00:00
[2026-09-22T15:08:05.119+0200] {processor.py:208} INFO - Processing /Users/swarnalidatta/Desktop/AutoQueryChatbot/.airflow-venv/lib/python3.12/site-packages/airflow/example_dags/tutorial_taskflow_templates.py took 0.073 seconds
[2026-09-22T15:09:10.320+0200] {processor.py:186} INFO - Started process (PID=31091) to work on /Users/swarnalidatta/Desktop/AutoQueryChatbot/.airflow-venv/lib/python3.12/site-packages/airflow/example_dags/tutorial_taskflow_templates.py
[2026-09-22T15:09:10.321+0200] {processor.py:914} INFO - Processing file /Users/swarnalidatta/Desktop/AutoQueryChatbot/.airflow-venv/lib/python3.12/site-packages/airflow/example_dags/tutorial_taskflow_templates.py for tasks to queue
[2026-09-22T15:09:10.321+0200] {logging_mixin.py:190} INFO - [2026-09-22T15:09:10.321+0200] {dagbag.py:588} INFO - Filling up the DagBag from /Users/swarnalidatta/Desktop/AutoQueryChatbot/.airflow-venv/lib/python3.12/site-packages/airflow/example_dags/tutorial_taskflow_templates.py
[2026-09-22T15:09:10.335+0200] {processor.py:925} INFO - DAG(s) 'tutorial_taskflow_templates' retrieved from /Users/swarnalidatta/Desktop/AutoQueryChatbot/.airflow-venv/lib/python3.12/site-packages/airflow/example_dags/tutorial_taskflow_templates.py
[2026-09-22T15:09:10.383+0200] {logging_mixin.py:190} INFO - [2026-09-22T15:09:10.383+0200] {dag.py:3239} INFO - Sync 1 DAGs
[2026-09-22T15:09:10.389+0200] {logging_mixin.py:190} INFO - [2026-09-22T15:09:10.389+0200] {dag.py:4180} INFO - Setting next_dagrun for tutorial_taskflow_templates to 2026-09-21 00:00:00+00:00, run_after=2026-09-22 00:00:00+00:00
[2026-09-22T15:09:10.394+0200] {processor.py:208} INFO - Processing /Users/swarnalidatta/Desktop/AutoQueryChatbot/.airflow-venv/lib/python3.12/site-packages/airflow/example_dags/tutorial_taskflow_templates.py took 0.074 seconds
[2026-09-22T15:10:19.210+0200] {processor.py:186} INFO - Started process (PID=31243) to work on /Users/swarnalidatta/Desktop/AutoQueryChatbot/.airflow-venv/lib/python3.12/site-packages/airflow/example_dags/tutorial_taskflow_templates.py
[2026-09-22T15:10:19.211+0200] {processor.py:914} INFO - Processing file /Users/swarnalidatta/Desktop/AutoQueryChatbot/.airflow-venv/lib/python3.12/site-packages/airflow/example_dags/tutorial_taskflow_templates.py for tasks to queue
[2026-09-22T15:10:19.211+0200] {logging_mixin.py:190} INFO - [2026-09-22T15:10:19.211+0200] {dagbag.py:588} INFO - Filling up the DagBag from /Users/swarnalidatta/Desktop/AutoQueryChatbot/.airflow-venv/lib/python3.12/site-packages/airflow/example_dags/tutorial_taskflow_templates.py
[2026-09-22T15:10:19.224+0200] {processor.py:925} INFO - DAG(s) 'tutorial_taskflow_templates' retrieved from /Users/swarnalidatta/Desktop/AutoQueryChatbot/.airflow-venv/lib/python3.12/site-packages/airflow/example_dags/tutorial_taskflow_templates.py
[2026-09-22T15:10:19.270+0200] {logging_mixin.py:190} INFO - [2026-09-22T15:10:19.270+0200] {dag.py:3239} INFO - Sync 1 DAGs
[2026-09-22T15:10:19.275+0200] {logging_mixin.py:190} INFO - [2026-09-22T15:10:19.275+0200] {dag.py:4180} INFO - Setting next_dagrun for tutorial_taskflow_templates to 2026-09-21 00:00:00+00:00, run_after=2026-09-22 00:00:00+00:00
[2026-09-22T15:10:19.280+0200] {processor.py:208} INFO - Processing /Users/swarnalidatta/Desktop/AutoQueryChatbot/.airflow-venv/lib/python3.12/site-packages/airflow/example_dags/tutorial_taskflow_templates.py took 0.071 seconds
[2026-09-22T15:11:24.440+0200] {processor.py:186} INFO - Started process (PID=31395) to work on /Users/swarnalidatta/Desktop/AutoQueryChatbot/.airflow-venv/lib/python3.12/site-packages/airflow/example_dags/tutorial_taskflow_templates.py
[2026-09-22T15:11:24.440+0200] {processor.py:914} INFO - Processing file /Users/swarnalidatta/Desktop/AutoQueryChatbot/.airflow-venv/lib/python3.12/site-packages/airflow/example_dags/tutorial_taskflow_templates.py for tasks to queue
[2026-09-22T15:11:24.440+0200] {logging_mixin.py:190} INFO - [2026-09-22T15:11:24.440+0200] {dagbag.py:588} INFO - Filling up the DagBag from /Users/swarnalidatta/Desktop/AutoQueryChatbot/.airflow-venv/lib/python3.12/site-packages/airflow/example_dags/tutorial_taskflow_templates.py
[2026-09-22T15:11:24.454+0200] {processor.py:925} INFO - DAG(s) 'tutorial_taskflow_templates' retrieved from /Users/swarnalidatta/Desktop/AutoQueryChatbot/.airflow-venv/lib/python3.12/site-packages/airflow/example_dags/tutorial_taskflow_templates.py
[2026-09-22T15:11:24.502+0200] {logging_mixin.py:190} INFO - [2026-09-22T15:11:24.502+0200] {dag.py:3239} INFO - Sync 1 DAGs
[2026-09-22T15:11:24.507+0200] {logging_mixin.py:190} INFO - [2026-09-22T15:11:24.507+0200] {dag.py:4180} INFO - Setting next_dagrun for tutorial_taskflow_templates to 2026-09-21 00:00:00+00:00, run_after=2026-09-22 00:00:00+00:00
[2026-09-22T15:11:24.512+0200] {processor.py:208} INFO - Processing /Users/swarnalidatta/Desktop/AutoQueryChatbot/.airflow-venv/lib/python3.12/site-packages/airflow/example_dags/tutorial_taskflow_templates.py took 0.073 seconds
[2026-09-22T15:12:31.997+0200] {processor.py:186} INFO - Started process (PID=31539) to work on /Users/swarnalidatta/Desktop/AutoQueryChatbot/.airflow-venv/lib/python3.12/site-packages/airflow/example_dags/tutorial_taskflow_templates.py
[2026-09-22T15:12:31.998+0200] {processor.py:914} INFO - Processing file /Users/swarnalidatta/Desktop/AutoQueryChatbot/.airflow-venv/lib/python3.12/site-packages/airflow/example_dags/tutorial_taskflow_templates.py for tasks to queue
[2026-09-22T15:12:31.998+0200] {logging_mixin.py:190} INFO - [2026-09-22T15:12:31.998+0200] {dagbag.py:588} INFO - Filling up the DagBag from /Users/swarnalidatta/Desktop/AutoQueryChatbot/.airflow-venv/lib/python3.12/site-packages/airflow/example_dags/tutorial_taskflow_templates.py
[2026-09-22T15:12:32.012+0200] {processor.py:925} INFO - DAG(s) 'tutorial_taskflow_templates' retrieved from /Users/swarnalidatta/Desktop/AutoQueryChatbot/.airflow-venv/lib/python3.12/site-packages/airflow/example_dags/tutorial_taskflow_templates.py
[2026-09-22T15:12:32.061+0200] {logging_mixin.py:190} INFO - [2026-09-22T15:12:32.061+0200] {dag.py:3239} INFO - Sync 1 DAGs
[2026-09-22T15:12:32.067+0200] {logging_mixin.py:190} INFO - [2026-09-22T15:12:32.067+0200] {dag.py:4180} INFO - Setting next_dagrun for tutorial_taskflow_templates to 2026-09-21 00:00:00+00:00, run_after=2026-09-22 00:00:00+00:00
[2026-09-22T15:12:32.072+0200] {processor.py:208} INFO - Processing /Users/swarnalidatta/Desktop/AutoQueryChatbot/.airflow-venv/lib/python3.12/site-packages/airflow/example_dags/tutorial_taskflow_templates.py took 0.076 seconds
[2026-09-22T15:13:39.018+0200] {processor.py:186} INFO - Started process (PID=31700) to work on /Users/swarnalidatta/Desktop/AutoQueryChatbot/.airflow-venv/lib/python3.12/site-packages/airflow/example_dags/tutorial_taskflow_templates.py
[2026-09-22T15:13:39.018+0200] {processor.py:914} INFO - Processing file /Users/swarnalidatta/Desktop/AutoQueryChatbot/.airflow-venv/lib/python3.12/site-packages/airflow/example_dags/tutorial_taskflow_templates.py for tasks to queue
[2026-09-22T15:13:39.019+0200] {logging_mixin.py:190} INFO - [2026-09-22T15:13:39.019+0200] {dagbag.py:588} INFO - Filling up the DagBag from /Users/swarnalidatta/Desktop/AutoQueryChatbot/.airflow-venv/lib/python3.12/site-packages/airflow/example_dags/tutorial_taskflow_templates.py
[2026-09-22T15:13:39.032+0200] {processor.py:925} INFO - DAG(s) 'tutorial_taskflow_templates' retrieved from /Users/swarnalidatta/Desktop/AutoQueryChatbot/.airflow-venv/lib/python3.12/site-packages/airflow/example_dags/tutorial_taskflow_templates.py
[2026-09-22T15:13:39.080+0200] {logging_mixin.py:190} INFO - [2026-09-22T15:13:39.079+0200] {dag.py:3239} INFO - Sync 1 DAGs
[2026-09-22T15:13:39.085+0200] {logging_mixin.py:190} INFO - [2026-09-22T15:13:39.085+0200] {dag.py:4180} INFO - Setting next_dagrun for tutorial_taskflow_templates to 2026-09-21 00:00:00+00:00, run_after=2026-09-22 00:00:00+00:00
[2026-09-22T15:13:39.090+0200] {processor.py:208} INFO - Processing /Users/swarnalidatta/Desktop/AutoQueryChatbot/.airflow-venv/lib/python3.12/site-packages/airflow/example_dags/tutorial_taskflow_templates.py took 0.073 seconds
[2026-09-22T15:14:44.786+0200] {processor.py:186} INFO - Started process (PID=31852) to work on /Users/swarnalidatta/Desktop/AutoQueryChatbot/.airflow-venv/lib/python3.12/site-packages/airflow/example_dags/tutorial_taskflow_templates.py
[2026-09-22T15:14:44.787+0200] {processor.py:914} INFO - Processing file /Users/swarnalidatta/Desktop/AutoQueryChatbot/.airflow-venv/lib/python3.12/site-packages/airflow/example_dags/tutorial_taskflow_templates.py for tasks to queue
[2026-09-22T15:14:44.787+0200] {logging_mixin.py:190} INFO - [2026-09-22T15:14:44.787+0200] {dagbag.py:588} INFO - Filling up the DagBag from /Users/swarnalidatta/Desktop/AutoQueryChatbot/.airflow-venv/lib/python3.12/site-packages/airflow/example_dags/tutorial_taskflow_templates.py
[2026-09-22T15:14:44.800+0200] {processor.py:925} INFO - DAG(s) 'tutorial_taskflow_templates' retrieved from /Users/swarnalidatta/Desktop/AutoQueryChatbot/.airflow-venv/lib/python3.12/site-packages/airflow/example_dags/tutorial_taskflow_templates.py
[2026-09-22T15:14:44.846+0200] {logging_mixin.py:190} INFO - [2026-09-22T15:14:44.846+0200] {dag.py:3239} INFO - Sync 1 DAGs
[2026-09-22T15:14:44.852+0200] {logging_mixin.py:190} INFO - [2026-09-22T15:14:44.852+0200] {dag.py:4180} INFO - Setting next_dagrun for tutorial_taskflow_templates to 2026-09-21 00:00:00+00:00, run_after=2026-09-22 00:00:00+00:00
[2026-09-22T15:14:44.857+0200] {processor.py:208} INFO - Processing /Users/swarnalidatta/Desktop/AutoQueryChatbot/.airflow-venv/lib/python3.12/site-packages/airflow/example_dags/tutorial_taskflow_templates.py took 0.071 seconds
[2026-09-22T15:15:48.067+0200] {processor.py:186} INFO - Started process (PID=32501) to work on /Users/swarnalidatta/Desktop/AutoQueryChatbot/.airflow-venv/lib/python3.12/site-packages/airflow/example_dags/tutorial_taskflow_templates.py
[2026-09-22T15:15:48.068+0200] {processor.py:914} INFO - Processing file /Users/swarnalidatta/Desktop/AutoQueryChatbot/.airflow-venv/lib/python3.12/site-packages/airflow/example_dags/tutorial_taskflow_templates.py for tasks to queue
[2026-09-22T15:15:48.068+0200] {logging_mixin.py:190} INFO - [2026-09-22T15:15:48.068+0200] {dagbag.py:588} INFO - Filling up the DagBag from /Users/swarnalidatta/Desktop/AutoQueryChatbot/.airflow-venv/lib/python3.12/site-packages/airflow/example_dags/tutorial_taskflow_templates.py
[2026-09-22T15:15:48.081+0200] {processor.py:925} INFO - DAG(s) 'tutorial_taskflow_templates' retrieved from /Users/swarnalidatta/Desktop/AutoQueryChatbot/.airflow-venv/lib/python3.12/site-packages/airflow/example_dags/tutorial_taskflow_templates.py
[2026-09-22T15:15:48.129+0200] {logging_mixin.py:190} INFO - [2026-09-22T15:15:48.129+0200] {dag.py:3239} INFO - Sync 1 DAGs
[2026-09-22T15:15:48.134+0200] {logging_mixin.py:190} INFO - [2026-09-22T15:15:48.134+0200] {dag.py:4180} INFO - Setting next_dagrun for tutorial_taskflow_templates to 2026-09-21 00:00:00+00:00, run_after=2026-09-22 00:00:00+00:00
[2026-09-22T15:15:48.139+0200] {processor.py:208} INFO - Processing /Users/swarnalidatta/Desktop/AutoQueryChatbot/.airflow-venv/lib/python3.12/site-packages/airflow/example_dags/tutorial_taskflow_templates.py took 0.073 seconds
[2026-09-22T15:16:51.108+0200] {processor.py:186} INFO - Started process (PID=32644) to work on /Users/swarnalidatta/Desktop/AutoQueryChatbot/.airflow-venv/lib/python3.12/site-packages/airflow/example_dags/tutorial_taskflow_templates.py
[2026-09-22T15:16:51.108+0200] {processor.py:914} INFO - Processing file /Users/swarnalidatta/Desktop/AutoQueryChatbot/.airflow-venv/lib/python3.12/site-packages/airflow/example_dags/tutorial_taskflow_templates.py for tasks to queue
[2026-09-22T15:16:51.108+0200] {logging_mixin.py:190} INFO - [2026-09-22T15:16:51.108+0200] {dagbag.py:588} INFO - Filling up the DagBag from /Users/swarnalidatta/Desktop/AutoQueryChatbot/.airflow-venv/lib/python3.12/site-packages/airflow/example_dags/tutorial_taskflow_templates.py
[2026-09-22T15:16:51.122+0200] {processor.py:925} INFO - DAG(s) 'tutorial_taskflow_templates' retrieved from /Users/swarnalidatta/Desktop/AutoQueryChatbot/.airflow-venv/lib/python3.12/site-packages/airflow/example_dags/tutorial_taskflow_templates.py
[2026-09-22T15:16:51.170+0200] {logging_mixin.py:190} INFO - [2026-09-22T15:16:51.170+0200] {dag.py:3239} INFO - Sync 1 DAGs
[2026-09-22T15:16:51.175+0200] {logging_mixin.py:190} INFO - [2026-09-22T15:16:51.175+0200] {dag.py:4180} INFO - Setting next_dagrun for tutorial_taskflow_templates to 2026-09-21 00:00:00+00:00, run_after=2026-09-22 00:00:00+00:00
[2026-09-22T15:16:51.180+0200] {processor.py:208} INFO - Processing /Users/swarnalidatta/Desktop/AutoQueryChatbot/.airflow-venv/lib/python3.12/site-packages/airflow/example_dags/tutorial_taskflow_templates.py took 0.073 seconds
[2026-09-22T15:17:56.591+0200] {processor.py:186} INFO - Started process (PID=32790) to work on /Users/swarnalidatta/Desktop/AutoQueryChatbot/.airflow-venv/lib/python3.12/site-packages/airflow/example_dags/tutorial_taskflow_templates.py
[2026-09-22T15:17:56.592+0200] {processor.py:914} INFO - Processing file /Users/swarnalidatta/Desktop/AutoQueryChatbot/.airflow-venv/lib/python3.12/site-packages/airflow/example_dags/tutorial_taskflow_templates.py for tasks to queue
[2026-09-22T15:17:56.592+0200] {logging_mixin.py:190} INFO - [2026-09-22T15:17:56.592+0200] {dagbag.py:588} INFO - Filling up the DagBag from /Users/swarnalidatta/Desktop/AutoQueryChatbot/.airflow-venv/lib/python3.12/site-packages/airflow/example_dags/tutorial_taskflow_templates.py
[2026-09-22T15:17:56.605+0200] {processor.py:925} INFO - DAG(s) 'tutorial_taskflow_templates' retrieved from /Users/swarnalidatta/Desktop/AutoQueryChatbot/.airflow-venv/lib/python3.12/site-packages/airflow/example_dags/tutorial_taskflow_templates.py
[2026-09-22T15:17:56.654+0200] {logging_mixin.py:190} INFO - [2026-09-22T15:17:56.653+0200] {dag.py:3239} INFO - Sync 1 DAGs
[2026-09-22T15:17:56.659+0200] {logging_mixin.py:190} INFO - [2026-09-22T15:17:56.659+0200] {dag.py:4180} INFO - Setting next_dagrun for tutorial_taskflow_templates to 2026-09-21 00:00:00+00:00, run_after=2026-09-22 00:00:00+00:00
[2026-09-22T15:17:56.664+0200] {processor.py:208} INFO - Processing /Users/swarnalidatta/Desktop/AutoQueryChatbot/.airflow-venv/lib/python3.12/site-packages/airflow/example_dags/tutorial_taskflow_templates.py took 0.073 seconds
[2026-09-22T15:19:00.969+0200] {processor.py:186} INFO - Started process (PID=32940) to work on /Users/swarnalidatta/Desktop/AutoQueryChatbot/.airflow-venv/lib/python3.12/site-packages/airflow/example_dags/tutorial_taskflow_templates.py
[2026-09-22T15:19:00.970+0200] {processor.py:914} INFO - Processing file /Users/swarnalidatta/Desktop/AutoQueryChatbot/.airflow-venv/lib/python3.12/site-packages/airflow/example_dags/tutorial_taskflow_templates.py for tasks to queue
[2026-09-22T15:19:00.970+0200] {logging_mixin.py:190} INFO - [2026-09-22T15:19:00.970+0200] {dagbag.py:588} INFO - Filling up the DagBag from /Users/swarnalidatta/Desktop/AutoQueryChatbot/.airflow-venv/lib/python3.12/site-packages/airflow/example_dags/tutorial_taskflow_templates.py
[2026-09-22T15:19:00.984+0200] {processor.py:925} INFO - DAG(s) 'tutorial_taskflow_templates' retrieved from /Users/swarnalidatta/Desktop/AutoQueryChatbot/.airflow-venv/lib/python3.12/site-packages/airflow/example_dags/tutorial_taskflow_templates.py
[2026-09-22T15:19:01.036+0200] {logging_mixin.py:190} INFO - [2026-09-22T15:19:01.036+0200] {dag.py:3239} INFO - Sync 1 DAGs
[2026-09-22T15:19:01.042+0200] {logging_mixin.py:190} INFO - [2026-09-22T15:19:01.042+0200] {dag.py:4180} INFO - Setting next_dagrun for tutorial_taskflow_templates to 2026-09-21 00:00:00+00:00, run_after=2026-09-22 00:00:00+00:00
[2026-09-22T15:19:01.047+0200] {processor.py:208} INFO - Processing /Users/swarnalidatta/Desktop/AutoQueryChatbot/.airflow-venv/lib/python3.12/site-packages/airflow/example_dags/tutorial_taskflow_templates.py took 0.079 seconds
[2026-09-22T15:20:08.195+0200] {processor.py:186} INFO - Started process (PID=33228) to work on /Users/swarnalidatta/Desktop/AutoQueryChatbot/.airflow-venv/lib/python3.12/site-packages/airflow/example_dags/tutorial_taskflow_templates.py
[2026-09-22T15:20:08.195+0200] {processor.py:914} INFO - Processing file /Users/swarnalidatta/Desktop/AutoQueryChatbot/.airflow-venv/lib/python3.12/site-packages/airflow/example_dags/tutorial_taskflow_templates.py for tasks to queue
[2026-09-22T15:20:08.195+0200] {logging_mixin.py:190} INFO - [2026-09-22T15:20:08.195+0200] {dagbag.py:588} INFO - Filling up the DagBag from /Users/swarnalidatta/Desktop/AutoQueryChatbot/.airflow-venv/lib/python3.12/site-packages/airflow/example_dags/tutorial_taskflow_templates.py
[2026-09-22T15:20:08.209+0200] {processor.py:925} INFO - DAG(s) 'tutorial_taskflow_templates' retrieved from /Users/swarnalidatta/Desktop/AutoQueryChatbot/.airflow-venv/lib/python3.12/site-packages/airflow/example_dags/tutorial_taskflow_templates.py
[2026-09-22T15:20:08.257+0200] {logging_mixin.py:190} INFO - [2026-09-22T15:20:08.257+0200] {dag.py:3239} INFO - Sync 1 DAGs
[2026-09-22T15:20:08.262+0200] {logging_mixin.py:190} INFO - [2026-09-22T15:20:08.262+0200] {dag.py:4180} INFO - Setting next_dagrun for tutorial_taskflow_templates to 2026-09-21 00:00:00+00:00, run_after=2026-09-22 00:00:00+00:00
[2026-09-22T15:20:08.267+0200] {processor.py:208} INFO - Processing /Users/swarnalidatta/Desktop/AutoQueryChatbot/.airflow-venv/lib/python3.12/site-packages/airflow/example_dags/tutorial_taskflow_templates.py took 0.073 seconds
[2026-09-22T15:21:12.507+0200] {processor.py:186} INFO - Started process (PID=33374) to work on /Users/swarnalidatta/Desktop/AutoQueryChatbot/.airflow-venv/lib/python3.12/site-packages/airflow/example_dags/tutorial_taskflow_templates.py
[2026-09-22T15:21:12.508+0200] {processor.py:914} INFO - Processing file /Users/swarnalidatta/Desktop/AutoQueryChatbot/.airflow-venv/lib/python3.12/site-packages/airflow/example_dags/tutorial_taskflow_templates.py for tasks to queue
[2026-09-22T15:21:12.508+0200] {logging_mixin.py:190} INFO - [2026-09-22T15:21:12.508+0200] {dagbag.py:588} INFO - Filling up the DagBag from /Users/swarnalidatta/Desktop/AutoQueryChatbot/.airflow-venv/lib/python3.12/site-packages/airflow/example_dags/tutorial_taskflow_templates.py
[2026-09-22T15:21:12.521+0200] {processor.py:925} INFO - DAG(s) 'tutorial_taskflow_templates' retrieved from /Users/swarnalidatta/Desktop/AutoQueryChatbot/.airflow-venv/lib/python3.12/site-packages/airflow/example_dags/tutorial_taskflow_templates.py
[2026-09-22T15:21:12.569+0200] {logging_mixin.py:190} INFO - [2026-09-22T15:21:12.568+0200] {dag.py:3239} INFO - Sync 1 DAGs
[2026-09-22T15:21:12.574+0200] {logging_mixin.py:190} INFO - [2026-09-22T15:21:12.574+0200] {dag.py:4180} INFO - Setting next_dagrun for tutorial_taskflow_templates to 2026-09-21 00:00:00+00:00, run_after=2026-09-22 00:00:00+00:00
[2026-09-22T15:21:12.579+0200] {processor.py:208} INFO - Processing /Users/swarnalidatta/Desktop/AutoQueryChatbot/.airflow-venv/lib/python3.12/site-packages/airflow/example_dags/tutorial_taskflow_templates.py took 0.073 seconds
[2026-09-22T15:22:19.388+0200] {processor.py:186} INFO - Started process (PID=33529) to work on /Users/swarnalidatta/Desktop/AutoQueryChatbot/.airflow-venv/lib/python3.12/site-packages/airflow/example_dags/tutorial_taskflow_templates.py
[2026-09-22T15:22:19.389+0200] {processor.py:914} INFO - Processing file /Users/swarnalidatta/Desktop/AutoQueryChatbot/.airflow-venv/lib/python3.12/site-packages/airflow/example_dags/tutorial_taskflow_templates.py for tasks to queue
[2026-09-22T15:22:19.389+0200] {logging_mixin.py:190} INFO - [2026-09-22T15:22:19.389+0200] {dagbag.py:588} INFO - Filling up the DagBag from /Users/swarnalidatta/Desktop/AutoQueryChatbot/.airflow-venv/lib/python3.12/site-packages/airflow/example_dags/tutorial_taskflow_templates.py
[2026-09-22T15:22:19.402+0200] {processor.py:925} INFO - DAG(s) 'tutorial_taskflow_templates' retrieved from /Users/swarnalidatta/Desktop/AutoQueryChatbot/.airflow-venv/lib/python3.12/site-packages/airflow/example_dags/tutorial_taskflow_templates.py
[2026-09-22T15:22:19.450+0200] {logging_mixin.py:190} INFO - [2026-09-22T15:22:19.450+0200] {dag.py:3239} INFO - Sync 1 DAGs
[2026-09-22T15:22:19.456+0200] {logging_mixin.py:190} INFO - [2026-09-22T15:22:19.456+0200] {dag.py:4180} INFO - Setting next_dagrun for tutorial_taskflow_templates to 2026-09-21 00:00:00+00:00, run_after=2026-09-22 00:00:00+00:00
[2026-09-22T15:22:19.461+0200] {processor.py:208} INFO - Processing /Users/swarnalidatta/Desktop/AutoQueryChatbot/.airflow-venv/lib/python3.12/site-packages/airflow/example_dags/tutorial_taskflow_templates.py took 0.073 seconds
[2026-09-22T15:23:27.177+0200] {processor.py:186} INFO - Started process (PID=33680) to work on /Users/swarnalidatta/Desktop/AutoQueryChatbot/.airflow-venv/lib/python3.12/site-packages/airflow/example_dags/tutorial_taskflow_templates.py
[2026-09-22T15:23:27.177+0200] {processor.py:914} INFO - Processing file /Users/swarnalidatta/Desktop/AutoQueryChatbot/.airflow-venv/lib/python3.12/site-packages/airflow/example_dags/tutorial_taskflow_templates.py for tasks to queue
[2026-09-22T15:23:27.177+0200] {logging_mixin.py:190} INFO - [2026-09-22T15:23:27.177+0200] {dagbag.py:588} INFO - Filling up the DagBag from /Users/swarnalidatta/Desktop/AutoQueryChatbot/.airflow-venv/lib/python3.12/site-packages/airflow/example_dags/tutorial_taskflow_templates.py
[2026-09-22T15:23:27.191+0200] {processor.py:925} INFO - DAG(s) 'tutorial_taskflow_templates' retrieved from /Users/swarnalidatta/Desktop/AutoQueryChatbot/.airflow-venv/lib/python3.12/site-packages/airflow/example_dags/tutorial_taskflow_templates.py
[2026-09-22T15:23:27.240+0200] {logging_mixin.py:190} INFO - [2026-09-22T15:23:27.240+0200] {dag.py:3239} INFO - Sync 1 DAGs
[2026-09-22T15:23:27.245+0200] {logging_mixin.py:190} INFO - [2026-09-22T15:23:27.245+0200] {dag.py:4180} INFO - Setting next_dagrun for tutorial_taskflow_templates to 2026-09-21 00:00:00+00:00, run_after=2026-09-22 00:00:00+00:00
[2026-09-22T15:23:27.251+0200] {processor.py:208} INFO - Processing /Users/swarnalidatta/Desktop/AutoQueryChatbot/.airflow-venv/lib/python3.12/site-packages/airflow/example_dags/tutorial_taskflow_templates.py took 0.075 seconds
[2026-09-22T15:24:36.106+0200] {processor.py:186} INFO - Started process (PID=33831) to work on /Users/swarnalidatta/Desktop/AutoQueryChatbot/.airflow-venv/lib/python3.12/site-packages/airflow/example_dags/tutorial_taskflow_templates.py
[2026-09-22T15:24:36.107+0200] {processor.py:914} INFO - Processing file /Users/swarnalidatta/Desktop/AutoQueryChatbot/.airflow-venv/lib/python3.12/site-packages/airflow/example_dags/tutorial_taskflow_templates.py for tasks to queue
[2026-09-22T15:24:36.107+0200] {logging_mixin.py:190} INFO - [2026-09-22T15:24:36.107+0200] {dagbag.py:588} INFO - Filling up the DagBag from /Users/swarnalidatta/Desktop/AutoQueryChatbot/.airflow-venv/lib/python3.12/site-packages/airflow/example_dags/tutorial_taskflow_templates.py
[2026-09-22T15:24:36.121+0200] {processor.py:925} INFO - DAG(s) 'tutorial_taskflow_templates' retrieved from /Users/swarnalidatta/Desktop/AutoQueryChatbot/.airflow-venv/lib/python3.12/site-packages/airflow/example_dags/tutorial_taskflow_templates.py
[2026-09-22T15:24:36.170+0200] {logging_mixin.py:190} INFO - [2026-09-22T15:24:36.170+0200] {dag.py:3239} INFO - Sync 1 DAGs
[2026-09-22T15:24:36.175+0200] {logging_mixin.py:190} INFO - [2026-09-22T15:24:36.175+0200] {dag.py:4180} INFO - Setting next_dagrun for tutorial_taskflow_templates to 2026-09-21 00:00:00+00:00, run_after=2026-09-22 00:00:00+00:00
[2026-09-22T15:24:36.180+0200] {processor.py:208} INFO - Processing /Users/swarnalidatta/Desktop/AutoQueryChatbot/.airflow-venv/lib/python3.12/site-packages/airflow/example_dags/tutorial_taskflow_templates.py took 0.075 seconds
[2026-09-22T15:25:45.915+0200] {processor.py:186} INFO - Started process (PID=33988) to work on /Users/swarnalidatta/Desktop/AutoQueryChatbot/.airflow-venv/lib/python3.12/site-packages/airflow/example_dags/tutorial_taskflow_templates.py
[2026-09-22T15:25:45.915+0200] {processor.py:914} INFO - Processing file /Users/swarnalidatta/Desktop/AutoQueryChatbot/.airflow-venv/lib/python3.12/site-packages/airflow/example_dags/tutorial_taskflow_templates.py for tasks to queue
[2026-09-22T15:25:45.915+0200] {logging_mixin.py:190} INFO - [2026-09-22T15:25:45.915+0200] {dagbag.py:588} INFO - Filling up the DagBag from /Users/swarnalidatta/Desktop/AutoQueryChatbot/.airflow-venv/lib/python3.12/site-packages/airflow/example_dags/tutorial_taskflow_templates.py
[2026-09-22T15:25:45.929+0200] {processor.py:925} INFO - DAG(s) 'tutorial_taskflow_templates' retrieved from /Users/swarnalidatta/Desktop/AutoQueryChatbot/.airflow-venv/lib/python3.12/site-packages/airflow/example_dags/tutorial_taskflow_templates.py
[2026-09-22T15:25:45.979+0200] {logging_mixin.py:190} INFO - [2026-09-22T15:25:45.979+0200] {dag.py:3239} INFO - Sync 1 DAGs
[2026-09-22T15:25:45.984+0200] {logging_mixin.py:190} INFO - [2026-09-22T15:25:45.984+0200] {dag.py:4180} INFO - Setting next_dagrun for tutorial_taskflow_templates to 2026-09-21 00:00:00+00:00, run_after=2026-09-22 00:00:00+00:00
[2026-09-22T15:25:45.989+0200] {processor.py:208} INFO - Processing /Users/swarnalidatta/Desktop/AutoQueryChatbot/.airflow-venv/lib/python3.12/site-packages/airflow/example_dags/tutorial_taskflow_templates.py took 0.076 seconds
[2026-09-22T15:26:53.245+0200] {processor.py:186} INFO - Started process (PID=34136) to work on /Users/swarnalidatta/Desktop/AutoQueryChatbot/.airflow-venv/lib/python3.12/site-packages/airflow/example_dags/tutorial_taskflow_templates.py
[2026-09-22T15:26:53.246+0200] {processor.py:914} INFO - Processing file /Users/swarnalidatta/Desktop/AutoQueryChatbot/.airflow-venv/lib/python3.12/site-packages/airflow/example_dags/tutorial_taskflow_templates.py for tasks to queue
[2026-09-22T15:26:53.246+0200] {logging_mixin.py:190} INFO - [2026-09-22T15:26:53.246+0200] {dagbag.py:588} INFO - Filling up the DagBag from /Users/swarnalidatta/Desktop/AutoQueryChatbot/.airflow-venv/lib/python3.12/site-packages/airflow/example_dags/tutorial_taskflow_templates.py
[2026-09-22T15:26:53.260+0200] {processor.py:925} INFO - DAG(s) 'tutorial_taskflow_templates' retrieved from /Users/swarnalidatta/Desktop/AutoQueryChatbot/.airflow-venv/lib/python3.12/site-packages/airflow/example_dags/tutorial_taskflow_templates.py
[2026-09-22T15:26:53.308+0200] {logging_mixin.py:190} INFO - [2026-09-22T15:26:53.308+0200] {dag.py:3239} INFO - Sync 1 DAGs
[2026-09-22T15:26:53.314+0200] {logging_mixin.py:190} INFO - [2026-09-22T15:26:53.314+0200] {dag.py:4180} INFO - Setting next_dagrun for tutorial_taskflow_templates to 2026-09-21 00:00:00+00:00, run_after=2026-09-22 00:00:00+00:00
[2026-09-22T15:26:53.319+0200] {processor.py:208} INFO - Processing /Users/swarnalidatta/Desktop/AutoQueryChatbot/.airflow-venv/lib/python3.12/site-packages/airflow/example_dags/tutorial_taskflow_templates.py took 0.075 seconds
[2026-09-22T15:28:00.491+0200] {processor.py:186} INFO - Started process (PID=34287) to work on /Users/swarnalidatta/Desktop/AutoQueryChatbot/.airflow-venv/lib/python3.12/site-packages/airflow/example_dags/tutorial_taskflow_templates.py
[2026-09-22T15:28:00.491+0200] {processor.py:914} INFO - Processing file /Users/swarnalidatta/Desktop/AutoQueryChatbot/.airflow-venv/lib/python3.12/site-packages/airflow/example_dags/tutorial_taskflow_templates.py for tasks to queue
[2026-09-22T15:28:00.492+0200] {logging_mixin.py:190} INFO - [2026-09-22T15:28:00.492+0200] {dagbag.py:588} INFO - Filling up the DagBag from /Users/swarnalidatta/Desktop/AutoQueryChatbot/.airflow-venv/lib/python3.12/site-packages/airflow/example_dags/tutorial_taskflow_templates.py
[2026-09-22T15:28:00.505+0200] {processor.py:925} INFO - DAG(s) 'tutorial_taskflow_templates' retrieved from /Users/swarnalidatta/Desktop/AutoQueryChatbot/.airflow-venv/lib/python3.12/site-packages/airflow/example_dags/tutorial_taskflow_templates.py
[2026-09-22T15:28:00.554+0200] {logging_mixin.py:190} INFO - [2026-09-22T15:28:00.554+0200] {dag.py:3239} INFO - Sync 1 DAGs
[2026-09-22T15:28:00.560+0200] {logging_mixin.py:190} INFO - [2026-09-22T15:28:00.560+0200] {dag.py:4180} INFO - Setting next_dagrun for tutorial_taskflow_templates to 2026-09-21 00:00:00+00:00, run_after=2026-09-22 00:00:00+00:00
[2026-09-22T15:28:00.565+0200] {processor.py:208} INFO - Processing /Users/swarnalidatta/Desktop/AutoQueryChatbot/.airflow-venv/lib/python3.12/site-packages/airflow/example_dags/tutorial_taskflow_templates.py took 0.075 seconds
[2026-09-22T15:29:06.338+0200] {processor.py:186} INFO - Started process (PID=34429) to work on /Users/swarnalidatta/Desktop/AutoQueryChatbot/.airflow-venv/lib/python3.12/site-packages/airflow/example_dags/tutorial_taskflow_templates.py
[2026-09-22T15:29:06.338+0200] {processor.py:914} INFO - Processing file /Users/swarnalidatta/Desktop/AutoQueryChatbot/.airflow-venv/lib/python3.12/site-packages/airflow/example_dags/tutorial_taskflow_templates.py for tasks to queue
[2026-09-22T15:29:06.339+0200] {logging_mixin.py:190} INFO - [2026-09-22T15:29:06.338+0200] {dagbag.py:588} INFO - Filling up the DagBag from /Users/swarnalidatta/Desktop/AutoQueryChatbot/.airflow-venv/lib/python3.12/site-packages/airflow/example_dags/tutorial_taskflow_templates.py
[2026-09-22T15:29:06.352+0200] {processor.py:925} INFO - DAG(s) 'tutorial_taskflow_templates' retrieved from /Users/swarnalidatta/Desktop/AutoQueryChatbot/.airflow-venv/lib/python3.12/site-packages/airflow/example_dags/tutorial_taskflow_templates.py
[2026-09-22T15:29:06.402+0200] {logging_mixin.py:190} INFO - [2026-09-22T15:29:06.402+0200] {dag.py:3239} INFO - Sync 1 DAGs
[2026-09-22T15:29:06.407+0200] {logging_mixin.py:190} INFO - [2026-09-22T15:29:06.407+0200] {dag.py:4180} INFO - Setting next_dagrun for tutorial_taskflow_templates to 2026-09-21 00:00:00+00:00, run_after=2026-09-22 00:00:00+00:00
[2026-09-22T15:29:06.412+0200] {processor.py:208} INFO - Processing /Users/swarnalidatta/Desktop/AutoQueryChatbot/.airflow-venv/lib/python3.12/site-packages/airflow/example_dags/tutorial_taskflow_templates.py took 0.076 seconds
[2026-09-22T15:30:11.346+0200] {processor.py:186} INFO - Started process (PID=34577) to work on /Users/swarnalidatta/Desktop/AutoQueryChatbot/.airflow-venv/lib/python3.12/site-packages/airflow/example_dags/tutorial_taskflow_templates.py
[2026-09-22T15:30:11.346+0200] {processor.py:914} INFO - Processing file /Users/swarnalidatta/Desktop/AutoQueryChatbot/.airflow-venv/lib/python3.12/site-packages/airflow/example_dags/tutorial_taskflow_templates.py for tasks to queue
[2026-09-22T15:30:11.346+0200] {logging_mixin.py:190} INFO - [2026-09-22T15:30:11.346+0200] {dagbag.py:588} INFO - Filling up the DagBag from /Users/swarnalidatta/Desktop/AutoQueryChatbot/.airflow-venv/lib/python3.12/site-packages/airflow/example_dags/tutorial_taskflow_templates.py
[2026-09-22T15:30:11.360+0200] {processor.py:925} INFO - DAG(s) 'tutorial_taskflow_templates' retrieved from /Users/swarnalidatta/Desktop/AutoQueryChatbot/.airflow-venv/lib/python3.12/site-packages/airflow/example_dags/tutorial_taskflow_templates.py
[2026-09-22T15:30:11.409+0200] {logging_mixin.py:190} INFO - [2026-09-22T15:30:11.409+0200] {dag.py:3239} INFO - Sync 1 DAGs
[2026-09-22T15:30:11.415+0200] {logging_mixin.py:190} INFO - [2026-09-22T15:30:11.415+0200] {dag.py:4180} INFO - Setting next_dagrun for tutorial_taskflow_templates to 2026-09-21 00:00:00+00:00, run_after=2026-09-22 00:00:00+00:00
[2026-09-22T15:30:11.420+0200] {processor.py:208} INFO - Processing /Users/swarnalidatta/Desktop/AutoQueryChatbot/.airflow-venv/lib/python3.12/site-packages/airflow/example_dags/tutorial_taskflow_templates.py took 0.075 seconds
[2026-09-22T15:31:15.362+0200] {processor.py:186} INFO - Started process (PID=34721) to work on /Users/swarnalidatta/Desktop/AutoQueryChatbot/.airflow-venv/lib/python3.12/site-packages/airflow/example_dags/tutorial_taskflow_templates.py
[2026-09-22T15:31:15.363+0200] {processor.py:914} INFO - Processing file /Users/swarnalidatta/Desktop/AutoQueryChatbot/.airflow-venv/lib/python3.12/site-packages/airflow/example_dags/tutorial_taskflow_templates.py for tasks to queue
[2026-09-22T15:31:15.363+0200] {logging_mixin.py:190} INFO - [2026-09-22T15:31:15.363+0200] {dagbag.py:588} INFO - Filling up the DagBag from /Users/swarnalidatta/Desktop/AutoQueryChatbot/.airflow-venv/lib/python3.12/site-packages/airflow/example_dags/tutorial_taskflow_templates.py
[2026-09-22T15:31:15.377+0200] {processor.py:925} INFO - DAG(s) 'tutorial_taskflow_templates' retrieved from /Users/swarnalidatta/Desktop/AutoQueryChatbot/.airflow-venv/lib/python3.12/site-packages/airflow/example_dags/tutorial_taskflow_templates.py
[2026-09-22T15:31:15.426+0200] {logging_mixin.py:190} INFO - [2026-09-22T15:31:15.426+0200] {dag.py:3239} INFO - Sync 1 DAGs
[2026-09-22T15:31:15.432+0200] {logging_mixin.py:190} INFO - [2026-09-22T15:31:15.432+0200] {dag.py:4180} INFO - Setting next_dagrun for tutorial_taskflow_templates to 2026-09-21 00:00:00+00:00, run_after=2026-09-22 00:00:00+00:00
[2026-09-22T15:31:15.437+0200] {processor.py:208} INFO - Processing /Users/swarnalidatta/Desktop/AutoQueryChatbot/.airflow-venv/lib/python3.12/site-packages/airflow/example_dags/tutorial_taskflow_templates.py took 0.075 seconds
[2026-09-22T15:32:22.822+0200] {processor.py:186} INFO - Started process (PID=34869) to work on /Users/swarnalidatta/Desktop/AutoQueryChatbot/.airflow-venv/lib/python3.12/site-packages/airflow/example_dags/tutorial_taskflow_templates.py
[2026-09-22T15:32:22.822+0200] {processor.py:914} INFO - Processing file /Users/swarnalidatta/Desktop/AutoQueryChatbot/.airflow-venv/lib/python3.12/site-packages/airflow/example_dags/tutorial_taskflow_templates.py for tasks to queue
[2026-09-22T15:32:22.823+0200] {logging_mixin.py:190} INFO - [2026-09-22T15:32:22.823+0200] {dagbag.py:588} INFO - Filling up the DagBag from /Users/swarnalidatta/Desktop/AutoQueryChatbot/.airflow-venv/lib/python3.12/site-packages/airflow/example_dags/tutorial_taskflow_templates.py
[2026-09-22T15:32:22.836+0200] {processor.py:925} INFO - DAG(s) 'tutorial_taskflow_templates' retrieved from /Users/swarnalidatta/Desktop/AutoQueryChatbot/.airflow-venv/lib/python3.12/site-packages/airflow/example_dags/tutorial_taskflow_templates.py
[2026-09-22T15:32:22.885+0200] {logging_mixin.py:190} INFO - [2026-09-22T15:32:22.885+0200] {dag.py:3239} INFO - Sync 1 DAGs
[2026-09-22T15:32:22.891+0200] {logging_mixin.py:190} INFO - [2026-09-22T15:32:22.891+0200] {dag.py:4180} INFO - Setting next_dagrun for tutorial_taskflow_templates to 2026-09-21 00:00:00+00:00, run_after=2026-09-22 00:00:00+00:00
[2026-09-22T15:32:22.896+0200] {processor.py:208} INFO - Processing /Users/swarnalidatta/Desktop/AutoQueryChatbot/.airflow-venv/lib/python3.12/site-packages/airflow/example_dags/tutorial_taskflow_templates.py took 0.075 seconds
[2026-09-22T15:33:28.661+0200] {processor.py:186} INFO - Started process (PID=35018) to work on /Users/swarnalidatta/Desktop/AutoQueryChatbot/.airflow-venv/lib/python3.12/site-packages/airflow/example_dags/tutorial_taskflow_templates.py
[2026-09-22T15:33:28.661+0200] {processor.py:914} INFO - Processing file /Users/swarnalidatta/Desktop/AutoQueryChatbot/.airflow-venv/lib/python3.12/site-packages/airflow/example_dags/tutorial_taskflow_templates.py for tasks to queue
[2026-09-22T15:33:28.662+0200] {logging_mixin.py:190} INFO - [2026-09-22T15:33:28.662+0200] {dagbag.py:588} INFO - Filling up the DagBag from /Users/swarnalidatta/Desktop/AutoQueryChatbot/.airflow-venv/lib/python3.12/site-packages/airflow/example_dags/tutorial_taskflow_templates.py
[2026-09-22T15:33:28.675+0200] {processor.py:925} INFO - DAG(s) 'tutorial_taskflow_templates' retrieved from /Users/swarnalidatta/Desktop/AutoQueryChatbot/.airflow-venv/lib/python3.12/site-packages/airflow/example_dags/tutorial_taskflow_templates.py
[2026-09-22T15:33:28.725+0200] {logging_mixin.py:190} INFO - [2026-09-22T15:33:28.725+0200] {dag.py:3239} INFO - Sync 1 DAGs
[2026-09-22T15:33:28.730+0200] {logging_mixin.py:190} INFO - [2026-09-22T15:33:28.730+0200] {dag.py:4180} INFO - Setting next_dagrun for tutorial_taskflow_templates to 2026-09-21 00:00:00+00:00, run_after=2026-09-22 00:00:00+00:00
[2026-09-22T15:33:28.735+0200] {processor.py:208} INFO - Processing /Users/swarnalidatta/Desktop/AutoQueryChatbot/.airflow-venv/lib/python3.12/site-packages/airflow/example_dags/tutorial_taskflow_templates.py took 0.075 seconds
[2026-09-22T15:34:37.587+0200] {processor.py:186} INFO - Started process (PID=35169) to work on /Users/swarnalidatta/Desktop/AutoQueryChatbot/.airflow-venv/lib/python3.12/site-packages/airflow/example_dags/tutorial_taskflow_templates.py
[2026-09-22T15:34:37.587+0200] {processor.py:914} INFO - Processing file /Users/swarnalidatta/Desktop/AutoQueryChatbot/.airflow-venv/lib/python3.12/site-packages/airflow/example_dags/tutorial_taskflow_templates.py for tasks to queue
[2026-09-22T15:34:37.587+0200] {logging_mixin.py:190} INFO - [2026-09-22T15:34:37.587+0200] {dagbag.py:588} INFO - Filling up the DagBag from /Users/swarnalidatta/Desktop/AutoQueryChatbot/.airflow-venv/lib/python3.12/site-packages/airflow/example_dags/tutorial_taskflow_templates.py
[2026-09-22T15:34:37.601+0200] {processor.py:925} INFO - DAG(s) 'tutorial_taskflow_templates' retrieved from /Users/swarnalidatta/Desktop/AutoQueryChatbot/.airflow-venv/lib/python3.12/site-packages/airflow/example_dags/tutorial_taskflow_templates.py
[2026-09-22T15:34:37.648+0200] {logging_mixin.py:190} INFO - [2026-09-22T15:34:37.648+0200] {dag.py:3239} INFO - Sync 1 DAGs
[2026-09-22T15:34:37.654+0200] {logging_mixin.py:190} INFO - [2026-09-22T15:34:37.654+0200] {dag.py:4180} INFO - Setting next_dagrun for tutorial_taskflow_templates to 2026-09-21 00:00:00+00:00, run_after=2026-09-22 00:00:00+00:00
[2026-09-22T15:34:37.659+0200] {processor.py:208} INFO - Processing /Users/swarnalidatta/Desktop/AutoQueryChatbot/.airflow-venv/lib/python3.12/site-packages/airflow/example_dags/tutorial_taskflow_templates.py took 0.073 seconds
[2026-09-22T15:35:47.103+0200] {processor.py:186} INFO - Started process (PID=35330) to work on /Users/swarnalidatta/Desktop/AutoQueryChatbot/.airflow-venv/lib/python3.12/site-packages/airflow/example_dags/tutorial_taskflow_templates.py
[2026-09-22T15:35:47.103+0200] {processor.py:914} INFO - Processing file /Users/swarnalidatta/Desktop/AutoQueryChatbot/.airflow-venv/lib/python3.12/site-packages/airflow/example_dags/tutorial_taskflow_templates.py for tasks to queue
[2026-09-22T15:35:47.104+0200] {logging_mixin.py:190} INFO - [2026-09-22T15:35:47.104+0200] {dagbag.py:588} INFO - Filling up the DagBag from /Users/swarnalidatta/Desktop/AutoQueryChatbot/.airflow-venv/lib/python3.12/site-packages/airflow/example_dags/tutorial_taskflow_templates.py
[2026-09-22T15:35:47.117+0200] {processor.py:925} INFO - DAG(s) 'tutorial_taskflow_templates' retrieved from /Users/swarnalidatta/Desktop/AutoQueryChatbot/.airflow-venv/lib/python3.12/site-packages/airflow/example_dags/tutorial_taskflow_templates.py
[2026-09-22T15:35:47.167+0200] {logging_mixin.py:190} INFO - [2026-09-22T15:35:47.167+0200] {dag.py:3239} INFO - Sync 1 DAGs
[2026-09-22T15:35:47.172+0200] {logging_mixin.py:190} INFO - [2026-09-22T15:35:47.172+0200] {dag.py:4180} INFO - Setting next_dagrun for tutorial_taskflow_templates to 2026-09-21 00:00:00+00:00, run_after=2026-09-22 00:00:00+00:00
[2026-09-22T15:35:47.177+0200] {processor.py:208} INFO - Processing /Users/swarnalidatta/Desktop/AutoQueryChatbot/.airflow-venv/lib/python3.12/site-packages/airflow/example_dags/tutorial_taskflow_templates.py took 0.075 seconds
[2026-09-22T15:36:52.785+0200] {processor.py:186} INFO - Started process (PID=35479) to work on /Users/swarnalidatta/Desktop/AutoQueryChatbot/.airflow-venv/lib/python3.12/site-packages/airflow/example_dags/tutorial_taskflow_templates.py
[2026-09-22T15:36:52.785+0200] {processor.py:914} INFO - Processing file /Users/swarnalidatta/Desktop/AutoQueryChatbot/.airflow-venv/lib/python3.12/site-packages/airflow/example_dags/tutorial_taskflow_templates.py for tasks to queue
[2026-09-22T15:36:52.786+0200] {logging_mixin.py:190} INFO - [2026-09-22T15:36:52.786+0200] {dagbag.py:588} INFO - Filling up the DagBag from /Users/swarnalidatta/Desktop/AutoQueryChatbot/.airflow-venv/lib/python3.12/site-packages/airflow/example_dags/tutorial_taskflow_templates.py
[2026-09-22T15:36:52.799+0200] {processor.py:925} INFO - DAG(s) 'tutorial_taskflow_templates' retrieved from /Users/swarnalidatta/Desktop/AutoQueryChatbot/.airflow-venv/lib/python3.12/site-packages/airflow/example_dags/tutorial_taskflow_templates.py
[2026-09-22T15:36:52.845+0200] {logging_mixin.py:190} INFO - [2026-09-22T15:36:52.845+0200] {dag.py:3239} INFO - Sync 1 DAGs
[2026-09-22T15:36:52.851+0200] {logging_mixin.py:190} INFO - [2026-09-22T15:36:52.851+0200] {dag.py:4180} INFO - Setting next_dagrun for tutorial_taskflow_templates to 2026-09-21 00:00:00+00:00, run_after=2026-09-22 00:00:00+00:00
[2026-09-22T15:36:52.856+0200] {processor.py:208} INFO - Processing /Users/swarnalidatta/Desktop/AutoQueryChatbot/.airflow-venv/lib/python3.12/site-packages/airflow/example_dags/tutorial_taskflow_templates.py took 0.072 seconds
[2026-09-22T15:37:57.712+0200] {processor.py:186} INFO - Started process (PID=35624) to work on /Users/swarnalidatta/Desktop/AutoQueryChatbot/.airflow-venv/lib/python3.12/site-packages/airflow/example_dags/tutorial_taskflow_templates.py
[2026-09-22T15:37:57.713+0200] {processor.py:914} INFO - Processing file /Users/swarnalidatta/Desktop/AutoQueryChatbot/.airflow-venv/lib/python3.12/site-packages/airflow/example_dags/tutorial_taskflow_templates.py for tasks to queue
[2026-09-22T15:37:57.713+0200] {logging_mixin.py:190} INFO - [2026-09-22T15:37:57.713+0200] {dagbag.py:588} INFO - Filling up the DagBag from /Users/swarnalidatta/Desktop/AutoQueryChatbot/.airflow-venv/lib/python3.12/site-packages/airflow/example_dags/tutorial_taskflow_templates.py
[2026-09-22T15:37:57.726+0200] {processor.py:925} INFO - DAG(s) 'tutorial_taskflow_templates' retrieved from /Users/swarnalidatta/Desktop/AutoQueryChatbot/.airflow-venv/lib/python3.12/site-packages/airflow/example_dags/tutorial_taskflow_templates.py
[2026-09-22T15:37:57.774+0200] {logging_mixin.py:190} INFO - [2026-09-22T15:37:57.774+0200] {dag.py:3239} INFO - Sync 1 DAGs
[2026-09-22T15:37:57.779+0200] {logging_mixin.py:190} INFO - [2026-09-22T15:37:57.779+0200] {dag.py:4180} INFO - Setting next_dagrun for tutorial_taskflow_templates to 2026-09-21 00:00:00+00:00, run_after=2026-09-22 00:00:00+00:00
[2026-09-22T15:37:57.784+0200] {processor.py:208} INFO - Processing /Users/swarnalidatta/Desktop/AutoQueryChatbot/.airflow-venv/lib/python3.12/site-packages/airflow/example_dags/tutorial_taskflow_templates.py took 0.073 seconds
[2026-09-22T15:39:09.632+0200] {processor.py:186} INFO - Started process (PID=35779) to work on /Users/swarnalidatta/Desktop/AutoQueryChatbot/.airflow-venv/lib/python3.12/site-packages/airflow/example_dags/tutorial_taskflow_templates.py
[2026-09-22T15:39:09.633+0200] {processor.py:914} INFO - Processing file /Users/swarnalidatta/Desktop/AutoQueryChatbot/.airflow-venv/lib/python3.12/site-packages/airflow/example_dags/tutorial_taskflow_templates.py for tasks to queue
[2026-09-22T15:39:09.633+0200] {logging_mixin.py:190} INFO - [2026-09-22T15:39:09.633+0200] {dagbag.py:588} INFO - Filling up the DagBag from /Users/swarnalidatta/Desktop/AutoQueryChatbot/.airflow-venv/lib/python3.12/site-packages/airflow/example_dags/tutorial_taskflow_templates.py
[2026-09-22T15:39:09.647+0200] {processor.py:925} INFO - DAG(s) 'tutorial_taskflow_templates' retrieved from /Users/swarnalidatta/Desktop/AutoQueryChatbot/.airflow-venv/lib/python3.12/site-packages/airflow/example_dags/tutorial_taskflow_templates.py
[2026-09-22T15:39:09.694+0200] {logging_mixin.py:190} INFO - [2026-09-22T15:39:09.694+0200] {dag.py:3239} INFO - Sync 1 DAGs
[2026-09-22T15:39:09.699+0200] {logging_mixin.py:190} INFO - [2026-09-22T15:39:09.699+0200] {dag.py:4180} INFO - Setting next_dagrun for tutorial_taskflow_templates to 2026-09-21 00:00:00+00:00, run_after=2026-09-22 00:00:00+00:00
[2026-09-22T15:39:09.704+0200] {processor.py:208} INFO - Processing /Users/swarnalidatta/Desktop/AutoQueryChatbot/.airflow-venv/lib/python3.12/site-packages/airflow/example_dags/tutorial_taskflow_templates.py took 0.073 seconds
[2026-09-22T15:40:18.024+0200] {processor.py:186} INFO - Started process (PID=35936) to work on /Users/swarnalidatta/Desktop/AutoQueryChatbot/.airflow-venv/lib/python3.12/site-packages/airflow/example_dags/tutorial_taskflow_templates.py
[2026-09-22T15:40:18.024+0200] {processor.py:914} INFO - Processing file /Users/swarnalidatta/Desktop/AutoQueryChatbot/.airflow-venv/lib/python3.12/site-packages/airflow/example_dags/tutorial_taskflow_templates.py for tasks to queue
[2026-09-22T15:40:18.025+0200] {logging_mixin.py:190} INFO - [2026-09-22T15:40:18.024+0200] {dagbag.py:588} INFO - Filling up the DagBag from /Users/swarnalidatta/Desktop/AutoQueryChatbot/.airflow-venv/lib/python3.12/site-packages/airflow/example_dags/tutorial_taskflow_templates.py
[2026-09-22T15:40:18.038+0200] {processor.py:925} INFO - DAG(s) 'tutorial_taskflow_templates' retrieved from /Users/swarnalidatta/Desktop/AutoQueryChatbot/.airflow-venv/lib/python3.12/site-packages/airflow/example_dags/tutorial_taskflow_templates.py
[2026-09-22T15:40:18.085+0200] {logging_mixin.py:190} INFO - [2026-09-22T15:40:18.085+0200] {dag.py:3239} INFO - Sync 1 DAGs
[2026-09-22T15:40:18.090+0200] {logging_mixin.py:190} INFO - [2026-09-22T15:40:18.090+0200] {dag.py:4180} INFO - Setting next_dagrun for tutorial_taskflow_templates to 2026-09-21 00:00:00+00:00, run_after=2026-09-22 00:00:00+00:00
[2026-09-22T15:40:18.095+0200] {processor.py:208} INFO - Processing /Users/swarnalidatta/Desktop/AutoQueryChatbot/.airflow-venv/lib/python3.12/site-packages/airflow/example_dags/tutorial_taskflow_templates.py took 0.073 seconds
[2026-09-22T15:41:23.217+0200] {processor.py:186} INFO - Started process (PID=36084) to work on /Users/swarnalidatta/Desktop/AutoQueryChatbot/.airflow-venv/lib/python3.12/site-packages/airflow/example_dags/tutorial_taskflow_templates.py
[2026-09-22T15:41:23.217+0200] {processor.py:914} INFO - Processing file /Users/swarnalidatta/Desktop/AutoQueryChatbot/.airflow-venv/lib/python3.12/site-packages/airflow/example_dags/tutorial_taskflow_templates.py for tasks to queue
[2026-09-22T15:41:23.218+0200] {logging_mixin.py:190} INFO - [2026-09-22T15:41:23.218+0200] {dagbag.py:588} INFO - Filling up the DagBag from /Users/swarnalidatta/Desktop/AutoQueryChatbot/.airflow-venv/lib/python3.12/site-packages/airflow/example_dags/tutorial_taskflow_templates.py
[2026-09-22T15:41:23.231+0200] {processor.py:925} INFO - DAG(s) 'tutorial_taskflow_templates' retrieved from /Users/swarnalidatta/Desktop/AutoQueryChatbot/.airflow-venv/lib/python3.12/site-packages/airflow/example_dags/tutorial_taskflow_templates.py
[2026-09-22T15:41:23.278+0200] {logging_mixin.py:190} INFO - [2026-09-22T15:41:23.278+0200] {dag.py:3239} INFO - Sync 1 DAGs
[2026-09-22T15:41:23.283+0200] {logging_mixin.py:190} INFO - [2026-09-22T15:41:23.283+0200] {dag.py:4180} INFO - Setting next_dagrun for tutorial_taskflow_templates to 2026-09-21 00:00:00+00:00, run_after=2026-09-22 00:00:00+00:00
[2026-09-22T15:41:23.288+0200] {processor.py:208} INFO - Processing /Users/swarnalidatta/Desktop/AutoQueryChatbot/.airflow-venv/lib/python3.12/site-packages/airflow/example_dags/tutorial_taskflow_templates.py took 0.072 seconds
[2026-09-22T15:42:29.936+0200] {processor.py:186} INFO - Started process (PID=36233) to work on /Users/swarnalidatta/Desktop/AutoQueryChatbot/.airflow-venv/lib/python3.12/site-packages/airflow/example_dags/tutorial_taskflow_templates.py
[2026-09-22T15:42:29.936+0200] {processor.py:914} INFO - Processing file /Users/swarnalidatta/Desktop/AutoQueryChatbot/.airflow-venv/lib/python3.12/site-packages/airflow/example_dags/tutorial_taskflow_templates.py for tasks to queue
[2026-09-22T15:42:29.937+0200] {logging_mixin.py:190} INFO - [2026-09-22T15:42:29.937+0200] {dagbag.py:588} INFO - Filling up the DagBag from /Users/swarnalidatta/Desktop/AutoQueryChatbot/.airflow-venv/lib/python3.12/site-packages/airflow/example_dags/tutorial_taskflow_templates.py
[2026-09-22T15:42:29.950+0200] {processor.py:925} INFO - DAG(s) 'tutorial_taskflow_templates' retrieved from /Users/swarnalidatta/Desktop/AutoQueryChatbot/.airflow-venv/lib/python3.12/site-packages/airflow/example_dags/tutorial_taskflow_templates.py
[2026-09-22T15:42:29.998+0200] {logging_mixin.py:190} INFO - [2026-09-22T15:42:29.998+0200] {dag.py:3239} INFO - Sync 1 DAGs
[2026-09-22T15:42:30.003+0200] {logging_mixin.py:190} INFO - [2026-09-22T15:42:30.003+0200] {dag.py:4180} INFO - Setting next_dagrun for tutorial_taskflow_templates to 2026-09-21 00:00:00+00:00, run_after=2026-09-22 00:00:00+00:00
[2026-09-22T15:42:30.008+0200] {processor.py:208} INFO - Processing /Users/swarnalidatta/Desktop/AutoQueryChatbot/.airflow-venv/lib/python3.12/site-packages/airflow/example_dags/tutorial_taskflow_templates.py took 0.073 seconds
[2026-09-22T15:43:37.756+0200] {processor.py:186} INFO - Started process (PID=36383) to work on /Users/swarnalidatta/Desktop/AutoQueryChatbot/.airflow-venv/lib/python3.12/site-packages/airflow/example_dags/tutorial_taskflow_templates.py
[2026-09-22T15:43:37.756+0200] {processor.py:914} INFO - Processing file /Users/swarnalidatta/Desktop/AutoQueryChatbot/.airflow-venv/lib/python3.12/site-packages/airflow/example_dags/tutorial_taskflow_templates.py for tasks to queue
[2026-09-22T15:43:37.757+0200] {logging_mixin.py:190} INFO - [2026-09-22T15:43:37.757+0200] {dagbag.py:588} INFO - Filling up the DagBag from /Users/swarnalidatta/Desktop/AutoQueryChatbot/.airflow-venv/lib/python3.12/site-packages/airflow/example_dags/tutorial_taskflow_templates.py
[2026-09-22T15:43:37.770+0200] {processor.py:925} INFO - DAG(s) 'tutorial_taskflow_templates' retrieved from /Users/swarnalidatta/Desktop/AutoQueryChatbot/.airflow-venv/lib/python3.12/site-packages/airflow/example_dags/tutorial_taskflow_templates.py
[2026-09-22T15:43:37.818+0200] {logging_mixin.py:190} INFO - [2026-09-22T15:43:37.818+0200] {dag.py:3239} INFO - Sync 1 DAGs
[2026-09-22T15:43:37.823+0200] {logging_mixin.py:190} INFO - [2026-09-22T15:43:37.823+0200] {dag.py:4180} INFO - Setting next_dagrun for tutorial_taskflow_templates to 2026-09-21 00:00:00+00:00, run_after=2026-09-22 00:00:00+00:00
[2026-09-22T15:43:37.828+0200] {processor.py:208} INFO - Processing /Users/swarnalidatta/Desktop/AutoQueryChatbot/.airflow-venv/lib/python3.12/site-packages/airflow/example_dags/tutorial_taskflow_templates.py took 0.073 seconds
[2026-09-22T15:44:44.581+0200] {processor.py:186} INFO - Started process (PID=36532) to work on /Users/swarnalidatta/Desktop/AutoQueryChatbot/.airflow-venv/lib/python3.12/site-packages/airflow/example_dags/tutorial_taskflow_templates.py
[2026-09-22T15:44:44.581+0200] {processor.py:914} INFO - Processing file /Users/swarnalidatta/Desktop/AutoQueryChatbot/.airflow-venv/lib/python3.12/site-packages/airflow/example_dags/tutorial_taskflow_templates.py for tasks to queue
[2026-09-22T15:44:44.581+0200] {logging_mixin.py:190} INFO - [2026-09-22T15:44:44.581+0200] {dagbag.py:588} INFO - Filling up the DagBag from /Users/swarnalidatta/Desktop/AutoQueryChatbot/.airflow-venv/lib/python3.12/site-packages/airflow/example_dags/tutorial_taskflow_templates.py
[2026-09-22T15:44:44.594+0200] {processor.py:925} INFO - DAG(s) 'tutorial_taskflow_templates' retrieved from /Users/swarnalidatta/Desktop/AutoQueryChatbot/.airflow-venv/lib/python3.12/site-packages/airflow/example_dags/tutorial_taskflow_templates.py
[2026-09-22T15:44:44.641+0200] {logging_mixin.py:190} INFO - [2026-09-22T15:44:44.641+0200] {dag.py:3239} INFO - Sync 1 DAGs
[2026-09-22T15:44:44.646+0200] {logging_mixin.py:190} INFO - [2026-09-22T15:44:44.646+0200] {dag.py:4180} INFO - Setting next_dagrun for tutorial_taskflow_templates to 2026-09-21 00:00:00+00:00, run_after=2026-09-22 00:00:00+00:00
[2026-09-22T15:44:44.651+0200] {processor.py:208} INFO - Processing /Users/swarnalidatta/Desktop/AutoQueryChatbot/.airflow-venv/lib/python3.12/site-packages/airflow/example_dags/tutorial_taskflow_templates.py took 0.071 seconds
[2026-09-22T15:45:50.400+0200] {processor.py:186} INFO - Started process (PID=36676) to work on /Users/swarnalidatta/Desktop/AutoQueryChatbot/.airflow-venv/lib/python3.12/site-packages/airflow/example_dags/tutorial_taskflow_templates.py
[2026-09-22T15:45:50.401+0200] {processor.py:914} INFO - Processing file /Users/swarnalidatta/Desktop/AutoQueryChatbot/.airflow-venv/lib/python3.12/site-packages/airflow/example_dags/tutorial_taskflow_templates.py for tasks to queue
[2026-09-22T15:45:50.401+0200] {logging_mixin.py:190} INFO - [2026-09-22T15:45:50.401+0200] {dagbag.py:588} INFO - Filling up the DagBag from /Users/swarnalidatta/Desktop/AutoQueryChatbot/.airflow-venv/lib/python3.12/site-packages/airflow/example_dags/tutorial_taskflow_templates.py
[2026-09-22T15:45:50.414+0200] {processor.py:925} INFO - DAG(s) 'tutorial_taskflow_templates' retrieved from /Users/swarnalidatta/Desktop/AutoQueryChatbot/.airflow-venv/lib/python3.12/site-packages/airflow/example_dags/tutorial_taskflow_templates.py
[2026-09-22T15:45:50.462+0200] {logging_mixin.py:190} INFO - [2026-09-22T15:45:50.462+0200] {dag.py:3239} INFO - Sync 1 DAGs
[2026-09-22T15:45:50.467+0200] {logging_mixin.py:190} INFO - [2026-09-22T15:45:50.467+0200] {dag.py:4180} INFO - Setting next_dagrun for tutorial_taskflow_templates to 2026-09-21 00:00:00+00:00, run_after=2026-09-22 00:00:00+00:00
[2026-09-22T15:45:50.472+0200] {processor.py:208} INFO - Processing /Users/swarnalidatta/Desktop/AutoQueryChatbot/.airflow-venv/lib/python3.12/site-packages/airflow/example_dags/tutorial_taskflow_templates.py took 0.073 seconds
[2026-09-22T15:46:56.907+0200] {processor.py:186} INFO - Started process (PID=36827) to work on /Users/swarnalidatta/Desktop/AutoQueryChatbot/.airflow-venv/lib/python3.12/site-packages/airflow/example_dags/tutorial_taskflow_templates.py
[2026-09-22T15:46:56.908+0200] {processor.py:914} INFO - Processing file /Users/swarnalidatta/Desktop/AutoQueryChatbot/.airflow-venv/lib/python3.12/site-packages/airflow/example_dags/tutorial_taskflow_templates.py for tasks to queue
[2026-09-22T15:46:56.908+0200] {logging_mixin.py:190} INFO - [2026-09-22T15:46:56.908+0200] {dagbag.py:588} INFO - Filling up the DagBag from /Users/swarnalidatta/Desktop/AutoQueryChatbot/.airflow-venv/lib/python3.12/site-packages/airflow/example_dags/tutorial_taskflow_templates.py
[2026-09-22T15:46:56.921+0200] {processor.py:925} INFO - DAG(s) 'tutorial_taskflow_templates' retrieved from /Users/swarnalidatta/Desktop/AutoQueryChatbot/.airflow-venv/lib/python3.12/site-packages/airflow/example_dags/tutorial_taskflow_templates.py
[2026-09-22T15:46:56.969+0200] {logging_mixin.py:190} INFO - [2026-09-22T15:46:56.969+0200] {dag.py:3239} INFO - Sync 1 DAGs
[2026-09-22T15:46:56.975+0200] {logging_mixin.py:190} INFO - [2026-09-22T15:46:56.975+0200] {dag.py:4180} INFO - Setting next_dagrun for tutorial_taskflow_templates to 2026-09-21 00:00:00+00:00, run_after=2026-09-22 00:00:00+00:00
[2026-09-22T15:46:56.980+0200] {processor.py:208} INFO - Processing /Users/swarnalidatta/Desktop/AutoQueryChatbot/.airflow-venv/lib/python3.12/site-packages/airflow/example_dags/tutorial_taskflow_templates.py took 0.073 seconds
[2026-09-22T15:48:04.026+0200] {processor.py:186} INFO - Started process (PID=36973) to work on /Users/swarnalidatta/Desktop/AutoQueryChatbot/.airflow-venv/lib/python3.12/site-packages/airflow/example_dags/tutorial_taskflow_templates.py
[2026-09-22T15:48:04.026+0200] {processor.py:914} INFO - Processing file /Users/swarnalidatta/Desktop/AutoQueryChatbot/.airflow-venv/lib/python3.12/site-packages/airflow/example_dags/tutorial_taskflow_templates.py for tasks to queue
[2026-09-22T15:48:04.026+0200] {logging_mixin.py:190} INFO - [2026-09-22T15:48:04.026+0200] {dagbag.py:588} INFO - Filling up the DagBag from /Users/swarnalidatta/Desktop/AutoQueryChatbot/.airflow-venv/lib/python3.12/site-packages/airflow/example_dags/tutorial_taskflow_templates.py
[2026-09-22T15:48:04.039+0200] {processor.py:925} INFO - DAG(s) 'tutorial_taskflow_templates' retrieved from /Users/swarnalidatta/Desktop/AutoQueryChatbot/.airflow-venv/lib/python3.12/site-packages/airflow/example_dags/tutorial_taskflow_templates.py
[2026-09-22T15:48:04.086+0200] {logging_mixin.py:190} INFO - [2026-09-22T15:48:04.086+0200] {dag.py:3239} INFO - Sync 1 DAGs
[2026-09-22T15:48:04.091+0200] {logging_mixin.py:190} INFO - [2026-09-22T15:48:04.091+0200] {dag.py:4180} INFO - Setting next_dagrun for tutorial_taskflow_templates to 2026-09-21 00:00:00+00:00, run_after=2026-09-22 00:00:00+00:00
[2026-09-22T15:48:04.096+0200] {processor.py:208} INFO - Processing /Users/swarnalidatta/Desktop/AutoQueryChatbot/.airflow-venv/lib/python3.12/site-packages/airflow/example_dags/tutorial_taskflow_templates.py took 0.071 seconds
[2026-09-22T15:49:09.795+0200] {processor.py:186} INFO - Started process (PID=37124) to work on /Users/swarnalidatta/Desktop/AutoQueryChatbot/.airflow-venv/lib/python3.12/site-packages/airflow/example_dags/tutorial_taskflow_templates.py
[2026-09-22T15:49:09.796+0200] {processor.py:914} INFO - Processing file /Users/swarnalidatta/Desktop/AutoQueryChatbot/.airflow-venv/lib/python3.12/site-packages/airflow/example_dags/tutorial_taskflow_templates.py for tasks to queue
[2026-09-22T15:49:09.796+0200] {logging_mixin.py:190} INFO - [2026-09-22T15:49:09.796+0200] {dagbag.py:588} INFO - Filling up the DagBag from /Users/swarnalidatta/Desktop/AutoQueryChatbot/.airflow-venv/lib/python3.12/site-packages/airflow/example_dags/tutorial_taskflow_templates.py
[2026-09-22T15:49:09.809+0200] {processor.py:925} INFO - DAG(s) 'tutorial_taskflow_templates' retrieved from /Users/swarnalidatta/Desktop/AutoQueryChatbot/.airflow-venv/lib/python3.12/site-packages/airflow/example_dags/tutorial_taskflow_templates.py
[2026-09-22T15:49:09.857+0200] {logging_mixin.py:190} INFO - [2026-09-22T15:49:09.857+0200] {dag.py:3239} INFO - Sync 1 DAGs
[2026-09-22T15:49:09.862+0200] {logging_mixin.py:190} INFO - [2026-09-22T15:49:09.862+0200] {dag.py:4180} INFO - Setting next_dagrun for tutorial_taskflow_templates to 2026-09-21 00:00:00+00:00, run_after=2026-09-22 00:00:00+00:00
[2026-09-22T15:49:09.867+0200] {processor.py:208} INFO - Processing /Users/swarnalidatta/Desktop/AutoQueryChatbot/.airflow-venv/lib/python3.12/site-packages/airflow/example_dags/tutorial_taskflow_templates.py took 0.073 seconds
[2026-09-22T15:50:13.505+0200] {processor.py:186} INFO - Started process (PID=37265) to work on /Users/swarnalidatta/Desktop/AutoQueryChatbot/.airflow-venv/lib/python3.12/site-packages/airflow/example_dags/tutorial_taskflow_templates.py
[2026-09-22T15:50:13.506+0200] {processor.py:914} INFO - Processing file /Users/swarnalidatta/Desktop/AutoQueryChatbot/.airflow-venv/lib/python3.12/site-packages/airflow/example_dags/tutorial_taskflow_templates.py for tasks to queue
[2026-09-22T15:50:13.506+0200] {logging_mixin.py:190} INFO - [2026-09-22T15:50:13.506+0200] {dagbag.py:588} INFO - Filling up the DagBag from /Users/swarnalidatta/Desktop/AutoQueryChatbot/.airflow-venv/lib/python3.12/site-packages/airflow/example_dags/tutorial_taskflow_templates.py
[2026-09-22T15:50:13.521+0200] {processor.py:925} INFO - DAG(s) 'tutorial_taskflow_templates' retrieved from /Users/swarnalidatta/Desktop/AutoQueryChatbot/.airflow-venv/lib/python3.12/site-packages/airflow/example_dags/tutorial_taskflow_templates.py
[2026-09-22T15:50:13.576+0200] {logging_mixin.py:190} INFO - [2026-09-22T15:50:13.576+0200] {dag.py:3239} INFO - Sync 1 DAGs
[2026-09-22T15:50:13.581+0200] {logging_mixin.py:190} INFO - [2026-09-22T15:50:13.581+0200] {dag.py:4180} INFO - Setting next_dagrun for tutorial_taskflow_templates to 2026-09-21 00:00:00+00:00, run_after=2026-09-22 00:00:00+00:00
[2026-09-22T15:50:13.587+0200] {processor.py:208} INFO - Processing /Users/swarnalidatta/Desktop/AutoQueryChatbot/.airflow-venv/lib/python3.12/site-packages/airflow/example_dags/tutorial_taskflow_templates.py took 0.082 seconds
[2026-09-22T15:51:19.894+0200] {processor.py:186} INFO - Started process (PID=37420) to work on /Users/swarnalidatta/Desktop/AutoQueryChatbot/.airflow-venv/lib/python3.12/site-packages/airflow/example_dags/tutorial_taskflow_templates.py
[2026-09-22T15:51:19.896+0200] {processor.py:914} INFO - Processing file /Users/swarnalidatta/Desktop/AutoQueryChatbot/.airflow-venv/lib/python3.12/site-packages/airflow/example_dags/tutorial_taskflow_templates.py for tasks to queue
[2026-09-22T15:51:19.896+0200] {logging_mixin.py:190} INFO - [2026-09-22T15:51:19.896+0200] {dagbag.py:588} INFO - Filling up the DagBag from /Users/swarnalidatta/Desktop/AutoQueryChatbot/.airflow-venv/lib/python3.12/site-packages/airflow/example_dags/tutorial_taskflow_templates.py
[2026-09-22T15:51:19.910+0200] {processor.py:925} INFO - DAG(s) 'tutorial_taskflow_templates' retrieved from /Users/swarnalidatta/Desktop/AutoQueryChatbot/.airflow-venv/lib/python3.12/site-packages/airflow/example_dags/tutorial_taskflow_templates.py
[2026-09-22T15:51:19.956+0200] {logging_mixin.py:190} INFO - [2026-09-22T15:51:19.956+0200] {dag.py:3239} INFO - Sync 1 DAGs
[2026-09-22T15:51:19.962+0200] {logging_mixin.py:190} INFO - [2026-09-22T15:51:19.961+0200] {dag.py:4180} INFO - Setting next_dagrun for tutorial_taskflow_templates to 2026-09-21 00:00:00+00:00, run_after=2026-09-22 00:00:00+00:00
[2026-09-22T15:51:19.967+0200] {processor.py:208} INFO - Processing /Users/swarnalidatta/Desktop/AutoQueryChatbot/.airflow-venv/lib/python3.12/site-packages/airflow/example_dags/tutorial_taskflow_templates.py took 0.073 seconds
[2026-09-22T15:52:27.115+0200] {processor.py:186} INFO - Started process (PID=37574) to work on /Users/swarnalidatta/Desktop/AutoQueryChatbot/.airflow-venv/lib/python3.12/site-packages/airflow/example_dags/tutorial_taskflow_templates.py
[2026-09-22T15:52:27.115+0200] {processor.py:914} INFO - Processing file /Users/swarnalidatta/Desktop/AutoQueryChatbot/.airflow-venv/lib/python3.12/site-packages/airflow/example_dags/tutorial_taskflow_templates.py for tasks to queue
[2026-09-22T15:52:27.115+0200] {logging_mixin.py:190} INFO - [2026-09-22T15:52:27.115+0200] {dagbag.py:588} INFO - Filling up the DagBag from /Users/swarnalidatta/Desktop/AutoQueryChatbot/.airflow-venv/lib/python3.12/site-packages/airflow/example_dags/tutorial_taskflow_templates.py
[2026-09-22T15:52:27.128+0200] {processor.py:925} INFO - DAG(s) 'tutorial_taskflow_templates' retrieved from /Users/swarnalidatta/Desktop/AutoQueryChatbot/.airflow-venv/lib/python3.12/site-packages/airflow/example_dags/tutorial_taskflow_templates.py
[2026-09-22T15:52:27.175+0200] {logging_mixin.py:190} INFO - [2026-09-22T15:52:27.175+0200] {dag.py:3239} INFO - Sync 1 DAGs
[2026-09-22T15:52:27.181+0200] {logging_mixin.py:190} INFO - [2026-09-22T15:52:27.181+0200] {dag.py:4180} INFO - Setting next_dagrun for tutorial_taskflow_templates to 2026-09-21 00:00:00+00:00, run_after=2026-09-22 00:00:00+00:00
[2026-09-22T15:52:27.186+0200] {processor.py:208} INFO - Processing /Users/swarnalidatta/Desktop/AutoQueryChatbot/.airflow-venv/lib/python3.12/site-packages/airflow/example_dags/tutorial_taskflow_templates.py took 0.072 seconds
[2026-09-22T15:55:30.464+0200] {processor.py:186} INFO - Started process (PID=37727) to work on /Users/swarnalidatta/Desktop/AutoQueryChatbot/.airflow-venv/lib/python3.12/site-packages/airflow/example_dags/tutorial_taskflow_templates.py
[2026-09-22T15:55:30.465+0200] {processor.py:914} INFO - Processing file /Users/swarnalidatta/Desktop/AutoQueryChatbot/.airflow-venv/lib/python3.12/site-packages/airflow/example_dags/tutorial_taskflow_templates.py for tasks to queue
[2026-09-22T15:55:30.465+0200] {logging_mixin.py:190} INFO - [2026-09-22T15:55:30.465+0200] {dagbag.py:588} INFO - Filling up the DagBag from /Users/swarnalidatta/Desktop/AutoQueryChatbot/.airflow-venv/lib/python3.12/site-packages/airflow/example_dags/tutorial_taskflow_templates.py
[2026-09-22T15:55:30.479+0200] {processor.py:925} INFO - DAG(s) 'tutorial_taskflow_templates' retrieved from /Users/swarnalidatta/Desktop/AutoQueryChatbot/.airflow-venv/lib/python3.12/site-packages/airflow/example_dags/tutorial_taskflow_templates.py
[2026-09-22T15:55:30.528+0200] {logging_mixin.py:190} INFO - [2026-09-22T15:55:30.528+0200] {dag.py:3239} INFO - Sync 1 DAGs
[2026-09-22T15:55:30.533+0200] {logging_mixin.py:190} INFO - [2026-09-22T15:55:30.533+0200] {dag.py:4180} INFO - Setting next_dagrun for tutorial_taskflow_templates to 2026-09-21 00:00:00+00:00, run_after=2026-09-22 00:00:00+00:00
[2026-09-22T15:55:30.538+0200] {processor.py:208} INFO - Processing /Users/swarnalidatta/Desktop/AutoQueryChatbot/.airflow-venv/lib/python3.12/site-packages/airflow/example_dags/tutorial_taskflow_templates.py took 0.075 seconds
[2026-09-22T15:56:37.086+0200] {processor.py:186} INFO - Started process (PID=37876) to work on /Users/swarnalidatta/Desktop/AutoQueryChatbot/.airflow-venv/lib/python3.12/site-packages/airflow/example_dags/tutorial_taskflow_templates.py
[2026-09-22T15:56:37.086+0200] {processor.py:914} INFO - Processing file /Users/swarnalidatta/Desktop/AutoQueryChatbot/.airflow-venv/lib/python3.12/site-packages/airflow/example_dags/tutorial_taskflow_templates.py for tasks to queue
[2026-09-22T15:56:37.086+0200] {logging_mixin.py:190} INFO - [2026-09-22T15:56:37.086+0200] {dagbag.py:588} INFO - Filling up the DagBag from /Users/swarnalidatta/Desktop/AutoQueryChatbot/.airflow-venv/lib/python3.12/site-packages/airflow/example_dags/tutorial_taskflow_templates.py
[2026-09-22T15:56:37.101+0200] {processor.py:925} INFO - DAG(s) 'tutorial_taskflow_templates' retrieved from /Users/swarnalidatta/Desktop/AutoQueryChatbot/.airflow-venv/lib/python3.12/site-packages/airflow/example_dags/tutorial_taskflow_templates.py
[2026-09-22T15:56:37.151+0200] {logging_mixin.py:190} INFO - [2026-09-22T15:56:37.151+0200] {dag.py:3239} INFO - Sync 1 DAGs
[2026-09-22T15:56:37.157+0200] {logging_mixin.py:190} INFO - [2026-09-22T15:56:37.157+0200] {dag.py:4180} INFO - Setting next_dagrun for tutorial_taskflow_templates to 2026-09-21 00:00:00+00:00, run_after=2026-09-22 00:00:00+00:00
[2026-09-22T15:56:37.162+0200] {processor.py:208} INFO - Processing /Users/swarnalidatta/Desktop/AutoQueryChatbot/.airflow-venv/lib/python3.12/site-packages/airflow/example_dags/tutorial_taskflow_templates.py took 0.077 seconds
[2026-09-22T15:57:43.835+0200] {processor.py:186} INFO - Started process (PID=38028) to work on /Users/swarnalidatta/Desktop/AutoQueryChatbot/.airflow-venv/lib/python3.12/site-packages/airflow/example_dags/tutorial_taskflow_templates.py
[2026-09-22T15:57:43.837+0200] {processor.py:914} INFO - Processing file /Users/swarnalidatta/Desktop/AutoQueryChatbot/.airflow-venv/lib/python3.12/site-packages/airflow/example_dags/tutorial_taskflow_templates.py for tasks to queue
[2026-09-22T15:57:43.837+0200] {logging_mixin.py:190} INFO - [2026-09-22T15:57:43.837+0200] {dagbag.py:588} INFO - Filling up the DagBag from /Users/swarnalidatta/Desktop/AutoQueryChatbot/.airflow-venv/lib/python3.12/site-packages/airflow/example_dags/tutorial_taskflow_templates.py
[2026-09-22T15:57:43.850+0200] {processor.py:925} INFO - DAG(s) 'tutorial_taskflow_templates' retrieved from /Users/swarnalidatta/Desktop/AutoQueryChatbot/.airflow-venv/lib/python3.12/site-packages/airflow/example_dags/tutorial_taskflow_templates.py
[2026-09-22T15:57:43.896+0200] {logging_mixin.py:190} INFO - [2026-09-22T15:57:43.896+0200] {dag.py:3239} INFO - Sync 1 DAGs
[2026-09-22T15:57:43.901+0200] {logging_mixin.py:190} INFO - [2026-09-22T15:57:43.901+0200] {dag.py:4180} INFO - Setting next_dagrun for tutorial_taskflow_templates to 2026-09-21 00:00:00+00:00, run_after=2026-09-22 00:00:00+00:00
[2026-09-22T15:57:43.906+0200] {processor.py:208} INFO - Processing /Users/swarnalidatta/Desktop/AutoQueryChatbot/.airflow-venv/lib/python3.12/site-packages/airflow/example_dags/tutorial_taskflow_templates.py took 0.072 seconds
[2026-09-22T15:58:50.646+0200] {processor.py:186} INFO - Started process (PID=38189) to work on /Users/swarnalidatta/Desktop/AutoQueryChatbot/.airflow-venv/lib/python3.12/site-packages/airflow/example_dags/tutorial_taskflow_templates.py
[2026-09-22T15:58:50.646+0200] {processor.py:914} INFO - Processing file /Users/swarnalidatta/Desktop/AutoQueryChatbot/.airflow-venv/lib/python3.12/site-packages/airflow/example_dags/tutorial_taskflow_templates.py for tasks to queue
[2026-09-22T15:58:50.647+0200] {logging_mixin.py:190} INFO - [2026-09-22T15:58:50.647+0200] {dagbag.py:588} INFO - Filling up the DagBag from /Users/swarnalidatta/Desktop/AutoQueryChatbot/.airflow-venv/lib/python3.12/site-packages/airflow/example_dags/tutorial_taskflow_templates.py
[2026-09-22T15:58:50.660+0200] {processor.py:925} INFO - DAG(s) 'tutorial_taskflow_templates' retrieved from /Users/swarnalidatta/Desktop/AutoQueryChatbot/.airflow-venv/lib/python3.12/site-packages/airflow/example_dags/tutorial_taskflow_templates.py
[2026-09-22T15:58:50.710+0200] {logging_mixin.py:190} INFO - [2026-09-22T15:58:50.710+0200] {dag.py:3239} INFO - Sync 1 DAGs
[2026-09-22T15:58:50.715+0200] {logging_mixin.py:190} INFO - [2026-09-22T15:58:50.715+0200] {dag.py:4180} INFO - Setting next_dagrun for tutorial_taskflow_templates to 2026-09-21 00:00:00+00:00, run_after=2026-09-22 00:00:00+00:00
[2026-09-22T15:58:50.720+0200] {processor.py:208} INFO - Processing /Users/swarnalidatta/Desktop/AutoQueryChatbot/.airflow-venv/lib/python3.12/site-packages/airflow/example_dags/tutorial_taskflow_templates.py took 0.075 seconds
[2026-09-22T15:59:54.843+0200] {processor.py:186} INFO - Started process (PID=38493) to work on /Users/swarnalidatta/Desktop/AutoQueryChatbot/.airflow-venv/lib/python3.12/site-packages/airflow/example_dags/tutorial_taskflow_templates.py
[2026-09-22T15:59:54.844+0200] {processor.py:914} INFO - Processing file /Users/swarnalidatta/Desktop/AutoQueryChatbot/.airflow-venv/lib/python3.12/site-packages/airflow/example_dags/tutorial_taskflow_templates.py for tasks to queue
[2026-09-22T15:59:54.844+0200] {logging_mixin.py:190} INFO - [2026-09-22T15:59:54.844+0200] {dagbag.py:588} INFO - Filling up the DagBag from /Users/swarnalidatta/Desktop/AutoQueryChatbot/.airflow-venv/lib/python3.12/site-packages/airflow/example_dags/tutorial_taskflow_templates.py
[2026-09-22T15:59:54.857+0200] {processor.py:925} INFO - DAG(s) 'tutorial_taskflow_templates' retrieved from /Users/swarnalidatta/Desktop/AutoQueryChatbot/.airflow-venv/lib/python3.12/site-packages/airflow/example_dags/tutorial_taskflow_templates.py
[2026-09-22T15:59:54.905+0200] {logging_mixin.py:190} INFO - [2026-09-22T15:59:54.905+0200] {dag.py:3239} INFO - Sync 1 DAGs
[2026-09-22T15:59:54.910+0200] {logging_mixin.py:190} INFO - [2026-09-22T15:59:54.910+0200] {dag.py:4180} INFO - Setting next_dagrun for tutorial_taskflow_templates to 2026-09-21 00:00:00+00:00, run_after=2026-09-22 00:00:00+00:00
[2026-09-22T15:59:54.915+0200] {processor.py:208} INFO - Processing /Users/swarnalidatta/Desktop/AutoQueryChatbot/.airflow-venv/lib/python3.12/site-packages/airflow/example_dags/tutorial_taskflow_templates.py took 0.073 seconds
[2026-09-22T16:01:01.578+0200] {processor.py:186} INFO - Started process (PID=38639) to work on /Users/swarnalidatta/Desktop/AutoQueryChatbot/.airflow-venv/lib/python3.12/site-packages/airflow/example_dags/tutorial_taskflow_templates.py
[2026-09-22T16:01:01.578+0200] {processor.py:914} INFO - Processing file /Users/swarnalidatta/Desktop/AutoQueryChatbot/.airflow-venv/lib/python3.12/site-packages/airflow/example_dags/tutorial_taskflow_templates.py for tasks to queue
[2026-09-22T16:01:01.578+0200] {logging_mixin.py:190} INFO - [2026-09-22T16:01:01.578+0200] {dagbag.py:588} INFO - Filling up the DagBag from /Users/swarnalidatta/Desktop/AutoQueryChatbot/.airflow-venv/lib/python3.12/site-packages/airflow/example_dags/tutorial_taskflow_templates.py
[2026-09-22T16:01:01.592+0200] {processor.py:925} INFO - DAG(s) 'tutorial_taskflow_templates' retrieved from /Users/swarnalidatta/Desktop/AutoQueryChatbot/.airflow-venv/lib/python3.12/site-packages/airflow/example_dags/tutorial_taskflow_templates.py
[2026-09-22T16:01:01.641+0200] {logging_mixin.py:190} INFO - [2026-09-22T16:01:01.641+0200] {dag.py:3239} INFO - Sync 1 DAGs
[2026-09-22T16:01:01.647+0200] {logging_mixin.py:190} INFO - [2026-09-22T16:01:01.646+0200] {dag.py:4180} INFO - Setting next_dagrun for tutorial_taskflow_templates to 2026-09-21 00:00:00+00:00, run_after=2026-09-22 00:00:00+00:00
[2026-09-22T16:01:01.652+0200] {processor.py:208} INFO - Processing /Users/swarnalidatta/Desktop/AutoQueryChatbot/.airflow-venv/lib/python3.12/site-packages/airflow/example_dags/tutorial_taskflow_templates.py took 0.075 seconds
[2026-09-22T16:02:13.185+0200] {processor.py:186} INFO - Started process (PID=38803) to work on /Users/swarnalidatta/Desktop/AutoQueryChatbot/.airflow-venv/lib/python3.12/site-packages/airflow/example_dags/tutorial_taskflow_templates.py
[2026-09-22T16:02:13.186+0200] {processor.py:914} INFO - Processing file /Users/swarnalidatta/Desktop/AutoQueryChatbot/.airflow-venv/lib/python3.12/site-packages/airflow/example_dags/tutorial_taskflow_templates.py for tasks to queue
[2026-09-22T16:02:13.187+0200] {logging_mixin.py:190} INFO - [2026-09-22T16:02:13.187+0200] {dagbag.py:588} INFO - Filling up the DagBag from /Users/swarnalidatta/Desktop/AutoQueryChatbot/.airflow-venv/lib/python3.12/site-packages/airflow/example_dags/tutorial_taskflow_templates.py
[2026-09-22T16:02:13.200+0200] {processor.py:925} INFO - DAG(s) 'tutorial_taskflow_templates' retrieved from /Users/swarnalidatta/Desktop/AutoQueryChatbot/.airflow-venv/lib/python3.12/site-packages/airflow/example_dags/tutorial_taskflow_templates.py
[2026-09-22T16:02:13.247+0200] {logging_mixin.py:190} INFO - [2026-09-22T16:02:13.247+0200] {dag.py:3239} INFO - Sync 1 DAGs
[2026-09-22T16:02:13.253+0200] {logging_mixin.py:190} INFO - [2026-09-22T16:02:13.253+0200] {dag.py:4180} INFO - Setting next_dagrun for tutorial_taskflow_templates to 2026-09-21 00:00:00+00:00, run_after=2026-09-22 00:00:00+00:00
[2026-09-22T16:02:13.258+0200] {processor.py:208} INFO - Processing /Users/swarnalidatta/Desktop/AutoQueryChatbot/.airflow-venv/lib/python3.12/site-packages/airflow/example_dags/tutorial_taskflow_templates.py took 0.073 seconds
[2026-09-22T16:03:18.957+0200] {processor.py:186} INFO - Started process (PID=38949) to work on /Users/swarnalidatta/Desktop/AutoQueryChatbot/.airflow-venv/lib/python3.12/site-packages/airflow/example_dags/tutorial_taskflow_templates.py
[2026-09-22T16:03:18.957+0200] {processor.py:914} INFO - Processing file /Users/swarnalidatta/Desktop/AutoQueryChatbot/.airflow-venv/lib/python3.12/site-packages/airflow/example_dags/tutorial_taskflow_templates.py for tasks to queue
[2026-09-22T16:03:18.958+0200] {logging_mixin.py:190} INFO - [2026-09-22T16:03:18.958+0200] {dagbag.py:588} INFO - Filling up the DagBag from /Users/swarnalidatta/Desktop/AutoQueryChatbot/.airflow-venv/lib/python3.12/site-packages/airflow/example_dags/tutorial_taskflow_templates.py
[2026-09-22T16:03:18.971+0200] {processor.py:925} INFO - DAG(s) 'tutorial_taskflow_templates' retrieved from /Users/swarnalidatta/Desktop/AutoQueryChatbot/.airflow-venv/lib/python3.12/site-packages/airflow/example_dags/tutorial_taskflow_templates.py
[2026-09-22T16:03:19.019+0200] {logging_mixin.py:190} INFO - [2026-09-22T16:03:19.019+0200] {dag.py:3239} INFO - Sync 1 DAGs
[2026-09-22T16:03:19.024+0200] {logging_mixin.py:190} INFO - [2026-09-22T16:03:19.024+0200] {dag.py:4180} INFO - Setting next_dagrun for tutorial_taskflow_templates to 2026-09-21 00:00:00+00:00, run_after=2026-09-22 00:00:00+00:00
[2026-09-22T16:03:19.029+0200] {processor.py:208} INFO - Processing /Users/swarnalidatta/Desktop/AutoQueryChatbot/.airflow-venv/lib/python3.12/site-packages/airflow/example_dags/tutorial_taskflow_templates.py took 0.073 seconds
[2026-09-22T16:04:30.381+0200] {processor.py:186} INFO - Started process (PID=39110) to work on /Users/swarnalidatta/Desktop/AutoQueryChatbot/.airflow-venv/lib/python3.12/site-packages/airflow/example_dags/tutorial_taskflow_templates.py
[2026-09-22T16:04:30.381+0200] {processor.py:914} INFO - Processing file /Users/swarnalidatta/Desktop/AutoQueryChatbot/.airflow-venv/lib/python3.12/site-packages/airflow/example_dags/tutorial_taskflow_templates.py for tasks to queue
[2026-09-22T16:04:30.382+0200] {logging_mixin.py:190} INFO - [2026-09-22T16:04:30.382+0200] {dagbag.py:588} INFO - Filling up the DagBag from /Users/swarnalidatta/Desktop/AutoQueryChatbot/.airflow-venv/lib/python3.12/site-packages/airflow/example_dags/tutorial_taskflow_templates.py
[2026-09-22T16:04:30.395+0200] {processor.py:925} INFO - DAG(s) 'tutorial_taskflow_templates' retrieved from /Users/swarnalidatta/Desktop/AutoQueryChatbot/.airflow-venv/lib/python3.12/site-packages/airflow/example_dags/tutorial_taskflow_templates.py
[2026-09-22T16:04:30.443+0200] {logging_mixin.py:190} INFO - [2026-09-22T16:04:30.443+0200] {dag.py:3239} INFO - Sync 1 DAGs
[2026-09-22T16:04:30.448+0200] {logging_mixin.py:190} INFO - [2026-09-22T16:04:30.448+0200] {dag.py:4180} INFO - Setting next_dagrun for tutorial_taskflow_templates to 2026-09-21 00:00:00+00:00, run_after=2026-09-22 00:00:00+00:00
[2026-09-22T16:04:30.453+0200] {processor.py:208} INFO - Processing /Users/swarnalidatta/Desktop/AutoQueryChatbot/.airflow-venv/lib/python3.12/site-packages/airflow/example_dags/tutorial_taskflow_templates.py took 0.074 seconds
[2026-09-22T16:05:40.541+0200] {processor.py:186} INFO - Started process (PID=39277) to work on /Users/swarnalidatta/Desktop/AutoQueryChatbot/.airflow-venv/lib/python3.12/site-packages/airflow/example_dags/tutorial_taskflow_templates.py
[2026-09-22T16:05:40.542+0200] {processor.py:914} INFO - Processing file /Users/swarnalidatta/Desktop/AutoQueryChatbot/.airflow-venv/lib/python3.12/site-packages/airflow/example_dags/tutorial_taskflow_templates.py for tasks to queue
[2026-09-22T16:05:40.542+0200] {logging_mixin.py:190} INFO - [2026-09-22T16:05:40.542+0200] {dagbag.py:588} INFO - Filling up the DagBag from /Users/swarnalidatta/Desktop/AutoQueryChatbot/.airflow-venv/lib/python3.12/site-packages/airflow/example_dags/tutorial_taskflow_templates.py
[2026-09-22T16:05:40.555+0200] {processor.py:925} INFO - DAG(s) 'tutorial_taskflow_templates' retrieved from /Users/swarnalidatta/Desktop/AutoQueryChatbot/.airflow-venv/lib/python3.12/site-packages/airflow/example_dags/tutorial_taskflow_templates.py
[2026-09-22T16:05:40.603+0200] {logging_mixin.py:190} INFO - [2026-09-22T16:05:40.603+0200] {dag.py:3239} INFO - Sync 1 DAGs
[2026-09-22T16:05:40.608+0200] {logging_mixin.py:190} INFO - [2026-09-22T16:05:40.608+0200] {dag.py:4180} INFO - Setting next_dagrun for tutorial_taskflow_templates to 2026-09-21 00:00:00+00:00, run_after=2026-09-22 00:00:00+00:00
[2026-09-22T16:05:40.613+0200] {processor.py:208} INFO - Processing /Users/swarnalidatta/Desktop/AutoQueryChatbot/.airflow-venv/lib/python3.12/site-packages/airflow/example_dags/tutorial_taskflow_templates.py took 0.073 seconds
[2026-09-22T16:06:47.581+0200] {processor.py:186} INFO - Started process (PID=39426) to work on /Users/swarnalidatta/Desktop/AutoQueryChatbot/.airflow-venv/lib/python3.12/site-packages/airflow/example_dags/tutorial_taskflow_templates.py
[2026-09-22T16:06:47.582+0200] {processor.py:914} INFO - Processing file /Users/swarnalidatta/Desktop/AutoQueryChatbot/.airflow-venv/lib/python3.12/site-packages/airflow/example_dags/tutorial_taskflow_templates.py for tasks to queue
[2026-09-22T16:06:47.582+0200] {logging_mixin.py:190} INFO - [2026-09-22T16:06:47.582+0200] {dagbag.py:588} INFO - Filling up the DagBag from /Users/swarnalidatta/Desktop/AutoQueryChatbot/.airflow-venv/lib/python3.12/site-packages/airflow/example_dags/tutorial_taskflow_templates.py
[2026-09-22T16:06:47.595+0200] {processor.py:925} INFO - DAG(s) 'tutorial_taskflow_templates' retrieved from /Users/swarnalidatta/Desktop/AutoQueryChatbot/.airflow-venv/lib/python3.12/site-packages/airflow/example_dags/tutorial_taskflow_templates.py
[2026-09-22T16:06:47.642+0200] {logging_mixin.py:190} INFO - [2026-09-22T16:06:47.642+0200] {dag.py:3239} INFO - Sync 1 DAGs
[2026-09-22T16:06:47.647+0200] {logging_mixin.py:190} INFO - [2026-09-22T16:06:47.647+0200] {dag.py:4180} INFO - Setting next_dagrun for tutorial_taskflow_templates to 2026-09-21 00:00:00+00:00, run_after=2026-09-22 00:00:00+00:00
[2026-09-22T16:06:47.652+0200] {processor.py:208} INFO - Processing /Users/swarnalidatta/Desktop/AutoQueryChatbot/.airflow-venv/lib/python3.12/site-packages/airflow/example_dags/tutorial_taskflow_templates.py took 0.072 seconds
[2026-09-22T16:07:53.674+0200] {processor.py:186} INFO - Started process (PID=39572) to work on /Users/swarnalidatta/Desktop/AutoQueryChatbot/.airflow-venv/lib/python3.12/site-packages/airflow/example_dags/tutorial_taskflow_templates.py
[2026-09-22T16:07:53.675+0200] {processor.py:914} INFO - Processing file /Users/swarnalidatta/Desktop/AutoQueryChatbot/.airflow-venv/lib/python3.12/site-packages/airflow/example_dags/tutorial_taskflow_templates.py for tasks to queue
[2026-09-22T16:07:53.675+0200] {logging_mixin.py:190} INFO - [2026-09-22T16:07:53.675+0200] {dagbag.py:588} INFO - Filling up the DagBag from /Users/swarnalidatta/Desktop/AutoQueryChatbot/.airflow-venv/lib/python3.12/site-packages/airflow/example_dags/tutorial_taskflow_templates.py
[2026-09-22T16:07:53.688+0200] {processor.py:925} INFO - DAG(s) 'tutorial_taskflow_templates' retrieved from /Users/swarnalidatta/Desktop/AutoQueryChatbot/.airflow-venv/lib/python3.12/site-packages/airflow/example_dags/tutorial_taskflow_templates.py
[2026-09-22T16:07:53.735+0200] {logging_mixin.py:190} INFO - [2026-09-22T16:07:53.735+0200] {dag.py:3239} INFO - Sync 1 DAGs
[2026-09-22T16:07:53.740+0200] {logging_mixin.py:190} INFO - [2026-09-22T16:07:53.740+0200] {dag.py:4180} INFO - Setting next_dagrun for tutorial_taskflow_templates to 2026-09-21 00:00:00+00:00, run_after=2026-09-22 00:00:00+00:00
[2026-09-22T16:07:53.745+0200] {processor.py:208} INFO - Processing /Users/swarnalidatta/Desktop/AutoQueryChatbot/.airflow-venv/lib/python3.12/site-packages/airflow/example_dags/tutorial_taskflow_templates.py took 0.072 seconds
[2026-09-22T16:09:02.625+0200] {processor.py:186} INFO - Started process (PID=39724) to work on /Users/swarnalidatta/Desktop/AutoQueryChatbot/.airflow-venv/lib/python3.12/site-packages/airflow/example_dags/tutorial_taskflow_templates.py
[2026-09-22T16:09:02.625+0200] {processor.py:914} INFO - Processing file /Users/swarnalidatta/Desktop/AutoQueryChatbot/.airflow-venv/lib/python3.12/site-packages/airflow/example_dags/tutorial_taskflow_templates.py for tasks to queue
[2026-09-22T16:09:02.625+0200] {logging_mixin.py:190} INFO - [2026-09-22T16:09:02.625+0200] {dagbag.py:588} INFO - Filling up the DagBag from /Users/swarnalidatta/Desktop/AutoQueryChatbot/.airflow-venv/lib/python3.12/site-packages/airflow/example_dags/tutorial_taskflow_templates.py
[2026-09-22T16:09:02.638+0200] {processor.py:925} INFO - DAG(s) 'tutorial_taskflow_templates' retrieved from /Users/swarnalidatta/Desktop/AutoQueryChatbot/.airflow-venv/lib/python3.12/site-packages/airflow/example_dags/tutorial_taskflow_templates.py
[2026-09-22T16:09:02.685+0200] {logging_mixin.py:190} INFO - [2026-09-22T16:09:02.685+0200] {dag.py:3239} INFO - Sync 1 DAGs
[2026-09-22T16:09:02.690+0200] {logging_mixin.py:190} INFO - [2026-09-22T16:09:02.690+0200] {dag.py:4180} INFO - Setting next_dagrun for tutorial_taskflow_templates to 2026-09-21 00:00:00+00:00, run_after=2026-09-22 00:00:00+00:00
[2026-09-22T16:09:02.695+0200] {processor.py:208} INFO - Processing /Users/swarnalidatta/Desktop/AutoQueryChatbot/.airflow-venv/lib/python3.12/site-packages/airflow/example_dags/tutorial_taskflow_templates.py took 0.071 seconds
[2026-09-22T16:10:11.137+0200] {processor.py:186} INFO - Started process (PID=39893) to work on /Users/swarnalidatta/Desktop/AutoQueryChatbot/.airflow-venv/lib/python3.12/site-packages/airflow/example_dags/tutorial_taskflow_templates.py
[2026-09-22T16:10:11.137+0200] {processor.py:914} INFO - Processing file /Users/swarnalidatta/Desktop/AutoQueryChatbot/.airflow-venv/lib/python3.12/site-packages/airflow/example_dags/tutorial_taskflow_templates.py for tasks to queue
[2026-09-22T16:10:11.138+0200] {logging_mixin.py:190} INFO - [2026-09-22T16:10:11.137+0200] {dagbag.py:588} INFO - Filling up the DagBag from /Users/swarnalidatta/Desktop/AutoQueryChatbot/.airflow-venv/lib/python3.12/site-packages/airflow/example_dags/tutorial_taskflow_templates.py
[2026-09-22T16:10:11.151+0200] {processor.py:925} INFO - DAG(s) 'tutorial_taskflow_templates' retrieved from /Users/swarnalidatta/Desktop/AutoQueryChatbot/.airflow-venv/lib/python3.12/site-packages/airflow/example_dags/tutorial_taskflow_templates.py
[2026-09-22T16:10:11.199+0200] {logging_mixin.py:190} INFO - [2026-09-22T16:10:11.199+0200] {dag.py:3239} INFO - Sync 1 DAGs
[2026-09-22T16:10:11.204+0200] {logging_mixin.py:190} INFO - [2026-09-22T16:10:11.204+0200] {dag.py:4180} INFO - Setting next_dagrun for tutorial_taskflow_templates to 2026-09-21 00:00:00+00:00, run_after=2026-09-22 00:00:00+00:00
[2026-09-22T16:10:11.209+0200] {processor.py:208} INFO - Processing /Users/swarnalidatta/Desktop/AutoQueryChatbot/.airflow-venv/lib/python3.12/site-packages/airflow/example_dags/tutorial_taskflow_templates.py took 0.074 seconds
[2026-09-22T16:11:22.109+0200] {processor.py:186} INFO - Started process (PID=40093) to work on /Users/swarnalidatta/Desktop/AutoQueryChatbot/.airflow-venv/lib/python3.12/site-packages/airflow/example_dags/tutorial_taskflow_templates.py
[2026-09-22T16:11:22.109+0200] {processor.py:914} INFO - Processing file /Users/swarnalidatta/Desktop/AutoQueryChatbot/.airflow-venv/lib/python3.12/site-packages/airflow/example_dags/tutorial_taskflow_templates.py for tasks to queue
[2026-09-22T16:11:22.110+0200] {logging_mixin.py:190} INFO - [2026-09-22T16:11:22.110+0200] {dagbag.py:588} INFO - Filling up the DagBag from /Users/swarnalidatta/Desktop/AutoQueryChatbot/.airflow-venv/lib/python3.12/site-packages/airflow/example_dags/tutorial_taskflow_templates.py
[2026-09-22T16:11:22.124+0200] {processor.py:925} INFO - DAG(s) 'tutorial_taskflow_templates' retrieved from /Users/swarnalidatta/Desktop/AutoQueryChatbot/.airflow-venv/lib/python3.12/site-packages/airflow/example_dags/tutorial_taskflow_templates.py
[2026-09-22T16:11:22.175+0200] {logging_mixin.py:190} INFO - [2026-09-22T16:11:22.175+0200] {dag.py:3239} INFO - Sync 1 DAGs
[2026-09-22T16:11:22.180+0200] {logging_mixin.py:190} INFO - [2026-09-22T16:11:22.180+0200] {dag.py:4180} INFO - Setting next_dagrun for tutorial_taskflow_templates to 2026-09-21 00:00:00+00:00, run_after=2026-09-22 00:00:00+00:00
[2026-09-22T16:11:22.186+0200] {processor.py:208} INFO - Processing /Users/swarnalidatta/Desktop/AutoQueryChatbot/.airflow-venv/lib/python3.12/site-packages/airflow/example_dags/tutorial_taskflow_templates.py took 0.078 seconds
[2026-09-22T16:12:33.687+0200] {processor.py:186} INFO - Started process (PID=40273) to work on /Users/swarnalidatta/Desktop/AutoQueryChatbot/.airflow-venv/lib/python3.12/site-packages/airflow/example_dags/tutorial_taskflow_templates.py
[2026-09-22T16:12:33.687+0200] {processor.py:914} INFO - Processing file /Users/swarnalidatta/Desktop/AutoQueryChatbot/.airflow-venv/lib/python3.12/site-packages/airflow/example_dags/tutorial_taskflow_templates.py for tasks to queue
[2026-09-22T16:12:33.688+0200] {logging_mixin.py:190} INFO - [2026-09-22T16:12:33.687+0200] {dagbag.py:588} INFO - Filling up the DagBag from /Users/swarnalidatta/Desktop/AutoQueryChatbot/.airflow-venv/lib/python3.12/site-packages/airflow/example_dags/tutorial_taskflow_templates.py
[2026-09-22T16:12:33.701+0200] {processor.py:925} INFO - DAG(s) 'tutorial_taskflow_templates' retrieved from /Users/swarnalidatta/Desktop/AutoQueryChatbot/.airflow-venv/lib/python3.12/site-packages/airflow/example_dags/tutorial_taskflow_templates.py
[2026-09-22T16:12:33.750+0200] {logging_mixin.py:190} INFO - [2026-09-22T16:12:33.750+0200] {dag.py:3239} INFO - Sync 1 DAGs
[2026-09-22T16:12:33.756+0200] {logging_mixin.py:190} INFO - [2026-09-22T16:12:33.756+0200] {dag.py:4180} INFO - Setting next_dagrun for tutorial_taskflow_templates to 2026-09-21 00:00:00+00:00, run_after=2026-09-22 00:00:00+00:00
[2026-09-22T16:12:33.761+0200] {processor.py:208} INFO - Processing /Users/swarnalidatta/Desktop/AutoQueryChatbot/.airflow-venv/lib/python3.12/site-packages/airflow/example_dags/tutorial_taskflow_templates.py took 0.075 seconds
[2026-09-22T16:13:43.398+0200] {processor.py:186} INFO - Started process (PID=40460) to work on /Users/swarnalidatta/Desktop/AutoQueryChatbot/.airflow-venv/lib/python3.12/site-packages/airflow/example_dags/tutorial_taskflow_templates.py
[2026-09-22T16:13:43.398+0200] {processor.py:914} INFO - Processing file /Users/swarnalidatta/Desktop/AutoQueryChatbot/.airflow-venv/lib/python3.12/site-packages/airflow/example_dags/tutorial_taskflow_templates.py for tasks to queue
[2026-09-22T16:13:43.399+0200] {logging_mixin.py:190} INFO - [2026-09-22T16:13:43.398+0200] {dagbag.py:588} INFO - Filling up the DagBag from /Users/swarnalidatta/Desktop/AutoQueryChatbot/.airflow-venv/lib/python3.12/site-packages/airflow/example_dags/tutorial_taskflow_templates.py
[2026-09-22T16:13:43.413+0200] {processor.py:925} INFO - DAG(s) 'tutorial_taskflow_templates' retrieved from /Users/swarnalidatta/Desktop/AutoQueryChatbot/.airflow-venv/lib/python3.12/site-packages/airflow/example_dags/tutorial_taskflow_templates.py
[2026-09-22T16:13:43.460+0200] {logging_mixin.py:190} INFO - [2026-09-22T16:13:43.460+0200] {dag.py:3239} INFO - Sync 1 DAGs
[2026-09-22T16:13:43.465+0200] {logging_mixin.py:190} INFO - [2026-09-22T16:13:43.465+0200] {dag.py:4180} INFO - Setting next_dagrun for tutorial_taskflow_templates to 2026-09-21 00:00:00+00:00, run_after=2026-09-22 00:00:00+00:00
[2026-09-22T16:13:43.470+0200] {processor.py:208} INFO - Processing /Users/swarnalidatta/Desktop/AutoQueryChatbot/.airflow-venv/lib/python3.12/site-packages/airflow/example_dags/tutorial_taskflow_templates.py took 0.074 seconds
[2026-09-22T16:14:54.840+0200] {processor.py:186} INFO - Started process (PID=40634) to work on /Users/swarnalidatta/Desktop/AutoQueryChatbot/.airflow-venv/lib/python3.12/site-packages/airflow/example_dags/tutorial_taskflow_templates.py
[2026-09-22T16:14:54.840+0200] {processor.py:914} INFO - Processing file /Users/swarnalidatta/Desktop/AutoQueryChatbot/.airflow-venv/lib/python3.12/site-packages/airflow/example_dags/tutorial_taskflow_templates.py for tasks to queue
[2026-09-22T16:14:54.840+0200] {logging_mixin.py:190} INFO - [2026-09-22T16:14:54.840+0200] {dagbag.py:588} INFO - Filling up the DagBag from /Users/swarnalidatta/Desktop/AutoQueryChatbot/.airflow-venv/lib/python3.12/site-packages/airflow/example_dags/tutorial_taskflow_templates.py
[2026-09-22T16:14:54.855+0200] {processor.py:925} INFO - DAG(s) 'tutorial_taskflow_templates' retrieved from /Users/swarnalidatta/Desktop/AutoQueryChatbot/.airflow-venv/lib/python3.12/site-packages/airflow/example_dags/tutorial_taskflow_templates.py
[2026-09-22T16:14:54.906+0200] {logging_mixin.py:190} INFO - [2026-09-22T16:14:54.906+0200] {dag.py:3239} INFO - Sync 1 DAGs
[2026-09-22T16:14:54.911+0200] {logging_mixin.py:190} INFO - [2026-09-22T16:14:54.911+0200] {dag.py:4180} INFO - Setting next_dagrun for tutorial_taskflow_templates to 2026-09-21 00:00:00+00:00, run_after=2026-09-22 00:00:00+00:00
[2026-09-22T16:14:54.917+0200] {processor.py:208} INFO - Processing /Users/swarnalidatta/Desktop/AutoQueryChatbot/.airflow-venv/lib/python3.12/site-packages/airflow/example_dags/tutorial_taskflow_templates.py took 0.078 seconds
[2026-09-22T16:16:02.404+0200] {processor.py:186} INFO - Started process (PID=40797) to work on /Users/swarnalidatta/Desktop/AutoQueryChatbot/.airflow-venv/lib/python3.12/site-packages/airflow/example_dags/tutorial_taskflow_templates.py
[2026-09-22T16:16:02.404+0200] {processor.py:914} INFO - Processing file /Users/swarnalidatta/Desktop/AutoQueryChatbot/.airflow-venv/lib/python3.12/site-packages/airflow/example_dags/tutorial_taskflow_templates.py for tasks to queue
[2026-09-22T16:16:02.405+0200] {logging_mixin.py:190} INFO - [2026-09-22T16:16:02.404+0200] {dagbag.py:588} INFO - Filling up the DagBag from /Users/swarnalidatta/Desktop/AutoQueryChatbot/.airflow-venv/lib/python3.12/site-packages/airflow/example_dags/tutorial_taskflow_templates.py
[2026-09-22T16:16:02.418+0200] {processor.py:925} INFO - DAG(s) 'tutorial_taskflow_templates' retrieved from /Users/swarnalidatta/Desktop/AutoQueryChatbot/.airflow-venv/lib/python3.12/site-packages/airflow/example_dags/tutorial_taskflow_templates.py
[2026-09-22T16:16:02.466+0200] {logging_mixin.py:190} INFO - [2026-09-22T16:16:02.466+0200] {dag.py:3239} INFO - Sync 1 DAGs
[2026-09-22T16:16:02.471+0200] {logging_mixin.py:190} INFO - [2026-09-22T16:16:02.471+0200] {dag.py:4180} INFO - Setting next_dagrun for tutorial_taskflow_templates to 2026-09-21 00:00:00+00:00, run_after=2026-09-22 00:00:00+00:00
[2026-09-22T16:16:02.476+0200] {processor.py:208} INFO - Processing /Users/swarnalidatta/Desktop/AutoQueryChatbot/.airflow-venv/lib/python3.12/site-packages/airflow/example_dags/tutorial_taskflow_templates.py took 0.074 seconds
[2026-09-22T16:17:09.986+0200] {processor.py:186} INFO - Started process (PID=41129) to work on /Users/swarnalidatta/Desktop/AutoQueryChatbot/.airflow-venv/lib/python3.12/site-packages/airflow/example_dags/tutorial_taskflow_templates.py
[2026-09-22T16:17:09.986+0200] {processor.py:914} INFO - Processing file /Users/swarnalidatta/Desktop/AutoQueryChatbot/.airflow-venv/lib/python3.12/site-packages/airflow/example_dags/tutorial_taskflow_templates.py for tasks to queue
[2026-09-22T16:17:09.986+0200] {logging_mixin.py:190} INFO - [2026-09-22T16:17:09.986+0200] {dagbag.py:588} INFO - Filling up the DagBag from /Users/swarnalidatta/Desktop/AutoQueryChatbot/.airflow-venv/lib/python3.12/site-packages/airflow/example_dags/tutorial_taskflow_templates.py
[2026-09-22T16:17:10.000+0200] {processor.py:925} INFO - DAG(s) 'tutorial_taskflow_templates' retrieved from /Users/swarnalidatta/Desktop/AutoQueryChatbot/.airflow-venv/lib/python3.12/site-packages/airflow/example_dags/tutorial_taskflow_templates.py
[2026-09-22T16:17:10.048+0200] {logging_mixin.py:190} INFO - [2026-09-22T16:17:10.047+0200] {dag.py:3239} INFO - Sync 1 DAGs
[2026-09-22T16:17:10.053+0200] {logging_mixin.py:190} INFO - [2026-09-22T16:17:10.053+0200] {dag.py:4180} INFO - Setting next_dagrun for tutorial_taskflow_templates to 2026-09-21 00:00:00+00:00, run_after=2026-09-22 00:00:00+00:00
[2026-09-22T16:17:10.058+0200] {processor.py:208} INFO - Processing /Users/swarnalidatta/Desktop/AutoQueryChatbot/.airflow-venv/lib/python3.12/site-packages/airflow/example_dags/tutorial_taskflow_templates.py took 0.073 seconds
[2026-09-22T16:18:18.273+0200] {processor.py:186} INFO - Started process (PID=41316) to work on /Users/swarnalidatta/Desktop/AutoQueryChatbot/.airflow-venv/lib/python3.12/site-packages/airflow/example_dags/tutorial_taskflow_templates.py
[2026-09-22T16:18:18.274+0200] {processor.py:914} INFO - Processing file /Users/swarnalidatta/Desktop/AutoQueryChatbot/.airflow-venv/lib/python3.12/site-packages/airflow/example_dags/tutorial_taskflow_templates.py for tasks to queue
[2026-09-22T16:18:18.274+0200] {logging_mixin.py:190} INFO - [2026-09-22T16:18:18.274+0200] {dagbag.py:588} INFO - Filling up the DagBag from /Users/swarnalidatta/Desktop/AutoQueryChatbot/.airflow-venv/lib/python3.12/site-packages/airflow/example_dags/tutorial_taskflow_templates.py
[2026-09-22T16:18:18.288+0200] {processor.py:925} INFO - DAG(s) 'tutorial_taskflow_templates' retrieved from /Users/swarnalidatta/Desktop/AutoQueryChatbot/.airflow-venv/lib/python3.12/site-packages/airflow/example_dags/tutorial_taskflow_templates.py
[2026-09-22T16:18:18.335+0200] {logging_mixin.py:190} INFO - [2026-09-22T16:18:18.335+0200] {dag.py:3239} INFO - Sync 1 DAGs
[2026-09-22T16:18:18.340+0200] {logging_mixin.py:190} INFO - [2026-09-22T16:18:18.340+0200] {dag.py:4180} INFO - Setting next_dagrun for tutorial_taskflow_templates to 2026-09-21 00:00:00+00:00, run_after=2026-09-22 00:00:00+00:00
[2026-09-22T16:18:18.345+0200] {processor.py:208} INFO - Processing /Users/swarnalidatta/Desktop/AutoQueryChatbot/.airflow-venv/lib/python3.12/site-packages/airflow/example_dags/tutorial_taskflow_templates.py took 0.073 seconds
[2026-09-22T16:19:26.975+0200] {processor.py:186} INFO - Started process (PID=41483) to work on /Users/swarnalidatta/Desktop/AutoQueryChatbot/.airflow-venv/lib/python3.12/site-packages/airflow/example_dags/tutorial_taskflow_templates.py
[2026-09-22T16:19:26.976+0200] {processor.py:914} INFO - Processing file /Users/swarnalidatta/Desktop/AutoQueryChatbot/.airflow-venv/lib/python3.12/site-packages/airflow/example_dags/tutorial_taskflow_templates.py for tasks to queue
[2026-09-22T16:19:26.976+0200] {logging_mixin.py:190} INFO - [2026-09-22T16:19:26.976+0200] {dagbag.py:588} INFO - Filling up the DagBag from /Users/swarnalidatta/Desktop/AutoQueryChatbot/.airflow-venv/lib/python3.12/site-packages/airflow/example_dags/tutorial_taskflow_templates.py
[2026-09-22T16:19:26.989+0200] {processor.py:925} INFO - DAG(s) 'tutorial_taskflow_templates' retrieved from /Users/swarnalidatta/Desktop/AutoQueryChatbot/.airflow-venv/lib/python3.12/site-packages/airflow/example_dags/tutorial_taskflow_templates.py
[2026-09-22T16:19:27.035+0200] {logging_mixin.py:190} INFO - [2026-09-22T16:19:27.035+0200] {dag.py:3239} INFO - Sync 1 DAGs
[2026-09-22T16:19:27.041+0200] {logging_mixin.py:190} INFO - [2026-09-22T16:19:27.040+0200] {dag.py:4180} INFO - Setting next_dagrun for tutorial_taskflow_templates to 2026-09-21 00:00:00+00:00, run_after=2026-09-22 00:00:00+00:00
[2026-09-22T16:19:27.046+0200] {processor.py:208} INFO - Processing /Users/swarnalidatta/Desktop/AutoQueryChatbot/.airflow-venv/lib/python3.12/site-packages/airflow/example_dags/tutorial_taskflow_templates.py took 0.071 seconds
[2026-09-22T16:20:36.456+0200] {processor.py:186} INFO - Started process (PID=41655) to work on /Users/swarnalidatta/Desktop/AutoQueryChatbot/.airflow-venv/lib/python3.12/site-packages/airflow/example_dags/tutorial_taskflow_templates.py
[2026-09-22T16:20:36.456+0200] {processor.py:914} INFO - Processing file /Users/swarnalidatta/Desktop/AutoQueryChatbot/.airflow-venv/lib/python3.12/site-packages/airflow/example_dags/tutorial_taskflow_templates.py for tasks to queue
[2026-09-22T16:20:36.456+0200] {logging_mixin.py:190} INFO - [2026-09-22T16:20:36.456+0200] {dagbag.py:588} INFO - Filling up the DagBag from /Users/swarnalidatta/Desktop/AutoQueryChatbot/.airflow-venv/lib/python3.12/site-packages/airflow/example_dags/tutorial_taskflow_templates.py
[2026-09-22T16:20:36.470+0200] {processor.py:925} INFO - DAG(s) 'tutorial_taskflow_templates' retrieved from /Users/swarnalidatta/Desktop/AutoQueryChatbot/.airflow-venv/lib/python3.12/site-packages/airflow/example_dags/tutorial_taskflow_templates.py
[2026-09-22T16:20:36.519+0200] {logging_mixin.py:190} INFO - [2026-09-22T16:20:36.518+0200] {dag.py:3239} INFO - Sync 1 DAGs
[2026-09-22T16:20:36.524+0200] {logging_mixin.py:190} INFO - [2026-09-22T16:20:36.524+0200] {dag.py:4180} INFO - Setting next_dagrun for tutorial_taskflow_templates to 2026-09-21 00:00:00+00:00, run_after=2026-09-22 00:00:00+00:00
[2026-09-22T16:20:36.529+0200] {processor.py:208} INFO - Processing /Users/swarnalidatta/Desktop/AutoQueryChatbot/.airflow-venv/lib/python3.12/site-packages/airflow/example_dags/tutorial_taskflow_templates.py took 0.074 seconds
[2026-09-22T16:21:42.347+0200] {processor.py:186} INFO - Started process (PID=41810) to work on /Users/swarnalidatta/Desktop/AutoQueryChatbot/.airflow-venv/lib/python3.12/site-packages/airflow/example_dags/tutorial_taskflow_templates.py
[2026-09-22T16:21:42.348+0200] {processor.py:914} INFO - Processing file /Users/swarnalidatta/Desktop/AutoQueryChatbot/.airflow-venv/lib/python3.12/site-packages/airflow/example_dags/tutorial_taskflow_templates.py for tasks to queue
[2026-09-22T16:21:42.348+0200] {logging_mixin.py:190} INFO - [2026-09-22T16:21:42.348+0200] {dagbag.py:588} INFO - Filling up the DagBag from /Users/swarnalidatta/Desktop/AutoQueryChatbot/.airflow-venv/lib/python3.12/site-packages/airflow/example_dags/tutorial_taskflow_templates.py
[2026-09-22T16:21:42.362+0200] {processor.py:925} INFO - DAG(s) 'tutorial_taskflow_templates' retrieved from /Users/swarnalidatta/Desktop/AutoQueryChatbot/.airflow-venv/lib/python3.12/site-packages/airflow/example_dags/tutorial_taskflow_templates.py
[2026-09-22T16:21:42.409+0200] {logging_mixin.py:190} INFO - [2026-09-22T16:21:42.409+0200] {dag.py:3239} INFO - Sync 1 DAGs
[2026-09-22T16:21:42.415+0200] {logging_mixin.py:190} INFO - [2026-09-22T16:21:42.415+0200] {dag.py:4180} INFO - Setting next_dagrun for tutorial_taskflow_templates to 2026-09-21 00:00:00+00:00, run_after=2026-09-22 00:00:00+00:00
[2026-09-22T16:21:42.420+0200] {processor.py:208} INFO - Processing /Users/swarnalidatta/Desktop/AutoQueryChatbot/.airflow-venv/lib/python3.12/site-packages/airflow/example_dags/tutorial_taskflow_templates.py took 0.073 seconds
[2026-09-22T16:22:50.619+0200] {processor.py:186} INFO - Started process (PID=41963) to work on /Users/swarnalidatta/Desktop/AutoQueryChatbot/.airflow-venv/lib/python3.12/site-packages/airflow/example_dags/tutorial_taskflow_templates.py
[2026-09-22T16:22:50.619+0200] {processor.py:914} INFO - Processing file /Users/swarnalidatta/Desktop/AutoQueryChatbot/.airflow-venv/lib/python3.12/site-packages/airflow/example_dags/tutorial_taskflow_templates.py for tasks to queue
[2026-09-22T16:22:50.620+0200] {logging_mixin.py:190} INFO - [2026-09-22T16:22:50.620+0200] {dagbag.py:588} INFO - Filling up the DagBag from /Users/swarnalidatta/Desktop/AutoQueryChatbot/.airflow-venv/lib/python3.12/site-packages/airflow/example_dags/tutorial_taskflow_templates.py
[2026-09-22T16:22:50.633+0200] {processor.py:925} INFO - DAG(s) 'tutorial_taskflow_templates' retrieved from /Users/swarnalidatta/Desktop/AutoQueryChatbot/.airflow-venv/lib/python3.12/site-packages/airflow/example_dags/tutorial_taskflow_templates.py
[2026-09-22T16:22:50.683+0200] {logging_mixin.py:190} INFO - [2026-09-22T16:22:50.683+0200] {dag.py:3239} INFO - Sync 1 DAGs
[2026-09-22T16:22:50.688+0200] {logging_mixin.py:190} INFO - [2026-09-22T16:22:50.688+0200] {dag.py:4180} INFO - Setting next_dagrun for tutorial_taskflow_templates to 2026-09-21 00:00:00+00:00, run_after=2026-09-22 00:00:00+00:00
[2026-09-22T16:22:50.693+0200] {processor.py:208} INFO - Processing /Users/swarnalidatta/Desktop/AutoQueryChatbot/.airflow-venv/lib/python3.12/site-packages/airflow/example_dags/tutorial_taskflow_templates.py took 0.075 seconds
[2026-09-22T16:24:03.562+0200] {processor.py:186} INFO - Started process (PID=42125) to work on /Users/swarnalidatta/Desktop/AutoQueryChatbot/.airflow-venv/lib/python3.12/site-packages/airflow/example_dags/tutorial_taskflow_templates.py
[2026-09-22T16:24:03.562+0200] {processor.py:914} INFO - Processing file /Users/swarnalidatta/Desktop/AutoQueryChatbot/.airflow-venv/lib/python3.12/site-packages/airflow/example_dags/tutorial_taskflow_templates.py for tasks to queue
[2026-09-22T16:24:03.563+0200] {logging_mixin.py:190} INFO - [2026-09-22T16:24:03.563+0200] {dagbag.py:588} INFO - Filling up the DagBag from /Users/swarnalidatta/Desktop/AutoQueryChatbot/.airflow-venv/lib/python3.12/site-packages/airflow/example_dags/tutorial_taskflow_templates.py
[2026-09-22T16:24:03.576+0200] {processor.py:925} INFO - DAG(s) 'tutorial_taskflow_templates' retrieved from /Users/swarnalidatta/Desktop/AutoQueryChatbot/.airflow-venv/lib/python3.12/site-packages/airflow/example_dags/tutorial_taskflow_templates.py
[2026-09-22T16:24:03.625+0200] {logging_mixin.py:190} INFO - [2026-09-22T16:24:03.625+0200] {dag.py:3239} INFO - Sync 1 DAGs
[2026-09-22T16:24:03.630+0200] {logging_mixin.py:190} INFO - [2026-09-22T16:24:03.630+0200] {dag.py:4180} INFO - Setting next_dagrun for tutorial_taskflow_templates to 2026-09-21 00:00:00+00:00, run_after=2026-09-22 00:00:00+00:00
[2026-09-22T16:24:03.635+0200] {processor.py:208} INFO - Processing /Users/swarnalidatta/Desktop/AutoQueryChatbot/.airflow-venv/lib/python3.12/site-packages/airflow/example_dags/tutorial_taskflow_templates.py took 0.074 seconds
[2026-09-22T16:25:11.149+0200] {processor.py:186} INFO - Started process (PID=42737) to work on /Users/swarnalidatta/Desktop/AutoQueryChatbot/.airflow-venv/lib/python3.12/site-packages/airflow/example_dags/tutorial_taskflow_templates.py
[2026-09-22T16:25:11.149+0200] {processor.py:914} INFO - Processing file /Users/swarnalidatta/Desktop/AutoQueryChatbot/.airflow-venv/lib/python3.12/site-packages/airflow/example_dags/tutorial_taskflow_templates.py for tasks to queue
[2026-09-22T16:25:11.150+0200] {logging_mixin.py:190} INFO - [2026-09-22T16:25:11.149+0200] {dagbag.py:588} INFO - Filling up the DagBag from /Users/swarnalidatta/Desktop/AutoQueryChatbot/.airflow-venv/lib/python3.12/site-packages/airflow/example_dags/tutorial_taskflow_templates.py
[2026-09-22T16:25:11.163+0200] {processor.py:925} INFO - DAG(s) 'tutorial_taskflow_templates' retrieved from /Users/swarnalidatta/Desktop/AutoQueryChatbot/.airflow-venv/lib/python3.12/site-packages/airflow/example_dags/tutorial_taskflow_templates.py
[2026-09-22T16:25:11.210+0200] {logging_mixin.py:190} INFO - [2026-09-22T16:25:11.210+0200] {dag.py:3239} INFO - Sync 1 DAGs
[2026-09-22T16:25:11.215+0200] {logging_mixin.py:190} INFO - [2026-09-22T16:25:11.215+0200] {dag.py:4180} INFO - Setting next_dagrun for tutorial_taskflow_templates to 2026-09-21 00:00:00+00:00, run_after=2026-09-22 00:00:00+00:00
[2026-09-22T16:25:11.220+0200] {processor.py:208} INFO - Processing /Users/swarnalidatta/Desktop/AutoQueryChatbot/.airflow-venv/lib/python3.12/site-packages/airflow/example_dags/tutorial_taskflow_templates.py took 0.073 seconds
[2026-09-22T16:26:18.197+0200] {processor.py:186} INFO - Started process (PID=42891) to work on /Users/swarnalidatta/Desktop/AutoQueryChatbot/.airflow-venv/lib/python3.12/site-packages/airflow/example_dags/tutorial_taskflow_templates.py
[2026-09-22T16:26:18.197+0200] {processor.py:914} INFO - Processing file /Users/swarnalidatta/Desktop/AutoQueryChatbot/.airflow-venv/lib/python3.12/site-packages/airflow/example_dags/tutorial_taskflow_templates.py for tasks to queue
[2026-09-22T16:26:18.198+0200] {logging_mixin.py:190} INFO - [2026-09-22T16:26:18.198+0200] {dagbag.py:588} INFO - Filling up the DagBag from /Users/swarnalidatta/Desktop/AutoQueryChatbot/.airflow-venv/lib/python3.12/site-packages/airflow/example_dags/tutorial_taskflow_templates.py
[2026-09-22T16:26:18.211+0200] {processor.py:925} INFO - DAG(s) 'tutorial_taskflow_templates' retrieved from /Users/swarnalidatta/Desktop/AutoQueryChatbot/.airflow-venv/lib/python3.12/site-packages/airflow/example_dags/tutorial_taskflow_templates.py
[2026-09-22T16:26:18.258+0200] {logging_mixin.py:190} INFO - [2026-09-22T16:26:18.258+0200] {dag.py:3239} INFO - Sync 1 DAGs
[2026-09-22T16:26:18.263+0200] {logging_mixin.py:190} INFO - [2026-09-22T16:26:18.263+0200] {dag.py:4180} INFO - Setting next_dagrun for tutorial_taskflow_templates to 2026-09-21 00:00:00+00:00, run_after=2026-09-22 00:00:00+00:00
[2026-09-22T16:26:18.268+0200] {processor.py:208} INFO - Processing /Users/swarnalidatta/Desktop/AutoQueryChatbot/.airflow-venv/lib/python3.12/site-packages/airflow/example_dags/tutorial_taskflow_templates.py took 0.073 seconds
[2026-09-22T16:27:29.035+0200] {processor.py:186} INFO - Started process (PID=43051) to work on /Users/swarnalidatta/Desktop/AutoQueryChatbot/.airflow-venv/lib/python3.12/site-packages/airflow/example_dags/tutorial_taskflow_templates.py
[2026-09-22T16:27:29.035+0200] {processor.py:914} INFO - Processing file /Users/swarnalidatta/Desktop/AutoQueryChatbot/.airflow-venv/lib/python3.12/site-packages/airflow/example_dags/tutorial_taskflow_templates.py for tasks to queue
[2026-09-22T16:27:29.036+0200] {logging_mixin.py:190} INFO - [2026-09-22T16:27:29.036+0200] {dagbag.py:588} INFO - Filling up the DagBag from /Users/swarnalidatta/Desktop/AutoQueryChatbot/.airflow-venv/lib/python3.12/site-packages/airflow/example_dags/tutorial_taskflow_templates.py
[2026-09-22T16:27:29.049+0200] {processor.py:925} INFO - DAG(s) 'tutorial_taskflow_templates' retrieved from /Users/swarnalidatta/Desktop/AutoQueryChatbot/.airflow-venv/lib/python3.12/site-packages/airflow/example_dags/tutorial_taskflow_templates.py
[2026-09-22T16:27:29.096+0200] {logging_mixin.py:190} INFO - [2026-09-22T16:27:29.096+0200] {dag.py:3239} INFO - Sync 1 DAGs
[2026-09-22T16:27:29.101+0200] {logging_mixin.py:190} INFO - [2026-09-22T16:27:29.101+0200] {dag.py:4180} INFO - Setting next_dagrun for tutorial_taskflow_templates to 2026-09-21 00:00:00+00:00, run_after=2026-09-22 00:00:00+00:00
[2026-09-22T16:27:29.106+0200] {processor.py:208} INFO - Processing /Users/swarnalidatta/Desktop/AutoQueryChatbot/.airflow-venv/lib/python3.12/site-packages/airflow/example_dags/tutorial_taskflow_templates.py took 0.073 seconds
[2026-09-22T16:28:40.738+0200] {processor.py:186} INFO - Started process (PID=43961) to work on /Users/swarnalidatta/Desktop/AutoQueryChatbot/.airflow-venv/lib/python3.12/site-packages/airflow/example_dags/tutorial_taskflow_templates.py
[2026-09-22T16:28:40.740+0200] {processor.py:914} INFO - Processing file /Users/swarnalidatta/Desktop/AutoQueryChatbot/.airflow-venv/lib/python3.12/site-packages/airflow/example_dags/tutorial_taskflow_templates.py for tasks to queue
[2026-09-22T16:28:40.740+0200] {logging_mixin.py:190} INFO - [2026-09-22T16:28:40.740+0200] {dagbag.py:588} INFO - Filling up the DagBag from /Users/swarnalidatta/Desktop/AutoQueryChatbot/.airflow-venv/lib/python3.12/site-packages/airflow/example_dags/tutorial_taskflow_templates.py
[2026-09-22T16:28:40.756+0200] {processor.py:925} INFO - DAG(s) 'tutorial_taskflow_templates' retrieved from /Users/swarnalidatta/Desktop/AutoQueryChatbot/.airflow-venv/lib/python3.12/site-packages/airflow/example_dags/tutorial_taskflow_templates.py
[2026-09-22T16:28:40.811+0200] {logging_mixin.py:190} INFO - [2026-09-22T16:28:40.811+0200] {dag.py:3239} INFO - Sync 1 DAGs
[2026-09-22T16:28:40.816+0200] {logging_mixin.py:190} INFO - [2026-09-22T16:28:40.816+0200] {dag.py:4180} INFO - Setting next_dagrun for tutorial_taskflow_templates to 2026-09-21 00:00:00+00:00, run_after=2026-09-22 00:00:00+00:00
[2026-09-22T16:28:40.822+0200] {processor.py:208} INFO - Processing /Users/swarnalidatta/Desktop/AutoQueryChatbot/.airflow-venv/lib/python3.12/site-packages/airflow/example_dags/tutorial_taskflow_templates.py took 0.085 seconds
[2026-09-22T16:29:53.551+0200] {processor.py:186} INFO - Started process (PID=44180) to work on /Users/swarnalidatta/Desktop/AutoQueryChatbot/.airflow-venv/lib/python3.12/site-packages/airflow/example_dags/tutorial_taskflow_templates.py
[2026-09-22T16:29:53.552+0200] {processor.py:914} INFO - Processing file /Users/swarnalidatta/Desktop/AutoQueryChatbot/.airflow-venv/lib/python3.12/site-packages/airflow/example_dags/tutorial_taskflow_templates.py for tasks to queue
[2026-09-22T16:29:53.552+0200] {logging_mixin.py:190} INFO - [2026-09-22T16:29:53.552+0200] {dagbag.py:588} INFO - Filling up the DagBag from /Users/swarnalidatta/Desktop/AutoQueryChatbot/.airflow-venv/lib/python3.12/site-packages/airflow/example_dags/tutorial_taskflow_templates.py
[2026-09-22T16:29:53.566+0200] {processor.py:925} INFO - DAG(s) 'tutorial_taskflow_templates' retrieved from /Users/swarnalidatta/Desktop/AutoQueryChatbot/.airflow-venv/lib/python3.12/site-packages/airflow/example_dags/tutorial_taskflow_templates.py
[2026-09-22T16:29:53.614+0200] {logging_mixin.py:190} INFO - [2026-09-22T16:29:53.614+0200] {dag.py:3239} INFO - Sync 1 DAGs
[2026-09-22T16:29:53.619+0200] {logging_mixin.py:190} INFO - [2026-09-22T16:29:53.619+0200] {dag.py:4180} INFO - Setting next_dagrun for tutorial_taskflow_templates to 2026-09-21 00:00:00+00:00, run_after=2026-09-22 00:00:00+00:00
[2026-09-22T16:29:53.624+0200] {processor.py:208} INFO - Processing /Users/swarnalidatta/Desktop/AutoQueryChatbot/.airflow-venv/lib/python3.12/site-packages/airflow/example_dags/tutorial_taskflow_templates.py took 0.075 seconds
[2026-09-22T16:31:07.311+0200] {processor.py:186} INFO - Started process (PID=44347) to work on /Users/swarnalidatta/Desktop/AutoQueryChatbot/.airflow-venv/lib/python3.12/site-packages/airflow/example_dags/tutorial_taskflow_templates.py
[2026-09-22T16:31:07.312+0200] {processor.py:914} INFO - Processing file /Users/swarnalidatta/Desktop/AutoQueryChatbot/.airflow-venv/lib/python3.12/site-packages/airflow/example_dags/tutorial_taskflow_templates.py for tasks to queue
[2026-09-22T16:31:07.312+0200] {logging_mixin.py:190} INFO - [2026-09-22T16:31:07.312+0200] {dagbag.py:588} INFO - Filling up the DagBag from /Users/swarnalidatta/Desktop/AutoQueryChatbot/.airflow-venv/lib/python3.12/site-packages/airflow/example_dags/tutorial_taskflow_templates.py
[2026-09-22T16:31:07.327+0200] {processor.py:925} INFO - DAG(s) 'tutorial_taskflow_templates' retrieved from /Users/swarnalidatta/Desktop/AutoQueryChatbot/.airflow-venv/lib/python3.12/site-packages/airflow/example_dags/tutorial_taskflow_templates.py
[2026-09-22T16:31:07.381+0200] {logging_mixin.py:190} INFO - [2026-09-22T16:31:07.381+0200] {dag.py:3239} INFO - Sync 1 DAGs
[2026-09-22T16:31:07.387+0200] {logging_mixin.py:190} INFO - [2026-09-22T16:31:07.386+0200] {dag.py:4180} INFO - Setting next_dagrun for tutorial_taskflow_templates to 2026-09-21 00:00:00+00:00, run_after=2026-09-22 00:00:00+00:00
[2026-09-22T16:31:07.392+0200] {processor.py:208} INFO - Processing /Users/swarnalidatta/Desktop/AutoQueryChatbot/.airflow-venv/lib/python3.12/site-packages/airflow/example_dags/tutorial_taskflow_templates.py took 0.082 seconds
[2026-09-22T16:32:18.839+0200] {processor.py:186} INFO - Started process (PID=46158) to work on /Users/swarnalidatta/Desktop/AutoQueryChatbot/.airflow-venv/lib/python3.12/site-packages/airflow/example_dags/tutorial_taskflow_templates.py
[2026-09-22T16:32:18.840+0200] {processor.py:914} INFO - Processing file /Users/swarnalidatta/Desktop/AutoQueryChatbot/.airflow-venv/lib/python3.12/site-packages/airflow/example_dags/tutorial_taskflow_templates.py for tasks to queue
[2026-09-22T16:32:18.840+0200] {logging_mixin.py:190} INFO - [2026-09-22T16:32:18.840+0200] {dagbag.py:588} INFO - Filling up the DagBag from /Users/swarnalidatta/Desktop/AutoQueryChatbot/.airflow-venv/lib/python3.12/site-packages/airflow/example_dags/tutorial_taskflow_templates.py
[2026-09-22T16:32:18.856+0200] {processor.py:925} INFO - DAG(s) 'tutorial_taskflow_templates' retrieved from /Users/swarnalidatta/Desktop/AutoQueryChatbot/.airflow-venv/lib/python3.12/site-packages/airflow/example_dags/tutorial_taskflow_templates.py
[2026-09-22T16:32:18.922+0200] {logging_mixin.py:190} INFO - [2026-09-22T16:32:18.921+0200] {dag.py:3239} INFO - Sync 1 DAGs
[2026-09-22T16:32:18.927+0200] {logging_mixin.py:190} INFO - [2026-09-22T16:32:18.927+0200] {dag.py:4180} INFO - Setting next_dagrun for tutorial_taskflow_templates to 2026-09-21 00:00:00+00:00, run_after=2026-09-22 00:00:00+00:00
[2026-09-22T16:32:18.933+0200] {processor.py:208} INFO - Processing /Users/swarnalidatta/Desktop/AutoQueryChatbot/.airflow-venv/lib/python3.12/site-packages/airflow/example_dags/tutorial_taskflow_templates.py took 0.095 seconds
[2026-09-22T16:33:28.445+0200] {processor.py:186} INFO - Started process (PID=47223) to work on /Users/swarnalidatta/Desktop/AutoQueryChatbot/.airflow-venv/lib/python3.12/site-packages/airflow/example_dags/tutorial_taskflow_templates.py
[2026-09-22T16:33:28.446+0200] {processor.py:914} INFO - Processing file /Users/swarnalidatta/Desktop/AutoQueryChatbot/.airflow-venv/lib/python3.12/site-packages/airflow/example_dags/tutorial_taskflow_templates.py for tasks to queue
[2026-09-22T16:33:28.446+0200] {logging_mixin.py:190} INFO - [2026-09-22T16:33:28.446+0200] {dagbag.py:588} INFO - Filling up the DagBag from /Users/swarnalidatta/Desktop/AutoQueryChatbot/.airflow-venv/lib/python3.12/site-packages/airflow/example_dags/tutorial_taskflow_templates.py
[2026-09-22T16:33:28.461+0200] {processor.py:925} INFO - DAG(s) 'tutorial_taskflow_templates' retrieved from /Users/swarnalidatta/Desktop/AutoQueryChatbot/.airflow-venv/lib/python3.12/site-packages/airflow/example_dags/tutorial_taskflow_templates.py
[2026-09-22T16:33:28.511+0200] {logging_mixin.py:190} INFO - [2026-09-22T16:33:28.511+0200] {dag.py:3239} INFO - Sync 1 DAGs
[2026-09-22T16:33:28.517+0200] {logging_mixin.py:190} INFO - [2026-09-22T16:33:28.517+0200] {dag.py:4180} INFO - Setting next_dagrun for tutorial_taskflow_templates to 2026-09-21 00:00:00+00:00, run_after=2026-09-22 00:00:00+00:00
[2026-09-22T16:33:28.522+0200] {processor.py:208} INFO - Processing /Users/swarnalidatta/Desktop/AutoQueryChatbot/.airflow-venv/lib/python3.12/site-packages/airflow/example_dags/tutorial_taskflow_templates.py took 0.077 seconds
[2026-09-22T16:34:40.223+0200] {processor.py:186} INFO - Started process (PID=47705) to work on /Users/swarnalidatta/Desktop/AutoQueryChatbot/.airflow-venv/lib/python3.12/site-packages/airflow/example_dags/tutorial_taskflow_templates.py
[2026-09-22T16:34:40.224+0200] {processor.py:914} INFO - Processing file /Users/swarnalidatta/Desktop/AutoQueryChatbot/.airflow-venv/lib/python3.12/site-packages/airflow/example_dags/tutorial_taskflow_templates.py for tasks to queue
[2026-09-22T16:34:40.224+0200] {logging_mixin.py:190} INFO - [2026-09-22T16:34:40.224+0200] {dagbag.py:588} INFO - Filling up the DagBag from /Users/swarnalidatta/Desktop/AutoQueryChatbot/.airflow-venv/lib/python3.12/site-packages/airflow/example_dags/tutorial_taskflow_templates.py
[2026-09-22T16:34:40.238+0200] {processor.py:925} INFO - DAG(s) 'tutorial_taskflow_templates' retrieved from /Users/swarnalidatta/Desktop/AutoQueryChatbot/.airflow-venv/lib/python3.12/site-packages/airflow/example_dags/tutorial_taskflow_templates.py
[2026-09-22T16:34:40.287+0200] {logging_mixin.py:190} INFO - [2026-09-22T16:34:40.287+0200] {dag.py:3239} INFO - Sync 1 DAGs
[2026-09-22T16:34:40.293+0200] {logging_mixin.py:190} INFO - [2026-09-22T16:34:40.293+0200] {dag.py:4180} INFO - Setting next_dagrun for tutorial_taskflow_templates to 2026-09-21 00:00:00+00:00, run_after=2026-09-22 00:00:00+00:00
[2026-09-22T16:34:40.298+0200] {processor.py:208} INFO - Processing /Users/swarnalidatta/Desktop/AutoQueryChatbot/.airflow-venv/lib/python3.12/site-packages/airflow/example_dags/tutorial_taskflow_templates.py took 0.076 seconds
[2026-09-22T16:35:49.344+0200] {processor.py:186} INFO - Started process (PID=47873) to work on /Users/swarnalidatta/Desktop/AutoQueryChatbot/.airflow-venv/lib/python3.12/site-packages/airflow/example_dags/tutorial_taskflow_templates.py
[2026-09-22T16:35:49.345+0200] {processor.py:914} INFO - Processing file /Users/swarnalidatta/Desktop/AutoQueryChatbot/.airflow-venv/lib/python3.12/site-packages/airflow/example_dags/tutorial_taskflow_templates.py for tasks to queue
[2026-09-22T16:35:49.345+0200] {logging_mixin.py:190} INFO - [2026-09-22T16:35:49.345+0200] {dagbag.py:588} INFO - Filling up the DagBag from /Users/swarnalidatta/Desktop/AutoQueryChatbot/.airflow-venv/lib/python3.12/site-packages/airflow/example_dags/tutorial_taskflow_templates.py
[2026-09-22T16:35:49.359+0200] {processor.py:925} INFO - DAG(s) 'tutorial_taskflow_templates' retrieved from /Users/swarnalidatta/Desktop/AutoQueryChatbot/.airflow-venv/lib/python3.12/site-packages/airflow/example_dags/tutorial_taskflow_templates.py
[2026-09-22T16:35:49.408+0200] {logging_mixin.py:190} INFO - [2026-09-22T16:35:49.408+0200] {dag.py:3239} INFO - Sync 1 DAGs
[2026-09-22T16:35:49.413+0200] {logging_mixin.py:190} INFO - [2026-09-22T16:35:49.413+0200] {dag.py:4180} INFO - Setting next_dagrun for tutorial_taskflow_templates to 2026-09-21 00:00:00+00:00, run_after=2026-09-22 00:00:00+00:00
[2026-09-22T16:35:49.419+0200] {processor.py:208} INFO - Processing /Users/swarnalidatta/Desktop/AutoQueryChatbot/.airflow-venv/lib/python3.12/site-packages/airflow/example_dags/tutorial_taskflow_templates.py took 0.075 seconds
[2026-09-22T16:37:16.717+0200] {processor.py:186} INFO - Started process (PID=48262) to work on /Users/swarnalidatta/Desktop/AutoQueryChatbot/.airflow-venv/lib/python3.12/site-packages/airflow/example_dags/tutorial_taskflow_templates.py
[2026-09-22T16:37:16.717+0200] {processor.py:914} INFO - Processing file /Users/swarnalidatta/Desktop/AutoQueryChatbot/.airflow-venv/lib/python3.12/site-packages/airflow/example_dags/tutorial_taskflow_templates.py for tasks to queue
[2026-09-22T16:37:16.718+0200] {logging_mixin.py:190} INFO - [2026-09-22T16:37:16.718+0200] {dagbag.py:588} INFO - Filling up the DagBag from /Users/swarnalidatta/Desktop/AutoQueryChatbot/.airflow-venv/lib/python3.12/site-packages/airflow/example_dags/tutorial_taskflow_templates.py
[2026-09-22T16:37:16.732+0200] {processor.py:925} INFO - DAG(s) 'tutorial_taskflow_templates' retrieved from /Users/swarnalidatta/Desktop/AutoQueryChatbot/.airflow-venv/lib/python3.12/site-packages/airflow/example_dags/tutorial_taskflow_templates.py
[2026-09-22T16:37:16.782+0200] {logging_mixin.py:190} INFO - [2026-09-22T16:37:16.781+0200] {dag.py:3239} INFO - Sync 1 DAGs
[2026-09-22T16:37:16.787+0200] {logging_mixin.py:190} INFO - [2026-09-22T16:37:16.787+0200] {dag.py:4180} INFO - Setting next_dagrun for tutorial_taskflow_templates to 2026-09-21 00:00:00+00:00, run_after=2026-09-22 00:00:00+00:00
[2026-09-22T16:37:16.792+0200] {processor.py:208} INFO - Processing /Users/swarnalidatta/Desktop/AutoQueryChatbot/.airflow-venv/lib/python3.12/site-packages/airflow/example_dags/tutorial_taskflow_templates.py took 0.076 seconds
[2026-09-22T16:38:40.273+0200] {processor.py:186} INFO - Started process (PID=49151) to work on /Users/swarnalidatta/Desktop/AutoQueryChatbot/.airflow-venv/lib/python3.12/site-packages/airflow/example_dags/tutorial_taskflow_templates.py
[2026-09-22T16:38:40.274+0200] {processor.py:914} INFO - Processing file /Users/swarnalidatta/Desktop/AutoQueryChatbot/.airflow-venv/lib/python3.12/site-packages/airflow/example_dags/tutorial_taskflow_templates.py for tasks to queue
[2026-09-22T16:38:40.275+0200] {logging_mixin.py:190} INFO - [2026-09-22T16:38:40.275+0200] {dagbag.py:588} INFO - Filling up the DagBag from /Users/swarnalidatta/Desktop/AutoQueryChatbot/.airflow-venv/lib/python3.12/site-packages/airflow/example_dags/tutorial_taskflow_templates.py
[2026-09-22T16:38:40.289+0200] {processor.py:925} INFO - DAG(s) 'tutorial_taskflow_templates' retrieved from /Users/swarnalidatta/Desktop/AutoQueryChatbot/.airflow-venv/lib/python3.12/site-packages/airflow/example_dags/tutorial_taskflow_templates.py
[2026-09-22T16:38:40.338+0200] {logging_mixin.py:190} INFO - [2026-09-22T16:38:40.338+0200] {dag.py:3239} INFO - Sync 1 DAGs
[2026-09-22T16:38:40.343+0200] {logging_mixin.py:190} INFO - [2026-09-22T16:38:40.343+0200] {dag.py:4180} INFO - Setting next_dagrun for tutorial_taskflow_templates to 2026-09-21 00:00:00+00:00, run_after=2026-09-22 00:00:00+00:00
[2026-09-22T16:38:40.348+0200] {processor.py:208} INFO - Processing /Users/swarnalidatta/Desktop/AutoQueryChatbot/.airflow-venv/lib/python3.12/site-packages/airflow/example_dags/tutorial_taskflow_templates.py took 0.076 seconds
[2026-09-22T16:39:53.586+0200] {processor.py:186} INFO - Started process (PID=49645) to work on /Users/swarnalidatta/Desktop/AutoQueryChatbot/.airflow-venv/lib/python3.12/site-packages/airflow/example_dags/tutorial_taskflow_templates.py
[2026-09-22T16:39:53.587+0200] {processor.py:914} INFO - Processing file /Users/swarnalidatta/Desktop/AutoQueryChatbot/.airflow-venv/lib/python3.12/site-packages/airflow/example_dags/tutorial_taskflow_templates.py for tasks to queue
[2026-09-22T16:39:53.587+0200] {logging_mixin.py:190} INFO - [2026-09-22T16:39:53.587+0200] {dagbag.py:588} INFO - Filling up the DagBag from /Users/swarnalidatta/Desktop/AutoQueryChatbot/.airflow-venv/lib/python3.12/site-packages/airflow/example_dags/tutorial_taskflow_templates.py
[2026-09-22T16:39:53.601+0200] {processor.py:925} INFO - DAG(s) 'tutorial_taskflow_templates' retrieved from /Users/swarnalidatta/Desktop/AutoQueryChatbot/.airflow-venv/lib/python3.12/site-packages/airflow/example_dags/tutorial_taskflow_templates.py
[2026-09-22T16:39:53.650+0200] {logging_mixin.py:190} INFO - [2026-09-22T16:39:53.650+0200] {dag.py:3239} INFO - Sync 1 DAGs
[2026-09-22T16:39:53.655+0200] {logging_mixin.py:190} INFO - [2026-09-22T16:39:53.655+0200] {dag.py:4180} INFO - Setting next_dagrun for tutorial_taskflow_templates to 2026-09-21 00:00:00+00:00, run_after=2026-09-22 00:00:00+00:00
[2026-09-22T16:39:53.661+0200] {processor.py:208} INFO - Processing /Users/swarnalidatta/Desktop/AutoQueryChatbot/.airflow-venv/lib/python3.12/site-packages/airflow/example_dags/tutorial_taskflow_templates.py took 0.076 seconds
[2026-09-22T16:41:07.122+0200] {processor.py:186} INFO - Started process (PID=49822) to work on /Users/swarnalidatta/Desktop/AutoQueryChatbot/.airflow-venv/lib/python3.12/site-packages/airflow/example_dags/tutorial_taskflow_templates.py
[2026-09-22T16:41:07.123+0200] {processor.py:914} INFO - Processing file /Users/swarnalidatta/Desktop/AutoQueryChatbot/.airflow-venv/lib/python3.12/site-packages/airflow/example_dags/tutorial_taskflow_templates.py for tasks to queue
[2026-09-22T16:41:07.123+0200] {logging_mixin.py:190} INFO - [2026-09-22T16:41:07.123+0200] {dagbag.py:588} INFO - Filling up the DagBag from /Users/swarnalidatta/Desktop/AutoQueryChatbot/.airflow-venv/lib/python3.12/site-packages/airflow/example_dags/tutorial_taskflow_templates.py
[2026-09-22T16:41:07.137+0200] {processor.py:925} INFO - DAG(s) 'tutorial_taskflow_templates' retrieved from /Users/swarnalidatta/Desktop/AutoQueryChatbot/.airflow-venv/lib/python3.12/site-packages/airflow/example_dags/tutorial_taskflow_templates.py
[2026-09-22T16:41:07.188+0200] {logging_mixin.py:190} INFO - [2026-09-22T16:41:07.188+0200] {dag.py:3239} INFO - Sync 1 DAGs
[2026-09-22T16:41:07.193+0200] {logging_mixin.py:190} INFO - [2026-09-22T16:41:07.193+0200] {dag.py:4180} INFO - Setting next_dagrun for tutorial_taskflow_templates to 2026-09-21 00:00:00+00:00, run_after=2026-09-22 00:00:00+00:00
[2026-09-22T16:41:07.198+0200] {processor.py:208} INFO - Processing /Users/swarnalidatta/Desktop/AutoQueryChatbot/.airflow-venv/lib/python3.12/site-packages/airflow/example_dags/tutorial_taskflow_templates.py took 0.077 seconds
[2026-09-22T16:42:17.704+0200] {processor.py:186} INFO - Started process (PID=51351) to work on /Users/swarnalidatta/Desktop/AutoQueryChatbot/.airflow-venv/lib/python3.12/site-packages/airflow/example_dags/tutorial_taskflow_templates.py
[2026-09-22T16:42:17.706+0200] {processor.py:914} INFO - Processing file /Users/swarnalidatta/Desktop/AutoQueryChatbot/.airflow-venv/lib/python3.12/site-packages/airflow/example_dags/tutorial_taskflow_templates.py for tasks to queue
[2026-09-22T16:42:17.706+0200] {logging_mixin.py:190} INFO - [2026-09-22T16:42:17.706+0200] {dagbag.py:588} INFO - Filling up the DagBag from /Users/swarnalidatta/Desktop/AutoQueryChatbot/.airflow-venv/lib/python3.12/site-packages/airflow/example_dags/tutorial_taskflow_templates.py
[2026-09-22T16:42:17.728+0200] {processor.py:925} INFO - DAG(s) 'tutorial_taskflow_templates' retrieved from /Users/swarnalidatta/Desktop/AutoQueryChatbot/.airflow-venv/lib/python3.12/site-packages/airflow/example_dags/tutorial_taskflow_templates.py
[2026-09-22T16:42:17.796+0200] {logging_mixin.py:190} INFO - [2026-09-22T16:42:17.796+0200] {dag.py:3239} INFO - Sync 1 DAGs
[2026-09-22T16:42:17.802+0200] {logging_mixin.py:190} INFO - [2026-09-22T16:42:17.801+0200] {dag.py:4180} INFO - Setting next_dagrun for tutorial_taskflow_templates to 2026-09-21 00:00:00+00:00, run_after=2026-09-22 00:00:00+00:00
[2026-09-22T16:42:17.807+0200] {processor.py:208} INFO - Processing /Users/swarnalidatta/Desktop/AutoQueryChatbot/.airflow-venv/lib/python3.12/site-packages/airflow/example_dags/tutorial_taskflow_templates.py took 0.104 seconds
[2026-09-22T16:43:29.459+0200] {processor.py:186} INFO - Started process (PID=51892) to work on /Users/swarnalidatta/Desktop/AutoQueryChatbot/.airflow-venv/lib/python3.12/site-packages/airflow/example_dags/tutorial_taskflow_templates.py
[2026-09-22T16:43:29.460+0200] {processor.py:914} INFO - Processing file /Users/swarnalidatta/Desktop/AutoQueryChatbot/.airflow-venv/lib/python3.12/site-packages/airflow/example_dags/tutorial_taskflow_templates.py for tasks to queue
[2026-09-22T16:43:29.460+0200] {logging_mixin.py:190} INFO - [2026-09-22T16:43:29.460+0200] {dagbag.py:588} INFO - Filling up the DagBag from /Users/swarnalidatta/Desktop/AutoQueryChatbot/.airflow-venv/lib/python3.12/site-packages/airflow/example_dags/tutorial_taskflow_templates.py
[2026-09-22T16:43:29.474+0200] {processor.py:925} INFO - DAG(s) 'tutorial_taskflow_templates' retrieved from /Users/swarnalidatta/Desktop/AutoQueryChatbot/.airflow-venv/lib/python3.12/site-packages/airflow/example_dags/tutorial_taskflow_templates.py
[2026-09-22T16:43:29.525+0200] {logging_mixin.py:190} INFO - [2026-09-22T16:43:29.524+0200] {dag.py:3239} INFO - Sync 1 DAGs
[2026-09-22T16:43:29.530+0200] {logging_mixin.py:190} INFO - [2026-09-22T16:43:29.530+0200] {dag.py:4180} INFO - Setting next_dagrun for tutorial_taskflow_templates to 2026-09-21 00:00:00+00:00, run_after=2026-09-22 00:00:00+00:00
[2026-09-22T16:43:29.535+0200] {processor.py:208} INFO - Processing /Users/swarnalidatta/Desktop/AutoQueryChatbot/.airflow-venv/lib/python3.12/site-packages/airflow/example_dags/tutorial_taskflow_templates.py took 0.077 seconds
[2026-09-22T16:44:36.984+0200] {processor.py:186} INFO - Started process (PID=52052) to work on /Users/swarnalidatta/Desktop/AutoQueryChatbot/.airflow-venv/lib/python3.12/site-packages/airflow/example_dags/tutorial_taskflow_templates.py
[2026-09-22T16:44:36.984+0200] {processor.py:914} INFO - Processing file /Users/swarnalidatta/Desktop/AutoQueryChatbot/.airflow-venv/lib/python3.12/site-packages/airflow/example_dags/tutorial_taskflow_templates.py for tasks to queue
[2026-09-22T16:44:36.985+0200] {logging_mixin.py:190} INFO - [2026-09-22T16:44:36.985+0200] {dagbag.py:588} INFO - Filling up the DagBag from /Users/swarnalidatta/Desktop/AutoQueryChatbot/.airflow-venv/lib/python3.12/site-packages/airflow/example_dags/tutorial_taskflow_templates.py
[2026-09-22T16:44:36.999+0200] {processor.py:925} INFO - DAG(s) 'tutorial_taskflow_templates' retrieved from /Users/swarnalidatta/Desktop/AutoQueryChatbot/.airflow-venv/lib/python3.12/site-packages/airflow/example_dags/tutorial_taskflow_templates.py
[2026-09-22T16:44:37.048+0200] {logging_mixin.py:190} INFO - [2026-09-22T16:44:37.048+0200] {dag.py:3239} INFO - Sync 1 DAGs
[2026-09-22T16:44:37.053+0200] {logging_mixin.py:190} INFO - [2026-09-22T16:44:37.053+0200] {dag.py:4180} INFO - Setting next_dagrun for tutorial_taskflow_templates to 2026-09-21 00:00:00+00:00, run_after=2026-09-22 00:00:00+00:00
[2026-09-22T16:44:37.058+0200] {processor.py:208} INFO - Processing /Users/swarnalidatta/Desktop/AutoQueryChatbot/.airflow-venv/lib/python3.12/site-packages/airflow/example_dags/tutorial_taskflow_templates.py took 0.075 seconds
[2026-09-22T16:45:46.210+0200] {processor.py:186} INFO - Started process (PID=52961) to work on /Users/swarnalidatta/Desktop/AutoQueryChatbot/.airflow-venv/lib/python3.12/site-packages/airflow/example_dags/tutorial_taskflow_templates.py
[2026-09-22T16:45:46.210+0200] {processor.py:914} INFO - Processing file /Users/swarnalidatta/Desktop/AutoQueryChatbot/.airflow-venv/lib/python3.12/site-packages/airflow/example_dags/tutorial_taskflow_templates.py for tasks to queue
[2026-09-22T16:45:46.211+0200] {logging_mixin.py:190} INFO - [2026-09-22T16:45:46.211+0200] {dagbag.py:588} INFO - Filling up the DagBag from /Users/swarnalidatta/Desktop/AutoQueryChatbot/.airflow-venv/lib/python3.12/site-packages/airflow/example_dags/tutorial_taskflow_templates.py
[2026-09-22T16:45:46.225+0200] {processor.py:925} INFO - DAG(s) 'tutorial_taskflow_templates' retrieved from /Users/swarnalidatta/Desktop/AutoQueryChatbot/.airflow-venv/lib/python3.12/site-packages/airflow/example_dags/tutorial_taskflow_templates.py
[2026-09-22T16:45:46.283+0200] {logging_mixin.py:190} INFO - [2026-09-22T16:45:46.283+0200] {dag.py:3239} INFO - Sync 1 DAGs
[2026-09-22T16:45:46.289+0200] {logging_mixin.py:190} INFO - [2026-09-22T16:45:46.289+0200] {dag.py:4180} INFO - Setting next_dagrun for tutorial_taskflow_templates to 2026-09-21 00:00:00+00:00, run_after=2026-09-22 00:00:00+00:00
[2026-09-22T16:45:46.294+0200] {processor.py:208} INFO - Processing /Users/swarnalidatta/Desktop/AutoQueryChatbot/.airflow-venv/lib/python3.12/site-packages/airflow/example_dags/tutorial_taskflow_templates.py took 0.086 seconds
[2026-09-22T16:46:58.739+0200] {processor.py:186} INFO - Started process (PID=53181) to work on /Users/swarnalidatta/Desktop/AutoQueryChatbot/.airflow-venv/lib/python3.12/site-packages/airflow/example_dags/tutorial_taskflow_templates.py
[2026-09-22T16:46:58.739+0200] {processor.py:914} INFO - Processing file /Users/swarnalidatta/Desktop/AutoQueryChatbot/.airflow-venv/lib/python3.12/site-packages/airflow/example_dags/tutorial_taskflow_templates.py for tasks to queue
[2026-09-22T16:46:58.740+0200] {logging_mixin.py:190} INFO - [2026-09-22T16:46:58.740+0200] {dagbag.py:588} INFO - Filling up the DagBag from /Users/swarnalidatta/Desktop/AutoQueryChatbot/.airflow-venv/lib/python3.12/site-packages/airflow/example_dags/tutorial_taskflow_templates.py
[2026-09-22T16:46:58.754+0200] {processor.py:925} INFO - DAG(s) 'tutorial_taskflow_templates' retrieved from /Users/swarnalidatta/Desktop/AutoQueryChatbot/.airflow-venv/lib/python3.12/site-packages/airflow/example_dags/tutorial_taskflow_templates.py
[2026-09-22T16:46:58.803+0200] {logging_mixin.py:190} INFO - [2026-09-22T16:46:58.803+0200] {dag.py:3239} INFO - Sync 1 DAGs
[2026-09-22T16:46:58.809+0200] {logging_mixin.py:190} INFO - [2026-09-22T16:46:58.808+0200] {dag.py:4180} INFO - Setting next_dagrun for tutorial_taskflow_templates to 2026-09-21 00:00:00+00:00, run_after=2026-09-22 00:00:00+00:00
[2026-09-22T16:46:58.814+0200] {processor.py:208} INFO - Processing /Users/swarnalidatta/Desktop/AutoQueryChatbot/.airflow-venv/lib/python3.12/site-packages/airflow/example_dags/tutorial_taskflow_templates.py took 0.076 seconds
[2026-09-22T16:48:05.742+0200] {processor.py:186} INFO - Started process (PID=53331) to work on /Users/swarnalidatta/Desktop/AutoQueryChatbot/.airflow-venv/lib/python3.12/site-packages/airflow/example_dags/tutorial_taskflow_templates.py
[2026-09-22T16:48:05.743+0200] {processor.py:914} INFO - Processing file /Users/swarnalidatta/Desktop/AutoQueryChatbot/.airflow-venv/lib/python3.12/site-packages/airflow/example_dags/tutorial_taskflow_templates.py for tasks to queue
[2026-09-22T16:48:05.743+0200] {logging_mixin.py:190} INFO - [2026-09-22T16:48:05.743+0200] {dagbag.py:588} INFO - Filling up the DagBag from /Users/swarnalidatta/Desktop/AutoQueryChatbot/.airflow-venv/lib/python3.12/site-packages/airflow/example_dags/tutorial_taskflow_templates.py
[2026-09-22T16:48:05.757+0200] {processor.py:925} INFO - DAG(s) 'tutorial_taskflow_templates' retrieved from /Users/swarnalidatta/Desktop/AutoQueryChatbot/.airflow-venv/lib/python3.12/site-packages/airflow/example_dags/tutorial_taskflow_templates.py
[2026-09-22T16:48:05.804+0200] {logging_mixin.py:190} INFO - [2026-09-22T16:48:05.804+0200] {dag.py:3239} INFO - Sync 1 DAGs
[2026-09-22T16:48:05.810+0200] {logging_mixin.py:190} INFO - [2026-09-22T16:48:05.810+0200] {dag.py:4180} INFO - Setting next_dagrun for tutorial_taskflow_templates to 2026-09-21 00:00:00+00:00, run_after=2026-09-22 00:00:00+00:00
[2026-09-22T16:48:05.815+0200] {processor.py:208} INFO - Processing /Users/swarnalidatta/Desktop/AutoQueryChatbot/.airflow-venv/lib/python3.12/site-packages/airflow/example_dags/tutorial_taskflow_templates.py took 0.074 seconds
[2026-09-22T16:49:17.060+0200] {processor.py:186} INFO - Started process (PID=53494) to work on /Users/swarnalidatta/Desktop/AutoQueryChatbot/.airflow-venv/lib/python3.12/site-packages/airflow/example_dags/tutorial_taskflow_templates.py
[2026-09-22T16:49:17.061+0200] {processor.py:914} INFO - Processing file /Users/swarnalidatta/Desktop/AutoQueryChatbot/.airflow-venv/lib/python3.12/site-packages/airflow/example_dags/tutorial_taskflow_templates.py for tasks to queue
[2026-09-22T16:49:17.061+0200] {logging_mixin.py:190} INFO - [2026-09-22T16:49:17.061+0200] {dagbag.py:588} INFO - Filling up the DagBag from /Users/swarnalidatta/Desktop/AutoQueryChatbot/.airflow-venv/lib/python3.12/site-packages/airflow/example_dags/tutorial_taskflow_templates.py
[2026-09-22T16:49:17.076+0200] {processor.py:925} INFO - DAG(s) 'tutorial_taskflow_templates' retrieved from /Users/swarnalidatta/Desktop/AutoQueryChatbot/.airflow-venv/lib/python3.12/site-packages/airflow/example_dags/tutorial_taskflow_templates.py
[2026-09-22T16:49:17.126+0200] {logging_mixin.py:190} INFO - [2026-09-22T16:49:17.126+0200] {dag.py:3239} INFO - Sync 1 DAGs
[2026-09-22T16:49:17.132+0200] {logging_mixin.py:190} INFO - [2026-09-22T16:49:17.132+0200] {dag.py:4180} INFO - Setting next_dagrun for tutorial_taskflow_templates to 2026-09-21 00:00:00+00:00, run_after=2026-09-22 00:00:00+00:00
[2026-09-22T16:49:17.136+0200] {processor.py:208} INFO - Processing /Users/swarnalidatta/Desktop/AutoQueryChatbot/.airflow-venv/lib/python3.12/site-packages/airflow/example_dags/tutorial_taskflow_templates.py took 0.078 seconds
[2026-09-22T16:50:28.594+0200] {processor.py:186} INFO - Started process (PID=53659) to work on /Users/swarnalidatta/Desktop/AutoQueryChatbot/.airflow-venv/lib/python3.12/site-packages/airflow/example_dags/tutorial_taskflow_templates.py
[2026-09-22T16:50:28.595+0200] {processor.py:914} INFO - Processing file /Users/swarnalidatta/Desktop/AutoQueryChatbot/.airflow-venv/lib/python3.12/site-packages/airflow/example_dags/tutorial_taskflow_templates.py for tasks to queue
[2026-09-22T16:50:28.596+0200] {logging_mixin.py:190} INFO - [2026-09-22T16:50:28.596+0200] {dagbag.py:588} INFO - Filling up the DagBag from /Users/swarnalidatta/Desktop/AutoQueryChatbot/.airflow-venv/lib/python3.12/site-packages/airflow/example_dags/tutorial_taskflow_templates.py
[2026-09-22T16:50:28.610+0200] {processor.py:925} INFO - DAG(s) 'tutorial_taskflow_templates' retrieved from /Users/swarnalidatta/Desktop/AutoQueryChatbot/.airflow-venv/lib/python3.12/site-packages/airflow/example_dags/tutorial_taskflow_templates.py
[2026-09-22T16:50:28.658+0200] {logging_mixin.py:190} INFO - [2026-09-22T16:50:28.658+0200] {dag.py:3239} INFO - Sync 1 DAGs
[2026-09-22T16:50:28.663+0200] {logging_mixin.py:190} INFO - [2026-09-22T16:50:28.663+0200] {dag.py:4180} INFO - Setting next_dagrun for tutorial_taskflow_templates to 2026-09-21 00:00:00+00:00, run_after=2026-09-22 00:00:00+00:00
[2026-09-22T16:50:28.668+0200] {processor.py:208} INFO - Processing /Users/swarnalidatta/Desktop/AutoQueryChatbot/.airflow-venv/lib/python3.12/site-packages/airflow/example_dags/tutorial_taskflow_templates.py took 0.075 seconds
[2026-09-22T16:51:35.133+0200] {processor.py:186} INFO - Started process (PID=53810) to work on /Users/swarnalidatta/Desktop/AutoQueryChatbot/.airflow-venv/lib/python3.12/site-packages/airflow/example_dags/tutorial_taskflow_templates.py
[2026-09-22T16:51:35.133+0200] {processor.py:914} INFO - Processing file /Users/swarnalidatta/Desktop/AutoQueryChatbot/.airflow-venv/lib/python3.12/site-packages/airflow/example_dags/tutorial_taskflow_templates.py for tasks to queue
[2026-09-22T16:51:35.133+0200] {logging_mixin.py:190} INFO - [2026-09-22T16:51:35.133+0200] {dagbag.py:588} INFO - Filling up the DagBag from /Users/swarnalidatta/Desktop/AutoQueryChatbot/.airflow-venv/lib/python3.12/site-packages/airflow/example_dags/tutorial_taskflow_templates.py
[2026-09-22T16:51:35.147+0200] {processor.py:925} INFO - DAG(s) 'tutorial_taskflow_templates' retrieved from /Users/swarnalidatta/Desktop/AutoQueryChatbot/.airflow-venv/lib/python3.12/site-packages/airflow/example_dags/tutorial_taskflow_templates.py
[2026-09-22T16:51:35.197+0200] {logging_mixin.py:190} INFO - [2026-09-22T16:51:35.196+0200] {dag.py:3239} INFO - Sync 1 DAGs
[2026-09-22T16:51:35.202+0200] {logging_mixin.py:190} INFO - [2026-09-22T16:51:35.202+0200] {dag.py:4180} INFO - Setting next_dagrun for tutorial_taskflow_templates to 2026-09-21 00:00:00+00:00, run_after=2026-09-22 00:00:00+00:00
[2026-09-22T16:51:35.207+0200] {processor.py:208} INFO - Processing /Users/swarnalidatta/Desktop/AutoQueryChatbot/.airflow-venv/lib/python3.12/site-packages/airflow/example_dags/tutorial_taskflow_templates.py took 0.076 seconds
[2026-09-22T16:52:40.957+0200] {processor.py:186} INFO - Started process (PID=53961) to work on /Users/swarnalidatta/Desktop/AutoQueryChatbot/.airflow-venv/lib/python3.12/site-packages/airflow/example_dags/tutorial_taskflow_templates.py
[2026-09-22T16:52:40.957+0200] {processor.py:914} INFO - Processing file /Users/swarnalidatta/Desktop/AutoQueryChatbot/.airflow-venv/lib/python3.12/site-packages/airflow/example_dags/tutorial_taskflow_templates.py for tasks to queue
[2026-09-22T16:52:40.958+0200] {logging_mixin.py:190} INFO - [2026-09-22T16:52:40.958+0200] {dagbag.py:588} INFO - Filling up the DagBag from /Users/swarnalidatta/Desktop/AutoQueryChatbot/.airflow-venv/lib/python3.12/site-packages/airflow/example_dags/tutorial_taskflow_templates.py
[2026-09-22T16:52:40.971+0200] {processor.py:925} INFO - DAG(s) 'tutorial_taskflow_templates' retrieved from /Users/swarnalidatta/Desktop/AutoQueryChatbot/.airflow-venv/lib/python3.12/site-packages/airflow/example_dags/tutorial_taskflow_templates.py
[2026-09-22T16:52:41.021+0200] {logging_mixin.py:190} INFO - [2026-09-22T16:52:41.021+0200] {dag.py:3239} INFO - Sync 1 DAGs
[2026-09-22T16:52:41.026+0200] {logging_mixin.py:190} INFO - [2026-09-22T16:52:41.026+0200] {dag.py:4180} INFO - Setting next_dagrun for tutorial_taskflow_templates to 2026-09-21 00:00:00+00:00, run_after=2026-09-22 00:00:00+00:00
[2026-09-22T16:52:41.032+0200] {processor.py:208} INFO - Processing /Users/swarnalidatta/Desktop/AutoQueryChatbot/.airflow-venv/lib/python3.12/site-packages/airflow/example_dags/tutorial_taskflow_templates.py took 0.076 seconds
[2026-09-22T16:53:49.964+0200] {processor.py:186} INFO - Started process (PID=54133) to work on /Users/swarnalidatta/Desktop/AutoQueryChatbot/.airflow-venv/lib/python3.12/site-packages/airflow/example_dags/tutorial_taskflow_templates.py
[2026-09-22T16:53:49.965+0200] {processor.py:914} INFO - Processing file /Users/swarnalidatta/Desktop/AutoQueryChatbot/.airflow-venv/lib/python3.12/site-packages/airflow/example_dags/tutorial_taskflow_templates.py for tasks to queue
[2026-09-22T16:53:49.965+0200] {logging_mixin.py:190} INFO - [2026-09-22T16:53:49.965+0200] {dagbag.py:588} INFO - Filling up the DagBag from /Users/swarnalidatta/Desktop/AutoQueryChatbot/.airflow-venv/lib/python3.12/site-packages/airflow/example_dags/tutorial_taskflow_templates.py
[2026-09-22T16:53:49.979+0200] {processor.py:925} INFO - DAG(s) 'tutorial_taskflow_templates' retrieved from /Users/swarnalidatta/Desktop/AutoQueryChatbot/.airflow-venv/lib/python3.12/site-packages/airflow/example_dags/tutorial_taskflow_templates.py
[2026-09-22T16:53:50.029+0200] {logging_mixin.py:190} INFO - [2026-09-22T16:53:50.029+0200] {dag.py:3239} INFO - Sync 1 DAGs
[2026-09-22T16:53:50.035+0200] {logging_mixin.py:190} INFO - [2026-09-22T16:53:50.034+0200] {dag.py:4180} INFO - Setting next_dagrun for tutorial_taskflow_templates to 2026-09-21 00:00:00+00:00, run_after=2026-09-22 00:00:00+00:00
[2026-09-22T16:53:50.040+0200] {processor.py:208} INFO - Processing /Users/swarnalidatta/Desktop/AutoQueryChatbot/.airflow-venv/lib/python3.12/site-packages/airflow/example_dags/tutorial_taskflow_templates.py took 0.077 seconds
[2026-09-22T16:54:57.662+0200] {processor.py:186} INFO - Started process (PID=54283) to work on /Users/swarnalidatta/Desktop/AutoQueryChatbot/.airflow-venv/lib/python3.12/site-packages/airflow/example_dags/tutorial_taskflow_templates.py
[2026-09-22T16:54:57.663+0200] {processor.py:914} INFO - Processing file /Users/swarnalidatta/Desktop/AutoQueryChatbot/.airflow-venv/lib/python3.12/site-packages/airflow/example_dags/tutorial_taskflow_templates.py for tasks to queue
[2026-09-22T16:54:57.663+0200] {logging_mixin.py:190} INFO - [2026-09-22T16:54:57.663+0200] {dagbag.py:588} INFO - Filling up the DagBag from /Users/swarnalidatta/Desktop/AutoQueryChatbot/.airflow-venv/lib/python3.12/site-packages/airflow/example_dags/tutorial_taskflow_templates.py
[2026-09-22T16:54:57.677+0200] {processor.py:925} INFO - DAG(s) 'tutorial_taskflow_templates' retrieved from /Users/swarnalidatta/Desktop/AutoQueryChatbot/.airflow-venv/lib/python3.12/site-packages/airflow/example_dags/tutorial_taskflow_templates.py
[2026-09-22T16:54:57.726+0200] {logging_mixin.py:190} INFO - [2026-09-22T16:54:57.726+0200] {dag.py:3239} INFO - Sync 1 DAGs
[2026-09-22T16:54:57.731+0200] {logging_mixin.py:190} INFO - [2026-09-22T16:54:57.731+0200] {dag.py:4180} INFO - Setting next_dagrun for tutorial_taskflow_templates to 2026-09-21 00:00:00+00:00, run_after=2026-09-22 00:00:00+00:00
[2026-09-22T16:54:57.736+0200] {processor.py:208} INFO - Processing /Users/swarnalidatta/Desktop/AutoQueryChatbot/.airflow-venv/lib/python3.12/site-packages/airflow/example_dags/tutorial_taskflow_templates.py took 0.075 seconds
[2026-09-22T16:56:05.995+0200] {processor.py:186} INFO - Started process (PID=55036) to work on /Users/swarnalidatta/Desktop/AutoQueryChatbot/.airflow-venv/lib/python3.12/site-packages/airflow/example_dags/tutorial_taskflow_templates.py
[2026-09-22T16:56:05.995+0200] {processor.py:914} INFO - Processing file /Users/swarnalidatta/Desktop/AutoQueryChatbot/.airflow-venv/lib/python3.12/site-packages/airflow/example_dags/tutorial_taskflow_templates.py for tasks to queue
[2026-09-22T16:56:05.995+0200] {logging_mixin.py:190} INFO - [2026-09-22T16:56:05.995+0200] {dagbag.py:588} INFO - Filling up the DagBag from /Users/swarnalidatta/Desktop/AutoQueryChatbot/.airflow-venv/lib/python3.12/site-packages/airflow/example_dags/tutorial_taskflow_templates.py
[2026-09-22T16:56:06.009+0200] {processor.py:925} INFO - DAG(s) 'tutorial_taskflow_templates' retrieved from /Users/swarnalidatta/Desktop/AutoQueryChatbot/.airflow-venv/lib/python3.12/site-packages/airflow/example_dags/tutorial_taskflow_templates.py
[2026-09-22T16:56:06.057+0200] {logging_mixin.py:190} INFO - [2026-09-22T16:56:06.057+0200] {dag.py:3239} INFO - Sync 1 DAGs
[2026-09-22T16:56:06.063+0200] {logging_mixin.py:190} INFO - [2026-09-22T16:56:06.063+0200] {dag.py:4180} INFO - Setting next_dagrun for tutorial_taskflow_templates to 2026-09-21 00:00:00+00:00, run_after=2026-09-22 00:00:00+00:00
[2026-09-22T16:56:06.068+0200] {processor.py:208} INFO - Processing /Users/swarnalidatta/Desktop/AutoQueryChatbot/.airflow-venv/lib/python3.12/site-packages/airflow/example_dags/tutorial_taskflow_templates.py took 0.074 seconds
[2026-09-22T16:57:14.675+0200] {processor.py:186} INFO - Started process (PID=55796) to work on /Users/swarnalidatta/Desktop/AutoQueryChatbot/.airflow-venv/lib/python3.12/site-packages/airflow/example_dags/tutorial_taskflow_templates.py
[2026-09-22T16:57:14.675+0200] {processor.py:914} INFO - Processing file /Users/swarnalidatta/Desktop/AutoQueryChatbot/.airflow-venv/lib/python3.12/site-packages/airflow/example_dags/tutorial_taskflow_templates.py for tasks to queue
[2026-09-22T16:57:14.676+0200] {logging_mixin.py:190} INFO - [2026-09-22T16:57:14.676+0200] {dagbag.py:588} INFO - Filling up the DagBag from /Users/swarnalidatta/Desktop/AutoQueryChatbot/.airflow-venv/lib/python3.12/site-packages/airflow/example_dags/tutorial_taskflow_templates.py
[2026-09-22T16:57:14.690+0200] {processor.py:925} INFO - DAG(s) 'tutorial_taskflow_templates' retrieved from /Users/swarnalidatta/Desktop/AutoQueryChatbot/.airflow-venv/lib/python3.12/site-packages/airflow/example_dags/tutorial_taskflow_templates.py
[2026-09-22T16:57:14.738+0200] {logging_mixin.py:190} INFO - [2026-09-22T16:57:14.738+0200] {dag.py:3239} INFO - Sync 1 DAGs
[2026-09-22T16:57:14.744+0200] {logging_mixin.py:190} INFO - [2026-09-22T16:57:14.744+0200] {dag.py:4180} INFO - Setting next_dagrun for tutorial_taskflow_templates to 2026-09-21 00:00:00+00:00, run_after=2026-09-22 00:00:00+00:00
[2026-09-22T16:57:14.749+0200] {processor.py:208} INFO - Processing /Users/swarnalidatta/Desktop/AutoQueryChatbot/.airflow-venv/lib/python3.12/site-packages/airflow/example_dags/tutorial_taskflow_templates.py took 0.075 seconds
[2026-09-22T16:58:22.887+0200] {processor.py:186} INFO - Started process (PID=55944) to work on /Users/swarnalidatta/Desktop/AutoQueryChatbot/.airflow-venv/lib/python3.12/site-packages/airflow/example_dags/tutorial_taskflow_templates.py
[2026-09-22T16:58:22.887+0200] {processor.py:914} INFO - Processing file /Users/swarnalidatta/Desktop/AutoQueryChatbot/.airflow-venv/lib/python3.12/site-packages/airflow/example_dags/tutorial_taskflow_templates.py for tasks to queue
[2026-09-22T16:58:22.888+0200] {logging_mixin.py:190} INFO - [2026-09-22T16:58:22.888+0200] {dagbag.py:588} INFO - Filling up the DagBag from /Users/swarnalidatta/Desktop/AutoQueryChatbot/.airflow-venv/lib/python3.12/site-packages/airflow/example_dags/tutorial_taskflow_templates.py
[2026-09-22T16:58:22.901+0200] {processor.py:925} INFO - DAG(s) 'tutorial_taskflow_templates' retrieved from /Users/swarnalidatta/Desktop/AutoQueryChatbot/.airflow-venv/lib/python3.12/site-packages/airflow/example_dags/tutorial_taskflow_templates.py
[2026-09-22T16:58:22.948+0200] {logging_mixin.py:190} INFO - [2026-09-22T16:58:22.948+0200] {dag.py:3239} INFO - Sync 1 DAGs
[2026-09-22T16:58:22.953+0200] {logging_mixin.py:190} INFO - [2026-09-22T16:58:22.953+0200] {dag.py:4180} INFO - Setting next_dagrun for tutorial_taskflow_templates to 2026-09-21 00:00:00+00:00, run_after=2026-09-22 00:00:00+00:00
[2026-09-22T16:58:22.958+0200] {processor.py:208} INFO - Processing /Users/swarnalidatta/Desktop/AutoQueryChatbot/.airflow-venv/lib/python3.12/site-packages/airflow/example_dags/tutorial_taskflow_templates.py took 0.073 seconds
[2026-09-22T16:59:32.948+0200] {processor.py:186} INFO - Started process (PID=56110) to work on /Users/swarnalidatta/Desktop/AutoQueryChatbot/.airflow-venv/lib/python3.12/site-packages/airflow/example_dags/tutorial_taskflow_templates.py
[2026-09-22T16:59:32.949+0200] {processor.py:914} INFO - Processing file /Users/swarnalidatta/Desktop/AutoQueryChatbot/.airflow-venv/lib/python3.12/site-packages/airflow/example_dags/tutorial_taskflow_templates.py for tasks to queue
[2026-09-22T16:59:32.949+0200] {logging_mixin.py:190} INFO - [2026-09-22T16:59:32.949+0200] {dagbag.py:588} INFO - Filling up the DagBag from /Users/swarnalidatta/Desktop/AutoQueryChatbot/.airflow-venv/lib/python3.12/site-packages/airflow/example_dags/tutorial_taskflow_templates.py
[2026-09-22T16:59:32.964+0200] {processor.py:925} INFO - DAG(s) 'tutorial_taskflow_templates' retrieved from /Users/swarnalidatta/Desktop/AutoQueryChatbot/.airflow-venv/lib/python3.12/site-packages/airflow/example_dags/tutorial_taskflow_templates.py
[2026-09-22T16:59:33.023+0200] {logging_mixin.py:190} INFO - [2026-09-22T16:59:33.022+0200] {dag.py:3239} INFO - Sync 1 DAGs
[2026-09-22T16:59:33.028+0200] {logging_mixin.py:190} INFO - [2026-09-22T16:59:33.028+0200] {dag.py:4180} INFO - Setting next_dagrun for tutorial_taskflow_templates to 2026-09-21 00:00:00+00:00, run_after=2026-09-22 00:00:00+00:00
[2026-09-22T16:59:33.033+0200] {processor.py:208} INFO - Processing /Users/swarnalidatta/Desktop/AutoQueryChatbot/.airflow-venv/lib/python3.12/site-packages/airflow/example_dags/tutorial_taskflow_templates.py took 0.086 seconds
