[2026-09-22T03:27:15.256+0200] {processor.py:186} INFO - Started process (PID=10794) to work on /Users/swarnalidatta/Desktop/AutoQueryChatbot/.airflow-venv/lib/python3.12/site-packages/airflow/example_dags/plugins/event_listener.py
[2026-09-22T03:27:15.256+0200] {processor.py:914} INFO - Processing file /Users/swarnalidatta/Desktop/AutoQueryChatbot/.airflow-venv/lib/python3.12/site-packages/airflow/example_dags/plugins/event_listener.py for tasks to queue
[2026-09-22T03:27:15.257+0200] {logging_mixin.py:190} INFO - [2026-09-22T03:27:15.257+0200] {dagbag.py:588} INFO - Filling up the DagBag from /Users/swarnalidatta/Desktop/AutoQueryChatbot/.airflow-venv/lib/python3.12/site-packages/airflow/example_dags/plugins/event_listener.py
[2026-09-22T03:27:15.257+0200] {processor.py:927} WARNING - No viable dags retrieved from /Users/swarnalidatta/Desktop/AutoQueryChatbot/.airflow-venv/lib/python3.12/site-packages/airflow/example_dags/plugins/event_listener.py
[2026-09-22T03:27:15.280+0200] {processor.py:208} INFO - Processing /Users/swarnalidatta/Desktop/AutoQueryChatbot/.airflow-venv/lib/python3.12/site-packages/airflow/example_dags/plugins/event_listener.py took 0.025 seconds
[2026-09-22T07:45:29.062+0200] {processor.py:186} INFO - Started process (PID=11485) to work on /Users/swarnalidatta/Desktop/AutoQueryChatbot/.airflow-venv/lib/python3.12/site-packages/airflow/example_dags/plugins/event_listener.py
[2026-09-22T07:45:29.062+0200] {processor.py:914} INFO - Processing file /Users/swarnalidatta/Desktop/AutoQueryChatbot/.airflow-venv/lib/python3.12/site-packages/airflow/example_dags/plugins/event_listener.py for tasks to queue
[2026-09-22T07:45:29.063+0200] {logging_mixin.py:190} INFO - [2026-09-22T07:45:29.063+0200] {dagbag.py:588} INFO - Filling up the DagBag from /Users/swarnalidatta/Desktop/AutoQueryChatbot/.airflow-venv/lib/python3.12/site-packages/airflow/example_dags/plugins/event_listener.py
[2026-09-22T07:45:29.063+0200] {processor.py:927} WARNING - No viable dags retrieved from /Users/swarnalidatta/Desktop/AutoQueryChatbot/.airflow-venv/lib/python3.12/site-packages/airflow/example_dags/plugins/event_listener.py
[2026-09-22T07:45:29.087+0200] {processor.py:208} INFO - Processing /Users/swarnalidatta/Desktop/AutoQueryChatbot/.airflow-venv/lib/python3.12/site-packages/airflow/example_dags/plugins/event_listener.py took 0.026 seconds
[2026-09-22T10:39:05.487+0200] {processor.py:186} INFO - Started process (PID=11774) to work on /Users/swarnalidatta/Desktop/AutoQueryChatbot/.airflow-venv/lib/python3.12/site-packages/airflow/example_dags/plugins/event_listener.py
[2026-09-22T10:39:05.488+0200] {processor.py:914} INFO - Processing file /Users/swarnalidatta/Desktop/AutoQueryChatbot/.airflow-venv/lib/python3.12/site-packages/airflow/example_dags/plugins/event_listener.py for tasks to queue
[2026-09-22T10:39:05.489+0200] {logging_mixin.py:190} INFO - [2026-09-22T10:39:05.489+0200] {dagbag.py:588} INFO - Filling up the DagBag from /Users/swarnalidatta/Desktop/AutoQueryChatbot/.airflow-venv/lib/python3.12/site-packages/airflow/example_dags/plugins/event_listener.py
[2026-09-22T10:39:05.489+0200] {processor.py:927} WARNING - No viable dags retrieved from /Users/swarnalidatta/Desktop/AutoQueryChatbot/.airflow-venv/lib/python3.12/site-packages/airflow/example_dags/plugins/event_listener.py
[2026-09-22T10:39:05.512+0200] {processor.py:208} INFO - Processing /Users/swarnalidatta/Desktop/AutoQueryChatbot/.airflow-venv/lib/python3.12/site-packages/airflow/example_dags/plugins/event_listener.py took 0.026 seconds
[2026-09-22T11:18:33.365+0200] {processor.py:186} INFO - Started process (PID=12000) to work on /Users/swarnalidatta/Desktop/AutoQueryChatbot/.airflow-venv/lib/python3.12/site-packages/airflow/example_dags/plugins/event_listener.py
[2026-09-22T11:18:33.365+0200] {processor.py:914} INFO - Processing file /Users/swarnalidatta/Desktop/AutoQueryChatbot/.airflow-venv/lib/python3.12/site-packages/airflow/example_dags/plugins/event_listener.py for tasks to queue
[2026-09-22T11:18:33.366+0200] {logging_mixin.py:190} INFO - [2026-09-22T11:18:33.365+0200] {dagbag.py:588} INFO - Filling up the DagBag from /Users/swarnalidatta/Desktop/AutoQueryChatbot/.airflow-venv/lib/python3.12/site-packages/airflow/example_dags/plugins/event_listener.py
[2026-09-22T11:18:33.366+0200] {processor.py:927} WARNING - No viable dags retrieved from /Users/swarnalidatta/Desktop/AutoQueryChatbot/.airflow-venv/lib/python3.12/site-packages/airflow/example_dags/plugins/event_listener.py
[2026-09-22T11:18:33.389+0200] {processor.py:208} INFO - Processing /Users/swarnalidatta/Desktop/AutoQueryChatbot/.airflow-venv/lib/python3.12/site-packages/airflow/example_dags/plugins/event_listener.py took 0.025 seconds
[2026-09-22T11:19:34.063+0200] {processor.py:186} INFO - Started process (PID=12137) to work on /Users/swarnalidatta/Desktop/AutoQueryChatbot/.airflow-venv/lib/python3.12/site-packages/airflow/example_dags/plugins/event_listener.py
[2026-09-22T11:19:34.063+0200] {processor.py:914} INFO - Processing file /Users/swarnalidatta/Desktop/AutoQueryChatbot/.airflow-venv/lib/python3.12/site-packages/airflow/example_dags/plugins/event_listener.py for tasks to queue
[2026-09-22T11:19:34.063+0200] {logging_mixin.py:190} INFO - [2026-09-22T11:19:34.063+0200] {dagbag.py:588} INFO - Filling up the DagBag from /Users/swarnalidatta/Desktop/AutoQueryChatbot/.airflow-venv/lib/python3.12/site-packages/airflow/example_dags/plugins/event_listener.py
[2026-09-22T11:19:34.064+0200] {processor.py:927} WARNING - No viable dags retrieved from /Users/swarnalidatta/Desktop/AutoQueryChatbot/.airflow-venv/lib/python3.12/site-packages/airflow/example_dags/plugins/event_listener.py
[2026-09-22T11:19:34.087+0200] {processor.py:208} INFO - Processing /Users/swarnalidatta/Desktop/AutoQueryChatbot/.airflow-venv/lib/python3.12/site-packages/airflow/example_dags/plugins/event_listener.py took 0.025 seconds
[2026-09-22T11:37:25.837+0200] {processor.py:186} INFO - Started process (PID=12280) to work on /Users/swarnalidatta/Desktop/AutoQueryChatbot/.airflow-venv/lib/python3.12/site-packages/airflow/example_dags/plugins/event_listener.py
[2026-09-22T11:37:25.837+0200] {processor.py:914} INFO - Processing file /Users/swarnalidatta/Desktop/AutoQueryChatbot/.airflow-venv/lib/python3.12/site-packages/airflow/example_dags/plugins/event_listener.py for tasks to queue
[2026-09-22T11:37:25.837+0200] {logging_mixin.py:190} INFO - [2026-09-22T11:37:25.837+0200] {dagbag.py:588} INFO - Filling up the DagBag from /Users/swarnalidatta/Desktop/AutoQueryChatbot/.airflow-venv/lib/python3.12/site-packages/airflow/example_dags/plugins/event_listener.py
[2026-09-22T11:37:25.838+0200] {processor.py:927} WARNING - No viable dags retrieved from /Users/swarnalidatta/Desktop/AutoQueryChatbot/.airflow-venv/lib/python3.12/site-packages/airflow/example_dags/plugins/event_listener.py
[2026-09-22T11:37:25.861+0200] {processor.py:208} INFO - Processing /Users/swarnalidatta/Desktop/AutoQueryChatbot/.airflow-venv/lib/python3.12/site-packages/airflow/example_dags/plugins/event_listener.py took 0.026 seconds
[2026-09-22T12:35:27.962+0200] {processor.py:186} INFO - Started process (PID=12459) to work on /Users/swarnalidatta/Desktop/AutoQueryChatbot/.airflow-venv/lib/python3.12/site-packages/airflow/example_dags/plugins/event_listener.py
[2026-09-22T12:35:27.963+0200] {processor.py:914} INFO - Processing file /Users/swarnalidatta/Desktop/AutoQueryChatbot/.airflow-venv/lib/python3.12/site-packages/airflow/example_dags/plugins/event_listener.py for tasks to queue
[2026-09-22T12:35:27.963+0200] {logging_mixin.py:190} INFO - [2026-09-22T12:35:27.963+0200] {dagbag.py:588} INFO - Filling up the DagBag from /Users/swarnalidatta/Desktop/AutoQueryChatbot/.airflow-venv/lib/python3.12/site-packages/airflow/example_dags/plugins/event_listener.py
[2026-09-22T12:35:27.963+0200] {processor.py:927} WARNING - No viable dags retrieved from /Users/swarnalidatta/Desktop/AutoQueryChatbot/.airflow-venv/lib/python3.12/site-packages/airflow/example_dags/plugins/event_listener.py
[2026-09-22T12:35:27.986+0200] {processor.py:208} INFO - Processing /Users/swarnalidatta/Desktop/AutoQueryChatbot/.airflow-venv/lib/python3.12/site-packages/airflow/example_dags/plugins/event_listener.py took 0.025 seconds
[2026-09-22T12:36:32.414+0200] {processor.py:186} INFO - Started process (PID=12606) to work on /Users/swarnalidatta/Desktop/AutoQueryChatbot/.airflow-venv/lib/python3.12/site-packages/airflow/example_dags/plugins/event_listener.py
[2026-09-22T12:36:32.415+0200] {processor.py:914} INFO - Processing file /Users/swarnalidatta/Desktop/AutoQueryChatbot/.airflow-venv/lib/python3.12/site-packages/airflow/example_dags/plugins/event_listener.py for tasks to queue
[2026-09-22T12:36:32.415+0200] {logging_mixin.py:190} INFO - [2026-09-22T12:36:32.415+0200] {dagbag.py:588} INFO - Filling up the DagBag from /Users/swarnalidatta/Desktop/AutoQueryChatbot/.airflow-venv/lib/python3.12/site-packages/airflow/example_dags/plugins/event_listener.py
[2026-09-22T12:36:32.416+0200] {processor.py:927} WARNING - No viable dags retrieved from /Users/swarnalidatta/Desktop/AutoQueryChatbot/.airflow-venv/lib/python3.12/site-packages/airflow/example_dags/plugins/event_listener.py
[2026-09-22T12:36:32.438+0200] {processor.py:208} INFO - Processing /Users/swarnalidatta/Desktop/AutoQueryChatbot/.airflow-venv/lib/python3.12/site-packages/airflow/example_dags/plugins/event_listener.py took 0.025 seconds
[2026-09-22T12:37:37.900+0200] {processor.py:186} INFO - Started process (PID=13145) to work on /Users/swarnalidatta/Desktop/AutoQueryChatbot/.airflow-venv/lib/python3.12/site-packages/airflow/example_dags/plugins/event_listener.py
[2026-09-22T12:37:37.901+0200] {processor.py:914} INFO - Processing file /Users/swarnalidatta/Desktop/AutoQueryChatbot/.airflow-venv/lib/python3.12/site-packages/airflow/example_dags/plugins/event_listener.py for tasks to queue
[2026-09-22T12:37:37.901+0200] {logging_mixin.py:190} INFO - [2026-09-22T12:37:37.901+0200] {dagbag.py:588} INFO - Filling up the DagBag from /Users/swarnalidatta/Desktop/AutoQueryChatbot/.airflow-venv/lib/python3.12/site-packages/airflow/example_dags/plugins/event_listener.py
[2026-09-22T12:37:37.902+0200] {processor.py:927} WARNING - No viable dags retrieved from /Users/swarnalidatta/Desktop/AutoQueryChatbot/.airflow-venv/lib/python3.12/site-packages/airflow/example_dags/plugins/event_listener.py
[2026-09-22T12:37:37.925+0200] {processor.py:208} INFO - Processing /Users/swarnalidatta/Desktop/AutoQueryChatbot/.airflow-venv/lib/python3.12/site-packages/airflow/example_dags/plugins/event_listener.py took 0.025 seconds
[2026-09-22T12:38:44.032+0200] {processor.py:186} INFO - Started process (PID=13295) to work on /Users/swarnalidatta/Desktop/AutoQueryChatbot/.airflow-venv/lib/python3.12/site-packages/airflow/example_dags/plugins/event_listener.py
[2026-09-22T12:38:44.032+0200] {processor.py:914} INFO - Processing file /Users/swarnalidatta/Desktop/AutoQueryChatbot/.airflow-venv/lib/python3.12/site-packages/airflow/example_dags/plugins/event_listener.py for tasks to queue
[2026-09-22T12:38:44.033+0200] {logging_mixin.py:190} INFO - [2026-09-22T12:38:44.033+0200] {dagbag.py:588} INFO - Filling up the DagBag from /Users/swarnalidatta/Desktop/AutoQueryChatbot/.airflow-venv/lib/python3.12/site-packages/airflow/example_dags/plugins/event_listener.py
[2026-09-22T12:38:44.033+0200] {processor.py:927} WARNING - No viable dags retrieved from /Users/swarnalidatta/Desktop/AutoQueryChatbot/.airflow-venv/lib/python3.12/site-packages/airflow/example_dags/plugins/event_listener.py
[2026-09-22T12:38:44.056+0200] {processor.py:208} INFO - Processing /Users/swarnalidatta/Desktop/AutoQueryChatbot/.airflow-venv/lib/python3.12/site-packages/airflow/example_dags/plugins/event_listener.py took 0.025 seconds
[2026-09-22T12:39:48.764+0200] {processor.py:186} INFO - Started process (PID=13451) to work on /Users/swarnalidatta/Desktop/AutoQueryChatbot/.airflow-venv/lib/python3.12/site-packages/airflow/example_dags/plugins/event_listener.py
[2026-09-22T12:39:48.765+0200] {processor.py:914} INFO - Processing file /Users/swarnalidatta/Desktop/AutoQueryChatbot/.airflow-venv/lib/python3.12/site-packages/airflow/example_dags/plugins/event_listener.py for tasks to queue
[2026-09-22T12:39:48.766+0200] {logging_mixin.py:190} INFO - [2026-09-22T12:39:48.766+0200] {dagbag.py:588} INFO - Filling up the DagBag from /Users/swarnalidatta/Desktop/AutoQueryChatbot/.airflow-venv/lib/python3.12/site-packages/airflow/example_dags/plugins/event_listener.py
[2026-09-22T12:39:48.766+0200] {processor.py:927} WARNING - No viable dags retrieved from /Users/swarnalidatta/Desktop/AutoQueryChatbot/.airflow-venv/lib/python3.12/site-packages/airflow/example_dags/plugins/event_listener.py
[2026-09-22T12:39:48.790+0200] {processor.py:208} INFO - Processing /Users/swarnalidatta/Desktop/AutoQueryChatbot/.airflow-venv/lib/python3.12/site-packages/airflow/example_dags/plugins/event_listener.py took 0.027 seconds
[2026-09-22T12:40:51.960+0200] {processor.py:186} INFO - Started process (PID=13797) to work on /Users/swarnalidatta/Desktop/AutoQueryChatbot/.airflow-venv/lib/python3.12/site-packages/airflow/example_dags/plugins/event_listener.py
[2026-09-22T12:40:51.960+0200] {processor.py:914} INFO - Processing file /Users/swarnalidatta/Desktop/AutoQueryChatbot/.airflow-venv/lib/python3.12/site-packages/airflow/example_dags/plugins/event_listener.py for tasks to queue
[2026-09-22T12:40:51.961+0200] {logging_mixin.py:190} INFO - [2026-09-22T12:40:51.961+0200] {dagbag.py:588} INFO - Filling up the DagBag from /Users/swarnalidatta/Desktop/AutoQueryChatbot/.airflow-venv/lib/python3.12/site-packages/airflow/example_dags/plugins/event_listener.py
[2026-09-22T12:40:51.961+0200] {processor.py:927} WARNING - No viable dags retrieved from /Users/swarnalidatta/Desktop/AutoQueryChatbot/.airflow-venv/lib/python3.12/site-packages/airflow/example_dags/plugins/event_listener.py
[2026-09-22T12:40:51.985+0200] {processor.py:208} INFO - Processing /Users/swarnalidatta/Desktop/AutoQueryChatbot/.airflow-venv/lib/python3.12/site-packages/airflow/example_dags/plugins/event_listener.py took 0.026 seconds
[2026-09-22T12:41:58.276+0200] {processor.py:186} INFO - Started process (PID=13951) to work on /Users/swarnalidatta/Desktop/AutoQueryChatbot/.airflow-venv/lib/python3.12/site-packages/airflow/example_dags/plugins/event_listener.py
[2026-09-22T12:41:58.277+0200] {processor.py:914} INFO - Processing file /Users/swarnalidatta/Desktop/AutoQueryChatbot/.airflow-venv/lib/python3.12/site-packages/airflow/example_dags/plugins/event_listener.py for tasks to queue
[2026-09-22T12:41:58.277+0200] {logging_mixin.py:190} INFO - [2026-09-22T12:41:58.277+0200] {dagbag.py:588} INFO - Filling up the DagBag from /Users/swarnalidatta/Desktop/AutoQueryChatbot/.airflow-venv/lib/python3.12/site-packages/airflow/example_dags/plugins/event_listener.py
[2026-09-22T12:41:58.277+0200] {processor.py:927} WARNING - No viable dags retrieved from /Users/swarnalidatta/Desktop/AutoQueryChatbot/.airflow-venv/lib/python3.12/site-packages/airflow/example_dags/plugins/event_listener.py
[2026-09-22T12:41:58.301+0200] {processor.py:208} INFO - Processing /Users/swarnalidatta/Desktop/AutoQueryChatbot/.airflow-venv/lib/python3.12/site-packages/airflow/example_dags/plugins/event_listener.py took 0.026 seconds
[2026-09-22T12:43:07.574+0200] {processor.py:186} INFO - Started process (PID=14307) to work on /Users/swarnalidatta/Desktop/AutoQueryChatbot/.airflow-venv/lib/python3.12/site-packages/airflow/example_dags/plugins/event_listener.py
[2026-09-22T12:43:07.574+0200] {processor.py:914} INFO - Processing file /Users/swarnalidatta/Desktop/AutoQueryChatbot/.airflow-venv/lib/python3.12/site-packages/airflow/example_dags/plugins/event_listener.py for tasks to queue
[2026-09-22T12:43:07.575+0200] {logging_mixin.py:190} INFO - [2026-09-22T12:43:07.574+0200] {dagbag.py:588} INFO - Filling up the DagBag from /Users/swarnalidatta/Desktop/AutoQueryChatbot/.airflow-venv/lib/python3.12/site-packages/airflow/example_dags/plugins/event_listener.py
[2026-09-22T12:43:07.575+0200] {processor.py:927} WARNING - No viable dags retrieved from /Users/swarnalidatta/Desktop/AutoQueryChatbot/.airflow-venv/lib/python3.12/site-packages/airflow/example_dags/plugins/event_listener.py
[2026-09-22T12:43:07.599+0200] {processor.py:208} INFO - Processing /Users/swarnalidatta/Desktop/AutoQueryChatbot/.airflow-venv/lib/python3.12/site-packages/airflow/example_dags/plugins/event_listener.py took 0.026 seconds
[2026-09-22T12:44:13.955+0200] {processor.py:186} INFO - Started process (PID=14461) to work on /Users/swarnalidatta/Desktop/AutoQueryChatbot/.airflow-venv/lib/python3.12/site-packages/airflow/example_dags/plugins/event_listener.py
[2026-09-22T12:44:13.955+0200] {processor.py:914} INFO - Processing file /Users/swarnalidatta/Desktop/AutoQueryChatbot/.airflow-venv/lib/python3.12/site-packages/airflow/example_dags/plugins/event_listener.py for tasks to queue
[2026-09-22T12:44:13.956+0200] {logging_mixin.py:190} INFO - [2026-09-22T12:44:13.956+0200] {dagbag.py:588} INFO - Filling up the DagBag from /Users/swarnalidatta/Desktop/AutoQueryChatbot/.airflow-venv/lib/python3.12/site-packages/airflow/example_dags/plugins/event_listener.py
[2026-09-22T12:44:13.956+0200] {processor.py:927} WARNING - No viable dags retrieved from /Users/swarnalidatta/Desktop/AutoQueryChatbot/.airflow-venv/lib/python3.12/site-packages/airflow/example_dags/plugins/event_listener.py
[2026-09-22T12:44:13.980+0200] {processor.py:208} INFO - Processing /Users/swarnalidatta/Desktop/AutoQueryChatbot/.airflow-venv/lib/python3.12/site-packages/airflow/example_dags/plugins/event_listener.py took 0.026 seconds
[2026-09-22T12:45:19.704+0200] {processor.py:186} INFO - Started process (PID=14613) to work on /Users/swarnalidatta/Desktop/AutoQueryChatbot/.airflow-venv/lib/python3.12/site-packages/airflow/example_dags/plugins/event_listener.py
[2026-09-22T12:45:19.705+0200] {processor.py:914} INFO - Processing file /Users/swarnalidatta/Desktop/AutoQueryChatbot/.airflow-venv/lib/python3.12/site-packages/airflow/example_dags/plugins/event_listener.py for tasks to queue
[2026-09-22T12:45:19.705+0200] {logging_mixin.py:190} INFO - [2026-09-22T12:45:19.705+0200] {dagbag.py:588} INFO - Filling up the DagBag from /Users/swarnalidatta/Desktop/AutoQueryChatbot/.airflow-venv/lib/python3.12/site-packages/airflow/example_dags/plugins/event_listener.py
[2026-09-22T12:45:19.705+0200] {processor.py:927} WARNING - No viable dags retrieved from /Users/swarnalidatta/Desktop/AutoQueryChatbot/.airflow-venv/lib/python3.12/site-packages/airflow/example_dags/plugins/event_listener.py
[2026-09-22T12:45:19.729+0200] {processor.py:208} INFO - Processing /Users/swarnalidatta/Desktop/AutoQueryChatbot/.airflow-venv/lib/python3.12/site-packages/airflow/example_dags/plugins/event_listener.py took 0.026 seconds
[2026-09-22T12:46:25.847+0200] {processor.py:186} INFO - Started process (PID=14759) to work on /Users/swarnalidatta/Desktop/AutoQueryChatbot/.airflow-venv/lib/python3.12/site-packages/airflow/example_dags/plugins/event_listener.py
[2026-09-22T12:46:25.847+0200] {processor.py:914} INFO - Processing file /Users/swarnalidatta/Desktop/AutoQueryChatbot/.airflow-venv/lib/python3.12/site-packages/airflow/example_dags/plugins/event_listener.py for tasks to queue
[2026-09-22T12:46:25.848+0200] {logging_mixin.py:190} INFO - [2026-09-22T12:46:25.848+0200] {dagbag.py:588} INFO - Filling up the DagBag from /Users/swarnalidatta/Desktop/AutoQueryChatbot/.airflow-venv/lib/python3.12/site-packages/airflow/example_dags/plugins/event_listener.py
[2026-09-22T12:46:25.848+0200] {processor.py:927} WARNING - No viable dags retrieved from /Users/swarnalidatta/Desktop/AutoQueryChatbot/.airflow-venv/lib/python3.12/site-packages/airflow/example_dags/plugins/event_listener.py
[2026-09-22T12:46:25.871+0200] {processor.py:208} INFO - Processing /Users/swarnalidatta/Desktop/AutoQueryChatbot/.airflow-venv/lib/python3.12/site-packages/airflow/example_dags/plugins/event_listener.py took 0.025 seconds
[2026-09-22T12:47:32.191+0200] {processor.py:186} INFO - Started process (PID=14906) to work on /Users/swarnalidatta/Desktop/AutoQueryChatbot/.airflow-venv/lib/python3.12/site-packages/airflow/example_dags/plugins/event_listener.py
[2026-09-22T12:47:32.191+0200] {processor.py:914} INFO - Processing file /Users/swarnalidatta/Desktop/AutoQueryChatbot/.airflow-venv/lib/python3.12/site-packages/airflow/example_dags/plugins/event_listener.py for tasks to queue
[2026-09-22T12:47:32.191+0200] {logging_mixin.py:190} INFO - [2026-09-22T12:47:32.191+0200] {dagbag.py:588} INFO - Filling up the DagBag from /Users/swarnalidatta/Desktop/AutoQueryChatbot/.airflow-venv/lib/python3.12/site-packages/airflow/example_dags/plugins/event_listener.py
[2026-09-22T12:47:32.192+0200] {processor.py:927} WARNING - No viable dags retrieved from /Users/swarnalidatta/Desktop/AutoQueryChatbot/.airflow-venv/lib/python3.12/site-packages/airflow/example_dags/plugins/event_listener.py
[2026-09-22T12:47:32.216+0200] {processor.py:208} INFO - Processing /Users/swarnalidatta/Desktop/AutoQueryChatbot/.airflow-venv/lib/python3.12/site-packages/airflow/example_dags/plugins/event_listener.py took 0.026 seconds
[2026-09-22T12:48:36.851+0200] {processor.py:186} INFO - Started process (PID=15060) to work on /Users/swarnalidatta/Desktop/AutoQueryChatbot/.airflow-venv/lib/python3.12/site-packages/airflow/example_dags/plugins/event_listener.py
[2026-09-22T12:48:36.851+0200] {processor.py:914} INFO - Processing file /Users/swarnalidatta/Desktop/AutoQueryChatbot/.airflow-venv/lib/python3.12/site-packages/airflow/example_dags/plugins/event_listener.py for tasks to queue
[2026-09-22T12:48:36.851+0200] {logging_mixin.py:190} INFO - [2026-09-22T12:48:36.851+0200] {dagbag.py:588} INFO - Filling up the DagBag from /Users/swarnalidatta/Desktop/AutoQueryChatbot/.airflow-venv/lib/python3.12/site-packages/airflow/example_dags/plugins/event_listener.py
[2026-09-22T12:48:36.852+0200] {processor.py:927} WARNING - No viable dags retrieved from /Users/swarnalidatta/Desktop/AutoQueryChatbot/.airflow-venv/lib/python3.12/site-packages/airflow/example_dags/plugins/event_listener.py
[2026-09-22T12:48:36.876+0200] {processor.py:208} INFO - Processing /Users/swarnalidatta/Desktop/AutoQueryChatbot/.airflow-venv/lib/python3.12/site-packages/airflow/example_dags/plugins/event_listener.py took 0.026 seconds
[2026-09-22T12:49:41.939+0200] {processor.py:186} INFO - Started process (PID=15215) to work on /Users/swarnalidatta/Desktop/AutoQueryChatbot/.airflow-venv/lib/python3.12/site-packages/airflow/example_dags/plugins/event_listener.py
[2026-09-22T12:49:41.940+0200] {processor.py:914} INFO - Processing file /Users/swarnalidatta/Desktop/AutoQueryChatbot/.airflow-venv/lib/python3.12/site-packages/airflow/example_dags/plugins/event_listener.py for tasks to queue
[2026-09-22T12:49:41.940+0200] {logging_mixin.py:190} INFO - [2026-09-22T12:49:41.940+0200] {dagbag.py:588} INFO - Filling up the DagBag from /Users/swarnalidatta/Desktop/AutoQueryChatbot/.airflow-venv/lib/python3.12/site-packages/airflow/example_dags/plugins/event_listener.py
[2026-09-22T12:49:41.941+0200] {processor.py:927} WARNING - No viable dags retrieved from /Users/swarnalidatta/Desktop/AutoQueryChatbot/.airflow-venv/lib/python3.12/site-packages/airflow/example_dags/plugins/event_listener.py
[2026-09-22T12:49:41.966+0200] {processor.py:208} INFO - Processing /Users/swarnalidatta/Desktop/AutoQueryChatbot/.airflow-venv/lib/python3.12/site-packages/airflow/example_dags/plugins/event_listener.py took 0.027 seconds
[2026-09-22T12:50:45.009+0200] {processor.py:186} INFO - Started process (PID=15359) to work on /Users/swarnalidatta/Desktop/AutoQueryChatbot/.airflow-venv/lib/python3.12/site-packages/airflow/example_dags/plugins/event_listener.py
[2026-09-22T12:50:45.009+0200] {processor.py:914} INFO - Processing file /Users/swarnalidatta/Desktop/AutoQueryChatbot/.airflow-venv/lib/python3.12/site-packages/airflow/example_dags/plugins/event_listener.py for tasks to queue
[2026-09-22T12:50:45.010+0200] {logging_mixin.py:190} INFO - [2026-09-22T12:50:45.010+0200] {dagbag.py:588} INFO - Filling up the DagBag from /Users/swarnalidatta/Desktop/AutoQueryChatbot/.airflow-venv/lib/python3.12/site-packages/airflow/example_dags/plugins/event_listener.py
[2026-09-22T12:50:45.010+0200] {processor.py:927} WARNING - No viable dags retrieved from /Users/swarnalidatta/Desktop/AutoQueryChatbot/.airflow-venv/lib/python3.12/site-packages/airflow/example_dags/plugins/event_listener.py
[2026-09-22T12:50:45.034+0200] {processor.py:208} INFO - Processing /Users/swarnalidatta/Desktop/AutoQueryChatbot/.airflow-venv/lib/python3.12/site-packages/airflow/example_dags/plugins/event_listener.py took 0.026 seconds
[2026-09-22T12:51:49.055+0200] {processor.py:186} INFO - Started process (PID=15531) to work on /Users/swarnalidatta/Desktop/AutoQueryChatbot/.airflow-venv/lib/python3.12/site-packages/airflow/example_dags/plugins/event_listener.py
[2026-09-22T12:51:49.055+0200] {processor.py:914} INFO - Processing file /Users/swarnalidatta/Desktop/AutoQueryChatbot/.airflow-venv/lib/python3.12/site-packages/airflow/example_dags/plugins/event_listener.py for tasks to queue
[2026-09-22T12:51:49.056+0200] {logging_mixin.py:190} INFO - [2026-09-22T12:51:49.056+0200] {dagbag.py:588} INFO - Filling up the DagBag from /Users/swarnalidatta/Desktop/AutoQueryChatbot/.airflow-venv/lib/python3.12/site-packages/airflow/example_dags/plugins/event_listener.py
[2026-09-22T12:51:49.056+0200] {processor.py:927} WARNING - No viable dags retrieved from /Users/swarnalidatta/Desktop/AutoQueryChatbot/.airflow-venv/lib/python3.12/site-packages/airflow/example_dags/plugins/event_listener.py
[2026-09-22T12:51:49.080+0200] {processor.py:208} INFO - Processing /Users/swarnalidatta/Desktop/AutoQueryChatbot/.airflow-venv/lib/python3.12/site-packages/airflow/example_dags/plugins/event_listener.py took 0.026 seconds
[2026-09-22T12:52:53.754+0200] {processor.py:186} INFO - Started process (PID=15708) to work on /Users/swarnalidatta/Desktop/AutoQueryChatbot/.airflow-venv/lib/python3.12/site-packages/airflow/example_dags/plugins/event_listener.py
[2026-09-22T12:52:53.755+0200] {processor.py:914} INFO - Processing file /Users/swarnalidatta/Desktop/AutoQueryChatbot/.airflow-venv/lib/python3.12/site-packages/airflow/example_dags/plugins/event_listener.py for tasks to queue
[2026-09-22T12:52:53.755+0200] {logging_mixin.py:190} INFO - [2026-09-22T12:52:53.755+0200] {dagbag.py:588} INFO - Filling up the DagBag from /Users/swarnalidatta/Desktop/AutoQueryChatbot/.airflow-venv/lib/python3.12/site-packages/airflow/example_dags/plugins/event_listener.py
[2026-09-22T12:52:53.756+0200] {processor.py:927} WARNING - No viable dags retrieved from /Users/swarnalidatta/Desktop/AutoQueryChatbot/.airflow-venv/lib/python3.12/site-packages/airflow/example_dags/plugins/event_listener.py
[2026-09-22T12:52:53.779+0200] {processor.py:208} INFO - Processing /Users/swarnalidatta/Desktop/AutoQueryChatbot/.airflow-venv/lib/python3.12/site-packages/airflow/example_dags/plugins/event_listener.py took 0.026 seconds
[2026-09-22T12:54:02.458+0200] {processor.py:186} INFO - Started process (PID=15868) to work on /Users/swarnalidatta/Desktop/AutoQueryChatbot/.airflow-venv/lib/python3.12/site-packages/airflow/example_dags/plugins/event_listener.py
[2026-09-22T12:54:02.458+0200] {processor.py:914} INFO - Processing file /Users/swarnalidatta/Desktop/AutoQueryChatbot/.airflow-venv/lib/python3.12/site-packages/airflow/example_dags/plugins/event_listener.py for tasks to queue
[2026-09-22T12:54:02.459+0200] {logging_mixin.py:190} INFO - [2026-09-22T12:54:02.459+0200] {dagbag.py:588} INFO - Filling up the DagBag from /Users/swarnalidatta/Desktop/AutoQueryChatbot/.airflow-venv/lib/python3.12/site-packages/airflow/example_dags/plugins/event_listener.py
[2026-09-22T12:54:02.459+0200] {processor.py:927} WARNING - No viable dags retrieved from /Users/swarnalidatta/Desktop/AutoQueryChatbot/.airflow-venv/lib/python3.12/site-packages/airflow/example_dags/plugins/event_listener.py
[2026-09-22T12:54:02.483+0200] {processor.py:208} INFO - Processing /Users/swarnalidatta/Desktop/AutoQueryChatbot/.airflow-venv/lib/python3.12/site-packages/airflow/example_dags/plugins/event_listener.py took 0.027 seconds
[2026-09-22T12:55:09.038+0200] {processor.py:186} INFO - Started process (PID=16025) to work on /Users/swarnalidatta/Desktop/AutoQueryChatbot/.airflow-venv/lib/python3.12/site-packages/airflow/example_dags/plugins/event_listener.py
[2026-09-22T12:55:09.038+0200] {processor.py:914} INFO - Processing file /Users/swarnalidatta/Desktop/AutoQueryChatbot/.airflow-venv/lib/python3.12/site-packages/airflow/example_dags/plugins/event_listener.py for tasks to queue
[2026-09-22T12:55:09.039+0200] {logging_mixin.py:190} INFO - [2026-09-22T12:55:09.039+0200] {dagbag.py:588} INFO - Filling up the DagBag from /Users/swarnalidatta/Desktop/AutoQueryChatbot/.airflow-venv/lib/python3.12/site-packages/airflow/example_dags/plugins/event_listener.py
[2026-09-22T12:55:09.039+0200] {processor.py:927} WARNING - No viable dags retrieved from /Users/swarnalidatta/Desktop/AutoQueryChatbot/.airflow-venv/lib/python3.12/site-packages/airflow/example_dags/plugins/event_listener.py
[2026-09-22T12:55:09.063+0200] {processor.py:208} INFO - Processing /Users/swarnalidatta/Desktop/AutoQueryChatbot/.airflow-venv/lib/python3.12/site-packages/airflow/example_dags/plugins/event_listener.py took 0.026 seconds
[2026-09-22T12:56:13.886+0200] {processor.py:186} INFO - Started process (PID=16180) to work on /Users/swarnalidatta/Desktop/AutoQueryChatbot/.airflow-venv/lib/python3.12/site-packages/airflow/example_dags/plugins/event_listener.py
[2026-09-22T12:56:13.886+0200] {processor.py:914} INFO - Processing file /Users/swarnalidatta/Desktop/AutoQueryChatbot/.airflow-venv/lib/python3.12/site-packages/airflow/example_dags/plugins/event_listener.py for tasks to queue
[2026-09-22T12:56:13.886+0200] {logging_mixin.py:190} INFO - [2026-09-22T12:56:13.886+0200] {dagbag.py:588} INFO - Filling up the DagBag from /Users/swarnalidatta/Desktop/AutoQueryChatbot/.airflow-venv/lib/python3.12/site-packages/airflow/example_dags/plugins/event_listener.py
[2026-09-22T12:56:13.887+0200] {processor.py:927} WARNING - No viable dags retrieved from /Users/swarnalidatta/Desktop/AutoQueryChatbot/.airflow-venv/lib/python3.12/site-packages/airflow/example_dags/plugins/event_listener.py
[2026-09-22T12:56:13.912+0200] {processor.py:208} INFO - Processing /Users/swarnalidatta/Desktop/AutoQueryChatbot/.airflow-venv/lib/python3.12/site-packages/airflow/example_dags/plugins/event_listener.py took 0.027 seconds
[2026-09-22T12:57:18.934+0200] {processor.py:186} INFO - Started process (PID=16349) to work on /Users/swarnalidatta/Desktop/AutoQueryChatbot/.airflow-venv/lib/python3.12/site-packages/airflow/example_dags/plugins/event_listener.py
[2026-09-22T12:57:18.934+0200] {processor.py:914} INFO - Processing file /Users/swarnalidatta/Desktop/AutoQueryChatbot/.airflow-venv/lib/python3.12/site-packages/airflow/example_dags/plugins/event_listener.py for tasks to queue
[2026-09-22T12:57:18.935+0200] {logging_mixin.py:190} INFO - [2026-09-22T12:57:18.935+0200] {dagbag.py:588} INFO - Filling up the DagBag from /Users/swarnalidatta/Desktop/AutoQueryChatbot/.airflow-venv/lib/python3.12/site-packages/airflow/example_dags/plugins/event_listener.py
[2026-09-22T12:57:18.935+0200] {processor.py:927} WARNING - No viable dags retrieved from /Users/swarnalidatta/Desktop/AutoQueryChatbot/.airflow-venv/lib/python3.12/site-packages/airflow/example_dags/plugins/event_listener.py
[2026-09-22T12:57:18.959+0200] {processor.py:208} INFO - Processing /Users/swarnalidatta/Desktop/AutoQueryChatbot/.airflow-venv/lib/python3.12/site-packages/airflow/example_dags/plugins/event_listener.py took 0.026 seconds
[2026-09-22T12:58:24.059+0200] {processor.py:186} INFO - Started process (PID=16538) to work on /Users/swarnalidatta/Desktop/AutoQueryChatbot/.airflow-venv/lib/python3.12/site-packages/airflow/example_dags/plugins/event_listener.py
[2026-09-22T12:58:24.059+0200] {processor.py:914} INFO - Processing file /Users/swarnalidatta/Desktop/AutoQueryChatbot/.airflow-venv/lib/python3.12/site-packages/airflow/example_dags/plugins/event_listener.py for tasks to queue
[2026-09-22T12:58:24.059+0200] {logging_mixin.py:190} INFO - [2026-09-22T12:58:24.059+0200] {dagbag.py:588} INFO - Filling up the DagBag from /Users/swarnalidatta/Desktop/AutoQueryChatbot/.airflow-venv/lib/python3.12/site-packages/airflow/example_dags/plugins/event_listener.py
[2026-09-22T12:58:24.060+0200] {processor.py:927} WARNING - No viable dags retrieved from /Users/swarnalidatta/Desktop/AutoQueryChatbot/.airflow-venv/lib/python3.12/site-packages/airflow/example_dags/plugins/event_listener.py
[2026-09-22T12:58:24.084+0200] {processor.py:208} INFO - Processing /Users/swarnalidatta/Desktop/AutoQueryChatbot/.airflow-venv/lib/python3.12/site-packages/airflow/example_dags/plugins/event_listener.py took 0.026 seconds
[2026-09-22T12:59:31.901+0200] {processor.py:186} INFO - Started process (PID=16691) to work on /Users/swarnalidatta/Desktop/AutoQueryChatbot/.airflow-venv/lib/python3.12/site-packages/airflow/example_dags/plugins/event_listener.py
[2026-09-22T12:59:31.901+0200] {processor.py:914} INFO - Processing file /Users/swarnalidatta/Desktop/AutoQueryChatbot/.airflow-venv/lib/python3.12/site-packages/airflow/example_dags/plugins/event_listener.py for tasks to queue
[2026-09-22T12:59:31.902+0200] {logging_mixin.py:190} INFO - [2026-09-22T12:59:31.902+0200] {dagbag.py:588} INFO - Filling up the DagBag from /Users/swarnalidatta/Desktop/AutoQueryChatbot/.airflow-venv/lib/python3.12/site-packages/airflow/example_dags/plugins/event_listener.py
[2026-09-22T12:59:31.902+0200] {processor.py:927} WARNING - No viable dags retrieved from /Users/swarnalidatta/Desktop/AutoQueryChatbot/.airflow-venv/lib/python3.12/site-packages/airflow/example_dags/plugins/event_listener.py
[2026-09-22T12:59:31.926+0200] {processor.py:208} INFO - Processing /Users/swarnalidatta/Desktop/AutoQueryChatbot/.airflow-venv/lib/python3.12/site-packages/airflow/example_dags/plugins/event_listener.py took 0.026 seconds
[2026-09-22T13:00:37.266+0200] {processor.py:186} INFO - Started process (PID=16843) to work on /Users/swarnalidatta/Desktop/AutoQueryChatbot/.airflow-venv/lib/python3.12/site-packages/airflow/example_dags/plugins/event_listener.py
[2026-09-22T13:00:37.266+0200] {processor.py:914} INFO - Processing file /Users/swarnalidatta/Desktop/AutoQueryChatbot/.airflow-venv/lib/python3.12/site-packages/airflow/example_dags/plugins/event_listener.py for tasks to queue
[2026-09-22T13:00:37.267+0200] {logging_mixin.py:190} INFO - [2026-09-22T13:00:37.267+0200] {dagbag.py:588} INFO - Filling up the DagBag from /Users/swarnalidatta/Desktop/AutoQueryChatbot/.airflow-venv/lib/python3.12/site-packages/airflow/example_dags/plugins/event_listener.py
[2026-09-22T13:00:37.267+0200] {processor.py:927} WARNING - No viable dags retrieved from /Users/swarnalidatta/Desktop/AutoQueryChatbot/.airflow-venv/lib/python3.12/site-packages/airflow/example_dags/plugins/event_listener.py
[2026-09-22T13:00:37.291+0200] {processor.py:208} INFO - Processing /Users/swarnalidatta/Desktop/AutoQueryChatbot/.airflow-venv/lib/python3.12/site-packages/airflow/example_dags/plugins/event_listener.py took 0.027 seconds
[2026-09-22T13:01:40.460+0200] {processor.py:186} INFO - Started process (PID=16991) to work on /Users/swarnalidatta/Desktop/AutoQueryChatbot/.airflow-venv/lib/python3.12/site-packages/airflow/example_dags/plugins/event_listener.py
[2026-09-22T13:01:40.460+0200] {processor.py:914} INFO - Processing file /Users/swarnalidatta/Desktop/AutoQueryChatbot/.airflow-venv/lib/python3.12/site-packages/airflow/example_dags/plugins/event_listener.py for tasks to queue
[2026-09-22T13:01:40.460+0200] {logging_mixin.py:190} INFO - [2026-09-22T13:01:40.460+0200] {dagbag.py:588} INFO - Filling up the DagBag from /Users/swarnalidatta/Desktop/AutoQueryChatbot/.airflow-venv/lib/python3.12/site-packages/airflow/example_dags/plugins/event_listener.py
[2026-09-22T13:01:40.461+0200] {processor.py:927} WARNING - No viable dags retrieved from /Users/swarnalidatta/Desktop/AutoQueryChatbot/.airflow-venv/lib/python3.12/site-packages/airflow/example_dags/plugins/event_listener.py
[2026-09-22T13:01:40.487+0200] {processor.py:208} INFO - Processing /Users/swarnalidatta/Desktop/AutoQueryChatbot/.airflow-venv/lib/python3.12/site-packages/airflow/example_dags/plugins/event_listener.py took 0.028 seconds
[2026-09-22T13:02:43.911+0200] {processor.py:186} INFO - Started process (PID=17139) to work on /Users/swarnalidatta/Desktop/AutoQueryChatbot/.airflow-venv/lib/python3.12/site-packages/airflow/example_dags/plugins/event_listener.py
[2026-09-22T13:02:43.912+0200] {processor.py:914} INFO - Processing file /Users/swarnalidatta/Desktop/AutoQueryChatbot/.airflow-venv/lib/python3.12/site-packages/airflow/example_dags/plugins/event_listener.py for tasks to queue
[2026-09-22T13:02:43.912+0200] {logging_mixin.py:190} INFO - [2026-09-22T13:02:43.912+0200] {dagbag.py:588} INFO - Filling up the DagBag from /Users/swarnalidatta/Desktop/AutoQueryChatbot/.airflow-venv/lib/python3.12/site-packages/airflow/example_dags/plugins/event_listener.py
[2026-09-22T13:02:43.912+0200] {processor.py:927} WARNING - No viable dags retrieved from /Users/swarnalidatta/Desktop/AutoQueryChatbot/.airflow-venv/lib/python3.12/site-packages/airflow/example_dags/plugins/event_listener.py
[2026-09-22T13:02:43.937+0200] {processor.py:208} INFO - Processing /Users/swarnalidatta/Desktop/AutoQueryChatbot/.airflow-venv/lib/python3.12/site-packages/airflow/example_dags/plugins/event_listener.py took 0.027 seconds
[2026-09-22T13:03:44.672+0200] {processor.py:186} INFO - Started process (PID=17276) to work on /Users/swarnalidatta/Desktop/AutoQueryChatbot/.airflow-venv/lib/python3.12/site-packages/airflow/example_dags/plugins/event_listener.py
[2026-09-22T13:03:44.673+0200] {processor.py:914} INFO - Processing file /Users/swarnalidatta/Desktop/AutoQueryChatbot/.airflow-venv/lib/python3.12/site-packages/airflow/example_dags/plugins/event_listener.py for tasks to queue
[2026-09-22T13:03:44.673+0200] {logging_mixin.py:190} INFO - [2026-09-22T13:03:44.673+0200] {dagbag.py:588} INFO - Filling up the DagBag from /Users/swarnalidatta/Desktop/AutoQueryChatbot/.airflow-venv/lib/python3.12/site-packages/airflow/example_dags/plugins/event_listener.py
[2026-09-22T13:03:44.673+0200] {processor.py:927} WARNING - No viable dags retrieved from /Users/swarnalidatta/Desktop/AutoQueryChatbot/.airflow-venv/lib/python3.12/site-packages/airflow/example_dags/plugins/event_listener.py
[2026-09-22T13:03:44.697+0200] {processor.py:208} INFO - Processing /Users/swarnalidatta/Desktop/AutoQueryChatbot/.airflow-venv/lib/python3.12/site-packages/airflow/example_dags/plugins/event_listener.py took 0.026 seconds
[2026-09-22T13:06:55.830+0200] {processor.py:186} INFO - Started process (PID=17436) to work on /Users/swarnalidatta/Desktop/AutoQueryChatbot/.airflow-venv/lib/python3.12/site-packages/airflow/example_dags/plugins/event_listener.py
[2026-09-22T13:06:55.830+0200] {processor.py:914} INFO - Processing file /Users/swarnalidatta/Desktop/AutoQueryChatbot/.airflow-venv/lib/python3.12/site-packages/airflow/example_dags/plugins/event_listener.py for tasks to queue
[2026-09-22T13:06:55.830+0200] {logging_mixin.py:190} INFO - [2026-09-22T13:06:55.830+0200] {dagbag.py:588} INFO - Filling up the DagBag from /Users/swarnalidatta/Desktop/AutoQueryChatbot/.airflow-venv/lib/python3.12/site-packages/airflow/example_dags/plugins/event_listener.py
[2026-09-22T13:06:55.831+0200] {processor.py:927} WARNING - No viable dags retrieved from /Users/swarnalidatta/Desktop/AutoQueryChatbot/.airflow-venv/lib/python3.12/site-packages/airflow/example_dags/plugins/event_listener.py
[2026-09-22T13:06:55.855+0200] {processor.py:208} INFO - Processing /Users/swarnalidatta/Desktop/AutoQueryChatbot/.airflow-venv/lib/python3.12/site-packages/airflow/example_dags/plugins/event_listener.py took 0.026 seconds
[2026-09-22T13:08:08.335+0200] {processor.py:186} INFO - Started process (PID=17597) to work on /Users/swarnalidatta/Desktop/AutoQueryChatbot/.airflow-venv/lib/python3.12/site-packages/airflow/example_dags/plugins/event_listener.py
[2026-09-22T13:08:08.335+0200] {processor.py:914} INFO - Processing file /Users/swarnalidatta/Desktop/AutoQueryChatbot/.airflow-venv/lib/python3.12/site-packages/airflow/example_dags/plugins/event_listener.py for tasks to queue
[2026-09-22T13:08:08.335+0200] {logging_mixin.py:190} INFO - [2026-09-22T13:08:08.335+0200] {dagbag.py:588} INFO - Filling up the DagBag from /Users/swarnalidatta/Desktop/AutoQueryChatbot/.airflow-venv/lib/python3.12/site-packages/airflow/example_dags/plugins/event_listener.py
[2026-09-22T13:08:08.336+0200] {processor.py:927} WARNING - No viable dags retrieved from /Users/swarnalidatta/Desktop/AutoQueryChatbot/.airflow-venv/lib/python3.12/site-packages/airflow/example_dags/plugins/event_listener.py
[2026-09-22T13:08:08.362+0200] {processor.py:208} INFO - Processing /Users/swarnalidatta/Desktop/AutoQueryChatbot/.airflow-venv/lib/python3.12/site-packages/airflow/example_dags/plugins/event_listener.py took 0.028 seconds
[2026-09-22T13:09:19.074+0200] {processor.py:186} INFO - Started process (PID=17750) to work on /Users/swarnalidatta/Desktop/AutoQueryChatbot/.airflow-venv/lib/python3.12/site-packages/airflow/example_dags/plugins/event_listener.py
[2026-09-22T13:09:19.074+0200] {processor.py:914} INFO - Processing file /Users/swarnalidatta/Desktop/AutoQueryChatbot/.airflow-venv/lib/python3.12/site-packages/airflow/example_dags/plugins/event_listener.py for tasks to queue
[2026-09-22T13:09:19.074+0200] {logging_mixin.py:190} INFO - [2026-09-22T13:09:19.074+0200] {dagbag.py:588} INFO - Filling up the DagBag from /Users/swarnalidatta/Desktop/AutoQueryChatbot/.airflow-venv/lib/python3.12/site-packages/airflow/example_dags/plugins/event_listener.py
[2026-09-22T13:09:19.075+0200] {processor.py:927} WARNING - No viable dags retrieved from /Users/swarnalidatta/Desktop/AutoQueryChatbot/.airflow-venv/lib/python3.12/site-packages/airflow/example_dags/plugins/event_listener.py
[2026-09-22T13:09:19.099+0200] {processor.py:208} INFO - Processing /Users/swarnalidatta/Desktop/AutoQueryChatbot/.airflow-venv/lib/python3.12/site-packages/airflow/example_dags/plugins/event_listener.py took 0.026 seconds
[2026-09-22T13:10:26.396+0200] {processor.py:186} INFO - Started process (PID=17900) to work on /Users/swarnalidatta/Desktop/AutoQueryChatbot/.airflow-venv/lib/python3.12/site-packages/airflow/example_dags/plugins/event_listener.py
[2026-09-22T13:10:26.396+0200] {processor.py:914} INFO - Processing file /Users/swarnalidatta/Desktop/AutoQueryChatbot/.airflow-venv/lib/python3.12/site-packages/airflow/example_dags/plugins/event_listener.py for tasks to queue
[2026-09-22T13:10:26.397+0200] {logging_mixin.py:190} INFO - [2026-09-22T13:10:26.397+0200] {dagbag.py:588} INFO - Filling up the DagBag from /Users/swarnalidatta/Desktop/AutoQueryChatbot/.airflow-venv/lib/python3.12/site-packages/airflow/example_dags/plugins/event_listener.py
[2026-09-22T13:10:26.397+0200] {processor.py:927} WARNING - No viable dags retrieved from /Users/swarnalidatta/Desktop/AutoQueryChatbot/.airflow-venv/lib/python3.12/site-packages/airflow/example_dags/plugins/event_listener.py
[2026-09-22T13:10:26.421+0200] {processor.py:208} INFO - Processing /Users/swarnalidatta/Desktop/AutoQueryChatbot/.airflow-venv/lib/python3.12/site-packages/airflow/example_dags/plugins/event_listener.py took 0.026 seconds
[2026-09-22T13:11:37.410+0200] {processor.py:186} INFO - Started process (PID=18062) to work on /Users/swarnalidatta/Desktop/AutoQueryChatbot/.airflow-venv/lib/python3.12/site-packages/airflow/example_dags/plugins/event_listener.py
[2026-09-22T13:11:37.411+0200] {processor.py:914} INFO - Processing file /Users/swarnalidatta/Desktop/AutoQueryChatbot/.airflow-venv/lib/python3.12/site-packages/airflow/example_dags/plugins/event_listener.py for tasks to queue
[2026-09-22T13:11:37.411+0200] {logging_mixin.py:190} INFO - [2026-09-22T13:11:37.411+0200] {dagbag.py:588} INFO - Filling up the DagBag from /Users/swarnalidatta/Desktop/AutoQueryChatbot/.airflow-venv/lib/python3.12/site-packages/airflow/example_dags/plugins/event_listener.py
[2026-09-22T13:11:37.411+0200] {processor.py:927} WARNING - No viable dags retrieved from /Users/swarnalidatta/Desktop/AutoQueryChatbot/.airflow-venv/lib/python3.12/site-packages/airflow/example_dags/plugins/event_listener.py
[2026-09-22T13:11:37.436+0200] {processor.py:208} INFO - Processing /Users/swarnalidatta/Desktop/AutoQueryChatbot/.airflow-venv/lib/python3.12/site-packages/airflow/example_dags/plugins/event_listener.py took 0.027 seconds
[2026-09-22T13:12:41.723+0200] {processor.py:186} INFO - Started process (PID=18207) to work on /Users/swarnalidatta/Desktop/AutoQueryChatbot/.airflow-venv/lib/python3.12/site-packages/airflow/example_dags/plugins/event_listener.py
[2026-09-22T13:12:41.724+0200] {processor.py:914} INFO - Processing file /Users/swarnalidatta/Desktop/AutoQueryChatbot/.airflow-venv/lib/python3.12/site-packages/airflow/example_dags/plugins/event_listener.py for tasks to queue
[2026-09-22T13:12:41.724+0200] {logging_mixin.py:190} INFO - [2026-09-22T13:12:41.724+0200] {dagbag.py:588} INFO - Filling up the DagBag from /Users/swarnalidatta/Desktop/AutoQueryChatbot/.airflow-venv/lib/python3.12/site-packages/airflow/example_dags/plugins/event_listener.py
[2026-09-22T13:12:41.724+0200] {processor.py:927} WARNING - No viable dags retrieved from /Users/swarnalidatta/Desktop/AutoQueryChatbot/.airflow-venv/lib/python3.12/site-packages/airflow/example_dags/plugins/event_listener.py
[2026-09-22T13:12:41.748+0200] {processor.py:208} INFO - Processing /Users/swarnalidatta/Desktop/AutoQueryChatbot/.airflow-venv/lib/python3.12/site-packages/airflow/example_dags/plugins/event_listener.py took 0.026 seconds
[2026-09-22T13:13:45.518+0200] {processor.py:186} INFO - Started process (PID=19526) to work on /Users/swarnalidatta/Desktop/AutoQueryChatbot/.airflow-venv/lib/python3.12/site-packages/airflow/example_dags/plugins/event_listener.py
[2026-09-22T13:13:45.519+0200] {processor.py:914} INFO - Processing file /Users/swarnalidatta/Desktop/AutoQueryChatbot/.airflow-venv/lib/python3.12/site-packages/airflow/example_dags/plugins/event_listener.py for tasks to queue
[2026-09-22T13:13:45.519+0200] {logging_mixin.py:190} INFO - [2026-09-22T13:13:45.519+0200] {dagbag.py:588} INFO - Filling up the DagBag from /Users/swarnalidatta/Desktop/AutoQueryChatbot/.airflow-venv/lib/python3.12/site-packages/airflow/example_dags/plugins/event_listener.py
[2026-09-22T13:13:45.519+0200] {processor.py:927} WARNING - No viable dags retrieved from /Users/swarnalidatta/Desktop/AutoQueryChatbot/.airflow-venv/lib/python3.12/site-packages/airflow/example_dags/plugins/event_listener.py
[2026-09-22T13:13:45.544+0200] {processor.py:208} INFO - Processing /Users/swarnalidatta/Desktop/AutoQueryChatbot/.airflow-venv/lib/python3.12/site-packages/airflow/example_dags/plugins/event_listener.py took 0.027 seconds
[2026-09-22T13:14:51.158+0200] {processor.py:186} INFO - Started process (PID=21628) to work on /Users/swarnalidatta/Desktop/AutoQueryChatbot/.airflow-venv/lib/python3.12/site-packages/airflow/example_dags/plugins/event_listener.py
[2026-09-22T13:14:51.159+0200] {processor.py:914} INFO - Processing file /Users/swarnalidatta/Desktop/AutoQueryChatbot/.airflow-venv/lib/python3.12/site-packages/airflow/example_dags/plugins/event_listener.py for tasks to queue
[2026-09-22T13:14:51.159+0200] {logging_mixin.py:190} INFO - [2026-09-22T13:14:51.159+0200] {dagbag.py:588} INFO - Filling up the DagBag from /Users/swarnalidatta/Desktop/AutoQueryChatbot/.airflow-venv/lib/python3.12/site-packages/airflow/example_dags/plugins/event_listener.py
[2026-09-22T13:14:51.159+0200] {processor.py:927} WARNING - No viable dags retrieved from /Users/swarnalidatta/Desktop/AutoQueryChatbot/.airflow-venv/lib/python3.12/site-packages/airflow/example_dags/plugins/event_listener.py
[2026-09-22T13:14:51.184+0200] {processor.py:208} INFO - Processing /Users/swarnalidatta/Desktop/AutoQueryChatbot/.airflow-venv/lib/python3.12/site-packages/airflow/example_dags/plugins/event_listener.py took 0.027 seconds
[2026-09-22T13:15:57.206+0200] {processor.py:186} INFO - Started process (PID=21791) to work on /Users/swarnalidatta/Desktop/AutoQueryChatbot/.airflow-venv/lib/python3.12/site-packages/airflow/example_dags/plugins/event_listener.py
[2026-09-22T13:15:57.207+0200] {processor.py:914} INFO - Processing file /Users/swarnalidatta/Desktop/AutoQueryChatbot/.airflow-venv/lib/python3.12/site-packages/airflow/example_dags/plugins/event_listener.py for tasks to queue
[2026-09-22T13:15:57.207+0200] {logging_mixin.py:190} INFO - [2026-09-22T13:15:57.207+0200] {dagbag.py:588} INFO - Filling up the DagBag from /Users/swarnalidatta/Desktop/AutoQueryChatbot/.airflow-venv/lib/python3.12/site-packages/airflow/example_dags/plugins/event_listener.py
[2026-09-22T13:15:57.207+0200] {processor.py:927} WARNING - No viable dags retrieved from /Users/swarnalidatta/Desktop/AutoQueryChatbot/.airflow-venv/lib/python3.12/site-packages/airflow/example_dags/plugins/event_listener.py
[2026-09-22T13:15:57.231+0200] {processor.py:208} INFO - Processing /Users/swarnalidatta/Desktop/AutoQueryChatbot/.airflow-venv/lib/python3.12/site-packages/airflow/example_dags/plugins/event_listener.py took 0.026 seconds
[2026-09-22T13:17:00.089+0200] {processor.py:186} INFO - Started process (PID=21956) to work on /Users/swarnalidatta/Desktop/AutoQueryChatbot/.airflow-venv/lib/python3.12/site-packages/airflow/example_dags/plugins/event_listener.py
[2026-09-22T13:17:00.089+0200] {processor.py:914} INFO - Processing file /Users/swarnalidatta/Desktop/AutoQueryChatbot/.airflow-venv/lib/python3.12/site-packages/airflow/example_dags/plugins/event_listener.py for tasks to queue
[2026-09-22T13:17:00.090+0200] {logging_mixin.py:190} INFO - [2026-09-22T13:17:00.090+0200] {dagbag.py:588} INFO - Filling up the DagBag from /Users/swarnalidatta/Desktop/AutoQueryChatbot/.airflow-venv/lib/python3.12/site-packages/airflow/example_dags/plugins/event_listener.py
[2026-09-22T13:17:00.090+0200] {processor.py:927} WARNING - No viable dags retrieved from /Users/swarnalidatta/Desktop/AutoQueryChatbot/.airflow-venv/lib/python3.12/site-packages/airflow/example_dags/plugins/event_listener.py
[2026-09-22T13:17:00.114+0200] {processor.py:208} INFO - Processing /Users/swarnalidatta/Desktop/AutoQueryChatbot/.airflow-venv/lib/python3.12/site-packages/airflow/example_dags/plugins/event_listener.py took 0.026 seconds
[2026-09-22T13:28:20.354+0200] {processor.py:186} INFO - Started process (PID=22775) to work on /Users/swarnalidatta/Desktop/AutoQueryChatbot/.airflow-venv/lib/python3.12/site-packages/airflow/example_dags/plugins/event_listener.py
[2026-09-22T13:28:20.354+0200] {processor.py:914} INFO - Processing file /Users/swarnalidatta/Desktop/AutoQueryChatbot/.airflow-venv/lib/python3.12/site-packages/airflow/example_dags/plugins/event_listener.py for tasks to queue
[2026-09-22T13:28:20.354+0200] {logging_mixin.py:190} INFO - [2026-09-22T13:28:20.354+0200] {dagbag.py:588} INFO - Filling up the DagBag from /Users/swarnalidatta/Desktop/AutoQueryChatbot/.airflow-venv/lib/python3.12/site-packages/airflow/example_dags/plugins/event_listener.py
[2026-09-22T13:28:20.355+0200] {processor.py:927} WARNING - No viable dags retrieved from /Users/swarnalidatta/Desktop/AutoQueryChatbot/.airflow-venv/lib/python3.12/site-packages/airflow/example_dags/plugins/event_listener.py
[2026-09-22T13:28:20.378+0200] {processor.py:208} INFO - Processing /Users/swarnalidatta/Desktop/AutoQueryChatbot/.airflow-venv/lib/python3.12/site-packages/airflow/example_dags/plugins/event_listener.py took 0.025 seconds
[2026-09-22T13:30:15.398+0200] {processor.py:186} INFO - Started process (PID=23079) to work on /Users/swarnalidatta/Desktop/AutoQueryChatbot/.airflow-venv/lib/python3.12/site-packages/airflow/example_dags/plugins/event_listener.py
[2026-09-22T13:30:15.399+0200] {processor.py:914} INFO - Processing file /Users/swarnalidatta/Desktop/AutoQueryChatbot/.airflow-venv/lib/python3.12/site-packages/airflow/example_dags/plugins/event_listener.py for tasks to queue
[2026-09-22T13:30:15.399+0200] {logging_mixin.py:190} INFO - [2026-09-22T13:30:15.399+0200] {dagbag.py:588} INFO - Filling up the DagBag from /Users/swarnalidatta/Desktop/AutoQueryChatbot/.airflow-venv/lib/python3.12/site-packages/airflow/example_dags/plugins/event_listener.py
[2026-09-22T13:30:15.400+0200] {processor.py:927} WARNING - No viable dags retrieved from /Users/swarnalidatta/Desktop/AutoQueryChatbot/.airflow-venv/lib/python3.12/site-packages/airflow/example_dags/plugins/event_listener.py
[2026-09-22T13:30:15.424+0200] {processor.py:208} INFO - Processing /Users/swarnalidatta/Desktop/AutoQueryChatbot/.airflow-venv/lib/python3.12/site-packages/airflow/example_dags/plugins/event_listener.py took 0.027 seconds
[2026-09-22T13:31:44.875+0200] {processor.py:186} INFO - Started process (PID=23326) to work on /Users/swarnalidatta/Desktop/AutoQueryChatbot/.airflow-venv/lib/python3.12/site-packages/airflow/example_dags/plugins/event_listener.py
[2026-09-22T13:31:44.876+0200] {processor.py:914} INFO - Processing file /Users/swarnalidatta/Desktop/AutoQueryChatbot/.airflow-venv/lib/python3.12/site-packages/airflow/example_dags/plugins/event_listener.py for tasks to queue
[2026-09-22T13:31:44.876+0200] {logging_mixin.py:190} INFO - [2026-09-22T13:31:44.876+0200] {dagbag.py:588} INFO - Filling up the DagBag from /Users/swarnalidatta/Desktop/AutoQueryChatbot/.airflow-venv/lib/python3.12/site-packages/airflow/example_dags/plugins/event_listener.py
[2026-09-22T13:31:44.876+0200] {processor.py:927} WARNING - No viable dags retrieved from /Users/swarnalidatta/Desktop/AutoQueryChatbot/.airflow-venv/lib/python3.12/site-packages/airflow/example_dags/plugins/event_listener.py
[2026-09-22T13:31:44.902+0200] {processor.py:208} INFO - Processing /Users/swarnalidatta/Desktop/AutoQueryChatbot/.airflow-venv/lib/python3.12/site-packages/airflow/example_dags/plugins/event_listener.py took 0.029 seconds
[2026-09-22T13:33:06.426+0200] {processor.py:186} INFO - Started process (PID=23527) to work on /Users/swarnalidatta/Desktop/AutoQueryChatbot/.airflow-venv/lib/python3.12/site-packages/airflow/example_dags/plugins/event_listener.py
[2026-09-22T13:33:06.427+0200] {processor.py:914} INFO - Processing file /Users/swarnalidatta/Desktop/AutoQueryChatbot/.airflow-venv/lib/python3.12/site-packages/airflow/example_dags/plugins/event_listener.py for tasks to queue
[2026-09-22T13:33:06.427+0200] {logging_mixin.py:190} INFO - [2026-09-22T13:33:06.427+0200] {dagbag.py:588} INFO - Filling up the DagBag from /Users/swarnalidatta/Desktop/AutoQueryChatbot/.airflow-venv/lib/python3.12/site-packages/airflow/example_dags/plugins/event_listener.py
[2026-09-22T13:33:06.428+0200] {processor.py:927} WARNING - No viable dags retrieved from /Users/swarnalidatta/Desktop/AutoQueryChatbot/.airflow-venv/lib/python3.12/site-packages/airflow/example_dags/plugins/event_listener.py
[2026-09-22T13:33:06.452+0200] {processor.py:208} INFO - Processing /Users/swarnalidatta/Desktop/AutoQueryChatbot/.airflow-venv/lib/python3.12/site-packages/airflow/example_dags/plugins/event_listener.py took 0.027 seconds
[2026-09-22T13:34:12.556+0200] {processor.py:186} INFO - Started process (PID=23679) to work on /Users/swarnalidatta/Desktop/AutoQueryChatbot/.airflow-venv/lib/python3.12/site-packages/airflow/example_dags/plugins/event_listener.py
[2026-09-22T13:34:12.556+0200] {processor.py:914} INFO - Processing file /Users/swarnalidatta/Desktop/AutoQueryChatbot/.airflow-venv/lib/python3.12/site-packages/airflow/example_dags/plugins/event_listener.py for tasks to queue
[2026-09-22T13:34:12.557+0200] {logging_mixin.py:190} INFO - [2026-09-22T13:34:12.556+0200] {dagbag.py:588} INFO - Filling up the DagBag from /Users/swarnalidatta/Desktop/AutoQueryChatbot/.airflow-venv/lib/python3.12/site-packages/airflow/example_dags/plugins/event_listener.py
[2026-09-22T13:34:12.557+0200] {processor.py:927} WARNING - No viable dags retrieved from /Users/swarnalidatta/Desktop/AutoQueryChatbot/.airflow-venv/lib/python3.12/site-packages/airflow/example_dags/plugins/event_listener.py
[2026-09-22T13:34:12.581+0200] {processor.py:208} INFO - Processing /Users/swarnalidatta/Desktop/AutoQueryChatbot/.airflow-venv/lib/python3.12/site-packages/airflow/example_dags/plugins/event_listener.py took 0.026 seconds
[2026-09-22T13:35:14.338+0200] {processor.py:186} INFO - Started process (PID=23818) to work on /Users/swarnalidatta/Desktop/AutoQueryChatbot/.airflow-venv/lib/python3.12/site-packages/airflow/example_dags/plugins/event_listener.py
[2026-09-22T13:35:14.339+0200] {processor.py:914} INFO - Processing file /Users/swarnalidatta/Desktop/AutoQueryChatbot/.airflow-venv/lib/python3.12/site-packages/airflow/example_dags/plugins/event_listener.py for tasks to queue
[2026-09-22T13:35:14.339+0200] {logging_mixin.py:190} INFO - [2026-09-22T13:35:14.339+0200] {dagbag.py:588} INFO - Filling up the DagBag from /Users/swarnalidatta/Desktop/AutoQueryChatbot/.airflow-venv/lib/python3.12/site-packages/airflow/example_dags/plugins/event_listener.py
[2026-09-22T13:35:14.339+0200] {processor.py:927} WARNING - No viable dags retrieved from /Users/swarnalidatta/Desktop/AutoQueryChatbot/.airflow-venv/lib/python3.12/site-packages/airflow/example_dags/plugins/event_listener.py
[2026-09-22T13:35:14.364+0200] {processor.py:208} INFO - Processing /Users/swarnalidatta/Desktop/AutoQueryChatbot/.airflow-venv/lib/python3.12/site-packages/airflow/example_dags/plugins/event_listener.py took 0.027 seconds
[2026-09-22T13:36:15.450+0200] {processor.py:186} INFO - Started process (PID=23958) to work on /Users/swarnalidatta/Desktop/AutoQueryChatbot/.airflow-venv/lib/python3.12/site-packages/airflow/example_dags/plugins/event_listener.py
[2026-09-22T13:36:15.451+0200] {processor.py:914} INFO - Processing file /Users/swarnalidatta/Desktop/AutoQueryChatbot/.airflow-venv/lib/python3.12/site-packages/airflow/example_dags/plugins/event_listener.py for tasks to queue
[2026-09-22T13:36:15.451+0200] {logging_mixin.py:190} INFO - [2026-09-22T13:36:15.451+0200] {dagbag.py:588} INFO - Filling up the DagBag from /Users/swarnalidatta/Desktop/AutoQueryChatbot/.airflow-venv/lib/python3.12/site-packages/airflow/example_dags/plugins/event_listener.py
[2026-09-22T13:36:15.451+0200] {processor.py:927} WARNING - No viable dags retrieved from /Users/swarnalidatta/Desktop/AutoQueryChatbot/.airflow-venv/lib/python3.12/site-packages/airflow/example_dags/plugins/event_listener.py
[2026-09-22T13:36:15.475+0200] {processor.py:208} INFO - Processing /Users/swarnalidatta/Desktop/AutoQueryChatbot/.airflow-venv/lib/python3.12/site-packages/airflow/example_dags/plugins/event_listener.py took 0.026 seconds
[2026-09-22T13:37:19.255+0200] {processor.py:186} INFO - Started process (PID=24109) to work on /Users/swarnalidatta/Desktop/AutoQueryChatbot/.airflow-venv/lib/python3.12/site-packages/airflow/example_dags/plugins/event_listener.py
[2026-09-22T13:37:19.256+0200] {processor.py:914} INFO - Processing file /Users/swarnalidatta/Desktop/AutoQueryChatbot/.airflow-venv/lib/python3.12/site-packages/airflow/example_dags/plugins/event_listener.py for tasks to queue
[2026-09-22T13:37:19.256+0200] {logging_mixin.py:190} INFO - [2026-09-22T13:37:19.256+0200] {dagbag.py:588} INFO - Filling up the DagBag from /Users/swarnalidatta/Desktop/AutoQueryChatbot/.airflow-venv/lib/python3.12/site-packages/airflow/example_dags/plugins/event_listener.py
[2026-09-22T13:37:19.256+0200] {processor.py:927} WARNING - No viable dags retrieved from /Users/swarnalidatta/Desktop/AutoQueryChatbot/.airflow-venv/lib/python3.12/site-packages/airflow/example_dags/plugins/event_listener.py
[2026-09-22T13:37:19.280+0200] {processor.py:208} INFO - Processing /Users/swarnalidatta/Desktop/AutoQueryChatbot/.airflow-venv/lib/python3.12/site-packages/airflow/example_dags/plugins/event_listener.py took 0.026 seconds
[2026-09-22T13:38:24.817+0200] {processor.py:186} INFO - Started process (PID=24479) to work on /Users/swarnalidatta/Desktop/AutoQueryChatbot/.airflow-venv/lib/python3.12/site-packages/airflow/example_dags/plugins/event_listener.py
[2026-09-22T13:38:24.818+0200] {processor.py:914} INFO - Processing file /Users/swarnalidatta/Desktop/AutoQueryChatbot/.airflow-venv/lib/python3.12/site-packages/airflow/example_dags/plugins/event_listener.py for tasks to queue
[2026-09-22T13:38:24.818+0200] {logging_mixin.py:190} INFO - [2026-09-22T13:38:24.818+0200] {dagbag.py:588} INFO - Filling up the DagBag from /Users/swarnalidatta/Desktop/AutoQueryChatbot/.airflow-venv/lib/python3.12/site-packages/airflow/example_dags/plugins/event_listener.py
[2026-09-22T13:38:24.819+0200] {processor.py:927} WARNING - No viable dags retrieved from /Users/swarnalidatta/Desktop/AutoQueryChatbot/.airflow-venv/lib/python3.12/site-packages/airflow/example_dags/plugins/event_listener.py
[2026-09-22T13:38:24.845+0200] {processor.py:208} INFO - Processing /Users/swarnalidatta/Desktop/AutoQueryChatbot/.airflow-venv/lib/python3.12/site-packages/airflow/example_dags/plugins/event_listener.py took 0.029 seconds
[2026-09-22T13:39:33.980+0200] {processor.py:186} INFO - Started process (PID=24918) to work on /Users/swarnalidatta/Desktop/AutoQueryChatbot/.airflow-venv/lib/python3.12/site-packages/airflow/example_dags/plugins/event_listener.py
[2026-09-22T13:39:33.981+0200] {processor.py:914} INFO - Processing file /Users/swarnalidatta/Desktop/AutoQueryChatbot/.airflow-venv/lib/python3.12/site-packages/airflow/example_dags/plugins/event_listener.py for tasks to queue
[2026-09-22T13:39:33.981+0200] {logging_mixin.py:190} INFO - [2026-09-22T13:39:33.981+0200] {dagbag.py:588} INFO - Filling up the DagBag from /Users/swarnalidatta/Desktop/AutoQueryChatbot/.airflow-venv/lib/python3.12/site-packages/airflow/example_dags/plugins/event_listener.py
[2026-09-22T13:39:33.981+0200] {processor.py:927} WARNING - No viable dags retrieved from /Users/swarnalidatta/Desktop/AutoQueryChatbot/.airflow-venv/lib/python3.12/site-packages/airflow/example_dags/plugins/event_listener.py
[2026-09-22T13:39:34.006+0200] {processor.py:208} INFO - Processing /Users/swarnalidatta/Desktop/AutoQueryChatbot/.airflow-venv/lib/python3.12/site-packages/airflow/example_dags/plugins/event_listener.py took 0.026 seconds
[2026-09-22T13:40:40.478+0200] {processor.py:186} INFO - Started process (PID=25063) to work on /Users/swarnalidatta/Desktop/AutoQueryChatbot/.airflow-venv/lib/python3.12/site-packages/airflow/example_dags/plugins/event_listener.py
[2026-09-22T13:40:40.478+0200] {processor.py:914} INFO - Processing file /Users/swarnalidatta/Desktop/AutoQueryChatbot/.airflow-venv/lib/python3.12/site-packages/airflow/example_dags/plugins/event_listener.py for tasks to queue
[2026-09-22T13:40:40.478+0200] {logging_mixin.py:190} INFO - [2026-09-22T13:40:40.478+0200] {dagbag.py:588} INFO - Filling up the DagBag from /Users/swarnalidatta/Desktop/AutoQueryChatbot/.airflow-venv/lib/python3.12/site-packages/airflow/example_dags/plugins/event_listener.py
[2026-09-22T13:40:40.479+0200] {processor.py:927} WARNING - No viable dags retrieved from /Users/swarnalidatta/Desktop/AutoQueryChatbot/.airflow-venv/lib/python3.12/site-packages/airflow/example_dags/plugins/event_listener.py
[2026-09-22T13:40:40.503+0200] {processor.py:208} INFO - Processing /Users/swarnalidatta/Desktop/AutoQueryChatbot/.airflow-venv/lib/python3.12/site-packages/airflow/example_dags/plugins/event_listener.py took 0.027 seconds
[2026-09-22T13:41:49.900+0200] {processor.py:186} INFO - Started process (PID=25405) to work on /Users/swarnalidatta/Desktop/AutoQueryChatbot/.airflow-venv/lib/python3.12/site-packages/airflow/example_dags/plugins/event_listener.py
[2026-09-22T13:41:49.900+0200] {processor.py:914} INFO - Processing file /Users/swarnalidatta/Desktop/AutoQueryChatbot/.airflow-venv/lib/python3.12/site-packages/airflow/example_dags/plugins/event_listener.py for tasks to queue
[2026-09-22T13:41:49.901+0200] {logging_mixin.py:190} INFO - [2026-09-22T13:41:49.901+0200] {dagbag.py:588} INFO - Filling up the DagBag from /Users/swarnalidatta/Desktop/AutoQueryChatbot/.airflow-venv/lib/python3.12/site-packages/airflow/example_dags/plugins/event_listener.py
[2026-09-22T13:41:49.901+0200] {processor.py:927} WARNING - No viable dags retrieved from /Users/swarnalidatta/Desktop/AutoQueryChatbot/.airflow-venv/lib/python3.12/site-packages/airflow/example_dags/plugins/event_listener.py
[2026-09-22T13:41:49.926+0200] {processor.py:208} INFO - Processing /Users/swarnalidatta/Desktop/AutoQueryChatbot/.airflow-venv/lib/python3.12/site-packages/airflow/example_dags/plugins/event_listener.py took 0.027 seconds
[2026-09-22T13:42:56.239+0200] {processor.py:186} INFO - Started process (PID=25556) to work on /Users/swarnalidatta/Desktop/AutoQueryChatbot/.airflow-venv/lib/python3.12/site-packages/airflow/example_dags/plugins/event_listener.py
[2026-09-22T13:42:56.240+0200] {processor.py:914} INFO - Processing file /Users/swarnalidatta/Desktop/AutoQueryChatbot/.airflow-venv/lib/python3.12/site-packages/airflow/example_dags/plugins/event_listener.py for tasks to queue
[2026-09-22T13:42:56.240+0200] {logging_mixin.py:190} INFO - [2026-09-22T13:42:56.240+0200] {dagbag.py:588} INFO - Filling up the DagBag from /Users/swarnalidatta/Desktop/AutoQueryChatbot/.airflow-venv/lib/python3.12/site-packages/airflow/example_dags/plugins/event_listener.py
[2026-09-22T13:42:56.240+0200] {processor.py:927} WARNING - No viable dags retrieved from /Users/swarnalidatta/Desktop/AutoQueryChatbot/.airflow-venv/lib/python3.12/site-packages/airflow/example_dags/plugins/event_listener.py
[2026-09-22T13:42:56.265+0200] {processor.py:208} INFO - Processing /Users/swarnalidatta/Desktop/AutoQueryChatbot/.airflow-venv/lib/python3.12/site-packages/airflow/example_dags/plugins/event_listener.py took 0.027 seconds
[2026-09-22T13:44:00.805+0200] {processor.py:186} INFO - Started process (PID=25700) to work on /Users/swarnalidatta/Desktop/AutoQueryChatbot/.airflow-venv/lib/python3.12/site-packages/airflow/example_dags/plugins/event_listener.py
[2026-09-22T13:44:00.805+0200] {processor.py:914} INFO - Processing file /Users/swarnalidatta/Desktop/AutoQueryChatbot/.airflow-venv/lib/python3.12/site-packages/airflow/example_dags/plugins/event_listener.py for tasks to queue
[2026-09-22T13:44:00.806+0200] {logging_mixin.py:190} INFO - [2026-09-22T13:44:00.806+0200] {dagbag.py:588} INFO - Filling up the DagBag from /Users/swarnalidatta/Desktop/AutoQueryChatbot/.airflow-venv/lib/python3.12/site-packages/airflow/example_dags/plugins/event_listener.py
[2026-09-22T13:44:00.806+0200] {processor.py:927} WARNING - No viable dags retrieved from /Users/swarnalidatta/Desktop/AutoQueryChatbot/.airflow-venv/lib/python3.12/site-packages/airflow/example_dags/plugins/event_listener.py
[2026-09-22T13:44:00.830+0200] {processor.py:208} INFO - Processing /Users/swarnalidatta/Desktop/AutoQueryChatbot/.airflow-venv/lib/python3.12/site-packages/airflow/example_dags/plugins/event_listener.py took 0.026 seconds
[2026-09-22T13:45:06.348+0200] {processor.py:186} INFO - Started process (PID=25845) to work on /Users/swarnalidatta/Desktop/AutoQueryChatbot/.airflow-venv/lib/python3.12/site-packages/airflow/example_dags/plugins/event_listener.py
[2026-09-22T13:45:06.349+0200] {processor.py:914} INFO - Processing file /Users/swarnalidatta/Desktop/AutoQueryChatbot/.airflow-venv/lib/python3.12/site-packages/airflow/example_dags/plugins/event_listener.py for tasks to queue
[2026-09-22T13:45:06.349+0200] {logging_mixin.py:190} INFO - [2026-09-22T13:45:06.349+0200] {dagbag.py:588} INFO - Filling up the DagBag from /Users/swarnalidatta/Desktop/AutoQueryChatbot/.airflow-venv/lib/python3.12/site-packages/airflow/example_dags/plugins/event_listener.py
[2026-09-22T13:45:06.349+0200] {processor.py:927} WARNING - No viable dags retrieved from /Users/swarnalidatta/Desktop/AutoQueryChatbot/.airflow-venv/lib/python3.12/site-packages/airflow/example_dags/plugins/event_listener.py
[2026-09-22T13:45:06.373+0200] {processor.py:208} INFO - Processing /Users/swarnalidatta/Desktop/AutoQueryChatbot/.airflow-venv/lib/python3.12/site-packages/airflow/example_dags/plugins/event_listener.py took 0.026 seconds
[2026-09-22T13:46:13.934+0200] {processor.py:186} INFO - Started process (PID=25995) to work on /Users/swarnalidatta/Desktop/AutoQueryChatbot/.airflow-venv/lib/python3.12/site-packages/airflow/example_dags/plugins/event_listener.py
[2026-09-22T13:46:13.935+0200] {processor.py:914} INFO - Processing file /Users/swarnalidatta/Desktop/AutoQueryChatbot/.airflow-venv/lib/python3.12/site-packages/airflow/example_dags/plugins/event_listener.py for tasks to queue
[2026-09-22T13:46:13.935+0200] {logging_mixin.py:190} INFO - [2026-09-22T13:46:13.935+0200] {dagbag.py:588} INFO - Filling up the DagBag from /Users/swarnalidatta/Desktop/AutoQueryChatbot/.airflow-venv/lib/python3.12/site-packages/airflow/example_dags/plugins/event_listener.py
[2026-09-22T13:46:13.935+0200] {processor.py:927} WARNING - No viable dags retrieved from /Users/swarnalidatta/Desktop/AutoQueryChatbot/.airflow-venv/lib/python3.12/site-packages/airflow/example_dags/plugins/event_listener.py
[2026-09-22T13:46:13.960+0200] {processor.py:208} INFO - Processing /Users/swarnalidatta/Desktop/AutoQueryChatbot/.airflow-venv/lib/python3.12/site-packages/airflow/example_dags/plugins/event_listener.py took 0.027 seconds
[2026-09-22T13:47:20.915+0200] {processor.py:186} INFO - Started process (PID=26146) to work on /Users/swarnalidatta/Desktop/AutoQueryChatbot/.airflow-venv/lib/python3.12/site-packages/airflow/example_dags/plugins/event_listener.py
[2026-09-22T13:47:20.915+0200] {processor.py:914} INFO - Processing file /Users/swarnalidatta/Desktop/AutoQueryChatbot/.airflow-venv/lib/python3.12/site-packages/airflow/example_dags/plugins/event_listener.py for tasks to queue
[2026-09-22T13:47:20.916+0200] {logging_mixin.py:190} INFO - [2026-09-22T13:47:20.916+0200] {dagbag.py:588} INFO - Filling up the DagBag from /Users/swarnalidatta/Desktop/AutoQueryChatbot/.airflow-venv/lib/python3.12/site-packages/airflow/example_dags/plugins/event_listener.py
[2026-09-22T13:47:20.916+0200] {processor.py:927} WARNING - No viable dags retrieved from /Users/swarnalidatta/Desktop/AutoQueryChatbot/.airflow-venv/lib/python3.12/site-packages/airflow/example_dags/plugins/event_listener.py
[2026-09-22T13:47:20.940+0200] {processor.py:208} INFO - Processing /Users/swarnalidatta/Desktop/AutoQueryChatbot/.airflow-venv/lib/python3.12/site-packages/airflow/example_dags/plugins/event_listener.py took 0.027 seconds
[2026-09-22T13:48:25.577+0200] {processor.py:186} INFO - Started process (PID=26293) to work on /Users/swarnalidatta/Desktop/AutoQueryChatbot/.airflow-venv/lib/python3.12/site-packages/airflow/example_dags/plugins/event_listener.py
[2026-09-22T13:48:25.577+0200] {processor.py:914} INFO - Processing file /Users/swarnalidatta/Desktop/AutoQueryChatbot/.airflow-venv/lib/python3.12/site-packages/airflow/example_dags/plugins/event_listener.py for tasks to queue
[2026-09-22T13:48:25.578+0200] {logging_mixin.py:190} INFO - [2026-09-22T13:48:25.578+0200] {dagbag.py:588} INFO - Filling up the DagBag from /Users/swarnalidatta/Desktop/AutoQueryChatbot/.airflow-venv/lib/python3.12/site-packages/airflow/example_dags/plugins/event_listener.py
[2026-09-22T13:48:25.578+0200] {processor.py:927} WARNING - No viable dags retrieved from /Users/swarnalidatta/Desktop/AutoQueryChatbot/.airflow-venv/lib/python3.12/site-packages/airflow/example_dags/plugins/event_listener.py
[2026-09-22T13:48:25.603+0200] {processor.py:208} INFO - Processing /Users/swarnalidatta/Desktop/AutoQueryChatbot/.airflow-venv/lib/python3.12/site-packages/airflow/example_dags/plugins/event_listener.py took 0.027 seconds
[2026-09-22T13:52:54.127+0200] {processor.py:186} INFO - Started process (PID=26452) to work on /Users/swarnalidatta/Desktop/AutoQueryChatbot/.airflow-venv/lib/python3.12/site-packages/airflow/example_dags/plugins/event_listener.py
[2026-09-22T13:52:54.128+0200] {processor.py:914} INFO - Processing file /Users/swarnalidatta/Desktop/AutoQueryChatbot/.airflow-venv/lib/python3.12/site-packages/airflow/example_dags/plugins/event_listener.py for tasks to queue
[2026-09-22T13:52:54.128+0200] {logging_mixin.py:190} INFO - [2026-09-22T13:52:54.128+0200] {dagbag.py:588} INFO - Filling up the DagBag from /Users/swarnalidatta/Desktop/AutoQueryChatbot/.airflow-venv/lib/python3.12/site-packages/airflow/example_dags/plugins/event_listener.py
[2026-09-22T13:52:54.128+0200] {processor.py:927} WARNING - No viable dags retrieved from /Users/swarnalidatta/Desktop/AutoQueryChatbot/.airflow-venv/lib/python3.12/site-packages/airflow/example_dags/plugins/event_listener.py
[2026-09-22T13:52:54.152+0200] {processor.py:208} INFO - Processing /Users/swarnalidatta/Desktop/AutoQueryChatbot/.airflow-venv/lib/python3.12/site-packages/airflow/example_dags/plugins/event_listener.py took 0.026 seconds
[2026-09-22T13:54:16.137+0200] {processor.py:186} INFO - Started process (PID=26639) to work on /Users/swarnalidatta/Desktop/AutoQueryChatbot/.airflow-venv/lib/python3.12/site-packages/airflow/example_dags/plugins/event_listener.py
[2026-09-22T13:54:16.138+0200] {processor.py:914} INFO - Processing file /Users/swarnalidatta/Desktop/AutoQueryChatbot/.airflow-venv/lib/python3.12/site-packages/airflow/example_dags/plugins/event_listener.py for tasks to queue
[2026-09-22T13:54:16.138+0200] {logging_mixin.py:190} INFO - [2026-09-22T13:54:16.138+0200] {dagbag.py:588} INFO - Filling up the DagBag from /Users/swarnalidatta/Desktop/AutoQueryChatbot/.airflow-venv/lib/python3.12/site-packages/airflow/example_dags/plugins/event_listener.py
[2026-09-22T13:54:16.138+0200] {processor.py:927} WARNING - No viable dags retrieved from /Users/swarnalidatta/Desktop/AutoQueryChatbot/.airflow-venv/lib/python3.12/site-packages/airflow/example_dags/plugins/event_listener.py
[2026-09-22T13:54:16.163+0200] {processor.py:208} INFO - Processing /Users/swarnalidatta/Desktop/AutoQueryChatbot/.airflow-venv/lib/python3.12/site-packages/airflow/example_dags/plugins/event_listener.py took 0.026 seconds
[2026-09-22T13:55:23.160+0200] {processor.py:186} INFO - Started process (PID=26784) to work on /Users/swarnalidatta/Desktop/AutoQueryChatbot/.airflow-venv/lib/python3.12/site-packages/airflow/example_dags/plugins/event_listener.py
[2026-09-22T13:55:23.160+0200] {processor.py:914} INFO - Processing file /Users/swarnalidatta/Desktop/AutoQueryChatbot/.airflow-venv/lib/python3.12/site-packages/airflow/example_dags/plugins/event_listener.py for tasks to queue
[2026-09-22T13:55:23.160+0200] {logging_mixin.py:190} INFO - [2026-09-22T13:55:23.160+0200] {dagbag.py:588} INFO - Filling up the DagBag from /Users/swarnalidatta/Desktop/AutoQueryChatbot/.airflow-venv/lib/python3.12/site-packages/airflow/example_dags/plugins/event_listener.py
[2026-09-22T13:55:23.161+0200] {processor.py:927} WARNING - No viable dags retrieved from /Users/swarnalidatta/Desktop/AutoQueryChatbot/.airflow-venv/lib/python3.12/site-packages/airflow/example_dags/plugins/event_listener.py
[2026-09-22T13:55:23.184+0200] {processor.py:208} INFO - Processing /Users/swarnalidatta/Desktop/AutoQueryChatbot/.airflow-venv/lib/python3.12/site-packages/airflow/example_dags/plugins/event_listener.py took 0.026 seconds
[2026-09-22T13:56:30.156+0200] {processor.py:186} INFO - Started process (PID=26931) to work on /Users/swarnalidatta/Desktop/AutoQueryChatbot/.airflow-venv/lib/python3.12/site-packages/airflow/example_dags/plugins/event_listener.py
[2026-09-22T13:56:30.157+0200] {processor.py:914} INFO - Processing file /Users/swarnalidatta/Desktop/AutoQueryChatbot/.airflow-venv/lib/python3.12/site-packages/airflow/example_dags/plugins/event_listener.py for tasks to queue
[2026-09-22T13:56:30.157+0200] {logging_mixin.py:190} INFO - [2026-09-22T13:56:30.157+0200] {dagbag.py:588} INFO - Filling up the DagBag from /Users/swarnalidatta/Desktop/AutoQueryChatbot/.airflow-venv/lib/python3.12/site-packages/airflow/example_dags/plugins/event_listener.py
[2026-09-22T13:56:30.158+0200] {processor.py:927} WARNING - No viable dags retrieved from /Users/swarnalidatta/Desktop/AutoQueryChatbot/.airflow-venv/lib/python3.12/site-packages/airflow/example_dags/plugins/event_listener.py
[2026-09-22T13:56:30.182+0200] {processor.py:208} INFO - Processing /Users/swarnalidatta/Desktop/AutoQueryChatbot/.airflow-venv/lib/python3.12/site-packages/airflow/example_dags/plugins/event_listener.py took 0.027 seconds
[2026-09-22T13:57:38.508+0200] {processor.py:186} INFO - Started process (PID=27085) to work on /Users/swarnalidatta/Desktop/AutoQueryChatbot/.airflow-venv/lib/python3.12/site-packages/airflow/example_dags/plugins/event_listener.py
[2026-09-22T13:57:38.509+0200] {processor.py:914} INFO - Processing file /Users/swarnalidatta/Desktop/AutoQueryChatbot/.airflow-venv/lib/python3.12/site-packages/airflow/example_dags/plugins/event_listener.py for tasks to queue
[2026-09-22T13:57:38.509+0200] {logging_mixin.py:190} INFO - [2026-09-22T13:57:38.509+0200] {dagbag.py:588} INFO - Filling up the DagBag from /Users/swarnalidatta/Desktop/AutoQueryChatbot/.airflow-venv/lib/python3.12/site-packages/airflow/example_dags/plugins/event_listener.py
[2026-09-22T13:57:38.509+0200] {processor.py:927} WARNING - No viable dags retrieved from /Users/swarnalidatta/Desktop/AutoQueryChatbot/.airflow-venv/lib/python3.12/site-packages/airflow/example_dags/plugins/event_listener.py
[2026-09-22T13:57:38.534+0200] {processor.py:208} INFO - Processing /Users/swarnalidatta/Desktop/AutoQueryChatbot/.airflow-venv/lib/python3.12/site-packages/airflow/example_dags/plugins/event_listener.py took 0.026 seconds
[2026-09-22T13:58:42.945+0200] {processor.py:186} INFO - Started process (PID=27230) to work on /Users/swarnalidatta/Desktop/AutoQueryChatbot/.airflow-venv/lib/python3.12/site-packages/airflow/example_dags/plugins/event_listener.py
[2026-09-22T13:58:42.946+0200] {processor.py:914} INFO - Processing file /Users/swarnalidatta/Desktop/AutoQueryChatbot/.airflow-venv/lib/python3.12/site-packages/airflow/example_dags/plugins/event_listener.py for tasks to queue
[2026-09-22T13:58:42.946+0200] {logging_mixin.py:190} INFO - [2026-09-22T13:58:42.946+0200] {dagbag.py:588} INFO - Filling up the DagBag from /Users/swarnalidatta/Desktop/AutoQueryChatbot/.airflow-venv/lib/python3.12/site-packages/airflow/example_dags/plugins/event_listener.py
[2026-09-22T13:58:42.946+0200] {processor.py:927} WARNING - No viable dags retrieved from /Users/swarnalidatta/Desktop/AutoQueryChatbot/.airflow-venv/lib/python3.12/site-packages/airflow/example_dags/plugins/event_listener.py
[2026-09-22T13:58:42.970+0200] {processor.py:208} INFO - Processing /Users/swarnalidatta/Desktop/AutoQueryChatbot/.airflow-venv/lib/python3.12/site-packages/airflow/example_dags/plugins/event_listener.py took 0.026 seconds
[2026-09-22T14:13:51.549+0200] {processor.py:186} INFO - Started process (PID=27384) to work on /Users/swarnalidatta/Desktop/AutoQueryChatbot/.airflow-venv/lib/python3.12/site-packages/airflow/example_dags/plugins/event_listener.py
[2026-09-22T14:13:51.549+0200] {processor.py:914} INFO - Processing file /Users/swarnalidatta/Desktop/AutoQueryChatbot/.airflow-venv/lib/python3.12/site-packages/airflow/example_dags/plugins/event_listener.py for tasks to queue
[2026-09-22T14:13:51.550+0200] {logging_mixin.py:190} INFO - [2026-09-22T14:13:51.550+0200] {dagbag.py:588} INFO - Filling up the DagBag from /Users/swarnalidatta/Desktop/AutoQueryChatbot/.airflow-venv/lib/python3.12/site-packages/airflow/example_dags/plugins/event_listener.py
[2026-09-22T14:13:51.550+0200] {processor.py:927} WARNING - No viable dags retrieved from /Users/swarnalidatta/Desktop/AutoQueryChatbot/.airflow-venv/lib/python3.12/site-packages/airflow/example_dags/plugins/event_listener.py
[2026-09-22T14:13:51.574+0200] {processor.py:208} INFO - Processing /Users/swarnalidatta/Desktop/AutoQueryChatbot/.airflow-venv/lib/python3.12/site-packages/airflow/example_dags/plugins/event_listener.py took 0.026 seconds
[2026-09-22T14:15:21.432+0200] {processor.py:186} INFO - Started process (PID=27594) to work on /Users/swarnalidatta/Desktop/AutoQueryChatbot/.airflow-venv/lib/python3.12/site-packages/airflow/example_dags/plugins/event_listener.py
[2026-09-22T14:15:21.432+0200] {processor.py:914} INFO - Processing file /Users/swarnalidatta/Desktop/AutoQueryChatbot/.airflow-venv/lib/python3.12/site-packages/airflow/example_dags/plugins/event_listener.py for tasks to queue
[2026-09-22T14:15:21.432+0200] {logging_mixin.py:190} INFO - [2026-09-22T14:15:21.432+0200] {dagbag.py:588} INFO - Filling up the DagBag from /Users/swarnalidatta/Desktop/AutoQueryChatbot/.airflow-venv/lib/python3.12/site-packages/airflow/example_dags/plugins/event_listener.py
[2026-09-22T14:15:21.433+0200] {processor.py:927} WARNING - No viable dags retrieved from /Users/swarnalidatta/Desktop/AutoQueryChatbot/.airflow-venv/lib/python3.12/site-packages/airflow/example_dags/plugins/event_listener.py
[2026-09-22T14:15:21.457+0200] {processor.py:208} INFO - Processing /Users/swarnalidatta/Desktop/AutoQueryChatbot/.airflow-venv/lib/python3.12/site-packages/airflow/example_dags/plugins/event_listener.py took 0.026 seconds
[2026-09-22T14:16:24.872+0200] {processor.py:186} INFO - Started process (PID=27734) to work on /Users/swarnalidatta/Desktop/AutoQueryChatbot/.airflow-venv/lib/python3.12/site-packages/airflow/example_dags/plugins/event_listener.py
[2026-09-22T14:16:24.872+0200] {processor.py:914} INFO - Processing file /Users/swarnalidatta/Desktop/AutoQueryChatbot/.airflow-venv/lib/python3.12/site-packages/airflow/example_dags/plugins/event_listener.py for tasks to queue
[2026-09-22T14:16:24.872+0200] {logging_mixin.py:190} INFO - [2026-09-22T14:16:24.872+0200] {dagbag.py:588} INFO - Filling up the DagBag from /Users/swarnalidatta/Desktop/AutoQueryChatbot/.airflow-venv/lib/python3.12/site-packages/airflow/example_dags/plugins/event_listener.py
[2026-09-22T14:16:24.873+0200] {processor.py:927} WARNING - No viable dags retrieved from /Users/swarnalidatta/Desktop/AutoQueryChatbot/.airflow-venv/lib/python3.12/site-packages/airflow/example_dags/plugins/event_listener.py
[2026-09-22T14:16:24.896+0200] {processor.py:208} INFO - Processing /Users/swarnalidatta/Desktop/AutoQueryChatbot/.airflow-venv/lib/python3.12/site-packages/airflow/example_dags/plugins/event_listener.py took 0.026 seconds
[2026-09-22T14:35:13.396+0200] {processor.py:186} INFO - Started process (PID=27895) to work on /Users/swarnalidatta/Desktop/AutoQueryChatbot/.airflow-venv/lib/python3.12/site-packages/airflow/example_dags/plugins/event_listener.py
[2026-09-22T14:35:13.397+0200] {processor.py:914} INFO - Processing file /Users/swarnalidatta/Desktop/AutoQueryChatbot/.airflow-venv/lib/python3.12/site-packages/airflow/example_dags/plugins/event_listener.py for tasks to queue
[2026-09-22T14:35:13.397+0200] {logging_mixin.py:190} INFO - [2026-09-22T14:35:13.397+0200] {dagbag.py:588} INFO - Filling up the DagBag from /Users/swarnalidatta/Desktop/AutoQueryChatbot/.airflow-venv/lib/python3.12/site-packages/airflow/example_dags/plugins/event_listener.py
[2026-09-22T14:35:13.397+0200] {processor.py:927} WARNING - No viable dags retrieved from /Users/swarnalidatta/Desktop/AutoQueryChatbot/.airflow-venv/lib/python3.12/site-packages/airflow/example_dags/plugins/event_listener.py
[2026-09-22T14:35:13.420+0200] {processor.py:208} INFO - Processing /Users/swarnalidatta/Desktop/AutoQueryChatbot/.airflow-venv/lib/python3.12/site-packages/airflow/example_dags/plugins/event_listener.py took 0.025 seconds
[2026-09-22T14:45:35.634+0200] {processor.py:186} INFO - Started process (PID=28111) to work on /Users/swarnalidatta/Desktop/AutoQueryChatbot/.airflow-venv/lib/python3.12/site-packages/airflow/example_dags/plugins/event_listener.py
[2026-09-22T14:45:35.635+0200] {processor.py:914} INFO - Processing file /Users/swarnalidatta/Desktop/AutoQueryChatbot/.airflow-venv/lib/python3.12/site-packages/airflow/example_dags/plugins/event_listener.py for tasks to queue
[2026-09-22T14:45:35.635+0200] {logging_mixin.py:190} INFO - [2026-09-22T14:45:35.635+0200] {dagbag.py:588} INFO - Filling up the DagBag from /Users/swarnalidatta/Desktop/AutoQueryChatbot/.airflow-venv/lib/python3.12/site-packages/airflow/example_dags/plugins/event_listener.py
[2026-09-22T14:45:35.635+0200] {processor.py:927} WARNING - No viable dags retrieved from /Users/swarnalidatta/Desktop/AutoQueryChatbot/.airflow-venv/lib/python3.12/site-packages/airflow/example_dags/plugins/event_listener.py
[2026-09-22T14:45:35.658+0200] {processor.py:208} INFO - Processing /Users/swarnalidatta/Desktop/AutoQueryChatbot/.airflow-venv/lib/python3.12/site-packages/airflow/example_dags/plugins/event_listener.py took 0.025 seconds
[2026-09-22T14:46:43.691+0200] {processor.py:186} INFO - Started process (PID=28260) to work on /Users/swarnalidatta/Desktop/AutoQueryChatbot/.airflow-venv/lib/python3.12/site-packages/airflow/example_dags/plugins/event_listener.py
[2026-09-22T14:46:43.691+0200] {processor.py:914} INFO - Processing file /Users/swarnalidatta/Desktop/AutoQueryChatbot/.airflow-venv/lib/python3.12/site-packages/airflow/example_dags/plugins/event_listener.py for tasks to queue
[2026-09-22T14:46:43.692+0200] {logging_mixin.py:190} INFO - [2026-09-22T14:46:43.692+0200] {dagbag.py:588} INFO - Filling up the DagBag from /Users/swarnalidatta/Desktop/AutoQueryChatbot/.airflow-venv/lib/python3.12/site-packages/airflow/example_dags/plugins/event_listener.py
[2026-09-22T14:46:43.692+0200] {processor.py:927} WARNING - No viable dags retrieved from /Users/swarnalidatta/Desktop/AutoQueryChatbot/.airflow-venv/lib/python3.12/site-packages/airflow/example_dags/plugins/event_listener.py
[2026-09-22T14:46:43.716+0200] {processor.py:208} INFO - Processing /Users/swarnalidatta/Desktop/AutoQueryChatbot/.airflow-venv/lib/python3.12/site-packages/airflow/example_dags/plugins/event_listener.py took 0.026 seconds
[2026-09-22T14:48:22.875+0200] {processor.py:186} INFO - Started process (PID=28412) to work on /Users/swarnalidatta/Desktop/AutoQueryChatbot/.airflow-venv/lib/python3.12/site-packages/airflow/example_dags/plugins/event_listener.py
[2026-09-22T14:48:22.876+0200] {processor.py:914} INFO - Processing file /Users/swarnalidatta/Desktop/AutoQueryChatbot/.airflow-venv/lib/python3.12/site-packages/airflow/example_dags/plugins/event_listener.py for tasks to queue
[2026-09-22T14:48:22.876+0200] {logging_mixin.py:190} INFO - [2026-09-22T14:48:22.876+0200] {dagbag.py:588} INFO - Filling up the DagBag from /Users/swarnalidatta/Desktop/AutoQueryChatbot/.airflow-venv/lib/python3.12/site-packages/airflow/example_dags/plugins/event_listener.py
[2026-09-22T14:48:22.876+0200] {processor.py:927} WARNING - No viable dags retrieved from /Users/swarnalidatta/Desktop/AutoQueryChatbot/.airflow-venv/lib/python3.12/site-packages/airflow/example_dags/plugins/event_listener.py
[2026-09-22T14:48:22.900+0200] {processor.py:208} INFO - Processing /Users/swarnalidatta/Desktop/AutoQueryChatbot/.airflow-venv/lib/python3.12/site-packages/airflow/example_dags/plugins/event_listener.py took 0.026 seconds
[2026-09-22T14:49:24.963+0200] {processor.py:186} INFO - Started process (PID=28554) to work on /Users/swarnalidatta/Desktop/AutoQueryChatbot/.airflow-venv/lib/python3.12/site-packages/airflow/example_dags/plugins/event_listener.py
[2026-09-22T14:49:24.963+0200] {processor.py:914} INFO - Processing file /Users/swarnalidatta/Desktop/AutoQueryChatbot/.airflow-venv/lib/python3.12/site-packages/airflow/example_dags/plugins/event_listener.py for tasks to queue
[2026-09-22T14:49:24.963+0200] {logging_mixin.py:190} INFO - [2026-09-22T14:49:24.963+0200] {dagbag.py:588} INFO - Filling up the DagBag from /Users/swarnalidatta/Desktop/AutoQueryChatbot/.airflow-venv/lib/python3.12/site-packages/airflow/example_dags/plugins/event_listener.py
[2026-09-22T14:49:24.964+0200] {processor.py:927} WARNING - No viable dags retrieved from /Users/swarnalidatta/Desktop/AutoQueryChatbot/.airflow-venv/lib/python3.12/site-packages/airflow/example_dags/plugins/event_listener.py
[2026-09-22T14:49:24.988+0200] {processor.py:208} INFO - Processing /Users/swarnalidatta/Desktop/AutoQueryChatbot/.airflow-venv/lib/python3.12/site-packages/airflow/example_dags/plugins/event_listener.py took 0.026 seconds
[2026-09-22T14:50:30.946+0200] {processor.py:186} INFO - Started process (PID=28704) to work on /Users/swarnalidatta/Desktop/AutoQueryChatbot/.airflow-venv/lib/python3.12/site-packages/airflow/example_dags/plugins/event_listener.py
[2026-09-22T14:50:30.947+0200] {processor.py:914} INFO - Processing file /Users/swarnalidatta/Desktop/AutoQueryChatbot/.airflow-venv/lib/python3.12/site-packages/airflow/example_dags/plugins/event_listener.py for tasks to queue
[2026-09-22T14:50:30.947+0200] {logging_mixin.py:190} INFO - [2026-09-22T14:50:30.947+0200] {dagbag.py:588} INFO - Filling up the DagBag from /Users/swarnalidatta/Desktop/AutoQueryChatbot/.airflow-venv/lib/python3.12/site-packages/airflow/example_dags/plugins/event_listener.py
[2026-09-22T14:50:30.948+0200] {processor.py:927} WARNING - No viable dags retrieved from /Users/swarnalidatta/Desktop/AutoQueryChatbot/.airflow-venv/lib/python3.12/site-packages/airflow/example_dags/plugins/event_listener.py
[2026-09-22T14:50:30.973+0200] {processor.py:208} INFO - Processing /Users/swarnalidatta/Desktop/AutoQueryChatbot/.airflow-venv/lib/python3.12/site-packages/airflow/example_dags/plugins/event_listener.py took 0.028 seconds
[2026-09-22T14:51:39.179+0200] {processor.py:186} INFO - Started process (PID=28857) to work on /Users/swarnalidatta/Desktop/AutoQueryChatbot/.airflow-venv/lib/python3.12/site-packages/airflow/example_dags/plugins/event_listener.py
[2026-09-22T14:51:39.179+0200] {processor.py:914} INFO - Processing file /Users/swarnalidatta/Desktop/AutoQueryChatbot/.airflow-venv/lib/python3.12/site-packages/airflow/example_dags/plugins/event_listener.py for tasks to queue
[2026-09-22T14:51:39.180+0200] {logging_mixin.py:190} INFO - [2026-09-22T14:51:39.180+0200] {dagbag.py:588} INFO - Filling up the DagBag from /Users/swarnalidatta/Desktop/AutoQueryChatbot/.airflow-venv/lib/python3.12/site-packages/airflow/example_dags/plugins/event_listener.py
[2026-09-22T14:51:39.180+0200] {processor.py:927} WARNING - No viable dags retrieved from /Users/swarnalidatta/Desktop/AutoQueryChatbot/.airflow-venv/lib/python3.12/site-packages/airflow/example_dags/plugins/event_listener.py
[2026-09-22T14:51:39.204+0200] {processor.py:208} INFO - Processing /Users/swarnalidatta/Desktop/AutoQueryChatbot/.airflow-venv/lib/python3.12/site-packages/airflow/example_dags/plugins/event_listener.py took 0.026 seconds
[2026-09-22T14:54:30.412+0200] {processor.py:186} INFO - Started process (PID=29006) to work on /Users/swarnalidatta/Desktop/AutoQueryChatbot/.airflow-venv/lib/python3.12/site-packages/airflow/example_dags/plugins/event_listener.py
[2026-09-22T14:54:30.412+0200] {processor.py:914} INFO - Processing file /Users/swarnalidatta/Desktop/AutoQueryChatbot/.airflow-venv/lib/python3.12/site-packages/airflow/example_dags/plugins/event_listener.py for tasks to queue
[2026-09-22T14:54:30.412+0200] {logging_mixin.py:190} INFO - [2026-09-22T14:54:30.412+0200] {dagbag.py:588} INFO - Filling up the DagBag from /Users/swarnalidatta/Desktop/AutoQueryChatbot/.airflow-venv/lib/python3.12/site-packages/airflow/example_dags/plugins/event_listener.py
[2026-09-22T14:54:30.413+0200] {processor.py:927} WARNING - No viable dags retrieved from /Users/swarnalidatta/Desktop/AutoQueryChatbot/.airflow-venv/lib/python3.12/site-packages/airflow/example_dags/plugins/event_listener.py
[2026-09-22T14:54:30.436+0200] {processor.py:208} INFO - Processing /Users/swarnalidatta/Desktop/AutoQueryChatbot/.airflow-venv/lib/python3.12/site-packages/airflow/example_dags/plugins/event_listener.py took 0.025 seconds
[2026-09-22T14:56:00.273+0200] {processor.py:186} INFO - Started process (PID=29213) to work on /Users/swarnalidatta/Desktop/AutoQueryChatbot/.airflow-venv/lib/python3.12/site-packages/airflow/example_dags/plugins/event_listener.py
[2026-09-22T14:56:00.273+0200] {processor.py:914} INFO - Processing file /Users/swarnalidatta/Desktop/AutoQueryChatbot/.airflow-venv/lib/python3.12/site-packages/airflow/example_dags/plugins/event_listener.py for tasks to queue
[2026-09-22T14:56:00.273+0200] {logging_mixin.py:190} INFO - [2026-09-22T14:56:00.273+0200] {dagbag.py:588} INFO - Filling up the DagBag from /Users/swarnalidatta/Desktop/AutoQueryChatbot/.airflow-venv/lib/python3.12/site-packages/airflow/example_dags/plugins/event_listener.py
[2026-09-22T14:56:00.274+0200] {processor.py:927} WARNING - No viable dags retrieved from /Users/swarnalidatta/Desktop/AutoQueryChatbot/.airflow-venv/lib/python3.12/site-packages/airflow/example_dags/plugins/event_listener.py
[2026-09-22T14:56:00.299+0200] {processor.py:208} INFO - Processing /Users/swarnalidatta/Desktop/AutoQueryChatbot/.airflow-venv/lib/python3.12/site-packages/airflow/example_dags/plugins/event_listener.py took 0.028 seconds
[2026-09-22T14:57:06.179+0200] {processor.py:186} INFO - Started process (PID=29367) to work on /Users/swarnalidatta/Desktop/AutoQueryChatbot/.airflow-venv/lib/python3.12/site-packages/airflow/example_dags/plugins/event_listener.py
[2026-09-22T14:57:06.179+0200] {processor.py:914} INFO - Processing file /Users/swarnalidatta/Desktop/AutoQueryChatbot/.airflow-venv/lib/python3.12/site-packages/airflow/example_dags/plugins/event_listener.py for tasks to queue
[2026-09-22T14:57:06.180+0200] {logging_mixin.py:190} INFO - [2026-09-22T14:57:06.180+0200] {dagbag.py:588} INFO - Filling up the DagBag from /Users/swarnalidatta/Desktop/AutoQueryChatbot/.airflow-venv/lib/python3.12/site-packages/airflow/example_dags/plugins/event_listener.py
[2026-09-22T14:57:06.180+0200] {processor.py:927} WARNING - No viable dags retrieved from /Users/swarnalidatta/Desktop/AutoQueryChatbot/.airflow-venv/lib/python3.12/site-packages/airflow/example_dags/plugins/event_listener.py
[2026-09-22T14:57:06.204+0200] {processor.py:208} INFO - Processing /Users/swarnalidatta/Desktop/AutoQueryChatbot/.airflow-venv/lib/python3.12/site-packages/airflow/example_dags/plugins/event_listener.py took 0.026 seconds
[2026-09-22T14:58:15.903+0200] {processor.py:186} INFO - Started process (PID=29520) to work on /Users/swarnalidatta/Desktop/AutoQueryChatbot/.airflow-venv/lib/python3.12/site-packages/airflow/example_dags/plugins/event_listener.py
[2026-09-22T14:58:15.903+0200] {processor.py:914} INFO - Processing file /Users/swarnalidatta/Desktop/AutoQueryChatbot/.airflow-venv/lib/python3.12/site-packages/airflow/example_dags/plugins/event_listener.py for tasks to queue
[2026-09-22T14:58:15.903+0200] {logging_mixin.py:190} INFO - [2026-09-22T14:58:15.903+0200] {dagbag.py:588} INFO - Filling up the DagBag from /Users/swarnalidatta/Desktop/AutoQueryChatbot/.airflow-venv/lib/python3.12/site-packages/airflow/example_dags/plugins/event_listener.py
[2026-09-22T14:58:15.904+0200] {processor.py:927} WARNING - No viable dags retrieved from /Users/swarnalidatta/Desktop/AutoQueryChatbot/.airflow-venv/lib/python3.12/site-packages/airflow/example_dags/plugins/event_listener.py
[2026-09-22T14:58:15.928+0200] {processor.py:208} INFO - Processing /Users/swarnalidatta/Desktop/AutoQueryChatbot/.airflow-venv/lib/python3.12/site-packages/airflow/example_dags/plugins/event_listener.py took 0.026 seconds
[2026-09-22T14:59:21.931+0200] {processor.py:186} INFO - Started process (PID=29771) to work on /Users/swarnalidatta/Desktop/AutoQueryChatbot/.airflow-venv/lib/python3.12/site-packages/airflow/example_dags/plugins/event_listener.py
[2026-09-22T14:59:21.931+0200] {processor.py:914} INFO - Processing file /Users/swarnalidatta/Desktop/AutoQueryChatbot/.airflow-venv/lib/python3.12/site-packages/airflow/example_dags/plugins/event_listener.py for tasks to queue
[2026-09-22T14:59:21.931+0200] {logging_mixin.py:190} INFO - [2026-09-22T14:59:21.931+0200] {dagbag.py:588} INFO - Filling up the DagBag from /Users/swarnalidatta/Desktop/AutoQueryChatbot/.airflow-venv/lib/python3.12/site-packages/airflow/example_dags/plugins/event_listener.py
[2026-09-22T14:59:21.932+0200] {processor.py:927} WARNING - No viable dags retrieved from /Users/swarnalidatta/Desktop/AutoQueryChatbot/.airflow-venv/lib/python3.12/site-packages/airflow/example_dags/plugins/event_listener.py
[2026-09-22T14:59:21.958+0200] {processor.py:208} INFO - Processing /Users/swarnalidatta/Desktop/AutoQueryChatbot/.airflow-venv/lib/python3.12/site-packages/airflow/example_dags/plugins/event_listener.py took 0.029 seconds
[2026-09-22T15:00:25.160+0200] {processor.py:186} INFO - Started process (PID=29911) to work on /Users/swarnalidatta/Desktop/AutoQueryChatbot/.airflow-venv/lib/python3.12/site-packages/airflow/example_dags/plugins/event_listener.py
[2026-09-22T15:00:25.161+0200] {processor.py:914} INFO - Processing file /Users/swarnalidatta/Desktop/AutoQueryChatbot/.airflow-venv/lib/python3.12/site-packages/airflow/example_dags/plugins/event_listener.py for tasks to queue
[2026-09-22T15:00:25.161+0200] {logging_mixin.py:190} INFO - [2026-09-22T15:00:25.161+0200] {dagbag.py:588} INFO - Filling up the DagBag from /Users/swarnalidatta/Desktop/AutoQueryChatbot/.airflow-venv/lib/python3.12/site-packages/airflow/example_dags/plugins/event_listener.py
[2026-09-22T15:00:25.161+0200] {processor.py:927} WARNING - No viable dags retrieved from /Users/swarnalidatta/Desktop/AutoQueryChatbot/.airflow-venv/lib/python3.12/site-packages/airflow/example_dags/plugins/event_listener.py
[2026-09-22T15:00:25.185+0200] {processor.py:208} INFO - Processing /Users/swarnalidatta/Desktop/AutoQueryChatbot/.airflow-venv/lib/python3.12/site-packages/airflow/example_dags/plugins/event_listener.py took 0.026 seconds
[2026-09-22T15:01:29.264+0200] {processor.py:186} INFO - Started process (PID=30056) to work on /Users/swarnalidatta/Desktop/AutoQueryChatbot/.airflow-venv/lib/python3.12/site-packages/airflow/example_dags/plugins/event_listener.py
[2026-09-22T15:01:29.265+0200] {processor.py:914} INFO - Processing file /Users/swarnalidatta/Desktop/AutoQueryChatbot/.airflow-venv/lib/python3.12/site-packages/airflow/example_dags/plugins/event_listener.py for tasks to queue
[2026-09-22T15:01:29.265+0200] {logging_mixin.py:190} INFO - [2026-09-22T15:01:29.265+0200] {dagbag.py:588} INFO - Filling up the DagBag from /Users/swarnalidatta/Desktop/AutoQueryChatbot/.airflow-venv/lib/python3.12/site-packages/airflow/example_dags/plugins/event_listener.py
[2026-09-22T15:01:29.265+0200] {processor.py:927} WARNING - No viable dags retrieved from /Users/swarnalidatta/Desktop/AutoQueryChatbot/.airflow-venv/lib/python3.12/site-packages/airflow/example_dags/plugins/event_listener.py
[2026-09-22T15:01:29.290+0200] {processor.py:208} INFO - Processing /Users/swarnalidatta/Desktop/AutoQueryChatbot/.airflow-venv/lib/python3.12/site-packages/airflow/example_dags/plugins/event_listener.py took 0.027 seconds
[2026-09-22T15:02:37.909+0200] {processor.py:186} INFO - Started process (PID=30207) to work on /Users/swarnalidatta/Desktop/AutoQueryChatbot/.airflow-venv/lib/python3.12/site-packages/airflow/example_dags/plugins/event_listener.py
[2026-09-22T15:02:37.910+0200] {processor.py:914} INFO - Processing file /Users/swarnalidatta/Desktop/AutoQueryChatbot/.airflow-venv/lib/python3.12/site-packages/airflow/example_dags/plugins/event_listener.py for tasks to queue
[2026-09-22T15:02:37.910+0200] {logging_mixin.py:190} INFO - [2026-09-22T15:02:37.910+0200] {dagbag.py:588} INFO - Filling up the DagBag from /Users/swarnalidatta/Desktop/AutoQueryChatbot/.airflow-venv/lib/python3.12/site-packages/airflow/example_dags/plugins/event_listener.py
[2026-09-22T15:02:37.911+0200] {processor.py:927} WARNING - No viable dags retrieved from /Users/swarnalidatta/Desktop/AutoQueryChatbot/.airflow-venv/lib/python3.12/site-packages/airflow/example_dags/plugins/event_listener.py
[2026-09-22T15:02:37.938+0200] {processor.py:208} INFO - Processing /Users/swarnalidatta/Desktop/AutoQueryChatbot/.airflow-venv/lib/python3.12/site-packages/airflow/example_dags/plugins/event_listener.py took 0.030 seconds
[2026-09-22T15:03:43.355+0200] {processor.py:186} INFO - Started process (PID=30353) to work on /Users/swarnalidatta/Desktop/AutoQueryChatbot/.airflow-venv/lib/python3.12/site-packages/airflow/example_dags/plugins/event_listener.py
[2026-09-22T15:03:43.356+0200] {processor.py:914} INFO - Processing file /Users/swarnalidatta/Desktop/AutoQueryChatbot/.airflow-venv/lib/python3.12/site-packages/airflow/example_dags/plugins/event_listener.py for tasks to queue
[2026-09-22T15:03:43.357+0200] {logging_mixin.py:190} INFO - [2026-09-22T15:03:43.357+0200] {dagbag.py:588} INFO - Filling up the DagBag from /Users/swarnalidatta/Desktop/AutoQueryChatbot/.airflow-venv/lib/python3.12/site-packages/airflow/example_dags/plugins/event_listener.py
[2026-09-22T15:03:43.357+0200] {processor.py:927} WARNING - No viable dags retrieved from /Users/swarnalidatta/Desktop/AutoQueryChatbot/.airflow-venv/lib/python3.12/site-packages/airflow/example_dags/plugins/event_listener.py
[2026-09-22T15:03:43.381+0200] {processor.py:208} INFO - Processing /Users/swarnalidatta/Desktop/AutoQueryChatbot/.airflow-venv/lib/python3.12/site-packages/airflow/example_dags/plugins/event_listener.py took 0.027 seconds
[2026-09-22T15:04:47.105+0200] {processor.py:186} INFO - Started process (PID=30498) to work on /Users/swarnalidatta/Desktop/AutoQueryChatbot/.airflow-venv/lib/python3.12/site-packages/airflow/example_dags/plugins/event_listener.py
[2026-09-22T15:04:47.106+0200] {processor.py:914} INFO - Processing file /Users/swarnalidatta/Desktop/AutoQueryChatbot/.airflow-venv/lib/python3.12/site-packages/airflow/example_dags/plugins/event_listener.py for tasks to queue
[2026-09-22T15:04:47.106+0200] {logging_mixin.py:190} INFO - [2026-09-22T15:04:47.106+0200] {dagbag.py:588} INFO - Filling up the DagBag from /Users/swarnalidatta/Desktop/AutoQueryChatbot/.airflow-venv/lib/python3.12/site-packages/airflow/example_dags/plugins/event_listener.py
[2026-09-22T15:04:47.106+0200] {processor.py:927} WARNING - No viable dags retrieved from /Users/swarnalidatta/Desktop/AutoQueryChatbot/.airflow-venv/lib/python3.12/site-packages/airflow/example_dags/plugins/event_listener.py
[2026-09-22T15:04:47.130+0200] {processor.py:208} INFO - Processing /Users/swarnalidatta/Desktop/AutoQueryChatbot/.airflow-venv/lib/python3.12/site-packages/airflow/example_dags/plugins/event_listener.py took 0.026 seconds
[2026-09-22T15:05:51.139+0200] {processor.py:186} INFO - Started process (PID=30640) to work on /Users/swarnalidatta/Desktop/AutoQueryChatbot/.airflow-venv/lib/python3.12/site-packages/airflow/example_dags/plugins/event_listener.py
[2026-09-22T15:05:51.139+0200] {processor.py:914} INFO - Processing file /Users/swarnalidatta/Desktop/AutoQueryChatbot/.airflow-venv/lib/python3.12/site-packages/airflow/example_dags/plugins/event_listener.py for tasks to queue
[2026-09-22T15:05:51.139+0200] {logging_mixin.py:190} INFO - [2026-09-22T15:05:51.139+0200] {dagbag.py:588} INFO - Filling up the DagBag from /Users/swarnalidatta/Desktop/AutoQueryChatbot/.airflow-venv/lib/python3.12/site-packages/airflow/example_dags/plugins/event_listener.py
[2026-09-22T15:05:51.140+0200] {processor.py:927} WARNING - No viable dags retrieved from /Users/swarnalidatta/Desktop/AutoQueryChatbot/.airflow-venv/lib/python3.12/site-packages/airflow/example_dags/plugins/event_listener.py
[2026-09-22T15:05:51.164+0200] {processor.py:208} INFO - Processing /Users/swarnalidatta/Desktop/AutoQueryChatbot/.airflow-venv/lib/python3.12/site-packages/airflow/example_dags/plugins/event_listener.py took 0.026 seconds
[2026-09-22T15:06:55.932+0200] {processor.py:186} INFO - Started process (PID=30786) to work on /Users/swarnalidatta/Desktop/AutoQueryChatbot/.airflow-venv/lib/python3.12/site-packages/airflow/example_dags/plugins/event_listener.py
[2026-09-22T15:06:55.933+0200] {processor.py:914} INFO - Processing file /Users/swarnalidatta/Desktop/AutoQueryChatbot/.airflow-venv/lib/python3.12/site-packages/airflow/example_dags/plugins/event_listener.py for tasks to queue
[2026-09-22T15:06:55.933+0200] {logging_mixin.py:190} INFO - [2026-09-22T15:06:55.933+0200] {dagbag.py:588} INFO - Filling up the DagBag from /Users/swarnalidatta/Desktop/AutoQueryChatbot/.airflow-venv/lib/python3.12/site-packages/airflow/example_dags/plugins/event_listener.py
[2026-09-22T15:06:55.933+0200] {processor.py:927} WARNING - No viable dags retrieved from /Users/swarnalidatta/Desktop/AutoQueryChatbot/.airflow-venv/lib/python3.12/site-packages/airflow/example_dags/plugins/event_listener.py
[2026-09-22T15:06:55.957+0200] {processor.py:208} INFO - Processing /Users/swarnalidatta/Desktop/AutoQueryChatbot/.airflow-venv/lib/python3.12/site-packages/airflow/example_dags/plugins/event_listener.py took 0.026 seconds
[2026-09-22T15:08:01.690+0200] {processor.py:186} INFO - Started process (PID=30934) to work on /Users/swarnalidatta/Desktop/AutoQueryChatbot/.airflow-venv/lib/python3.12/site-packages/airflow/example_dags/plugins/event_listener.py
[2026-09-22T15:08:01.690+0200] {processor.py:914} INFO - Processing file /Users/swarnalidatta/Desktop/AutoQueryChatbot/.airflow-venv/lib/python3.12/site-packages/airflow/example_dags/plugins/event_listener.py for tasks to queue
[2026-09-22T15:08:01.691+0200] {logging_mixin.py:190} INFO - [2026-09-22T15:08:01.691+0200] {dagbag.py:588} INFO - Filling up the DagBag from /Users/swarnalidatta/Desktop/AutoQueryChatbot/.airflow-venv/lib/python3.12/site-packages/airflow/example_dags/plugins/event_listener.py
[2026-09-22T15:08:01.691+0200] {processor.py:927} WARNING - No viable dags retrieved from /Users/swarnalidatta/Desktop/AutoQueryChatbot/.airflow-venv/lib/python3.12/site-packages/airflow/example_dags/plugins/event_listener.py
[2026-09-22T15:08:01.715+0200] {processor.py:208} INFO - Processing /Users/swarnalidatta/Desktop/AutoQueryChatbot/.airflow-venv/lib/python3.12/site-packages/airflow/example_dags/plugins/event_listener.py took 0.026 seconds
[2026-09-22T15:09:06.685+0200] {processor.py:186} INFO - Started process (PID=31080) to work on /Users/swarnalidatta/Desktop/AutoQueryChatbot/.airflow-venv/lib/python3.12/site-packages/airflow/example_dags/plugins/event_listener.py
[2026-09-22T15:09:06.686+0200] {processor.py:914} INFO - Processing file /Users/swarnalidatta/Desktop/AutoQueryChatbot/.airflow-venv/lib/python3.12/site-packages/airflow/example_dags/plugins/event_listener.py for tasks to queue
[2026-09-22T15:09:06.686+0200] {logging_mixin.py:190} INFO - [2026-09-22T15:09:06.686+0200] {dagbag.py:588} INFO - Filling up the DagBag from /Users/swarnalidatta/Desktop/AutoQueryChatbot/.airflow-venv/lib/python3.12/site-packages/airflow/example_dags/plugins/event_listener.py
[2026-09-22T15:09:06.686+0200] {processor.py:927} WARNING - No viable dags retrieved from /Users/swarnalidatta/Desktop/AutoQueryChatbot/.airflow-venv/lib/python3.12/site-packages/airflow/example_dags/plugins/event_listener.py
[2026-09-22T15:09:06.710+0200] {processor.py:208} INFO - Processing /Users/swarnalidatta/Desktop/AutoQueryChatbot/.airflow-venv/lib/python3.12/site-packages/airflow/example_dags/plugins/event_listener.py took 0.026 seconds
[2026-09-22T15:10:15.864+0200] {processor.py:186} INFO - Started process (PID=31239) to work on /Users/swarnalidatta/Desktop/AutoQueryChatbot/.airflow-venv/lib/python3.12/site-packages/airflow/example_dags/plugins/event_listener.py
[2026-09-22T15:10:15.864+0200] {processor.py:914} INFO - Processing file /Users/swarnalidatta/Desktop/AutoQueryChatbot/.airflow-venv/lib/python3.12/site-packages/airflow/example_dags/plugins/event_listener.py for tasks to queue
[2026-09-22T15:10:15.864+0200] {logging_mixin.py:190} INFO - [2026-09-22T15:10:15.864+0200] {dagbag.py:588} INFO - Filling up the DagBag from /Users/swarnalidatta/Desktop/AutoQueryChatbot/.airflow-venv/lib/python3.12/site-packages/airflow/example_dags/plugins/event_listener.py
[2026-09-22T15:10:15.865+0200] {processor.py:927} WARNING - No viable dags retrieved from /Users/swarnalidatta/Desktop/AutoQueryChatbot/.airflow-venv/lib/python3.12/site-packages/airflow/example_dags/plugins/event_listener.py
[2026-09-22T15:10:15.889+0200] {processor.py:208} INFO - Processing /Users/swarnalidatta/Desktop/AutoQueryChatbot/.airflow-venv/lib/python3.12/site-packages/airflow/example_dags/plugins/event_listener.py took 0.027 seconds
[2026-09-22T15:11:21.097+0200] {processor.py:186} INFO - Started process (PID=31390) to work on /Users/swarnalidatta/Desktop/AutoQueryChatbot/.airflow-venv/lib/python3.12/site-packages/airflow/example_dags/plugins/event_listener.py
[2026-09-22T15:11:21.098+0200] {processor.py:914} INFO - Processing file /Users/swarnalidatta/Desktop/AutoQueryChatbot/.airflow-venv/lib/python3.12/site-packages/airflow/example_dags/plugins/event_listener.py for tasks to queue
[2026-09-22T15:11:21.098+0200] {logging_mixin.py:190} INFO - [2026-09-22T15:11:21.098+0200] {dagbag.py:588} INFO - Filling up the DagBag from /Users/swarnalidatta/Desktop/AutoQueryChatbot/.airflow-venv/lib/python3.12/site-packages/airflow/example_dags/plugins/event_listener.py
[2026-09-22T15:11:21.098+0200] {processor.py:927} WARNING - No viable dags retrieved from /Users/swarnalidatta/Desktop/AutoQueryChatbot/.airflow-venv/lib/python3.12/site-packages/airflow/example_dags/plugins/event_listener.py
[2026-09-22T15:11:21.123+0200] {processor.py:208} INFO - Processing /Users/swarnalidatta/Desktop/AutoQueryChatbot/.airflow-venv/lib/python3.12/site-packages/airflow/example_dags/plugins/event_listener.py took 0.027 seconds
[2026-09-22T15:12:28.603+0200] {processor.py:186} INFO - Started process (PID=31535) to work on /Users/swarnalidatta/Desktop/AutoQueryChatbot/.airflow-venv/lib/python3.12/site-packages/airflow/example_dags/plugins/event_listener.py
[2026-09-22T15:12:28.603+0200] {processor.py:914} INFO - Processing file /Users/swarnalidatta/Desktop/AutoQueryChatbot/.airflow-venv/lib/python3.12/site-packages/airflow/example_dags/plugins/event_listener.py for tasks to queue
[2026-09-22T15:12:28.603+0200] {logging_mixin.py:190} INFO - [2026-09-22T15:12:28.603+0200] {dagbag.py:588} INFO - Filling up the DagBag from /Users/swarnalidatta/Desktop/AutoQueryChatbot/.airflow-venv/lib/python3.12/site-packages/airflow/example_dags/plugins/event_listener.py
[2026-09-22T15:12:28.604+0200] {processor.py:927} WARNING - No viable dags retrieved from /Users/swarnalidatta/Desktop/AutoQueryChatbot/.airflow-venv/lib/python3.12/site-packages/airflow/example_dags/plugins/event_listener.py
[2026-09-22T15:12:28.628+0200] {processor.py:208} INFO - Processing /Users/swarnalidatta/Desktop/AutoQueryChatbot/.airflow-venv/lib/python3.12/site-packages/airflow/example_dags/plugins/event_listener.py took 0.027 seconds
[2026-09-22T15:13:35.649+0200] {processor.py:186} INFO - Started process (PID=31692) to work on /Users/swarnalidatta/Desktop/AutoQueryChatbot/.airflow-venv/lib/python3.12/site-packages/airflow/example_dags/plugins/event_listener.py
[2026-09-22T15:13:35.650+0200] {processor.py:914} INFO - Processing file /Users/swarnalidatta/Desktop/AutoQueryChatbot/.airflow-venv/lib/python3.12/site-packages/airflow/example_dags/plugins/event_listener.py for tasks to queue
[2026-09-22T15:13:35.650+0200] {logging_mixin.py:190} INFO - [2026-09-22T15:13:35.650+0200] {dagbag.py:588} INFO - Filling up the DagBag from /Users/swarnalidatta/Desktop/AutoQueryChatbot/.airflow-venv/lib/python3.12/site-packages/airflow/example_dags/plugins/event_listener.py
[2026-09-22T15:13:35.650+0200] {processor.py:927} WARNING - No viable dags retrieved from /Users/swarnalidatta/Desktop/AutoQueryChatbot/.airflow-venv/lib/python3.12/site-packages/airflow/example_dags/plugins/event_listener.py
[2026-09-22T15:13:35.675+0200] {processor.py:208} INFO - Processing /Users/swarnalidatta/Desktop/AutoQueryChatbot/.airflow-venv/lib/python3.12/site-packages/airflow/example_dags/plugins/event_listener.py took 0.027 seconds
[2026-09-22T15:14:42.477+0200] {processor.py:186} INFO - Started process (PID=31844) to work on /Users/swarnalidatta/Desktop/AutoQueryChatbot/.airflow-venv/lib/python3.12/site-packages/airflow/example_dags/plugins/event_listener.py
[2026-09-22T15:14:42.477+0200] {processor.py:914} INFO - Processing file /Users/swarnalidatta/Desktop/AutoQueryChatbot/.airflow-venv/lib/python3.12/site-packages/airflow/example_dags/plugins/event_listener.py for tasks to queue
[2026-09-22T15:14:42.477+0200] {logging_mixin.py:190} INFO - [2026-09-22T15:14:42.477+0200] {dagbag.py:588} INFO - Filling up the DagBag from /Users/swarnalidatta/Desktop/AutoQueryChatbot/.airflow-venv/lib/python3.12/site-packages/airflow/example_dags/plugins/event_listener.py
[2026-09-22T15:14:42.478+0200] {processor.py:927} WARNING - No viable dags retrieved from /Users/swarnalidatta/Desktop/AutoQueryChatbot/.airflow-venv/lib/python3.12/site-packages/airflow/example_dags/plugins/event_listener.py
[2026-09-22T15:14:42.502+0200] {processor.py:208} INFO - Processing /Users/swarnalidatta/Desktop/AutoQueryChatbot/.airflow-venv/lib/python3.12/site-packages/airflow/example_dags/plugins/event_listener.py took 0.026 seconds
[2026-09-22T15:15:45.740+0200] {processor.py:186} INFO - Started process (PID=32496) to work on /Users/swarnalidatta/Desktop/AutoQueryChatbot/.airflow-venv/lib/python3.12/site-packages/airflow/example_dags/plugins/event_listener.py
[2026-09-22T15:15:45.740+0200] {processor.py:914} INFO - Processing file /Users/swarnalidatta/Desktop/AutoQueryChatbot/.airflow-venv/lib/python3.12/site-packages/airflow/example_dags/plugins/event_listener.py for tasks to queue
[2026-09-22T15:15:45.740+0200] {logging_mixin.py:190} INFO - [2026-09-22T15:15:45.740+0200] {dagbag.py:588} INFO - Filling up the DagBag from /Users/swarnalidatta/Desktop/AutoQueryChatbot/.airflow-venv/lib/python3.12/site-packages/airflow/example_dags/plugins/event_listener.py
[2026-09-22T15:15:45.741+0200] {processor.py:927} WARNING - No viable dags retrieved from /Users/swarnalidatta/Desktop/AutoQueryChatbot/.airflow-venv/lib/python3.12/site-packages/airflow/example_dags/plugins/event_listener.py
[2026-09-22T15:15:45.765+0200] {processor.py:208} INFO - Processing /Users/swarnalidatta/Desktop/AutoQueryChatbot/.airflow-venv/lib/python3.12/site-packages/airflow/example_dags/plugins/event_listener.py took 0.027 seconds
[2026-09-22T15:16:48.250+0200] {processor.py:186} INFO - Started process (PID=32636) to work on /Users/swarnalidatta/Desktop/AutoQueryChatbot/.airflow-venv/lib/python3.12/site-packages/airflow/example_dags/plugins/event_listener.py
[2026-09-22T15:16:48.250+0200] {processor.py:914} INFO - Processing file /Users/swarnalidatta/Desktop/AutoQueryChatbot/.airflow-venv/lib/python3.12/site-packages/airflow/example_dags/plugins/event_listener.py for tasks to queue
[2026-09-22T15:16:48.251+0200] {logging_mixin.py:190} INFO - [2026-09-22T15:16:48.250+0200] {dagbag.py:588} INFO - Filling up the DagBag from /Users/swarnalidatta/Desktop/AutoQueryChatbot/.airflow-venv/lib/python3.12/site-packages/airflow/example_dags/plugins/event_listener.py
[2026-09-22T15:16:48.251+0200] {processor.py:927} WARNING - No viable dags retrieved from /Users/swarnalidatta/Desktop/AutoQueryChatbot/.airflow-venv/lib/python3.12/site-packages/airflow/example_dags/plugins/event_listener.py
[2026-09-22T15:16:48.275+0200] {processor.py:208} INFO - Processing /Users/swarnalidatta/Desktop/AutoQueryChatbot/.airflow-venv/lib/python3.12/site-packages/airflow/example_dags/plugins/event_listener.py took 0.027 seconds
[2026-09-22T15:17:53.229+0200] {processor.py:186} INFO - Started process (PID=32785) to work on /Users/swarnalidatta/Desktop/AutoQueryChatbot/.airflow-venv/lib/python3.12/site-packages/airflow/example_dags/plugins/event_listener.py
[2026-09-22T15:17:53.229+0200] {processor.py:914} INFO - Processing file /Users/swarnalidatta/Desktop/AutoQueryChatbot/.airflow-venv/lib/python3.12/site-packages/airflow/example_dags/plugins/event_listener.py for tasks to queue
[2026-09-22T15:17:53.229+0200] {logging_mixin.py:190} INFO - [2026-09-22T15:17:53.229+0200] {dagbag.py:588} INFO - Filling up the DagBag from /Users/swarnalidatta/Desktop/AutoQueryChatbot/.airflow-venv/lib/python3.12/site-packages/airflow/example_dags/plugins/event_listener.py
[2026-09-22T15:17:53.230+0200] {processor.py:927} WARNING - No viable dags retrieved from /Users/swarnalidatta/Desktop/AutoQueryChatbot/.airflow-venv/lib/python3.12/site-packages/airflow/example_dags/plugins/event_listener.py
[2026-09-22T15:17:53.254+0200] {processor.py:208} INFO - Processing /Users/swarnalidatta/Desktop/AutoQueryChatbot/.airflow-venv/lib/python3.12/site-packages/airflow/example_dags/plugins/event_listener.py took 0.027 seconds
[2026-09-22T15:18:58.653+0200] {processor.py:186} INFO - Started process (PID=32936) to work on /Users/swarnalidatta/Desktop/AutoQueryChatbot/.airflow-venv/lib/python3.12/site-packages/airflow/example_dags/plugins/event_listener.py
[2026-09-22T15:18:58.653+0200] {processor.py:914} INFO - Processing file /Users/swarnalidatta/Desktop/AutoQueryChatbot/.airflow-venv/lib/python3.12/site-packages/airflow/example_dags/plugins/event_listener.py for tasks to queue
[2026-09-22T15:18:58.654+0200] {logging_mixin.py:190} INFO - [2026-09-22T15:18:58.654+0200] {dagbag.py:588} INFO - Filling up the DagBag from /Users/swarnalidatta/Desktop/AutoQueryChatbot/.airflow-venv/lib/python3.12/site-packages/airflow/example_dags/plugins/event_listener.py
[2026-09-22T15:18:58.654+0200] {processor.py:927} WARNING - No viable dags retrieved from /Users/swarnalidatta/Desktop/AutoQueryChatbot/.airflow-venv/lib/python3.12/site-packages/airflow/example_dags/plugins/event_listener.py
[2026-09-22T15:18:58.678+0200] {processor.py:208} INFO - Processing /Users/swarnalidatta/Desktop/AutoQueryChatbot/.airflow-venv/lib/python3.12/site-packages/airflow/example_dags/plugins/event_listener.py took 0.026 seconds
[2026-09-22T15:20:04.793+0200] {processor.py:186} INFO - Started process (PID=33224) to work on /Users/swarnalidatta/Desktop/AutoQueryChatbot/.airflow-venv/lib/python3.12/site-packages/airflow/example_dags/plugins/event_listener.py
[2026-09-22T15:20:04.793+0200] {processor.py:914} INFO - Processing file /Users/swarnalidatta/Desktop/AutoQueryChatbot/.airflow-venv/lib/python3.12/site-packages/airflow/example_dags/plugins/event_listener.py for tasks to queue
[2026-09-22T15:20:04.793+0200] {logging_mixin.py:190} INFO - [2026-09-22T15:20:04.793+0200] {dagbag.py:588} INFO - Filling up the DagBag from /Users/swarnalidatta/Desktop/AutoQueryChatbot/.airflow-venv/lib/python3.12/site-packages/airflow/example_dags/plugins/event_listener.py
[2026-09-22T15:20:04.794+0200] {processor.py:927} WARNING - No viable dags retrieved from /Users/swarnalidatta/Desktop/AutoQueryChatbot/.airflow-venv/lib/python3.12/site-packages/airflow/example_dags/plugins/event_listener.py
[2026-09-22T15:20:04.818+0200] {processor.py:208} INFO - Processing /Users/swarnalidatta/Desktop/AutoQueryChatbot/.airflow-venv/lib/python3.12/site-packages/airflow/example_dags/plugins/event_listener.py took 0.026 seconds
[2026-09-22T15:21:09.164+0200] {processor.py:186} INFO - Started process (PID=33364) to work on /Users/swarnalidatta/Desktop/AutoQueryChatbot/.airflow-venv/lib/python3.12/site-packages/airflow/example_dags/plugins/event_listener.py
[2026-09-22T15:21:09.164+0200] {processor.py:914} INFO - Processing file /Users/swarnalidatta/Desktop/AutoQueryChatbot/.airflow-venv/lib/python3.12/site-packages/airflow/example_dags/plugins/event_listener.py for tasks to queue
[2026-09-22T15:21:09.165+0200] {logging_mixin.py:190} INFO - [2026-09-22T15:21:09.165+0200] {dagbag.py:588} INFO - Filling up the DagBag from /Users/swarnalidatta/Desktop/AutoQueryChatbot/.airflow-venv/lib/python3.12/site-packages/airflow/example_dags/plugins/event_listener.py
[2026-09-22T15:21:09.165+0200] {processor.py:927} WARNING - No viable dags retrieved from /Users/swarnalidatta/Desktop/AutoQueryChatbot/.airflow-venv/lib/python3.12/site-packages/airflow/example_dags/plugins/event_listener.py
[2026-09-22T15:21:09.189+0200] {processor.py:208} INFO - Processing /Users/swarnalidatta/Desktop/AutoQueryChatbot/.airflow-venv/lib/python3.12/site-packages/airflow/example_dags/plugins/event_listener.py took 0.026 seconds
[2026-09-22T15:22:16.150+0200] {processor.py:186} INFO - Started process (PID=33525) to work on /Users/swarnalidatta/Desktop/AutoQueryChatbot/.airflow-venv/lib/python3.12/site-packages/airflow/example_dags/plugins/event_listener.py
[2026-09-22T15:22:16.150+0200] {processor.py:914} INFO - Processing file /Users/swarnalidatta/Desktop/AutoQueryChatbot/.airflow-venv/lib/python3.12/site-packages/airflow/example_dags/plugins/event_listener.py for tasks to queue
[2026-09-22T15:22:16.151+0200] {logging_mixin.py:190} INFO - [2026-09-22T15:22:16.151+0200] {dagbag.py:588} INFO - Filling up the DagBag from /Users/swarnalidatta/Desktop/AutoQueryChatbot/.airflow-venv/lib/python3.12/site-packages/airflow/example_dags/plugins/event_listener.py
[2026-09-22T15:22:16.151+0200] {processor.py:927} WARNING - No viable dags retrieved from /Users/swarnalidatta/Desktop/AutoQueryChatbot/.airflow-venv/lib/python3.12/site-packages/airflow/example_dags/plugins/event_listener.py
[2026-09-22T15:22:16.176+0200] {processor.py:208} INFO - Processing /Users/swarnalidatta/Desktop/AutoQueryChatbot/.airflow-venv/lib/python3.12/site-packages/airflow/example_dags/plugins/event_listener.py took 0.027 seconds
[2026-09-22T15:23:23.793+0200] {processor.py:186} INFO - Started process (PID=33672) to work on /Users/swarnalidatta/Desktop/AutoQueryChatbot/.airflow-venv/lib/python3.12/site-packages/airflow/example_dags/plugins/event_listener.py
[2026-09-22T15:23:23.794+0200] {processor.py:914} INFO - Processing file /Users/swarnalidatta/Desktop/AutoQueryChatbot/.airflow-venv/lib/python3.12/site-packages/airflow/example_dags/plugins/event_listener.py for tasks to queue
[2026-09-22T15:23:23.794+0200] {logging_mixin.py:190} INFO - [2026-09-22T15:23:23.794+0200] {dagbag.py:588} INFO - Filling up the DagBag from /Users/swarnalidatta/Desktop/AutoQueryChatbot/.airflow-venv/lib/python3.12/site-packages/airflow/example_dags/plugins/event_listener.py
[2026-09-22T15:23:23.794+0200] {processor.py:927} WARNING - No viable dags retrieved from /Users/swarnalidatta/Desktop/AutoQueryChatbot/.airflow-venv/lib/python3.12/site-packages/airflow/example_dags/plugins/event_listener.py
[2026-09-22T15:23:23.819+0200] {processor.py:208} INFO - Processing /Users/swarnalidatta/Desktop/AutoQueryChatbot/.airflow-venv/lib/python3.12/site-packages/airflow/example_dags/plugins/event_listener.py took 0.027 seconds
[2026-09-22T15:24:32.717+0200] {processor.py:186} INFO - Started process (PID=33826) to work on /Users/swarnalidatta/Desktop/AutoQueryChatbot/.airflow-venv/lib/python3.12/site-packages/airflow/example_dags/plugins/event_listener.py
[2026-09-22T15:24:32.718+0200] {processor.py:914} INFO - Processing file /Users/swarnalidatta/Desktop/AutoQueryChatbot/.airflow-venv/lib/python3.12/site-packages/airflow/example_dags/plugins/event_listener.py for tasks to queue
[2026-09-22T15:24:32.718+0200] {logging_mixin.py:190} INFO - [2026-09-22T15:24:32.718+0200] {dagbag.py:588} INFO - Filling up the DagBag from /Users/swarnalidatta/Desktop/AutoQueryChatbot/.airflow-venv/lib/python3.12/site-packages/airflow/example_dags/plugins/event_listener.py
[2026-09-22T15:24:32.718+0200] {processor.py:927} WARNING - No viable dags retrieved from /Users/swarnalidatta/Desktop/AutoQueryChatbot/.airflow-venv/lib/python3.12/site-packages/airflow/example_dags/plugins/event_listener.py
[2026-09-22T15:24:32.743+0200] {processor.py:208} INFO - Processing /Users/swarnalidatta/Desktop/AutoQueryChatbot/.airflow-venv/lib/python3.12/site-packages/airflow/example_dags/plugins/event_listener.py took 0.027 seconds
[2026-09-22T15:25:42.519+0200] {processor.py:186} INFO - Started process (PID=33978) to work on /Users/swarnalidatta/Desktop/AutoQueryChatbot/.airflow-venv/lib/python3.12/site-packages/airflow/example_dags/plugins/event_listener.py
[2026-09-22T15:25:42.520+0200] {processor.py:914} INFO - Processing file /Users/swarnalidatta/Desktop/AutoQueryChatbot/.airflow-venv/lib/python3.12/site-packages/airflow/example_dags/plugins/event_listener.py for tasks to queue
[2026-09-22T15:25:42.520+0200] {logging_mixin.py:190} INFO - [2026-09-22T15:25:42.520+0200] {dagbag.py:588} INFO - Filling up the DagBag from /Users/swarnalidatta/Desktop/AutoQueryChatbot/.airflow-venv/lib/python3.12/site-packages/airflow/example_dags/plugins/event_listener.py
[2026-09-22T15:25:42.521+0200] {processor.py:927} WARNING - No viable dags retrieved from /Users/swarnalidatta/Desktop/AutoQueryChatbot/.airflow-venv/lib/python3.12/site-packages/airflow/example_dags/plugins/event_listener.py
[2026-09-22T15:25:42.545+0200] {processor.py:208} INFO - Processing /Users/swarnalidatta/Desktop/AutoQueryChatbot/.airflow-venv/lib/python3.12/site-packages/airflow/example_dags/plugins/event_listener.py took 0.026 seconds
[2026-09-22T15:26:49.856+0200] {processor.py:186} INFO - Started process (PID=34132) to work on /Users/swarnalidatta/Desktop/AutoQueryChatbot/.airflow-venv/lib/python3.12/site-packages/airflow/example_dags/plugins/event_listener.py
[2026-09-22T15:26:49.857+0200] {processor.py:914} INFO - Processing file /Users/swarnalidatta/Desktop/AutoQueryChatbot/.airflow-venv/lib/python3.12/site-packages/airflow/example_dags/plugins/event_listener.py for tasks to queue
[2026-09-22T15:26:49.857+0200] {logging_mixin.py:190} INFO - [2026-09-22T15:26:49.857+0200] {dagbag.py:588} INFO - Filling up the DagBag from /Users/swarnalidatta/Desktop/AutoQueryChatbot/.airflow-venv/lib/python3.12/site-packages/airflow/example_dags/plugins/event_listener.py
[2026-09-22T15:26:49.858+0200] {processor.py:927} WARNING - No viable dags retrieved from /Users/swarnalidatta/Desktop/AutoQueryChatbot/.airflow-venv/lib/python3.12/site-packages/airflow/example_dags/plugins/event_listener.py
[2026-09-22T15:26:49.882+0200] {processor.py:208} INFO - Processing /Users/swarnalidatta/Desktop/AutoQueryChatbot/.airflow-venv/lib/python3.12/site-packages/airflow/example_dags/plugins/event_listener.py took 0.026 seconds
[2026-09-22T15:27:58.190+0200] {processor.py:186} INFO - Started process (PID=34279) to work on /Users/swarnalidatta/Desktop/AutoQueryChatbot/.airflow-venv/lib/python3.12/site-packages/airflow/example_dags/plugins/event_listener.py
[2026-09-22T15:27:58.190+0200] {processor.py:914} INFO - Processing file /Users/swarnalidatta/Desktop/AutoQueryChatbot/.airflow-venv/lib/python3.12/site-packages/airflow/example_dags/plugins/event_listener.py for tasks to queue
[2026-09-22T15:27:58.190+0200] {logging_mixin.py:190} INFO - [2026-09-22T15:27:58.190+0200] {dagbag.py:588} INFO - Filling up the DagBag from /Users/swarnalidatta/Desktop/AutoQueryChatbot/.airflow-venv/lib/python3.12/site-packages/airflow/example_dags/plugins/event_listener.py
[2026-09-22T15:27:58.191+0200] {processor.py:927} WARNING - No viable dags retrieved from /Users/swarnalidatta/Desktop/AutoQueryChatbot/.airflow-venv/lib/python3.12/site-packages/airflow/example_dags/plugins/event_listener.py
[2026-09-22T15:27:58.215+0200] {processor.py:208} INFO - Processing /Users/swarnalidatta/Desktop/AutoQueryChatbot/.airflow-venv/lib/python3.12/site-packages/airflow/example_dags/plugins/event_listener.py took 0.026 seconds
[2026-09-22T15:29:02.863+0200] {processor.py:186} INFO - Started process (PID=34425) to work on /Users/swarnalidatta/Desktop/AutoQueryChatbot/.airflow-venv/lib/python3.12/site-packages/airflow/example_dags/plugins/event_listener.py
[2026-09-22T15:29:02.863+0200] {processor.py:914} INFO - Processing file /Users/swarnalidatta/Desktop/AutoQueryChatbot/.airflow-venv/lib/python3.12/site-packages/airflow/example_dags/plugins/event_listener.py for tasks to queue
[2026-09-22T15:29:02.863+0200] {logging_mixin.py:190} INFO - [2026-09-22T15:29:02.863+0200] {dagbag.py:588} INFO - Filling up the DagBag from /Users/swarnalidatta/Desktop/AutoQueryChatbot/.airflow-venv/lib/python3.12/site-packages/airflow/example_dags/plugins/event_listener.py
[2026-09-22T15:29:02.864+0200] {processor.py:927} WARNING - No viable dags retrieved from /Users/swarnalidatta/Desktop/AutoQueryChatbot/.airflow-venv/lib/python3.12/site-packages/airflow/example_dags/plugins/event_listener.py
[2026-09-22T15:29:02.889+0200] {processor.py:208} INFO - Processing /Users/swarnalidatta/Desktop/AutoQueryChatbot/.airflow-venv/lib/python3.12/site-packages/airflow/example_dags/plugins/event_listener.py took 0.028 seconds
[2026-09-22T15:30:09.061+0200] {processor.py:186} INFO - Started process (PID=34573) to work on /Users/swarnalidatta/Desktop/AutoQueryChatbot/.airflow-venv/lib/python3.12/site-packages/airflow/example_dags/plugins/event_listener.py
[2026-09-22T15:30:09.061+0200] {processor.py:914} INFO - Processing file /Users/swarnalidatta/Desktop/AutoQueryChatbot/.airflow-venv/lib/python3.12/site-packages/airflow/example_dags/plugins/event_listener.py for tasks to queue
[2026-09-22T15:30:09.061+0200] {logging_mixin.py:190} INFO - [2026-09-22T15:30:09.061+0200] {dagbag.py:588} INFO - Filling up the DagBag from /Users/swarnalidatta/Desktop/AutoQueryChatbot/.airflow-venv/lib/python3.12/site-packages/airflow/example_dags/plugins/event_listener.py
[2026-09-22T15:30:09.062+0200] {processor.py:927} WARNING - No viable dags retrieved from /Users/swarnalidatta/Desktop/AutoQueryChatbot/.airflow-venv/lib/python3.12/site-packages/airflow/example_dags/plugins/event_listener.py
[2026-09-22T15:30:09.087+0200] {processor.py:208} INFO - Processing /Users/swarnalidatta/Desktop/AutoQueryChatbot/.airflow-venv/lib/python3.12/site-packages/airflow/example_dags/plugins/event_listener.py took 0.027 seconds
[2026-09-22T15:31:11.967+0200] {processor.py:186} INFO - Started process (PID=34713) to work on /Users/swarnalidatta/Desktop/AutoQueryChatbot/.airflow-venv/lib/python3.12/site-packages/airflow/example_dags/plugins/event_listener.py
[2026-09-22T15:31:11.967+0200] {processor.py:914} INFO - Processing file /Users/swarnalidatta/Desktop/AutoQueryChatbot/.airflow-venv/lib/python3.12/site-packages/airflow/example_dags/plugins/event_listener.py for tasks to queue
[2026-09-22T15:31:11.967+0200] {logging_mixin.py:190} INFO - [2026-09-22T15:31:11.967+0200] {dagbag.py:588} INFO - Filling up the DagBag from /Users/swarnalidatta/Desktop/AutoQueryChatbot/.airflow-venv/lib/python3.12/site-packages/airflow/example_dags/plugins/event_listener.py
[2026-09-22T15:31:11.968+0200] {processor.py:927} WARNING - No viable dags retrieved from /Users/swarnalidatta/Desktop/AutoQueryChatbot/.airflow-venv/lib/python3.12/site-packages/airflow/example_dags/plugins/event_listener.py
[2026-09-22T15:31:11.993+0200] {processor.py:208} INFO - Processing /Users/swarnalidatta/Desktop/AutoQueryChatbot/.airflow-venv/lib/python3.12/site-packages/airflow/example_dags/plugins/event_listener.py took 0.027 seconds
[2026-09-22T15:32:19.425+0200] {processor.py:186} INFO - Started process (PID=34864) to work on /Users/swarnalidatta/Desktop/AutoQueryChatbot/.airflow-venv/lib/python3.12/site-packages/airflow/example_dags/plugins/event_listener.py
[2026-09-22T15:32:19.425+0200] {processor.py:914} INFO - Processing file /Users/swarnalidatta/Desktop/AutoQueryChatbot/.airflow-venv/lib/python3.12/site-packages/airflow/example_dags/plugins/event_listener.py for tasks to queue
[2026-09-22T15:32:19.426+0200] {logging_mixin.py:190} INFO - [2026-09-22T15:32:19.426+0200] {dagbag.py:588} INFO - Filling up the DagBag from /Users/swarnalidatta/Desktop/AutoQueryChatbot/.airflow-venv/lib/python3.12/site-packages/airflow/example_dags/plugins/event_listener.py
[2026-09-22T15:32:19.426+0200] {processor.py:927} WARNING - No viable dags retrieved from /Users/swarnalidatta/Desktop/AutoQueryChatbot/.airflow-venv/lib/python3.12/site-packages/airflow/example_dags/plugins/event_listener.py
[2026-09-22T15:32:19.450+0200] {processor.py:208} INFO - Processing /Users/swarnalidatta/Desktop/AutoQueryChatbot/.airflow-venv/lib/python3.12/site-packages/airflow/example_dags/plugins/event_listener.py took 0.026 seconds
[2026-09-22T15:33:25.389+0200] {processor.py:186} INFO - Started process (PID=35014) to work on /Users/swarnalidatta/Desktop/AutoQueryChatbot/.airflow-venv/lib/python3.12/site-packages/airflow/example_dags/plugins/event_listener.py
[2026-09-22T15:33:25.389+0200] {processor.py:914} INFO - Processing file /Users/swarnalidatta/Desktop/AutoQueryChatbot/.airflow-venv/lib/python3.12/site-packages/airflow/example_dags/plugins/event_listener.py for tasks to queue
[2026-09-22T15:33:25.389+0200] {logging_mixin.py:190} INFO - [2026-09-22T15:33:25.389+0200] {dagbag.py:588} INFO - Filling up the DagBag from /Users/swarnalidatta/Desktop/AutoQueryChatbot/.airflow-venv/lib/python3.12/site-packages/airflow/example_dags/plugins/event_listener.py
[2026-09-22T15:33:25.390+0200] {processor.py:927} WARNING - No viable dags retrieved from /Users/swarnalidatta/Desktop/AutoQueryChatbot/.airflow-venv/lib/python3.12/site-packages/airflow/example_dags/plugins/event_listener.py
[2026-09-22T15:33:25.414+0200] {processor.py:208} INFO - Processing /Users/swarnalidatta/Desktop/AutoQueryChatbot/.airflow-venv/lib/python3.12/site-packages/airflow/example_dags/plugins/event_listener.py took 0.027 seconds
[2026-09-22T15:34:34.188+0200] {processor.py:186} INFO - Started process (PID=35161) to work on /Users/swarnalidatta/Desktop/AutoQueryChatbot/.airflow-venv/lib/python3.12/site-packages/airflow/example_dags/plugins/event_listener.py
[2026-09-22T15:34:34.189+0200] {processor.py:914} INFO - Processing file /Users/swarnalidatta/Desktop/AutoQueryChatbot/.airflow-venv/lib/python3.12/site-packages/airflow/example_dags/plugins/event_listener.py for tasks to queue
[2026-09-22T15:34:34.189+0200] {logging_mixin.py:190} INFO - [2026-09-22T15:34:34.189+0200] {dagbag.py:588} INFO - Filling up the DagBag from /Users/swarnalidatta/Desktop/AutoQueryChatbot/.airflow-venv/lib/python3.12/site-packages/airflow/example_dags/plugins/event_listener.py
[2026-09-22T15:34:34.189+0200] {processor.py:927} WARNING - No viable dags retrieved from /Users/swarnalidatta/Desktop/AutoQueryChatbot/.airflow-venv/lib/python3.12/site-packages/airflow/example_dags/plugins/event_listener.py
[2026-09-22T15:34:34.214+0200] {processor.py:208} INFO - Processing /Users/swarnalidatta/Desktop/AutoQueryChatbot/.airflow-venv/lib/python3.12/site-packages/airflow/example_dags/plugins/event_listener.py took 0.027 seconds
[2026-09-22T15:35:43.705+0200] {processor.py:186} INFO - Started process (PID=35322) to work on /Users/swarnalidatta/Desktop/AutoQueryChatbot/.airflow-venv/lib/python3.12/site-packages/airflow/example_dags/plugins/event_listener.py
[2026-09-22T15:35:43.705+0200] {processor.py:914} INFO - Processing file /Users/swarnalidatta/Desktop/AutoQueryChatbot/.airflow-venv/lib/python3.12/site-packages/airflow/example_dags/plugins/event_listener.py for tasks to queue
[2026-09-22T15:35:43.706+0200] {logging_mixin.py:190} INFO - [2026-09-22T15:35:43.706+0200] {dagbag.py:588} INFO - Filling up the DagBag from /Users/swarnalidatta/Desktop/AutoQueryChatbot/.airflow-venv/lib/python3.12/site-packages/airflow/example_dags/plugins/event_listener.py
[2026-09-22T15:35:43.706+0200] {processor.py:927} WARNING - No viable dags retrieved from /Users/swarnalidatta/Desktop/AutoQueryChatbot/.airflow-venv/lib/python3.12/site-packages/airflow/example_dags/plugins/event_listener.py
[2026-09-22T15:35:43.730+0200] {processor.py:208} INFO - Processing /Users/swarnalidatta/Desktop/AutoQueryChatbot/.airflow-venv/lib/python3.12/site-packages/airflow/example_dags/plugins/event_listener.py took 0.026 seconds
[2026-09-22T15:36:50.076+0200] {processor.py:186} INFO - Started process (PID=35474) to work on /Users/swarnalidatta/Desktop/AutoQueryChatbot/.airflow-venv/lib/python3.12/site-packages/airflow/example_dags/plugins/event_listener.py
[2026-09-22T15:36:50.077+0200] {processor.py:914} INFO - Processing file /Users/swarnalidatta/Desktop/AutoQueryChatbot/.airflow-venv/lib/python3.12/site-packages/airflow/example_dags/plugins/event_listener.py for tasks to queue
[2026-09-22T15:36:50.077+0200] {logging_mixin.py:190} INFO - [2026-09-22T15:36:50.077+0200] {dagbag.py:588} INFO - Filling up the DagBag from /Users/swarnalidatta/Desktop/AutoQueryChatbot/.airflow-venv/lib/python3.12/site-packages/airflow/example_dags/plugins/event_listener.py
[2026-09-22T15:36:50.077+0200] {processor.py:927} WARNING - No viable dags retrieved from /Users/swarnalidatta/Desktop/AutoQueryChatbot/.airflow-venv/lib/python3.12/site-packages/airflow/example_dags/plugins/event_listener.py
[2026-09-22T15:36:50.102+0200] {processor.py:208} INFO - Processing /Users/swarnalidatta/Desktop/AutoQueryChatbot/.airflow-venv/lib/python3.12/site-packages/airflow/example_dags/plugins/event_listener.py took 0.026 seconds
[2026-09-22T15:37:54.358+0200] {processor.py:186} INFO - Started process (PID=35620) to work on /Users/swarnalidatta/Desktop/AutoQueryChatbot/.airflow-venv/lib/python3.12/site-packages/airflow/example_dags/plugins/event_listener.py
[2026-09-22T15:37:54.358+0200] {processor.py:914} INFO - Processing file /Users/swarnalidatta/Desktop/AutoQueryChatbot/.airflow-venv/lib/python3.12/site-packages/airflow/example_dags/plugins/event_listener.py for tasks to queue
[2026-09-22T15:37:54.358+0200] {logging_mixin.py:190} INFO - [2026-09-22T15:37:54.358+0200] {dagbag.py:588} INFO - Filling up the DagBag from /Users/swarnalidatta/Desktop/AutoQueryChatbot/.airflow-venv/lib/python3.12/site-packages/airflow/example_dags/plugins/event_listener.py
[2026-09-22T15:37:54.359+0200] {processor.py:927} WARNING - No viable dags retrieved from /Users/swarnalidatta/Desktop/AutoQueryChatbot/.airflow-venv/lib/python3.12/site-packages/airflow/example_dags/plugins/event_listener.py
[2026-09-22T15:37:54.383+0200] {processor.py:208} INFO - Processing /Users/swarnalidatta/Desktop/AutoQueryChatbot/.airflow-venv/lib/python3.12/site-packages/airflow/example_dags/plugins/event_listener.py took 0.027 seconds
[2026-09-22T15:39:06.263+0200] {processor.py:186} INFO - Started process (PID=35775) to work on /Users/swarnalidatta/Desktop/AutoQueryChatbot/.airflow-venv/lib/python3.12/site-packages/airflow/example_dags/plugins/event_listener.py
[2026-09-22T15:39:06.263+0200] {processor.py:914} INFO - Processing file /Users/swarnalidatta/Desktop/AutoQueryChatbot/.airflow-venv/lib/python3.12/site-packages/airflow/example_dags/plugins/event_listener.py for tasks to queue
[2026-09-22T15:39:06.263+0200] {logging_mixin.py:190} INFO - [2026-09-22T15:39:06.263+0200] {dagbag.py:588} INFO - Filling up the DagBag from /Users/swarnalidatta/Desktop/AutoQueryChatbot/.airflow-venv/lib/python3.12/site-packages/airflow/example_dags/plugins/event_listener.py
[2026-09-22T15:39:06.264+0200] {processor.py:927} WARNING - No viable dags retrieved from /Users/swarnalidatta/Desktop/AutoQueryChatbot/.airflow-venv/lib/python3.12/site-packages/airflow/example_dags/plugins/event_listener.py
[2026-09-22T15:39:06.288+0200] {processor.py:208} INFO - Processing /Users/swarnalidatta/Desktop/AutoQueryChatbot/.airflow-venv/lib/python3.12/site-packages/airflow/example_dags/plugins/event_listener.py took 0.026 seconds
[2026-09-22T15:40:14.646+0200] {processor.py:186} INFO - Started process (PID=35927) to work on /Users/swarnalidatta/Desktop/AutoQueryChatbot/.airflow-venv/lib/python3.12/site-packages/airflow/example_dags/plugins/event_listener.py
[2026-09-22T15:40:14.646+0200] {processor.py:914} INFO - Processing file /Users/swarnalidatta/Desktop/AutoQueryChatbot/.airflow-venv/lib/python3.12/site-packages/airflow/example_dags/plugins/event_listener.py for tasks to queue
[2026-09-22T15:40:14.647+0200] {logging_mixin.py:190} INFO - [2026-09-22T15:40:14.646+0200] {dagbag.py:588} INFO - Filling up the DagBag from /Users/swarnalidatta/Desktop/AutoQueryChatbot/.airflow-venv/lib/python3.12/site-packages/airflow/example_dags/plugins/event_listener.py
[2026-09-22T15:40:14.647+0200] {processor.py:927} WARNING - No viable dags retrieved from /Users/swarnalidatta/Desktop/AutoQueryChatbot/.airflow-venv/lib/python3.12/site-packages/airflow/example_dags/plugins/event_listener.py
[2026-09-22T15:40:14.671+0200] {processor.py:208} INFO - Processing /Users/swarnalidatta/Desktop/AutoQueryChatbot/.airflow-venv/lib/python3.12/site-packages/airflow/example_dags/plugins/event_listener.py took 0.027 seconds
[2026-09-22T15:41:19.852+0200] {processor.py:186} INFO - Started process (PID=36075) to work on /Users/swarnalidatta/Desktop/AutoQueryChatbot/.airflow-venv/lib/python3.12/site-packages/airflow/example_dags/plugins/event_listener.py
[2026-09-22T15:41:19.853+0200] {processor.py:914} INFO - Processing file /Users/swarnalidatta/Desktop/AutoQueryChatbot/.airflow-venv/lib/python3.12/site-packages/airflow/example_dags/plugins/event_listener.py for tasks to queue
[2026-09-22T15:41:19.853+0200] {logging_mixin.py:190} INFO - [2026-09-22T15:41:19.853+0200] {dagbag.py:588} INFO - Filling up the DagBag from /Users/swarnalidatta/Desktop/AutoQueryChatbot/.airflow-venv/lib/python3.12/site-packages/airflow/example_dags/plugins/event_listener.py
[2026-09-22T15:41:19.853+0200] {processor.py:927} WARNING - No viable dags retrieved from /Users/swarnalidatta/Desktop/AutoQueryChatbot/.airflow-venv/lib/python3.12/site-packages/airflow/example_dags/plugins/event_listener.py
[2026-09-22T15:41:19.878+0200] {processor.py:208} INFO - Processing /Users/swarnalidatta/Desktop/AutoQueryChatbot/.airflow-venv/lib/python3.12/site-packages/airflow/example_dags/plugins/event_listener.py took 0.027 seconds
[2026-09-22T15:42:26.576+0200] {processor.py:186} INFO - Started process (PID=36224) to work on /Users/swarnalidatta/Desktop/AutoQueryChatbot/.airflow-venv/lib/python3.12/site-packages/airflow/example_dags/plugins/event_listener.py
[2026-09-22T15:42:26.576+0200] {processor.py:914} INFO - Processing file /Users/swarnalidatta/Desktop/AutoQueryChatbot/.airflow-venv/lib/python3.12/site-packages/airflow/example_dags/plugins/event_listener.py for tasks to queue
[2026-09-22T15:42:26.576+0200] {logging_mixin.py:190} INFO - [2026-09-22T15:42:26.576+0200] {dagbag.py:588} INFO - Filling up the DagBag from /Users/swarnalidatta/Desktop/AutoQueryChatbot/.airflow-venv/lib/python3.12/site-packages/airflow/example_dags/plugins/event_listener.py
[2026-09-22T15:42:26.577+0200] {processor.py:927} WARNING - No viable dags retrieved from /Users/swarnalidatta/Desktop/AutoQueryChatbot/.airflow-venv/lib/python3.12/site-packages/airflow/example_dags/plugins/event_listener.py
[2026-09-22T15:42:26.601+0200] {processor.py:208} INFO - Processing /Users/swarnalidatta/Desktop/AutoQueryChatbot/.airflow-venv/lib/python3.12/site-packages/airflow/example_dags/plugins/event_listener.py took 0.026 seconds
[2026-09-22T15:43:35.445+0200] {processor.py:186} INFO - Started process (PID=36378) to work on /Users/swarnalidatta/Desktop/AutoQueryChatbot/.airflow-venv/lib/python3.12/site-packages/airflow/example_dags/plugins/event_listener.py
[2026-09-22T15:43:35.445+0200] {processor.py:914} INFO - Processing file /Users/swarnalidatta/Desktop/AutoQueryChatbot/.airflow-venv/lib/python3.12/site-packages/airflow/example_dags/plugins/event_listener.py for tasks to queue
[2026-09-22T15:43:35.446+0200] {logging_mixin.py:190} INFO - [2026-09-22T15:43:35.446+0200] {dagbag.py:588} INFO - Filling up the DagBag from /Users/swarnalidatta/Desktop/AutoQueryChatbot/.airflow-venv/lib/python3.12/site-packages/airflow/example_dags/plugins/event_listener.py
[2026-09-22T15:43:35.446+0200] {processor.py:927} WARNING - No viable dags retrieved from /Users/swarnalidatta/Desktop/AutoQueryChatbot/.airflow-venv/lib/python3.12/site-packages/airflow/example_dags/plugins/event_listener.py
[2026-09-22T15:43:35.470+0200] {processor.py:208} INFO - Processing /Users/swarnalidatta/Desktop/AutoQueryChatbot/.airflow-venv/lib/python3.12/site-packages/airflow/example_dags/plugins/event_listener.py took 0.026 seconds
[2026-09-22T15:44:41.217+0200] {processor.py:186} INFO - Started process (PID=36528) to work on /Users/swarnalidatta/Desktop/AutoQueryChatbot/.airflow-venv/lib/python3.12/site-packages/airflow/example_dags/plugins/event_listener.py
[2026-09-22T15:44:41.218+0200] {processor.py:914} INFO - Processing file /Users/swarnalidatta/Desktop/AutoQueryChatbot/.airflow-venv/lib/python3.12/site-packages/airflow/example_dags/plugins/event_listener.py for tasks to queue
[2026-09-22T15:44:41.218+0200] {logging_mixin.py:190} INFO - [2026-09-22T15:44:41.218+0200] {dagbag.py:588} INFO - Filling up the DagBag from /Users/swarnalidatta/Desktop/AutoQueryChatbot/.airflow-venv/lib/python3.12/site-packages/airflow/example_dags/plugins/event_listener.py
[2026-09-22T15:44:41.218+0200] {processor.py:927} WARNING - No viable dags retrieved from /Users/swarnalidatta/Desktop/AutoQueryChatbot/.airflow-venv/lib/python3.12/site-packages/airflow/example_dags/plugins/event_listener.py
[2026-09-22T15:44:41.243+0200] {processor.py:208} INFO - Processing /Users/swarnalidatta/Desktop/AutoQueryChatbot/.airflow-venv/lib/python3.12/site-packages/airflow/example_dags/plugins/event_listener.py took 0.026 seconds
[2026-09-22T15:45:47.021+0200] {processor.py:186} INFO - Started process (PID=36671) to work on /Users/swarnalidatta/Desktop/AutoQueryChatbot/.airflow-venv/lib/python3.12/site-packages/airflow/example_dags/plugins/event_listener.py
[2026-09-22T15:45:47.022+0200] {processor.py:914} INFO - Processing file /Users/swarnalidatta/Desktop/AutoQueryChatbot/.airflow-venv/lib/python3.12/site-packages/airflow/example_dags/plugins/event_listener.py for tasks to queue
[2026-09-22T15:45:47.022+0200] {logging_mixin.py:190} INFO - [2026-09-22T15:45:47.022+0200] {dagbag.py:588} INFO - Filling up the DagBag from /Users/swarnalidatta/Desktop/AutoQueryChatbot/.airflow-venv/lib/python3.12/site-packages/airflow/example_dags/plugins/event_listener.py
[2026-09-22T15:45:47.022+0200] {processor.py:927} WARNING - No viable dags retrieved from /Users/swarnalidatta/Desktop/AutoQueryChatbot/.airflow-venv/lib/python3.12/site-packages/airflow/example_dags/plugins/event_listener.py
[2026-09-22T15:45:47.047+0200] {processor.py:208} INFO - Processing /Users/swarnalidatta/Desktop/AutoQueryChatbot/.airflow-venv/lib/python3.12/site-packages/airflow/example_dags/plugins/event_listener.py took 0.026 seconds
[2026-09-22T15:46:53.682+0200] {processor.py:186} INFO - Started process (PID=36819) to work on /Users/swarnalidatta/Desktop/AutoQueryChatbot/.airflow-venv/lib/python3.12/site-packages/airflow/example_dags/plugins/event_listener.py
[2026-09-22T15:46:53.682+0200] {processor.py:914} INFO - Processing file /Users/swarnalidatta/Desktop/AutoQueryChatbot/.airflow-venv/lib/python3.12/site-packages/airflow/example_dags/plugins/event_listener.py for tasks to queue
[2026-09-22T15:46:53.682+0200] {logging_mixin.py:190} INFO - [2026-09-22T15:46:53.682+0200] {dagbag.py:588} INFO - Filling up the DagBag from /Users/swarnalidatta/Desktop/AutoQueryChatbot/.airflow-venv/lib/python3.12/site-packages/airflow/example_dags/plugins/event_listener.py
[2026-09-22T15:46:53.683+0200] {processor.py:927} WARNING - No viable dags retrieved from /Users/swarnalidatta/Desktop/AutoQueryChatbot/.airflow-venv/lib/python3.12/site-packages/airflow/example_dags/plugins/event_listener.py
[2026-09-22T15:46:53.707+0200] {processor.py:208} INFO - Processing /Users/swarnalidatta/Desktop/AutoQueryChatbot/.airflow-venv/lib/python3.12/site-packages/airflow/example_dags/plugins/event_listener.py took 0.027 seconds
[2026-09-22T15:48:00.605+0200] {processor.py:186} INFO - Started process (PID=36964) to work on /Users/swarnalidatta/Desktop/AutoQueryChatbot/.airflow-venv/lib/python3.12/site-packages/airflow/example_dags/plugins/event_listener.py
[2026-09-22T15:48:00.605+0200] {processor.py:914} INFO - Processing file /Users/swarnalidatta/Desktop/AutoQueryChatbot/.airflow-venv/lib/python3.12/site-packages/airflow/example_dags/plugins/event_listener.py for tasks to queue
[2026-09-22T15:48:00.605+0200] {logging_mixin.py:190} INFO - [2026-09-22T15:48:00.605+0200] {dagbag.py:588} INFO - Filling up the DagBag from /Users/swarnalidatta/Desktop/AutoQueryChatbot/.airflow-venv/lib/python3.12/site-packages/airflow/example_dags/plugins/event_listener.py
[2026-09-22T15:48:00.606+0200] {processor.py:927} WARNING - No viable dags retrieved from /Users/swarnalidatta/Desktop/AutoQueryChatbot/.airflow-venv/lib/python3.12/site-packages/airflow/example_dags/plugins/event_listener.py
[2026-09-22T15:48:00.631+0200] {processor.py:208} INFO - Processing /Users/swarnalidatta/Desktop/AutoQueryChatbot/.airflow-venv/lib/python3.12/site-packages/airflow/example_dags/plugins/event_listener.py took 0.027 seconds
[2026-09-22T15:49:06.434+0200] {processor.py:186} INFO - Started process (PID=37116) to work on /Users/swarnalidatta/Desktop/AutoQueryChatbot/.airflow-venv/lib/python3.12/site-packages/airflow/example_dags/plugins/event_listener.py
[2026-09-22T15:49:06.434+0200] {processor.py:914} INFO - Processing file /Users/swarnalidatta/Desktop/AutoQueryChatbot/.airflow-venv/lib/python3.12/site-packages/airflow/example_dags/plugins/event_listener.py for tasks to queue
[2026-09-22T15:49:06.434+0200] {logging_mixin.py:190} INFO - [2026-09-22T15:49:06.434+0200] {dagbag.py:588} INFO - Filling up the DagBag from /Users/swarnalidatta/Desktop/AutoQueryChatbot/.airflow-venv/lib/python3.12/site-packages/airflow/example_dags/plugins/event_listener.py
[2026-09-22T15:49:06.435+0200] {processor.py:927} WARNING - No viable dags retrieved from /Users/swarnalidatta/Desktop/AutoQueryChatbot/.airflow-venv/lib/python3.12/site-packages/airflow/example_dags/plugins/event_listener.py
[2026-09-22T15:49:06.459+0200] {processor.py:208} INFO - Processing /Users/swarnalidatta/Desktop/AutoQueryChatbot/.airflow-venv/lib/python3.12/site-packages/airflow/example_dags/plugins/event_listener.py took 0.027 seconds
[2026-09-22T15:50:10.131+0200] {processor.py:186} INFO - Started process (PID=37260) to work on /Users/swarnalidatta/Desktop/AutoQueryChatbot/.airflow-venv/lib/python3.12/site-packages/airflow/example_dags/plugins/event_listener.py
[2026-09-22T15:50:10.131+0200] {processor.py:914} INFO - Processing file /Users/swarnalidatta/Desktop/AutoQueryChatbot/.airflow-venv/lib/python3.12/site-packages/airflow/example_dags/plugins/event_listener.py for tasks to queue
[2026-09-22T15:50:10.131+0200] {logging_mixin.py:190} INFO - [2026-09-22T15:50:10.131+0200] {dagbag.py:588} INFO - Filling up the DagBag from /Users/swarnalidatta/Desktop/AutoQueryChatbot/.airflow-venv/lib/python3.12/site-packages/airflow/example_dags/plugins/event_listener.py
[2026-09-22T15:50:10.132+0200] {processor.py:927} WARNING - No viable dags retrieved from /Users/swarnalidatta/Desktop/AutoQueryChatbot/.airflow-venv/lib/python3.12/site-packages/airflow/example_dags/plugins/event_listener.py
[2026-09-22T15:50:10.156+0200] {processor.py:208} INFO - Processing /Users/swarnalidatta/Desktop/AutoQueryChatbot/.airflow-venv/lib/python3.12/site-packages/airflow/example_dags/plugins/event_listener.py took 0.027 seconds
[2026-09-22T15:51:16.554+0200] {processor.py:186} INFO - Started process (PID=37416) to work on /Users/swarnalidatta/Desktop/AutoQueryChatbot/.airflow-venv/lib/python3.12/site-packages/airflow/example_dags/plugins/event_listener.py
[2026-09-22T15:51:16.555+0200] {processor.py:914} INFO - Processing file /Users/swarnalidatta/Desktop/AutoQueryChatbot/.airflow-venv/lib/python3.12/site-packages/airflow/example_dags/plugins/event_listener.py for tasks to queue
[2026-09-22T15:51:16.555+0200] {logging_mixin.py:190} INFO - [2026-09-22T15:51:16.555+0200] {dagbag.py:588} INFO - Filling up the DagBag from /Users/swarnalidatta/Desktop/AutoQueryChatbot/.airflow-venv/lib/python3.12/site-packages/airflow/example_dags/plugins/event_listener.py
[2026-09-22T15:51:16.556+0200] {processor.py:927} WARNING - No viable dags retrieved from /Users/swarnalidatta/Desktop/AutoQueryChatbot/.airflow-venv/lib/python3.12/site-packages/airflow/example_dags/plugins/event_listener.py
[2026-09-22T15:51:16.580+0200] {processor.py:208} INFO - Processing /Users/swarnalidatta/Desktop/AutoQueryChatbot/.airflow-venv/lib/python3.12/site-packages/airflow/example_dags/plugins/event_listener.py took 0.027 seconds
[2026-09-22T15:52:23.549+0200] {processor.py:186} INFO - Started process (PID=37562) to work on /Users/swarnalidatta/Desktop/AutoQueryChatbot/.airflow-venv/lib/python3.12/site-packages/airflow/example_dags/plugins/event_listener.py
[2026-09-22T15:52:23.549+0200] {processor.py:914} INFO - Processing file /Users/swarnalidatta/Desktop/AutoQueryChatbot/.airflow-venv/lib/python3.12/site-packages/airflow/example_dags/plugins/event_listener.py for tasks to queue
[2026-09-22T15:52:23.549+0200] {logging_mixin.py:190} INFO - [2026-09-22T15:52:23.549+0200] {dagbag.py:588} INFO - Filling up the DagBag from /Users/swarnalidatta/Desktop/AutoQueryChatbot/.airflow-venv/lib/python3.12/site-packages/airflow/example_dags/plugins/event_listener.py
[2026-09-22T15:52:23.550+0200] {processor.py:927} WARNING - No viable dags retrieved from /Users/swarnalidatta/Desktop/AutoQueryChatbot/.airflow-venv/lib/python3.12/site-packages/airflow/example_dags/plugins/event_listener.py
[2026-09-22T15:52:23.574+0200] {processor.py:208} INFO - Processing /Users/swarnalidatta/Desktop/AutoQueryChatbot/.airflow-venv/lib/python3.12/site-packages/airflow/example_dags/plugins/event_listener.py took 0.026 seconds
[2026-09-22T15:55:27.622+0200] {processor.py:186} INFO - Started process (PID=37719) to work on /Users/swarnalidatta/Desktop/AutoQueryChatbot/.airflow-venv/lib/python3.12/site-packages/airflow/example_dags/plugins/event_listener.py
[2026-09-22T15:55:27.622+0200] {processor.py:914} INFO - Processing file /Users/swarnalidatta/Desktop/AutoQueryChatbot/.airflow-venv/lib/python3.12/site-packages/airflow/example_dags/plugins/event_listener.py for tasks to queue
[2026-09-22T15:55:27.623+0200] {logging_mixin.py:190} INFO - [2026-09-22T15:55:27.623+0200] {dagbag.py:588} INFO - Filling up the DagBag from /Users/swarnalidatta/Desktop/AutoQueryChatbot/.airflow-venv/lib/python3.12/site-packages/airflow/example_dags/plugins/event_listener.py
[2026-09-22T15:55:27.623+0200] {processor.py:927} WARNING - No viable dags retrieved from /Users/swarnalidatta/Desktop/AutoQueryChatbot/.airflow-venv/lib/python3.12/site-packages/airflow/example_dags/plugins/event_listener.py
[2026-09-22T15:55:27.647+0200] {processor.py:208} INFO - Processing /Users/swarnalidatta/Desktop/AutoQueryChatbot/.airflow-venv/lib/python3.12/site-packages/airflow/example_dags/plugins/event_listener.py took 0.026 seconds
[2026-09-22T15:56:33.726+0200] {processor.py:186} INFO - Started process (PID=37871) to work on /Users/swarnalidatta/Desktop/AutoQueryChatbot/.airflow-venv/lib/python3.12/site-packages/airflow/example_dags/plugins/event_listener.py
[2026-09-22T15:56:33.726+0200] {processor.py:914} INFO - Processing file /Users/swarnalidatta/Desktop/AutoQueryChatbot/.airflow-venv/lib/python3.12/site-packages/airflow/example_dags/plugins/event_listener.py for tasks to queue
[2026-09-22T15:56:33.727+0200] {logging_mixin.py:190} INFO - [2026-09-22T15:56:33.727+0200] {dagbag.py:588} INFO - Filling up the DagBag from /Users/swarnalidatta/Desktop/AutoQueryChatbot/.airflow-venv/lib/python3.12/site-packages/airflow/example_dags/plugins/event_listener.py
[2026-09-22T15:56:33.727+0200] {processor.py:927} WARNING - No viable dags retrieved from /Users/swarnalidatta/Desktop/AutoQueryChatbot/.airflow-venv/lib/python3.12/site-packages/airflow/example_dags/plugins/event_listener.py
[2026-09-22T15:56:33.752+0200] {processor.py:208} INFO - Processing /Users/swarnalidatta/Desktop/AutoQueryChatbot/.airflow-venv/lib/python3.12/site-packages/airflow/example_dags/plugins/event_listener.py took 0.026 seconds
[2026-09-22T15:57:41.349+0200] {processor.py:186} INFO - Started process (PID=38024) to work on /Users/swarnalidatta/Desktop/AutoQueryChatbot/.airflow-venv/lib/python3.12/site-packages/airflow/example_dags/plugins/event_listener.py
[2026-09-22T15:57:41.350+0200] {processor.py:914} INFO - Processing file /Users/swarnalidatta/Desktop/AutoQueryChatbot/.airflow-venv/lib/python3.12/site-packages/airflow/example_dags/plugins/event_listener.py for tasks to queue
[2026-09-22T15:57:41.350+0200] {logging_mixin.py:190} INFO - [2026-09-22T15:57:41.350+0200] {dagbag.py:588} INFO - Filling up the DagBag from /Users/swarnalidatta/Desktop/AutoQueryChatbot/.airflow-venv/lib/python3.12/site-packages/airflow/example_dags/plugins/event_listener.py
[2026-09-22T15:57:41.350+0200] {processor.py:927} WARNING - No viable dags retrieved from /Users/swarnalidatta/Desktop/AutoQueryChatbot/.airflow-venv/lib/python3.12/site-packages/airflow/example_dags/plugins/event_listener.py
[2026-09-22T15:57:41.374+0200] {processor.py:208} INFO - Processing /Users/swarnalidatta/Desktop/AutoQueryChatbot/.airflow-venv/lib/python3.12/site-packages/airflow/example_dags/plugins/event_listener.py took 0.027 seconds
[2026-09-22T15:58:48.512+0200] {processor.py:186} INFO - Started process (PID=38181) to work on /Users/swarnalidatta/Desktop/AutoQueryChatbot/.airflow-venv/lib/python3.12/site-packages/airflow/example_dags/plugins/event_listener.py
[2026-09-22T15:58:48.512+0200] {processor.py:914} INFO - Processing file /Users/swarnalidatta/Desktop/AutoQueryChatbot/.airflow-venv/lib/python3.12/site-packages/airflow/example_dags/plugins/event_listener.py for tasks to queue
[2026-09-22T15:58:48.512+0200] {logging_mixin.py:190} INFO - [2026-09-22T15:58:48.512+0200] {dagbag.py:588} INFO - Filling up the DagBag from /Users/swarnalidatta/Desktop/AutoQueryChatbot/.airflow-venv/lib/python3.12/site-packages/airflow/example_dags/plugins/event_listener.py
[2026-09-22T15:58:48.513+0200] {processor.py:927} WARNING - No viable dags retrieved from /Users/swarnalidatta/Desktop/AutoQueryChatbot/.airflow-venv/lib/python3.12/site-packages/airflow/example_dags/plugins/event_listener.py
[2026-09-22T15:58:48.537+0200] {processor.py:208} INFO - Processing /Users/swarnalidatta/Desktop/AutoQueryChatbot/.airflow-venv/lib/python3.12/site-packages/airflow/example_dags/plugins/event_listener.py took 0.027 seconds
[2026-09-22T15:59:52.529+0200] {processor.py:186} INFO - Started process (PID=38489) to work on /Users/swarnalidatta/Desktop/AutoQueryChatbot/.airflow-venv/lib/python3.12/site-packages/airflow/example_dags/plugins/event_listener.py
[2026-09-22T15:59:52.529+0200] {processor.py:914} INFO - Processing file /Users/swarnalidatta/Desktop/AutoQueryChatbot/.airflow-venv/lib/python3.12/site-packages/airflow/example_dags/plugins/event_listener.py for tasks to queue
[2026-09-22T15:59:52.529+0200] {logging_mixin.py:190} INFO - [2026-09-22T15:59:52.529+0200] {dagbag.py:588} INFO - Filling up the DagBag from /Users/swarnalidatta/Desktop/AutoQueryChatbot/.airflow-venv/lib/python3.12/site-packages/airflow/example_dags/plugins/event_listener.py
[2026-09-22T15:59:52.530+0200] {processor.py:927} WARNING - No viable dags retrieved from /Users/swarnalidatta/Desktop/AutoQueryChatbot/.airflow-venv/lib/python3.12/site-packages/airflow/example_dags/plugins/event_listener.py
[2026-09-22T15:59:52.554+0200] {processor.py:208} INFO - Processing /Users/swarnalidatta/Desktop/AutoQueryChatbot/.airflow-venv/lib/python3.12/site-packages/airflow/example_dags/plugins/event_listener.py took 0.026 seconds
[2026-09-22T16:00:58.723+0200] {processor.py:186} INFO - Started process (PID=38635) to work on /Users/swarnalidatta/Desktop/AutoQueryChatbot/.airflow-venv/lib/python3.12/site-packages/airflow/example_dags/plugins/event_listener.py
[2026-09-22T16:00:58.724+0200] {processor.py:914} INFO - Processing file /Users/swarnalidatta/Desktop/AutoQueryChatbot/.airflow-venv/lib/python3.12/site-packages/airflow/example_dags/plugins/event_listener.py for tasks to queue
[2026-09-22T16:00:58.724+0200] {logging_mixin.py:190} INFO - [2026-09-22T16:00:58.724+0200] {dagbag.py:588} INFO - Filling up the DagBag from /Users/swarnalidatta/Desktop/AutoQueryChatbot/.airflow-venv/lib/python3.12/site-packages/airflow/example_dags/plugins/event_listener.py
[2026-09-22T16:00:58.724+0200] {processor.py:927} WARNING - No viable dags retrieved from /Users/swarnalidatta/Desktop/AutoQueryChatbot/.airflow-venv/lib/python3.12/site-packages/airflow/example_dags/plugins/event_listener.py
[2026-09-22T16:00:58.749+0200] {processor.py:208} INFO - Processing /Users/swarnalidatta/Desktop/AutoQueryChatbot/.airflow-venv/lib/python3.12/site-packages/airflow/example_dags/plugins/event_listener.py took 0.027 seconds
[2026-09-22T16:02:09.819+0200] {processor.py:186} INFO - Started process (PID=38799) to work on /Users/swarnalidatta/Desktop/AutoQueryChatbot/.airflow-venv/lib/python3.12/site-packages/airflow/example_dags/plugins/event_listener.py
[2026-09-22T16:02:09.820+0200] {processor.py:914} INFO - Processing file /Users/swarnalidatta/Desktop/AutoQueryChatbot/.airflow-venv/lib/python3.12/site-packages/airflow/example_dags/plugins/event_listener.py for tasks to queue
[2026-09-22T16:02:09.820+0200] {logging_mixin.py:190} INFO - [2026-09-22T16:02:09.820+0200] {dagbag.py:588} INFO - Filling up the DagBag from /Users/swarnalidatta/Desktop/AutoQueryChatbot/.airflow-venv/lib/python3.12/site-packages/airflow/example_dags/plugins/event_listener.py
[2026-09-22T16:02:09.821+0200] {processor.py:927} WARNING - No viable dags retrieved from /Users/swarnalidatta/Desktop/AutoQueryChatbot/.airflow-venv/lib/python3.12/site-packages/airflow/example_dags/plugins/event_listener.py
[2026-09-22T16:02:09.845+0200] {processor.py:208} INFO - Processing /Users/swarnalidatta/Desktop/AutoQueryChatbot/.airflow-venv/lib/python3.12/site-packages/airflow/example_dags/plugins/event_listener.py took 0.027 seconds
[2026-09-22T16:03:16.312+0200] {processor.py:186} INFO - Started process (PID=38945) to work on /Users/swarnalidatta/Desktop/AutoQueryChatbot/.airflow-venv/lib/python3.12/site-packages/airflow/example_dags/plugins/event_listener.py
[2026-09-22T16:03:16.313+0200] {processor.py:914} INFO - Processing file /Users/swarnalidatta/Desktop/AutoQueryChatbot/.airflow-venv/lib/python3.12/site-packages/airflow/example_dags/plugins/event_listener.py for tasks to queue
[2026-09-22T16:03:16.313+0200] {logging_mixin.py:190} INFO - [2026-09-22T16:03:16.313+0200] {dagbag.py:588} INFO - Filling up the DagBag from /Users/swarnalidatta/Desktop/AutoQueryChatbot/.airflow-venv/lib/python3.12/site-packages/airflow/example_dags/plugins/event_listener.py
[2026-09-22T16:03:16.313+0200] {processor.py:927} WARNING - No viable dags retrieved from /Users/swarnalidatta/Desktop/AutoQueryChatbot/.airflow-venv/lib/python3.12/site-packages/airflow/example_dags/plugins/event_listener.py
[2026-09-22T16:03:16.338+0200] {processor.py:208} INFO - Processing /Users/swarnalidatta/Desktop/AutoQueryChatbot/.airflow-venv/lib/python3.12/site-packages/airflow/example_dags/plugins/event_listener.py took 0.027 seconds
[2026-09-22T16:04:27.011+0200] {processor.py:186} INFO - Started process (PID=39106) to work on /Users/swarnalidatta/Desktop/AutoQueryChatbot/.airflow-venv/lib/python3.12/site-packages/airflow/example_dags/plugins/event_listener.py
[2026-09-22T16:04:27.012+0200] {processor.py:914} INFO - Processing file /Users/swarnalidatta/Desktop/AutoQueryChatbot/.airflow-venv/lib/python3.12/site-packages/airflow/example_dags/plugins/event_listener.py for tasks to queue
[2026-09-22T16:04:27.012+0200] {logging_mixin.py:190} INFO - [2026-09-22T16:04:27.012+0200] {dagbag.py:588} INFO - Filling up the DagBag from /Users/swarnalidatta/Desktop/AutoQueryChatbot/.airflow-venv/lib/python3.12/site-packages/airflow/example_dags/plugins/event_listener.py
[2026-09-22T16:04:27.012+0200] {processor.py:927} WARNING - No viable dags retrieved from /Users/swarnalidatta/Desktop/AutoQueryChatbot/.airflow-venv/lib/python3.12/site-packages/airflow/example_dags/plugins/event_listener.py
[2026-09-22T16:04:27.037+0200] {processor.py:208} INFO - Processing /Users/swarnalidatta/Desktop/AutoQueryChatbot/.airflow-venv/lib/python3.12/site-packages/airflow/example_dags/plugins/event_listener.py took 0.027 seconds
[2026-09-22T16:05:37.182+0200] {processor.py:186} INFO - Started process (PID=39273) to work on /Users/swarnalidatta/Desktop/AutoQueryChatbot/.airflow-venv/lib/python3.12/site-packages/airflow/example_dags/plugins/event_listener.py
[2026-09-22T16:05:37.182+0200] {processor.py:914} INFO - Processing file /Users/swarnalidatta/Desktop/AutoQueryChatbot/.airflow-venv/lib/python3.12/site-packages/airflow/example_dags/plugins/event_listener.py for tasks to queue
[2026-09-22T16:05:37.182+0200] {logging_mixin.py:190} INFO - [2026-09-22T16:05:37.182+0200] {dagbag.py:588} INFO - Filling up the DagBag from /Users/swarnalidatta/Desktop/AutoQueryChatbot/.airflow-venv/lib/python3.12/site-packages/airflow/example_dags/plugins/event_listener.py
[2026-09-22T16:05:37.183+0200] {processor.py:927} WARNING - No viable dags retrieved from /Users/swarnalidatta/Desktop/AutoQueryChatbot/.airflow-venv/lib/python3.12/site-packages/airflow/example_dags/plugins/event_listener.py
[2026-09-22T16:05:37.207+0200] {processor.py:208} INFO - Processing /Users/swarnalidatta/Desktop/AutoQueryChatbot/.airflow-venv/lib/python3.12/site-packages/airflow/example_dags/plugins/event_listener.py took 0.026 seconds
[2026-09-22T16:06:44.223+0200] {processor.py:186} INFO - Started process (PID=39422) to work on /Users/swarnalidatta/Desktop/AutoQueryChatbot/.airflow-venv/lib/python3.12/site-packages/airflow/example_dags/plugins/event_listener.py
[2026-09-22T16:06:44.223+0200] {processor.py:914} INFO - Processing file /Users/swarnalidatta/Desktop/AutoQueryChatbot/.airflow-venv/lib/python3.12/site-packages/airflow/example_dags/plugins/event_listener.py for tasks to queue
[2026-09-22T16:06:44.223+0200] {logging_mixin.py:190} INFO - [2026-09-22T16:06:44.223+0200] {dagbag.py:588} INFO - Filling up the DagBag from /Users/swarnalidatta/Desktop/AutoQueryChatbot/.airflow-venv/lib/python3.12/site-packages/airflow/example_dags/plugins/event_listener.py
[2026-09-22T16:06:44.224+0200] {processor.py:927} WARNING - No viable dags retrieved from /Users/swarnalidatta/Desktop/AutoQueryChatbot/.airflow-venv/lib/python3.12/site-packages/airflow/example_dags/plugins/event_listener.py
[2026-09-22T16:06:44.248+0200] {processor.py:208} INFO - Processing /Users/swarnalidatta/Desktop/AutoQueryChatbot/.airflow-venv/lib/python3.12/site-packages/airflow/example_dags/plugins/event_listener.py took 0.026 seconds
[2026-09-22T16:07:51.848+0200] {processor.py:186} INFO - Started process (PID=39567) to work on /Users/swarnalidatta/Desktop/AutoQueryChatbot/.airflow-venv/lib/python3.12/site-packages/airflow/example_dags/plugins/event_listener.py
[2026-09-22T16:07:51.849+0200] {processor.py:914} INFO - Processing file /Users/swarnalidatta/Desktop/AutoQueryChatbot/.airflow-venv/lib/python3.12/site-packages/airflow/example_dags/plugins/event_listener.py for tasks to queue
[2026-09-22T16:07:51.849+0200] {logging_mixin.py:190} INFO - [2026-09-22T16:07:51.849+0200] {dagbag.py:588} INFO - Filling up the DagBag from /Users/swarnalidatta/Desktop/AutoQueryChatbot/.airflow-venv/lib/python3.12/site-packages/airflow/example_dags/plugins/event_listener.py
[2026-09-22T16:07:51.849+0200] {processor.py:927} WARNING - No viable dags retrieved from /Users/swarnalidatta/Desktop/AutoQueryChatbot/.airflow-venv/lib/python3.12/site-packages/airflow/example_dags/plugins/event_listener.py
[2026-09-22T16:07:51.874+0200] {processor.py:208} INFO - Processing /Users/swarnalidatta/Desktop/AutoQueryChatbot/.airflow-venv/lib/python3.12/site-packages/airflow/example_dags/plugins/event_listener.py took 0.027 seconds
[2026-09-22T16:08:59.283+0200] {processor.py:186} INFO - Started process (PID=39716) to work on /Users/swarnalidatta/Desktop/AutoQueryChatbot/.airflow-venv/lib/python3.12/site-packages/airflow/example_dags/plugins/event_listener.py
[2026-09-22T16:08:59.284+0200] {processor.py:914} INFO - Processing file /Users/swarnalidatta/Desktop/AutoQueryChatbot/.airflow-venv/lib/python3.12/site-packages/airflow/example_dags/plugins/event_listener.py for tasks to queue
[2026-09-22T16:08:59.284+0200] {logging_mixin.py:190} INFO - [2026-09-22T16:08:59.284+0200] {dagbag.py:588} INFO - Filling up the DagBag from /Users/swarnalidatta/Desktop/AutoQueryChatbot/.airflow-venv/lib/python3.12/site-packages/airflow/example_dags/plugins/event_listener.py
[2026-09-22T16:08:59.284+0200] {processor.py:927} WARNING - No viable dags retrieved from /Users/swarnalidatta/Desktop/AutoQueryChatbot/.airflow-venv/lib/python3.12/site-packages/airflow/example_dags/plugins/event_listener.py
[2026-09-22T16:08:59.309+0200] {processor.py:208} INFO - Processing /Users/swarnalidatta/Desktop/AutoQueryChatbot/.airflow-venv/lib/python3.12/site-packages/airflow/example_dags/plugins/event_listener.py took 0.026 seconds
[2026-09-22T16:10:08.710+0200] {processor.py:186} INFO - Started process (PID=39882) to work on /Users/swarnalidatta/Desktop/AutoQueryChatbot/.airflow-venv/lib/python3.12/site-packages/airflow/example_dags/plugins/event_listener.py
[2026-09-22T16:10:08.710+0200] {processor.py:914} INFO - Processing file /Users/swarnalidatta/Desktop/AutoQueryChatbot/.airflow-venv/lib/python3.12/site-packages/airflow/example_dags/plugins/event_listener.py for tasks to queue
[2026-09-22T16:10:08.711+0200] {logging_mixin.py:190} INFO - [2026-09-22T16:10:08.711+0200] {dagbag.py:588} INFO - Filling up the DagBag from /Users/swarnalidatta/Desktop/AutoQueryChatbot/.airflow-venv/lib/python3.12/site-packages/airflow/example_dags/plugins/event_listener.py
[2026-09-22T16:10:08.711+0200] {processor.py:927} WARNING - No viable dags retrieved from /Users/swarnalidatta/Desktop/AutoQueryChatbot/.airflow-venv/lib/python3.12/site-packages/airflow/example_dags/plugins/event_listener.py
[2026-09-22T16:10:08.736+0200] {processor.py:208} INFO - Processing /Users/swarnalidatta/Desktop/AutoQueryChatbot/.airflow-venv/lib/python3.12/site-packages/airflow/example_dags/plugins/event_listener.py took 0.027 seconds
[2026-09-22T16:11:19.357+0200] {processor.py:186} INFO - Started process (PID=40085) to work on /Users/swarnalidatta/Desktop/AutoQueryChatbot/.airflow-venv/lib/python3.12/site-packages/airflow/example_dags/plugins/event_listener.py
[2026-09-22T16:11:19.358+0200] {processor.py:914} INFO - Processing file /Users/swarnalidatta/Desktop/AutoQueryChatbot/.airflow-venv/lib/python3.12/site-packages/airflow/example_dags/plugins/event_listener.py for tasks to queue
[2026-09-22T16:11:19.358+0200] {logging_mixin.py:190} INFO - [2026-09-22T16:11:19.358+0200] {dagbag.py:588} INFO - Filling up the DagBag from /Users/swarnalidatta/Desktop/AutoQueryChatbot/.airflow-venv/lib/python3.12/site-packages/airflow/example_dags/plugins/event_listener.py
[2026-09-22T16:11:19.359+0200] {processor.py:927} WARNING - No viable dags retrieved from /Users/swarnalidatta/Desktop/AutoQueryChatbot/.airflow-venv/lib/python3.12/site-packages/airflow/example_dags/plugins/event_listener.py
[2026-09-22T16:11:19.383+0200] {processor.py:208} INFO - Processing /Users/swarnalidatta/Desktop/AutoQueryChatbot/.airflow-venv/lib/python3.12/site-packages/airflow/example_dags/plugins/event_listener.py took 0.027 seconds
[2026-09-22T16:12:30.272+0200] {processor.py:186} INFO - Started process (PID=40263) to work on /Users/swarnalidatta/Desktop/AutoQueryChatbot/.airflow-venv/lib/python3.12/site-packages/airflow/example_dags/plugins/event_listener.py
[2026-09-22T16:12:30.272+0200] {processor.py:914} INFO - Processing file /Users/swarnalidatta/Desktop/AutoQueryChatbot/.airflow-venv/lib/python3.12/site-packages/airflow/example_dags/plugins/event_listener.py for tasks to queue
[2026-09-22T16:12:30.273+0200] {logging_mixin.py:190} INFO - [2026-09-22T16:12:30.273+0200] {dagbag.py:588} INFO - Filling up the DagBag from /Users/swarnalidatta/Desktop/AutoQueryChatbot/.airflow-venv/lib/python3.12/site-packages/airflow/example_dags/plugins/event_listener.py
[2026-09-22T16:12:30.273+0200] {processor.py:927} WARNING - No viable dags retrieved from /Users/swarnalidatta/Desktop/AutoQueryChatbot/.airflow-venv/lib/python3.12/site-packages/airflow/example_dags/plugins/event_listener.py
[2026-09-22T16:12:30.297+0200] {processor.py:208} INFO - Processing /Users/swarnalidatta/Desktop/AutoQueryChatbot/.airflow-venv/lib/python3.12/site-packages/airflow/example_dags/plugins/event_listener.py took 0.027 seconds
[2026-09-22T16:13:40.859+0200] {processor.py:186} INFO - Started process (PID=40453) to work on /Users/swarnalidatta/Desktop/AutoQueryChatbot/.airflow-venv/lib/python3.12/site-packages/airflow/example_dags/plugins/event_listener.py
[2026-09-22T16:13:40.859+0200] {processor.py:914} INFO - Processing file /Users/swarnalidatta/Desktop/AutoQueryChatbot/.airflow-venv/lib/python3.12/site-packages/airflow/example_dags/plugins/event_listener.py for tasks to queue
[2026-09-22T16:13:40.860+0200] {logging_mixin.py:190} INFO - [2026-09-22T16:13:40.860+0200] {dagbag.py:588} INFO - Filling up the DagBag from /Users/swarnalidatta/Desktop/AutoQueryChatbot/.airflow-venv/lib/python3.12/site-packages/airflow/example_dags/plugins/event_listener.py
[2026-09-22T16:13:40.860+0200] {processor.py:927} WARNING - No viable dags retrieved from /Users/swarnalidatta/Desktop/AutoQueryChatbot/.airflow-venv/lib/python3.12/site-packages/airflow/example_dags/plugins/event_listener.py
[2026-09-22T16:13:40.884+0200] {processor.py:208} INFO - Processing /Users/swarnalidatta/Desktop/AutoQueryChatbot/.airflow-venv/lib/python3.12/site-packages/airflow/example_dags/plugins/event_listener.py took 0.026 seconds
[2026-09-22T16:14:51.228+0200] {processor.py:186} INFO - Started process (PID=40630) to work on /Users/swarnalidatta/Desktop/AutoQueryChatbot/.airflow-venv/lib/python3.12/site-packages/airflow/example_dags/plugins/event_listener.py
[2026-09-22T16:14:51.228+0200] {processor.py:914} INFO - Processing file /Users/swarnalidatta/Desktop/AutoQueryChatbot/.airflow-venv/lib/python3.12/site-packages/airflow/example_dags/plugins/event_listener.py for tasks to queue
[2026-09-22T16:14:51.228+0200] {logging_mixin.py:190} INFO - [2026-09-22T16:14:51.228+0200] {dagbag.py:588} INFO - Filling up the DagBag from /Users/swarnalidatta/Desktop/AutoQueryChatbot/.airflow-venv/lib/python3.12/site-packages/airflow/example_dags/plugins/event_listener.py
[2026-09-22T16:14:51.229+0200] {processor.py:927} WARNING - No viable dags retrieved from /Users/swarnalidatta/Desktop/AutoQueryChatbot/.airflow-venv/lib/python3.12/site-packages/airflow/example_dags/plugins/event_listener.py
[2026-09-22T16:14:51.254+0200] {processor.py:208} INFO - Processing /Users/swarnalidatta/Desktop/AutoQueryChatbot/.airflow-venv/lib/python3.12/site-packages/airflow/example_dags/plugins/event_listener.py took 0.028 seconds
[2026-09-22T16:15:58.975+0200] {processor.py:186} INFO - Started process (PID=40784) to work on /Users/swarnalidatta/Desktop/AutoQueryChatbot/.airflow-venv/lib/python3.12/site-packages/airflow/example_dags/plugins/event_listener.py
[2026-09-22T16:15:58.975+0200] {processor.py:914} INFO - Processing file /Users/swarnalidatta/Desktop/AutoQueryChatbot/.airflow-venv/lib/python3.12/site-packages/airflow/example_dags/plugins/event_listener.py for tasks to queue
[2026-09-22T16:15:58.975+0200] {logging_mixin.py:190} INFO - [2026-09-22T16:15:58.975+0200] {dagbag.py:588} INFO - Filling up the DagBag from /Users/swarnalidatta/Desktop/AutoQueryChatbot/.airflow-venv/lib/python3.12/site-packages/airflow/example_dags/plugins/event_listener.py
[2026-09-22T16:15:58.976+0200] {processor.py:927} WARNING - No viable dags retrieved from /Users/swarnalidatta/Desktop/AutoQueryChatbot/.airflow-venv/lib/python3.12/site-packages/airflow/example_dags/plugins/event_listener.py
[2026-09-22T16:15:59.000+0200] {processor.py:208} INFO - Processing /Users/swarnalidatta/Desktop/AutoQueryChatbot/.airflow-venv/lib/python3.12/site-packages/airflow/example_dags/plugins/event_listener.py took 0.026 seconds
[2026-09-22T16:17:07.329+0200] {processor.py:186} INFO - Started process (PID=41122) to work on /Users/swarnalidatta/Desktop/AutoQueryChatbot/.airflow-venv/lib/python3.12/site-packages/airflow/example_dags/plugins/event_listener.py
[2026-09-22T16:17:07.329+0200] {processor.py:914} INFO - Processing file /Users/swarnalidatta/Desktop/AutoQueryChatbot/.airflow-venv/lib/python3.12/site-packages/airflow/example_dags/plugins/event_listener.py for tasks to queue
[2026-09-22T16:17:07.330+0200] {logging_mixin.py:190} INFO - [2026-09-22T16:17:07.329+0200] {dagbag.py:588} INFO - Filling up the DagBag from /Users/swarnalidatta/Desktop/AutoQueryChatbot/.airflow-venv/lib/python3.12/site-packages/airflow/example_dags/plugins/event_listener.py
[2026-09-22T16:17:07.330+0200] {processor.py:927} WARNING - No viable dags retrieved from /Users/swarnalidatta/Desktop/AutoQueryChatbot/.airflow-venv/lib/python3.12/site-packages/airflow/example_dags/plugins/event_listener.py
[2026-09-22T16:17:07.354+0200] {processor.py:208} INFO - Processing /Users/swarnalidatta/Desktop/AutoQueryChatbot/.airflow-venv/lib/python3.12/site-packages/airflow/example_dags/plugins/event_listener.py took 0.027 seconds
[2026-09-22T16:18:14.669+0200] {processor.py:186} INFO - Started process (PID=41304) to work on /Users/swarnalidatta/Desktop/AutoQueryChatbot/.airflow-venv/lib/python3.12/site-packages/airflow/example_dags/plugins/event_listener.py
[2026-09-22T16:18:14.669+0200] {processor.py:914} INFO - Processing file /Users/swarnalidatta/Desktop/AutoQueryChatbot/.airflow-venv/lib/python3.12/site-packages/airflow/example_dags/plugins/event_listener.py for tasks to queue
[2026-09-22T16:18:14.669+0200] {logging_mixin.py:190} INFO - [2026-09-22T16:18:14.669+0200] {dagbag.py:588} INFO - Filling up the DagBag from /Users/swarnalidatta/Desktop/AutoQueryChatbot/.airflow-venv/lib/python3.12/site-packages/airflow/example_dags/plugins/event_listener.py
[2026-09-22T16:18:14.670+0200] {processor.py:927} WARNING - No viable dags retrieved from /Users/swarnalidatta/Desktop/AutoQueryChatbot/.airflow-venv/lib/python3.12/site-packages/airflow/example_dags/plugins/event_listener.py
[2026-09-22T16:18:14.694+0200] {processor.py:208} INFO - Processing /Users/swarnalidatta/Desktop/AutoQueryChatbot/.airflow-venv/lib/python3.12/site-packages/airflow/example_dags/plugins/event_listener.py took 0.026 seconds
[2026-09-22T16:19:23.637+0200] {processor.py:186} INFO - Started process (PID=41474) to work on /Users/swarnalidatta/Desktop/AutoQueryChatbot/.airflow-venv/lib/python3.12/site-packages/airflow/example_dags/plugins/event_listener.py
[2026-09-22T16:19:23.637+0200] {processor.py:914} INFO - Processing file /Users/swarnalidatta/Desktop/AutoQueryChatbot/.airflow-venv/lib/python3.12/site-packages/airflow/example_dags/plugins/event_listener.py for tasks to queue
[2026-09-22T16:19:23.638+0200] {logging_mixin.py:190} INFO - [2026-09-22T16:19:23.638+0200] {dagbag.py:588} INFO - Filling up the DagBag from /Users/swarnalidatta/Desktop/AutoQueryChatbot/.airflow-venv/lib/python3.12/site-packages/airflow/example_dags/plugins/event_listener.py
[2026-09-22T16:19:23.638+0200] {processor.py:927} WARNING - No viable dags retrieved from /Users/swarnalidatta/Desktop/AutoQueryChatbot/.airflow-venv/lib/python3.12/site-packages/airflow/example_dags/plugins/event_listener.py
[2026-09-22T16:19:23.663+0200] {processor.py:208} INFO - Processing /Users/swarnalidatta/Desktop/AutoQueryChatbot/.airflow-venv/lib/python3.12/site-packages/airflow/example_dags/plugins/event_listener.py took 0.027 seconds
[2026-09-22T16:20:33.391+0200] {processor.py:186} INFO - Started process (PID=41643) to work on /Users/swarnalidatta/Desktop/AutoQueryChatbot/.airflow-venv/lib/python3.12/site-packages/airflow/example_dags/plugins/event_listener.py
[2026-09-22T16:20:33.392+0200] {processor.py:914} INFO - Processing file /Users/swarnalidatta/Desktop/AutoQueryChatbot/.airflow-venv/lib/python3.12/site-packages/airflow/example_dags/plugins/event_listener.py for tasks to queue
[2026-09-22T16:20:33.392+0200] {logging_mixin.py:190} INFO - [2026-09-22T16:20:33.392+0200] {dagbag.py:588} INFO - Filling up the DagBag from /Users/swarnalidatta/Desktop/AutoQueryChatbot/.airflow-venv/lib/python3.12/site-packages/airflow/example_dags/plugins/event_listener.py
[2026-09-22T16:20:33.393+0200] {processor.py:927} WARNING - No viable dags retrieved from /Users/swarnalidatta/Desktop/AutoQueryChatbot/.airflow-venv/lib/python3.12/site-packages/airflow/example_dags/plugins/event_listener.py
[2026-09-22T16:20:33.417+0200] {processor.py:208} INFO - Processing /Users/swarnalidatta/Desktop/AutoQueryChatbot/.airflow-venv/lib/python3.12/site-packages/airflow/example_dags/plugins/event_listener.py took 0.027 seconds
[2026-09-22T16:21:38.935+0200] {processor.py:186} INFO - Started process (PID=41802) to work on /Users/swarnalidatta/Desktop/AutoQueryChatbot/.airflow-venv/lib/python3.12/site-packages/airflow/example_dags/plugins/event_listener.py
[2026-09-22T16:21:38.935+0200] {processor.py:914} INFO - Processing file /Users/swarnalidatta/Desktop/AutoQueryChatbot/.airflow-venv/lib/python3.12/site-packages/airflow/example_dags/plugins/event_listener.py for tasks to queue
[2026-09-22T16:21:38.935+0200] {logging_mixin.py:190} INFO - [2026-09-22T16:21:38.935+0200] {dagbag.py:588} INFO - Filling up the DagBag from /Users/swarnalidatta/Desktop/AutoQueryChatbot/.airflow-venv/lib/python3.12/site-packages/airflow/example_dags/plugins/event_listener.py
[2026-09-22T16:21:38.936+0200] {processor.py:927} WARNING - No viable dags retrieved from /Users/swarnalidatta/Desktop/AutoQueryChatbot/.airflow-venv/lib/python3.12/site-packages/airflow/example_dags/plugins/event_listener.py
[2026-09-22T16:21:38.960+0200] {processor.py:208} INFO - Processing /Users/swarnalidatta/Desktop/AutoQueryChatbot/.airflow-venv/lib/python3.12/site-packages/airflow/example_dags/plugins/event_listener.py took 0.027 seconds
[2026-09-22T16:22:47.187+0200] {processor.py:186} INFO - Started process (PID=41959) to work on /Users/swarnalidatta/Desktop/AutoQueryChatbot/.airflow-venv/lib/python3.12/site-packages/airflow/example_dags/plugins/event_listener.py
[2026-09-22T16:22:47.187+0200] {processor.py:914} INFO - Processing file /Users/swarnalidatta/Desktop/AutoQueryChatbot/.airflow-venv/lib/python3.12/site-packages/airflow/example_dags/plugins/event_listener.py for tasks to queue
[2026-09-22T16:22:47.188+0200] {logging_mixin.py:190} INFO - [2026-09-22T16:22:47.188+0200] {dagbag.py:588} INFO - Filling up the DagBag from /Users/swarnalidatta/Desktop/AutoQueryChatbot/.airflow-venv/lib/python3.12/site-packages/airflow/example_dags/plugins/event_listener.py
[2026-09-22T16:22:47.188+0200] {processor.py:927} WARNING - No viable dags retrieved from /Users/swarnalidatta/Desktop/AutoQueryChatbot/.airflow-venv/lib/python3.12/site-packages/airflow/example_dags/plugins/event_listener.py
[2026-09-22T16:22:47.213+0200] {processor.py:208} INFO - Processing /Users/swarnalidatta/Desktop/AutoQueryChatbot/.airflow-venv/lib/python3.12/site-packages/airflow/example_dags/plugins/event_listener.py took 0.027 seconds
[2026-09-22T16:24:00.135+0200] {processor.py:186} INFO - Started process (PID=42117) to work on /Users/swarnalidatta/Desktop/AutoQueryChatbot/.airflow-venv/lib/python3.12/site-packages/airflow/example_dags/plugins/event_listener.py
[2026-09-22T16:24:00.136+0200] {processor.py:914} INFO - Processing file /Users/swarnalidatta/Desktop/AutoQueryChatbot/.airflow-venv/lib/python3.12/site-packages/airflow/example_dags/plugins/event_listener.py for tasks to queue
[2026-09-22T16:24:00.136+0200] {logging_mixin.py:190} INFO - [2026-09-22T16:24:00.136+0200] {dagbag.py:588} INFO - Filling up the DagBag from /Users/swarnalidatta/Desktop/AutoQueryChatbot/.airflow-venv/lib/python3.12/site-packages/airflow/example_dags/plugins/event_listener.py
[2026-09-22T16:24:00.136+0200] {processor.py:927} WARNING - No viable dags retrieved from /Users/swarnalidatta/Desktop/AutoQueryChatbot/.airflow-venv/lib/python3.12/site-packages/airflow/example_dags/plugins/event_listener.py
[2026-09-22T16:24:00.161+0200] {processor.py:208} INFO - Processing /Users/swarnalidatta/Desktop/AutoQueryChatbot/.airflow-venv/lib/python3.12/site-packages/airflow/example_dags/plugins/event_listener.py took 0.027 seconds
[2026-09-22T16:25:07.925+0200] {processor.py:186} INFO - Started process (PID=42729) to work on /Users/swarnalidatta/Desktop/AutoQueryChatbot/.airflow-venv/lib/python3.12/site-packages/airflow/example_dags/plugins/event_listener.py
[2026-09-22T16:25:07.925+0200] {processor.py:914} INFO - Processing file /Users/swarnalidatta/Desktop/AutoQueryChatbot/.airflow-venv/lib/python3.12/site-packages/airflow/example_dags/plugins/event_listener.py for tasks to queue
[2026-09-22T16:25:07.926+0200] {logging_mixin.py:190} INFO - [2026-09-22T16:25:07.926+0200] {dagbag.py:588} INFO - Filling up the DagBag from /Users/swarnalidatta/Desktop/AutoQueryChatbot/.airflow-venv/lib/python3.12/site-packages/airflow/example_dags/plugins/event_listener.py
[2026-09-22T16:25:07.926+0200] {processor.py:927} WARNING - No viable dags retrieved from /Users/swarnalidatta/Desktop/AutoQueryChatbot/.airflow-venv/lib/python3.12/site-packages/airflow/example_dags/plugins/event_listener.py
[2026-09-22T16:25:07.951+0200] {processor.py:208} INFO - Processing /Users/swarnalidatta/Desktop/AutoQueryChatbot/.airflow-venv/lib/python3.12/site-packages/airflow/example_dags/plugins/event_listener.py took 0.027 seconds
[2026-09-22T16:26:14.534+0200] {processor.py:186} INFO - Started process (PID=42879) to work on /Users/swarnalidatta/Desktop/AutoQueryChatbot/.airflow-venv/lib/python3.12/site-packages/airflow/example_dags/plugins/event_listener.py
[2026-09-22T16:26:14.534+0200] {processor.py:914} INFO - Processing file /Users/swarnalidatta/Desktop/AutoQueryChatbot/.airflow-venv/lib/python3.12/site-packages/airflow/example_dags/plugins/event_listener.py for tasks to queue
[2026-09-22T16:26:14.534+0200] {logging_mixin.py:190} INFO - [2026-09-22T16:26:14.534+0200] {dagbag.py:588} INFO - Filling up the DagBag from /Users/swarnalidatta/Desktop/AutoQueryChatbot/.airflow-venv/lib/python3.12/site-packages/airflow/example_dags/plugins/event_listener.py
[2026-09-22T16:26:14.535+0200] {processor.py:927} WARNING - No viable dags retrieved from /Users/swarnalidatta/Desktop/AutoQueryChatbot/.airflow-venv/lib/python3.12/site-packages/airflow/example_dags/plugins/event_listener.py
[2026-09-22T16:26:14.559+0200] {processor.py:208} INFO - Processing /Users/swarnalidatta/Desktop/AutoQueryChatbot/.airflow-venv/lib/python3.12/site-packages/airflow/example_dags/plugins/event_listener.py took 0.027 seconds
[2026-09-22T16:27:25.668+0200] {processor.py:186} INFO - Started process (PID=43041) to work on /Users/swarnalidatta/Desktop/AutoQueryChatbot/.airflow-venv/lib/python3.12/site-packages/airflow/example_dags/plugins/event_listener.py
[2026-09-22T16:27:25.669+0200] {processor.py:914} INFO - Processing file /Users/swarnalidatta/Desktop/AutoQueryChatbot/.airflow-venv/lib/python3.12/site-packages/airflow/example_dags/plugins/event_listener.py for tasks to queue
[2026-09-22T16:27:25.669+0200] {logging_mixin.py:190} INFO - [2026-09-22T16:27:25.669+0200] {dagbag.py:588} INFO - Filling up the DagBag from /Users/swarnalidatta/Desktop/AutoQueryChatbot/.airflow-venv/lib/python3.12/site-packages/airflow/example_dags/plugins/event_listener.py
[2026-09-22T16:27:25.669+0200] {processor.py:927} WARNING - No viable dags retrieved from /Users/swarnalidatta/Desktop/AutoQueryChatbot/.airflow-venv/lib/python3.12/site-packages/airflow/example_dags/plugins/event_listener.py
[2026-09-22T16:27:25.694+0200] {processor.py:208} INFO - Processing /Users/swarnalidatta/Desktop/AutoQueryChatbot/.airflow-venv/lib/python3.12/site-packages/airflow/example_dags/plugins/event_listener.py took 0.027 seconds
[2026-09-22T16:28:37.188+0200] {processor.py:186} INFO - Started process (PID=43954) to work on /Users/swarnalidatta/Desktop/AutoQueryChatbot/.airflow-venv/lib/python3.12/site-packages/airflow/example_dags/plugins/event_listener.py
[2026-09-22T16:28:37.189+0200] {processor.py:914} INFO - Processing file /Users/swarnalidatta/Desktop/AutoQueryChatbot/.airflow-venv/lib/python3.12/site-packages/airflow/example_dags/plugins/event_listener.py for tasks to queue
[2026-09-22T16:28:37.189+0200] {logging_mixin.py:190} INFO - [2026-09-22T16:28:37.189+0200] {dagbag.py:588} INFO - Filling up the DagBag from /Users/swarnalidatta/Desktop/AutoQueryChatbot/.airflow-venv/lib/python3.12/site-packages/airflow/example_dags/plugins/event_listener.py
[2026-09-22T16:28:37.189+0200] {processor.py:927} WARNING - No viable dags retrieved from /Users/swarnalidatta/Desktop/AutoQueryChatbot/.airflow-venv/lib/python3.12/site-packages/airflow/example_dags/plugins/event_listener.py
[2026-09-22T16:28:37.215+0200] {processor.py:208} INFO - Processing /Users/swarnalidatta/Desktop/AutoQueryChatbot/.airflow-venv/lib/python3.12/site-packages/airflow/example_dags/plugins/event_listener.py took 0.028 seconds
[2026-09-22T16:29:50.198+0200] {processor.py:186} INFO - Started process (PID=44172) to work on /Users/swarnalidatta/Desktop/AutoQueryChatbot/.airflow-venv/lib/python3.12/site-packages/airflow/example_dags/plugins/event_listener.py
[2026-09-22T16:29:50.199+0200] {processor.py:914} INFO - Processing file /Users/swarnalidatta/Desktop/AutoQueryChatbot/.airflow-venv/lib/python3.12/site-packages/airflow/example_dags/plugins/event_listener.py for tasks to queue
[2026-09-22T16:29:50.200+0200] {logging_mixin.py:190} INFO - [2026-09-22T16:29:50.200+0200] {dagbag.py:588} INFO - Filling up the DagBag from /Users/swarnalidatta/Desktop/AutoQueryChatbot/.airflow-venv/lib/python3.12/site-packages/airflow/example_dags/plugins/event_listener.py
[2026-09-22T16:29:50.200+0200] {processor.py:927} WARNING - No viable dags retrieved from /Users/swarnalidatta/Desktop/AutoQueryChatbot/.airflow-venv/lib/python3.12/site-packages/airflow/example_dags/plugins/event_listener.py
[2026-09-22T16:29:50.224+0200] {processor.py:208} INFO - Processing /Users/swarnalidatta/Desktop/AutoQueryChatbot/.airflow-venv/lib/python3.12/site-packages/airflow/example_dags/plugins/event_listener.py took 0.027 seconds
[2026-09-22T16:31:03.836+0200] {processor.py:186} INFO - Started process (PID=44335) to work on /Users/swarnalidatta/Desktop/AutoQueryChatbot/.airflow-venv/lib/python3.12/site-packages/airflow/example_dags/plugins/event_listener.py
[2026-09-22T16:31:03.836+0200] {processor.py:914} INFO - Processing file /Users/swarnalidatta/Desktop/AutoQueryChatbot/.airflow-venv/lib/python3.12/site-packages/airflow/example_dags/plugins/event_listener.py for tasks to queue
[2026-09-22T16:31:03.837+0200] {logging_mixin.py:190} INFO - [2026-09-22T16:31:03.837+0200] {dagbag.py:588} INFO - Filling up the DagBag from /Users/swarnalidatta/Desktop/AutoQueryChatbot/.airflow-venv/lib/python3.12/site-packages/airflow/example_dags/plugins/event_listener.py
[2026-09-22T16:31:03.837+0200] {processor.py:927} WARNING - No viable dags retrieved from /Users/swarnalidatta/Desktop/AutoQueryChatbot/.airflow-venv/lib/python3.12/site-packages/airflow/example_dags/plugins/event_listener.py
[2026-09-22T16:31:03.863+0200] {processor.py:208} INFO - Processing /Users/swarnalidatta/Desktop/AutoQueryChatbot/.airflow-venv/lib/python3.12/site-packages/airflow/example_dags/plugins/event_listener.py took 0.028 seconds
[2026-09-22T16:32:15.243+0200] {processor.py:186} INFO - Started process (PID=45283) to work on /Users/swarnalidatta/Desktop/AutoQueryChatbot/.airflow-venv/lib/python3.12/site-packages/airflow/example_dags/plugins/event_listener.py
[2026-09-22T16:32:15.244+0200] {processor.py:914} INFO - Processing file /Users/swarnalidatta/Desktop/AutoQueryChatbot/.airflow-venv/lib/python3.12/site-packages/airflow/example_dags/plugins/event_listener.py for tasks to queue
[2026-09-22T16:32:15.244+0200] {logging_mixin.py:190} INFO - [2026-09-22T16:32:15.244+0200] {dagbag.py:588} INFO - Filling up the DagBag from /Users/swarnalidatta/Desktop/AutoQueryChatbot/.airflow-venv/lib/python3.12/site-packages/airflow/example_dags/plugins/event_listener.py
[2026-09-22T16:32:15.245+0200] {processor.py:927} WARNING - No viable dags retrieved from /Users/swarnalidatta/Desktop/AutoQueryChatbot/.airflow-venv/lib/python3.12/site-packages/airflow/example_dags/plugins/event_listener.py
[2026-09-22T16:32:15.272+0200] {processor.py:208} INFO - Processing /Users/swarnalidatta/Desktop/AutoQueryChatbot/.airflow-venv/lib/python3.12/site-packages/airflow/example_dags/plugins/event_listener.py took 0.030 seconds
[2026-09-22T16:33:25.365+0200] {processor.py:186} INFO - Started process (PID=47214) to work on /Users/swarnalidatta/Desktop/AutoQueryChatbot/.airflow-venv/lib/python3.12/site-packages/airflow/example_dags/plugins/event_listener.py
[2026-09-22T16:33:25.366+0200] {processor.py:914} INFO - Processing file /Users/swarnalidatta/Desktop/AutoQueryChatbot/.airflow-venv/lib/python3.12/site-packages/airflow/example_dags/plugins/event_listener.py for tasks to queue
[2026-09-22T16:33:25.366+0200] {logging_mixin.py:190} INFO - [2026-09-22T16:33:25.366+0200] {dagbag.py:588} INFO - Filling up the DagBag from /Users/swarnalidatta/Desktop/AutoQueryChatbot/.airflow-venv/lib/python3.12/site-packages/airflow/example_dags/plugins/event_listener.py
[2026-09-22T16:33:25.366+0200] {processor.py:927} WARNING - No viable dags retrieved from /Users/swarnalidatta/Desktop/AutoQueryChatbot/.airflow-venv/lib/python3.12/site-packages/airflow/example_dags/plugins/event_listener.py
[2026-09-22T16:33:25.392+0200] {processor.py:208} INFO - Processing /Users/swarnalidatta/Desktop/AutoQueryChatbot/.airflow-venv/lib/python3.12/site-packages/airflow/example_dags/plugins/event_listener.py took 0.028 seconds
[2026-09-22T16:34:37.051+0200] {processor.py:186} INFO - Started process (PID=47701) to work on /Users/swarnalidatta/Desktop/AutoQueryChatbot/.airflow-venv/lib/python3.12/site-packages/airflow/example_dags/plugins/event_listener.py
[2026-09-22T16:34:37.053+0200] {processor.py:914} INFO - Processing file /Users/swarnalidatta/Desktop/AutoQueryChatbot/.airflow-venv/lib/python3.12/site-packages/airflow/example_dags/plugins/event_listener.py for tasks to queue
[2026-09-22T16:34:37.053+0200] {logging_mixin.py:190} INFO - [2026-09-22T16:34:37.053+0200] {dagbag.py:588} INFO - Filling up the DagBag from /Users/swarnalidatta/Desktop/AutoQueryChatbot/.airflow-venv/lib/python3.12/site-packages/airflow/example_dags/plugins/event_listener.py
[2026-09-22T16:34:37.053+0200] {processor.py:927} WARNING - No viable dags retrieved from /Users/swarnalidatta/Desktop/AutoQueryChatbot/.airflow-venv/lib/python3.12/site-packages/airflow/example_dags/plugins/event_listener.py
[2026-09-22T16:34:37.078+0200] {processor.py:208} INFO - Processing /Users/swarnalidatta/Desktop/AutoQueryChatbot/.airflow-venv/lib/python3.12/site-packages/airflow/example_dags/plugins/event_listener.py took 0.028 seconds
[2026-09-22T16:35:45.713+0200] {processor.py:186} INFO - Started process (PID=47861) to work on /Users/swarnalidatta/Desktop/AutoQueryChatbot/.airflow-venv/lib/python3.12/site-packages/airflow/example_dags/plugins/event_listener.py
[2026-09-22T16:35:45.714+0200] {processor.py:914} INFO - Processing file /Users/swarnalidatta/Desktop/AutoQueryChatbot/.airflow-venv/lib/python3.12/site-packages/airflow/example_dags/plugins/event_listener.py for tasks to queue
[2026-09-22T16:35:45.714+0200] {logging_mixin.py:190} INFO - [2026-09-22T16:35:45.714+0200] {dagbag.py:588} INFO - Filling up the DagBag from /Users/swarnalidatta/Desktop/AutoQueryChatbot/.airflow-venv/lib/python3.12/site-packages/airflow/example_dags/plugins/event_listener.py
[2026-09-22T16:35:45.714+0200] {processor.py:927} WARNING - No viable dags retrieved from /Users/swarnalidatta/Desktop/AutoQueryChatbot/.airflow-venv/lib/python3.12/site-packages/airflow/example_dags/plugins/event_listener.py
[2026-09-22T16:35:45.739+0200] {processor.py:208} INFO - Processing /Users/swarnalidatta/Desktop/AutoQueryChatbot/.airflow-venv/lib/python3.12/site-packages/airflow/example_dags/plugins/event_listener.py took 0.027 seconds
[2026-09-22T16:37:13.272+0200] {processor.py:186} INFO - Started process (PID=48032) to work on /Users/swarnalidatta/Desktop/AutoQueryChatbot/.airflow-venv/lib/python3.12/site-packages/airflow/example_dags/plugins/event_listener.py
[2026-09-22T16:37:13.272+0200] {processor.py:914} INFO - Processing file /Users/swarnalidatta/Desktop/AutoQueryChatbot/.airflow-venv/lib/python3.12/site-packages/airflow/example_dags/plugins/event_listener.py for tasks to queue
[2026-09-22T16:37:13.273+0200] {logging_mixin.py:190} INFO - [2026-09-22T16:37:13.273+0200] {dagbag.py:588} INFO - Filling up the DagBag from /Users/swarnalidatta/Desktop/AutoQueryChatbot/.airflow-venv/lib/python3.12/site-packages/airflow/example_dags/plugins/event_listener.py
[2026-09-22T16:37:13.273+0200] {processor.py:927} WARNING - No viable dags retrieved from /Users/swarnalidatta/Desktop/AutoQueryChatbot/.airflow-venv/lib/python3.12/site-packages/airflow/example_dags/plugins/event_listener.py
[2026-09-22T16:37:13.297+0200] {processor.py:208} INFO - Processing /Users/swarnalidatta/Desktop/AutoQueryChatbot/.airflow-venv/lib/python3.12/site-packages/airflow/example_dags/plugins/event_listener.py took 0.026 seconds
[2026-09-22T16:38:37.231+0200] {processor.py:186} INFO - Started process (PID=49145) to work on /Users/swarnalidatta/Desktop/AutoQueryChatbot/.airflow-venv/lib/python3.12/site-packages/airflow/example_dags/plugins/event_listener.py
[2026-09-22T16:38:37.232+0200] {processor.py:914} INFO - Processing file /Users/swarnalidatta/Desktop/AutoQueryChatbot/.airflow-venv/lib/python3.12/site-packages/airflow/example_dags/plugins/event_listener.py for tasks to queue
[2026-09-22T16:38:37.232+0200] {logging_mixin.py:190} INFO - [2026-09-22T16:38:37.232+0200] {dagbag.py:588} INFO - Filling up the DagBag from /Users/swarnalidatta/Desktop/AutoQueryChatbot/.airflow-venv/lib/python3.12/site-packages/airflow/example_dags/plugins/event_listener.py
[2026-09-22T16:38:37.233+0200] {processor.py:927} WARNING - No viable dags retrieved from /Users/swarnalidatta/Desktop/AutoQueryChatbot/.airflow-venv/lib/python3.12/site-packages/airflow/example_dags/plugins/event_listener.py
[2026-09-22T16:38:37.257+0200] {processor.py:208} INFO - Processing /Users/swarnalidatta/Desktop/AutoQueryChatbot/.airflow-venv/lib/python3.12/site-packages/airflow/example_dags/plugins/event_listener.py took 0.028 seconds
[2026-09-22T16:39:50.282+0200] {processor.py:186} INFO - Started process (PID=49636) to work on /Users/swarnalidatta/Desktop/AutoQueryChatbot/.airflow-venv/lib/python3.12/site-packages/airflow/example_dags/plugins/event_listener.py
[2026-09-22T16:39:50.283+0200] {processor.py:914} INFO - Processing file /Users/swarnalidatta/Desktop/AutoQueryChatbot/.airflow-venv/lib/python3.12/site-packages/airflow/example_dags/plugins/event_listener.py for tasks to queue
[2026-09-22T16:39:50.283+0200] {logging_mixin.py:190} INFO - [2026-09-22T16:39:50.283+0200] {dagbag.py:588} INFO - Filling up the DagBag from /Users/swarnalidatta/Desktop/AutoQueryChatbot/.airflow-venv/lib/python3.12/site-packages/airflow/example_dags/plugins/event_listener.py
[2026-09-22T16:39:50.284+0200] {processor.py:927} WARNING - No viable dags retrieved from /Users/swarnalidatta/Desktop/AutoQueryChatbot/.airflow-venv/lib/python3.12/site-packages/airflow/example_dags/plugins/event_listener.py
[2026-09-22T16:39:50.308+0200] {processor.py:208} INFO - Processing /Users/swarnalidatta/Desktop/AutoQueryChatbot/.airflow-venv/lib/python3.12/site-packages/airflow/example_dags/plugins/event_listener.py took 0.028 seconds
[2026-09-22T16:41:03.616+0200] {processor.py:186} INFO - Started process (PID=49817) to work on /Users/swarnalidatta/Desktop/AutoQueryChatbot/.airflow-venv/lib/python3.12/site-packages/airflow/example_dags/plugins/event_listener.py
[2026-09-22T16:41:03.617+0200] {processor.py:914} INFO - Processing file /Users/swarnalidatta/Desktop/AutoQueryChatbot/.airflow-venv/lib/python3.12/site-packages/airflow/example_dags/plugins/event_listener.py for tasks to queue
[2026-09-22T16:41:03.617+0200] {logging_mixin.py:190} INFO - [2026-09-22T16:41:03.617+0200] {dagbag.py:588} INFO - Filling up the DagBag from /Users/swarnalidatta/Desktop/AutoQueryChatbot/.airflow-venv/lib/python3.12/site-packages/airflow/example_dags/plugins/event_listener.py
[2026-09-22T16:41:03.618+0200] {processor.py:927} WARNING - No viable dags retrieved from /Users/swarnalidatta/Desktop/AutoQueryChatbot/.airflow-venv/lib/python3.12/site-packages/airflow/example_dags/plugins/event_listener.py
[2026-09-22T16:41:03.644+0200] {processor.py:208} INFO - Processing /Users/swarnalidatta/Desktop/AutoQueryChatbot/.airflow-venv/lib/python3.12/site-packages/airflow/example_dags/plugins/event_listener.py took 0.029 seconds
[2026-09-22T16:42:14.118+0200] {processor.py:186} INFO - Started process (PID=51271) to work on /Users/swarnalidatta/Desktop/AutoQueryChatbot/.airflow-venv/lib/python3.12/site-packages/airflow/example_dags/plugins/event_listener.py
[2026-09-22T16:42:14.118+0200] {processor.py:914} INFO - Processing file /Users/swarnalidatta/Desktop/AutoQueryChatbot/.airflow-venv/lib/python3.12/site-packages/airflow/example_dags/plugins/event_listener.py for tasks to queue
[2026-09-22T16:42:14.119+0200] {logging_mixin.py:190} INFO - [2026-09-22T16:42:14.119+0200] {dagbag.py:588} INFO - Filling up the DagBag from /Users/swarnalidatta/Desktop/AutoQueryChatbot/.airflow-venv/lib/python3.12/site-packages/airflow/example_dags/plugins/event_listener.py
[2026-09-22T16:42:14.119+0200] {processor.py:927} WARNING - No viable dags retrieved from /Users/swarnalidatta/Desktop/AutoQueryChatbot/.airflow-venv/lib/python3.12/site-packages/airflow/example_dags/plugins/event_listener.py
[2026-09-22T16:42:14.144+0200] {processor.py:208} INFO - Processing /Users/swarnalidatta/Desktop/AutoQueryChatbot/.airflow-venv/lib/python3.12/site-packages/airflow/example_dags/plugins/event_listener.py took 0.028 seconds
[2026-09-22T16:43:26.097+0200] {processor.py:186} INFO - Started process (PID=51887) to work on /Users/swarnalidatta/Desktop/AutoQueryChatbot/.airflow-venv/lib/python3.12/site-packages/airflow/example_dags/plugins/event_listener.py
[2026-09-22T16:43:26.098+0200] {processor.py:914} INFO - Processing file /Users/swarnalidatta/Desktop/AutoQueryChatbot/.airflow-venv/lib/python3.12/site-packages/airflow/example_dags/plugins/event_listener.py for tasks to queue
[2026-09-22T16:43:26.099+0200] {logging_mixin.py:190} INFO - [2026-09-22T16:43:26.099+0200] {dagbag.py:588} INFO - Filling up the DagBag from /Users/swarnalidatta/Desktop/AutoQueryChatbot/.airflow-venv/lib/python3.12/site-packages/airflow/example_dags/plugins/event_listener.py
[2026-09-22T16:43:26.099+0200] {processor.py:927} WARNING - No viable dags retrieved from /Users/swarnalidatta/Desktop/AutoQueryChatbot/.airflow-venv/lib/python3.12/site-packages/airflow/example_dags/plugins/event_listener.py
[2026-09-22T16:43:26.123+0200] {processor.py:208} INFO - Processing /Users/swarnalidatta/Desktop/AutoQueryChatbot/.airflow-venv/lib/python3.12/site-packages/airflow/example_dags/plugins/event_listener.py took 0.027 seconds
[2026-09-22T16:44:33.490+0200] {processor.py:186} INFO - Started process (PID=52043) to work on /Users/swarnalidatta/Desktop/AutoQueryChatbot/.airflow-venv/lib/python3.12/site-packages/airflow/example_dags/plugins/event_listener.py
[2026-09-22T16:44:33.491+0200] {processor.py:914} INFO - Processing file /Users/swarnalidatta/Desktop/AutoQueryChatbot/.airflow-venv/lib/python3.12/site-packages/airflow/example_dags/plugins/event_listener.py for tasks to queue
[2026-09-22T16:44:33.491+0200] {logging_mixin.py:190} INFO - [2026-09-22T16:44:33.491+0200] {dagbag.py:588} INFO - Filling up the DagBag from /Users/swarnalidatta/Desktop/AutoQueryChatbot/.airflow-venv/lib/python3.12/site-packages/airflow/example_dags/plugins/event_listener.py
[2026-09-22T16:44:33.491+0200] {processor.py:927} WARNING - No viable dags retrieved from /Users/swarnalidatta/Desktop/AutoQueryChatbot/.airflow-venv/lib/python3.12/site-packages/airflow/example_dags/plugins/event_listener.py
[2026-09-22T16:44:33.517+0200] {processor.py:208} INFO - Processing /Users/swarnalidatta/Desktop/AutoQueryChatbot/.airflow-venv/lib/python3.12/site-packages/airflow/example_dags/plugins/event_listener.py took 0.027 seconds
[2026-09-22T16:45:43.505+0200] {processor.py:186} INFO - Started process (PID=52957) to work on /Users/swarnalidatta/Desktop/AutoQueryChatbot/.airflow-venv/lib/python3.12/site-packages/airflow/example_dags/plugins/event_listener.py
[2026-09-22T16:45:43.505+0200] {processor.py:914} INFO - Processing file /Users/swarnalidatta/Desktop/AutoQueryChatbot/.airflow-venv/lib/python3.12/site-packages/airflow/example_dags/plugins/event_listener.py for tasks to queue
[2026-09-22T16:45:43.506+0200] {logging_mixin.py:190} INFO - [2026-09-22T16:45:43.506+0200] {dagbag.py:588} INFO - Filling up the DagBag from /Users/swarnalidatta/Desktop/AutoQueryChatbot/.airflow-venv/lib/python3.12/site-packages/airflow/example_dags/plugins/event_listener.py
[2026-09-22T16:45:43.506+0200] {processor.py:927} WARNING - No viable dags retrieved from /Users/swarnalidatta/Desktop/AutoQueryChatbot/.airflow-venv/lib/python3.12/site-packages/airflow/example_dags/plugins/event_listener.py
[2026-09-22T16:45:43.535+0200] {processor.py:208} INFO - Processing /Users/swarnalidatta/Desktop/AutoQueryChatbot/.airflow-venv/lib/python3.12/site-packages/airflow/example_dags/plugins/event_listener.py took 0.031 seconds
[2026-09-22T16:46:55.379+0200] {processor.py:186} INFO - Started process (PID=53171) to work on /Users/swarnalidatta/Desktop/AutoQueryChatbot/.airflow-venv/lib/python3.12/site-packages/airflow/example_dags/plugins/event_listener.py
[2026-09-22T16:46:55.379+0200] {processor.py:914} INFO - Processing file /Users/swarnalidatta/Desktop/AutoQueryChatbot/.airflow-venv/lib/python3.12/site-packages/airflow/example_dags/plugins/event_listener.py for tasks to queue
[2026-09-22T16:46:55.380+0200] {logging_mixin.py:190} INFO - [2026-09-22T16:46:55.379+0200] {dagbag.py:588} INFO - Filling up the DagBag from /Users/swarnalidatta/Desktop/AutoQueryChatbot/.airflow-venv/lib/python3.12/site-packages/airflow/example_dags/plugins/event_listener.py
[2026-09-22T16:46:55.380+0200] {processor.py:927} WARNING - No viable dags retrieved from /Users/swarnalidatta/Desktop/AutoQueryChatbot/.airflow-venv/lib/python3.12/site-packages/airflow/example_dags/plugins/event_listener.py
[2026-09-22T16:46:55.405+0200] {processor.py:208} INFO - Processing /Users/swarnalidatta/Desktop/AutoQueryChatbot/.airflow-venv/lib/python3.12/site-packages/airflow/example_dags/plugins/event_listener.py took 0.027 seconds
[2026-09-22T16:48:02.386+0200] {processor.py:186} INFO - Started process (PID=53323) to work on /Users/swarnalidatta/Desktop/AutoQueryChatbot/.airflow-venv/lib/python3.12/site-packages/airflow/example_dags/plugins/event_listener.py
[2026-09-22T16:48:02.387+0200] {processor.py:914} INFO - Processing file /Users/swarnalidatta/Desktop/AutoQueryChatbot/.airflow-venv/lib/python3.12/site-packages/airflow/example_dags/plugins/event_listener.py for tasks to queue
[2026-09-22T16:48:02.387+0200] {logging_mixin.py:190} INFO - [2026-09-22T16:48:02.387+0200] {dagbag.py:588} INFO - Filling up the DagBag from /Users/swarnalidatta/Desktop/AutoQueryChatbot/.airflow-venv/lib/python3.12/site-packages/airflow/example_dags/plugins/event_listener.py
[2026-09-22T16:48:02.388+0200] {processor.py:927} WARNING - No viable dags retrieved from /Users/swarnalidatta/Desktop/AutoQueryChatbot/.airflow-venv/lib/python3.12/site-packages/airflow/example_dags/plugins/event_listener.py
[2026-09-22T16:48:02.412+0200] {processor.py:208} INFO - Processing /Users/swarnalidatta/Desktop/AutoQueryChatbot/.airflow-venv/lib/python3.12/site-packages/airflow/example_dags/plugins/event_listener.py took 0.028 seconds
[2026-09-22T16:49:14.186+0200] {processor.py:186} INFO - Started process (PID=53485) to work on /Users/swarnalidatta/Desktop/AutoQueryChatbot/.airflow-venv/lib/python3.12/site-packages/airflow/example_dags/plugins/event_listener.py
[2026-09-22T16:49:14.186+0200] {processor.py:914} INFO - Processing file /Users/swarnalidatta/Desktop/AutoQueryChatbot/.airflow-venv/lib/python3.12/site-packages/airflow/example_dags/plugins/event_listener.py for tasks to queue
[2026-09-22T16:49:14.187+0200] {logging_mixin.py:190} INFO - [2026-09-22T16:49:14.187+0200] {dagbag.py:588} INFO - Filling up the DagBag from /Users/swarnalidatta/Desktop/AutoQueryChatbot/.airflow-venv/lib/python3.12/site-packages/airflow/example_dags/plugins/event_listener.py
[2026-09-22T16:49:14.187+0200] {processor.py:927} WARNING - No viable dags retrieved from /Users/swarnalidatta/Desktop/AutoQueryChatbot/.airflow-venv/lib/python3.12/site-packages/airflow/example_dags/plugins/event_listener.py
[2026-09-22T16:49:14.212+0200] {processor.py:208} INFO - Processing /Users/swarnalidatta/Desktop/AutoQueryChatbot/.airflow-venv/lib/python3.12/site-packages/airflow/example_dags/plugins/event_listener.py took 0.028 seconds
[2026-09-22T16:50:25.219+0200] {processor.py:186} INFO - Started process (PID=53651) to work on /Users/swarnalidatta/Desktop/AutoQueryChatbot/.airflow-venv/lib/python3.12/site-packages/airflow/example_dags/plugins/event_listener.py
[2026-09-22T16:50:25.220+0200] {processor.py:914} INFO - Processing file /Users/swarnalidatta/Desktop/AutoQueryChatbot/.airflow-venv/lib/python3.12/site-packages/airflow/example_dags/plugins/event_listener.py for tasks to queue
[2026-09-22T16:50:25.220+0200] {logging_mixin.py:190} INFO - [2026-09-22T16:50:25.220+0200] {dagbag.py:588} INFO - Filling up the DagBag from /Users/swarnalidatta/Desktop/AutoQueryChatbot/.airflow-venv/lib/python3.12/site-packages/airflow/example_dags/plugins/event_listener.py
[2026-09-22T16:50:25.221+0200] {processor.py:927} WARNING - No viable dags retrieved from /Users/swarnalidatta/Desktop/AutoQueryChatbot/.airflow-venv/lib/python3.12/site-packages/airflow/example_dags/plugins/event_listener.py
[2026-09-22T16:50:25.246+0200] {processor.py:208} INFO - Processing /Users/swarnalidatta/Desktop/AutoQueryChatbot/.airflow-venv/lib/python3.12/site-packages/airflow/example_dags/plugins/event_listener.py took 0.028 seconds
[2026-09-22T16:51:31.775+0200] {processor.py:186} INFO - Started process (PID=53801) to work on /Users/swarnalidatta/Desktop/AutoQueryChatbot/.airflow-venv/lib/python3.12/site-packages/airflow/example_dags/plugins/event_listener.py
[2026-09-22T16:51:31.775+0200] {processor.py:914} INFO - Processing file /Users/swarnalidatta/Desktop/AutoQueryChatbot/.airflow-venv/lib/python3.12/site-packages/airflow/example_dags/plugins/event_listener.py for tasks to queue
[2026-09-22T16:51:31.776+0200] {logging_mixin.py:190} INFO - [2026-09-22T16:51:31.776+0200] {dagbag.py:588} INFO - Filling up the DagBag from /Users/swarnalidatta/Desktop/AutoQueryChatbot/.airflow-venv/lib/python3.12/site-packages/airflow/example_dags/plugins/event_listener.py
[2026-09-22T16:51:31.776+0200] {processor.py:927} WARNING - No viable dags retrieved from /Users/swarnalidatta/Desktop/AutoQueryChatbot/.airflow-venv/lib/python3.12/site-packages/airflow/example_dags/plugins/event_listener.py
[2026-09-22T16:51:31.800+0200] {processor.py:208} INFO - Processing /Users/swarnalidatta/Desktop/AutoQueryChatbot/.airflow-venv/lib/python3.12/site-packages/airflow/example_dags/plugins/event_listener.py took 0.026 seconds
[2026-09-22T16:52:37.296+0200] {processor.py:186} INFO - Started process (PID=53950) to work on /Users/swarnalidatta/Desktop/AutoQueryChatbot/.airflow-venv/lib/python3.12/site-packages/airflow/example_dags/plugins/event_listener.py
[2026-09-22T16:52:37.296+0200] {processor.py:914} INFO - Processing file /Users/swarnalidatta/Desktop/AutoQueryChatbot/.airflow-venv/lib/python3.12/site-packages/airflow/example_dags/plugins/event_listener.py for tasks to queue
[2026-09-22T16:52:37.297+0200] {logging_mixin.py:190} INFO - [2026-09-22T16:52:37.297+0200] {dagbag.py:588} INFO - Filling up the DagBag from /Users/swarnalidatta/Desktop/AutoQueryChatbot/.airflow-venv/lib/python3.12/site-packages/airflow/example_dags/plugins/event_listener.py
[2026-09-22T16:52:37.297+0200] {processor.py:927} WARNING - No viable dags retrieved from /Users/swarnalidatta/Desktop/AutoQueryChatbot/.airflow-venv/lib/python3.12/site-packages/airflow/example_dags/plugins/event_listener.py
[2026-09-22T16:52:37.322+0200] {processor.py:208} INFO - Processing /Users/swarnalidatta/Desktop/AutoQueryChatbot/.airflow-venv/lib/python3.12/site-packages/airflow/example_dags/plugins/event_listener.py took 0.027 seconds
[2026-09-22T16:53:46.464+0200] {processor.py:186} INFO - Started process (PID=54124) to work on /Users/swarnalidatta/Desktop/AutoQueryChatbot/.airflow-venv/lib/python3.12/site-packages/airflow/example_dags/plugins/event_listener.py
[2026-09-22T16:53:46.465+0200] {processor.py:914} INFO - Processing file /Users/swarnalidatta/Desktop/AutoQueryChatbot/.airflow-venv/lib/python3.12/site-packages/airflow/example_dags/plugins/event_listener.py for tasks to queue
[2026-09-22T16:53:46.465+0200] {logging_mixin.py:190} INFO - [2026-09-22T16:53:46.465+0200] {dagbag.py:588} INFO - Filling up the DagBag from /Users/swarnalidatta/Desktop/AutoQueryChatbot/.airflow-venv/lib/python3.12/site-packages/airflow/example_dags/plugins/event_listener.py
[2026-09-22T16:53:46.465+0200] {processor.py:927} WARNING - No viable dags retrieved from /Users/swarnalidatta/Desktop/AutoQueryChatbot/.airflow-venv/lib/python3.12/site-packages/airflow/example_dags/plugins/event_listener.py
[2026-09-22T16:53:46.490+0200] {processor.py:208} INFO - Processing /Users/swarnalidatta/Desktop/AutoQueryChatbot/.airflow-venv/lib/python3.12/site-packages/airflow/example_dags/plugins/event_listener.py took 0.027 seconds
[2026-09-22T16:54:54.270+0200] {processor.py:186} INFO - Started process (PID=54274) to work on /Users/swarnalidatta/Desktop/AutoQueryChatbot/.airflow-venv/lib/python3.12/site-packages/airflow/example_dags/plugins/event_listener.py
[2026-09-22T16:54:54.270+0200] {processor.py:914} INFO - Processing file /Users/swarnalidatta/Desktop/AutoQueryChatbot/.airflow-venv/lib/python3.12/site-packages/airflow/example_dags/plugins/event_listener.py for tasks to queue
[2026-09-22T16:54:54.271+0200] {logging_mixin.py:190} INFO - [2026-09-22T16:54:54.271+0200] {dagbag.py:588} INFO - Filling up the DagBag from /Users/swarnalidatta/Desktop/AutoQueryChatbot/.airflow-venv/lib/python3.12/site-packages/airflow/example_dags/plugins/event_listener.py
[2026-09-22T16:54:54.271+0200] {processor.py:927} WARNING - No viable dags retrieved from /Users/swarnalidatta/Desktop/AutoQueryChatbot/.airflow-venv/lib/python3.12/site-packages/airflow/example_dags/plugins/event_listener.py
[2026-09-22T16:54:54.295+0200] {processor.py:208} INFO - Processing /Users/swarnalidatta/Desktop/AutoQueryChatbot/.airflow-venv/lib/python3.12/site-packages/airflow/example_dags/plugins/event_listener.py took 0.027 seconds
[2026-09-22T16:56:03.270+0200] {processor.py:186} INFO - Started process (PID=55028) to work on /Users/swarnalidatta/Desktop/AutoQueryChatbot/.airflow-venv/lib/python3.12/site-packages/airflow/example_dags/plugins/event_listener.py
[2026-09-22T16:56:03.270+0200] {processor.py:914} INFO - Processing file /Users/swarnalidatta/Desktop/AutoQueryChatbot/.airflow-venv/lib/python3.12/site-packages/airflow/example_dags/plugins/event_listener.py for tasks to queue
[2026-09-22T16:56:03.270+0200] {logging_mixin.py:190} INFO - [2026-09-22T16:56:03.270+0200] {dagbag.py:588} INFO - Filling up the DagBag from /Users/swarnalidatta/Desktop/AutoQueryChatbot/.airflow-venv/lib/python3.12/site-packages/airflow/example_dags/plugins/event_listener.py
[2026-09-22T16:56:03.271+0200] {processor.py:927} WARNING - No viable dags retrieved from /Users/swarnalidatta/Desktop/AutoQueryChatbot/.airflow-venv/lib/python3.12/site-packages/airflow/example_dags/plugins/event_listener.py
[2026-09-22T16:56:03.297+0200] {processor.py:208} INFO - Processing /Users/swarnalidatta/Desktop/AutoQueryChatbot/.airflow-venv/lib/python3.12/site-packages/airflow/example_dags/plugins/event_listener.py took 0.029 seconds
[2026-09-22T16:57:11.195+0200] {processor.py:186} INFO - Started process (PID=55788) to work on /Users/swarnalidatta/Desktop/AutoQueryChatbot/.airflow-venv/lib/python3.12/site-packages/airflow/example_dags/plugins/event_listener.py
[2026-09-22T16:57:11.196+0200] {processor.py:914} INFO - Processing file /Users/swarnalidatta/Desktop/AutoQueryChatbot/.airflow-venv/lib/python3.12/site-packages/airflow/example_dags/plugins/event_listener.py for tasks to queue
[2026-09-22T16:57:11.196+0200] {logging_mixin.py:190} INFO - [2026-09-22T16:57:11.196+0200] {dagbag.py:588} INFO - Filling up the DagBag from /Users/swarnalidatta/Desktop/AutoQueryChatbot/.airflow-venv/lib/python3.12/site-packages/airflow/example_dags/plugins/event_listener.py
[2026-09-22T16:57:11.196+0200] {processor.py:927} WARNING - No viable dags retrieved from /Users/swarnalidatta/Desktop/AutoQueryChatbot/.airflow-venv/lib/python3.12/site-packages/airflow/example_dags/plugins/event_listener.py
[2026-09-22T16:57:11.221+0200] {processor.py:208} INFO - Processing /Users/swarnalidatta/Desktop/AutoQueryChatbot/.airflow-venv/lib/python3.12/site-packages/airflow/example_dags/plugins/event_listener.py took 0.027 seconds
[2026-09-22T16:58:19.521+0200] {processor.py:186} INFO - Started process (PID=55940) to work on /Users/swarnalidatta/Desktop/AutoQueryChatbot/.airflow-venv/lib/python3.12/site-packages/airflow/example_dags/plugins/event_listener.py
[2026-09-22T16:58:19.521+0200] {processor.py:914} INFO - Processing file /Users/swarnalidatta/Desktop/AutoQueryChatbot/.airflow-venv/lib/python3.12/site-packages/airflow/example_dags/plugins/event_listener.py for tasks to queue
[2026-09-22T16:58:19.521+0200] {logging_mixin.py:190} INFO - [2026-09-22T16:58:19.521+0200] {dagbag.py:588} INFO - Filling up the DagBag from /Users/swarnalidatta/Desktop/AutoQueryChatbot/.airflow-venv/lib/python3.12/site-packages/airflow/example_dags/plugins/event_listener.py
[2026-09-22T16:58:19.522+0200] {processor.py:927} WARNING - No viable dags retrieved from /Users/swarnalidatta/Desktop/AutoQueryChatbot/.airflow-venv/lib/python3.12/site-packages/airflow/example_dags/plugins/event_listener.py
[2026-09-22T16:58:19.546+0200] {processor.py:208} INFO - Processing /Users/swarnalidatta/Desktop/AutoQueryChatbot/.airflow-venv/lib/python3.12/site-packages/airflow/example_dags/plugins/event_listener.py took 0.026 seconds
[2026-09-22T16:59:29.030+0200] {processor.py:186} INFO - Started process (PID=56103) to work on /Users/swarnalidatta/Desktop/AutoQueryChatbot/.airflow-venv/lib/python3.12/site-packages/airflow/example_dags/plugins/event_listener.py
[2026-09-22T16:59:29.031+0200] {processor.py:914} INFO - Processing file /Users/swarnalidatta/Desktop/AutoQueryChatbot/.airflow-venv/lib/python3.12/site-packages/airflow/example_dags/plugins/event_listener.py for tasks to queue
[2026-09-22T16:59:29.031+0200] {logging_mixin.py:190} INFO - [2026-09-22T16:59:29.031+0200] {dagbag.py:588} INFO - Filling up the DagBag from /Users/swarnalidatta/Desktop/AutoQueryChatbot/.airflow-venv/lib/python3.12/site-packages/airflow/example_dags/plugins/event_listener.py
[2026-09-22T16:59:29.032+0200] {processor.py:927} WARNING - No viable dags retrieved from /Users/swarnalidatta/Desktop/AutoQueryChatbot/.airflow-venv/lib/python3.12/site-packages/airflow/example_dags/plugins/event_listener.py
[2026-09-22T16:59:29.057+0200] {processor.py:208} INFO - Processing /Users/swarnalidatta/Desktop/AutoQueryChatbot/.airflow-venv/lib/python3.12/site-packages/airflow/example_dags/plugins/event_listener.py took 0.028 seconds
