[2026-09-17T19:22:14.925+0200] {processor.py:186} INFO - Started process (PID=73965) to work on /Users/swarnalidatta/Desktop/AutoQueryChatbot/.airflow-venv/lib/python3.12/site-packages/airflow/example_dags/plugins/event_listener.py
[2026-09-17T19:22:14.925+0200] {processor.py:914} INFO - Processing file /Users/swarnalidatta/Desktop/AutoQueryChatbot/.airflow-venv/lib/python3.12/site-packages/airflow/example_dags/plugins/event_listener.py for tasks to queue
[2026-09-17T19:22:14.926+0200] {logging_mixin.py:190} INFO - [2026-09-17T19:22:14.926+0200] {dagbag.py:588} INFO - Filling up the DagBag from /Users/swarnalidatta/Desktop/AutoQueryChatbot/.airflow-venv/lib/python3.12/site-packages/airflow/example_dags/plugins/event_listener.py
[2026-09-17T19:22:14.926+0200] {processor.py:927} WARNING - No viable dags retrieved from /Users/swarnalidatta/Desktop/AutoQueryChatbot/.airflow-venv/lib/python3.12/site-packages/airflow/example_dags/plugins/event_listener.py
[2026-09-17T19:22:14.951+0200] {processor.py:208} INFO - Processing /Users/swarnalidatta/Desktop/AutoQueryChatbot/.airflow-venv/lib/python3.12/site-packages/airflow/example_dags/plugins/event_listener.py took 0.027 seconds
[2026-09-17T19:23:49.115+0200] {processor.py:186} INFO - Started process (PID=74464) to work on /Users/swarnalidatta/Desktop/AutoQueryChatbot/.airflow-venv/lib/python3.12/site-packages/airflow/example_dags/plugins/event_listener.py
[2026-09-17T19:23:49.115+0200] {processor.py:914} INFO - Processing file /Users/swarnalidatta/Desktop/AutoQueryChatbot/.airflow-venv/lib/python3.12/site-packages/airflow/example_dags/plugins/event_listener.py for tasks to queue
[2026-09-17T19:23:49.115+0200] {logging_mixin.py:190} INFO - [2026-09-17T19:23:49.115+0200] {dagbag.py:588} INFO - Filling up the DagBag from /Users/swarnalidatta/Desktop/AutoQueryChatbot/.airflow-venv/lib/python3.12/site-packages/airflow/example_dags/plugins/event_listener.py
[2026-09-17T19:23:49.116+0200] {processor.py:927} WARNING - No viable dags retrieved from /Users/swarnalidatta/Desktop/AutoQueryChatbot/.airflow-venv/lib/python3.12/site-packages/airflow/example_dags/plugins/event_listener.py
[2026-09-17T19:23:49.139+0200] {processor.py:208} INFO - Processing /Users/swarnalidatta/Desktop/AutoQueryChatbot/.airflow-venv/lib/python3.12/site-packages/airflow/example_dags/plugins/event_listener.py took 0.026 seconds
[2026-09-17T19:24:58.215+0200] {processor.py:186} INFO - Started process (PID=74653) to work on /Users/swarnalidatta/Desktop/AutoQueryChatbot/.airflow-venv/lib/python3.12/site-packages/airflow/example_dags/plugins/event_listener.py
[2026-09-17T19:24:58.215+0200] {processor.py:914} INFO - Processing file /Users/swarnalidatta/Desktop/AutoQueryChatbot/.airflow-venv/lib/python3.12/site-packages/airflow/example_dags/plugins/event_listener.py for tasks to queue
[2026-09-17T19:24:58.215+0200] {logging_mixin.py:190} INFO - [2026-09-17T19:24:58.215+0200] {dagbag.py:588} INFO - Filling up the DagBag from /Users/swarnalidatta/Desktop/AutoQueryChatbot/.airflow-venv/lib/python3.12/site-packages/airflow/example_dags/plugins/event_listener.py
[2026-09-17T19:24:58.216+0200] {processor.py:927} WARNING - No viable dags retrieved from /Users/swarnalidatta/Desktop/AutoQueryChatbot/.airflow-venv/lib/python3.12/site-packages/airflow/example_dags/plugins/event_listener.py
[2026-09-17T19:24:58.240+0200] {processor.py:208} INFO - Processing /Users/swarnalidatta/Desktop/AutoQueryChatbot/.airflow-venv/lib/python3.12/site-packages/airflow/example_dags/plugins/event_listener.py took 0.026 seconds
[2026-09-17T19:26:07.662+0200] {processor.py:186} INFO - Started process (PID=74837) to work on /Users/swarnalidatta/Desktop/AutoQueryChatbot/.airflow-venv/lib/python3.12/site-packages/airflow/example_dags/plugins/event_listener.py
[2026-09-17T19:26:07.662+0200] {processor.py:914} INFO - Processing file /Users/swarnalidatta/Desktop/AutoQueryChatbot/.airflow-venv/lib/python3.12/site-packages/airflow/example_dags/plugins/event_listener.py for tasks to queue
[2026-09-17T19:26:07.663+0200] {logging_mixin.py:190} INFO - [2026-09-17T19:26:07.663+0200] {dagbag.py:588} INFO - Filling up the DagBag from /Users/swarnalidatta/Desktop/AutoQueryChatbot/.airflow-venv/lib/python3.12/site-packages/airflow/example_dags/plugins/event_listener.py
[2026-09-17T19:26:07.663+0200] {processor.py:927} WARNING - No viable dags retrieved from /Users/swarnalidatta/Desktop/AutoQueryChatbot/.airflow-venv/lib/python3.12/site-packages/airflow/example_dags/plugins/event_listener.py
[2026-09-17T19:26:07.687+0200] {processor.py:208} INFO - Processing /Users/swarnalidatta/Desktop/AutoQueryChatbot/.airflow-venv/lib/python3.12/site-packages/airflow/example_dags/plugins/event_listener.py took 0.026 seconds
[2026-09-17T19:27:15.199+0200] {processor.py:186} INFO - Started process (PID=75020) to work on /Users/swarnalidatta/Desktop/AutoQueryChatbot/.airflow-venv/lib/python3.12/site-packages/airflow/example_dags/plugins/event_listener.py
[2026-09-17T19:27:15.199+0200] {processor.py:914} INFO - Processing file /Users/swarnalidatta/Desktop/AutoQueryChatbot/.airflow-venv/lib/python3.12/site-packages/airflow/example_dags/plugins/event_listener.py for tasks to queue
[2026-09-17T19:27:15.199+0200] {logging_mixin.py:190} INFO - [2026-09-17T19:27:15.199+0200] {dagbag.py:588} INFO - Filling up the DagBag from /Users/swarnalidatta/Desktop/AutoQueryChatbot/.airflow-venv/lib/python3.12/site-packages/airflow/example_dags/plugins/event_listener.py
[2026-09-17T19:27:15.200+0200] {processor.py:927} WARNING - No viable dags retrieved from /Users/swarnalidatta/Desktop/AutoQueryChatbot/.airflow-venv/lib/python3.12/site-packages/airflow/example_dags/plugins/event_listener.py
[2026-09-17T19:27:15.224+0200] {processor.py:208} INFO - Processing /Users/swarnalidatta/Desktop/AutoQueryChatbot/.airflow-venv/lib/python3.12/site-packages/airflow/example_dags/plugins/event_listener.py took 0.026 seconds
[2026-09-17T19:28:19.479+0200] {processor.py:186} INFO - Started process (PID=75210) to work on /Users/swarnalidatta/Desktop/AutoQueryChatbot/.airflow-venv/lib/python3.12/site-packages/airflow/example_dags/plugins/event_listener.py
[2026-09-17T19:28:19.480+0200] {processor.py:914} INFO - Processing file /Users/swarnalidatta/Desktop/AutoQueryChatbot/.airflow-venv/lib/python3.12/site-packages/airflow/example_dags/plugins/event_listener.py for tasks to queue
[2026-09-17T19:28:19.480+0200] {logging_mixin.py:190} INFO - [2026-09-17T19:28:19.480+0200] {dagbag.py:588} INFO - Filling up the DagBag from /Users/swarnalidatta/Desktop/AutoQueryChatbot/.airflow-venv/lib/python3.12/site-packages/airflow/example_dags/plugins/event_listener.py
[2026-09-17T19:28:19.480+0200] {processor.py:927} WARNING - No viable dags retrieved from /Users/swarnalidatta/Desktop/AutoQueryChatbot/.airflow-venv/lib/python3.12/site-packages/airflow/example_dags/plugins/event_listener.py
[2026-09-17T19:28:19.505+0200] {processor.py:208} INFO - Processing /Users/swarnalidatta/Desktop/AutoQueryChatbot/.airflow-venv/lib/python3.12/site-packages/airflow/example_dags/plugins/event_listener.py took 0.026 seconds
[2026-09-17T19:29:29.394+0200] {processor.py:186} INFO - Started process (PID=75422) to work on /Users/swarnalidatta/Desktop/AutoQueryChatbot/.airflow-venv/lib/python3.12/site-packages/airflow/example_dags/plugins/event_listener.py
[2026-09-17T19:29:29.395+0200] {processor.py:914} INFO - Processing file /Users/swarnalidatta/Desktop/AutoQueryChatbot/.airflow-venv/lib/python3.12/site-packages/airflow/example_dags/plugins/event_listener.py for tasks to queue
[2026-09-17T19:29:29.395+0200] {logging_mixin.py:190} INFO - [2026-09-17T19:29:29.395+0200] {dagbag.py:588} INFO - Filling up the DagBag from /Users/swarnalidatta/Desktop/AutoQueryChatbot/.airflow-venv/lib/python3.12/site-packages/airflow/example_dags/plugins/event_listener.py
[2026-09-17T19:29:29.396+0200] {processor.py:927} WARNING - No viable dags retrieved from /Users/swarnalidatta/Desktop/AutoQueryChatbot/.airflow-venv/lib/python3.12/site-packages/airflow/example_dags/plugins/event_listener.py
[2026-09-17T19:29:29.420+0200] {processor.py:208} INFO - Processing /Users/swarnalidatta/Desktop/AutoQueryChatbot/.airflow-venv/lib/python3.12/site-packages/airflow/example_dags/plugins/event_listener.py took 0.026 seconds
[2026-09-17T19:30:42.430+0200] {processor.py:186} INFO - Started process (PID=75629) to work on /Users/swarnalidatta/Desktop/AutoQueryChatbot/.airflow-venv/lib/python3.12/site-packages/airflow/example_dags/plugins/event_listener.py
[2026-09-17T19:30:42.431+0200] {processor.py:914} INFO - Processing file /Users/swarnalidatta/Desktop/AutoQueryChatbot/.airflow-venv/lib/python3.12/site-packages/airflow/example_dags/plugins/event_listener.py for tasks to queue
[2026-09-17T19:30:42.431+0200] {logging_mixin.py:190} INFO - [2026-09-17T19:30:42.431+0200] {dagbag.py:588} INFO - Filling up the DagBag from /Users/swarnalidatta/Desktop/AutoQueryChatbot/.airflow-venv/lib/python3.12/site-packages/airflow/example_dags/plugins/event_listener.py
[2026-09-17T19:30:42.431+0200] {processor.py:927} WARNING - No viable dags retrieved from /Users/swarnalidatta/Desktop/AutoQueryChatbot/.airflow-venv/lib/python3.12/site-packages/airflow/example_dags/plugins/event_listener.py
[2026-09-17T19:30:42.456+0200] {processor.py:208} INFO - Processing /Users/swarnalidatta/Desktop/AutoQueryChatbot/.airflow-venv/lib/python3.12/site-packages/airflow/example_dags/plugins/event_listener.py took 0.026 seconds
[2026-09-17T19:31:54.661+0200] {processor.py:186} INFO - Started process (PID=75852) to work on /Users/swarnalidatta/Desktop/AutoQueryChatbot/.airflow-venv/lib/python3.12/site-packages/airflow/example_dags/plugins/event_listener.py
[2026-09-17T19:31:54.662+0200] {processor.py:914} INFO - Processing file /Users/swarnalidatta/Desktop/AutoQueryChatbot/.airflow-venv/lib/python3.12/site-packages/airflow/example_dags/plugins/event_listener.py for tasks to queue
[2026-09-17T19:31:54.662+0200] {logging_mixin.py:190} INFO - [2026-09-17T19:31:54.662+0200] {dagbag.py:588} INFO - Filling up the DagBag from /Users/swarnalidatta/Desktop/AutoQueryChatbot/.airflow-venv/lib/python3.12/site-packages/airflow/example_dags/plugins/event_listener.py
[2026-09-17T19:31:54.662+0200] {processor.py:927} WARNING - No viable dags retrieved from /Users/swarnalidatta/Desktop/AutoQueryChatbot/.airflow-venv/lib/python3.12/site-packages/airflow/example_dags/plugins/event_listener.py
[2026-09-17T19:31:54.687+0200] {processor.py:208} INFO - Processing /Users/swarnalidatta/Desktop/AutoQueryChatbot/.airflow-venv/lib/python3.12/site-packages/airflow/example_dags/plugins/event_listener.py took 0.027 seconds
[2026-09-17T19:33:08.106+0200] {processor.py:186} INFO - Started process (PID=76093) to work on /Users/swarnalidatta/Desktop/AutoQueryChatbot/.airflow-venv/lib/python3.12/site-packages/airflow/example_dags/plugins/event_listener.py
[2026-09-17T19:33:08.106+0200] {processor.py:914} INFO - Processing file /Users/swarnalidatta/Desktop/AutoQueryChatbot/.airflow-venv/lib/python3.12/site-packages/airflow/example_dags/plugins/event_listener.py for tasks to queue
[2026-09-17T19:33:08.107+0200] {logging_mixin.py:190} INFO - [2026-09-17T19:33:08.107+0200] {dagbag.py:588} INFO - Filling up the DagBag from /Users/swarnalidatta/Desktop/AutoQueryChatbot/.airflow-venv/lib/python3.12/site-packages/airflow/example_dags/plugins/event_listener.py
[2026-09-17T19:33:08.107+0200] {processor.py:927} WARNING - No viable dags retrieved from /Users/swarnalidatta/Desktop/AutoQueryChatbot/.airflow-venv/lib/python3.12/site-packages/airflow/example_dags/plugins/event_listener.py
[2026-09-17T19:33:08.132+0200] {processor.py:208} INFO - Processing /Users/swarnalidatta/Desktop/AutoQueryChatbot/.airflow-venv/lib/python3.12/site-packages/airflow/example_dags/plugins/event_listener.py took 0.027 seconds
[2026-09-17T19:34:22.947+0200] {processor.py:186} INFO - Started process (PID=76341) to work on /Users/swarnalidatta/Desktop/AutoQueryChatbot/.airflow-venv/lib/python3.12/site-packages/airflow/example_dags/plugins/event_listener.py
[2026-09-17T19:34:22.948+0200] {processor.py:914} INFO - Processing file /Users/swarnalidatta/Desktop/AutoQueryChatbot/.airflow-venv/lib/python3.12/site-packages/airflow/example_dags/plugins/event_listener.py for tasks to queue
[2026-09-17T19:34:22.948+0200] {logging_mixin.py:190} INFO - [2026-09-17T19:34:22.948+0200] {dagbag.py:588} INFO - Filling up the DagBag from /Users/swarnalidatta/Desktop/AutoQueryChatbot/.airflow-venv/lib/python3.12/site-packages/airflow/example_dags/plugins/event_listener.py
[2026-09-17T19:34:22.948+0200] {processor.py:927} WARNING - No viable dags retrieved from /Users/swarnalidatta/Desktop/AutoQueryChatbot/.airflow-venv/lib/python3.12/site-packages/airflow/example_dags/plugins/event_listener.py
[2026-09-17T19:34:22.973+0200] {processor.py:208} INFO - Processing /Users/swarnalidatta/Desktop/AutoQueryChatbot/.airflow-venv/lib/python3.12/site-packages/airflow/example_dags/plugins/event_listener.py took 0.027 seconds
[2026-09-17T19:35:43.916+0200] {processor.py:186} INFO - Started process (PID=76604) to work on /Users/swarnalidatta/Desktop/AutoQueryChatbot/.airflow-venv/lib/python3.12/site-packages/airflow/example_dags/plugins/event_listener.py
[2026-09-17T19:35:43.916+0200] {processor.py:914} INFO - Processing file /Users/swarnalidatta/Desktop/AutoQueryChatbot/.airflow-venv/lib/python3.12/site-packages/airflow/example_dags/plugins/event_listener.py for tasks to queue
[2026-09-17T19:35:43.916+0200] {logging_mixin.py:190} INFO - [2026-09-17T19:35:43.916+0200] {dagbag.py:588} INFO - Filling up the DagBag from /Users/swarnalidatta/Desktop/AutoQueryChatbot/.airflow-venv/lib/python3.12/site-packages/airflow/example_dags/plugins/event_listener.py
[2026-09-17T19:35:43.917+0200] {processor.py:927} WARNING - No viable dags retrieved from /Users/swarnalidatta/Desktop/AutoQueryChatbot/.airflow-venv/lib/python3.12/site-packages/airflow/example_dags/plugins/event_listener.py
[2026-09-17T19:35:43.941+0200] {processor.py:208} INFO - Processing /Users/swarnalidatta/Desktop/AutoQueryChatbot/.airflow-venv/lib/python3.12/site-packages/airflow/example_dags/plugins/event_listener.py took 0.027 seconds
[2026-09-17T19:37:07.957+0200] {processor.py:186} INFO - Started process (PID=76894) to work on /Users/swarnalidatta/Desktop/AutoQueryChatbot/.airflow-venv/lib/python3.12/site-packages/airflow/example_dags/plugins/event_listener.py
[2026-09-17T19:37:07.957+0200] {processor.py:914} INFO - Processing file /Users/swarnalidatta/Desktop/AutoQueryChatbot/.airflow-venv/lib/python3.12/site-packages/airflow/example_dags/plugins/event_listener.py for tasks to queue
[2026-09-17T19:37:07.958+0200] {logging_mixin.py:190} INFO - [2026-09-17T19:37:07.958+0200] {dagbag.py:588} INFO - Filling up the DagBag from /Users/swarnalidatta/Desktop/AutoQueryChatbot/.airflow-venv/lib/python3.12/site-packages/airflow/example_dags/plugins/event_listener.py
[2026-09-17T19:37:07.958+0200] {processor.py:927} WARNING - No viable dags retrieved from /Users/swarnalidatta/Desktop/AutoQueryChatbot/.airflow-venv/lib/python3.12/site-packages/airflow/example_dags/plugins/event_listener.py
[2026-09-17T19:37:07.983+0200] {processor.py:208} INFO - Processing /Users/swarnalidatta/Desktop/AutoQueryChatbot/.airflow-venv/lib/python3.12/site-packages/airflow/example_dags/plugins/event_listener.py took 0.027 seconds
[2026-09-17T19:38:27.682+0200] {processor.py:186} INFO - Started process (PID=77183) to work on /Users/swarnalidatta/Desktop/AutoQueryChatbot/.airflow-venv/lib/python3.12/site-packages/airflow/example_dags/plugins/event_listener.py
[2026-09-17T19:38:27.682+0200] {processor.py:914} INFO - Processing file /Users/swarnalidatta/Desktop/AutoQueryChatbot/.airflow-venv/lib/python3.12/site-packages/airflow/example_dags/plugins/event_listener.py for tasks to queue
[2026-09-17T19:38:27.682+0200] {logging_mixin.py:190} INFO - [2026-09-17T19:38:27.682+0200] {dagbag.py:588} INFO - Filling up the DagBag from /Users/swarnalidatta/Desktop/AutoQueryChatbot/.airflow-venv/lib/python3.12/site-packages/airflow/example_dags/plugins/event_listener.py
[2026-09-17T19:38:27.683+0200] {processor.py:927} WARNING - No viable dags retrieved from /Users/swarnalidatta/Desktop/AutoQueryChatbot/.airflow-venv/lib/python3.12/site-packages/airflow/example_dags/plugins/event_listener.py
[2026-09-17T19:38:27.708+0200] {processor.py:208} INFO - Processing /Users/swarnalidatta/Desktop/AutoQueryChatbot/.airflow-venv/lib/python3.12/site-packages/airflow/example_dags/plugins/event_listener.py took 0.027 seconds
[2026-09-17T19:39:44.881+0200] {processor.py:186} INFO - Started process (PID=77451) to work on /Users/swarnalidatta/Desktop/AutoQueryChatbot/.airflow-venv/lib/python3.12/site-packages/airflow/example_dags/plugins/event_listener.py
[2026-09-17T19:39:44.882+0200] {processor.py:914} INFO - Processing file /Users/swarnalidatta/Desktop/AutoQueryChatbot/.airflow-venv/lib/python3.12/site-packages/airflow/example_dags/plugins/event_listener.py for tasks to queue
[2026-09-17T19:39:44.882+0200] {logging_mixin.py:190} INFO - [2026-09-17T19:39:44.882+0200] {dagbag.py:588} INFO - Filling up the DagBag from /Users/swarnalidatta/Desktop/AutoQueryChatbot/.airflow-venv/lib/python3.12/site-packages/airflow/example_dags/plugins/event_listener.py
[2026-09-17T19:39:44.882+0200] {processor.py:927} WARNING - No viable dags retrieved from /Users/swarnalidatta/Desktop/AutoQueryChatbot/.airflow-venv/lib/python3.12/site-packages/airflow/example_dags/plugins/event_listener.py
[2026-09-17T19:39:44.907+0200] {processor.py:208} INFO - Processing /Users/swarnalidatta/Desktop/AutoQueryChatbot/.airflow-venv/lib/python3.12/site-packages/airflow/example_dags/plugins/event_listener.py took 0.027 seconds
[2026-09-17T19:41:03.240+0200] {processor.py:186} INFO - Started process (PID=77732) to work on /Users/swarnalidatta/Desktop/AutoQueryChatbot/.airflow-venv/lib/python3.12/site-packages/airflow/example_dags/plugins/event_listener.py
[2026-09-17T19:41:03.240+0200] {processor.py:914} INFO - Processing file /Users/swarnalidatta/Desktop/AutoQueryChatbot/.airflow-venv/lib/python3.12/site-packages/airflow/example_dags/plugins/event_listener.py for tasks to queue
[2026-09-17T19:41:03.240+0200] {logging_mixin.py:190} INFO - [2026-09-17T19:41:03.240+0200] {dagbag.py:588} INFO - Filling up the DagBag from /Users/swarnalidatta/Desktop/AutoQueryChatbot/.airflow-venv/lib/python3.12/site-packages/airflow/example_dags/plugins/event_listener.py
[2026-09-17T19:41:03.241+0200] {processor.py:927} WARNING - No viable dags retrieved from /Users/swarnalidatta/Desktop/AutoQueryChatbot/.airflow-venv/lib/python3.12/site-packages/airflow/example_dags/plugins/event_listener.py
[2026-09-17T19:41:03.265+0200] {processor.py:208} INFO - Processing /Users/swarnalidatta/Desktop/AutoQueryChatbot/.airflow-venv/lib/python3.12/site-packages/airflow/example_dags/plugins/event_listener.py took 0.027 seconds
[2026-09-17T19:42:46.453+0200] {processor.py:186} INFO - Started process (PID=78089) to work on /Users/swarnalidatta/Desktop/AutoQueryChatbot/.airflow-venv/lib/python3.12/site-packages/airflow/example_dags/plugins/event_listener.py
[2026-09-17T19:42:46.454+0200] {processor.py:914} INFO - Processing file /Users/swarnalidatta/Desktop/AutoQueryChatbot/.airflow-venv/lib/python3.12/site-packages/airflow/example_dags/plugins/event_listener.py for tasks to queue
[2026-09-17T19:42:46.454+0200] {logging_mixin.py:190} INFO - [2026-09-17T19:42:46.454+0200] {dagbag.py:588} INFO - Filling up the DagBag from /Users/swarnalidatta/Desktop/AutoQueryChatbot/.airflow-venv/lib/python3.12/site-packages/airflow/example_dags/plugins/event_listener.py
[2026-09-17T19:42:46.454+0200] {processor.py:927} WARNING - No viable dags retrieved from /Users/swarnalidatta/Desktop/AutoQueryChatbot/.airflow-venv/lib/python3.12/site-packages/airflow/example_dags/plugins/event_listener.py
[2026-09-17T19:42:46.479+0200] {processor.py:208} INFO - Processing /Users/swarnalidatta/Desktop/AutoQueryChatbot/.airflow-venv/lib/python3.12/site-packages/airflow/example_dags/plugins/event_listener.py took 0.027 seconds
[2026-09-17T19:44:38.413+0200] {processor.py:186} INFO - Started process (PID=78425) to work on /Users/swarnalidatta/Desktop/AutoQueryChatbot/.airflow-venv/lib/python3.12/site-packages/airflow/example_dags/plugins/event_listener.py
[2026-09-17T19:44:38.414+0200] {processor.py:914} INFO - Processing file /Users/swarnalidatta/Desktop/AutoQueryChatbot/.airflow-venv/lib/python3.12/site-packages/airflow/example_dags/plugins/event_listener.py for tasks to queue
[2026-09-17T19:44:38.415+0200] {logging_mixin.py:190} INFO - [2026-09-17T19:44:38.415+0200] {dagbag.py:588} INFO - Filling up the DagBag from /Users/swarnalidatta/Desktop/AutoQueryChatbot/.airflow-venv/lib/python3.12/site-packages/airflow/example_dags/plugins/event_listener.py
[2026-09-17T19:44:38.415+0200] {processor.py:927} WARNING - No viable dags retrieved from /Users/swarnalidatta/Desktop/AutoQueryChatbot/.airflow-venv/lib/python3.12/site-packages/airflow/example_dags/plugins/event_listener.py
[2026-09-17T19:44:38.439+0200] {processor.py:208} INFO - Processing /Users/swarnalidatta/Desktop/AutoQueryChatbot/.airflow-venv/lib/python3.12/site-packages/airflow/example_dags/plugins/event_listener.py took 0.027 seconds
[2026-09-17T19:45:56.305+0200] {processor.py:186} INFO - Started process (PID=78622) to work on /Users/swarnalidatta/Desktop/AutoQueryChatbot/.airflow-venv/lib/python3.12/site-packages/airflow/example_dags/plugins/event_listener.py
[2026-09-17T19:45:56.305+0200] {processor.py:914} INFO - Processing file /Users/swarnalidatta/Desktop/AutoQueryChatbot/.airflow-venv/lib/python3.12/site-packages/airflow/example_dags/plugins/event_listener.py for tasks to queue
[2026-09-17T19:45:56.306+0200] {logging_mixin.py:190} INFO - [2026-09-17T19:45:56.306+0200] {dagbag.py:588} INFO - Filling up the DagBag from /Users/swarnalidatta/Desktop/AutoQueryChatbot/.airflow-venv/lib/python3.12/site-packages/airflow/example_dags/plugins/event_listener.py
[2026-09-17T19:45:56.306+0200] {processor.py:927} WARNING - No viable dags retrieved from /Users/swarnalidatta/Desktop/AutoQueryChatbot/.airflow-venv/lib/python3.12/site-packages/airflow/example_dags/plugins/event_listener.py
[2026-09-17T19:45:56.330+0200] {processor.py:208} INFO - Processing /Users/swarnalidatta/Desktop/AutoQueryChatbot/.airflow-venv/lib/python3.12/site-packages/airflow/example_dags/plugins/event_listener.py took 0.026 seconds
[2026-09-17T19:47:03.006+0200] {processor.py:186} INFO - Started process (PID=78793) to work on /Users/swarnalidatta/Desktop/AutoQueryChatbot/.airflow-venv/lib/python3.12/site-packages/airflow/example_dags/plugins/event_listener.py
[2026-09-17T19:47:03.006+0200] {processor.py:914} INFO - Processing file /Users/swarnalidatta/Desktop/AutoQueryChatbot/.airflow-venv/lib/python3.12/site-packages/airflow/example_dags/plugins/event_listener.py for tasks to queue
[2026-09-17T19:47:03.007+0200] {logging_mixin.py:190} INFO - [2026-09-17T19:47:03.007+0200] {dagbag.py:588} INFO - Filling up the DagBag from /Users/swarnalidatta/Desktop/AutoQueryChatbot/.airflow-venv/lib/python3.12/site-packages/airflow/example_dags/plugins/event_listener.py
[2026-09-17T19:47:03.007+0200] {processor.py:927} WARNING - No viable dags retrieved from /Users/swarnalidatta/Desktop/AutoQueryChatbot/.airflow-venv/lib/python3.12/site-packages/airflow/example_dags/plugins/event_listener.py
[2026-09-17T19:47:03.032+0200] {processor.py:208} INFO - Processing /Users/swarnalidatta/Desktop/AutoQueryChatbot/.airflow-venv/lib/python3.12/site-packages/airflow/example_dags/plugins/event_listener.py took 0.027 seconds
[2026-09-17T19:48:14.350+0200] {processor.py:186} INFO - Started process (PID=78977) to work on /Users/swarnalidatta/Desktop/AutoQueryChatbot/.airflow-venv/lib/python3.12/site-packages/airflow/example_dags/plugins/event_listener.py
[2026-09-17T19:48:14.350+0200] {processor.py:914} INFO - Processing file /Users/swarnalidatta/Desktop/AutoQueryChatbot/.airflow-venv/lib/python3.12/site-packages/airflow/example_dags/plugins/event_listener.py for tasks to queue
[2026-09-17T19:48:14.351+0200] {logging_mixin.py:190} INFO - [2026-09-17T19:48:14.351+0200] {dagbag.py:588} INFO - Filling up the DagBag from /Users/swarnalidatta/Desktop/AutoQueryChatbot/.airflow-venv/lib/python3.12/site-packages/airflow/example_dags/plugins/event_listener.py
[2026-09-17T19:48:14.351+0200] {processor.py:927} WARNING - No viable dags retrieved from /Users/swarnalidatta/Desktop/AutoQueryChatbot/.airflow-venv/lib/python3.12/site-packages/airflow/example_dags/plugins/event_listener.py
[2026-09-17T19:48:14.375+0200] {processor.py:208} INFO - Processing /Users/swarnalidatta/Desktop/AutoQueryChatbot/.airflow-venv/lib/python3.12/site-packages/airflow/example_dags/plugins/event_listener.py took 0.027 seconds
[2026-09-17T19:49:24.839+0200] {processor.py:186} INFO - Started process (PID=79158) to work on /Users/swarnalidatta/Desktop/AutoQueryChatbot/.airflow-venv/lib/python3.12/site-packages/airflow/example_dags/plugins/event_listener.py
[2026-09-17T19:49:24.839+0200] {processor.py:914} INFO - Processing file /Users/swarnalidatta/Desktop/AutoQueryChatbot/.airflow-venv/lib/python3.12/site-packages/airflow/example_dags/plugins/event_listener.py for tasks to queue
[2026-09-17T19:49:24.840+0200] {logging_mixin.py:190} INFO - [2026-09-17T19:49:24.840+0200] {dagbag.py:588} INFO - Filling up the DagBag from /Users/swarnalidatta/Desktop/AutoQueryChatbot/.airflow-venv/lib/python3.12/site-packages/airflow/example_dags/plugins/event_listener.py
[2026-09-17T19:49:24.840+0200] {processor.py:927} WARNING - No viable dags retrieved from /Users/swarnalidatta/Desktop/AutoQueryChatbot/.airflow-venv/lib/python3.12/site-packages/airflow/example_dags/plugins/event_listener.py
[2026-09-17T19:49:24.865+0200] {processor.py:208} INFO - Processing /Users/swarnalidatta/Desktop/AutoQueryChatbot/.airflow-venv/lib/python3.12/site-packages/airflow/example_dags/plugins/event_listener.py took 0.027 seconds
[2026-09-17T19:50:32.390+0200] {processor.py:186} INFO - Started process (PID=79360) to work on /Users/swarnalidatta/Desktop/AutoQueryChatbot/.airflow-venv/lib/python3.12/site-packages/airflow/example_dags/plugins/event_listener.py
[2026-09-17T19:50:32.391+0200] {processor.py:914} INFO - Processing file /Users/swarnalidatta/Desktop/AutoQueryChatbot/.airflow-venv/lib/python3.12/site-packages/airflow/example_dags/plugins/event_listener.py for tasks to queue
[2026-09-17T19:50:32.391+0200] {logging_mixin.py:190} INFO - [2026-09-17T19:50:32.391+0200] {dagbag.py:588} INFO - Filling up the DagBag from /Users/swarnalidatta/Desktop/AutoQueryChatbot/.airflow-venv/lib/python3.12/site-packages/airflow/example_dags/plugins/event_listener.py
[2026-09-17T19:50:32.391+0200] {processor.py:927} WARNING - No viable dags retrieved from /Users/swarnalidatta/Desktop/AutoQueryChatbot/.airflow-venv/lib/python3.12/site-packages/airflow/example_dags/plugins/event_listener.py
[2026-09-17T19:50:32.416+0200] {processor.py:208} INFO - Processing /Users/swarnalidatta/Desktop/AutoQueryChatbot/.airflow-venv/lib/python3.12/site-packages/airflow/example_dags/plugins/event_listener.py took 0.027 seconds
[2026-09-17T19:51:39.452+0200] {processor.py:186} INFO - Started process (PID=79564) to work on /Users/swarnalidatta/Desktop/AutoQueryChatbot/.airflow-venv/lib/python3.12/site-packages/airflow/example_dags/plugins/event_listener.py
[2026-09-17T19:51:39.452+0200] {processor.py:914} INFO - Processing file /Users/swarnalidatta/Desktop/AutoQueryChatbot/.airflow-venv/lib/python3.12/site-packages/airflow/example_dags/plugins/event_listener.py for tasks to queue
[2026-09-17T19:51:39.452+0200] {logging_mixin.py:190} INFO - [2026-09-17T19:51:39.452+0200] {dagbag.py:588} INFO - Filling up the DagBag from /Users/swarnalidatta/Desktop/AutoQueryChatbot/.airflow-venv/lib/python3.12/site-packages/airflow/example_dags/plugins/event_listener.py
[2026-09-17T19:51:39.453+0200] {processor.py:927} WARNING - No viable dags retrieved from /Users/swarnalidatta/Desktop/AutoQueryChatbot/.airflow-venv/lib/python3.12/site-packages/airflow/example_dags/plugins/event_listener.py
[2026-09-17T19:51:39.477+0200] {processor.py:208} INFO - Processing /Users/swarnalidatta/Desktop/AutoQueryChatbot/.airflow-venv/lib/python3.12/site-packages/airflow/example_dags/plugins/event_listener.py took 0.027 seconds
[2026-09-17T19:52:49.725+0200] {processor.py:186} INFO - Started process (PID=79780) to work on /Users/swarnalidatta/Desktop/AutoQueryChatbot/.airflow-venv/lib/python3.12/site-packages/airflow/example_dags/plugins/event_listener.py
[2026-09-17T19:52:49.726+0200] {processor.py:914} INFO - Processing file /Users/swarnalidatta/Desktop/AutoQueryChatbot/.airflow-venv/lib/python3.12/site-packages/airflow/example_dags/plugins/event_listener.py for tasks to queue
[2026-09-17T19:52:49.726+0200] {logging_mixin.py:190} INFO - [2026-09-17T19:52:49.726+0200] {dagbag.py:588} INFO - Filling up the DagBag from /Users/swarnalidatta/Desktop/AutoQueryChatbot/.airflow-venv/lib/python3.12/site-packages/airflow/example_dags/plugins/event_listener.py
[2026-09-17T19:52:49.726+0200] {processor.py:927} WARNING - No viable dags retrieved from /Users/swarnalidatta/Desktop/AutoQueryChatbot/.airflow-venv/lib/python3.12/site-packages/airflow/example_dags/plugins/event_listener.py
[2026-09-17T19:52:49.751+0200] {processor.py:208} INFO - Processing /Users/swarnalidatta/Desktop/AutoQueryChatbot/.airflow-venv/lib/python3.12/site-packages/airflow/example_dags/plugins/event_listener.py took 0.027 seconds
[2026-09-17T19:54:00.141+0200] {processor.py:186} INFO - Started process (PID=79985) to work on /Users/swarnalidatta/Desktop/AutoQueryChatbot/.airflow-venv/lib/python3.12/site-packages/airflow/example_dags/plugins/event_listener.py
[2026-09-17T19:54:00.142+0200] {processor.py:914} INFO - Processing file /Users/swarnalidatta/Desktop/AutoQueryChatbot/.airflow-venv/lib/python3.12/site-packages/airflow/example_dags/plugins/event_listener.py for tasks to queue
[2026-09-17T19:54:00.142+0200] {logging_mixin.py:190} INFO - [2026-09-17T19:54:00.142+0200] {dagbag.py:588} INFO - Filling up the DagBag from /Users/swarnalidatta/Desktop/AutoQueryChatbot/.airflow-venv/lib/python3.12/site-packages/airflow/example_dags/plugins/event_listener.py
[2026-09-17T19:54:00.143+0200] {processor.py:927} WARNING - No viable dags retrieved from /Users/swarnalidatta/Desktop/AutoQueryChatbot/.airflow-venv/lib/python3.12/site-packages/airflow/example_dags/plugins/event_listener.py
[2026-09-17T19:54:00.168+0200] {processor.py:208} INFO - Processing /Users/swarnalidatta/Desktop/AutoQueryChatbot/.airflow-venv/lib/python3.12/site-packages/airflow/example_dags/plugins/event_listener.py took 0.027 seconds
[2026-09-17T20:05:38.537+0200] {processor.py:186} INFO - Started process (PID=80315) to work on /Users/swarnalidatta/Desktop/AutoQueryChatbot/.airflow-venv/lib/python3.12/site-packages/airflow/example_dags/plugins/event_listener.py
[2026-09-17T20:05:38.537+0200] {processor.py:914} INFO - Processing file /Users/swarnalidatta/Desktop/AutoQueryChatbot/.airflow-venv/lib/python3.12/site-packages/airflow/example_dags/plugins/event_listener.py for tasks to queue
[2026-09-17T20:05:38.538+0200] {logging_mixin.py:190} INFO - [2026-09-17T20:05:38.538+0200] {dagbag.py:588} INFO - Filling up the DagBag from /Users/swarnalidatta/Desktop/AutoQueryChatbot/.airflow-venv/lib/python3.12/site-packages/airflow/example_dags/plugins/event_listener.py
[2026-09-17T20:05:38.538+0200] {processor.py:927} WARNING - No viable dags retrieved from /Users/swarnalidatta/Desktop/AutoQueryChatbot/.airflow-venv/lib/python3.12/site-packages/airflow/example_dags/plugins/event_listener.py
[2026-09-17T20:05:38.562+0200] {processor.py:208} INFO - Processing /Users/swarnalidatta/Desktop/AutoQueryChatbot/.airflow-venv/lib/python3.12/site-packages/airflow/example_dags/plugins/event_listener.py took 0.026 seconds
[2026-09-17T20:07:50.387+0200] {processor.py:186} INFO - Started process (PID=80907) to work on /Users/swarnalidatta/Desktop/AutoQueryChatbot/.airflow-venv/lib/python3.12/site-packages/airflow/example_dags/plugins/event_listener.py
[2026-09-17T20:07:50.387+0200] {processor.py:914} INFO - Processing file /Users/swarnalidatta/Desktop/AutoQueryChatbot/.airflow-venv/lib/python3.12/site-packages/airflow/example_dags/plugins/event_listener.py for tasks to queue
[2026-09-17T20:07:50.387+0200] {logging_mixin.py:190} INFO - [2026-09-17T20:07:50.387+0200] {dagbag.py:588} INFO - Filling up the DagBag from /Users/swarnalidatta/Desktop/AutoQueryChatbot/.airflow-venv/lib/python3.12/site-packages/airflow/example_dags/plugins/event_listener.py
[2026-09-17T20:07:50.388+0200] {processor.py:927} WARNING - No viable dags retrieved from /Users/swarnalidatta/Desktop/AutoQueryChatbot/.airflow-venv/lib/python3.12/site-packages/airflow/example_dags/plugins/event_listener.py
[2026-09-17T20:07:50.415+0200] {processor.py:208} INFO - Processing /Users/swarnalidatta/Desktop/AutoQueryChatbot/.airflow-venv/lib/python3.12/site-packages/airflow/example_dags/plugins/event_listener.py took 0.029 seconds
[2026-09-17T20:09:25.922+0200] {processor.py:186} INFO - Started process (PID=81440) to work on /Users/swarnalidatta/Desktop/AutoQueryChatbot/.airflow-venv/lib/python3.12/site-packages/airflow/example_dags/plugins/event_listener.py
[2026-09-17T20:09:25.922+0200] {processor.py:914} INFO - Processing file /Users/swarnalidatta/Desktop/AutoQueryChatbot/.airflow-venv/lib/python3.12/site-packages/airflow/example_dags/plugins/event_listener.py for tasks to queue
[2026-09-17T20:09:25.922+0200] {logging_mixin.py:190} INFO - [2026-09-17T20:09:25.922+0200] {dagbag.py:588} INFO - Filling up the DagBag from /Users/swarnalidatta/Desktop/AutoQueryChatbot/.airflow-venv/lib/python3.12/site-packages/airflow/example_dags/plugins/event_listener.py
[2026-09-17T20:09:25.923+0200] {processor.py:927} WARNING - No viable dags retrieved from /Users/swarnalidatta/Desktop/AutoQueryChatbot/.airflow-venv/lib/python3.12/site-packages/airflow/example_dags/plugins/event_listener.py
[2026-09-17T20:09:25.949+0200] {processor.py:208} INFO - Processing /Users/swarnalidatta/Desktop/AutoQueryChatbot/.airflow-venv/lib/python3.12/site-packages/airflow/example_dags/plugins/event_listener.py took 0.028 seconds
[2026-09-17T20:10:52.937+0200] {processor.py:186} INFO - Started process (PID=82115) to work on /Users/swarnalidatta/Desktop/AutoQueryChatbot/.airflow-venv/lib/python3.12/site-packages/airflow/example_dags/plugins/event_listener.py
[2026-09-17T20:10:52.937+0200] {processor.py:914} INFO - Processing file /Users/swarnalidatta/Desktop/AutoQueryChatbot/.airflow-venv/lib/python3.12/site-packages/airflow/example_dags/plugins/event_listener.py for tasks to queue
[2026-09-17T20:10:52.937+0200] {logging_mixin.py:190} INFO - [2026-09-17T20:10:52.937+0200] {dagbag.py:588} INFO - Filling up the DagBag from /Users/swarnalidatta/Desktop/AutoQueryChatbot/.airflow-venv/lib/python3.12/site-packages/airflow/example_dags/plugins/event_listener.py
[2026-09-17T20:10:52.938+0200] {processor.py:927} WARNING - No viable dags retrieved from /Users/swarnalidatta/Desktop/AutoQueryChatbot/.airflow-venv/lib/python3.12/site-packages/airflow/example_dags/plugins/event_listener.py
[2026-09-17T20:10:52.963+0200] {processor.py:208} INFO - Processing /Users/swarnalidatta/Desktop/AutoQueryChatbot/.airflow-venv/lib/python3.12/site-packages/airflow/example_dags/plugins/event_listener.py took 0.027 seconds
[2026-09-17T20:12:02.656+0200] {processor.py:186} INFO - Started process (PID=82369) to work on /Users/swarnalidatta/Desktop/AutoQueryChatbot/.airflow-venv/lib/python3.12/site-packages/airflow/example_dags/plugins/event_listener.py
[2026-09-17T20:12:02.656+0200] {processor.py:914} INFO - Processing file /Users/swarnalidatta/Desktop/AutoQueryChatbot/.airflow-venv/lib/python3.12/site-packages/airflow/example_dags/plugins/event_listener.py for tasks to queue
[2026-09-17T20:12:02.656+0200] {logging_mixin.py:190} INFO - [2026-09-17T20:12:02.656+0200] {dagbag.py:588} INFO - Filling up the DagBag from /Users/swarnalidatta/Desktop/AutoQueryChatbot/.airflow-venv/lib/python3.12/site-packages/airflow/example_dags/plugins/event_listener.py
[2026-09-17T20:12:02.657+0200] {processor.py:927} WARNING - No viable dags retrieved from /Users/swarnalidatta/Desktop/AutoQueryChatbot/.airflow-venv/lib/python3.12/site-packages/airflow/example_dags/plugins/event_listener.py
[2026-09-17T20:12:02.682+0200] {processor.py:208} INFO - Processing /Users/swarnalidatta/Desktop/AutoQueryChatbot/.airflow-venv/lib/python3.12/site-packages/airflow/example_dags/plugins/event_listener.py took 0.027 seconds
[2026-09-17T20:14:14.608+0200] {processor.py:186} INFO - Started process (PID=82812) to work on /Users/swarnalidatta/Desktop/AutoQueryChatbot/.airflow-venv/lib/python3.12/site-packages/airflow/example_dags/plugins/event_listener.py
[2026-09-17T20:14:14.609+0200] {processor.py:914} INFO - Processing file /Users/swarnalidatta/Desktop/AutoQueryChatbot/.airflow-venv/lib/python3.12/site-packages/airflow/example_dags/plugins/event_listener.py for tasks to queue
[2026-09-17T20:14:14.610+0200] {logging_mixin.py:190} INFO - [2026-09-17T20:14:14.610+0200] {dagbag.py:588} INFO - Filling up the DagBag from /Users/swarnalidatta/Desktop/AutoQueryChatbot/.airflow-venv/lib/python3.12/site-packages/airflow/example_dags/plugins/event_listener.py
[2026-09-17T20:14:14.610+0200] {processor.py:927} WARNING - No viable dags retrieved from /Users/swarnalidatta/Desktop/AutoQueryChatbot/.airflow-venv/lib/python3.12/site-packages/airflow/example_dags/plugins/event_listener.py
[2026-09-17T20:14:14.635+0200] {processor.py:208} INFO - Processing /Users/swarnalidatta/Desktop/AutoQueryChatbot/.airflow-venv/lib/python3.12/site-packages/airflow/example_dags/plugins/event_listener.py took 0.027 seconds
[2026-09-17T20:15:46.024+0200] {processor.py:186} INFO - Started process (PID=83131) to work on /Users/swarnalidatta/Desktop/AutoQueryChatbot/.airflow-venv/lib/python3.12/site-packages/airflow/example_dags/plugins/event_listener.py
[2026-09-17T20:15:46.024+0200] {processor.py:914} INFO - Processing file /Users/swarnalidatta/Desktop/AutoQueryChatbot/.airflow-venv/lib/python3.12/site-packages/airflow/example_dags/plugins/event_listener.py for tasks to queue
[2026-09-17T20:15:46.025+0200] {logging_mixin.py:190} INFO - [2026-09-17T20:15:46.025+0200] {dagbag.py:588} INFO - Filling up the DagBag from /Users/swarnalidatta/Desktop/AutoQueryChatbot/.airflow-venv/lib/python3.12/site-packages/airflow/example_dags/plugins/event_listener.py
[2026-09-17T20:15:46.025+0200] {processor.py:927} WARNING - No viable dags retrieved from /Users/swarnalidatta/Desktop/AutoQueryChatbot/.airflow-venv/lib/python3.12/site-packages/airflow/example_dags/plugins/event_listener.py
[2026-09-17T20:15:46.050+0200] {processor.py:208} INFO - Processing /Users/swarnalidatta/Desktop/AutoQueryChatbot/.airflow-venv/lib/python3.12/site-packages/airflow/example_dags/plugins/event_listener.py took 0.027 seconds
[2026-09-17T20:17:29.352+0200] {processor.py:186} INFO - Started process (PID=83488) to work on /Users/swarnalidatta/Desktop/AutoQueryChatbot/.airflow-venv/lib/python3.12/site-packages/airflow/example_dags/plugins/event_listener.py
[2026-09-17T20:17:29.353+0200] {processor.py:914} INFO - Processing file /Users/swarnalidatta/Desktop/AutoQueryChatbot/.airflow-venv/lib/python3.12/site-packages/airflow/example_dags/plugins/event_listener.py for tasks to queue
[2026-09-17T20:17:29.353+0200] {logging_mixin.py:190} INFO - [2026-09-17T20:17:29.353+0200] {dagbag.py:588} INFO - Filling up the DagBag from /Users/swarnalidatta/Desktop/AutoQueryChatbot/.airflow-venv/lib/python3.12/site-packages/airflow/example_dags/plugins/event_listener.py
[2026-09-17T20:17:29.353+0200] {processor.py:927} WARNING - No viable dags retrieved from /Users/swarnalidatta/Desktop/AutoQueryChatbot/.airflow-venv/lib/python3.12/site-packages/airflow/example_dags/plugins/event_listener.py
[2026-09-17T20:17:29.379+0200] {processor.py:208} INFO - Processing /Users/swarnalidatta/Desktop/AutoQueryChatbot/.airflow-venv/lib/python3.12/site-packages/airflow/example_dags/plugins/event_listener.py took 0.027 seconds
[2026-09-17T20:19:09.208+0200] {processor.py:186} INFO - Started process (PID=83856) to work on /Users/swarnalidatta/Desktop/AutoQueryChatbot/.airflow-venv/lib/python3.12/site-packages/airflow/example_dags/plugins/event_listener.py
[2026-09-17T20:19:09.208+0200] {processor.py:914} INFO - Processing file /Users/swarnalidatta/Desktop/AutoQueryChatbot/.airflow-venv/lib/python3.12/site-packages/airflow/example_dags/plugins/event_listener.py for tasks to queue
[2026-09-17T20:19:09.208+0200] {logging_mixin.py:190} INFO - [2026-09-17T20:19:09.208+0200] {dagbag.py:588} INFO - Filling up the DagBag from /Users/swarnalidatta/Desktop/AutoQueryChatbot/.airflow-venv/lib/python3.12/site-packages/airflow/example_dags/plugins/event_listener.py
[2026-09-17T20:19:09.209+0200] {processor.py:927} WARNING - No viable dags retrieved from /Users/swarnalidatta/Desktop/AutoQueryChatbot/.airflow-venv/lib/python3.12/site-packages/airflow/example_dags/plugins/event_listener.py
[2026-09-17T20:19:09.234+0200] {processor.py:208} INFO - Processing /Users/swarnalidatta/Desktop/AutoQueryChatbot/.airflow-venv/lib/python3.12/site-packages/airflow/example_dags/plugins/event_listener.py took 0.027 seconds
[2026-09-17T20:21:07.242+0200] {processor.py:186} INFO - Started process (PID=84236) to work on /Users/swarnalidatta/Desktop/AutoQueryChatbot/.airflow-venv/lib/python3.12/site-packages/airflow/example_dags/plugins/event_listener.py
[2026-09-17T20:21:07.242+0200] {processor.py:914} INFO - Processing file /Users/swarnalidatta/Desktop/AutoQueryChatbot/.airflow-venv/lib/python3.12/site-packages/airflow/example_dags/plugins/event_listener.py for tasks to queue
[2026-09-17T20:21:07.243+0200] {logging_mixin.py:190} INFO - [2026-09-17T20:21:07.243+0200] {dagbag.py:588} INFO - Filling up the DagBag from /Users/swarnalidatta/Desktop/AutoQueryChatbot/.airflow-venv/lib/python3.12/site-packages/airflow/example_dags/plugins/event_listener.py
[2026-09-17T20:21:07.243+0200] {processor.py:927} WARNING - No viable dags retrieved from /Users/swarnalidatta/Desktop/AutoQueryChatbot/.airflow-venv/lib/python3.12/site-packages/airflow/example_dags/plugins/event_listener.py
[2026-09-17T20:21:07.268+0200] {processor.py:208} INFO - Processing /Users/swarnalidatta/Desktop/AutoQueryChatbot/.airflow-venv/lib/python3.12/site-packages/airflow/example_dags/plugins/event_listener.py took 0.027 seconds
[2026-09-17T20:22:31.036+0200] {processor.py:186} INFO - Started process (PID=84626) to work on /Users/swarnalidatta/Desktop/AutoQueryChatbot/.airflow-venv/lib/python3.12/site-packages/airflow/example_dags/plugins/event_listener.py
[2026-09-17T20:22:31.037+0200] {processor.py:914} INFO - Processing file /Users/swarnalidatta/Desktop/AutoQueryChatbot/.airflow-venv/lib/python3.12/site-packages/airflow/example_dags/plugins/event_listener.py for tasks to queue
[2026-09-17T20:22:31.037+0200] {logging_mixin.py:190} INFO - [2026-09-17T20:22:31.037+0200] {dagbag.py:588} INFO - Filling up the DagBag from /Users/swarnalidatta/Desktop/AutoQueryChatbot/.airflow-venv/lib/python3.12/site-packages/airflow/example_dags/plugins/event_listener.py
[2026-09-17T20:22:31.037+0200] {processor.py:927} WARNING - No viable dags retrieved from /Users/swarnalidatta/Desktop/AutoQueryChatbot/.airflow-venv/lib/python3.12/site-packages/airflow/example_dags/plugins/event_listener.py
[2026-09-17T20:22:31.062+0200] {processor.py:208} INFO - Processing /Users/swarnalidatta/Desktop/AutoQueryChatbot/.airflow-venv/lib/python3.12/site-packages/airflow/example_dags/plugins/event_listener.py took 0.027 seconds
[2026-09-17T20:23:57.276+0200] {processor.py:186} INFO - Started process (PID=84883) to work on /Users/swarnalidatta/Desktop/AutoQueryChatbot/.airflow-venv/lib/python3.12/site-packages/airflow/example_dags/plugins/event_listener.py
[2026-09-17T20:23:57.277+0200] {processor.py:914} INFO - Processing file /Users/swarnalidatta/Desktop/AutoQueryChatbot/.airflow-venv/lib/python3.12/site-packages/airflow/example_dags/plugins/event_listener.py for tasks to queue
[2026-09-17T20:23:57.277+0200] {logging_mixin.py:190} INFO - [2026-09-17T20:23:57.277+0200] {dagbag.py:588} INFO - Filling up the DagBag from /Users/swarnalidatta/Desktop/AutoQueryChatbot/.airflow-venv/lib/python3.12/site-packages/airflow/example_dags/plugins/event_listener.py
[2026-09-17T20:23:57.277+0200] {processor.py:927} WARNING - No viable dags retrieved from /Users/swarnalidatta/Desktop/AutoQueryChatbot/.airflow-venv/lib/python3.12/site-packages/airflow/example_dags/plugins/event_listener.py
[2026-09-17T20:23:57.302+0200] {processor.py:208} INFO - Processing /Users/swarnalidatta/Desktop/AutoQueryChatbot/.airflow-venv/lib/python3.12/site-packages/airflow/example_dags/plugins/event_listener.py took 0.027 seconds
[2026-09-17T20:25:52.668+0200] {processor.py:186} INFO - Started process (PID=85216) to work on /Users/swarnalidatta/Desktop/AutoQueryChatbot/.airflow-venv/lib/python3.12/site-packages/airflow/example_dags/plugins/event_listener.py
[2026-09-17T20:25:52.668+0200] {processor.py:914} INFO - Processing file /Users/swarnalidatta/Desktop/AutoQueryChatbot/.airflow-venv/lib/python3.12/site-packages/airflow/example_dags/plugins/event_listener.py for tasks to queue
[2026-09-17T20:25:52.668+0200] {logging_mixin.py:190} INFO - [2026-09-17T20:25:52.668+0200] {dagbag.py:588} INFO - Filling up the DagBag from /Users/swarnalidatta/Desktop/AutoQueryChatbot/.airflow-venv/lib/python3.12/site-packages/airflow/example_dags/plugins/event_listener.py
[2026-09-17T20:25:52.669+0200] {processor.py:927} WARNING - No viable dags retrieved from /Users/swarnalidatta/Desktop/AutoQueryChatbot/.airflow-venv/lib/python3.12/site-packages/airflow/example_dags/plugins/event_listener.py
[2026-09-17T20:25:52.693+0200] {processor.py:208} INFO - Processing /Users/swarnalidatta/Desktop/AutoQueryChatbot/.airflow-venv/lib/python3.12/site-packages/airflow/example_dags/plugins/event_listener.py took 0.027 seconds
[2026-09-17T20:27:06.629+0200] {processor.py:186} INFO - Started process (PID=85398) to work on /Users/swarnalidatta/Desktop/AutoQueryChatbot/.airflow-venv/lib/python3.12/site-packages/airflow/example_dags/plugins/event_listener.py
[2026-09-17T20:27:06.630+0200] {processor.py:914} INFO - Processing file /Users/swarnalidatta/Desktop/AutoQueryChatbot/.airflow-venv/lib/python3.12/site-packages/airflow/example_dags/plugins/event_listener.py for tasks to queue
[2026-09-17T20:27:06.630+0200] {logging_mixin.py:190} INFO - [2026-09-17T20:27:06.630+0200] {dagbag.py:588} INFO - Filling up the DagBag from /Users/swarnalidatta/Desktop/AutoQueryChatbot/.airflow-venv/lib/python3.12/site-packages/airflow/example_dags/plugins/event_listener.py
[2026-09-17T20:27:06.630+0200] {processor.py:927} WARNING - No viable dags retrieved from /Users/swarnalidatta/Desktop/AutoQueryChatbot/.airflow-venv/lib/python3.12/site-packages/airflow/example_dags/plugins/event_listener.py
[2026-09-17T20:27:06.654+0200] {processor.py:208} INFO - Processing /Users/swarnalidatta/Desktop/AutoQueryChatbot/.airflow-venv/lib/python3.12/site-packages/airflow/example_dags/plugins/event_listener.py took 0.026 seconds
[2026-09-17T20:28:18.677+0200] {processor.py:186} INFO - Started process (PID=85562) to work on /Users/swarnalidatta/Desktop/AutoQueryChatbot/.airflow-venv/lib/python3.12/site-packages/airflow/example_dags/plugins/event_listener.py
[2026-09-17T20:28:18.677+0200] {processor.py:914} INFO - Processing file /Users/swarnalidatta/Desktop/AutoQueryChatbot/.airflow-venv/lib/python3.12/site-packages/airflow/example_dags/plugins/event_listener.py for tasks to queue
[2026-09-17T20:28:18.678+0200] {logging_mixin.py:190} INFO - [2026-09-17T20:28:18.678+0200] {dagbag.py:588} INFO - Filling up the DagBag from /Users/swarnalidatta/Desktop/AutoQueryChatbot/.airflow-venv/lib/python3.12/site-packages/airflow/example_dags/plugins/event_listener.py
[2026-09-17T20:28:18.678+0200] {processor.py:927} WARNING - No viable dags retrieved from /Users/swarnalidatta/Desktop/AutoQueryChatbot/.airflow-venv/lib/python3.12/site-packages/airflow/example_dags/plugins/event_listener.py
[2026-09-17T20:28:18.702+0200] {processor.py:208} INFO - Processing /Users/swarnalidatta/Desktop/AutoQueryChatbot/.airflow-venv/lib/python3.12/site-packages/airflow/example_dags/plugins/event_listener.py took 0.026 seconds
[2026-09-17T20:29:34.324+0200] {processor.py:186} INFO - Started process (PID=85727) to work on /Users/swarnalidatta/Desktop/AutoQueryChatbot/.airflow-venv/lib/python3.12/site-packages/airflow/example_dags/plugins/event_listener.py
[2026-09-17T20:29:34.324+0200] {processor.py:914} INFO - Processing file /Users/swarnalidatta/Desktop/AutoQueryChatbot/.airflow-venv/lib/python3.12/site-packages/airflow/example_dags/plugins/event_listener.py for tasks to queue
[2026-09-17T20:29:34.325+0200] {logging_mixin.py:190} INFO - [2026-09-17T20:29:34.324+0200] {dagbag.py:588} INFO - Filling up the DagBag from /Users/swarnalidatta/Desktop/AutoQueryChatbot/.airflow-venv/lib/python3.12/site-packages/airflow/example_dags/plugins/event_listener.py
[2026-09-17T20:29:34.325+0200] {processor.py:927} WARNING - No viable dags retrieved from /Users/swarnalidatta/Desktop/AutoQueryChatbot/.airflow-venv/lib/python3.12/site-packages/airflow/example_dags/plugins/event_listener.py
[2026-09-17T20:29:34.349+0200] {processor.py:208} INFO - Processing /Users/swarnalidatta/Desktop/AutoQueryChatbot/.airflow-venv/lib/python3.12/site-packages/airflow/example_dags/plugins/event_listener.py took 0.027 seconds
[2026-09-17T20:30:51.546+0200] {processor.py:186} INFO - Started process (PID=85917) to work on /Users/swarnalidatta/Desktop/AutoQueryChatbot/.airflow-venv/lib/python3.12/site-packages/airflow/example_dags/plugins/event_listener.py
[2026-09-17T20:30:51.547+0200] {processor.py:914} INFO - Processing file /Users/swarnalidatta/Desktop/AutoQueryChatbot/.airflow-venv/lib/python3.12/site-packages/airflow/example_dags/plugins/event_listener.py for tasks to queue
[2026-09-17T20:30:51.547+0200] {logging_mixin.py:190} INFO - [2026-09-17T20:30:51.547+0200] {dagbag.py:588} INFO - Filling up the DagBag from /Users/swarnalidatta/Desktop/AutoQueryChatbot/.airflow-venv/lib/python3.12/site-packages/airflow/example_dags/plugins/event_listener.py
[2026-09-17T20:30:51.548+0200] {processor.py:927} WARNING - No viable dags retrieved from /Users/swarnalidatta/Desktop/AutoQueryChatbot/.airflow-venv/lib/python3.12/site-packages/airflow/example_dags/plugins/event_listener.py
[2026-09-17T20:30:51.572+0200] {processor.py:208} INFO - Processing /Users/swarnalidatta/Desktop/AutoQueryChatbot/.airflow-venv/lib/python3.12/site-packages/airflow/example_dags/plugins/event_listener.py took 0.027 seconds
[2026-09-17T20:32:14.863+0200] {processor.py:186} INFO - Started process (PID=86142) to work on /Users/swarnalidatta/Desktop/AutoQueryChatbot/.airflow-venv/lib/python3.12/site-packages/airflow/example_dags/plugins/event_listener.py
[2026-09-17T20:32:14.864+0200] {processor.py:914} INFO - Processing file /Users/swarnalidatta/Desktop/AutoQueryChatbot/.airflow-venv/lib/python3.12/site-packages/airflow/example_dags/plugins/event_listener.py for tasks to queue
[2026-09-17T20:32:14.865+0200] {logging_mixin.py:190} INFO - [2026-09-17T20:32:14.865+0200] {dagbag.py:588} INFO - Filling up the DagBag from /Users/swarnalidatta/Desktop/AutoQueryChatbot/.airflow-venv/lib/python3.12/site-packages/airflow/example_dags/plugins/event_listener.py
[2026-09-17T20:32:14.865+0200] {processor.py:927} WARNING - No viable dags retrieved from /Users/swarnalidatta/Desktop/AutoQueryChatbot/.airflow-venv/lib/python3.12/site-packages/airflow/example_dags/plugins/event_listener.py
[2026-09-17T20:32:14.889+0200] {processor.py:208} INFO - Processing /Users/swarnalidatta/Desktop/AutoQueryChatbot/.airflow-venv/lib/python3.12/site-packages/airflow/example_dags/plugins/event_listener.py took 0.027 seconds
[2026-09-17T20:33:15.979+0200] {processor.py:186} INFO - Started process (PID=86285) to work on /Users/swarnalidatta/Desktop/AutoQueryChatbot/.airflow-venv/lib/python3.12/site-packages/airflow/example_dags/plugins/event_listener.py
[2026-09-17T20:33:15.980+0200] {processor.py:914} INFO - Processing file /Users/swarnalidatta/Desktop/AutoQueryChatbot/.airflow-venv/lib/python3.12/site-packages/airflow/example_dags/plugins/event_listener.py for tasks to queue
[2026-09-17T20:33:15.980+0200] {logging_mixin.py:190} INFO - [2026-09-17T20:33:15.980+0200] {dagbag.py:588} INFO - Filling up the DagBag from /Users/swarnalidatta/Desktop/AutoQueryChatbot/.airflow-venv/lib/python3.12/site-packages/airflow/example_dags/plugins/event_listener.py
[2026-09-17T20:33:15.981+0200] {processor.py:927} WARNING - No viable dags retrieved from /Users/swarnalidatta/Desktop/AutoQueryChatbot/.airflow-venv/lib/python3.12/site-packages/airflow/example_dags/plugins/event_listener.py
[2026-09-17T20:33:16.005+0200] {processor.py:208} INFO - Processing /Users/swarnalidatta/Desktop/AutoQueryChatbot/.airflow-venv/lib/python3.12/site-packages/airflow/example_dags/plugins/event_listener.py took 0.027 seconds
[2026-09-17T20:34:19.490+0200] {processor.py:186} INFO - Started process (PID=86432) to work on /Users/swarnalidatta/Desktop/AutoQueryChatbot/.airflow-venv/lib/python3.12/site-packages/airflow/example_dags/plugins/event_listener.py
[2026-09-17T20:34:19.490+0200] {processor.py:914} INFO - Processing file /Users/swarnalidatta/Desktop/AutoQueryChatbot/.airflow-venv/lib/python3.12/site-packages/airflow/example_dags/plugins/event_listener.py for tasks to queue
[2026-09-17T20:34:19.490+0200] {logging_mixin.py:190} INFO - [2026-09-17T20:34:19.490+0200] {dagbag.py:588} INFO - Filling up the DagBag from /Users/swarnalidatta/Desktop/AutoQueryChatbot/.airflow-venv/lib/python3.12/site-packages/airflow/example_dags/plugins/event_listener.py
[2026-09-17T20:34:19.491+0200] {processor.py:927} WARNING - No viable dags retrieved from /Users/swarnalidatta/Desktop/AutoQueryChatbot/.airflow-venv/lib/python3.12/site-packages/airflow/example_dags/plugins/event_listener.py
[2026-09-17T20:34:19.515+0200] {processor.py:208} INFO - Processing /Users/swarnalidatta/Desktop/AutoQueryChatbot/.airflow-venv/lib/python3.12/site-packages/airflow/example_dags/plugins/event_listener.py took 0.027 seconds
[2026-09-17T20:35:25.233+0200] {processor.py:186} INFO - Started process (PID=86577) to work on /Users/swarnalidatta/Desktop/AutoQueryChatbot/.airflow-venv/lib/python3.12/site-packages/airflow/example_dags/plugins/event_listener.py
[2026-09-17T20:35:25.234+0200] {processor.py:914} INFO - Processing file /Users/swarnalidatta/Desktop/AutoQueryChatbot/.airflow-venv/lib/python3.12/site-packages/airflow/example_dags/plugins/event_listener.py for tasks to queue
[2026-09-17T20:35:25.234+0200] {logging_mixin.py:190} INFO - [2026-09-17T20:35:25.234+0200] {dagbag.py:588} INFO - Filling up the DagBag from /Users/swarnalidatta/Desktop/AutoQueryChatbot/.airflow-venv/lib/python3.12/site-packages/airflow/example_dags/plugins/event_listener.py
[2026-09-17T20:35:25.234+0200] {processor.py:927} WARNING - No viable dags retrieved from /Users/swarnalidatta/Desktop/AutoQueryChatbot/.airflow-venv/lib/python3.12/site-packages/airflow/example_dags/plugins/event_listener.py
[2026-09-17T20:35:25.258+0200] {processor.py:208} INFO - Processing /Users/swarnalidatta/Desktop/AutoQueryChatbot/.airflow-venv/lib/python3.12/site-packages/airflow/example_dags/plugins/event_listener.py took 0.026 seconds
[2026-09-17T20:36:26.214+0200] {processor.py:186} INFO - Started process (PID=86716) to work on /Users/swarnalidatta/Desktop/AutoQueryChatbot/.airflow-venv/lib/python3.12/site-packages/airflow/example_dags/plugins/event_listener.py
[2026-09-17T20:36:26.214+0200] {processor.py:914} INFO - Processing file /Users/swarnalidatta/Desktop/AutoQueryChatbot/.airflow-venv/lib/python3.12/site-packages/airflow/example_dags/plugins/event_listener.py for tasks to queue
[2026-09-17T20:36:26.214+0200] {logging_mixin.py:190} INFO - [2026-09-17T20:36:26.214+0200] {dagbag.py:588} INFO - Filling up the DagBag from /Users/swarnalidatta/Desktop/AutoQueryChatbot/.airflow-venv/lib/python3.12/site-packages/airflow/example_dags/plugins/event_listener.py
[2026-09-17T20:36:26.215+0200] {processor.py:927} WARNING - No viable dags retrieved from /Users/swarnalidatta/Desktop/AutoQueryChatbot/.airflow-venv/lib/python3.12/site-packages/airflow/example_dags/plugins/event_listener.py
[2026-09-17T20:36:26.239+0200] {processor.py:208} INFO - Processing /Users/swarnalidatta/Desktop/AutoQueryChatbot/.airflow-venv/lib/python3.12/site-packages/airflow/example_dags/plugins/event_listener.py took 0.026 seconds
[2026-09-17T20:47:47.585+0200] {processor.py:186} INFO - Started process (PID=86873) to work on /Users/swarnalidatta/Desktop/AutoQueryChatbot/.airflow-venv/lib/python3.12/site-packages/airflow/example_dags/plugins/event_listener.py
[2026-09-17T20:47:47.585+0200] {processor.py:914} INFO - Processing file /Users/swarnalidatta/Desktop/AutoQueryChatbot/.airflow-venv/lib/python3.12/site-packages/airflow/example_dags/plugins/event_listener.py for tasks to queue
[2026-09-17T20:47:47.585+0200] {logging_mixin.py:190} INFO - [2026-09-17T20:47:47.585+0200] {dagbag.py:588} INFO - Filling up the DagBag from /Users/swarnalidatta/Desktop/AutoQueryChatbot/.airflow-venv/lib/python3.12/site-packages/airflow/example_dags/plugins/event_listener.py
[2026-09-17T20:47:47.586+0200] {processor.py:927} WARNING - No viable dags retrieved from /Users/swarnalidatta/Desktop/AutoQueryChatbot/.airflow-venv/lib/python3.12/site-packages/airflow/example_dags/plugins/event_listener.py
[2026-09-17T20:47:47.609+0200] {processor.py:208} INFO - Processing /Users/swarnalidatta/Desktop/AutoQueryChatbot/.airflow-venv/lib/python3.12/site-packages/airflow/example_dags/plugins/event_listener.py took 0.025 seconds
[2026-09-17T20:49:17.788+0200] {processor.py:186} INFO - Started process (PID=87078) to work on /Users/swarnalidatta/Desktop/AutoQueryChatbot/.airflow-venv/lib/python3.12/site-packages/airflow/example_dags/plugins/event_listener.py
[2026-09-17T20:49:17.789+0200] {processor.py:914} INFO - Processing file /Users/swarnalidatta/Desktop/AutoQueryChatbot/.airflow-venv/lib/python3.12/site-packages/airflow/example_dags/plugins/event_listener.py for tasks to queue
[2026-09-17T20:49:17.789+0200] {logging_mixin.py:190} INFO - [2026-09-17T20:49:17.789+0200] {dagbag.py:588} INFO - Filling up the DagBag from /Users/swarnalidatta/Desktop/AutoQueryChatbot/.airflow-venv/lib/python3.12/site-packages/airflow/example_dags/plugins/event_listener.py
[2026-09-17T20:49:17.789+0200] {processor.py:927} WARNING - No viable dags retrieved from /Users/swarnalidatta/Desktop/AutoQueryChatbot/.airflow-venv/lib/python3.12/site-packages/airflow/example_dags/plugins/event_listener.py
[2026-09-17T20:49:17.813+0200] {processor.py:208} INFO - Processing /Users/swarnalidatta/Desktop/AutoQueryChatbot/.airflow-venv/lib/python3.12/site-packages/airflow/example_dags/plugins/event_listener.py took 0.026 seconds
[2026-09-17T20:50:23.293+0200] {processor.py:186} INFO - Started process (PID=87233) to work on /Users/swarnalidatta/Desktop/AutoQueryChatbot/.airflow-venv/lib/python3.12/site-packages/airflow/example_dags/plugins/event_listener.py
[2026-09-17T20:50:23.293+0200] {processor.py:914} INFO - Processing file /Users/swarnalidatta/Desktop/AutoQueryChatbot/.airflow-venv/lib/python3.12/site-packages/airflow/example_dags/plugins/event_listener.py for tasks to queue
[2026-09-17T20:50:23.293+0200] {logging_mixin.py:190} INFO - [2026-09-17T20:50:23.293+0200] {dagbag.py:588} INFO - Filling up the DagBag from /Users/swarnalidatta/Desktop/AutoQueryChatbot/.airflow-venv/lib/python3.12/site-packages/airflow/example_dags/plugins/event_listener.py
[2026-09-17T20:50:23.294+0200] {processor.py:927} WARNING - No viable dags retrieved from /Users/swarnalidatta/Desktop/AutoQueryChatbot/.airflow-venv/lib/python3.12/site-packages/airflow/example_dags/plugins/event_listener.py
[2026-09-17T20:50:23.317+0200] {processor.py:208} INFO - Processing /Users/swarnalidatta/Desktop/AutoQueryChatbot/.airflow-venv/lib/python3.12/site-packages/airflow/example_dags/plugins/event_listener.py took 0.025 seconds
[2026-09-17T20:51:29.138+0200] {processor.py:186} INFO - Started process (PID=87380) to work on /Users/swarnalidatta/Desktop/AutoQueryChatbot/.airflow-venv/lib/python3.12/site-packages/airflow/example_dags/plugins/event_listener.py
[2026-09-17T20:51:29.138+0200] {processor.py:914} INFO - Processing file /Users/swarnalidatta/Desktop/AutoQueryChatbot/.airflow-venv/lib/python3.12/site-packages/airflow/example_dags/plugins/event_listener.py for tasks to queue
[2026-09-17T20:51:29.139+0200] {logging_mixin.py:190} INFO - [2026-09-17T20:51:29.139+0200] {dagbag.py:588} INFO - Filling up the DagBag from /Users/swarnalidatta/Desktop/AutoQueryChatbot/.airflow-venv/lib/python3.12/site-packages/airflow/example_dags/plugins/event_listener.py
[2026-09-17T20:51:29.139+0200] {processor.py:927} WARNING - No viable dags retrieved from /Users/swarnalidatta/Desktop/AutoQueryChatbot/.airflow-venv/lib/python3.12/site-packages/airflow/example_dags/plugins/event_listener.py
[2026-09-17T20:51:29.163+0200] {processor.py:208} INFO - Processing /Users/swarnalidatta/Desktop/AutoQueryChatbot/.airflow-venv/lib/python3.12/site-packages/airflow/example_dags/plugins/event_listener.py took 0.026 seconds
[2026-09-17T20:52:32.429+0200] {processor.py:186} INFO - Started process (PID=87527) to work on /Users/swarnalidatta/Desktop/AutoQueryChatbot/.airflow-venv/lib/python3.12/site-packages/airflow/example_dags/plugins/event_listener.py
[2026-09-17T20:52:32.429+0200] {processor.py:914} INFO - Processing file /Users/swarnalidatta/Desktop/AutoQueryChatbot/.airflow-venv/lib/python3.12/site-packages/airflow/example_dags/plugins/event_listener.py for tasks to queue
[2026-09-17T20:52:32.430+0200] {logging_mixin.py:190} INFO - [2026-09-17T20:52:32.429+0200] {dagbag.py:588} INFO - Filling up the DagBag from /Users/swarnalidatta/Desktop/AutoQueryChatbot/.airflow-venv/lib/python3.12/site-packages/airflow/example_dags/plugins/event_listener.py
[2026-09-17T20:52:32.430+0200] {processor.py:927} WARNING - No viable dags retrieved from /Users/swarnalidatta/Desktop/AutoQueryChatbot/.airflow-venv/lib/python3.12/site-packages/airflow/example_dags/plugins/event_listener.py
[2026-09-17T20:52:32.454+0200] {processor.py:208} INFO - Processing /Users/swarnalidatta/Desktop/AutoQueryChatbot/.airflow-venv/lib/python3.12/site-packages/airflow/example_dags/plugins/event_listener.py took 0.026 seconds
[2026-09-17T20:53:36.869+0200] {processor.py:186} INFO - Started process (PID=87673) to work on /Users/swarnalidatta/Desktop/AutoQueryChatbot/.airflow-venv/lib/python3.12/site-packages/airflow/example_dags/plugins/event_listener.py
[2026-09-17T20:53:36.869+0200] {processor.py:914} INFO - Processing file /Users/swarnalidatta/Desktop/AutoQueryChatbot/.airflow-venv/lib/python3.12/site-packages/airflow/example_dags/plugins/event_listener.py for tasks to queue
[2026-09-17T20:53:36.870+0200] {logging_mixin.py:190} INFO - [2026-09-17T20:53:36.870+0200] {dagbag.py:588} INFO - Filling up the DagBag from /Users/swarnalidatta/Desktop/AutoQueryChatbot/.airflow-venv/lib/python3.12/site-packages/airflow/example_dags/plugins/event_listener.py
[2026-09-17T20:53:36.870+0200] {processor.py:927} WARNING - No viable dags retrieved from /Users/swarnalidatta/Desktop/AutoQueryChatbot/.airflow-venv/lib/python3.12/site-packages/airflow/example_dags/plugins/event_listener.py
[2026-09-17T20:53:36.894+0200] {processor.py:208} INFO - Processing /Users/swarnalidatta/Desktop/AutoQueryChatbot/.airflow-venv/lib/python3.12/site-packages/airflow/example_dags/plugins/event_listener.py took 0.026 seconds
[2026-09-17T20:54:46.048+0200] {processor.py:186} INFO - Started process (PID=87831) to work on /Users/swarnalidatta/Desktop/AutoQueryChatbot/.airflow-venv/lib/python3.12/site-packages/airflow/example_dags/plugins/event_listener.py
[2026-09-17T20:54:46.048+0200] {processor.py:914} INFO - Processing file /Users/swarnalidatta/Desktop/AutoQueryChatbot/.airflow-venv/lib/python3.12/site-packages/airflow/example_dags/plugins/event_listener.py for tasks to queue
[2026-09-17T20:54:46.048+0200] {logging_mixin.py:190} INFO - [2026-09-17T20:54:46.048+0200] {dagbag.py:588} INFO - Filling up the DagBag from /Users/swarnalidatta/Desktop/AutoQueryChatbot/.airflow-venv/lib/python3.12/site-packages/airflow/example_dags/plugins/event_listener.py
[2026-09-17T20:54:46.049+0200] {processor.py:927} WARNING - No viable dags retrieved from /Users/swarnalidatta/Desktop/AutoQueryChatbot/.airflow-venv/lib/python3.12/site-packages/airflow/example_dags/plugins/event_listener.py
[2026-09-17T20:54:46.073+0200] {processor.py:208} INFO - Processing /Users/swarnalidatta/Desktop/AutoQueryChatbot/.airflow-venv/lib/python3.12/site-packages/airflow/example_dags/plugins/event_listener.py took 0.026 seconds
[2026-09-17T20:55:54.288+0200] {processor.py:186} INFO - Started process (PID=87982) to work on /Users/swarnalidatta/Desktop/AutoQueryChatbot/.airflow-venv/lib/python3.12/site-packages/airflow/example_dags/plugins/event_listener.py
[2026-09-17T20:55:54.288+0200] {processor.py:914} INFO - Processing file /Users/swarnalidatta/Desktop/AutoQueryChatbot/.airflow-venv/lib/python3.12/site-packages/airflow/example_dags/plugins/event_listener.py for tasks to queue
[2026-09-17T20:55:54.289+0200] {logging_mixin.py:190} INFO - [2026-09-17T20:55:54.289+0200] {dagbag.py:588} INFO - Filling up the DagBag from /Users/swarnalidatta/Desktop/AutoQueryChatbot/.airflow-venv/lib/python3.12/site-packages/airflow/example_dags/plugins/event_listener.py
[2026-09-17T20:55:54.289+0200] {processor.py:927} WARNING - No viable dags retrieved from /Users/swarnalidatta/Desktop/AutoQueryChatbot/.airflow-venv/lib/python3.12/site-packages/airflow/example_dags/plugins/event_listener.py
[2026-09-17T20:55:54.313+0200] {processor.py:208} INFO - Processing /Users/swarnalidatta/Desktop/AutoQueryChatbot/.airflow-venv/lib/python3.12/site-packages/airflow/example_dags/plugins/event_listener.py took 0.026 seconds
[2026-09-17T20:57:00.776+0200] {processor.py:186} INFO - Started process (PID=88147) to work on /Users/swarnalidatta/Desktop/AutoQueryChatbot/.airflow-venv/lib/python3.12/site-packages/airflow/example_dags/plugins/event_listener.py
[2026-09-17T20:57:00.776+0200] {processor.py:914} INFO - Processing file /Users/swarnalidatta/Desktop/AutoQueryChatbot/.airflow-venv/lib/python3.12/site-packages/airflow/example_dags/plugins/event_listener.py for tasks to queue
[2026-09-17T20:57:00.777+0200] {logging_mixin.py:190} INFO - [2026-09-17T20:57:00.776+0200] {dagbag.py:588} INFO - Filling up the DagBag from /Users/swarnalidatta/Desktop/AutoQueryChatbot/.airflow-venv/lib/python3.12/site-packages/airflow/example_dags/plugins/event_listener.py
[2026-09-17T20:57:00.777+0200] {processor.py:927} WARNING - No viable dags retrieved from /Users/swarnalidatta/Desktop/AutoQueryChatbot/.airflow-venv/lib/python3.12/site-packages/airflow/example_dags/plugins/event_listener.py
[2026-09-17T20:57:00.801+0200] {processor.py:208} INFO - Processing /Users/swarnalidatta/Desktop/AutoQueryChatbot/.airflow-venv/lib/python3.12/site-packages/airflow/example_dags/plugins/event_listener.py took 0.026 seconds
[2026-09-17T20:58:05.779+0200] {processor.py:186} INFO - Started process (PID=88299) to work on /Users/swarnalidatta/Desktop/AutoQueryChatbot/.airflow-venv/lib/python3.12/site-packages/airflow/example_dags/plugins/event_listener.py
[2026-09-17T20:58:05.779+0200] {processor.py:914} INFO - Processing file /Users/swarnalidatta/Desktop/AutoQueryChatbot/.airflow-venv/lib/python3.12/site-packages/airflow/example_dags/plugins/event_listener.py for tasks to queue
[2026-09-17T20:58:05.780+0200] {logging_mixin.py:190} INFO - [2026-09-17T20:58:05.780+0200] {dagbag.py:588} INFO - Filling up the DagBag from /Users/swarnalidatta/Desktop/AutoQueryChatbot/.airflow-venv/lib/python3.12/site-packages/airflow/example_dags/plugins/event_listener.py
[2026-09-17T20:58:05.780+0200] {processor.py:927} WARNING - No viable dags retrieved from /Users/swarnalidatta/Desktop/AutoQueryChatbot/.airflow-venv/lib/python3.12/site-packages/airflow/example_dags/plugins/event_listener.py
[2026-09-17T20:58:05.806+0200] {processor.py:208} INFO - Processing /Users/swarnalidatta/Desktop/AutoQueryChatbot/.airflow-venv/lib/python3.12/site-packages/airflow/example_dags/plugins/event_listener.py took 0.028 seconds
[2026-09-17T20:59:12.307+0200] {processor.py:186} INFO - Started process (PID=88469) to work on /Users/swarnalidatta/Desktop/AutoQueryChatbot/.airflow-venv/lib/python3.12/site-packages/airflow/example_dags/plugins/event_listener.py
[2026-09-17T20:59:12.307+0200] {processor.py:914} INFO - Processing file /Users/swarnalidatta/Desktop/AutoQueryChatbot/.airflow-venv/lib/python3.12/site-packages/airflow/example_dags/plugins/event_listener.py for tasks to queue
[2026-09-17T20:59:12.308+0200] {logging_mixin.py:190} INFO - [2026-09-17T20:59:12.307+0200] {dagbag.py:588} INFO - Filling up the DagBag from /Users/swarnalidatta/Desktop/AutoQueryChatbot/.airflow-venv/lib/python3.12/site-packages/airflow/example_dags/plugins/event_listener.py
[2026-09-17T20:59:12.308+0200] {processor.py:927} WARNING - No viable dags retrieved from /Users/swarnalidatta/Desktop/AutoQueryChatbot/.airflow-venv/lib/python3.12/site-packages/airflow/example_dags/plugins/event_listener.py
[2026-09-17T20:59:12.332+0200] {processor.py:208} INFO - Processing /Users/swarnalidatta/Desktop/AutoQueryChatbot/.airflow-venv/lib/python3.12/site-packages/airflow/example_dags/plugins/event_listener.py took 0.027 seconds
[2026-09-17T21:00:16.828+0200] {processor.py:186} INFO - Started process (PID=88635) to work on /Users/swarnalidatta/Desktop/AutoQueryChatbot/.airflow-venv/lib/python3.12/site-packages/airflow/example_dags/plugins/event_listener.py
[2026-09-17T21:00:16.829+0200] {processor.py:914} INFO - Processing file /Users/swarnalidatta/Desktop/AutoQueryChatbot/.airflow-venv/lib/python3.12/site-packages/airflow/example_dags/plugins/event_listener.py for tasks to queue
[2026-09-17T21:00:16.829+0200] {logging_mixin.py:190} INFO - [2026-09-17T21:00:16.829+0200] {dagbag.py:588} INFO - Filling up the DagBag from /Users/swarnalidatta/Desktop/AutoQueryChatbot/.airflow-venv/lib/python3.12/site-packages/airflow/example_dags/plugins/event_listener.py
[2026-09-17T21:00:16.829+0200] {processor.py:927} WARNING - No viable dags retrieved from /Users/swarnalidatta/Desktop/AutoQueryChatbot/.airflow-venv/lib/python3.12/site-packages/airflow/example_dags/plugins/event_listener.py
[2026-09-17T21:00:16.854+0200] {processor.py:208} INFO - Processing /Users/swarnalidatta/Desktop/AutoQueryChatbot/.airflow-venv/lib/python3.12/site-packages/airflow/example_dags/plugins/event_listener.py took 0.027 seconds
[2026-09-17T21:01:19.718+0200] {processor.py:186} INFO - Started process (PID=88791) to work on /Users/swarnalidatta/Desktop/AutoQueryChatbot/.airflow-venv/lib/python3.12/site-packages/airflow/example_dags/plugins/event_listener.py
[2026-09-17T21:01:19.718+0200] {processor.py:914} INFO - Processing file /Users/swarnalidatta/Desktop/AutoQueryChatbot/.airflow-venv/lib/python3.12/site-packages/airflow/example_dags/plugins/event_listener.py for tasks to queue
[2026-09-17T21:01:19.718+0200] {logging_mixin.py:190} INFO - [2026-09-17T21:01:19.718+0200] {dagbag.py:588} INFO - Filling up the DagBag from /Users/swarnalidatta/Desktop/AutoQueryChatbot/.airflow-venv/lib/python3.12/site-packages/airflow/example_dags/plugins/event_listener.py
[2026-09-17T21:01:19.719+0200] {processor.py:927} WARNING - No viable dags retrieved from /Users/swarnalidatta/Desktop/AutoQueryChatbot/.airflow-venv/lib/python3.12/site-packages/airflow/example_dags/plugins/event_listener.py
[2026-09-17T21:01:19.743+0200] {processor.py:208} INFO - Processing /Users/swarnalidatta/Desktop/AutoQueryChatbot/.airflow-venv/lib/python3.12/site-packages/airflow/example_dags/plugins/event_listener.py took 0.026 seconds
[2026-09-17T21:02:23.173+0200] {processor.py:186} INFO - Started process (PID=89093) to work on /Users/swarnalidatta/Desktop/AutoQueryChatbot/.airflow-venv/lib/python3.12/site-packages/airflow/example_dags/plugins/event_listener.py
[2026-09-17T21:02:23.173+0200] {processor.py:914} INFO - Processing file /Users/swarnalidatta/Desktop/AutoQueryChatbot/.airflow-venv/lib/python3.12/site-packages/airflow/example_dags/plugins/event_listener.py for tasks to queue
[2026-09-17T21:02:23.174+0200] {logging_mixin.py:190} INFO - [2026-09-17T21:02:23.173+0200] {dagbag.py:588} INFO - Filling up the DagBag from /Users/swarnalidatta/Desktop/AutoQueryChatbot/.airflow-venv/lib/python3.12/site-packages/airflow/example_dags/plugins/event_listener.py
[2026-09-17T21:02:23.174+0200] {processor.py:927} WARNING - No viable dags retrieved from /Users/swarnalidatta/Desktop/AutoQueryChatbot/.airflow-venv/lib/python3.12/site-packages/airflow/example_dags/plugins/event_listener.py
[2026-09-17T21:02:23.198+0200] {processor.py:208} INFO - Processing /Users/swarnalidatta/Desktop/AutoQueryChatbot/.airflow-venv/lib/python3.12/site-packages/airflow/example_dags/plugins/event_listener.py took 0.026 seconds
[2026-09-17T21:03:26.544+0200] {processor.py:186} INFO - Started process (PID=89247) to work on /Users/swarnalidatta/Desktop/AutoQueryChatbot/.airflow-venv/lib/python3.12/site-packages/airflow/example_dags/plugins/event_listener.py
[2026-09-17T21:03:26.544+0200] {processor.py:914} INFO - Processing file /Users/swarnalidatta/Desktop/AutoQueryChatbot/.airflow-venv/lib/python3.12/site-packages/airflow/example_dags/plugins/event_listener.py for tasks to queue
[2026-09-17T21:03:26.544+0200] {logging_mixin.py:190} INFO - [2026-09-17T21:03:26.544+0200] {dagbag.py:588} INFO - Filling up the DagBag from /Users/swarnalidatta/Desktop/AutoQueryChatbot/.airflow-venv/lib/python3.12/site-packages/airflow/example_dags/plugins/event_listener.py
[2026-09-17T21:03:26.545+0200] {processor.py:927} WARNING - No viable dags retrieved from /Users/swarnalidatta/Desktop/AutoQueryChatbot/.airflow-venv/lib/python3.12/site-packages/airflow/example_dags/plugins/event_listener.py
[2026-09-17T21:03:26.570+0200] {processor.py:208} INFO - Processing /Users/swarnalidatta/Desktop/AutoQueryChatbot/.airflow-venv/lib/python3.12/site-packages/airflow/example_dags/plugins/event_listener.py took 0.027 seconds
[2026-09-17T21:04:31.839+0200] {processor.py:186} INFO - Started process (PID=89413) to work on /Users/swarnalidatta/Desktop/AutoQueryChatbot/.airflow-venv/lib/python3.12/site-packages/airflow/example_dags/plugins/event_listener.py
[2026-09-17T21:04:31.840+0200] {processor.py:914} INFO - Processing file /Users/swarnalidatta/Desktop/AutoQueryChatbot/.airflow-venv/lib/python3.12/site-packages/airflow/example_dags/plugins/event_listener.py for tasks to queue
[2026-09-17T21:04:31.840+0200] {logging_mixin.py:190} INFO - [2026-09-17T21:04:31.840+0200] {dagbag.py:588} INFO - Filling up the DagBag from /Users/swarnalidatta/Desktop/AutoQueryChatbot/.airflow-venv/lib/python3.12/site-packages/airflow/example_dags/plugins/event_listener.py
[2026-09-17T21:04:31.840+0200] {processor.py:927} WARNING - No viable dags retrieved from /Users/swarnalidatta/Desktop/AutoQueryChatbot/.airflow-venv/lib/python3.12/site-packages/airflow/example_dags/plugins/event_listener.py
[2026-09-17T21:04:31.865+0200] {processor.py:208} INFO - Processing /Users/swarnalidatta/Desktop/AutoQueryChatbot/.airflow-venv/lib/python3.12/site-packages/airflow/example_dags/plugins/event_listener.py took 0.027 seconds
[2026-09-17T21:05:35.536+0200] {processor.py:186} INFO - Started process (PID=89573) to work on /Users/swarnalidatta/Desktop/AutoQueryChatbot/.airflow-venv/lib/python3.12/site-packages/airflow/example_dags/plugins/event_listener.py
[2026-09-17T21:05:35.536+0200] {processor.py:914} INFO - Processing file /Users/swarnalidatta/Desktop/AutoQueryChatbot/.airflow-venv/lib/python3.12/site-packages/airflow/example_dags/plugins/event_listener.py for tasks to queue
[2026-09-17T21:05:35.536+0200] {logging_mixin.py:190} INFO - [2026-09-17T21:05:35.536+0200] {dagbag.py:588} INFO - Filling up the DagBag from /Users/swarnalidatta/Desktop/AutoQueryChatbot/.airflow-venv/lib/python3.12/site-packages/airflow/example_dags/plugins/event_listener.py
[2026-09-17T21:05:35.537+0200] {processor.py:927} WARNING - No viable dags retrieved from /Users/swarnalidatta/Desktop/AutoQueryChatbot/.airflow-venv/lib/python3.12/site-packages/airflow/example_dags/plugins/event_listener.py
[2026-09-17T21:05:35.561+0200] {processor.py:208} INFO - Processing /Users/swarnalidatta/Desktop/AutoQueryChatbot/.airflow-venv/lib/python3.12/site-packages/airflow/example_dags/plugins/event_listener.py took 0.026 seconds
[2026-09-17T21:06:44.641+0200] {processor.py:186} INFO - Started process (PID=89733) to work on /Users/swarnalidatta/Desktop/AutoQueryChatbot/.airflow-venv/lib/python3.12/site-packages/airflow/example_dags/plugins/event_listener.py
[2026-09-17T21:06:44.642+0200] {processor.py:914} INFO - Processing file /Users/swarnalidatta/Desktop/AutoQueryChatbot/.airflow-venv/lib/python3.12/site-packages/airflow/example_dags/plugins/event_listener.py for tasks to queue
[2026-09-17T21:06:44.642+0200] {logging_mixin.py:190} INFO - [2026-09-17T21:06:44.642+0200] {dagbag.py:588} INFO - Filling up the DagBag from /Users/swarnalidatta/Desktop/AutoQueryChatbot/.airflow-venv/lib/python3.12/site-packages/airflow/example_dags/plugins/event_listener.py
[2026-09-17T21:06:44.642+0200] {processor.py:927} WARNING - No viable dags retrieved from /Users/swarnalidatta/Desktop/AutoQueryChatbot/.airflow-venv/lib/python3.12/site-packages/airflow/example_dags/plugins/event_listener.py
[2026-09-17T21:06:44.666+0200] {processor.py:208} INFO - Processing /Users/swarnalidatta/Desktop/AutoQueryChatbot/.airflow-venv/lib/python3.12/site-packages/airflow/example_dags/plugins/event_listener.py took 0.026 seconds
[2026-09-17T21:07:53.426+0200] {processor.py:186} INFO - Started process (PID=89888) to work on /Users/swarnalidatta/Desktop/AutoQueryChatbot/.airflow-venv/lib/python3.12/site-packages/airflow/example_dags/plugins/event_listener.py
[2026-09-17T21:07:53.426+0200] {processor.py:914} INFO - Processing file /Users/swarnalidatta/Desktop/AutoQueryChatbot/.airflow-venv/lib/python3.12/site-packages/airflow/example_dags/plugins/event_listener.py for tasks to queue
[2026-09-17T21:07:53.426+0200] {logging_mixin.py:190} INFO - [2026-09-17T21:07:53.426+0200] {dagbag.py:588} INFO - Filling up the DagBag from /Users/swarnalidatta/Desktop/AutoQueryChatbot/.airflow-venv/lib/python3.12/site-packages/airflow/example_dags/plugins/event_listener.py
[2026-09-17T21:07:53.427+0200] {processor.py:927} WARNING - No viable dags retrieved from /Users/swarnalidatta/Desktop/AutoQueryChatbot/.airflow-venv/lib/python3.12/site-packages/airflow/example_dags/plugins/event_listener.py
[2026-09-17T21:07:53.451+0200] {processor.py:208} INFO - Processing /Users/swarnalidatta/Desktop/AutoQueryChatbot/.airflow-venv/lib/python3.12/site-packages/airflow/example_dags/plugins/event_listener.py took 0.027 seconds
[2026-09-17T21:09:01.349+0200] {processor.py:186} INFO - Started process (PID=90043) to work on /Users/swarnalidatta/Desktop/AutoQueryChatbot/.airflow-venv/lib/python3.12/site-packages/airflow/example_dags/plugins/event_listener.py
[2026-09-17T21:09:01.350+0200] {processor.py:914} INFO - Processing file /Users/swarnalidatta/Desktop/AutoQueryChatbot/.airflow-venv/lib/python3.12/site-packages/airflow/example_dags/plugins/event_listener.py for tasks to queue
[2026-09-17T21:09:01.350+0200] {logging_mixin.py:190} INFO - [2026-09-17T21:09:01.350+0200] {dagbag.py:588} INFO - Filling up the DagBag from /Users/swarnalidatta/Desktop/AutoQueryChatbot/.airflow-venv/lib/python3.12/site-packages/airflow/example_dags/plugins/event_listener.py
[2026-09-17T21:09:01.350+0200] {processor.py:927} WARNING - No viable dags retrieved from /Users/swarnalidatta/Desktop/AutoQueryChatbot/.airflow-venv/lib/python3.12/site-packages/airflow/example_dags/plugins/event_listener.py
[2026-09-17T21:09:01.375+0200] {processor.py:208} INFO - Processing /Users/swarnalidatta/Desktop/AutoQueryChatbot/.airflow-venv/lib/python3.12/site-packages/airflow/example_dags/plugins/event_listener.py took 0.026 seconds
[2026-09-17T21:10:10.775+0200] {processor.py:186} INFO - Started process (PID=90200) to work on /Users/swarnalidatta/Desktop/AutoQueryChatbot/.airflow-venv/lib/python3.12/site-packages/airflow/example_dags/plugins/event_listener.py
[2026-09-17T21:10:10.775+0200] {processor.py:914} INFO - Processing file /Users/swarnalidatta/Desktop/AutoQueryChatbot/.airflow-venv/lib/python3.12/site-packages/airflow/example_dags/plugins/event_listener.py for tasks to queue
[2026-09-17T21:10:10.776+0200] {logging_mixin.py:190} INFO - [2026-09-17T21:10:10.776+0200] {dagbag.py:588} INFO - Filling up the DagBag from /Users/swarnalidatta/Desktop/AutoQueryChatbot/.airflow-venv/lib/python3.12/site-packages/airflow/example_dags/plugins/event_listener.py
[2026-09-17T21:10:10.776+0200] {processor.py:927} WARNING - No viable dags retrieved from /Users/swarnalidatta/Desktop/AutoQueryChatbot/.airflow-venv/lib/python3.12/site-packages/airflow/example_dags/plugins/event_listener.py
[2026-09-17T21:10:10.800+0200] {processor.py:208} INFO - Processing /Users/swarnalidatta/Desktop/AutoQueryChatbot/.airflow-venv/lib/python3.12/site-packages/airflow/example_dags/plugins/event_listener.py took 0.026 seconds
[2026-09-17T21:11:21.828+0200] {processor.py:186} INFO - Started process (PID=90398) to work on /Users/swarnalidatta/Desktop/AutoQueryChatbot/.airflow-venv/lib/python3.12/site-packages/airflow/example_dags/plugins/event_listener.py
[2026-09-17T21:11:21.828+0200] {processor.py:914} INFO - Processing file /Users/swarnalidatta/Desktop/AutoQueryChatbot/.airflow-venv/lib/python3.12/site-packages/airflow/example_dags/plugins/event_listener.py for tasks to queue
[2026-09-17T21:11:21.828+0200] {logging_mixin.py:190} INFO - [2026-09-17T21:11:21.828+0200] {dagbag.py:588} INFO - Filling up the DagBag from /Users/swarnalidatta/Desktop/AutoQueryChatbot/.airflow-venv/lib/python3.12/site-packages/airflow/example_dags/plugins/event_listener.py
[2026-09-17T21:11:21.829+0200] {processor.py:927} WARNING - No viable dags retrieved from /Users/swarnalidatta/Desktop/AutoQueryChatbot/.airflow-venv/lib/python3.12/site-packages/airflow/example_dags/plugins/event_listener.py
[2026-09-17T21:11:21.853+0200] {processor.py:208} INFO - Processing /Users/swarnalidatta/Desktop/AutoQueryChatbot/.airflow-venv/lib/python3.12/site-packages/airflow/example_dags/plugins/event_listener.py took 0.026 seconds
[2026-09-17T21:12:32.753+0200] {processor.py:186} INFO - Started process (PID=90754) to work on /Users/swarnalidatta/Desktop/AutoQueryChatbot/.airflow-venv/lib/python3.12/site-packages/airflow/example_dags/plugins/event_listener.py
[2026-09-17T21:12:32.753+0200] {processor.py:914} INFO - Processing file /Users/swarnalidatta/Desktop/AutoQueryChatbot/.airflow-venv/lib/python3.12/site-packages/airflow/example_dags/plugins/event_listener.py for tasks to queue
[2026-09-17T21:12:32.753+0200] {logging_mixin.py:190} INFO - [2026-09-17T21:12:32.753+0200] {dagbag.py:588} INFO - Filling up the DagBag from /Users/swarnalidatta/Desktop/AutoQueryChatbot/.airflow-venv/lib/python3.12/site-packages/airflow/example_dags/plugins/event_listener.py
[2026-09-17T21:12:32.754+0200] {processor.py:927} WARNING - No viable dags retrieved from /Users/swarnalidatta/Desktop/AutoQueryChatbot/.airflow-venv/lib/python3.12/site-packages/airflow/example_dags/plugins/event_listener.py
[2026-09-17T21:12:32.778+0200] {processor.py:208} INFO - Processing /Users/swarnalidatta/Desktop/AutoQueryChatbot/.airflow-venv/lib/python3.12/site-packages/airflow/example_dags/plugins/event_listener.py took 0.026 seconds
[2026-09-17T21:13:48.075+0200] {processor.py:186} INFO - Started process (PID=90950) to work on /Users/swarnalidatta/Desktop/AutoQueryChatbot/.airflow-venv/lib/python3.12/site-packages/airflow/example_dags/plugins/event_listener.py
[2026-09-17T21:13:48.076+0200] {processor.py:914} INFO - Processing file /Users/swarnalidatta/Desktop/AutoQueryChatbot/.airflow-venv/lib/python3.12/site-packages/airflow/example_dags/plugins/event_listener.py for tasks to queue
[2026-09-17T21:13:48.076+0200] {logging_mixin.py:190} INFO - [2026-09-17T21:13:48.076+0200] {dagbag.py:588} INFO - Filling up the DagBag from /Users/swarnalidatta/Desktop/AutoQueryChatbot/.airflow-venv/lib/python3.12/site-packages/airflow/example_dags/plugins/event_listener.py
[2026-09-17T21:13:48.077+0200] {processor.py:927} WARNING - No viable dags retrieved from /Users/swarnalidatta/Desktop/AutoQueryChatbot/.airflow-venv/lib/python3.12/site-packages/airflow/example_dags/plugins/event_listener.py
[2026-09-17T21:13:48.102+0200] {processor.py:208} INFO - Processing /Users/swarnalidatta/Desktop/AutoQueryChatbot/.airflow-venv/lib/python3.12/site-packages/airflow/example_dags/plugins/event_listener.py took 0.028 seconds
[2026-09-17T21:14:59.616+0200] {processor.py:186} INFO - Started process (PID=91109) to work on /Users/swarnalidatta/Desktop/AutoQueryChatbot/.airflow-venv/lib/python3.12/site-packages/airflow/example_dags/plugins/event_listener.py
[2026-09-17T21:14:59.616+0200] {processor.py:914} INFO - Processing file /Users/swarnalidatta/Desktop/AutoQueryChatbot/.airflow-venv/lib/python3.12/site-packages/airflow/example_dags/plugins/event_listener.py for tasks to queue
[2026-09-17T21:14:59.616+0200] {logging_mixin.py:190} INFO - [2026-09-17T21:14:59.616+0200] {dagbag.py:588} INFO - Filling up the DagBag from /Users/swarnalidatta/Desktop/AutoQueryChatbot/.airflow-venv/lib/python3.12/site-packages/airflow/example_dags/plugins/event_listener.py
[2026-09-17T21:14:59.617+0200] {processor.py:927} WARNING - No viable dags retrieved from /Users/swarnalidatta/Desktop/AutoQueryChatbot/.airflow-venv/lib/python3.12/site-packages/airflow/example_dags/plugins/event_listener.py
[2026-09-17T21:14:59.641+0200] {processor.py:208} INFO - Processing /Users/swarnalidatta/Desktop/AutoQueryChatbot/.airflow-venv/lib/python3.12/site-packages/airflow/example_dags/plugins/event_listener.py took 0.027 seconds
[2026-09-17T21:16:26.460+0200] {processor.py:186} INFO - Started process (PID=91358) to work on /Users/swarnalidatta/Desktop/AutoQueryChatbot/.airflow-venv/lib/python3.12/site-packages/airflow/example_dags/plugins/event_listener.py
[2026-09-17T21:16:26.461+0200] {processor.py:914} INFO - Processing file /Users/swarnalidatta/Desktop/AutoQueryChatbot/.airflow-venv/lib/python3.12/site-packages/airflow/example_dags/plugins/event_listener.py for tasks to queue
[2026-09-17T21:16:26.461+0200] {logging_mixin.py:190} INFO - [2026-09-17T21:16:26.461+0200] {dagbag.py:588} INFO - Filling up the DagBag from /Users/swarnalidatta/Desktop/AutoQueryChatbot/.airflow-venv/lib/python3.12/site-packages/airflow/example_dags/plugins/event_listener.py
[2026-09-17T21:16:26.461+0200] {processor.py:927} WARNING - No viable dags retrieved from /Users/swarnalidatta/Desktop/AutoQueryChatbot/.airflow-venv/lib/python3.12/site-packages/airflow/example_dags/plugins/event_listener.py
[2026-09-17T21:16:26.485+0200] {processor.py:208} INFO - Processing /Users/swarnalidatta/Desktop/AutoQueryChatbot/.airflow-venv/lib/python3.12/site-packages/airflow/example_dags/plugins/event_listener.py took 0.026 seconds
[2026-09-17T21:17:37.814+0200] {processor.py:186} INFO - Started process (PID=91525) to work on /Users/swarnalidatta/Desktop/AutoQueryChatbot/.airflow-venv/lib/python3.12/site-packages/airflow/example_dags/plugins/event_listener.py
[2026-09-17T21:17:37.814+0200] {processor.py:914} INFO - Processing file /Users/swarnalidatta/Desktop/AutoQueryChatbot/.airflow-venv/lib/python3.12/site-packages/airflow/example_dags/plugins/event_listener.py for tasks to queue
[2026-09-17T21:17:37.815+0200] {logging_mixin.py:190} INFO - [2026-09-17T21:17:37.815+0200] {dagbag.py:588} INFO - Filling up the DagBag from /Users/swarnalidatta/Desktop/AutoQueryChatbot/.airflow-venv/lib/python3.12/site-packages/airflow/example_dags/plugins/event_listener.py
[2026-09-17T21:17:37.815+0200] {processor.py:927} WARNING - No viable dags retrieved from /Users/swarnalidatta/Desktop/AutoQueryChatbot/.airflow-venv/lib/python3.12/site-packages/airflow/example_dags/plugins/event_listener.py
[2026-09-17T21:17:37.839+0200] {processor.py:208} INFO - Processing /Users/swarnalidatta/Desktop/AutoQueryChatbot/.airflow-venv/lib/python3.12/site-packages/airflow/example_dags/plugins/event_listener.py took 0.026 seconds
[2026-09-17T21:18:44.547+0200] {processor.py:186} INFO - Started process (PID=91671) to work on /Users/swarnalidatta/Desktop/AutoQueryChatbot/.airflow-venv/lib/python3.12/site-packages/airflow/example_dags/plugins/event_listener.py
[2026-09-17T21:18:44.547+0200] {processor.py:914} INFO - Processing file /Users/swarnalidatta/Desktop/AutoQueryChatbot/.airflow-venv/lib/python3.12/site-packages/airflow/example_dags/plugins/event_listener.py for tasks to queue
[2026-09-17T21:18:44.548+0200] {logging_mixin.py:190} INFO - [2026-09-17T21:18:44.548+0200] {dagbag.py:588} INFO - Filling up the DagBag from /Users/swarnalidatta/Desktop/AutoQueryChatbot/.airflow-venv/lib/python3.12/site-packages/airflow/example_dags/plugins/event_listener.py
[2026-09-17T21:18:44.548+0200] {processor.py:927} WARNING - No viable dags retrieved from /Users/swarnalidatta/Desktop/AutoQueryChatbot/.airflow-venv/lib/python3.12/site-packages/airflow/example_dags/plugins/event_listener.py
[2026-09-17T21:18:44.573+0200] {processor.py:208} INFO - Processing /Users/swarnalidatta/Desktop/AutoQueryChatbot/.airflow-venv/lib/python3.12/site-packages/airflow/example_dags/plugins/event_listener.py took 0.027 seconds
[2026-09-17T21:19:55.561+0200] {processor.py:186} INFO - Started process (PID=91840) to work on /Users/swarnalidatta/Desktop/AutoQueryChatbot/.airflow-venv/lib/python3.12/site-packages/airflow/example_dags/plugins/event_listener.py
[2026-09-17T21:19:55.562+0200] {processor.py:914} INFO - Processing file /Users/swarnalidatta/Desktop/AutoQueryChatbot/.airflow-venv/lib/python3.12/site-packages/airflow/example_dags/plugins/event_listener.py for tasks to queue
[2026-09-17T21:19:55.562+0200] {logging_mixin.py:190} INFO - [2026-09-17T21:19:55.562+0200] {dagbag.py:588} INFO - Filling up the DagBag from /Users/swarnalidatta/Desktop/AutoQueryChatbot/.airflow-venv/lib/python3.12/site-packages/airflow/example_dags/plugins/event_listener.py
[2026-09-17T21:19:55.562+0200] {processor.py:927} WARNING - No viable dags retrieved from /Users/swarnalidatta/Desktop/AutoQueryChatbot/.airflow-venv/lib/python3.12/site-packages/airflow/example_dags/plugins/event_listener.py
[2026-09-17T21:19:55.586+0200] {processor.py:208} INFO - Processing /Users/swarnalidatta/Desktop/AutoQueryChatbot/.airflow-venv/lib/python3.12/site-packages/airflow/example_dags/plugins/event_listener.py took 0.026 seconds
[2026-09-17T21:21:03.231+0200] {processor.py:186} INFO - Started process (PID=92429) to work on /Users/swarnalidatta/Desktop/AutoQueryChatbot/.airflow-venv/lib/python3.12/site-packages/airflow/example_dags/plugins/event_listener.py
[2026-09-17T21:21:03.232+0200] {processor.py:914} INFO - Processing file /Users/swarnalidatta/Desktop/AutoQueryChatbot/.airflow-venv/lib/python3.12/site-packages/airflow/example_dags/plugins/event_listener.py for tasks to queue
[2026-09-17T21:21:03.232+0200] {logging_mixin.py:190} INFO - [2026-09-17T21:21:03.232+0200] {dagbag.py:588} INFO - Filling up the DagBag from /Users/swarnalidatta/Desktop/AutoQueryChatbot/.airflow-venv/lib/python3.12/site-packages/airflow/example_dags/plugins/event_listener.py
[2026-09-17T21:21:03.232+0200] {processor.py:927} WARNING - No viable dags retrieved from /Users/swarnalidatta/Desktop/AutoQueryChatbot/.airflow-venv/lib/python3.12/site-packages/airflow/example_dags/plugins/event_listener.py
[2026-09-17T21:21:03.256+0200] {processor.py:208} INFO - Processing /Users/swarnalidatta/Desktop/AutoQueryChatbot/.airflow-venv/lib/python3.12/site-packages/airflow/example_dags/plugins/event_listener.py took 0.026 seconds
[2026-09-17T21:22:08.143+0200] {processor.py:186} INFO - Started process (PID=92586) to work on /Users/swarnalidatta/Desktop/AutoQueryChatbot/.airflow-venv/lib/python3.12/site-packages/airflow/example_dags/plugins/event_listener.py
[2026-09-17T21:22:08.143+0200] {processor.py:914} INFO - Processing file /Users/swarnalidatta/Desktop/AutoQueryChatbot/.airflow-venv/lib/python3.12/site-packages/airflow/example_dags/plugins/event_listener.py for tasks to queue
[2026-09-17T21:22:08.144+0200] {logging_mixin.py:190} INFO - [2026-09-17T21:22:08.143+0200] {dagbag.py:588} INFO - Filling up the DagBag from /Users/swarnalidatta/Desktop/AutoQueryChatbot/.airflow-venv/lib/python3.12/site-packages/airflow/example_dags/plugins/event_listener.py
[2026-09-17T21:22:08.144+0200] {processor.py:927} WARNING - No viable dags retrieved from /Users/swarnalidatta/Desktop/AutoQueryChatbot/.airflow-venv/lib/python3.12/site-packages/airflow/example_dags/plugins/event_listener.py
[2026-09-17T21:22:08.169+0200] {processor.py:208} INFO - Processing /Users/swarnalidatta/Desktop/AutoQueryChatbot/.airflow-venv/lib/python3.12/site-packages/airflow/example_dags/plugins/event_listener.py took 0.027 seconds
[2026-09-17T21:23:11.398+0200] {processor.py:186} INFO - Started process (PID=92733) to work on /Users/swarnalidatta/Desktop/AutoQueryChatbot/.airflow-venv/lib/python3.12/site-packages/airflow/example_dags/plugins/event_listener.py
[2026-09-17T21:23:11.399+0200] {processor.py:914} INFO - Processing file /Users/swarnalidatta/Desktop/AutoQueryChatbot/.airflow-venv/lib/python3.12/site-packages/airflow/example_dags/plugins/event_listener.py for tasks to queue
[2026-09-17T21:23:11.399+0200] {logging_mixin.py:190} INFO - [2026-09-17T21:23:11.399+0200] {dagbag.py:588} INFO - Filling up the DagBag from /Users/swarnalidatta/Desktop/AutoQueryChatbot/.airflow-venv/lib/python3.12/site-packages/airflow/example_dags/plugins/event_listener.py
[2026-09-17T21:23:11.399+0200] {processor.py:927} WARNING - No viable dags retrieved from /Users/swarnalidatta/Desktop/AutoQueryChatbot/.airflow-venv/lib/python3.12/site-packages/airflow/example_dags/plugins/event_listener.py
[2026-09-17T21:23:11.425+0200] {processor.py:208} INFO - Processing /Users/swarnalidatta/Desktop/AutoQueryChatbot/.airflow-venv/lib/python3.12/site-packages/airflow/example_dags/plugins/event_listener.py took 0.028 seconds
[2026-09-17T21:24:13.185+0200] {processor.py:186} INFO - Started process (PID=92873) to work on /Users/swarnalidatta/Desktop/AutoQueryChatbot/.airflow-venv/lib/python3.12/site-packages/airflow/example_dags/plugins/event_listener.py
[2026-09-17T21:24:13.186+0200] {processor.py:914} INFO - Processing file /Users/swarnalidatta/Desktop/AutoQueryChatbot/.airflow-venv/lib/python3.12/site-packages/airflow/example_dags/plugins/event_listener.py for tasks to queue
[2026-09-17T21:24:13.186+0200] {logging_mixin.py:190} INFO - [2026-09-17T21:24:13.186+0200] {dagbag.py:588} INFO - Filling up the DagBag from /Users/swarnalidatta/Desktop/AutoQueryChatbot/.airflow-venv/lib/python3.12/site-packages/airflow/example_dags/plugins/event_listener.py
[2026-09-17T21:24:13.186+0200] {processor.py:927} WARNING - No viable dags retrieved from /Users/swarnalidatta/Desktop/AutoQueryChatbot/.airflow-venv/lib/python3.12/site-packages/airflow/example_dags/plugins/event_listener.py
[2026-09-17T21:24:13.210+0200] {processor.py:208} INFO - Processing /Users/swarnalidatta/Desktop/AutoQueryChatbot/.airflow-venv/lib/python3.12/site-packages/airflow/example_dags/plugins/event_listener.py took 0.026 seconds
[2026-09-17T21:25:16.382+0200] {processor.py:186} INFO - Started process (PID=93027) to work on /Users/swarnalidatta/Desktop/AutoQueryChatbot/.airflow-venv/lib/python3.12/site-packages/airflow/example_dags/plugins/event_listener.py
[2026-09-17T21:25:16.382+0200] {processor.py:914} INFO - Processing file /Users/swarnalidatta/Desktop/AutoQueryChatbot/.airflow-venv/lib/python3.12/site-packages/airflow/example_dags/plugins/event_listener.py for tasks to queue
[2026-09-17T21:25:16.382+0200] {logging_mixin.py:190} INFO - [2026-09-17T21:25:16.382+0200] {dagbag.py:588} INFO - Filling up the DagBag from /Users/swarnalidatta/Desktop/AutoQueryChatbot/.airflow-venv/lib/python3.12/site-packages/airflow/example_dags/plugins/event_listener.py
[2026-09-17T21:25:16.383+0200] {processor.py:927} WARNING - No viable dags retrieved from /Users/swarnalidatta/Desktop/AutoQueryChatbot/.airflow-venv/lib/python3.12/site-packages/airflow/example_dags/plugins/event_listener.py
[2026-09-17T21:25:16.407+0200] {processor.py:208} INFO - Processing /Users/swarnalidatta/Desktop/AutoQueryChatbot/.airflow-venv/lib/python3.12/site-packages/airflow/example_dags/plugins/event_listener.py took 0.026 seconds
[2026-09-17T21:26:22.227+0200] {processor.py:186} INFO - Started process (PID=93174) to work on /Users/swarnalidatta/Desktop/AutoQueryChatbot/.airflow-venv/lib/python3.12/site-packages/airflow/example_dags/plugins/event_listener.py
[2026-09-17T21:26:22.227+0200] {processor.py:914} INFO - Processing file /Users/swarnalidatta/Desktop/AutoQueryChatbot/.airflow-venv/lib/python3.12/site-packages/airflow/example_dags/plugins/event_listener.py for tasks to queue
[2026-09-17T21:26:22.227+0200] {logging_mixin.py:190} INFO - [2026-09-17T21:26:22.227+0200] {dagbag.py:588} INFO - Filling up the DagBag from /Users/swarnalidatta/Desktop/AutoQueryChatbot/.airflow-venv/lib/python3.12/site-packages/airflow/example_dags/plugins/event_listener.py
[2026-09-17T21:26:22.228+0200] {processor.py:927} WARNING - No viable dags retrieved from /Users/swarnalidatta/Desktop/AutoQueryChatbot/.airflow-venv/lib/python3.12/site-packages/airflow/example_dags/plugins/event_listener.py
[2026-09-17T21:26:22.252+0200] {processor.py:208} INFO - Processing /Users/swarnalidatta/Desktop/AutoQueryChatbot/.airflow-venv/lib/python3.12/site-packages/airflow/example_dags/plugins/event_listener.py took 0.026 seconds
[2026-09-17T21:27:29.498+0200] {processor.py:186} INFO - Started process (PID=93329) to work on /Users/swarnalidatta/Desktop/AutoQueryChatbot/.airflow-venv/lib/python3.12/site-packages/airflow/example_dags/plugins/event_listener.py
[2026-09-17T21:27:29.498+0200] {processor.py:914} INFO - Processing file /Users/swarnalidatta/Desktop/AutoQueryChatbot/.airflow-venv/lib/python3.12/site-packages/airflow/example_dags/plugins/event_listener.py for tasks to queue
[2026-09-17T21:27:29.499+0200] {logging_mixin.py:190} INFO - [2026-09-17T21:27:29.499+0200] {dagbag.py:588} INFO - Filling up the DagBag from /Users/swarnalidatta/Desktop/AutoQueryChatbot/.airflow-venv/lib/python3.12/site-packages/airflow/example_dags/plugins/event_listener.py
[2026-09-17T21:27:29.499+0200] {processor.py:927} WARNING - No viable dags retrieved from /Users/swarnalidatta/Desktop/AutoQueryChatbot/.airflow-venv/lib/python3.12/site-packages/airflow/example_dags/plugins/event_listener.py
[2026-09-17T21:27:29.523+0200] {processor.py:208} INFO - Processing /Users/swarnalidatta/Desktop/AutoQueryChatbot/.airflow-venv/lib/python3.12/site-packages/airflow/example_dags/plugins/event_listener.py took 0.027 seconds
[2026-09-17T21:28:33.331+0200] {processor.py:186} INFO - Started process (PID=93483) to work on /Users/swarnalidatta/Desktop/AutoQueryChatbot/.airflow-venv/lib/python3.12/site-packages/airflow/example_dags/plugins/event_listener.py
[2026-09-17T21:28:33.332+0200] {processor.py:914} INFO - Processing file /Users/swarnalidatta/Desktop/AutoQueryChatbot/.airflow-venv/lib/python3.12/site-packages/airflow/example_dags/plugins/event_listener.py for tasks to queue
[2026-09-17T21:28:33.332+0200] {logging_mixin.py:190} INFO - [2026-09-17T21:28:33.332+0200] {dagbag.py:588} INFO - Filling up the DagBag from /Users/swarnalidatta/Desktop/AutoQueryChatbot/.airflow-venv/lib/python3.12/site-packages/airflow/example_dags/plugins/event_listener.py
[2026-09-17T21:28:33.332+0200] {processor.py:927} WARNING - No viable dags retrieved from /Users/swarnalidatta/Desktop/AutoQueryChatbot/.airflow-venv/lib/python3.12/site-packages/airflow/example_dags/plugins/event_listener.py
[2026-09-17T21:28:33.357+0200] {processor.py:208} INFO - Processing /Users/swarnalidatta/Desktop/AutoQueryChatbot/.airflow-venv/lib/python3.12/site-packages/airflow/example_dags/plugins/event_listener.py took 0.027 seconds
[2026-09-17T21:29:37.902+0200] {processor.py:186} INFO - Started process (PID=93635) to work on /Users/swarnalidatta/Desktop/AutoQueryChatbot/.airflow-venv/lib/python3.12/site-packages/airflow/example_dags/plugins/event_listener.py
[2026-09-17T21:29:37.903+0200] {processor.py:914} INFO - Processing file /Users/swarnalidatta/Desktop/AutoQueryChatbot/.airflow-venv/lib/python3.12/site-packages/airflow/example_dags/plugins/event_listener.py for tasks to queue
[2026-09-17T21:29:37.903+0200] {logging_mixin.py:190} INFO - [2026-09-17T21:29:37.903+0200] {dagbag.py:588} INFO - Filling up the DagBag from /Users/swarnalidatta/Desktop/AutoQueryChatbot/.airflow-venv/lib/python3.12/site-packages/airflow/example_dags/plugins/event_listener.py
[2026-09-17T21:29:37.903+0200] {processor.py:927} WARNING - No viable dags retrieved from /Users/swarnalidatta/Desktop/AutoQueryChatbot/.airflow-venv/lib/python3.12/site-packages/airflow/example_dags/plugins/event_listener.py
[2026-09-17T21:29:37.927+0200] {processor.py:208} INFO - Processing /Users/swarnalidatta/Desktop/AutoQueryChatbot/.airflow-venv/lib/python3.12/site-packages/airflow/example_dags/plugins/event_listener.py took 0.026 seconds
[2026-09-17T21:30:44.467+0200] {processor.py:186} INFO - Started process (PID=93782) to work on /Users/swarnalidatta/Desktop/AutoQueryChatbot/.airflow-venv/lib/python3.12/site-packages/airflow/example_dags/plugins/event_listener.py
[2026-09-17T21:30:44.467+0200] {processor.py:914} INFO - Processing file /Users/swarnalidatta/Desktop/AutoQueryChatbot/.airflow-venv/lib/python3.12/site-packages/airflow/example_dags/plugins/event_listener.py for tasks to queue
[2026-09-17T21:30:44.468+0200] {logging_mixin.py:190} INFO - [2026-09-17T21:30:44.468+0200] {dagbag.py:588} INFO - Filling up the DagBag from /Users/swarnalidatta/Desktop/AutoQueryChatbot/.airflow-venv/lib/python3.12/site-packages/airflow/example_dags/plugins/event_listener.py
[2026-09-17T21:30:44.468+0200] {processor.py:927} WARNING - No viable dags retrieved from /Users/swarnalidatta/Desktop/AutoQueryChatbot/.airflow-venv/lib/python3.12/site-packages/airflow/example_dags/plugins/event_listener.py
[2026-09-17T21:30:44.493+0200] {processor.py:208} INFO - Processing /Users/swarnalidatta/Desktop/AutoQueryChatbot/.airflow-venv/lib/python3.12/site-packages/airflow/example_dags/plugins/event_listener.py took 0.027 seconds
[2026-09-17T21:31:51.211+0200] {processor.py:186} INFO - Started process (PID=93941) to work on /Users/swarnalidatta/Desktop/AutoQueryChatbot/.airflow-venv/lib/python3.12/site-packages/airflow/example_dags/plugins/event_listener.py
[2026-09-17T21:31:51.212+0200] {processor.py:914} INFO - Processing file /Users/swarnalidatta/Desktop/AutoQueryChatbot/.airflow-venv/lib/python3.12/site-packages/airflow/example_dags/plugins/event_listener.py for tasks to queue
[2026-09-17T21:31:51.212+0200] {logging_mixin.py:190} INFO - [2026-09-17T21:31:51.212+0200] {dagbag.py:588} INFO - Filling up the DagBag from /Users/swarnalidatta/Desktop/AutoQueryChatbot/.airflow-venv/lib/python3.12/site-packages/airflow/example_dags/plugins/event_listener.py
[2026-09-17T21:31:51.213+0200] {processor.py:927} WARNING - No viable dags retrieved from /Users/swarnalidatta/Desktop/AutoQueryChatbot/.airflow-venv/lib/python3.12/site-packages/airflow/example_dags/plugins/event_listener.py
[2026-09-17T21:31:51.237+0200] {processor.py:208} INFO - Processing /Users/swarnalidatta/Desktop/AutoQueryChatbot/.airflow-venv/lib/python3.12/site-packages/airflow/example_dags/plugins/event_listener.py took 0.026 seconds
[2026-09-17T21:32:56.252+0200] {processor.py:186} INFO - Started process (PID=94099) to work on /Users/swarnalidatta/Desktop/AutoQueryChatbot/.airflow-venv/lib/python3.12/site-packages/airflow/example_dags/plugins/event_listener.py
[2026-09-17T21:32:56.253+0200] {processor.py:914} INFO - Processing file /Users/swarnalidatta/Desktop/AutoQueryChatbot/.airflow-venv/lib/python3.12/site-packages/airflow/example_dags/plugins/event_listener.py for tasks to queue
[2026-09-17T21:32:56.253+0200] {logging_mixin.py:190} INFO - [2026-09-17T21:32:56.253+0200] {dagbag.py:588} INFO - Filling up the DagBag from /Users/swarnalidatta/Desktop/AutoQueryChatbot/.airflow-venv/lib/python3.12/site-packages/airflow/example_dags/plugins/event_listener.py
[2026-09-17T21:32:56.253+0200] {processor.py:927} WARNING - No viable dags retrieved from /Users/swarnalidatta/Desktop/AutoQueryChatbot/.airflow-venv/lib/python3.12/site-packages/airflow/example_dags/plugins/event_listener.py
[2026-09-17T21:32:56.278+0200] {processor.py:208} INFO - Processing /Users/swarnalidatta/Desktop/AutoQueryChatbot/.airflow-venv/lib/python3.12/site-packages/airflow/example_dags/plugins/event_listener.py took 0.026 seconds
[2026-09-17T21:34:04.367+0200] {processor.py:186} INFO - Started process (PID=94264) to work on /Users/swarnalidatta/Desktop/AutoQueryChatbot/.airflow-venv/lib/python3.12/site-packages/airflow/example_dags/plugins/event_listener.py
[2026-09-17T21:34:04.367+0200] {processor.py:914} INFO - Processing file /Users/swarnalidatta/Desktop/AutoQueryChatbot/.airflow-venv/lib/python3.12/site-packages/airflow/example_dags/plugins/event_listener.py for tasks to queue
[2026-09-17T21:34:04.367+0200] {logging_mixin.py:190} INFO - [2026-09-17T21:34:04.367+0200] {dagbag.py:588} INFO - Filling up the DagBag from /Users/swarnalidatta/Desktop/AutoQueryChatbot/.airflow-venv/lib/python3.12/site-packages/airflow/example_dags/plugins/event_listener.py
[2026-09-17T21:34:04.368+0200] {processor.py:927} WARNING - No viable dags retrieved from /Users/swarnalidatta/Desktop/AutoQueryChatbot/.airflow-venv/lib/python3.12/site-packages/airflow/example_dags/plugins/event_listener.py
[2026-09-17T21:34:04.392+0200] {processor.py:208} INFO - Processing /Users/swarnalidatta/Desktop/AutoQueryChatbot/.airflow-venv/lib/python3.12/site-packages/airflow/example_dags/plugins/event_listener.py took 0.026 seconds
[2026-09-17T21:35:07.983+0200] {processor.py:186} INFO - Started process (PID=94413) to work on /Users/swarnalidatta/Desktop/AutoQueryChatbot/.airflow-venv/lib/python3.12/site-packages/airflow/example_dags/plugins/event_listener.py
[2026-09-17T21:35:07.983+0200] {processor.py:914} INFO - Processing file /Users/swarnalidatta/Desktop/AutoQueryChatbot/.airflow-venv/lib/python3.12/site-packages/airflow/example_dags/plugins/event_listener.py for tasks to queue
[2026-09-17T21:35:07.984+0200] {logging_mixin.py:190} INFO - [2026-09-17T21:35:07.984+0200] {dagbag.py:588} INFO - Filling up the DagBag from /Users/swarnalidatta/Desktop/AutoQueryChatbot/.airflow-venv/lib/python3.12/site-packages/airflow/example_dags/plugins/event_listener.py
[2026-09-17T21:35:07.984+0200] {processor.py:927} WARNING - No viable dags retrieved from /Users/swarnalidatta/Desktop/AutoQueryChatbot/.airflow-venv/lib/python3.12/site-packages/airflow/example_dags/plugins/event_listener.py
[2026-09-17T21:35:08.008+0200] {processor.py:208} INFO - Processing /Users/swarnalidatta/Desktop/AutoQueryChatbot/.airflow-venv/lib/python3.12/site-packages/airflow/example_dags/plugins/event_listener.py took 0.026 seconds
[2026-09-17T21:36:13.189+0200] {processor.py:186} INFO - Started process (PID=94566) to work on /Users/swarnalidatta/Desktop/AutoQueryChatbot/.airflow-venv/lib/python3.12/site-packages/airflow/example_dags/plugins/event_listener.py
[2026-09-17T21:36:13.189+0200] {processor.py:914} INFO - Processing file /Users/swarnalidatta/Desktop/AutoQueryChatbot/.airflow-venv/lib/python3.12/site-packages/airflow/example_dags/plugins/event_listener.py for tasks to queue
[2026-09-17T21:36:13.190+0200] {logging_mixin.py:190} INFO - [2026-09-17T21:36:13.190+0200] {dagbag.py:588} INFO - Filling up the DagBag from /Users/swarnalidatta/Desktop/AutoQueryChatbot/.airflow-venv/lib/python3.12/site-packages/airflow/example_dags/plugins/event_listener.py
[2026-09-17T21:36:13.190+0200] {processor.py:927} WARNING - No viable dags retrieved from /Users/swarnalidatta/Desktop/AutoQueryChatbot/.airflow-venv/lib/python3.12/site-packages/airflow/example_dags/plugins/event_listener.py
[2026-09-17T21:36:13.215+0200] {processor.py:208} INFO - Processing /Users/swarnalidatta/Desktop/AutoQueryChatbot/.airflow-venv/lib/python3.12/site-packages/airflow/example_dags/plugins/event_listener.py took 0.027 seconds
[2026-09-17T21:37:17.777+0200] {processor.py:186} INFO - Started process (PID=94713) to work on /Users/swarnalidatta/Desktop/AutoQueryChatbot/.airflow-venv/lib/python3.12/site-packages/airflow/example_dags/plugins/event_listener.py
[2026-09-17T21:37:17.778+0200] {processor.py:914} INFO - Processing file /Users/swarnalidatta/Desktop/AutoQueryChatbot/.airflow-venv/lib/python3.12/site-packages/airflow/example_dags/plugins/event_listener.py for tasks to queue
[2026-09-17T21:37:17.778+0200] {logging_mixin.py:190} INFO - [2026-09-17T21:37:17.778+0200] {dagbag.py:588} INFO - Filling up the DagBag from /Users/swarnalidatta/Desktop/AutoQueryChatbot/.airflow-venv/lib/python3.12/site-packages/airflow/example_dags/plugins/event_listener.py
[2026-09-17T21:37:17.778+0200] {processor.py:927} WARNING - No viable dags retrieved from /Users/swarnalidatta/Desktop/AutoQueryChatbot/.airflow-venv/lib/python3.12/site-packages/airflow/example_dags/plugins/event_listener.py
[2026-09-17T21:37:17.803+0200] {processor.py:208} INFO - Processing /Users/swarnalidatta/Desktop/AutoQueryChatbot/.airflow-venv/lib/python3.12/site-packages/airflow/example_dags/plugins/event_listener.py took 0.026 seconds
[2026-09-17T21:39:23.877+0200] {processor.py:186} INFO - Started process (PID=94867) to work on /Users/swarnalidatta/Desktop/AutoQueryChatbot/.airflow-venv/lib/python3.12/site-packages/airflow/example_dags/plugins/event_listener.py
[2026-09-17T21:39:23.877+0200] {processor.py:914} INFO - Processing file /Users/swarnalidatta/Desktop/AutoQueryChatbot/.airflow-venv/lib/python3.12/site-packages/airflow/example_dags/plugins/event_listener.py for tasks to queue
[2026-09-17T21:39:23.878+0200] {logging_mixin.py:190} INFO - [2026-09-17T21:39:23.878+0200] {dagbag.py:588} INFO - Filling up the DagBag from /Users/swarnalidatta/Desktop/AutoQueryChatbot/.airflow-venv/lib/python3.12/site-packages/airflow/example_dags/plugins/event_listener.py
[2026-09-17T21:39:23.878+0200] {processor.py:927} WARNING - No viable dags retrieved from /Users/swarnalidatta/Desktop/AutoQueryChatbot/.airflow-venv/lib/python3.12/site-packages/airflow/example_dags/plugins/event_listener.py
[2026-09-17T21:39:23.901+0200] {processor.py:208} INFO - Processing /Users/swarnalidatta/Desktop/AutoQueryChatbot/.airflow-venv/lib/python3.12/site-packages/airflow/example_dags/plugins/event_listener.py took 0.025 seconds
[2026-09-17T21:48:37.481+0200] {processor.py:186} INFO - Started process (PID=95018) to work on /Users/swarnalidatta/Desktop/AutoQueryChatbot/.airflow-venv/lib/python3.12/site-packages/airflow/example_dags/plugins/event_listener.py
[2026-09-17T21:48:37.481+0200] {processor.py:914} INFO - Processing file /Users/swarnalidatta/Desktop/AutoQueryChatbot/.airflow-venv/lib/python3.12/site-packages/airflow/example_dags/plugins/event_listener.py for tasks to queue
[2026-09-17T21:48:37.481+0200] {logging_mixin.py:190} INFO - [2026-09-17T21:48:37.481+0200] {dagbag.py:588} INFO - Filling up the DagBag from /Users/swarnalidatta/Desktop/AutoQueryChatbot/.airflow-venv/lib/python3.12/site-packages/airflow/example_dags/plugins/event_listener.py
[2026-09-17T21:48:37.482+0200] {processor.py:927} WARNING - No viable dags retrieved from /Users/swarnalidatta/Desktop/AutoQueryChatbot/.airflow-venv/lib/python3.12/site-packages/airflow/example_dags/plugins/event_listener.py
[2026-09-17T21:48:37.505+0200] {processor.py:208} INFO - Processing /Users/swarnalidatta/Desktop/AutoQueryChatbot/.airflow-venv/lib/python3.12/site-packages/airflow/example_dags/plugins/event_listener.py took 0.026 seconds
[2026-09-17T21:49:42.663+0200] {processor.py:186} INFO - Started process (PID=95171) to work on /Users/swarnalidatta/Desktop/AutoQueryChatbot/.airflow-venv/lib/python3.12/site-packages/airflow/example_dags/plugins/event_listener.py
[2026-09-17T21:49:42.663+0200] {processor.py:914} INFO - Processing file /Users/swarnalidatta/Desktop/AutoQueryChatbot/.airflow-venv/lib/python3.12/site-packages/airflow/example_dags/plugins/event_listener.py for tasks to queue
[2026-09-17T21:49:42.663+0200] {logging_mixin.py:190} INFO - [2026-09-17T21:49:42.663+0200] {dagbag.py:588} INFO - Filling up the DagBag from /Users/swarnalidatta/Desktop/AutoQueryChatbot/.airflow-venv/lib/python3.12/site-packages/airflow/example_dags/plugins/event_listener.py
[2026-09-17T21:49:42.664+0200] {processor.py:927} WARNING - No viable dags retrieved from /Users/swarnalidatta/Desktop/AutoQueryChatbot/.airflow-venv/lib/python3.12/site-packages/airflow/example_dags/plugins/event_listener.py
[2026-09-17T21:49:42.688+0200] {processor.py:208} INFO - Processing /Users/swarnalidatta/Desktop/AutoQueryChatbot/.airflow-venv/lib/python3.12/site-packages/airflow/example_dags/plugins/event_listener.py took 0.027 seconds
[2026-09-17T21:50:47.671+0200] {processor.py:186} INFO - Started process (PID=95317) to work on /Users/swarnalidatta/Desktop/AutoQueryChatbot/.airflow-venv/lib/python3.12/site-packages/airflow/example_dags/plugins/event_listener.py
[2026-09-17T21:50:47.671+0200] {processor.py:914} INFO - Processing file /Users/swarnalidatta/Desktop/AutoQueryChatbot/.airflow-venv/lib/python3.12/site-packages/airflow/example_dags/plugins/event_listener.py for tasks to queue
[2026-09-17T21:50:47.671+0200] {logging_mixin.py:190} INFO - [2026-09-17T21:50:47.671+0200] {dagbag.py:588} INFO - Filling up the DagBag from /Users/swarnalidatta/Desktop/AutoQueryChatbot/.airflow-venv/lib/python3.12/site-packages/airflow/example_dags/plugins/event_listener.py
[2026-09-17T21:50:47.672+0200] {processor.py:927} WARNING - No viable dags retrieved from /Users/swarnalidatta/Desktop/AutoQueryChatbot/.airflow-venv/lib/python3.12/site-packages/airflow/example_dags/plugins/event_listener.py
[2026-09-17T21:50:47.695+0200] {processor.py:208} INFO - Processing /Users/swarnalidatta/Desktop/AutoQueryChatbot/.airflow-venv/lib/python3.12/site-packages/airflow/example_dags/plugins/event_listener.py took 0.025 seconds
[2026-09-17T21:51:50.433+0200] {processor.py:186} INFO - Started process (PID=95456) to work on /Users/swarnalidatta/Desktop/AutoQueryChatbot/.airflow-venv/lib/python3.12/site-packages/airflow/example_dags/plugins/event_listener.py
[2026-09-17T21:51:50.433+0200] {processor.py:914} INFO - Processing file /Users/swarnalidatta/Desktop/AutoQueryChatbot/.airflow-venv/lib/python3.12/site-packages/airflow/example_dags/plugins/event_listener.py for tasks to queue
[2026-09-17T21:51:50.433+0200] {logging_mixin.py:190} INFO - [2026-09-17T21:51:50.433+0200] {dagbag.py:588} INFO - Filling up the DagBag from /Users/swarnalidatta/Desktop/AutoQueryChatbot/.airflow-venv/lib/python3.12/site-packages/airflow/example_dags/plugins/event_listener.py
[2026-09-17T21:51:50.434+0200] {processor.py:927} WARNING - No viable dags retrieved from /Users/swarnalidatta/Desktop/AutoQueryChatbot/.airflow-venv/lib/python3.12/site-packages/airflow/example_dags/plugins/event_listener.py
[2026-09-17T21:51:50.458+0200] {processor.py:208} INFO - Processing /Users/swarnalidatta/Desktop/AutoQueryChatbot/.airflow-venv/lib/python3.12/site-packages/airflow/example_dags/plugins/event_listener.py took 0.026 seconds
[2026-09-17T21:52:53.498+0200] {processor.py:186} INFO - Started process (PID=95597) to work on /Users/swarnalidatta/Desktop/AutoQueryChatbot/.airflow-venv/lib/python3.12/site-packages/airflow/example_dags/plugins/event_listener.py
[2026-09-17T21:52:53.499+0200] {processor.py:914} INFO - Processing file /Users/swarnalidatta/Desktop/AutoQueryChatbot/.airflow-venv/lib/python3.12/site-packages/airflow/example_dags/plugins/event_listener.py for tasks to queue
[2026-09-17T21:52:53.499+0200] {logging_mixin.py:190} INFO - [2026-09-17T21:52:53.499+0200] {dagbag.py:588} INFO - Filling up the DagBag from /Users/swarnalidatta/Desktop/AutoQueryChatbot/.airflow-venv/lib/python3.12/site-packages/airflow/example_dags/plugins/event_listener.py
[2026-09-17T21:52:53.499+0200] {processor.py:927} WARNING - No viable dags retrieved from /Users/swarnalidatta/Desktop/AutoQueryChatbot/.airflow-venv/lib/python3.12/site-packages/airflow/example_dags/plugins/event_listener.py
[2026-09-17T21:52:53.524+0200] {processor.py:208} INFO - Processing /Users/swarnalidatta/Desktop/AutoQueryChatbot/.airflow-venv/lib/python3.12/site-packages/airflow/example_dags/plugins/event_listener.py took 0.027 seconds
[2026-09-17T21:54:00.221+0200] {processor.py:186} INFO - Started process (PID=95747) to work on /Users/swarnalidatta/Desktop/AutoQueryChatbot/.airflow-venv/lib/python3.12/site-packages/airflow/example_dags/plugins/event_listener.py
[2026-09-17T21:54:00.222+0200] {processor.py:914} INFO - Processing file /Users/swarnalidatta/Desktop/AutoQueryChatbot/.airflow-venv/lib/python3.12/site-packages/airflow/example_dags/plugins/event_listener.py for tasks to queue
[2026-09-17T21:54:00.222+0200] {logging_mixin.py:190} INFO - [2026-09-17T21:54:00.222+0200] {dagbag.py:588} INFO - Filling up the DagBag from /Users/swarnalidatta/Desktop/AutoQueryChatbot/.airflow-venv/lib/python3.12/site-packages/airflow/example_dags/plugins/event_listener.py
[2026-09-17T21:54:00.222+0200] {processor.py:927} WARNING - No viable dags retrieved from /Users/swarnalidatta/Desktop/AutoQueryChatbot/.airflow-venv/lib/python3.12/site-packages/airflow/example_dags/plugins/event_listener.py
[2026-09-17T21:54:00.246+0200] {processor.py:208} INFO - Processing /Users/swarnalidatta/Desktop/AutoQueryChatbot/.airflow-venv/lib/python3.12/site-packages/airflow/example_dags/plugins/event_listener.py took 0.026 seconds
[2026-09-17T21:55:05.273+0200] {processor.py:186} INFO - Started process (PID=95901) to work on /Users/swarnalidatta/Desktop/AutoQueryChatbot/.airflow-venv/lib/python3.12/site-packages/airflow/example_dags/plugins/event_listener.py
[2026-09-17T21:55:05.273+0200] {processor.py:914} INFO - Processing file /Users/swarnalidatta/Desktop/AutoQueryChatbot/.airflow-venv/lib/python3.12/site-packages/airflow/example_dags/plugins/event_listener.py for tasks to queue
[2026-09-17T21:55:05.273+0200] {logging_mixin.py:190} INFO - [2026-09-17T21:55:05.273+0200] {dagbag.py:588} INFO - Filling up the DagBag from /Users/swarnalidatta/Desktop/AutoQueryChatbot/.airflow-venv/lib/python3.12/site-packages/airflow/example_dags/plugins/event_listener.py
[2026-09-17T21:55:05.274+0200] {processor.py:927} WARNING - No viable dags retrieved from /Users/swarnalidatta/Desktop/AutoQueryChatbot/.airflow-venv/lib/python3.12/site-packages/airflow/example_dags/plugins/event_listener.py
[2026-09-17T21:55:05.298+0200] {processor.py:208} INFO - Processing /Users/swarnalidatta/Desktop/AutoQueryChatbot/.airflow-venv/lib/python3.12/site-packages/airflow/example_dags/plugins/event_listener.py took 0.026 seconds
[2026-09-17T21:56:08.104+0200] {processor.py:186} INFO - Started process (PID=96045) to work on /Users/swarnalidatta/Desktop/AutoQueryChatbot/.airflow-venv/lib/python3.12/site-packages/airflow/example_dags/plugins/event_listener.py
[2026-09-17T21:56:08.105+0200] {processor.py:914} INFO - Processing file /Users/swarnalidatta/Desktop/AutoQueryChatbot/.airflow-venv/lib/python3.12/site-packages/airflow/example_dags/plugins/event_listener.py for tasks to queue
[2026-09-17T21:56:08.105+0200] {logging_mixin.py:190} INFO - [2026-09-17T21:56:08.105+0200] {dagbag.py:588} INFO - Filling up the DagBag from /Users/swarnalidatta/Desktop/AutoQueryChatbot/.airflow-venv/lib/python3.12/site-packages/airflow/example_dags/plugins/event_listener.py
[2026-09-17T21:56:08.105+0200] {processor.py:927} WARNING - No viable dags retrieved from /Users/swarnalidatta/Desktop/AutoQueryChatbot/.airflow-venv/lib/python3.12/site-packages/airflow/example_dags/plugins/event_listener.py
[2026-09-17T21:56:08.130+0200] {processor.py:208} INFO - Processing /Users/swarnalidatta/Desktop/AutoQueryChatbot/.airflow-venv/lib/python3.12/site-packages/airflow/example_dags/plugins/event_listener.py took 0.026 seconds
[2026-09-17T21:57:13.411+0200] {processor.py:186} INFO - Started process (PID=96195) to work on /Users/swarnalidatta/Desktop/AutoQueryChatbot/.airflow-venv/lib/python3.12/site-packages/airflow/example_dags/plugins/event_listener.py
[2026-09-17T21:57:13.411+0200] {processor.py:914} INFO - Processing file /Users/swarnalidatta/Desktop/AutoQueryChatbot/.airflow-venv/lib/python3.12/site-packages/airflow/example_dags/plugins/event_listener.py for tasks to queue
[2026-09-17T21:57:13.411+0200] {logging_mixin.py:190} INFO - [2026-09-17T21:57:13.411+0200] {dagbag.py:588} INFO - Filling up the DagBag from /Users/swarnalidatta/Desktop/AutoQueryChatbot/.airflow-venv/lib/python3.12/site-packages/airflow/example_dags/plugins/event_listener.py
[2026-09-17T21:57:13.412+0200] {processor.py:927} WARNING - No viable dags retrieved from /Users/swarnalidatta/Desktop/AutoQueryChatbot/.airflow-venv/lib/python3.12/site-packages/airflow/example_dags/plugins/event_listener.py
[2026-09-17T21:57:13.436+0200] {processor.py:208} INFO - Processing /Users/swarnalidatta/Desktop/AutoQueryChatbot/.airflow-venv/lib/python3.12/site-packages/airflow/example_dags/plugins/event_listener.py took 0.026 seconds
[2026-09-17T21:58:17.436+0200] {processor.py:186} INFO - Started process (PID=96336) to work on /Users/swarnalidatta/Desktop/AutoQueryChatbot/.airflow-venv/lib/python3.12/site-packages/airflow/example_dags/plugins/event_listener.py
[2026-09-17T21:58:17.436+0200] {processor.py:914} INFO - Processing file /Users/swarnalidatta/Desktop/AutoQueryChatbot/.airflow-venv/lib/python3.12/site-packages/airflow/example_dags/plugins/event_listener.py for tasks to queue
[2026-09-17T21:58:17.437+0200] {logging_mixin.py:190} INFO - [2026-09-17T21:58:17.437+0200] {dagbag.py:588} INFO - Filling up the DagBag from /Users/swarnalidatta/Desktop/AutoQueryChatbot/.airflow-venv/lib/python3.12/site-packages/airflow/example_dags/plugins/event_listener.py
[2026-09-17T21:58:17.437+0200] {processor.py:927} WARNING - No viable dags retrieved from /Users/swarnalidatta/Desktop/AutoQueryChatbot/.airflow-venv/lib/python3.12/site-packages/airflow/example_dags/plugins/event_listener.py
[2026-09-17T21:58:17.462+0200] {processor.py:208} INFO - Processing /Users/swarnalidatta/Desktop/AutoQueryChatbot/.airflow-venv/lib/python3.12/site-packages/airflow/example_dags/plugins/event_listener.py took 0.027 seconds
[2026-09-17T21:59:20.753+0200] {processor.py:186} INFO - Started process (PID=96480) to work on /Users/swarnalidatta/Desktop/AutoQueryChatbot/.airflow-venv/lib/python3.12/site-packages/airflow/example_dags/plugins/event_listener.py
[2026-09-17T21:59:20.753+0200] {processor.py:914} INFO - Processing file /Users/swarnalidatta/Desktop/AutoQueryChatbot/.airflow-venv/lib/python3.12/site-packages/airflow/example_dags/plugins/event_listener.py for tasks to queue
[2026-09-17T21:59:20.753+0200] {logging_mixin.py:190} INFO - [2026-09-17T21:59:20.753+0200] {dagbag.py:588} INFO - Filling up the DagBag from /Users/swarnalidatta/Desktop/AutoQueryChatbot/.airflow-venv/lib/python3.12/site-packages/airflow/example_dags/plugins/event_listener.py
[2026-09-17T21:59:20.754+0200] {processor.py:927} WARNING - No viable dags retrieved from /Users/swarnalidatta/Desktop/AutoQueryChatbot/.airflow-venv/lib/python3.12/site-packages/airflow/example_dags/plugins/event_listener.py
[2026-09-17T21:59:20.778+0200] {processor.py:208} INFO - Processing /Users/swarnalidatta/Desktop/AutoQueryChatbot/.airflow-venv/lib/python3.12/site-packages/airflow/example_dags/plugins/event_listener.py took 0.026 seconds
[2026-09-17T22:00:26.657+0200] {processor.py:186} INFO - Started process (PID=96635) to work on /Users/swarnalidatta/Desktop/AutoQueryChatbot/.airflow-venv/lib/python3.12/site-packages/airflow/example_dags/plugins/event_listener.py
[2026-09-17T22:00:26.657+0200] {processor.py:914} INFO - Processing file /Users/swarnalidatta/Desktop/AutoQueryChatbot/.airflow-venv/lib/python3.12/site-packages/airflow/example_dags/plugins/event_listener.py for tasks to queue
[2026-09-17T22:00:26.658+0200] {logging_mixin.py:190} INFO - [2026-09-17T22:00:26.657+0200] {dagbag.py:588} INFO - Filling up the DagBag from /Users/swarnalidatta/Desktop/AutoQueryChatbot/.airflow-venv/lib/python3.12/site-packages/airflow/example_dags/plugins/event_listener.py
[2026-09-17T22:00:26.658+0200] {processor.py:927} WARNING - No viable dags retrieved from /Users/swarnalidatta/Desktop/AutoQueryChatbot/.airflow-venv/lib/python3.12/site-packages/airflow/example_dags/plugins/event_listener.py
[2026-09-17T22:00:26.682+0200] {processor.py:208} INFO - Processing /Users/swarnalidatta/Desktop/AutoQueryChatbot/.airflow-venv/lib/python3.12/site-packages/airflow/example_dags/plugins/event_listener.py took 0.026 seconds
[2026-09-17T22:20:33.610+0200] {processor.py:186} INFO - Started process (PID=96852) to work on /Users/swarnalidatta/Desktop/AutoQueryChatbot/.airflow-venv/lib/python3.12/site-packages/airflow/example_dags/plugins/event_listener.py
[2026-09-17T22:20:33.612+0200] {processor.py:914} INFO - Processing file /Users/swarnalidatta/Desktop/AutoQueryChatbot/.airflow-venv/lib/python3.12/site-packages/airflow/example_dags/plugins/event_listener.py for tasks to queue
[2026-09-17T22:20:33.612+0200] {logging_mixin.py:190} INFO - [2026-09-17T22:20:33.612+0200] {dagbag.py:588} INFO - Filling up the DagBag from /Users/swarnalidatta/Desktop/AutoQueryChatbot/.airflow-venv/lib/python3.12/site-packages/airflow/example_dags/plugins/event_listener.py
[2026-09-17T22:20:33.612+0200] {processor.py:927} WARNING - No viable dags retrieved from /Users/swarnalidatta/Desktop/AutoQueryChatbot/.airflow-venv/lib/python3.12/site-packages/airflow/example_dags/plugins/event_listener.py
[2026-09-17T22:20:33.635+0200] {processor.py:208} INFO - Processing /Users/swarnalidatta/Desktop/AutoQueryChatbot/.airflow-venv/lib/python3.12/site-packages/airflow/example_dags/plugins/event_listener.py took 0.026 seconds
[2026-09-17T22:37:12.685+0200] {processor.py:186} INFO - Started process (PID=97065) to work on /Users/swarnalidatta/Desktop/AutoQueryChatbot/.airflow-venv/lib/python3.12/site-packages/airflow/example_dags/plugins/event_listener.py
[2026-09-17T22:37:12.686+0200] {processor.py:914} INFO - Processing file /Users/swarnalidatta/Desktop/AutoQueryChatbot/.airflow-venv/lib/python3.12/site-packages/airflow/example_dags/plugins/event_listener.py for tasks to queue
[2026-09-17T22:37:12.686+0200] {logging_mixin.py:190} INFO - [2026-09-17T22:37:12.686+0200] {dagbag.py:588} INFO - Filling up the DagBag from /Users/swarnalidatta/Desktop/AutoQueryChatbot/.airflow-venv/lib/python3.12/site-packages/airflow/example_dags/plugins/event_listener.py
[2026-09-17T22:37:12.687+0200] {processor.py:927} WARNING - No viable dags retrieved from /Users/swarnalidatta/Desktop/AutoQueryChatbot/.airflow-venv/lib/python3.12/site-packages/airflow/example_dags/plugins/event_listener.py
[2026-09-17T22:37:12.710+0200] {processor.py:208} INFO - Processing /Users/swarnalidatta/Desktop/AutoQueryChatbot/.airflow-venv/lib/python3.12/site-packages/airflow/example_dags/plugins/event_listener.py took 0.026 seconds
[2026-09-17T22:38:19.874+0200] {processor.py:186} INFO - Started process (PID=97223) to work on /Users/swarnalidatta/Desktop/AutoQueryChatbot/.airflow-venv/lib/python3.12/site-packages/airflow/example_dags/plugins/event_listener.py
[2026-09-17T22:38:19.875+0200] {processor.py:914} INFO - Processing file /Users/swarnalidatta/Desktop/AutoQueryChatbot/.airflow-venv/lib/python3.12/site-packages/airflow/example_dags/plugins/event_listener.py for tasks to queue
[2026-09-17T22:38:19.875+0200] {logging_mixin.py:190} INFO - [2026-09-17T22:38:19.875+0200] {dagbag.py:588} INFO - Filling up the DagBag from /Users/swarnalidatta/Desktop/AutoQueryChatbot/.airflow-venv/lib/python3.12/site-packages/airflow/example_dags/plugins/event_listener.py
[2026-09-17T22:38:19.875+0200] {processor.py:927} WARNING - No viable dags retrieved from /Users/swarnalidatta/Desktop/AutoQueryChatbot/.airflow-venv/lib/python3.12/site-packages/airflow/example_dags/plugins/event_listener.py
[2026-09-17T22:38:19.899+0200] {processor.py:208} INFO - Processing /Users/swarnalidatta/Desktop/AutoQueryChatbot/.airflow-venv/lib/python3.12/site-packages/airflow/example_dags/plugins/event_listener.py took 0.025 seconds
[2026-09-17T22:39:28.160+0200] {processor.py:186} INFO - Started process (PID=97386) to work on /Users/swarnalidatta/Desktop/AutoQueryChatbot/.airflow-venv/lib/python3.12/site-packages/airflow/example_dags/plugins/event_listener.py
[2026-09-17T22:39:28.160+0200] {processor.py:914} INFO - Processing file /Users/swarnalidatta/Desktop/AutoQueryChatbot/.airflow-venv/lib/python3.12/site-packages/airflow/example_dags/plugins/event_listener.py for tasks to queue
[2026-09-17T22:39:28.160+0200] {logging_mixin.py:190} INFO - [2026-09-17T22:39:28.160+0200] {dagbag.py:588} INFO - Filling up the DagBag from /Users/swarnalidatta/Desktop/AutoQueryChatbot/.airflow-venv/lib/python3.12/site-packages/airflow/example_dags/plugins/event_listener.py
[2026-09-17T22:39:28.161+0200] {processor.py:927} WARNING - No viable dags retrieved from /Users/swarnalidatta/Desktop/AutoQueryChatbot/.airflow-venv/lib/python3.12/site-packages/airflow/example_dags/plugins/event_listener.py
[2026-09-17T22:39:28.184+0200] {processor.py:208} INFO - Processing /Users/swarnalidatta/Desktop/AutoQueryChatbot/.airflow-venv/lib/python3.12/site-packages/airflow/example_dags/plugins/event_listener.py took 0.025 seconds
[2026-09-17T22:40:35.738+0200] {processor.py:186} INFO - Started process (PID=97537) to work on /Users/swarnalidatta/Desktop/AutoQueryChatbot/.airflow-venv/lib/python3.12/site-packages/airflow/example_dags/plugins/event_listener.py
[2026-09-17T22:40:35.738+0200] {processor.py:914} INFO - Processing file /Users/swarnalidatta/Desktop/AutoQueryChatbot/.airflow-venv/lib/python3.12/site-packages/airflow/example_dags/plugins/event_listener.py for tasks to queue
[2026-09-17T22:40:35.739+0200] {logging_mixin.py:190} INFO - [2026-09-17T22:40:35.739+0200] {dagbag.py:588} INFO - Filling up the DagBag from /Users/swarnalidatta/Desktop/AutoQueryChatbot/.airflow-venv/lib/python3.12/site-packages/airflow/example_dags/plugins/event_listener.py
[2026-09-17T22:40:35.739+0200] {processor.py:927} WARNING - No viable dags retrieved from /Users/swarnalidatta/Desktop/AutoQueryChatbot/.airflow-venv/lib/python3.12/site-packages/airflow/example_dags/plugins/event_listener.py
[2026-09-17T22:40:35.762+0200] {processor.py:208} INFO - Processing /Users/swarnalidatta/Desktop/AutoQueryChatbot/.airflow-venv/lib/python3.12/site-packages/airflow/example_dags/plugins/event_listener.py took 0.026 seconds
[2026-09-17T22:41:41.061+0200] {processor.py:186} INFO - Started process (PID=97687) to work on /Users/swarnalidatta/Desktop/AutoQueryChatbot/.airflow-venv/lib/python3.12/site-packages/airflow/example_dags/plugins/event_listener.py
[2026-09-17T22:41:41.061+0200] {processor.py:914} INFO - Processing file /Users/swarnalidatta/Desktop/AutoQueryChatbot/.airflow-venv/lib/python3.12/site-packages/airflow/example_dags/plugins/event_listener.py for tasks to queue
[2026-09-17T22:41:41.061+0200] {logging_mixin.py:190} INFO - [2026-09-17T22:41:41.061+0200] {dagbag.py:588} INFO - Filling up the DagBag from /Users/swarnalidatta/Desktop/AutoQueryChatbot/.airflow-venv/lib/python3.12/site-packages/airflow/example_dags/plugins/event_listener.py
[2026-09-17T22:41:41.062+0200] {processor.py:927} WARNING - No viable dags retrieved from /Users/swarnalidatta/Desktop/AutoQueryChatbot/.airflow-venv/lib/python3.12/site-packages/airflow/example_dags/plugins/event_listener.py
[2026-09-17T22:41:41.085+0200] {processor.py:208} INFO - Processing /Users/swarnalidatta/Desktop/AutoQueryChatbot/.airflow-venv/lib/python3.12/site-packages/airflow/example_dags/plugins/event_listener.py took 0.025 seconds
[2026-09-17T22:42:46.994+0200] {processor.py:186} INFO - Started process (PID=97843) to work on /Users/swarnalidatta/Desktop/AutoQueryChatbot/.airflow-venv/lib/python3.12/site-packages/airflow/example_dags/plugins/event_listener.py
[2026-09-17T22:42:46.994+0200] {processor.py:914} INFO - Processing file /Users/swarnalidatta/Desktop/AutoQueryChatbot/.airflow-venv/lib/python3.12/site-packages/airflow/example_dags/plugins/event_listener.py for tasks to queue
[2026-09-17T22:42:46.994+0200] {logging_mixin.py:190} INFO - [2026-09-17T22:42:46.994+0200] {dagbag.py:588} INFO - Filling up the DagBag from /Users/swarnalidatta/Desktop/AutoQueryChatbot/.airflow-venv/lib/python3.12/site-packages/airflow/example_dags/plugins/event_listener.py
[2026-09-17T22:42:46.995+0200] {processor.py:927} WARNING - No viable dags retrieved from /Users/swarnalidatta/Desktop/AutoQueryChatbot/.airflow-venv/lib/python3.12/site-packages/airflow/example_dags/plugins/event_listener.py
[2026-09-17T22:42:47.019+0200] {processor.py:208} INFO - Processing /Users/swarnalidatta/Desktop/AutoQueryChatbot/.airflow-venv/lib/python3.12/site-packages/airflow/example_dags/plugins/event_listener.py took 0.026 seconds
[2026-09-17T23:00:05.379+0200] {processor.py:186} INFO - Started process (PID=98005) to work on /Users/swarnalidatta/Desktop/AutoQueryChatbot/.airflow-venv/lib/python3.12/site-packages/airflow/example_dags/plugins/event_listener.py
[2026-09-17T23:00:05.379+0200] {processor.py:914} INFO - Processing file /Users/swarnalidatta/Desktop/AutoQueryChatbot/.airflow-venv/lib/python3.12/site-packages/airflow/example_dags/plugins/event_listener.py for tasks to queue
[2026-09-17T23:00:05.379+0200] {logging_mixin.py:190} INFO - [2026-09-17T23:00:05.379+0200] {dagbag.py:588} INFO - Filling up the DagBag from /Users/swarnalidatta/Desktop/AutoQueryChatbot/.airflow-venv/lib/python3.12/site-packages/airflow/example_dags/plugins/event_listener.py
[2026-09-17T23:00:05.380+0200] {processor.py:927} WARNING - No viable dags retrieved from /Users/swarnalidatta/Desktop/AutoQueryChatbot/.airflow-venv/lib/python3.12/site-packages/airflow/example_dags/plugins/event_listener.py
[2026-09-17T23:00:05.403+0200] {processor.py:208} INFO - Processing /Users/swarnalidatta/Desktop/AutoQueryChatbot/.airflow-venv/lib/python3.12/site-packages/airflow/example_dags/plugins/event_listener.py took 0.025 seconds
[2026-09-17T23:16:52.563+0200] {processor.py:186} INFO - Started process (PID=98211) to work on /Users/swarnalidatta/Desktop/AutoQueryChatbot/.airflow-venv/lib/python3.12/site-packages/airflow/example_dags/plugins/event_listener.py
[2026-09-17T23:16:52.563+0200] {processor.py:914} INFO - Processing file /Users/swarnalidatta/Desktop/AutoQueryChatbot/.airflow-venv/lib/python3.12/site-packages/airflow/example_dags/plugins/event_listener.py for tasks to queue
[2026-09-17T23:16:52.564+0200] {logging_mixin.py:190} INFO - [2026-09-17T23:16:52.564+0200] {dagbag.py:588} INFO - Filling up the DagBag from /Users/swarnalidatta/Desktop/AutoQueryChatbot/.airflow-venv/lib/python3.12/site-packages/airflow/example_dags/plugins/event_listener.py
[2026-09-17T23:16:52.564+0200] {processor.py:927} WARNING - No viable dags retrieved from /Users/swarnalidatta/Desktop/AutoQueryChatbot/.airflow-venv/lib/python3.12/site-packages/airflow/example_dags/plugins/event_listener.py
[2026-09-17T23:16:52.587+0200] {processor.py:208} INFO - Processing /Users/swarnalidatta/Desktop/AutoQueryChatbot/.airflow-venv/lib/python3.12/site-packages/airflow/example_dags/plugins/event_listener.py took 0.025 seconds
[2026-09-17T23:48:50.112+0200] {processor.py:186} INFO - Started process (PID=98395) to work on /Users/swarnalidatta/Desktop/AutoQueryChatbot/.airflow-venv/lib/python3.12/site-packages/airflow/example_dags/plugins/event_listener.py
[2026-09-17T23:48:50.113+0200] {processor.py:914} INFO - Processing file /Users/swarnalidatta/Desktop/AutoQueryChatbot/.airflow-venv/lib/python3.12/site-packages/airflow/example_dags/plugins/event_listener.py for tasks to queue
[2026-09-17T23:48:50.113+0200] {logging_mixin.py:190} INFO - [2026-09-17T23:48:50.113+0200] {dagbag.py:588} INFO - Filling up the DagBag from /Users/swarnalidatta/Desktop/AutoQueryChatbot/.airflow-venv/lib/python3.12/site-packages/airflow/example_dags/plugins/event_listener.py
[2026-09-17T23:48:50.113+0200] {processor.py:927} WARNING - No viable dags retrieved from /Users/swarnalidatta/Desktop/AutoQueryChatbot/.airflow-venv/lib/python3.12/site-packages/airflow/example_dags/plugins/event_listener.py
[2026-09-17T23:48:50.136+0200] {processor.py:208} INFO - Processing /Users/swarnalidatta/Desktop/AutoQueryChatbot/.airflow-venv/lib/python3.12/site-packages/airflow/example_dags/plugins/event_listener.py took 0.025 seconds
[2026-09-18T00:00:51.631+0200] {processor.py:186} INFO - Started process (PID=98628) to work on /Users/swarnalidatta/Desktop/AutoQueryChatbot/.airflow-venv/lib/python3.12/site-packages/airflow/example_dags/plugins/event_listener.py
[2026-09-18T00:00:51.632+0200] {processor.py:914} INFO - Processing file /Users/swarnalidatta/Desktop/AutoQueryChatbot/.airflow-venv/lib/python3.12/site-packages/airflow/example_dags/plugins/event_listener.py for tasks to queue
[2026-09-18T00:00:51.632+0200] {logging_mixin.py:190} INFO - [2026-09-18T00:00:51.632+0200] {dagbag.py:588} INFO - Filling up the DagBag from /Users/swarnalidatta/Desktop/AutoQueryChatbot/.airflow-venv/lib/python3.12/site-packages/airflow/example_dags/plugins/event_listener.py
[2026-09-18T00:00:51.632+0200] {processor.py:927} WARNING - No viable dags retrieved from /Users/swarnalidatta/Desktop/AutoQueryChatbot/.airflow-venv/lib/python3.12/site-packages/airflow/example_dags/plugins/event_listener.py
[2026-09-18T00:00:51.656+0200] {processor.py:208} INFO - Processing /Users/swarnalidatta/Desktop/AutoQueryChatbot/.airflow-venv/lib/python3.12/site-packages/airflow/example_dags/plugins/event_listener.py took 0.026 seconds
[2026-09-18T00:20:49.497+0200] {processor.py:186} INFO - Started process (PID=98810) to work on /Users/swarnalidatta/Desktop/AutoQueryChatbot/.airflow-venv/lib/python3.12/site-packages/airflow/example_dags/plugins/event_listener.py
[2026-09-18T00:20:49.497+0200] {processor.py:914} INFO - Processing file /Users/swarnalidatta/Desktop/AutoQueryChatbot/.airflow-venv/lib/python3.12/site-packages/airflow/example_dags/plugins/event_listener.py for tasks to queue
[2026-09-18T00:20:49.497+0200] {logging_mixin.py:190} INFO - [2026-09-18T00:20:49.497+0200] {dagbag.py:588} INFO - Filling up the DagBag from /Users/swarnalidatta/Desktop/AutoQueryChatbot/.airflow-venv/lib/python3.12/site-packages/airflow/example_dags/plugins/event_listener.py
[2026-09-18T00:20:49.498+0200] {processor.py:927} WARNING - No viable dags retrieved from /Users/swarnalidatta/Desktop/AutoQueryChatbot/.airflow-venv/lib/python3.12/site-packages/airflow/example_dags/plugins/event_listener.py
[2026-09-18T00:20:49.521+0200] {processor.py:208} INFO - Processing /Users/swarnalidatta/Desktop/AutoQueryChatbot/.airflow-venv/lib/python3.12/site-packages/airflow/example_dags/plugins/event_listener.py took 0.025 seconds
[2026-09-18T00:26:21.727+0200] {processor.py:186} INFO - Started process (PID=99042) to work on /Users/swarnalidatta/Desktop/AutoQueryChatbot/.airflow-venv/lib/python3.12/site-packages/airflow/example_dags/plugins/event_listener.py
[2026-09-18T00:26:21.727+0200] {processor.py:914} INFO - Processing file /Users/swarnalidatta/Desktop/AutoQueryChatbot/.airflow-venv/lib/python3.12/site-packages/airflow/example_dags/plugins/event_listener.py for tasks to queue
[2026-09-18T00:26:21.727+0200] {logging_mixin.py:190} INFO - [2026-09-18T00:26:21.727+0200] {dagbag.py:588} INFO - Filling up the DagBag from /Users/swarnalidatta/Desktop/AutoQueryChatbot/.airflow-venv/lib/python3.12/site-packages/airflow/example_dags/plugins/event_listener.py
[2026-09-18T00:26:21.728+0200] {processor.py:927} WARNING - No viable dags retrieved from /Users/swarnalidatta/Desktop/AutoQueryChatbot/.airflow-venv/lib/python3.12/site-packages/airflow/example_dags/plugins/event_listener.py
[2026-09-18T00:26:21.751+0200] {processor.py:208} INFO - Processing /Users/swarnalidatta/Desktop/AutoQueryChatbot/.airflow-venv/lib/python3.12/site-packages/airflow/example_dags/plugins/event_listener.py took 0.025 seconds
[2026-09-18T00:31:19.265+0200] {processor.py:186} INFO - Started process (PID=99205) to work on /Users/swarnalidatta/Desktop/AutoQueryChatbot/.airflow-venv/lib/python3.12/site-packages/airflow/example_dags/plugins/event_listener.py
[2026-09-18T00:31:19.265+0200] {processor.py:914} INFO - Processing file /Users/swarnalidatta/Desktop/AutoQueryChatbot/.airflow-venv/lib/python3.12/site-packages/airflow/example_dags/plugins/event_listener.py for tasks to queue
[2026-09-18T00:31:19.266+0200] {logging_mixin.py:190} INFO - [2026-09-18T00:31:19.266+0200] {dagbag.py:588} INFO - Filling up the DagBag from /Users/swarnalidatta/Desktop/AutoQueryChatbot/.airflow-venv/lib/python3.12/site-packages/airflow/example_dags/plugins/event_listener.py
[2026-09-18T00:31:19.266+0200] {processor.py:927} WARNING - No viable dags retrieved from /Users/swarnalidatta/Desktop/AutoQueryChatbot/.airflow-venv/lib/python3.12/site-packages/airflow/example_dags/plugins/event_listener.py
[2026-09-18T00:31:19.289+0200] {processor.py:208} INFO - Processing /Users/swarnalidatta/Desktop/AutoQueryChatbot/.airflow-venv/lib/python3.12/site-packages/airflow/example_dags/plugins/event_listener.py took 0.025 seconds
[2026-09-18T00:40:48.531+0200] {processor.py:186} INFO - Started process (PID=99359) to work on /Users/swarnalidatta/Desktop/AutoQueryChatbot/.airflow-venv/lib/python3.12/site-packages/airflow/example_dags/plugins/event_listener.py
[2026-09-18T00:40:48.532+0200] {processor.py:914} INFO - Processing file /Users/swarnalidatta/Desktop/AutoQueryChatbot/.airflow-venv/lib/python3.12/site-packages/airflow/example_dags/plugins/event_listener.py for tasks to queue
[2026-09-18T00:40:48.532+0200] {logging_mixin.py:190} INFO - [2026-09-18T00:40:48.532+0200] {dagbag.py:588} INFO - Filling up the DagBag from /Users/swarnalidatta/Desktop/AutoQueryChatbot/.airflow-venv/lib/python3.12/site-packages/airflow/example_dags/plugins/event_listener.py
[2026-09-18T00:40:48.532+0200] {processor.py:927} WARNING - No viable dags retrieved from /Users/swarnalidatta/Desktop/AutoQueryChatbot/.airflow-venv/lib/python3.12/site-packages/airflow/example_dags/plugins/event_listener.py
[2026-09-18T00:40:48.555+0200] {processor.py:208} INFO - Processing /Users/swarnalidatta/Desktop/AutoQueryChatbot/.airflow-venv/lib/python3.12/site-packages/airflow/example_dags/plugins/event_listener.py took 0.025 seconds
[2026-09-18T00:41:54.245+0200] {processor.py:186} INFO - Started process (PID=99529) to work on /Users/swarnalidatta/Desktop/AutoQueryChatbot/.airflow-venv/lib/python3.12/site-packages/airflow/example_dags/plugins/event_listener.py
[2026-09-18T00:41:54.246+0200] {processor.py:914} INFO - Processing file /Users/swarnalidatta/Desktop/AutoQueryChatbot/.airflow-venv/lib/python3.12/site-packages/airflow/example_dags/plugins/event_listener.py for tasks to queue
[2026-09-18T00:41:54.246+0200] {logging_mixin.py:190} INFO - [2026-09-18T00:41:54.246+0200] {dagbag.py:588} INFO - Filling up the DagBag from /Users/swarnalidatta/Desktop/AutoQueryChatbot/.airflow-venv/lib/python3.12/site-packages/airflow/example_dags/plugins/event_listener.py
[2026-09-18T00:41:54.246+0200] {processor.py:927} WARNING - No viable dags retrieved from /Users/swarnalidatta/Desktop/AutoQueryChatbot/.airflow-venv/lib/python3.12/site-packages/airflow/example_dags/plugins/event_listener.py
[2026-09-18T00:41:54.269+0200] {processor.py:208} INFO - Processing /Users/swarnalidatta/Desktop/AutoQueryChatbot/.airflow-venv/lib/python3.12/site-packages/airflow/example_dags/plugins/event_listener.py took 0.025 seconds
[2026-09-18T00:46:24.855+0200] {processor.py:186} INFO - Started process (PID=99697) to work on /Users/swarnalidatta/Desktop/AutoQueryChatbot/.airflow-venv/lib/python3.12/site-packages/airflow/example_dags/plugins/event_listener.py
[2026-09-18T00:46:24.855+0200] {processor.py:914} INFO - Processing file /Users/swarnalidatta/Desktop/AutoQueryChatbot/.airflow-venv/lib/python3.12/site-packages/airflow/example_dags/plugins/event_listener.py for tasks to queue
[2026-09-18T00:46:24.855+0200] {logging_mixin.py:190} INFO - [2026-09-18T00:46:24.855+0200] {dagbag.py:588} INFO - Filling up the DagBag from /Users/swarnalidatta/Desktop/AutoQueryChatbot/.airflow-venv/lib/python3.12/site-packages/airflow/example_dags/plugins/event_listener.py
[2026-09-18T00:46:24.856+0200] {processor.py:927} WARNING - No viable dags retrieved from /Users/swarnalidatta/Desktop/AutoQueryChatbot/.airflow-venv/lib/python3.12/site-packages/airflow/example_dags/plugins/event_listener.py
[2026-09-18T00:46:24.879+0200] {processor.py:208} INFO - Processing /Users/swarnalidatta/Desktop/AutoQueryChatbot/.airflow-venv/lib/python3.12/site-packages/airflow/example_dags/plugins/event_listener.py took 0.025 seconds
[2026-09-18T00:51:11.469+0200] {processor.py:186} INFO - Started process (PID=99860) to work on /Users/swarnalidatta/Desktop/AutoQueryChatbot/.airflow-venv/lib/python3.12/site-packages/airflow/example_dags/plugins/event_listener.py
[2026-09-18T00:51:11.469+0200] {processor.py:914} INFO - Processing file /Users/swarnalidatta/Desktop/AutoQueryChatbot/.airflow-venv/lib/python3.12/site-packages/airflow/example_dags/plugins/event_listener.py for tasks to queue
[2026-09-18T00:51:11.469+0200] {logging_mixin.py:190} INFO - [2026-09-18T00:51:11.469+0200] {dagbag.py:588} INFO - Filling up the DagBag from /Users/swarnalidatta/Desktop/AutoQueryChatbot/.airflow-venv/lib/python3.12/site-packages/airflow/example_dags/plugins/event_listener.py
[2026-09-18T00:51:11.470+0200] {processor.py:927} WARNING - No viable dags retrieved from /Users/swarnalidatta/Desktop/AutoQueryChatbot/.airflow-venv/lib/python3.12/site-packages/airflow/example_dags/plugins/event_listener.py
[2026-09-18T00:51:11.493+0200] {processor.py:208} INFO - Processing /Users/swarnalidatta/Desktop/AutoQueryChatbot/.airflow-venv/lib/python3.12/site-packages/airflow/example_dags/plugins/event_listener.py took 0.025 seconds
[2026-09-18T00:52:33.280+0200] {processor.py:186} INFO - Started process (PID=130) to work on /Users/swarnalidatta/Desktop/AutoQueryChatbot/.airflow-venv/lib/python3.12/site-packages/airflow/example_dags/plugins/event_listener.py
[2026-09-18T00:52:33.281+0200] {processor.py:914} INFO - Processing file /Users/swarnalidatta/Desktop/AutoQueryChatbot/.airflow-venv/lib/python3.12/site-packages/airflow/example_dags/plugins/event_listener.py for tasks to queue
[2026-09-18T00:52:33.281+0200] {logging_mixin.py:190} INFO - [2026-09-18T00:52:33.281+0200] {dagbag.py:588} INFO - Filling up the DagBag from /Users/swarnalidatta/Desktop/AutoQueryChatbot/.airflow-venv/lib/python3.12/site-packages/airflow/example_dags/plugins/event_listener.py
[2026-09-18T00:52:33.282+0200] {processor.py:927} WARNING - No viable dags retrieved from /Users/swarnalidatta/Desktop/AutoQueryChatbot/.airflow-venv/lib/python3.12/site-packages/airflow/example_dags/plugins/event_listener.py
[2026-09-18T00:52:33.305+0200] {processor.py:208} INFO - Processing /Users/swarnalidatta/Desktop/AutoQueryChatbot/.airflow-venv/lib/python3.12/site-packages/airflow/example_dags/plugins/event_listener.py took 0.025 seconds
[2026-09-18T00:56:03.855+0200] {processor.py:186} INFO - Started process (PID=270) to work on /Users/swarnalidatta/Desktop/AutoQueryChatbot/.airflow-venv/lib/python3.12/site-packages/airflow/example_dags/plugins/event_listener.py
[2026-09-18T00:56:03.855+0200] {processor.py:914} INFO - Processing file /Users/swarnalidatta/Desktop/AutoQueryChatbot/.airflow-venv/lib/python3.12/site-packages/airflow/example_dags/plugins/event_listener.py for tasks to queue
[2026-09-18T00:56:03.855+0200] {logging_mixin.py:190} INFO - [2026-09-18T00:56:03.855+0200] {dagbag.py:588} INFO - Filling up the DagBag from /Users/swarnalidatta/Desktop/AutoQueryChatbot/.airflow-venv/lib/python3.12/site-packages/airflow/example_dags/plugins/event_listener.py
[2026-09-18T00:56:03.856+0200] {processor.py:927} WARNING - No viable dags retrieved from /Users/swarnalidatta/Desktop/AutoQueryChatbot/.airflow-venv/lib/python3.12/site-packages/airflow/example_dags/plugins/event_listener.py
[2026-09-18T00:56:03.879+0200] {processor.py:208} INFO - Processing /Users/swarnalidatta/Desktop/AutoQueryChatbot/.airflow-venv/lib/python3.12/site-packages/airflow/example_dags/plugins/event_listener.py took 0.026 seconds
[2026-09-18T01:00:47.851+0200] {processor.py:186} INFO - Started process (PID=476) to work on /Users/swarnalidatta/Desktop/AutoQueryChatbot/.airflow-venv/lib/python3.12/site-packages/airflow/example_dags/plugins/event_listener.py
[2026-09-18T01:00:47.851+0200] {processor.py:914} INFO - Processing file /Users/swarnalidatta/Desktop/AutoQueryChatbot/.airflow-venv/lib/python3.12/site-packages/airflow/example_dags/plugins/event_listener.py for tasks to queue
[2026-09-18T01:00:47.852+0200] {logging_mixin.py:190} INFO - [2026-09-18T01:00:47.852+0200] {dagbag.py:588} INFO - Filling up the DagBag from /Users/swarnalidatta/Desktop/AutoQueryChatbot/.airflow-venv/lib/python3.12/site-packages/airflow/example_dags/plugins/event_listener.py
[2026-09-18T01:00:47.852+0200] {processor.py:927} WARNING - No viable dags retrieved from /Users/swarnalidatta/Desktop/AutoQueryChatbot/.airflow-venv/lib/python3.12/site-packages/airflow/example_dags/plugins/event_listener.py
[2026-09-18T01:00:47.875+0200] {processor.py:208} INFO - Processing /Users/swarnalidatta/Desktop/AutoQueryChatbot/.airflow-venv/lib/python3.12/site-packages/airflow/example_dags/plugins/event_listener.py took 0.025 seconds
[2026-09-18T01:06:05.207+0200] {processor.py:186} INFO - Started process (PID=630) to work on /Users/swarnalidatta/Desktop/AutoQueryChatbot/.airflow-venv/lib/python3.12/site-packages/airflow/example_dags/plugins/event_listener.py
[2026-09-18T01:06:05.207+0200] {processor.py:914} INFO - Processing file /Users/swarnalidatta/Desktop/AutoQueryChatbot/.airflow-venv/lib/python3.12/site-packages/airflow/example_dags/plugins/event_listener.py for tasks to queue
[2026-09-18T01:06:05.208+0200] {logging_mixin.py:190} INFO - [2026-09-18T01:06:05.208+0200] {dagbag.py:588} INFO - Filling up the DagBag from /Users/swarnalidatta/Desktop/AutoQueryChatbot/.airflow-venv/lib/python3.12/site-packages/airflow/example_dags/plugins/event_listener.py
[2026-09-18T01:06:05.208+0200] {processor.py:927} WARNING - No viable dags retrieved from /Users/swarnalidatta/Desktop/AutoQueryChatbot/.airflow-venv/lib/python3.12/site-packages/airflow/example_dags/plugins/event_listener.py
[2026-09-18T01:06:05.232+0200] {processor.py:208} INFO - Processing /Users/swarnalidatta/Desktop/AutoQueryChatbot/.airflow-venv/lib/python3.12/site-packages/airflow/example_dags/plugins/event_listener.py took 0.026 seconds
[2026-09-18T01:07:23.408+0200] {processor.py:186} INFO - Started process (PID=908) to work on /Users/swarnalidatta/Desktop/AutoQueryChatbot/.airflow-venv/lib/python3.12/site-packages/airflow/example_dags/plugins/event_listener.py
[2026-09-18T01:07:23.409+0200] {processor.py:914} INFO - Processing file /Users/swarnalidatta/Desktop/AutoQueryChatbot/.airflow-venv/lib/python3.12/site-packages/airflow/example_dags/plugins/event_listener.py for tasks to queue
[2026-09-18T01:07:23.409+0200] {logging_mixin.py:190} INFO - [2026-09-18T01:07:23.409+0200] {dagbag.py:588} INFO - Filling up the DagBag from /Users/swarnalidatta/Desktop/AutoQueryChatbot/.airflow-venv/lib/python3.12/site-packages/airflow/example_dags/plugins/event_listener.py
[2026-09-18T01:07:23.409+0200] {processor.py:927} WARNING - No viable dags retrieved from /Users/swarnalidatta/Desktop/AutoQueryChatbot/.airflow-venv/lib/python3.12/site-packages/airflow/example_dags/plugins/event_listener.py
[2026-09-18T01:07:23.432+0200] {processor.py:208} INFO - Processing /Users/swarnalidatta/Desktop/AutoQueryChatbot/.airflow-venv/lib/python3.12/site-packages/airflow/example_dags/plugins/event_listener.py took 0.025 seconds
[2026-09-18T01:08:29.925+0200] {processor.py:186} INFO - Started process (PID=1387) to work on /Users/swarnalidatta/Desktop/AutoQueryChatbot/.airflow-venv/lib/python3.12/site-packages/airflow/example_dags/plugins/event_listener.py
[2026-09-18T01:08:29.925+0200] {processor.py:914} INFO - Processing file /Users/swarnalidatta/Desktop/AutoQueryChatbot/.airflow-venv/lib/python3.12/site-packages/airflow/example_dags/plugins/event_listener.py for tasks to queue
[2026-09-18T01:08:29.925+0200] {logging_mixin.py:190} INFO - [2026-09-18T01:08:29.925+0200] {dagbag.py:588} INFO - Filling up the DagBag from /Users/swarnalidatta/Desktop/AutoQueryChatbot/.airflow-venv/lib/python3.12/site-packages/airflow/example_dags/plugins/event_listener.py
[2026-09-18T01:08:29.926+0200] {processor.py:927} WARNING - No viable dags retrieved from /Users/swarnalidatta/Desktop/AutoQueryChatbot/.airflow-venv/lib/python3.12/site-packages/airflow/example_dags/plugins/event_listener.py
[2026-09-18T01:08:29.949+0200] {processor.py:208} INFO - Processing /Users/swarnalidatta/Desktop/AutoQueryChatbot/.airflow-venv/lib/python3.12/site-packages/airflow/example_dags/plugins/event_listener.py took 0.025 seconds
