[2026-09-05T14:14:15.568+0200] {processor.py:186} INFO - Started process (PID=3497) to work on /Users/swarnalidatta/Desktop/AutoQueryChatbot/.airflow-venv/lib/python3.12/site-packages/airflow/example_dags/subdags/subdag.py
[2026-09-05T14:14:15.568+0200] {processor.py:914} INFO - Processing file /Users/swarnalidatta/Desktop/AutoQueryChatbot/.airflow-venv/lib/python3.12/site-packages/airflow/example_dags/subdags/subdag.py for tasks to queue
[2026-09-05T14:14:15.569+0200] {logging_mixin.py:190} INFO - [2026-09-05T14:14:15.569+0200] {dagbag.py:588} INFO - Filling up the DagBag from /Users/swarnalidatta/Desktop/AutoQueryChatbot/.airflow-venv/lib/python3.12/site-packages/airflow/example_dags/subdags/subdag.py
[2026-09-05T14:14:15.569+0200] {processor.py:927} WARNING - No viable dags retrieved from /Users/swarnalidatta/Desktop/AutoQueryChatbot/.airflow-venv/lib/python3.12/site-packages/airflow/example_dags/subdags/subdag.py
[2026-09-05T14:14:15.597+0200] {processor.py:208} INFO - Processing /Users/swarnalidatta/Desktop/AutoQueryChatbot/.airflow-venv/lib/python3.12/site-packages/airflow/example_dags/subdags/subdag.py took 0.031 seconds
[2026-09-05T14:15:51.217+0200] {processor.py:186} INFO - Started process (PID=3723) to work on /Users/swarnalidatta/Desktop/AutoQueryChatbot/.airflow-venv/lib/python3.12/site-packages/airflow/example_dags/subdags/subdag.py
[2026-09-05T14:15:51.218+0200] {processor.py:914} INFO - Processing file /Users/swarnalidatta/Desktop/AutoQueryChatbot/.airflow-venv/lib/python3.12/site-packages/airflow/example_dags/subdags/subdag.py for tasks to queue
[2026-09-05T14:15:51.218+0200] {logging_mixin.py:190} INFO - [2026-09-05T14:15:51.218+0200] {dagbag.py:588} INFO - Filling up the DagBag from /Users/swarnalidatta/Desktop/AutoQueryChatbot/.airflow-venv/lib/python3.12/site-packages/airflow/example_dags/subdags/subdag.py
[2026-09-05T14:15:51.219+0200] {processor.py:927} WARNING - No viable dags retrieved from /Users/swarnalidatta/Desktop/AutoQueryChatbot/.airflow-venv/lib/python3.12/site-packages/airflow/example_dags/subdags/subdag.py
[2026-09-05T14:15:51.241+0200] {processor.py:208} INFO - Processing /Users/swarnalidatta/Desktop/AutoQueryChatbot/.airflow-venv/lib/python3.12/site-packages/airflow/example_dags/subdags/subdag.py took 0.025 seconds
[2026-09-05T14:16:49.533+0200] {processor.py:186} INFO - Started process (PID=3851) to work on /Users/swarnalidatta/Desktop/AutoQueryChatbot/.airflow-venv/lib/python3.12/site-packages/airflow/example_dags/subdags/subdag.py
[2026-09-05T14:16:49.534+0200] {processor.py:914} INFO - Processing file /Users/swarnalidatta/Desktop/AutoQueryChatbot/.airflow-venv/lib/python3.12/site-packages/airflow/example_dags/subdags/subdag.py for tasks to queue
[2026-09-05T14:16:49.534+0200] {logging_mixin.py:190} INFO - [2026-09-05T14:16:49.534+0200] {dagbag.py:588} INFO - Filling up the DagBag from /Users/swarnalidatta/Desktop/AutoQueryChatbot/.airflow-venv/lib/python3.12/site-packages/airflow/example_dags/subdags/subdag.py
[2026-09-05T14:16:49.535+0200] {processor.py:927} WARNING - No viable dags retrieved from /Users/swarnalidatta/Desktop/AutoQueryChatbot/.airflow-venv/lib/python3.12/site-packages/airflow/example_dags/subdags/subdag.py
[2026-09-05T14:16:49.559+0200] {processor.py:208} INFO - Processing /Users/swarnalidatta/Desktop/AutoQueryChatbot/.airflow-venv/lib/python3.12/site-packages/airflow/example_dags/subdags/subdag.py took 0.026 seconds
[2026-09-05T14:17:45.601+0200] {processor.py:186} INFO - Started process (PID=3971) to work on /Users/swarnalidatta/Desktop/AutoQueryChatbot/.airflow-venv/lib/python3.12/site-packages/airflow/example_dags/subdags/subdag.py
[2026-09-05T14:17:45.602+0200] {processor.py:914} INFO - Processing file /Users/swarnalidatta/Desktop/AutoQueryChatbot/.airflow-venv/lib/python3.12/site-packages/airflow/example_dags/subdags/subdag.py for tasks to queue
[2026-09-05T14:17:45.602+0200] {logging_mixin.py:190} INFO - [2026-09-05T14:17:45.602+0200] {dagbag.py:588} INFO - Filling up the DagBag from /Users/swarnalidatta/Desktop/AutoQueryChatbot/.airflow-venv/lib/python3.12/site-packages/airflow/example_dags/subdags/subdag.py
[2026-09-05T14:17:45.603+0200] {processor.py:927} WARNING - No viable dags retrieved from /Users/swarnalidatta/Desktop/AutoQueryChatbot/.airflow-venv/lib/python3.12/site-packages/airflow/example_dags/subdags/subdag.py
[2026-09-05T14:17:45.628+0200] {processor.py:208} INFO - Processing /Users/swarnalidatta/Desktop/AutoQueryChatbot/.airflow-venv/lib/python3.12/site-packages/airflow/example_dags/subdags/subdag.py took 0.027 seconds
[2026-09-05T14:18:46.530+0200] {processor.py:186} INFO - Started process (PID=4102) to work on /Users/swarnalidatta/Desktop/AutoQueryChatbot/.airflow-venv/lib/python3.12/site-packages/airflow/example_dags/subdags/subdag.py
[2026-09-05T14:18:46.531+0200] {processor.py:914} INFO - Processing file /Users/swarnalidatta/Desktop/AutoQueryChatbot/.airflow-venv/lib/python3.12/site-packages/airflow/example_dags/subdags/subdag.py for tasks to queue
[2026-09-05T14:18:46.531+0200] {logging_mixin.py:190} INFO - [2026-09-05T14:18:46.531+0200] {dagbag.py:588} INFO - Filling up the DagBag from /Users/swarnalidatta/Desktop/AutoQueryChatbot/.airflow-venv/lib/python3.12/site-packages/airflow/example_dags/subdags/subdag.py
[2026-09-05T14:18:46.531+0200] {processor.py:927} WARNING - No viable dags retrieved from /Users/swarnalidatta/Desktop/AutoQueryChatbot/.airflow-venv/lib/python3.12/site-packages/airflow/example_dags/subdags/subdag.py
[2026-09-05T14:18:46.555+0200] {processor.py:208} INFO - Processing /Users/swarnalidatta/Desktop/AutoQueryChatbot/.airflow-venv/lib/python3.12/site-packages/airflow/example_dags/subdags/subdag.py took 0.026 seconds
[2026-09-05T14:19:44.285+0200] {processor.py:186} INFO - Started process (PID=4241) to work on /Users/swarnalidatta/Desktop/AutoQueryChatbot/.airflow-venv/lib/python3.12/site-packages/airflow/example_dags/subdags/subdag.py
[2026-09-05T14:19:44.285+0200] {processor.py:914} INFO - Processing file /Users/swarnalidatta/Desktop/AutoQueryChatbot/.airflow-venv/lib/python3.12/site-packages/airflow/example_dags/subdags/subdag.py for tasks to queue
[2026-09-05T14:19:44.286+0200] {logging_mixin.py:190} INFO - [2026-09-05T14:19:44.286+0200] {dagbag.py:588} INFO - Filling up the DagBag from /Users/swarnalidatta/Desktop/AutoQueryChatbot/.airflow-venv/lib/python3.12/site-packages/airflow/example_dags/subdags/subdag.py
[2026-09-05T14:19:44.286+0200] {processor.py:927} WARNING - No viable dags retrieved from /Users/swarnalidatta/Desktop/AutoQueryChatbot/.airflow-venv/lib/python3.12/site-packages/airflow/example_dags/subdags/subdag.py
[2026-09-05T14:19:44.310+0200] {processor.py:208} INFO - Processing /Users/swarnalidatta/Desktop/AutoQueryChatbot/.airflow-venv/lib/python3.12/site-packages/airflow/example_dags/subdags/subdag.py took 0.026 seconds
[2026-09-05T14:20:40.627+0200] {processor.py:186} INFO - Started process (PID=4360) to work on /Users/swarnalidatta/Desktop/AutoQueryChatbot/.airflow-venv/lib/python3.12/site-packages/airflow/example_dags/subdags/subdag.py
[2026-09-05T14:20:40.627+0200] {processor.py:914} INFO - Processing file /Users/swarnalidatta/Desktop/AutoQueryChatbot/.airflow-venv/lib/python3.12/site-packages/airflow/example_dags/subdags/subdag.py for tasks to queue
[2026-09-05T14:20:40.627+0200] {logging_mixin.py:190} INFO - [2026-09-05T14:20:40.627+0200] {dagbag.py:588} INFO - Filling up the DagBag from /Users/swarnalidatta/Desktop/AutoQueryChatbot/.airflow-venv/lib/python3.12/site-packages/airflow/example_dags/subdags/subdag.py
[2026-09-05T14:20:40.628+0200] {processor.py:927} WARNING - No viable dags retrieved from /Users/swarnalidatta/Desktop/AutoQueryChatbot/.airflow-venv/lib/python3.12/site-packages/airflow/example_dags/subdags/subdag.py
[2026-09-05T14:20:40.652+0200] {processor.py:208} INFO - Processing /Users/swarnalidatta/Desktop/AutoQueryChatbot/.airflow-venv/lib/python3.12/site-packages/airflow/example_dags/subdags/subdag.py took 0.026 seconds
[2026-09-05T14:21:37.116+0200] {processor.py:186} INFO - Started process (PID=4481) to work on /Users/swarnalidatta/Desktop/AutoQueryChatbot/.airflow-venv/lib/python3.12/site-packages/airflow/example_dags/subdags/subdag.py
[2026-09-05T14:21:37.116+0200] {processor.py:914} INFO - Processing file /Users/swarnalidatta/Desktop/AutoQueryChatbot/.airflow-venv/lib/python3.12/site-packages/airflow/example_dags/subdags/subdag.py for tasks to queue
[2026-09-05T14:21:37.116+0200] {logging_mixin.py:190} INFO - [2026-09-05T14:21:37.116+0200] {dagbag.py:588} INFO - Filling up the DagBag from /Users/swarnalidatta/Desktop/AutoQueryChatbot/.airflow-venv/lib/python3.12/site-packages/airflow/example_dags/subdags/subdag.py
[2026-09-05T14:21:37.117+0200] {processor.py:927} WARNING - No viable dags retrieved from /Users/swarnalidatta/Desktop/AutoQueryChatbot/.airflow-venv/lib/python3.12/site-packages/airflow/example_dags/subdags/subdag.py
[2026-09-05T14:21:37.141+0200] {processor.py:208} INFO - Processing /Users/swarnalidatta/Desktop/AutoQueryChatbot/.airflow-venv/lib/python3.12/site-packages/airflow/example_dags/subdags/subdag.py took 0.026 seconds
[2026-09-05T14:22:33.573+0200] {processor.py:186} INFO - Started process (PID=4607) to work on /Users/swarnalidatta/Desktop/AutoQueryChatbot/.airflow-venv/lib/python3.12/site-packages/airflow/example_dags/subdags/subdag.py
[2026-09-05T14:22:33.574+0200] {processor.py:914} INFO - Processing file /Users/swarnalidatta/Desktop/AutoQueryChatbot/.airflow-venv/lib/python3.12/site-packages/airflow/example_dags/subdags/subdag.py for tasks to queue
[2026-09-05T14:22:33.574+0200] {logging_mixin.py:190} INFO - [2026-09-05T14:22:33.574+0200] {dagbag.py:588} INFO - Filling up the DagBag from /Users/swarnalidatta/Desktop/AutoQueryChatbot/.airflow-venv/lib/python3.12/site-packages/airflow/example_dags/subdags/subdag.py
[2026-09-05T14:22:33.575+0200] {processor.py:927} WARNING - No viable dags retrieved from /Users/swarnalidatta/Desktop/AutoQueryChatbot/.airflow-venv/lib/python3.12/site-packages/airflow/example_dags/subdags/subdag.py
[2026-09-05T14:22:33.598+0200] {processor.py:208} INFO - Processing /Users/swarnalidatta/Desktop/AutoQueryChatbot/.airflow-venv/lib/python3.12/site-packages/airflow/example_dags/subdags/subdag.py took 0.026 seconds
[2026-09-05T14:23:28.663+0200] {processor.py:186} INFO - Started process (PID=4734) to work on /Users/swarnalidatta/Desktop/AutoQueryChatbot/.airflow-venv/lib/python3.12/site-packages/airflow/example_dags/subdags/subdag.py
[2026-09-05T14:23:28.663+0200] {processor.py:914} INFO - Processing file /Users/swarnalidatta/Desktop/AutoQueryChatbot/.airflow-venv/lib/python3.12/site-packages/airflow/example_dags/subdags/subdag.py for tasks to queue
[2026-09-05T14:23:28.664+0200] {logging_mixin.py:190} INFO - [2026-09-05T14:23:28.663+0200] {dagbag.py:588} INFO - Filling up the DagBag from /Users/swarnalidatta/Desktop/AutoQueryChatbot/.airflow-venv/lib/python3.12/site-packages/airflow/example_dags/subdags/subdag.py
[2026-09-05T14:23:28.664+0200] {processor.py:927} WARNING - No viable dags retrieved from /Users/swarnalidatta/Desktop/AutoQueryChatbot/.airflow-venv/lib/python3.12/site-packages/airflow/example_dags/subdags/subdag.py
[2026-09-05T14:23:28.688+0200] {processor.py:208} INFO - Processing /Users/swarnalidatta/Desktop/AutoQueryChatbot/.airflow-venv/lib/python3.12/site-packages/airflow/example_dags/subdags/subdag.py took 0.026 seconds
[2026-09-05T14:25:20.842+0200] {processor.py:186} INFO - Started process (PID=4888) to work on /Users/swarnalidatta/Desktop/AutoQueryChatbot/.airflow-venv/lib/python3.12/site-packages/airflow/example_dags/subdags/subdag.py
[2026-09-05T14:25:20.843+0200] {processor.py:914} INFO - Processing file /Users/swarnalidatta/Desktop/AutoQueryChatbot/.airflow-venv/lib/python3.12/site-packages/airflow/example_dags/subdags/subdag.py for tasks to queue
[2026-09-05T14:25:20.843+0200] {logging_mixin.py:190} INFO - [2026-09-05T14:25:20.843+0200] {dagbag.py:588} INFO - Filling up the DagBag from /Users/swarnalidatta/Desktop/AutoQueryChatbot/.airflow-venv/lib/python3.12/site-packages/airflow/example_dags/subdags/subdag.py
[2026-09-05T14:25:20.844+0200] {processor.py:927} WARNING - No viable dags retrieved from /Users/swarnalidatta/Desktop/AutoQueryChatbot/.airflow-venv/lib/python3.12/site-packages/airflow/example_dags/subdags/subdag.py
[2026-09-05T14:25:20.868+0200] {processor.py:208} INFO - Processing /Users/swarnalidatta/Desktop/AutoQueryChatbot/.airflow-venv/lib/python3.12/site-packages/airflow/example_dags/subdags/subdag.py took 0.026 seconds
[2026-09-05T14:26:53.566+0200] {processor.py:186} INFO - Started process (PID=5100) to work on /Users/swarnalidatta/Desktop/AutoQueryChatbot/.airflow-venv/lib/python3.12/site-packages/airflow/example_dags/subdags/subdag.py
[2026-09-05T14:26:53.567+0200] {processor.py:914} INFO - Processing file /Users/swarnalidatta/Desktop/AutoQueryChatbot/.airflow-venv/lib/python3.12/site-packages/airflow/example_dags/subdags/subdag.py for tasks to queue
[2026-09-05T14:26:53.567+0200] {logging_mixin.py:190} INFO - [2026-09-05T14:26:53.567+0200] {dagbag.py:588} INFO - Filling up the DagBag from /Users/swarnalidatta/Desktop/AutoQueryChatbot/.airflow-venv/lib/python3.12/site-packages/airflow/example_dags/subdags/subdag.py
[2026-09-05T14:26:53.568+0200] {processor.py:927} WARNING - No viable dags retrieved from /Users/swarnalidatta/Desktop/AutoQueryChatbot/.airflow-venv/lib/python3.12/site-packages/airflow/example_dags/subdags/subdag.py
[2026-09-05T14:26:53.592+0200] {processor.py:208} INFO - Processing /Users/swarnalidatta/Desktop/AutoQueryChatbot/.airflow-venv/lib/python3.12/site-packages/airflow/example_dags/subdags/subdag.py took 0.027 seconds
[2026-09-05T14:27:50.639+0200] {processor.py:186} INFO - Started process (PID=5239) to work on /Users/swarnalidatta/Desktop/AutoQueryChatbot/.airflow-venv/lib/python3.12/site-packages/airflow/example_dags/subdags/subdag.py
[2026-09-05T14:27:50.640+0200] {processor.py:914} INFO - Processing file /Users/swarnalidatta/Desktop/AutoQueryChatbot/.airflow-venv/lib/python3.12/site-packages/airflow/example_dags/subdags/subdag.py for tasks to queue
[2026-09-05T14:27:50.640+0200] {logging_mixin.py:190} INFO - [2026-09-05T14:27:50.640+0200] {dagbag.py:588} INFO - Filling up the DagBag from /Users/swarnalidatta/Desktop/AutoQueryChatbot/.airflow-venv/lib/python3.12/site-packages/airflow/example_dags/subdags/subdag.py
[2026-09-05T14:27:50.641+0200] {processor.py:927} WARNING - No viable dags retrieved from /Users/swarnalidatta/Desktop/AutoQueryChatbot/.airflow-venv/lib/python3.12/site-packages/airflow/example_dags/subdags/subdag.py
[2026-09-05T14:27:50.665+0200] {processor.py:208} INFO - Processing /Users/swarnalidatta/Desktop/AutoQueryChatbot/.airflow-venv/lib/python3.12/site-packages/airflow/example_dags/subdags/subdag.py took 0.027 seconds
[2026-09-05T14:28:47.825+0200] {processor.py:186} INFO - Started process (PID=5369) to work on /Users/swarnalidatta/Desktop/AutoQueryChatbot/.airflow-venv/lib/python3.12/site-packages/airflow/example_dags/subdags/subdag.py
[2026-09-05T14:28:47.826+0200] {processor.py:914} INFO - Processing file /Users/swarnalidatta/Desktop/AutoQueryChatbot/.airflow-venv/lib/python3.12/site-packages/airflow/example_dags/subdags/subdag.py for tasks to queue
[2026-09-05T14:28:47.826+0200] {logging_mixin.py:190} INFO - [2026-09-05T14:28:47.826+0200] {dagbag.py:588} INFO - Filling up the DagBag from /Users/swarnalidatta/Desktop/AutoQueryChatbot/.airflow-venv/lib/python3.12/site-packages/airflow/example_dags/subdags/subdag.py
[2026-09-05T14:28:47.827+0200] {processor.py:927} WARNING - No viable dags retrieved from /Users/swarnalidatta/Desktop/AutoQueryChatbot/.airflow-venv/lib/python3.12/site-packages/airflow/example_dags/subdags/subdag.py
[2026-09-05T14:28:47.851+0200] {processor.py:208} INFO - Processing /Users/swarnalidatta/Desktop/AutoQueryChatbot/.airflow-venv/lib/python3.12/site-packages/airflow/example_dags/subdags/subdag.py took 0.026 seconds
[2026-09-05T14:29:46.160+0200] {processor.py:186} INFO - Started process (PID=5496) to work on /Users/swarnalidatta/Desktop/AutoQueryChatbot/.airflow-venv/lib/python3.12/site-packages/airflow/example_dags/subdags/subdag.py
[2026-09-05T14:29:46.160+0200] {processor.py:914} INFO - Processing file /Users/swarnalidatta/Desktop/AutoQueryChatbot/.airflow-venv/lib/python3.12/site-packages/airflow/example_dags/subdags/subdag.py for tasks to queue
[2026-09-05T14:29:46.161+0200] {logging_mixin.py:190} INFO - [2026-09-05T14:29:46.161+0200] {dagbag.py:588} INFO - Filling up the DagBag from /Users/swarnalidatta/Desktop/AutoQueryChatbot/.airflow-venv/lib/python3.12/site-packages/airflow/example_dags/subdags/subdag.py
[2026-09-05T14:29:46.161+0200] {processor.py:927} WARNING - No viable dags retrieved from /Users/swarnalidatta/Desktop/AutoQueryChatbot/.airflow-venv/lib/python3.12/site-packages/airflow/example_dags/subdags/subdag.py
[2026-09-05T14:29:46.185+0200] {processor.py:208} INFO - Processing /Users/swarnalidatta/Desktop/AutoQueryChatbot/.airflow-venv/lib/python3.12/site-packages/airflow/example_dags/subdags/subdag.py took 0.026 seconds
[2026-09-05T14:30:43.238+0200] {processor.py:186} INFO - Started process (PID=5623) to work on /Users/swarnalidatta/Desktop/AutoQueryChatbot/.airflow-venv/lib/python3.12/site-packages/airflow/example_dags/subdags/subdag.py
[2026-09-05T14:30:43.238+0200] {processor.py:914} INFO - Processing file /Users/swarnalidatta/Desktop/AutoQueryChatbot/.airflow-venv/lib/python3.12/site-packages/airflow/example_dags/subdags/subdag.py for tasks to queue
[2026-09-05T14:30:43.238+0200] {logging_mixin.py:190} INFO - [2026-09-05T14:30:43.238+0200] {dagbag.py:588} INFO - Filling up the DagBag from /Users/swarnalidatta/Desktop/AutoQueryChatbot/.airflow-venv/lib/python3.12/site-packages/airflow/example_dags/subdags/subdag.py
[2026-09-05T14:30:43.239+0200] {processor.py:927} WARNING - No viable dags retrieved from /Users/swarnalidatta/Desktop/AutoQueryChatbot/.airflow-venv/lib/python3.12/site-packages/airflow/example_dags/subdags/subdag.py
[2026-09-05T14:30:43.263+0200] {processor.py:208} INFO - Processing /Users/swarnalidatta/Desktop/AutoQueryChatbot/.airflow-venv/lib/python3.12/site-packages/airflow/example_dags/subdags/subdag.py took 0.026 seconds
[2026-09-05T14:31:36.392+0200] {processor.py:186} INFO - Started process (PID=5744) to work on /Users/swarnalidatta/Desktop/AutoQueryChatbot/.airflow-venv/lib/python3.12/site-packages/airflow/example_dags/subdags/subdag.py
[2026-09-05T14:31:36.392+0200] {processor.py:914} INFO - Processing file /Users/swarnalidatta/Desktop/AutoQueryChatbot/.airflow-venv/lib/python3.12/site-packages/airflow/example_dags/subdags/subdag.py for tasks to queue
[2026-09-05T14:31:36.393+0200] {logging_mixin.py:190} INFO - [2026-09-05T14:31:36.393+0200] {dagbag.py:588} INFO - Filling up the DagBag from /Users/swarnalidatta/Desktop/AutoQueryChatbot/.airflow-venv/lib/python3.12/site-packages/airflow/example_dags/subdags/subdag.py
[2026-09-05T14:31:36.393+0200] {processor.py:927} WARNING - No viable dags retrieved from /Users/swarnalidatta/Desktop/AutoQueryChatbot/.airflow-venv/lib/python3.12/site-packages/airflow/example_dags/subdags/subdag.py
[2026-09-05T14:31:36.417+0200] {processor.py:208} INFO - Processing /Users/swarnalidatta/Desktop/AutoQueryChatbot/.airflow-venv/lib/python3.12/site-packages/airflow/example_dags/subdags/subdag.py took 0.026 seconds
[2026-09-05T14:32:33.757+0200] {processor.py:186} INFO - Started process (PID=5868) to work on /Users/swarnalidatta/Desktop/AutoQueryChatbot/.airflow-venv/lib/python3.12/site-packages/airflow/example_dags/subdags/subdag.py
[2026-09-05T14:32:33.757+0200] {processor.py:914} INFO - Processing file /Users/swarnalidatta/Desktop/AutoQueryChatbot/.airflow-venv/lib/python3.12/site-packages/airflow/example_dags/subdags/subdag.py for tasks to queue
[2026-09-05T14:32:33.758+0200] {logging_mixin.py:190} INFO - [2026-09-05T14:32:33.758+0200] {dagbag.py:588} INFO - Filling up the DagBag from /Users/swarnalidatta/Desktop/AutoQueryChatbot/.airflow-venv/lib/python3.12/site-packages/airflow/example_dags/subdags/subdag.py
[2026-09-05T14:32:33.758+0200] {processor.py:927} WARNING - No viable dags retrieved from /Users/swarnalidatta/Desktop/AutoQueryChatbot/.airflow-venv/lib/python3.12/site-packages/airflow/example_dags/subdags/subdag.py
[2026-09-05T14:32:33.782+0200] {processor.py:208} INFO - Processing /Users/swarnalidatta/Desktop/AutoQueryChatbot/.airflow-venv/lib/python3.12/site-packages/airflow/example_dags/subdags/subdag.py took 0.026 seconds
[2026-09-05T14:33:30.725+0200] {processor.py:186} INFO - Started process (PID=5993) to work on /Users/swarnalidatta/Desktop/AutoQueryChatbot/.airflow-venv/lib/python3.12/site-packages/airflow/example_dags/subdags/subdag.py
[2026-09-05T14:33:30.725+0200] {processor.py:914} INFO - Processing file /Users/swarnalidatta/Desktop/AutoQueryChatbot/.airflow-venv/lib/python3.12/site-packages/airflow/example_dags/subdags/subdag.py for tasks to queue
[2026-09-05T14:33:30.726+0200] {logging_mixin.py:190} INFO - [2026-09-05T14:33:30.726+0200] {dagbag.py:588} INFO - Filling up the DagBag from /Users/swarnalidatta/Desktop/AutoQueryChatbot/.airflow-venv/lib/python3.12/site-packages/airflow/example_dags/subdags/subdag.py
[2026-09-05T14:33:30.726+0200] {processor.py:927} WARNING - No viable dags retrieved from /Users/swarnalidatta/Desktop/AutoQueryChatbot/.airflow-venv/lib/python3.12/site-packages/airflow/example_dags/subdags/subdag.py
[2026-09-05T14:33:30.750+0200] {processor.py:208} INFO - Processing /Users/swarnalidatta/Desktop/AutoQueryChatbot/.airflow-venv/lib/python3.12/site-packages/airflow/example_dags/subdags/subdag.py took 0.026 seconds
[2026-09-05T14:34:31.504+0200] {processor.py:186} INFO - Started process (PID=6136) to work on /Users/swarnalidatta/Desktop/AutoQueryChatbot/.airflow-venv/lib/python3.12/site-packages/airflow/example_dags/subdags/subdag.py
[2026-09-05T14:34:31.504+0200] {processor.py:914} INFO - Processing file /Users/swarnalidatta/Desktop/AutoQueryChatbot/.airflow-venv/lib/python3.12/site-packages/airflow/example_dags/subdags/subdag.py for tasks to queue
[2026-09-05T14:34:31.505+0200] {logging_mixin.py:190} INFO - [2026-09-05T14:34:31.505+0200] {dagbag.py:588} INFO - Filling up the DagBag from /Users/swarnalidatta/Desktop/AutoQueryChatbot/.airflow-venv/lib/python3.12/site-packages/airflow/example_dags/subdags/subdag.py
[2026-09-05T14:34:31.505+0200] {processor.py:927} WARNING - No viable dags retrieved from /Users/swarnalidatta/Desktop/AutoQueryChatbot/.airflow-venv/lib/python3.12/site-packages/airflow/example_dags/subdags/subdag.py
[2026-09-05T14:34:31.529+0200] {processor.py:208} INFO - Processing /Users/swarnalidatta/Desktop/AutoQueryChatbot/.airflow-venv/lib/python3.12/site-packages/airflow/example_dags/subdags/subdag.py took 0.026 seconds
[2026-09-05T14:35:35.777+0200] {processor.py:186} INFO - Started process (PID=6300) to work on /Users/swarnalidatta/Desktop/AutoQueryChatbot/.airflow-venv/lib/python3.12/site-packages/airflow/example_dags/subdags/subdag.py
[2026-09-05T14:35:35.778+0200] {processor.py:914} INFO - Processing file /Users/swarnalidatta/Desktop/AutoQueryChatbot/.airflow-venv/lib/python3.12/site-packages/airflow/example_dags/subdags/subdag.py for tasks to queue
[2026-09-05T14:35:35.778+0200] {logging_mixin.py:190} INFO - [2026-09-05T14:35:35.778+0200] {dagbag.py:588} INFO - Filling up the DagBag from /Users/swarnalidatta/Desktop/AutoQueryChatbot/.airflow-venv/lib/python3.12/site-packages/airflow/example_dags/subdags/subdag.py
[2026-09-05T14:35:35.779+0200] {processor.py:927} WARNING - No viable dags retrieved from /Users/swarnalidatta/Desktop/AutoQueryChatbot/.airflow-venv/lib/python3.12/site-packages/airflow/example_dags/subdags/subdag.py
[2026-09-05T14:35:35.803+0200] {processor.py:208} INFO - Processing /Users/swarnalidatta/Desktop/AutoQueryChatbot/.airflow-venv/lib/python3.12/site-packages/airflow/example_dags/subdags/subdag.py took 0.027 seconds
[2026-09-05T14:36:50.639+0200] {processor.py:186} INFO - Started process (PID=6480) to work on /Users/swarnalidatta/Desktop/AutoQueryChatbot/.airflow-venv/lib/python3.12/site-packages/airflow/example_dags/subdags/subdag.py
[2026-09-05T14:36:50.640+0200] {processor.py:914} INFO - Processing file /Users/swarnalidatta/Desktop/AutoQueryChatbot/.airflow-venv/lib/python3.12/site-packages/airflow/example_dags/subdags/subdag.py for tasks to queue
[2026-09-05T14:36:50.640+0200] {logging_mixin.py:190} INFO - [2026-09-05T14:36:50.640+0200] {dagbag.py:588} INFO - Filling up the DagBag from /Users/swarnalidatta/Desktop/AutoQueryChatbot/.airflow-venv/lib/python3.12/site-packages/airflow/example_dags/subdags/subdag.py
[2026-09-05T14:36:50.641+0200] {processor.py:927} WARNING - No viable dags retrieved from /Users/swarnalidatta/Desktop/AutoQueryChatbot/.airflow-venv/lib/python3.12/site-packages/airflow/example_dags/subdags/subdag.py
[2026-09-05T14:36:50.665+0200] {processor.py:208} INFO - Processing /Users/swarnalidatta/Desktop/AutoQueryChatbot/.airflow-venv/lib/python3.12/site-packages/airflow/example_dags/subdags/subdag.py took 0.026 seconds
[2026-09-05T14:37:59.195+0200] {processor.py:186} INFO - Started process (PID=6631) to work on /Users/swarnalidatta/Desktop/AutoQueryChatbot/.airflow-venv/lib/python3.12/site-packages/airflow/example_dags/subdags/subdag.py
[2026-09-05T14:37:59.195+0200] {processor.py:914} INFO - Processing file /Users/swarnalidatta/Desktop/AutoQueryChatbot/.airflow-venv/lib/python3.12/site-packages/airflow/example_dags/subdags/subdag.py for tasks to queue
[2026-09-05T14:37:59.195+0200] {logging_mixin.py:190} INFO - [2026-09-05T14:37:59.195+0200] {dagbag.py:588} INFO - Filling up the DagBag from /Users/swarnalidatta/Desktop/AutoQueryChatbot/.airflow-venv/lib/python3.12/site-packages/airflow/example_dags/subdags/subdag.py
[2026-09-05T14:37:59.196+0200] {processor.py:927} WARNING - No viable dags retrieved from /Users/swarnalidatta/Desktop/AutoQueryChatbot/.airflow-venv/lib/python3.12/site-packages/airflow/example_dags/subdags/subdag.py
[2026-09-05T14:37:59.220+0200] {processor.py:208} INFO - Processing /Users/swarnalidatta/Desktop/AutoQueryChatbot/.airflow-venv/lib/python3.12/site-packages/airflow/example_dags/subdags/subdag.py took 0.027 seconds
[2026-09-05T14:39:11.443+0200] {processor.py:186} INFO - Started process (PID=6823) to work on /Users/swarnalidatta/Desktop/AutoQueryChatbot/.airflow-venv/lib/python3.12/site-packages/airflow/example_dags/subdags/subdag.py
[2026-09-05T14:39:11.444+0200] {processor.py:914} INFO - Processing file /Users/swarnalidatta/Desktop/AutoQueryChatbot/.airflow-venv/lib/python3.12/site-packages/airflow/example_dags/subdags/subdag.py for tasks to queue
[2026-09-05T14:39:11.444+0200] {logging_mixin.py:190} INFO - [2026-09-05T14:39:11.444+0200] {dagbag.py:588} INFO - Filling up the DagBag from /Users/swarnalidatta/Desktop/AutoQueryChatbot/.airflow-venv/lib/python3.12/site-packages/airflow/example_dags/subdags/subdag.py
[2026-09-05T14:39:11.445+0200] {processor.py:927} WARNING - No viable dags retrieved from /Users/swarnalidatta/Desktop/AutoQueryChatbot/.airflow-venv/lib/python3.12/site-packages/airflow/example_dags/subdags/subdag.py
[2026-09-05T14:39:11.469+0200] {processor.py:208} INFO - Processing /Users/swarnalidatta/Desktop/AutoQueryChatbot/.airflow-venv/lib/python3.12/site-packages/airflow/example_dags/subdags/subdag.py took 0.027 seconds
[2026-09-05T14:40:13.540+0200] {processor.py:186} INFO - Started process (PID=6950) to work on /Users/swarnalidatta/Desktop/AutoQueryChatbot/.airflow-venv/lib/python3.12/site-packages/airflow/example_dags/subdags/subdag.py
[2026-09-05T14:40:13.540+0200] {processor.py:914} INFO - Processing file /Users/swarnalidatta/Desktop/AutoQueryChatbot/.airflow-venv/lib/python3.12/site-packages/airflow/example_dags/subdags/subdag.py for tasks to queue
[2026-09-05T14:40:13.541+0200] {logging_mixin.py:190} INFO - [2026-09-05T14:40:13.541+0200] {dagbag.py:588} INFO - Filling up the DagBag from /Users/swarnalidatta/Desktop/AutoQueryChatbot/.airflow-venv/lib/python3.12/site-packages/airflow/example_dags/subdags/subdag.py
[2026-09-05T14:40:13.541+0200] {processor.py:927} WARNING - No viable dags retrieved from /Users/swarnalidatta/Desktop/AutoQueryChatbot/.airflow-venv/lib/python3.12/site-packages/airflow/example_dags/subdags/subdag.py
[2026-09-05T14:40:13.565+0200] {processor.py:208} INFO - Processing /Users/swarnalidatta/Desktop/AutoQueryChatbot/.airflow-venv/lib/python3.12/site-packages/airflow/example_dags/subdags/subdag.py took 0.027 seconds
[2026-09-05T14:41:19.663+0200] {processor.py:186} INFO - Started process (PID=7104) to work on /Users/swarnalidatta/Desktop/AutoQueryChatbot/.airflow-venv/lib/python3.12/site-packages/airflow/example_dags/subdags/subdag.py
[2026-09-05T14:41:19.664+0200] {processor.py:914} INFO - Processing file /Users/swarnalidatta/Desktop/AutoQueryChatbot/.airflow-venv/lib/python3.12/site-packages/airflow/example_dags/subdags/subdag.py for tasks to queue
[2026-09-05T14:41:19.664+0200] {logging_mixin.py:190} INFO - [2026-09-05T14:41:19.664+0200] {dagbag.py:588} INFO - Filling up the DagBag from /Users/swarnalidatta/Desktop/AutoQueryChatbot/.airflow-venv/lib/python3.12/site-packages/airflow/example_dags/subdags/subdag.py
[2026-09-05T14:41:19.665+0200] {processor.py:927} WARNING - No viable dags retrieved from /Users/swarnalidatta/Desktop/AutoQueryChatbot/.airflow-venv/lib/python3.12/site-packages/airflow/example_dags/subdags/subdag.py
[2026-09-05T14:41:19.690+0200] {processor.py:208} INFO - Processing /Users/swarnalidatta/Desktop/AutoQueryChatbot/.airflow-venv/lib/python3.12/site-packages/airflow/example_dags/subdags/subdag.py took 0.027 seconds
[2026-09-05T14:42:27.020+0200] {processor.py:186} INFO - Started process (PID=7259) to work on /Users/swarnalidatta/Desktop/AutoQueryChatbot/.airflow-venv/lib/python3.12/site-packages/airflow/example_dags/subdags/subdag.py
[2026-09-05T14:42:27.020+0200] {processor.py:914} INFO - Processing file /Users/swarnalidatta/Desktop/AutoQueryChatbot/.airflow-venv/lib/python3.12/site-packages/airflow/example_dags/subdags/subdag.py for tasks to queue
[2026-09-05T14:42:27.020+0200] {logging_mixin.py:190} INFO - [2026-09-05T14:42:27.020+0200] {dagbag.py:588} INFO - Filling up the DagBag from /Users/swarnalidatta/Desktop/AutoQueryChatbot/.airflow-venv/lib/python3.12/site-packages/airflow/example_dags/subdags/subdag.py
[2026-09-05T14:42:27.021+0200] {processor.py:927} WARNING - No viable dags retrieved from /Users/swarnalidatta/Desktop/AutoQueryChatbot/.airflow-venv/lib/python3.12/site-packages/airflow/example_dags/subdags/subdag.py
[2026-09-05T14:42:27.045+0200] {processor.py:208} INFO - Processing /Users/swarnalidatta/Desktop/AutoQueryChatbot/.airflow-venv/lib/python3.12/site-packages/airflow/example_dags/subdags/subdag.py took 0.027 seconds
[2026-09-05T14:43:34.363+0200] {processor.py:186} INFO - Started process (PID=7871) to work on /Users/swarnalidatta/Desktop/AutoQueryChatbot/.airflow-venv/lib/python3.12/site-packages/airflow/example_dags/subdags/subdag.py
[2026-09-05T14:43:34.363+0200] {processor.py:914} INFO - Processing file /Users/swarnalidatta/Desktop/AutoQueryChatbot/.airflow-venv/lib/python3.12/site-packages/airflow/example_dags/subdags/subdag.py for tasks to queue
[2026-09-05T14:43:34.364+0200] {logging_mixin.py:190} INFO - [2026-09-05T14:43:34.364+0200] {dagbag.py:588} INFO - Filling up the DagBag from /Users/swarnalidatta/Desktop/AutoQueryChatbot/.airflow-venv/lib/python3.12/site-packages/airflow/example_dags/subdags/subdag.py
[2026-09-05T14:43:34.364+0200] {processor.py:927} WARNING - No viable dags retrieved from /Users/swarnalidatta/Desktop/AutoQueryChatbot/.airflow-venv/lib/python3.12/site-packages/airflow/example_dags/subdags/subdag.py
[2026-09-05T14:43:34.388+0200] {processor.py:208} INFO - Processing /Users/swarnalidatta/Desktop/AutoQueryChatbot/.airflow-venv/lib/python3.12/site-packages/airflow/example_dags/subdags/subdag.py took 0.026 seconds
[2026-09-05T14:44:55.973+0200] {processor.py:186} INFO - Started process (PID=8057) to work on /Users/swarnalidatta/Desktop/AutoQueryChatbot/.airflow-venv/lib/python3.12/site-packages/airflow/example_dags/subdags/subdag.py
[2026-09-05T14:44:55.974+0200] {processor.py:914} INFO - Processing file /Users/swarnalidatta/Desktop/AutoQueryChatbot/.airflow-venv/lib/python3.12/site-packages/airflow/example_dags/subdags/subdag.py for tasks to queue
[2026-09-05T14:44:55.974+0200] {logging_mixin.py:190} INFO - [2026-09-05T14:44:55.974+0200] {dagbag.py:588} INFO - Filling up the DagBag from /Users/swarnalidatta/Desktop/AutoQueryChatbot/.airflow-venv/lib/python3.12/site-packages/airflow/example_dags/subdags/subdag.py
[2026-09-05T14:44:55.975+0200] {processor.py:927} WARNING - No viable dags retrieved from /Users/swarnalidatta/Desktop/AutoQueryChatbot/.airflow-venv/lib/python3.12/site-packages/airflow/example_dags/subdags/subdag.py
[2026-09-05T14:44:55.999+0200] {processor.py:208} INFO - Processing /Users/swarnalidatta/Desktop/AutoQueryChatbot/.airflow-venv/lib/python3.12/site-packages/airflow/example_dags/subdags/subdag.py took 0.027 seconds
[2026-09-05T14:46:27.008+0200] {processor.py:186} INFO - Started process (PID=8278) to work on /Users/swarnalidatta/Desktop/AutoQueryChatbot/.airflow-venv/lib/python3.12/site-packages/airflow/example_dags/subdags/subdag.py
[2026-09-05T14:46:27.008+0200] {processor.py:914} INFO - Processing file /Users/swarnalidatta/Desktop/AutoQueryChatbot/.airflow-venv/lib/python3.12/site-packages/airflow/example_dags/subdags/subdag.py for tasks to queue
[2026-09-05T14:46:27.009+0200] {logging_mixin.py:190} INFO - [2026-09-05T14:46:27.009+0200] {dagbag.py:588} INFO - Filling up the DagBag from /Users/swarnalidatta/Desktop/AutoQueryChatbot/.airflow-venv/lib/python3.12/site-packages/airflow/example_dags/subdags/subdag.py
[2026-09-05T14:46:27.009+0200] {processor.py:927} WARNING - No viable dags retrieved from /Users/swarnalidatta/Desktop/AutoQueryChatbot/.airflow-venv/lib/python3.12/site-packages/airflow/example_dags/subdags/subdag.py
[2026-09-05T14:46:27.035+0200] {processor.py:208} INFO - Processing /Users/swarnalidatta/Desktop/AutoQueryChatbot/.airflow-venv/lib/python3.12/site-packages/airflow/example_dags/subdags/subdag.py took 0.028 seconds
[2026-09-05T14:47:36.887+0200] {processor.py:186} INFO - Started process (PID=8439) to work on /Users/swarnalidatta/Desktop/AutoQueryChatbot/.airflow-venv/lib/python3.12/site-packages/airflow/example_dags/subdags/subdag.py
[2026-09-05T14:47:36.887+0200] {processor.py:914} INFO - Processing file /Users/swarnalidatta/Desktop/AutoQueryChatbot/.airflow-venv/lib/python3.12/site-packages/airflow/example_dags/subdags/subdag.py for tasks to queue
[2026-09-05T14:47:36.887+0200] {logging_mixin.py:190} INFO - [2026-09-05T14:47:36.887+0200] {dagbag.py:588} INFO - Filling up the DagBag from /Users/swarnalidatta/Desktop/AutoQueryChatbot/.airflow-venv/lib/python3.12/site-packages/airflow/example_dags/subdags/subdag.py
[2026-09-05T14:47:36.888+0200] {processor.py:927} WARNING - No viable dags retrieved from /Users/swarnalidatta/Desktop/AutoQueryChatbot/.airflow-venv/lib/python3.12/site-packages/airflow/example_dags/subdags/subdag.py
[2026-09-05T14:47:36.913+0200] {processor.py:208} INFO - Processing /Users/swarnalidatta/Desktop/AutoQueryChatbot/.airflow-venv/lib/python3.12/site-packages/airflow/example_dags/subdags/subdag.py took 0.027 seconds
[2026-09-05T14:48:46.715+0200] {processor.py:186} INFO - Started process (PID=8608) to work on /Users/swarnalidatta/Desktop/AutoQueryChatbot/.airflow-venv/lib/python3.12/site-packages/airflow/example_dags/subdags/subdag.py
[2026-09-05T14:48:46.715+0200] {processor.py:914} INFO - Processing file /Users/swarnalidatta/Desktop/AutoQueryChatbot/.airflow-venv/lib/python3.12/site-packages/airflow/example_dags/subdags/subdag.py for tasks to queue
[2026-09-05T14:48:46.716+0200] {logging_mixin.py:190} INFO - [2026-09-05T14:48:46.715+0200] {dagbag.py:588} INFO - Filling up the DagBag from /Users/swarnalidatta/Desktop/AutoQueryChatbot/.airflow-venv/lib/python3.12/site-packages/airflow/example_dags/subdags/subdag.py
[2026-09-05T14:48:46.716+0200] {processor.py:927} WARNING - No viable dags retrieved from /Users/swarnalidatta/Desktop/AutoQueryChatbot/.airflow-venv/lib/python3.12/site-packages/airflow/example_dags/subdags/subdag.py
[2026-09-05T14:48:46.741+0200] {processor.py:208} INFO - Processing /Users/swarnalidatta/Desktop/AutoQueryChatbot/.airflow-venv/lib/python3.12/site-packages/airflow/example_dags/subdags/subdag.py took 0.027 seconds
[2026-09-05T14:49:47.435+0200] {processor.py:186} INFO - Started process (PID=8748) to work on /Users/swarnalidatta/Desktop/AutoQueryChatbot/.airflow-venv/lib/python3.12/site-packages/airflow/example_dags/subdags/subdag.py
[2026-09-05T14:49:47.435+0200] {processor.py:914} INFO - Processing file /Users/swarnalidatta/Desktop/AutoQueryChatbot/.airflow-venv/lib/python3.12/site-packages/airflow/example_dags/subdags/subdag.py for tasks to queue
[2026-09-05T14:49:47.435+0200] {logging_mixin.py:190} INFO - [2026-09-05T14:49:47.435+0200] {dagbag.py:588} INFO - Filling up the DagBag from /Users/swarnalidatta/Desktop/AutoQueryChatbot/.airflow-venv/lib/python3.12/site-packages/airflow/example_dags/subdags/subdag.py
[2026-09-05T14:49:47.436+0200] {processor.py:927} WARNING - No viable dags retrieved from /Users/swarnalidatta/Desktop/AutoQueryChatbot/.airflow-venv/lib/python3.12/site-packages/airflow/example_dags/subdags/subdag.py
[2026-09-05T14:49:47.460+0200] {processor.py:208} INFO - Processing /Users/swarnalidatta/Desktop/AutoQueryChatbot/.airflow-venv/lib/python3.12/site-packages/airflow/example_dags/subdags/subdag.py took 0.027 seconds
[2026-09-05T14:50:48.617+0200] {processor.py:186} INFO - Started process (PID=8884) to work on /Users/swarnalidatta/Desktop/AutoQueryChatbot/.airflow-venv/lib/python3.12/site-packages/airflow/example_dags/subdags/subdag.py
[2026-09-05T14:50:48.617+0200] {processor.py:914} INFO - Processing file /Users/swarnalidatta/Desktop/AutoQueryChatbot/.airflow-venv/lib/python3.12/site-packages/airflow/example_dags/subdags/subdag.py for tasks to queue
[2026-09-05T14:50:48.618+0200] {logging_mixin.py:190} INFO - [2026-09-05T14:50:48.618+0200] {dagbag.py:588} INFO - Filling up the DagBag from /Users/swarnalidatta/Desktop/AutoQueryChatbot/.airflow-venv/lib/python3.12/site-packages/airflow/example_dags/subdags/subdag.py
[2026-09-05T14:50:48.618+0200] {processor.py:927} WARNING - No viable dags retrieved from /Users/swarnalidatta/Desktop/AutoQueryChatbot/.airflow-venv/lib/python3.12/site-packages/airflow/example_dags/subdags/subdag.py
[2026-09-05T14:50:48.645+0200] {processor.py:208} INFO - Processing /Users/swarnalidatta/Desktop/AutoQueryChatbot/.airflow-venv/lib/python3.12/site-packages/airflow/example_dags/subdags/subdag.py took 0.030 seconds
[2026-09-05T14:51:49.229+0200] {processor.py:186} INFO - Started process (PID=9028) to work on /Users/swarnalidatta/Desktop/AutoQueryChatbot/.airflow-venv/lib/python3.12/site-packages/airflow/example_dags/subdags/subdag.py
[2026-09-05T14:51:49.229+0200] {processor.py:914} INFO - Processing file /Users/swarnalidatta/Desktop/AutoQueryChatbot/.airflow-venv/lib/python3.12/site-packages/airflow/example_dags/subdags/subdag.py for tasks to queue
[2026-09-05T14:51:49.229+0200] {logging_mixin.py:190} INFO - [2026-09-05T14:51:49.229+0200] {dagbag.py:588} INFO - Filling up the DagBag from /Users/swarnalidatta/Desktop/AutoQueryChatbot/.airflow-venv/lib/python3.12/site-packages/airflow/example_dags/subdags/subdag.py
[2026-09-05T14:51:49.230+0200] {processor.py:927} WARNING - No viable dags retrieved from /Users/swarnalidatta/Desktop/AutoQueryChatbot/.airflow-venv/lib/python3.12/site-packages/airflow/example_dags/subdags/subdag.py
[2026-09-05T14:51:49.255+0200] {processor.py:208} INFO - Processing /Users/swarnalidatta/Desktop/AutoQueryChatbot/.airflow-venv/lib/python3.12/site-packages/airflow/example_dags/subdags/subdag.py took 0.027 seconds
[2026-09-05T14:52:47.419+0200] {processor.py:186} INFO - Started process (PID=9163) to work on /Users/swarnalidatta/Desktop/AutoQueryChatbot/.airflow-venv/lib/python3.12/site-packages/airflow/example_dags/subdags/subdag.py
[2026-09-05T14:52:47.420+0200] {processor.py:914} INFO - Processing file /Users/swarnalidatta/Desktop/AutoQueryChatbot/.airflow-venv/lib/python3.12/site-packages/airflow/example_dags/subdags/subdag.py for tasks to queue
[2026-09-05T14:52:47.420+0200] {logging_mixin.py:190} INFO - [2026-09-05T14:52:47.420+0200] {dagbag.py:588} INFO - Filling up the DagBag from /Users/swarnalidatta/Desktop/AutoQueryChatbot/.airflow-venv/lib/python3.12/site-packages/airflow/example_dags/subdags/subdag.py
[2026-09-05T14:52:47.421+0200] {processor.py:927} WARNING - No viable dags retrieved from /Users/swarnalidatta/Desktop/AutoQueryChatbot/.airflow-venv/lib/python3.12/site-packages/airflow/example_dags/subdags/subdag.py
[2026-09-05T14:52:47.445+0200] {processor.py:208} INFO - Processing /Users/swarnalidatta/Desktop/AutoQueryChatbot/.airflow-venv/lib/python3.12/site-packages/airflow/example_dags/subdags/subdag.py took 0.026 seconds
[2026-09-05T14:53:43.685+0200] {processor.py:186} INFO - Started process (PID=9290) to work on /Users/swarnalidatta/Desktop/AutoQueryChatbot/.airflow-venv/lib/python3.12/site-packages/airflow/example_dags/subdags/subdag.py
[2026-09-05T14:53:43.685+0200] {processor.py:914} INFO - Processing file /Users/swarnalidatta/Desktop/AutoQueryChatbot/.airflow-venv/lib/python3.12/site-packages/airflow/example_dags/subdags/subdag.py for tasks to queue
[2026-09-05T14:53:43.686+0200] {logging_mixin.py:190} INFO - [2026-09-05T14:53:43.685+0200] {dagbag.py:588} INFO - Filling up the DagBag from /Users/swarnalidatta/Desktop/AutoQueryChatbot/.airflow-venv/lib/python3.12/site-packages/airflow/example_dags/subdags/subdag.py
[2026-09-05T14:53:43.686+0200] {processor.py:927} WARNING - No viable dags retrieved from /Users/swarnalidatta/Desktop/AutoQueryChatbot/.airflow-venv/lib/python3.12/site-packages/airflow/example_dags/subdags/subdag.py
[2026-09-05T14:53:43.710+0200] {processor.py:208} INFO - Processing /Users/swarnalidatta/Desktop/AutoQueryChatbot/.airflow-venv/lib/python3.12/site-packages/airflow/example_dags/subdags/subdag.py took 0.026 seconds
[2026-09-05T16:23:39.435+0200] {processor.py:186} INFO - Started process (PID=9560) to work on /Users/swarnalidatta/Desktop/AutoQueryChatbot/.airflow-venv/lib/python3.12/site-packages/airflow/example_dags/subdags/subdag.py
[2026-09-05T16:23:39.435+0200] {processor.py:914} INFO - Processing file /Users/swarnalidatta/Desktop/AutoQueryChatbot/.airflow-venv/lib/python3.12/site-packages/airflow/example_dags/subdags/subdag.py for tasks to queue
[2026-09-05T16:23:39.435+0200] {logging_mixin.py:190} INFO - [2026-09-05T16:23:39.435+0200] {dagbag.py:588} INFO - Filling up the DagBag from /Users/swarnalidatta/Desktop/AutoQueryChatbot/.airflow-venv/lib/python3.12/site-packages/airflow/example_dags/subdags/subdag.py
[2026-09-05T16:23:39.436+0200] {processor.py:927} WARNING - No viable dags retrieved from /Users/swarnalidatta/Desktop/AutoQueryChatbot/.airflow-venv/lib/python3.12/site-packages/airflow/example_dags/subdags/subdag.py
[2026-09-05T16:23:39.460+0200] {processor.py:208} INFO - Processing /Users/swarnalidatta/Desktop/AutoQueryChatbot/.airflow-venv/lib/python3.12/site-packages/airflow/example_dags/subdags/subdag.py took 0.026 seconds
[2026-09-05T16:24:57.403+0200] {processor.py:186} INFO - Started process (PID=9711) to work on /Users/swarnalidatta/Desktop/AutoQueryChatbot/.airflow-venv/lib/python3.12/site-packages/airflow/example_dags/subdags/subdag.py
[2026-09-05T16:24:57.403+0200] {processor.py:914} INFO - Processing file /Users/swarnalidatta/Desktop/AutoQueryChatbot/.airflow-venv/lib/python3.12/site-packages/airflow/example_dags/subdags/subdag.py for tasks to queue
[2026-09-05T16:24:57.403+0200] {logging_mixin.py:190} INFO - [2026-09-05T16:24:57.403+0200] {dagbag.py:588} INFO - Filling up the DagBag from /Users/swarnalidatta/Desktop/AutoQueryChatbot/.airflow-venv/lib/python3.12/site-packages/airflow/example_dags/subdags/subdag.py
[2026-09-05T16:24:57.404+0200] {processor.py:927} WARNING - No viable dags retrieved from /Users/swarnalidatta/Desktop/AutoQueryChatbot/.airflow-venv/lib/python3.12/site-packages/airflow/example_dags/subdags/subdag.py
[2026-09-05T16:24:57.428+0200] {processor.py:208} INFO - Processing /Users/swarnalidatta/Desktop/AutoQueryChatbot/.airflow-venv/lib/python3.12/site-packages/airflow/example_dags/subdags/subdag.py took 0.026 seconds
[2026-09-05T16:26:29.273+0200] {processor.py:186} INFO - Started process (PID=9932) to work on /Users/swarnalidatta/Desktop/AutoQueryChatbot/.airflow-venv/lib/python3.12/site-packages/airflow/example_dags/subdags/subdag.py
[2026-09-05T16:26:29.273+0200] {processor.py:914} INFO - Processing file /Users/swarnalidatta/Desktop/AutoQueryChatbot/.airflow-venv/lib/python3.12/site-packages/airflow/example_dags/subdags/subdag.py for tasks to queue
[2026-09-05T16:26:29.274+0200] {logging_mixin.py:190} INFO - [2026-09-05T16:26:29.274+0200] {dagbag.py:588} INFO - Filling up the DagBag from /Users/swarnalidatta/Desktop/AutoQueryChatbot/.airflow-venv/lib/python3.12/site-packages/airflow/example_dags/subdags/subdag.py
[2026-09-05T16:26:29.274+0200] {processor.py:927} WARNING - No viable dags retrieved from /Users/swarnalidatta/Desktop/AutoQueryChatbot/.airflow-venv/lib/python3.12/site-packages/airflow/example_dags/subdags/subdag.py
[2026-09-05T16:26:29.298+0200] {processor.py:208} INFO - Processing /Users/swarnalidatta/Desktop/AutoQueryChatbot/.airflow-venv/lib/python3.12/site-packages/airflow/example_dags/subdags/subdag.py took 0.026 seconds
[2026-09-05T16:27:27.808+0200] {processor.py:186} INFO - Started process (PID=10067) to work on /Users/swarnalidatta/Desktop/AutoQueryChatbot/.airflow-venv/lib/python3.12/site-packages/airflow/example_dags/subdags/subdag.py
[2026-09-05T16:27:27.809+0200] {processor.py:914} INFO - Processing file /Users/swarnalidatta/Desktop/AutoQueryChatbot/.airflow-venv/lib/python3.12/site-packages/airflow/example_dags/subdags/subdag.py for tasks to queue
[2026-09-05T16:27:27.809+0200] {logging_mixin.py:190} INFO - [2026-09-05T16:27:27.809+0200] {dagbag.py:588} INFO - Filling up the DagBag from /Users/swarnalidatta/Desktop/AutoQueryChatbot/.airflow-venv/lib/python3.12/site-packages/airflow/example_dags/subdags/subdag.py
[2026-09-05T16:27:27.810+0200] {processor.py:927} WARNING - No viable dags retrieved from /Users/swarnalidatta/Desktop/AutoQueryChatbot/.airflow-venv/lib/python3.12/site-packages/airflow/example_dags/subdags/subdag.py
[2026-09-05T16:27:27.833+0200] {processor.py:208} INFO - Processing /Users/swarnalidatta/Desktop/AutoQueryChatbot/.airflow-venv/lib/python3.12/site-packages/airflow/example_dags/subdags/subdag.py took 0.026 seconds
[2026-09-05T16:28:26.032+0200] {processor.py:186} INFO - Started process (PID=10190) to work on /Users/swarnalidatta/Desktop/AutoQueryChatbot/.airflow-venv/lib/python3.12/site-packages/airflow/example_dags/subdags/subdag.py
[2026-09-05T16:28:26.033+0200] {processor.py:914} INFO - Processing file /Users/swarnalidatta/Desktop/AutoQueryChatbot/.airflow-venv/lib/python3.12/site-packages/airflow/example_dags/subdags/subdag.py for tasks to queue
[2026-09-05T16:28:26.033+0200] {logging_mixin.py:190} INFO - [2026-09-05T16:28:26.033+0200] {dagbag.py:588} INFO - Filling up the DagBag from /Users/swarnalidatta/Desktop/AutoQueryChatbot/.airflow-venv/lib/python3.12/site-packages/airflow/example_dags/subdags/subdag.py
[2026-09-05T16:28:26.034+0200] {processor.py:927} WARNING - No viable dags retrieved from /Users/swarnalidatta/Desktop/AutoQueryChatbot/.airflow-venv/lib/python3.12/site-packages/airflow/example_dags/subdags/subdag.py
[2026-09-05T16:28:26.057+0200] {processor.py:208} INFO - Processing /Users/swarnalidatta/Desktop/AutoQueryChatbot/.airflow-venv/lib/python3.12/site-packages/airflow/example_dags/subdags/subdag.py took 0.026 seconds
[2026-09-05T16:29:23.006+0200] {processor.py:186} INFO - Started process (PID=10413) to work on /Users/swarnalidatta/Desktop/AutoQueryChatbot/.airflow-venv/lib/python3.12/site-packages/airflow/example_dags/subdags/subdag.py
[2026-09-05T16:29:23.007+0200] {processor.py:914} INFO - Processing file /Users/swarnalidatta/Desktop/AutoQueryChatbot/.airflow-venv/lib/python3.12/site-packages/airflow/example_dags/subdags/subdag.py for tasks to queue
[2026-09-05T16:29:23.007+0200] {logging_mixin.py:190} INFO - [2026-09-05T16:29:23.007+0200] {dagbag.py:588} INFO - Filling up the DagBag from /Users/swarnalidatta/Desktop/AutoQueryChatbot/.airflow-venv/lib/python3.12/site-packages/airflow/example_dags/subdags/subdag.py
[2026-09-05T16:29:23.008+0200] {processor.py:927} WARNING - No viable dags retrieved from /Users/swarnalidatta/Desktop/AutoQueryChatbot/.airflow-venv/lib/python3.12/site-packages/airflow/example_dags/subdags/subdag.py
[2026-09-05T16:29:23.032+0200] {processor.py:208} INFO - Processing /Users/swarnalidatta/Desktop/AutoQueryChatbot/.airflow-venv/lib/python3.12/site-packages/airflow/example_dags/subdags/subdag.py took 0.027 seconds
[2026-09-05T16:30:20.230+0200] {processor.py:186} INFO - Started process (PID=10733) to work on /Users/swarnalidatta/Desktop/AutoQueryChatbot/.airflow-venv/lib/python3.12/site-packages/airflow/example_dags/subdags/subdag.py
[2026-09-05T16:30:20.231+0200] {processor.py:914} INFO - Processing file /Users/swarnalidatta/Desktop/AutoQueryChatbot/.airflow-venv/lib/python3.12/site-packages/airflow/example_dags/subdags/subdag.py for tasks to queue
[2026-09-05T16:30:20.231+0200] {logging_mixin.py:190} INFO - [2026-09-05T16:30:20.231+0200] {dagbag.py:588} INFO - Filling up the DagBag from /Users/swarnalidatta/Desktop/AutoQueryChatbot/.airflow-venv/lib/python3.12/site-packages/airflow/example_dags/subdags/subdag.py
[2026-09-05T16:30:20.232+0200] {processor.py:927} WARNING - No viable dags retrieved from /Users/swarnalidatta/Desktop/AutoQueryChatbot/.airflow-venv/lib/python3.12/site-packages/airflow/example_dags/subdags/subdag.py
[2026-09-05T16:30:20.256+0200] {processor.py:208} INFO - Processing /Users/swarnalidatta/Desktop/AutoQueryChatbot/.airflow-venv/lib/python3.12/site-packages/airflow/example_dags/subdags/subdag.py took 0.027 seconds
[2026-09-05T17:22:58.515+0200] {processor.py:186} INFO - Started process (PID=17728) to work on /Users/swarnalidatta/Desktop/AutoQueryChatbot/.airflow-venv/lib/python3.12/site-packages/airflow/example_dags/subdags/subdag.py
[2026-09-05T17:22:58.516+0200] {processor.py:914} INFO - Processing file /Users/swarnalidatta/Desktop/AutoQueryChatbot/.airflow-venv/lib/python3.12/site-packages/airflow/example_dags/subdags/subdag.py for tasks to queue
[2026-09-05T17:22:58.516+0200] {logging_mixin.py:190} INFO - [2026-09-05T17:22:58.516+0200] {dagbag.py:588} INFO - Filling up the DagBag from /Users/swarnalidatta/Desktop/AutoQueryChatbot/.airflow-venv/lib/python3.12/site-packages/airflow/example_dags/subdags/subdag.py
[2026-09-05T17:22:58.517+0200] {processor.py:927} WARNING - No viable dags retrieved from /Users/swarnalidatta/Desktop/AutoQueryChatbot/.airflow-venv/lib/python3.12/site-packages/airflow/example_dags/subdags/subdag.py
[2026-09-05T17:22:58.542+0200] {processor.py:208} INFO - Processing /Users/swarnalidatta/Desktop/AutoQueryChatbot/.airflow-venv/lib/python3.12/site-packages/airflow/example_dags/subdags/subdag.py took 0.028 seconds
[2026-09-05T17:24:36.575+0200] {processor.py:186} INFO - Started process (PID=17962) to work on /Users/swarnalidatta/Desktop/AutoQueryChatbot/.airflow-venv/lib/python3.12/site-packages/airflow/example_dags/subdags/subdag.py
[2026-09-05T17:24:36.576+0200] {processor.py:914} INFO - Processing file /Users/swarnalidatta/Desktop/AutoQueryChatbot/.airflow-venv/lib/python3.12/site-packages/airflow/example_dags/subdags/subdag.py for tasks to queue
[2026-09-05T17:24:36.576+0200] {logging_mixin.py:190} INFO - [2026-09-05T17:24:36.576+0200] {dagbag.py:588} INFO - Filling up the DagBag from /Users/swarnalidatta/Desktop/AutoQueryChatbot/.airflow-venv/lib/python3.12/site-packages/airflow/example_dags/subdags/subdag.py
[2026-09-05T17:24:36.576+0200] {processor.py:927} WARNING - No viable dags retrieved from /Users/swarnalidatta/Desktop/AutoQueryChatbot/.airflow-venv/lib/python3.12/site-packages/airflow/example_dags/subdags/subdag.py
[2026-09-05T17:24:36.601+0200] {processor.py:208} INFO - Processing /Users/swarnalidatta/Desktop/AutoQueryChatbot/.airflow-venv/lib/python3.12/site-packages/airflow/example_dags/subdags/subdag.py took 0.027 seconds
[2026-09-05T17:25:38.513+0200] {processor.py:186} INFO - Started process (PID=18115) to work on /Users/swarnalidatta/Desktop/AutoQueryChatbot/.airflow-venv/lib/python3.12/site-packages/airflow/example_dags/subdags/subdag.py
[2026-09-05T17:25:38.513+0200] {processor.py:914} INFO - Processing file /Users/swarnalidatta/Desktop/AutoQueryChatbot/.airflow-venv/lib/python3.12/site-packages/airflow/example_dags/subdags/subdag.py for tasks to queue
[2026-09-05T17:25:38.514+0200] {logging_mixin.py:190} INFO - [2026-09-05T17:25:38.514+0200] {dagbag.py:588} INFO - Filling up the DagBag from /Users/swarnalidatta/Desktop/AutoQueryChatbot/.airflow-venv/lib/python3.12/site-packages/airflow/example_dags/subdags/subdag.py
[2026-09-05T17:25:38.514+0200] {processor.py:927} WARNING - No viable dags retrieved from /Users/swarnalidatta/Desktop/AutoQueryChatbot/.airflow-venv/lib/python3.12/site-packages/airflow/example_dags/subdags/subdag.py
[2026-09-05T17:25:38.539+0200] {processor.py:208} INFO - Processing /Users/swarnalidatta/Desktop/AutoQueryChatbot/.airflow-venv/lib/python3.12/site-packages/airflow/example_dags/subdags/subdag.py took 0.027 seconds
[2026-09-05T17:35:56.386+0200] {processor.py:186} INFO - Started process (PID=18294) to work on /Users/swarnalidatta/Desktop/AutoQueryChatbot/.airflow-venv/lib/python3.12/site-packages/airflow/example_dags/subdags/subdag.py
[2026-09-05T17:35:56.386+0200] {processor.py:914} INFO - Processing file /Users/swarnalidatta/Desktop/AutoQueryChatbot/.airflow-venv/lib/python3.12/site-packages/airflow/example_dags/subdags/subdag.py for tasks to queue
[2026-09-05T17:35:56.387+0200] {logging_mixin.py:190} INFO - [2026-09-05T17:35:56.386+0200] {dagbag.py:588} INFO - Filling up the DagBag from /Users/swarnalidatta/Desktop/AutoQueryChatbot/.airflow-venv/lib/python3.12/site-packages/airflow/example_dags/subdags/subdag.py
[2026-09-05T17:35:56.387+0200] {processor.py:927} WARNING - No viable dags retrieved from /Users/swarnalidatta/Desktop/AutoQueryChatbot/.airflow-venv/lib/python3.12/site-packages/airflow/example_dags/subdags/subdag.py
[2026-09-05T17:35:56.411+0200] {processor.py:208} INFO - Processing /Users/swarnalidatta/Desktop/AutoQueryChatbot/.airflow-venv/lib/python3.12/site-packages/airflow/example_dags/subdags/subdag.py took 0.026 seconds
[2026-09-05T17:37:29.817+0200] {processor.py:186} INFO - Started process (PID=18547) to work on /Users/swarnalidatta/Desktop/AutoQueryChatbot/.airflow-venv/lib/python3.12/site-packages/airflow/example_dags/subdags/subdag.py
[2026-09-05T17:37:29.818+0200] {processor.py:914} INFO - Processing file /Users/swarnalidatta/Desktop/AutoQueryChatbot/.airflow-venv/lib/python3.12/site-packages/airflow/example_dags/subdags/subdag.py for tasks to queue
[2026-09-05T17:37:29.818+0200] {logging_mixin.py:190} INFO - [2026-09-05T17:37:29.818+0200] {dagbag.py:588} INFO - Filling up the DagBag from /Users/swarnalidatta/Desktop/AutoQueryChatbot/.airflow-venv/lib/python3.12/site-packages/airflow/example_dags/subdags/subdag.py
[2026-09-05T17:37:29.819+0200] {processor.py:927} WARNING - No viable dags retrieved from /Users/swarnalidatta/Desktop/AutoQueryChatbot/.airflow-venv/lib/python3.12/site-packages/airflow/example_dags/subdags/subdag.py
[2026-09-05T17:37:29.843+0200] {processor.py:208} INFO - Processing /Users/swarnalidatta/Desktop/AutoQueryChatbot/.airflow-venv/lib/python3.12/site-packages/airflow/example_dags/subdags/subdag.py took 0.027 seconds
[2026-09-05T17:38:37.122+0200] {processor.py:186} INFO - Started process (PID=18738) to work on /Users/swarnalidatta/Desktop/AutoQueryChatbot/.airflow-venv/lib/python3.12/site-packages/airflow/example_dags/subdags/subdag.py
[2026-09-05T17:38:37.122+0200] {processor.py:914} INFO - Processing file /Users/swarnalidatta/Desktop/AutoQueryChatbot/.airflow-venv/lib/python3.12/site-packages/airflow/example_dags/subdags/subdag.py for tasks to queue
[2026-09-05T17:38:37.122+0200] {logging_mixin.py:190} INFO - [2026-09-05T17:38:37.122+0200] {dagbag.py:588} INFO - Filling up the DagBag from /Users/swarnalidatta/Desktop/AutoQueryChatbot/.airflow-venv/lib/python3.12/site-packages/airflow/example_dags/subdags/subdag.py
[2026-09-05T17:38:37.123+0200] {processor.py:927} WARNING - No viable dags retrieved from /Users/swarnalidatta/Desktop/AutoQueryChatbot/.airflow-venv/lib/python3.12/site-packages/airflow/example_dags/subdags/subdag.py
[2026-09-05T17:38:37.148+0200] {processor.py:208} INFO - Processing /Users/swarnalidatta/Desktop/AutoQueryChatbot/.airflow-venv/lib/python3.12/site-packages/airflow/example_dags/subdags/subdag.py took 0.027 seconds
[2026-09-05T17:39:45.267+0200] {processor.py:186} INFO - Started process (PID=18938) to work on /Users/swarnalidatta/Desktop/AutoQueryChatbot/.airflow-venv/lib/python3.12/site-packages/airflow/example_dags/subdags/subdag.py
[2026-09-05T17:39:45.267+0200] {processor.py:914} INFO - Processing file /Users/swarnalidatta/Desktop/AutoQueryChatbot/.airflow-venv/lib/python3.12/site-packages/airflow/example_dags/subdags/subdag.py for tasks to queue
[2026-09-05T17:39:45.267+0200] {logging_mixin.py:190} INFO - [2026-09-05T17:39:45.267+0200] {dagbag.py:588} INFO - Filling up the DagBag from /Users/swarnalidatta/Desktop/AutoQueryChatbot/.airflow-venv/lib/python3.12/site-packages/airflow/example_dags/subdags/subdag.py
[2026-09-05T17:39:45.268+0200] {processor.py:927} WARNING - No viable dags retrieved from /Users/swarnalidatta/Desktop/AutoQueryChatbot/.airflow-venv/lib/python3.12/site-packages/airflow/example_dags/subdags/subdag.py
[2026-09-05T17:39:45.293+0200] {processor.py:208} INFO - Processing /Users/swarnalidatta/Desktop/AutoQueryChatbot/.airflow-venv/lib/python3.12/site-packages/airflow/example_dags/subdags/subdag.py took 0.027 seconds
[2026-09-05T17:40:56.964+0200] {processor.py:186} INFO - Started process (PID=19144) to work on /Users/swarnalidatta/Desktop/AutoQueryChatbot/.airflow-venv/lib/python3.12/site-packages/airflow/example_dags/subdags/subdag.py
[2026-09-05T17:40:56.964+0200] {processor.py:914} INFO - Processing file /Users/swarnalidatta/Desktop/AutoQueryChatbot/.airflow-venv/lib/python3.12/site-packages/airflow/example_dags/subdags/subdag.py for tasks to queue
[2026-09-05T17:40:56.965+0200] {logging_mixin.py:190} INFO - [2026-09-05T17:40:56.965+0200] {dagbag.py:588} INFO - Filling up the DagBag from /Users/swarnalidatta/Desktop/AutoQueryChatbot/.airflow-venv/lib/python3.12/site-packages/airflow/example_dags/subdags/subdag.py
[2026-09-05T17:40:56.965+0200] {processor.py:927} WARNING - No viable dags retrieved from /Users/swarnalidatta/Desktop/AutoQueryChatbot/.airflow-venv/lib/python3.12/site-packages/airflow/example_dags/subdags/subdag.py
[2026-09-05T17:40:56.990+0200] {processor.py:208} INFO - Processing /Users/swarnalidatta/Desktop/AutoQueryChatbot/.airflow-venv/lib/python3.12/site-packages/airflow/example_dags/subdags/subdag.py took 0.027 seconds
[2026-09-05T17:42:08.350+0200] {processor.py:186} INFO - Started process (PID=19567) to work on /Users/swarnalidatta/Desktop/AutoQueryChatbot/.airflow-venv/lib/python3.12/site-packages/airflow/example_dags/subdags/subdag.py
[2026-09-05T17:42:08.351+0200] {processor.py:914} INFO - Processing file /Users/swarnalidatta/Desktop/AutoQueryChatbot/.airflow-venv/lib/python3.12/site-packages/airflow/example_dags/subdags/subdag.py for tasks to queue
[2026-09-05T17:42:08.351+0200] {logging_mixin.py:190} INFO - [2026-09-05T17:42:08.351+0200] {dagbag.py:588} INFO - Filling up the DagBag from /Users/swarnalidatta/Desktop/AutoQueryChatbot/.airflow-venv/lib/python3.12/site-packages/airflow/example_dags/subdags/subdag.py
[2026-09-05T17:42:08.352+0200] {processor.py:927} WARNING - No viable dags retrieved from /Users/swarnalidatta/Desktop/AutoQueryChatbot/.airflow-venv/lib/python3.12/site-packages/airflow/example_dags/subdags/subdag.py
[2026-09-05T17:42:08.376+0200] {processor.py:208} INFO - Processing /Users/swarnalidatta/Desktop/AutoQueryChatbot/.airflow-venv/lib/python3.12/site-packages/airflow/example_dags/subdags/subdag.py took 0.027 seconds
[2026-09-05T17:43:21.247+0200] {processor.py:186} INFO - Started process (PID=19804) to work on /Users/swarnalidatta/Desktop/AutoQueryChatbot/.airflow-venv/lib/python3.12/site-packages/airflow/example_dags/subdags/subdag.py
[2026-09-05T17:43:21.247+0200] {processor.py:914} INFO - Processing file /Users/swarnalidatta/Desktop/AutoQueryChatbot/.airflow-venv/lib/python3.12/site-packages/airflow/example_dags/subdags/subdag.py for tasks to queue
[2026-09-05T17:43:21.248+0200] {logging_mixin.py:190} INFO - [2026-09-05T17:43:21.248+0200] {dagbag.py:588} INFO - Filling up the DagBag from /Users/swarnalidatta/Desktop/AutoQueryChatbot/.airflow-venv/lib/python3.12/site-packages/airflow/example_dags/subdags/subdag.py
[2026-09-05T17:43:21.248+0200] {processor.py:927} WARNING - No viable dags retrieved from /Users/swarnalidatta/Desktop/AutoQueryChatbot/.airflow-venv/lib/python3.12/site-packages/airflow/example_dags/subdags/subdag.py
[2026-09-05T17:43:21.273+0200] {processor.py:208} INFO - Processing /Users/swarnalidatta/Desktop/AutoQueryChatbot/.airflow-venv/lib/python3.12/site-packages/airflow/example_dags/subdags/subdag.py took 0.027 seconds
[2026-09-05T17:45:19.354+0200] {processor.py:186} INFO - Started process (PID=20105) to work on /Users/swarnalidatta/Desktop/AutoQueryChatbot/.airflow-venv/lib/python3.12/site-packages/airflow/example_dags/subdags/subdag.py
[2026-09-05T17:45:19.354+0200] {processor.py:914} INFO - Processing file /Users/swarnalidatta/Desktop/AutoQueryChatbot/.airflow-venv/lib/python3.12/site-packages/airflow/example_dags/subdags/subdag.py for tasks to queue
[2026-09-05T17:45:19.355+0200] {logging_mixin.py:190} INFO - [2026-09-05T17:45:19.355+0200] {dagbag.py:588} INFO - Filling up the DagBag from /Users/swarnalidatta/Desktop/AutoQueryChatbot/.airflow-venv/lib/python3.12/site-packages/airflow/example_dags/subdags/subdag.py
[2026-09-05T17:45:19.355+0200] {processor.py:927} WARNING - No viable dags retrieved from /Users/swarnalidatta/Desktop/AutoQueryChatbot/.airflow-venv/lib/python3.12/site-packages/airflow/example_dags/subdags/subdag.py
[2026-09-05T17:45:19.381+0200] {processor.py:208} INFO - Processing /Users/swarnalidatta/Desktop/AutoQueryChatbot/.airflow-venv/lib/python3.12/site-packages/airflow/example_dags/subdags/subdag.py took 0.028 seconds
[2026-09-05T17:46:52.555+0200] {processor.py:186} INFO - Started process (PID=20420) to work on /Users/swarnalidatta/Desktop/AutoQueryChatbot/.airflow-venv/lib/python3.12/site-packages/airflow/example_dags/subdags/subdag.py
[2026-09-05T17:46:52.555+0200] {processor.py:914} INFO - Processing file /Users/swarnalidatta/Desktop/AutoQueryChatbot/.airflow-venv/lib/python3.12/site-packages/airflow/example_dags/subdags/subdag.py for tasks to queue
[2026-09-05T17:46:52.556+0200] {logging_mixin.py:190} INFO - [2026-09-05T17:46:52.556+0200] {dagbag.py:588} INFO - Filling up the DagBag from /Users/swarnalidatta/Desktop/AutoQueryChatbot/.airflow-venv/lib/python3.12/site-packages/airflow/example_dags/subdags/subdag.py
[2026-09-05T17:46:52.556+0200] {processor.py:927} WARNING - No viable dags retrieved from /Users/swarnalidatta/Desktop/AutoQueryChatbot/.airflow-venv/lib/python3.12/site-packages/airflow/example_dags/subdags/subdag.py
[2026-09-05T17:46:52.581+0200] {processor.py:208} INFO - Processing /Users/swarnalidatta/Desktop/AutoQueryChatbot/.airflow-venv/lib/python3.12/site-packages/airflow/example_dags/subdags/subdag.py took 0.027 seconds
[2026-09-05T17:48:17.418+0200] {processor.py:186} INFO - Started process (PID=20708) to work on /Users/swarnalidatta/Desktop/AutoQueryChatbot/.airflow-venv/lib/python3.12/site-packages/airflow/example_dags/subdags/subdag.py
[2026-09-05T17:48:17.418+0200] {processor.py:914} INFO - Processing file /Users/swarnalidatta/Desktop/AutoQueryChatbot/.airflow-venv/lib/python3.12/site-packages/airflow/example_dags/subdags/subdag.py for tasks to queue
[2026-09-05T17:48:17.418+0200] {logging_mixin.py:190} INFO - [2026-09-05T17:48:17.418+0200] {dagbag.py:588} INFO - Filling up the DagBag from /Users/swarnalidatta/Desktop/AutoQueryChatbot/.airflow-venv/lib/python3.12/site-packages/airflow/example_dags/subdags/subdag.py
[2026-09-05T17:48:17.419+0200] {processor.py:927} WARNING - No viable dags retrieved from /Users/swarnalidatta/Desktop/AutoQueryChatbot/.airflow-venv/lib/python3.12/site-packages/airflow/example_dags/subdags/subdag.py
[2026-09-05T17:48:17.444+0200] {processor.py:208} INFO - Processing /Users/swarnalidatta/Desktop/AutoQueryChatbot/.airflow-venv/lib/python3.12/site-packages/airflow/example_dags/subdags/subdag.py took 0.028 seconds
[2026-09-05T17:49:33.786+0200] {processor.py:186} INFO - Started process (PID=21143) to work on /Users/swarnalidatta/Desktop/AutoQueryChatbot/.airflow-venv/lib/python3.12/site-packages/airflow/example_dags/subdags/subdag.py
[2026-09-05T17:49:33.786+0200] {processor.py:914} INFO - Processing file /Users/swarnalidatta/Desktop/AutoQueryChatbot/.airflow-venv/lib/python3.12/site-packages/airflow/example_dags/subdags/subdag.py for tasks to queue
[2026-09-05T17:49:33.787+0200] {logging_mixin.py:190} INFO - [2026-09-05T17:49:33.786+0200] {dagbag.py:588} INFO - Filling up the DagBag from /Users/swarnalidatta/Desktop/AutoQueryChatbot/.airflow-venv/lib/python3.12/site-packages/airflow/example_dags/subdags/subdag.py
[2026-09-05T17:49:33.787+0200] {processor.py:927} WARNING - No viable dags retrieved from /Users/swarnalidatta/Desktop/AutoQueryChatbot/.airflow-venv/lib/python3.12/site-packages/airflow/example_dags/subdags/subdag.py
[2026-09-05T17:49:33.812+0200] {processor.py:208} INFO - Processing /Users/swarnalidatta/Desktop/AutoQueryChatbot/.airflow-venv/lib/python3.12/site-packages/airflow/example_dags/subdags/subdag.py took 0.027 seconds
[2026-09-05T17:50:39.266+0200] {processor.py:186} INFO - Started process (PID=21299) to work on /Users/swarnalidatta/Desktop/AutoQueryChatbot/.airflow-venv/lib/python3.12/site-packages/airflow/example_dags/subdags/subdag.py
[2026-09-05T17:50:39.266+0200] {processor.py:914} INFO - Processing file /Users/swarnalidatta/Desktop/AutoQueryChatbot/.airflow-venv/lib/python3.12/site-packages/airflow/example_dags/subdags/subdag.py for tasks to queue
[2026-09-05T17:50:39.266+0200] {logging_mixin.py:190} INFO - [2026-09-05T17:50:39.266+0200] {dagbag.py:588} INFO - Filling up the DagBag from /Users/swarnalidatta/Desktop/AutoQueryChatbot/.airflow-venv/lib/python3.12/site-packages/airflow/example_dags/subdags/subdag.py
[2026-09-05T17:50:39.267+0200] {processor.py:927} WARNING - No viable dags retrieved from /Users/swarnalidatta/Desktop/AutoQueryChatbot/.airflow-venv/lib/python3.12/site-packages/airflow/example_dags/subdags/subdag.py
[2026-09-05T17:50:39.292+0200] {processor.py:208} INFO - Processing /Users/swarnalidatta/Desktop/AutoQueryChatbot/.airflow-venv/lib/python3.12/site-packages/airflow/example_dags/subdags/subdag.py took 0.027 seconds
[2026-09-05T17:51:44.006+0200] {processor.py:186} INFO - Started process (PID=21455) to work on /Users/swarnalidatta/Desktop/AutoQueryChatbot/.airflow-venv/lib/python3.12/site-packages/airflow/example_dags/subdags/subdag.py
[2026-09-05T17:51:44.007+0200] {processor.py:914} INFO - Processing file /Users/swarnalidatta/Desktop/AutoQueryChatbot/.airflow-venv/lib/python3.12/site-packages/airflow/example_dags/subdags/subdag.py for tasks to queue
[2026-09-05T17:51:44.007+0200] {logging_mixin.py:190} INFO - [2026-09-05T17:51:44.007+0200] {dagbag.py:588} INFO - Filling up the DagBag from /Users/swarnalidatta/Desktop/AutoQueryChatbot/.airflow-venv/lib/python3.12/site-packages/airflow/example_dags/subdags/subdag.py
[2026-09-05T17:51:44.008+0200] {processor.py:927} WARNING - No viable dags retrieved from /Users/swarnalidatta/Desktop/AutoQueryChatbot/.airflow-venv/lib/python3.12/site-packages/airflow/example_dags/subdags/subdag.py
[2026-09-05T17:51:44.033+0200] {processor.py:208} INFO - Processing /Users/swarnalidatta/Desktop/AutoQueryChatbot/.airflow-venv/lib/python3.12/site-packages/airflow/example_dags/subdags/subdag.py took 0.028 seconds
[2026-09-05T17:52:43.683+0200] {processor.py:186} INFO - Started process (PID=21591) to work on /Users/swarnalidatta/Desktop/AutoQueryChatbot/.airflow-venv/lib/python3.12/site-packages/airflow/example_dags/subdags/subdag.py
[2026-09-05T17:52:43.684+0200] {processor.py:914} INFO - Processing file /Users/swarnalidatta/Desktop/AutoQueryChatbot/.airflow-venv/lib/python3.12/site-packages/airflow/example_dags/subdags/subdag.py for tasks to queue
[2026-09-05T17:52:43.684+0200] {logging_mixin.py:190} INFO - [2026-09-05T17:52:43.684+0200] {dagbag.py:588} INFO - Filling up the DagBag from /Users/swarnalidatta/Desktop/AutoQueryChatbot/.airflow-venv/lib/python3.12/site-packages/airflow/example_dags/subdags/subdag.py
[2026-09-05T17:52:43.684+0200] {processor.py:927} WARNING - No viable dags retrieved from /Users/swarnalidatta/Desktop/AutoQueryChatbot/.airflow-venv/lib/python3.12/site-packages/airflow/example_dags/subdags/subdag.py
[2026-09-05T17:52:43.709+0200] {processor.py:208} INFO - Processing /Users/swarnalidatta/Desktop/AutoQueryChatbot/.airflow-venv/lib/python3.12/site-packages/airflow/example_dags/subdags/subdag.py took 0.027 seconds
[2026-09-05T17:53:44.094+0200] {processor.py:186} INFO - Started process (PID=21731) to work on /Users/swarnalidatta/Desktop/AutoQueryChatbot/.airflow-venv/lib/python3.12/site-packages/airflow/example_dags/subdags/subdag.py
[2026-09-05T17:53:44.094+0200] {processor.py:914} INFO - Processing file /Users/swarnalidatta/Desktop/AutoQueryChatbot/.airflow-venv/lib/python3.12/site-packages/airflow/example_dags/subdags/subdag.py for tasks to queue
[2026-09-05T17:53:44.095+0200] {logging_mixin.py:190} INFO - [2026-09-05T17:53:44.094+0200] {dagbag.py:588} INFO - Filling up the DagBag from /Users/swarnalidatta/Desktop/AutoQueryChatbot/.airflow-venv/lib/python3.12/site-packages/airflow/example_dags/subdags/subdag.py
[2026-09-05T17:53:44.095+0200] {processor.py:927} WARNING - No viable dags retrieved from /Users/swarnalidatta/Desktop/AutoQueryChatbot/.airflow-venv/lib/python3.12/site-packages/airflow/example_dags/subdags/subdag.py
[2026-09-05T17:53:44.119+0200] {processor.py:208} INFO - Processing /Users/swarnalidatta/Desktop/AutoQueryChatbot/.airflow-venv/lib/python3.12/site-packages/airflow/example_dags/subdags/subdag.py took 0.027 seconds
[2026-09-05T17:54:47.013+0200] {processor.py:186} INFO - Started process (PID=21886) to work on /Users/swarnalidatta/Desktop/AutoQueryChatbot/.airflow-venv/lib/python3.12/site-packages/airflow/example_dags/subdags/subdag.py
[2026-09-05T17:54:47.013+0200] {processor.py:914} INFO - Processing file /Users/swarnalidatta/Desktop/AutoQueryChatbot/.airflow-venv/lib/python3.12/site-packages/airflow/example_dags/subdags/subdag.py for tasks to queue
[2026-09-05T17:54:47.014+0200] {logging_mixin.py:190} INFO - [2026-09-05T17:54:47.014+0200] {dagbag.py:588} INFO - Filling up the DagBag from /Users/swarnalidatta/Desktop/AutoQueryChatbot/.airflow-venv/lib/python3.12/site-packages/airflow/example_dags/subdags/subdag.py
[2026-09-05T17:54:47.014+0200] {processor.py:927} WARNING - No viable dags retrieved from /Users/swarnalidatta/Desktop/AutoQueryChatbot/.airflow-venv/lib/python3.12/site-packages/airflow/example_dags/subdags/subdag.py
[2026-09-05T17:54:47.039+0200] {processor.py:208} INFO - Processing /Users/swarnalidatta/Desktop/AutoQueryChatbot/.airflow-venv/lib/python3.12/site-packages/airflow/example_dags/subdags/subdag.py took 0.027 seconds
[2026-09-05T17:55:45.320+0200] {processor.py:186} INFO - Started process (PID=22021) to work on /Users/swarnalidatta/Desktop/AutoQueryChatbot/.airflow-venv/lib/python3.12/site-packages/airflow/example_dags/subdags/subdag.py
[2026-09-05T17:55:45.320+0200] {processor.py:914} INFO - Processing file /Users/swarnalidatta/Desktop/AutoQueryChatbot/.airflow-venv/lib/python3.12/site-packages/airflow/example_dags/subdags/subdag.py for tasks to queue
[2026-09-05T17:55:45.320+0200] {logging_mixin.py:190} INFO - [2026-09-05T17:55:45.320+0200] {dagbag.py:588} INFO - Filling up the DagBag from /Users/swarnalidatta/Desktop/AutoQueryChatbot/.airflow-venv/lib/python3.12/site-packages/airflow/example_dags/subdags/subdag.py
[2026-09-05T17:55:45.321+0200] {processor.py:927} WARNING - No viable dags retrieved from /Users/swarnalidatta/Desktop/AutoQueryChatbot/.airflow-venv/lib/python3.12/site-packages/airflow/example_dags/subdags/subdag.py
[2026-09-05T17:55:45.345+0200] {processor.py:208} INFO - Processing /Users/swarnalidatta/Desktop/AutoQueryChatbot/.airflow-venv/lib/python3.12/site-packages/airflow/example_dags/subdags/subdag.py took 0.027 seconds
[2026-09-05T17:56:44.935+0200] {processor.py:186} INFO - Started process (PID=22169) to work on /Users/swarnalidatta/Desktop/AutoQueryChatbot/.airflow-venv/lib/python3.12/site-packages/airflow/example_dags/subdags/subdag.py
[2026-09-05T17:56:44.936+0200] {processor.py:914} INFO - Processing file /Users/swarnalidatta/Desktop/AutoQueryChatbot/.airflow-venv/lib/python3.12/site-packages/airflow/example_dags/subdags/subdag.py for tasks to queue
[2026-09-05T17:56:44.936+0200] {logging_mixin.py:190} INFO - [2026-09-05T17:56:44.936+0200] {dagbag.py:588} INFO - Filling up the DagBag from /Users/swarnalidatta/Desktop/AutoQueryChatbot/.airflow-venv/lib/python3.12/site-packages/airflow/example_dags/subdags/subdag.py
[2026-09-05T17:56:44.937+0200] {processor.py:927} WARNING - No viable dags retrieved from /Users/swarnalidatta/Desktop/AutoQueryChatbot/.airflow-venv/lib/python3.12/site-packages/airflow/example_dags/subdags/subdag.py
[2026-09-05T17:56:44.961+0200] {processor.py:208} INFO - Processing /Users/swarnalidatta/Desktop/AutoQueryChatbot/.airflow-venv/lib/python3.12/site-packages/airflow/example_dags/subdags/subdag.py took 0.027 seconds
[2026-09-05T17:57:57.046+0200] {processor.py:186} INFO - Started process (PID=22332) to work on /Users/swarnalidatta/Desktop/AutoQueryChatbot/.airflow-venv/lib/python3.12/site-packages/airflow/example_dags/subdags/subdag.py
[2026-09-05T17:57:57.046+0200] {processor.py:914} INFO - Processing file /Users/swarnalidatta/Desktop/AutoQueryChatbot/.airflow-venv/lib/python3.12/site-packages/airflow/example_dags/subdags/subdag.py for tasks to queue
[2026-09-05T17:57:57.046+0200] {logging_mixin.py:190} INFO - [2026-09-05T17:57:57.046+0200] {dagbag.py:588} INFO - Filling up the DagBag from /Users/swarnalidatta/Desktop/AutoQueryChatbot/.airflow-venv/lib/python3.12/site-packages/airflow/example_dags/subdags/subdag.py
[2026-09-05T17:57:57.047+0200] {processor.py:927} WARNING - No viable dags retrieved from /Users/swarnalidatta/Desktop/AutoQueryChatbot/.airflow-venv/lib/python3.12/site-packages/airflow/example_dags/subdags/subdag.py
[2026-09-05T17:57:57.071+0200] {processor.py:208} INFO - Processing /Users/swarnalidatta/Desktop/AutoQueryChatbot/.airflow-venv/lib/python3.12/site-packages/airflow/example_dags/subdags/subdag.py took 0.027 seconds
[2026-09-05T17:58:57.435+0200] {processor.py:186} INFO - Started process (PID=22469) to work on /Users/swarnalidatta/Desktop/AutoQueryChatbot/.airflow-venv/lib/python3.12/site-packages/airflow/example_dags/subdags/subdag.py
[2026-09-05T17:58:57.435+0200] {processor.py:914} INFO - Processing file /Users/swarnalidatta/Desktop/AutoQueryChatbot/.airflow-venv/lib/python3.12/site-packages/airflow/example_dags/subdags/subdag.py for tasks to queue
[2026-09-05T17:58:57.436+0200] {logging_mixin.py:190} INFO - [2026-09-05T17:58:57.435+0200] {dagbag.py:588} INFO - Filling up the DagBag from /Users/swarnalidatta/Desktop/AutoQueryChatbot/.airflow-venv/lib/python3.12/site-packages/airflow/example_dags/subdags/subdag.py
[2026-09-05T17:58:57.436+0200] {processor.py:927} WARNING - No viable dags retrieved from /Users/swarnalidatta/Desktop/AutoQueryChatbot/.airflow-venv/lib/python3.12/site-packages/airflow/example_dags/subdags/subdag.py
[2026-09-05T17:58:57.461+0200] {processor.py:208} INFO - Processing /Users/swarnalidatta/Desktop/AutoQueryChatbot/.airflow-venv/lib/python3.12/site-packages/airflow/example_dags/subdags/subdag.py took 0.027 seconds
[2026-09-05T18:00:02.469+0200] {processor.py:186} INFO - Started process (PID=22615) to work on /Users/swarnalidatta/Desktop/AutoQueryChatbot/.airflow-venv/lib/python3.12/site-packages/airflow/example_dags/subdags/subdag.py
[2026-09-05T18:00:02.470+0200] {processor.py:914} INFO - Processing file /Users/swarnalidatta/Desktop/AutoQueryChatbot/.airflow-venv/lib/python3.12/site-packages/airflow/example_dags/subdags/subdag.py for tasks to queue
[2026-09-05T18:00:02.470+0200] {logging_mixin.py:190} INFO - [2026-09-05T18:00:02.470+0200] {dagbag.py:588} INFO - Filling up the DagBag from /Users/swarnalidatta/Desktop/AutoQueryChatbot/.airflow-venv/lib/python3.12/site-packages/airflow/example_dags/subdags/subdag.py
[2026-09-05T18:00:02.471+0200] {processor.py:927} WARNING - No viable dags retrieved from /Users/swarnalidatta/Desktop/AutoQueryChatbot/.airflow-venv/lib/python3.12/site-packages/airflow/example_dags/subdags/subdag.py
[2026-09-05T18:00:02.495+0200] {processor.py:208} INFO - Processing /Users/swarnalidatta/Desktop/AutoQueryChatbot/.airflow-venv/lib/python3.12/site-packages/airflow/example_dags/subdags/subdag.py took 0.027 seconds
[2026-09-05T18:01:01.753+0200] {processor.py:186} INFO - Started process (PID=22748) to work on /Users/swarnalidatta/Desktop/AutoQueryChatbot/.airflow-venv/lib/python3.12/site-packages/airflow/example_dags/subdags/subdag.py
[2026-09-05T18:01:01.753+0200] {processor.py:914} INFO - Processing file /Users/swarnalidatta/Desktop/AutoQueryChatbot/.airflow-venv/lib/python3.12/site-packages/airflow/example_dags/subdags/subdag.py for tasks to queue
[2026-09-05T18:01:01.753+0200] {logging_mixin.py:190} INFO - [2026-09-05T18:01:01.753+0200] {dagbag.py:588} INFO - Filling up the DagBag from /Users/swarnalidatta/Desktop/AutoQueryChatbot/.airflow-venv/lib/python3.12/site-packages/airflow/example_dags/subdags/subdag.py
[2026-09-05T18:01:01.754+0200] {processor.py:927} WARNING - No viable dags retrieved from /Users/swarnalidatta/Desktop/AutoQueryChatbot/.airflow-venv/lib/python3.12/site-packages/airflow/example_dags/subdags/subdag.py
[2026-09-05T18:01:01.778+0200] {processor.py:208} INFO - Processing /Users/swarnalidatta/Desktop/AutoQueryChatbot/.airflow-venv/lib/python3.12/site-packages/airflow/example_dags/subdags/subdag.py took 0.027 seconds
[2026-09-05T18:19:18.245+0200] {processor.py:186} INFO - Started process (PID=22934) to work on /Users/swarnalidatta/Desktop/AutoQueryChatbot/.airflow-venv/lib/python3.12/site-packages/airflow/example_dags/subdags/subdag.py
[2026-09-05T18:19:18.246+0200] {processor.py:914} INFO - Processing file /Users/swarnalidatta/Desktop/AutoQueryChatbot/.airflow-venv/lib/python3.12/site-packages/airflow/example_dags/subdags/subdag.py for tasks to queue
[2026-09-05T18:19:18.246+0200] {logging_mixin.py:190} INFO - [2026-09-05T18:19:18.246+0200] {dagbag.py:588} INFO - Filling up the DagBag from /Users/swarnalidatta/Desktop/AutoQueryChatbot/.airflow-venv/lib/python3.12/site-packages/airflow/example_dags/subdags/subdag.py
[2026-09-05T18:19:18.247+0200] {processor.py:927} WARNING - No viable dags retrieved from /Users/swarnalidatta/Desktop/AutoQueryChatbot/.airflow-venv/lib/python3.12/site-packages/airflow/example_dags/subdags/subdag.py
[2026-09-05T18:19:18.270+0200] {processor.py:208} INFO - Processing /Users/swarnalidatta/Desktop/AutoQueryChatbot/.airflow-venv/lib/python3.12/site-packages/airflow/example_dags/subdags/subdag.py took 0.026 seconds
[2026-09-05T18:20:45.887+0200] {processor.py:186} INFO - Started process (PID=23166) to work on /Users/swarnalidatta/Desktop/AutoQueryChatbot/.airflow-venv/lib/python3.12/site-packages/airflow/example_dags/subdags/subdag.py
[2026-09-05T18:20:45.887+0200] {processor.py:914} INFO - Processing file /Users/swarnalidatta/Desktop/AutoQueryChatbot/.airflow-venv/lib/python3.12/site-packages/airflow/example_dags/subdags/subdag.py for tasks to queue
[2026-09-05T18:20:45.888+0200] {logging_mixin.py:190} INFO - [2026-09-05T18:20:45.888+0200] {dagbag.py:588} INFO - Filling up the DagBag from /Users/swarnalidatta/Desktop/AutoQueryChatbot/.airflow-venv/lib/python3.12/site-packages/airflow/example_dags/subdags/subdag.py
[2026-09-05T18:20:45.888+0200] {processor.py:927} WARNING - No viable dags retrieved from /Users/swarnalidatta/Desktop/AutoQueryChatbot/.airflow-venv/lib/python3.12/site-packages/airflow/example_dags/subdags/subdag.py
[2026-09-05T18:20:45.913+0200] {processor.py:208} INFO - Processing /Users/swarnalidatta/Desktop/AutoQueryChatbot/.airflow-venv/lib/python3.12/site-packages/airflow/example_dags/subdags/subdag.py took 0.027 seconds
[2026-09-05T18:21:51.573+0200] {processor.py:186} INFO - Started process (PID=23352) to work on /Users/swarnalidatta/Desktop/AutoQueryChatbot/.airflow-venv/lib/python3.12/site-packages/airflow/example_dags/subdags/subdag.py
[2026-09-05T18:21:51.574+0200] {processor.py:914} INFO - Processing file /Users/swarnalidatta/Desktop/AutoQueryChatbot/.airflow-venv/lib/python3.12/site-packages/airflow/example_dags/subdags/subdag.py for tasks to queue
[2026-09-05T18:21:51.574+0200] {logging_mixin.py:190} INFO - [2026-09-05T18:21:51.574+0200] {dagbag.py:588} INFO - Filling up the DagBag from /Users/swarnalidatta/Desktop/AutoQueryChatbot/.airflow-venv/lib/python3.12/site-packages/airflow/example_dags/subdags/subdag.py
[2026-09-05T18:21:51.575+0200] {processor.py:927} WARNING - No viable dags retrieved from /Users/swarnalidatta/Desktop/AutoQueryChatbot/.airflow-venv/lib/python3.12/site-packages/airflow/example_dags/subdags/subdag.py
[2026-09-05T18:21:51.599+0200] {processor.py:208} INFO - Processing /Users/swarnalidatta/Desktop/AutoQueryChatbot/.airflow-venv/lib/python3.12/site-packages/airflow/example_dags/subdags/subdag.py took 0.027 seconds
[2026-09-05T18:22:57.855+0200] {processor.py:186} INFO - Started process (PID=23541) to work on /Users/swarnalidatta/Desktop/AutoQueryChatbot/.airflow-venv/lib/python3.12/site-packages/airflow/example_dags/subdags/subdag.py
[2026-09-05T18:22:57.855+0200] {processor.py:914} INFO - Processing file /Users/swarnalidatta/Desktop/AutoQueryChatbot/.airflow-venv/lib/python3.12/site-packages/airflow/example_dags/subdags/subdag.py for tasks to queue
[2026-09-05T18:22:57.856+0200] {logging_mixin.py:190} INFO - [2026-09-05T18:22:57.856+0200] {dagbag.py:588} INFO - Filling up the DagBag from /Users/swarnalidatta/Desktop/AutoQueryChatbot/.airflow-venv/lib/python3.12/site-packages/airflow/example_dags/subdags/subdag.py
[2026-09-05T18:22:57.856+0200] {processor.py:927} WARNING - No viable dags retrieved from /Users/swarnalidatta/Desktop/AutoQueryChatbot/.airflow-venv/lib/python3.12/site-packages/airflow/example_dags/subdags/subdag.py
[2026-09-05T18:22:57.880+0200] {processor.py:208} INFO - Processing /Users/swarnalidatta/Desktop/AutoQueryChatbot/.airflow-venv/lib/python3.12/site-packages/airflow/example_dags/subdags/subdag.py took 0.027 seconds
[2026-09-05T18:24:06.775+0200] {processor.py:186} INFO - Started process (PID=23760) to work on /Users/swarnalidatta/Desktop/AutoQueryChatbot/.airflow-venv/lib/python3.12/site-packages/airflow/example_dags/subdags/subdag.py
[2026-09-05T18:24:06.776+0200] {processor.py:914} INFO - Processing file /Users/swarnalidatta/Desktop/AutoQueryChatbot/.airflow-venv/lib/python3.12/site-packages/airflow/example_dags/subdags/subdag.py for tasks to queue
[2026-09-05T18:24:06.776+0200] {logging_mixin.py:190} INFO - [2026-09-05T18:24:06.776+0200] {dagbag.py:588} INFO - Filling up the DagBag from /Users/swarnalidatta/Desktop/AutoQueryChatbot/.airflow-venv/lib/python3.12/site-packages/airflow/example_dags/subdags/subdag.py
[2026-09-05T18:24:06.777+0200] {processor.py:927} WARNING - No viable dags retrieved from /Users/swarnalidatta/Desktop/AutoQueryChatbot/.airflow-venv/lib/python3.12/site-packages/airflow/example_dags/subdags/subdag.py
[2026-09-05T18:24:06.801+0200] {processor.py:208} INFO - Processing /Users/swarnalidatta/Desktop/AutoQueryChatbot/.airflow-venv/lib/python3.12/site-packages/airflow/example_dags/subdags/subdag.py took 0.027 seconds
[2026-09-05T18:25:16.442+0200] {processor.py:186} INFO - Started process (PID=24310) to work on /Users/swarnalidatta/Desktop/AutoQueryChatbot/.airflow-venv/lib/python3.12/site-packages/airflow/example_dags/subdags/subdag.py
[2026-09-05T18:25:16.442+0200] {processor.py:914} INFO - Processing file /Users/swarnalidatta/Desktop/AutoQueryChatbot/.airflow-venv/lib/python3.12/site-packages/airflow/example_dags/subdags/subdag.py for tasks to queue
[2026-09-05T18:25:16.443+0200] {logging_mixin.py:190} INFO - [2026-09-05T18:25:16.442+0200] {dagbag.py:588} INFO - Filling up the DagBag from /Users/swarnalidatta/Desktop/AutoQueryChatbot/.airflow-venv/lib/python3.12/site-packages/airflow/example_dags/subdags/subdag.py
[2026-09-05T18:25:16.443+0200] {processor.py:927} WARNING - No viable dags retrieved from /Users/swarnalidatta/Desktop/AutoQueryChatbot/.airflow-venv/lib/python3.12/site-packages/airflow/example_dags/subdags/subdag.py
[2026-09-05T18:25:16.471+0200] {processor.py:208} INFO - Processing /Users/swarnalidatta/Desktop/AutoQueryChatbot/.airflow-venv/lib/python3.12/site-packages/airflow/example_dags/subdags/subdag.py took 0.031 seconds
[2026-09-05T18:26:30.208+0200] {processor.py:186} INFO - Started process (PID=24793) to work on /Users/swarnalidatta/Desktop/AutoQueryChatbot/.airflow-venv/lib/python3.12/site-packages/airflow/example_dags/subdags/subdag.py
[2026-09-05T18:26:30.209+0200] {processor.py:914} INFO - Processing file /Users/swarnalidatta/Desktop/AutoQueryChatbot/.airflow-venv/lib/python3.12/site-packages/airflow/example_dags/subdags/subdag.py for tasks to queue
[2026-09-05T18:26:30.209+0200] {logging_mixin.py:190} INFO - [2026-09-05T18:26:30.209+0200] {dagbag.py:588} INFO - Filling up the DagBag from /Users/swarnalidatta/Desktop/AutoQueryChatbot/.airflow-venv/lib/python3.12/site-packages/airflow/example_dags/subdags/subdag.py
[2026-09-05T18:26:30.210+0200] {processor.py:927} WARNING - No viable dags retrieved from /Users/swarnalidatta/Desktop/AutoQueryChatbot/.airflow-venv/lib/python3.12/site-packages/airflow/example_dags/subdags/subdag.py
[2026-09-05T18:26:30.234+0200] {processor.py:208} INFO - Processing /Users/swarnalidatta/Desktop/AutoQueryChatbot/.airflow-venv/lib/python3.12/site-packages/airflow/example_dags/subdags/subdag.py took 0.027 seconds
[2026-09-05T18:51:41.278+0200] {processor.py:186} INFO - Started process (PID=25148) to work on /Users/swarnalidatta/Desktop/AutoQueryChatbot/.airflow-venv/lib/python3.12/site-packages/airflow/example_dags/subdags/subdag.py
[2026-09-05T18:51:41.279+0200] {processor.py:914} INFO - Processing file /Users/swarnalidatta/Desktop/AutoQueryChatbot/.airflow-venv/lib/python3.12/site-packages/airflow/example_dags/subdags/subdag.py for tasks to queue
[2026-09-05T18:51:41.279+0200] {logging_mixin.py:190} INFO - [2026-09-05T18:51:41.279+0200] {dagbag.py:588} INFO - Filling up the DagBag from /Users/swarnalidatta/Desktop/AutoQueryChatbot/.airflow-venv/lib/python3.12/site-packages/airflow/example_dags/subdags/subdag.py
[2026-09-05T18:51:41.280+0200] {processor.py:927} WARNING - No viable dags retrieved from /Users/swarnalidatta/Desktop/AutoQueryChatbot/.airflow-venv/lib/python3.12/site-packages/airflow/example_dags/subdags/subdag.py
[2026-09-05T18:51:41.304+0200] {processor.py:208} INFO - Processing /Users/swarnalidatta/Desktop/AutoQueryChatbot/.airflow-venv/lib/python3.12/site-packages/airflow/example_dags/subdags/subdag.py took 0.026 seconds
[2026-09-05T18:53:12.352+0200] {processor.py:186} INFO - Started process (PID=25492) to work on /Users/swarnalidatta/Desktop/AutoQueryChatbot/.airflow-venv/lib/python3.12/site-packages/airflow/example_dags/subdags/subdag.py
[2026-09-05T18:53:12.353+0200] {processor.py:914} INFO - Processing file /Users/swarnalidatta/Desktop/AutoQueryChatbot/.airflow-venv/lib/python3.12/site-packages/airflow/example_dags/subdags/subdag.py for tasks to queue
[2026-09-05T18:53:12.353+0200] {logging_mixin.py:190} INFO - [2026-09-05T18:53:12.353+0200] {dagbag.py:588} INFO - Filling up the DagBag from /Users/swarnalidatta/Desktop/AutoQueryChatbot/.airflow-venv/lib/python3.12/site-packages/airflow/example_dags/subdags/subdag.py
[2026-09-05T18:53:12.354+0200] {processor.py:927} WARNING - No viable dags retrieved from /Users/swarnalidatta/Desktop/AutoQueryChatbot/.airflow-venv/lib/python3.12/site-packages/airflow/example_dags/subdags/subdag.py
[2026-09-05T18:53:12.378+0200] {processor.py:208} INFO - Processing /Users/swarnalidatta/Desktop/AutoQueryChatbot/.airflow-venv/lib/python3.12/site-packages/airflow/example_dags/subdags/subdag.py took 0.027 seconds
[2026-09-05T18:54:31.952+0200] {processor.py:186} INFO - Started process (PID=25763) to work on /Users/swarnalidatta/Desktop/AutoQueryChatbot/.airflow-venv/lib/python3.12/site-packages/airflow/example_dags/subdags/subdag.py
[2026-09-05T18:54:31.953+0200] {processor.py:914} INFO - Processing file /Users/swarnalidatta/Desktop/AutoQueryChatbot/.airflow-venv/lib/python3.12/site-packages/airflow/example_dags/subdags/subdag.py for tasks to queue
[2026-09-05T18:54:31.953+0200] {logging_mixin.py:190} INFO - [2026-09-05T18:54:31.953+0200] {dagbag.py:588} INFO - Filling up the DagBag from /Users/swarnalidatta/Desktop/AutoQueryChatbot/.airflow-venv/lib/python3.12/site-packages/airflow/example_dags/subdags/subdag.py
[2026-09-05T18:54:31.954+0200] {processor.py:927} WARNING - No viable dags retrieved from /Users/swarnalidatta/Desktop/AutoQueryChatbot/.airflow-venv/lib/python3.12/site-packages/airflow/example_dags/subdags/subdag.py
[2026-09-05T18:54:31.978+0200] {processor.py:208} INFO - Processing /Users/swarnalidatta/Desktop/AutoQueryChatbot/.airflow-venv/lib/python3.12/site-packages/airflow/example_dags/subdags/subdag.py took 0.027 seconds
[2026-09-05T18:55:47.013+0200] {processor.py:186} INFO - Started process (PID=26134) to work on /Users/swarnalidatta/Desktop/AutoQueryChatbot/.airflow-venv/lib/python3.12/site-packages/airflow/example_dags/subdags/subdag.py
[2026-09-05T18:55:47.014+0200] {processor.py:914} INFO - Processing file /Users/swarnalidatta/Desktop/AutoQueryChatbot/.airflow-venv/lib/python3.12/site-packages/airflow/example_dags/subdags/subdag.py for tasks to queue
[2026-09-05T18:55:47.014+0200] {logging_mixin.py:190} INFO - [2026-09-05T18:55:47.014+0200] {dagbag.py:588} INFO - Filling up the DagBag from /Users/swarnalidatta/Desktop/AutoQueryChatbot/.airflow-venv/lib/python3.12/site-packages/airflow/example_dags/subdags/subdag.py
[2026-09-05T18:55:47.015+0200] {processor.py:927} WARNING - No viable dags retrieved from /Users/swarnalidatta/Desktop/AutoQueryChatbot/.airflow-venv/lib/python3.12/site-packages/airflow/example_dags/subdags/subdag.py
[2026-09-05T18:55:47.040+0200] {processor.py:208} INFO - Processing /Users/swarnalidatta/Desktop/AutoQueryChatbot/.airflow-venv/lib/python3.12/site-packages/airflow/example_dags/subdags/subdag.py took 0.028 seconds
[2026-09-05T19:00:36.665+0200] {processor.py:186} INFO - Started process (PID=26601) to work on /Users/swarnalidatta/Desktop/AutoQueryChatbot/.airflow-venv/lib/python3.12/site-packages/airflow/example_dags/subdags/subdag.py
[2026-09-05T19:00:36.665+0200] {processor.py:914} INFO - Processing file /Users/swarnalidatta/Desktop/AutoQueryChatbot/.airflow-venv/lib/python3.12/site-packages/airflow/example_dags/subdags/subdag.py for tasks to queue
[2026-09-05T19:00:36.665+0200] {logging_mixin.py:190} INFO - [2026-09-05T19:00:36.665+0200] {dagbag.py:588} INFO - Filling up the DagBag from /Users/swarnalidatta/Desktop/AutoQueryChatbot/.airflow-venv/lib/python3.12/site-packages/airflow/example_dags/subdags/subdag.py
[2026-09-05T19:00:36.666+0200] {processor.py:927} WARNING - No viable dags retrieved from /Users/swarnalidatta/Desktop/AutoQueryChatbot/.airflow-venv/lib/python3.12/site-packages/airflow/example_dags/subdags/subdag.py
[2026-09-05T19:00:36.690+0200] {processor.py:208} INFO - Processing /Users/swarnalidatta/Desktop/AutoQueryChatbot/.airflow-venv/lib/python3.12/site-packages/airflow/example_dags/subdags/subdag.py took 0.027 seconds
[2026-09-05T19:02:13.912+0200] {processor.py:186} INFO - Started process (PID=26941) to work on /Users/swarnalidatta/Desktop/AutoQueryChatbot/.airflow-venv/lib/python3.12/site-packages/airflow/example_dags/subdags/subdag.py
[2026-09-05T19:02:13.912+0200] {processor.py:914} INFO - Processing file /Users/swarnalidatta/Desktop/AutoQueryChatbot/.airflow-venv/lib/python3.12/site-packages/airflow/example_dags/subdags/subdag.py for tasks to queue
[2026-09-05T19:02:13.912+0200] {logging_mixin.py:190} INFO - [2026-09-05T19:02:13.912+0200] {dagbag.py:588} INFO - Filling up the DagBag from /Users/swarnalidatta/Desktop/AutoQueryChatbot/.airflow-venv/lib/python3.12/site-packages/airflow/example_dags/subdags/subdag.py
[2026-09-05T19:02:13.913+0200] {processor.py:927} WARNING - No viable dags retrieved from /Users/swarnalidatta/Desktop/AutoQueryChatbot/.airflow-venv/lib/python3.12/site-packages/airflow/example_dags/subdags/subdag.py
[2026-09-05T19:02:13.938+0200] {processor.py:208} INFO - Processing /Users/swarnalidatta/Desktop/AutoQueryChatbot/.airflow-venv/lib/python3.12/site-packages/airflow/example_dags/subdags/subdag.py took 0.027 seconds
[2026-09-05T19:03:37.467+0200] {processor.py:186} INFO - Started process (PID=27224) to work on /Users/swarnalidatta/Desktop/AutoQueryChatbot/.airflow-venv/lib/python3.12/site-packages/airflow/example_dags/subdags/subdag.py
[2026-09-05T19:03:37.467+0200] {processor.py:914} INFO - Processing file /Users/swarnalidatta/Desktop/AutoQueryChatbot/.airflow-venv/lib/python3.12/site-packages/airflow/example_dags/subdags/subdag.py for tasks to queue
[2026-09-05T19:03:37.468+0200] {logging_mixin.py:190} INFO - [2026-09-05T19:03:37.468+0200] {dagbag.py:588} INFO - Filling up the DagBag from /Users/swarnalidatta/Desktop/AutoQueryChatbot/.airflow-venv/lib/python3.12/site-packages/airflow/example_dags/subdags/subdag.py
[2026-09-05T19:03:37.468+0200] {processor.py:927} WARNING - No viable dags retrieved from /Users/swarnalidatta/Desktop/AutoQueryChatbot/.airflow-venv/lib/python3.12/site-packages/airflow/example_dags/subdags/subdag.py
[2026-09-05T19:03:37.494+0200] {processor.py:208} INFO - Processing /Users/swarnalidatta/Desktop/AutoQueryChatbot/.airflow-venv/lib/python3.12/site-packages/airflow/example_dags/subdags/subdag.py took 0.028 seconds
[2026-09-05T19:04:58.698+0200] {processor.py:186} INFO - Started process (PID=27716) to work on /Users/swarnalidatta/Desktop/AutoQueryChatbot/.airflow-venv/lib/python3.12/site-packages/airflow/example_dags/subdags/subdag.py
[2026-09-05T19:04:58.698+0200] {processor.py:914} INFO - Processing file /Users/swarnalidatta/Desktop/AutoQueryChatbot/.airflow-venv/lib/python3.12/site-packages/airflow/example_dags/subdags/subdag.py for tasks to queue
[2026-09-05T19:04:58.698+0200] {logging_mixin.py:190} INFO - [2026-09-05T19:04:58.698+0200] {dagbag.py:588} INFO - Filling up the DagBag from /Users/swarnalidatta/Desktop/AutoQueryChatbot/.airflow-venv/lib/python3.12/site-packages/airflow/example_dags/subdags/subdag.py
[2026-09-05T19:04:58.699+0200] {processor.py:927} WARNING - No viable dags retrieved from /Users/swarnalidatta/Desktop/AutoQueryChatbot/.airflow-venv/lib/python3.12/site-packages/airflow/example_dags/subdags/subdag.py
[2026-09-05T19:04:58.723+0200] {processor.py:208} INFO - Processing /Users/swarnalidatta/Desktop/AutoQueryChatbot/.airflow-venv/lib/python3.12/site-packages/airflow/example_dags/subdags/subdag.py took 0.027 seconds
[2026-09-05T19:06:15.898+0200] {processor.py:186} INFO - Started process (PID=27990) to work on /Users/swarnalidatta/Desktop/AutoQueryChatbot/.airflow-venv/lib/python3.12/site-packages/airflow/example_dags/subdags/subdag.py
[2026-09-05T19:06:15.898+0200] {processor.py:914} INFO - Processing file /Users/swarnalidatta/Desktop/AutoQueryChatbot/.airflow-venv/lib/python3.12/site-packages/airflow/example_dags/subdags/subdag.py for tasks to queue
[2026-09-05T19:06:15.899+0200] {logging_mixin.py:190} INFO - [2026-09-05T19:06:15.899+0200] {dagbag.py:588} INFO - Filling up the DagBag from /Users/swarnalidatta/Desktop/AutoQueryChatbot/.airflow-venv/lib/python3.12/site-packages/airflow/example_dags/subdags/subdag.py
[2026-09-05T19:06:15.899+0200] {processor.py:927} WARNING - No viable dags retrieved from /Users/swarnalidatta/Desktop/AutoQueryChatbot/.airflow-venv/lib/python3.12/site-packages/airflow/example_dags/subdags/subdag.py
[2026-09-05T19:06:15.924+0200] {processor.py:208} INFO - Processing /Users/swarnalidatta/Desktop/AutoQueryChatbot/.airflow-venv/lib/python3.12/site-packages/airflow/example_dags/subdags/subdag.py took 0.027 seconds
[2026-09-05T19:07:36.090+0200] {processor.py:186} INFO - Started process (PID=28289) to work on /Users/swarnalidatta/Desktop/AutoQueryChatbot/.airflow-venv/lib/python3.12/site-packages/airflow/example_dags/subdags/subdag.py
[2026-09-05T19:07:36.091+0200] {processor.py:914} INFO - Processing file /Users/swarnalidatta/Desktop/AutoQueryChatbot/.airflow-venv/lib/python3.12/site-packages/airflow/example_dags/subdags/subdag.py for tasks to queue
[2026-09-05T19:07:36.091+0200] {logging_mixin.py:190} INFO - [2026-09-05T19:07:36.091+0200] {dagbag.py:588} INFO - Filling up the DagBag from /Users/swarnalidatta/Desktop/AutoQueryChatbot/.airflow-venv/lib/python3.12/site-packages/airflow/example_dags/subdags/subdag.py
[2026-09-05T19:07:36.092+0200] {processor.py:927} WARNING - No viable dags retrieved from /Users/swarnalidatta/Desktop/AutoQueryChatbot/.airflow-venv/lib/python3.12/site-packages/airflow/example_dags/subdags/subdag.py
[2026-09-05T19:07:36.116+0200] {processor.py:208} INFO - Processing /Users/swarnalidatta/Desktop/AutoQueryChatbot/.airflow-venv/lib/python3.12/site-packages/airflow/example_dags/subdags/subdag.py took 0.027 seconds
[2026-09-05T19:08:55.622+0200] {processor.py:186} INFO - Started process (PID=28573) to work on /Users/swarnalidatta/Desktop/AutoQueryChatbot/.airflow-venv/lib/python3.12/site-packages/airflow/example_dags/subdags/subdag.py
[2026-09-05T19:08:55.622+0200] {processor.py:914} INFO - Processing file /Users/swarnalidatta/Desktop/AutoQueryChatbot/.airflow-venv/lib/python3.12/site-packages/airflow/example_dags/subdags/subdag.py for tasks to queue
[2026-09-05T19:08:55.622+0200] {logging_mixin.py:190} INFO - [2026-09-05T19:08:55.622+0200] {dagbag.py:588} INFO - Filling up the DagBag from /Users/swarnalidatta/Desktop/AutoQueryChatbot/.airflow-venv/lib/python3.12/site-packages/airflow/example_dags/subdags/subdag.py
[2026-09-05T19:08:55.623+0200] {processor.py:927} WARNING - No viable dags retrieved from /Users/swarnalidatta/Desktop/AutoQueryChatbot/.airflow-venv/lib/python3.12/site-packages/airflow/example_dags/subdags/subdag.py
[2026-09-05T19:08:55.648+0200] {processor.py:208} INFO - Processing /Users/swarnalidatta/Desktop/AutoQueryChatbot/.airflow-venv/lib/python3.12/site-packages/airflow/example_dags/subdags/subdag.py took 0.027 seconds
[2026-09-05T19:10:15.819+0200] {processor.py:186} INFO - Started process (PID=28854) to work on /Users/swarnalidatta/Desktop/AutoQueryChatbot/.airflow-venv/lib/python3.12/site-packages/airflow/example_dags/subdags/subdag.py
[2026-09-05T19:10:15.820+0200] {processor.py:914} INFO - Processing file /Users/swarnalidatta/Desktop/AutoQueryChatbot/.airflow-venv/lib/python3.12/site-packages/airflow/example_dags/subdags/subdag.py for tasks to queue
[2026-09-05T19:10:15.820+0200] {logging_mixin.py:190} INFO - [2026-09-05T19:10:15.820+0200] {dagbag.py:588} INFO - Filling up the DagBag from /Users/swarnalidatta/Desktop/AutoQueryChatbot/.airflow-venv/lib/python3.12/site-packages/airflow/example_dags/subdags/subdag.py
[2026-09-05T19:10:15.821+0200] {processor.py:927} WARNING - No viable dags retrieved from /Users/swarnalidatta/Desktop/AutoQueryChatbot/.airflow-venv/lib/python3.12/site-packages/airflow/example_dags/subdags/subdag.py
[2026-09-05T19:10:15.845+0200] {processor.py:208} INFO - Processing /Users/swarnalidatta/Desktop/AutoQueryChatbot/.airflow-venv/lib/python3.12/site-packages/airflow/example_dags/subdags/subdag.py took 0.027 seconds
[2026-09-05T19:11:32.246+0200] {processor.py:186} INFO - Started process (PID=29154) to work on /Users/swarnalidatta/Desktop/AutoQueryChatbot/.airflow-venv/lib/python3.12/site-packages/airflow/example_dags/subdags/subdag.py
[2026-09-05T19:11:32.247+0200] {processor.py:914} INFO - Processing file /Users/swarnalidatta/Desktop/AutoQueryChatbot/.airflow-venv/lib/python3.12/site-packages/airflow/example_dags/subdags/subdag.py for tasks to queue
[2026-09-05T19:11:32.247+0200] {logging_mixin.py:190} INFO - [2026-09-05T19:11:32.247+0200] {dagbag.py:588} INFO - Filling up the DagBag from /Users/swarnalidatta/Desktop/AutoQueryChatbot/.airflow-venv/lib/python3.12/site-packages/airflow/example_dags/subdags/subdag.py
[2026-09-05T19:11:32.248+0200] {processor.py:927} WARNING - No viable dags retrieved from /Users/swarnalidatta/Desktop/AutoQueryChatbot/.airflow-venv/lib/python3.12/site-packages/airflow/example_dags/subdags/subdag.py
[2026-09-05T19:11:32.272+0200] {processor.py:208} INFO - Processing /Users/swarnalidatta/Desktop/AutoQueryChatbot/.airflow-venv/lib/python3.12/site-packages/airflow/example_dags/subdags/subdag.py took 0.027 seconds
[2026-09-05T19:12:45.323+0200] {processor.py:186} INFO - Started process (PID=29419) to work on /Users/swarnalidatta/Desktop/AutoQueryChatbot/.airflow-venv/lib/python3.12/site-packages/airflow/example_dags/subdags/subdag.py
[2026-09-05T19:12:45.323+0200] {processor.py:914} INFO - Processing file /Users/swarnalidatta/Desktop/AutoQueryChatbot/.airflow-venv/lib/python3.12/site-packages/airflow/example_dags/subdags/subdag.py for tasks to queue
[2026-09-05T19:12:45.324+0200] {logging_mixin.py:190} INFO - [2026-09-05T19:12:45.324+0200] {dagbag.py:588} INFO - Filling up the DagBag from /Users/swarnalidatta/Desktop/AutoQueryChatbot/.airflow-venv/lib/python3.12/site-packages/airflow/example_dags/subdags/subdag.py
[2026-09-05T19:12:45.324+0200] {processor.py:927} WARNING - No viable dags retrieved from /Users/swarnalidatta/Desktop/AutoQueryChatbot/.airflow-venv/lib/python3.12/site-packages/airflow/example_dags/subdags/subdag.py
[2026-09-05T19:12:45.349+0200] {processor.py:208} INFO - Processing /Users/swarnalidatta/Desktop/AutoQueryChatbot/.airflow-venv/lib/python3.12/site-packages/airflow/example_dags/subdags/subdag.py took 0.027 seconds
[2026-09-05T19:13:59.436+0200] {processor.py:186} INFO - Started process (PID=29691) to work on /Users/swarnalidatta/Desktop/AutoQueryChatbot/.airflow-venv/lib/python3.12/site-packages/airflow/example_dags/subdags/subdag.py
[2026-09-05T19:13:59.436+0200] {processor.py:914} INFO - Processing file /Users/swarnalidatta/Desktop/AutoQueryChatbot/.airflow-venv/lib/python3.12/site-packages/airflow/example_dags/subdags/subdag.py for tasks to queue
[2026-09-05T19:13:59.436+0200] {logging_mixin.py:190} INFO - [2026-09-05T19:13:59.436+0200] {dagbag.py:588} INFO - Filling up the DagBag from /Users/swarnalidatta/Desktop/AutoQueryChatbot/.airflow-venv/lib/python3.12/site-packages/airflow/example_dags/subdags/subdag.py
[2026-09-05T19:13:59.437+0200] {processor.py:927} WARNING - No viable dags retrieved from /Users/swarnalidatta/Desktop/AutoQueryChatbot/.airflow-venv/lib/python3.12/site-packages/airflow/example_dags/subdags/subdag.py
[2026-09-05T19:13:59.461+0200] {processor.py:208} INFO - Processing /Users/swarnalidatta/Desktop/AutoQueryChatbot/.airflow-venv/lib/python3.12/site-packages/airflow/example_dags/subdags/subdag.py took 0.027 seconds
[2026-09-05T19:15:22.988+0200] {processor.py:186} INFO - Started process (PID=30014) to work on /Users/swarnalidatta/Desktop/AutoQueryChatbot/.airflow-venv/lib/python3.12/site-packages/airflow/example_dags/subdags/subdag.py
[2026-09-05T19:15:22.988+0200] {processor.py:914} INFO - Processing file /Users/swarnalidatta/Desktop/AutoQueryChatbot/.airflow-venv/lib/python3.12/site-packages/airflow/example_dags/subdags/subdag.py for tasks to queue
[2026-09-05T19:15:22.988+0200] {logging_mixin.py:190} INFO - [2026-09-05T19:15:22.988+0200] {dagbag.py:588} INFO - Filling up the DagBag from /Users/swarnalidatta/Desktop/AutoQueryChatbot/.airflow-venv/lib/python3.12/site-packages/airflow/example_dags/subdags/subdag.py
[2026-09-05T19:15:22.989+0200] {processor.py:927} WARNING - No viable dags retrieved from /Users/swarnalidatta/Desktop/AutoQueryChatbot/.airflow-venv/lib/python3.12/site-packages/airflow/example_dags/subdags/subdag.py
[2026-09-05T19:15:23.013+0200] {processor.py:208} INFO - Processing /Users/swarnalidatta/Desktop/AutoQueryChatbot/.airflow-venv/lib/python3.12/site-packages/airflow/example_dags/subdags/subdag.py took 0.027 seconds
[2026-09-05T19:16:38.981+0200] {processor.py:186} INFO - Started process (PID=30279) to work on /Users/swarnalidatta/Desktop/AutoQueryChatbot/.airflow-venv/lib/python3.12/site-packages/airflow/example_dags/subdags/subdag.py
[2026-09-05T19:16:38.982+0200] {processor.py:914} INFO - Processing file /Users/swarnalidatta/Desktop/AutoQueryChatbot/.airflow-venv/lib/python3.12/site-packages/airflow/example_dags/subdags/subdag.py for tasks to queue
[2026-09-05T19:16:38.982+0200] {logging_mixin.py:190} INFO - [2026-09-05T19:16:38.982+0200] {dagbag.py:588} INFO - Filling up the DagBag from /Users/swarnalidatta/Desktop/AutoQueryChatbot/.airflow-venv/lib/python3.12/site-packages/airflow/example_dags/subdags/subdag.py
[2026-09-05T19:16:38.983+0200] {processor.py:927} WARNING - No viable dags retrieved from /Users/swarnalidatta/Desktop/AutoQueryChatbot/.airflow-venv/lib/python3.12/site-packages/airflow/example_dags/subdags/subdag.py
[2026-09-05T19:16:39.007+0200] {processor.py:208} INFO - Processing /Users/swarnalidatta/Desktop/AutoQueryChatbot/.airflow-venv/lib/python3.12/site-packages/airflow/example_dags/subdags/subdag.py took 0.027 seconds
[2026-09-05T19:17:53.222+0200] {processor.py:186} INFO - Started process (PID=30569) to work on /Users/swarnalidatta/Desktop/AutoQueryChatbot/.airflow-venv/lib/python3.12/site-packages/airflow/example_dags/subdags/subdag.py
[2026-09-05T19:17:53.222+0200] {processor.py:914} INFO - Processing file /Users/swarnalidatta/Desktop/AutoQueryChatbot/.airflow-venv/lib/python3.12/site-packages/airflow/example_dags/subdags/subdag.py for tasks to queue
[2026-09-05T19:17:53.222+0200] {logging_mixin.py:190} INFO - [2026-09-05T19:17:53.222+0200] {dagbag.py:588} INFO - Filling up the DagBag from /Users/swarnalidatta/Desktop/AutoQueryChatbot/.airflow-venv/lib/python3.12/site-packages/airflow/example_dags/subdags/subdag.py
[2026-09-05T19:17:53.223+0200] {processor.py:927} WARNING - No viable dags retrieved from /Users/swarnalidatta/Desktop/AutoQueryChatbot/.airflow-venv/lib/python3.12/site-packages/airflow/example_dags/subdags/subdag.py
[2026-09-05T19:17:53.248+0200] {processor.py:208} INFO - Processing /Users/swarnalidatta/Desktop/AutoQueryChatbot/.airflow-venv/lib/python3.12/site-packages/airflow/example_dags/subdags/subdag.py took 0.027 seconds
[2026-09-05T19:19:10.510+0200] {processor.py:186} INFO - Started process (PID=30838) to work on /Users/swarnalidatta/Desktop/AutoQueryChatbot/.airflow-venv/lib/python3.12/site-packages/airflow/example_dags/subdags/subdag.py
[2026-09-05T19:19:10.511+0200] {processor.py:914} INFO - Processing file /Users/swarnalidatta/Desktop/AutoQueryChatbot/.airflow-venv/lib/python3.12/site-packages/airflow/example_dags/subdags/subdag.py for tasks to queue
[2026-09-05T19:19:10.511+0200] {logging_mixin.py:190} INFO - [2026-09-05T19:19:10.511+0200] {dagbag.py:588} INFO - Filling up the DagBag from /Users/swarnalidatta/Desktop/AutoQueryChatbot/.airflow-venv/lib/python3.12/site-packages/airflow/example_dags/subdags/subdag.py
[2026-09-05T19:19:10.512+0200] {processor.py:927} WARNING - No viable dags retrieved from /Users/swarnalidatta/Desktop/AutoQueryChatbot/.airflow-venv/lib/python3.12/site-packages/airflow/example_dags/subdags/subdag.py
[2026-09-05T19:19:10.538+0200] {processor.py:208} INFO - Processing /Users/swarnalidatta/Desktop/AutoQueryChatbot/.airflow-venv/lib/python3.12/site-packages/airflow/example_dags/subdags/subdag.py took 0.029 seconds
[2026-09-05T19:20:25.966+0200] {processor.py:186} INFO - Started process (PID=31096) to work on /Users/swarnalidatta/Desktop/AutoQueryChatbot/.airflow-venv/lib/python3.12/site-packages/airflow/example_dags/subdags/subdag.py
[2026-09-05T19:20:25.966+0200] {processor.py:914} INFO - Processing file /Users/swarnalidatta/Desktop/AutoQueryChatbot/.airflow-venv/lib/python3.12/site-packages/airflow/example_dags/subdags/subdag.py for tasks to queue
[2026-09-05T19:20:25.966+0200] {logging_mixin.py:190} INFO - [2026-09-05T19:20:25.966+0200] {dagbag.py:588} INFO - Filling up the DagBag from /Users/swarnalidatta/Desktop/AutoQueryChatbot/.airflow-venv/lib/python3.12/site-packages/airflow/example_dags/subdags/subdag.py
[2026-09-05T19:20:25.967+0200] {processor.py:927} WARNING - No viable dags retrieved from /Users/swarnalidatta/Desktop/AutoQueryChatbot/.airflow-venv/lib/python3.12/site-packages/airflow/example_dags/subdags/subdag.py
[2026-09-05T19:20:25.992+0200] {processor.py:208} INFO - Processing /Users/swarnalidatta/Desktop/AutoQueryChatbot/.airflow-venv/lib/python3.12/site-packages/airflow/example_dags/subdags/subdag.py took 0.027 seconds
[2026-09-05T19:30:37.912+0200] {processor.py:186} INFO - Started process (PID=31412) to work on /Users/swarnalidatta/Desktop/AutoQueryChatbot/.airflow-venv/lib/python3.12/site-packages/airflow/example_dags/subdags/subdag.py
[2026-09-05T19:30:37.912+0200] {processor.py:914} INFO - Processing file /Users/swarnalidatta/Desktop/AutoQueryChatbot/.airflow-venv/lib/python3.12/site-packages/airflow/example_dags/subdags/subdag.py for tasks to queue
[2026-09-05T19:30:37.913+0200] {logging_mixin.py:190} INFO - [2026-09-05T19:30:37.913+0200] {dagbag.py:588} INFO - Filling up the DagBag from /Users/swarnalidatta/Desktop/AutoQueryChatbot/.airflow-venv/lib/python3.12/site-packages/airflow/example_dags/subdags/subdag.py
[2026-09-05T19:30:37.913+0200] {processor.py:927} WARNING - No viable dags retrieved from /Users/swarnalidatta/Desktop/AutoQueryChatbot/.airflow-venv/lib/python3.12/site-packages/airflow/example_dags/subdags/subdag.py
[2026-09-05T19:30:37.938+0200] {processor.py:208} INFO - Processing /Users/swarnalidatta/Desktop/AutoQueryChatbot/.airflow-venv/lib/python3.12/site-packages/airflow/example_dags/subdags/subdag.py took 0.027 seconds
[2026-09-05T19:32:05.146+0200] {processor.py:186} INFO - Started process (PID=31681) to work on /Users/swarnalidatta/Desktop/AutoQueryChatbot/.airflow-venv/lib/python3.12/site-packages/airflow/example_dags/subdags/subdag.py
[2026-09-05T19:32:05.147+0200] {processor.py:914} INFO - Processing file /Users/swarnalidatta/Desktop/AutoQueryChatbot/.airflow-venv/lib/python3.12/site-packages/airflow/example_dags/subdags/subdag.py for tasks to queue
[2026-09-05T19:32:05.147+0200] {logging_mixin.py:190} INFO - [2026-09-05T19:32:05.147+0200] {dagbag.py:588} INFO - Filling up the DagBag from /Users/swarnalidatta/Desktop/AutoQueryChatbot/.airflow-venv/lib/python3.12/site-packages/airflow/example_dags/subdags/subdag.py
[2026-09-05T19:32:05.148+0200] {processor.py:927} WARNING - No viable dags retrieved from /Users/swarnalidatta/Desktop/AutoQueryChatbot/.airflow-venv/lib/python3.12/site-packages/airflow/example_dags/subdags/subdag.py
[2026-09-05T19:32:05.172+0200] {processor.py:208} INFO - Processing /Users/swarnalidatta/Desktop/AutoQueryChatbot/.airflow-venv/lib/python3.12/site-packages/airflow/example_dags/subdags/subdag.py took 0.027 seconds
[2026-09-05T19:33:31.950+0200] {processor.py:186} INFO - Started process (PID=31993) to work on /Users/swarnalidatta/Desktop/AutoQueryChatbot/.airflow-venv/lib/python3.12/site-packages/airflow/example_dags/subdags/subdag.py
[2026-09-05T19:33:31.950+0200] {processor.py:914} INFO - Processing file /Users/swarnalidatta/Desktop/AutoQueryChatbot/.airflow-venv/lib/python3.12/site-packages/airflow/example_dags/subdags/subdag.py for tasks to queue
[2026-09-05T19:33:31.950+0200] {logging_mixin.py:190} INFO - [2026-09-05T19:33:31.950+0200] {dagbag.py:588} INFO - Filling up the DagBag from /Users/swarnalidatta/Desktop/AutoQueryChatbot/.airflow-venv/lib/python3.12/site-packages/airflow/example_dags/subdags/subdag.py
[2026-09-05T19:33:31.951+0200] {processor.py:927} WARNING - No viable dags retrieved from /Users/swarnalidatta/Desktop/AutoQueryChatbot/.airflow-venv/lib/python3.12/site-packages/airflow/example_dags/subdags/subdag.py
[2026-09-05T19:33:31.975+0200] {processor.py:208} INFO - Processing /Users/swarnalidatta/Desktop/AutoQueryChatbot/.airflow-venv/lib/python3.12/site-packages/airflow/example_dags/subdags/subdag.py took 0.027 seconds
[2026-09-05T19:34:50.775+0200] {processor.py:186} INFO - Started process (PID=32265) to work on /Users/swarnalidatta/Desktop/AutoQueryChatbot/.airflow-venv/lib/python3.12/site-packages/airflow/example_dags/subdags/subdag.py
[2026-09-05T19:34:50.775+0200] {processor.py:914} INFO - Processing file /Users/swarnalidatta/Desktop/AutoQueryChatbot/.airflow-venv/lib/python3.12/site-packages/airflow/example_dags/subdags/subdag.py for tasks to queue
[2026-09-05T19:34:50.776+0200] {logging_mixin.py:190} INFO - [2026-09-05T19:34:50.775+0200] {dagbag.py:588} INFO - Filling up the DagBag from /Users/swarnalidatta/Desktop/AutoQueryChatbot/.airflow-venv/lib/python3.12/site-packages/airflow/example_dags/subdags/subdag.py
[2026-09-05T19:34:50.776+0200] {processor.py:927} WARNING - No viable dags retrieved from /Users/swarnalidatta/Desktop/AutoQueryChatbot/.airflow-venv/lib/python3.12/site-packages/airflow/example_dags/subdags/subdag.py
[2026-09-05T19:34:50.800+0200] {processor.py:208} INFO - Processing /Users/swarnalidatta/Desktop/AutoQueryChatbot/.airflow-venv/lib/python3.12/site-packages/airflow/example_dags/subdags/subdag.py took 0.027 seconds
[2026-09-05T19:36:12.480+0200] {processor.py:186} INFO - Started process (PID=32776) to work on /Users/swarnalidatta/Desktop/AutoQueryChatbot/.airflow-venv/lib/python3.12/site-packages/airflow/example_dags/subdags/subdag.py
[2026-09-05T19:36:12.480+0200] {processor.py:914} INFO - Processing file /Users/swarnalidatta/Desktop/AutoQueryChatbot/.airflow-venv/lib/python3.12/site-packages/airflow/example_dags/subdags/subdag.py for tasks to queue
[2026-09-05T19:36:12.481+0200] {logging_mixin.py:190} INFO - [2026-09-05T19:36:12.480+0200] {dagbag.py:588} INFO - Filling up the DagBag from /Users/swarnalidatta/Desktop/AutoQueryChatbot/.airflow-venv/lib/python3.12/site-packages/airflow/example_dags/subdags/subdag.py
[2026-09-05T19:36:12.481+0200] {processor.py:927} WARNING - No viable dags retrieved from /Users/swarnalidatta/Desktop/AutoQueryChatbot/.airflow-venv/lib/python3.12/site-packages/airflow/example_dags/subdags/subdag.py
[2026-09-05T19:36:12.506+0200] {processor.py:208} INFO - Processing /Users/swarnalidatta/Desktop/AutoQueryChatbot/.airflow-venv/lib/python3.12/site-packages/airflow/example_dags/subdags/subdag.py took 0.027 seconds
[2026-09-05T19:37:27.475+0200] {processor.py:186} INFO - Started process (PID=33057) to work on /Users/swarnalidatta/Desktop/AutoQueryChatbot/.airflow-venv/lib/python3.12/site-packages/airflow/example_dags/subdags/subdag.py
[2026-09-05T19:37:27.475+0200] {processor.py:914} INFO - Processing file /Users/swarnalidatta/Desktop/AutoQueryChatbot/.airflow-venv/lib/python3.12/site-packages/airflow/example_dags/subdags/subdag.py for tasks to queue
[2026-09-05T19:37:27.475+0200] {logging_mixin.py:190} INFO - [2026-09-05T19:37:27.475+0200] {dagbag.py:588} INFO - Filling up the DagBag from /Users/swarnalidatta/Desktop/AutoQueryChatbot/.airflow-venv/lib/python3.12/site-packages/airflow/example_dags/subdags/subdag.py
[2026-09-05T19:37:27.476+0200] {processor.py:927} WARNING - No viable dags retrieved from /Users/swarnalidatta/Desktop/AutoQueryChatbot/.airflow-venv/lib/python3.12/site-packages/airflow/example_dags/subdags/subdag.py
[2026-09-05T19:37:27.501+0200] {processor.py:208} INFO - Processing /Users/swarnalidatta/Desktop/AutoQueryChatbot/.airflow-venv/lib/python3.12/site-packages/airflow/example_dags/subdags/subdag.py took 0.027 seconds
[2026-09-05T19:38:39.695+0200] {processor.py:186} INFO - Started process (PID=33350) to work on /Users/swarnalidatta/Desktop/AutoQueryChatbot/.airflow-venv/lib/python3.12/site-packages/airflow/example_dags/subdags/subdag.py
[2026-09-05T19:38:39.696+0200] {processor.py:914} INFO - Processing file /Users/swarnalidatta/Desktop/AutoQueryChatbot/.airflow-venv/lib/python3.12/site-packages/airflow/example_dags/subdags/subdag.py for tasks to queue
[2026-09-05T19:38:39.696+0200] {logging_mixin.py:190} INFO - [2026-09-05T19:38:39.696+0200] {dagbag.py:588} INFO - Filling up the DagBag from /Users/swarnalidatta/Desktop/AutoQueryChatbot/.airflow-venv/lib/python3.12/site-packages/airflow/example_dags/subdags/subdag.py
[2026-09-05T19:38:39.697+0200] {processor.py:927} WARNING - No viable dags retrieved from /Users/swarnalidatta/Desktop/AutoQueryChatbot/.airflow-venv/lib/python3.12/site-packages/airflow/example_dags/subdags/subdag.py
[2026-09-05T19:38:39.721+0200] {processor.py:208} INFO - Processing /Users/swarnalidatta/Desktop/AutoQueryChatbot/.airflow-venv/lib/python3.12/site-packages/airflow/example_dags/subdags/subdag.py took 0.027 seconds
[2026-09-05T19:39:52.790+0200] {processor.py:186} INFO - Started process (PID=33625) to work on /Users/swarnalidatta/Desktop/AutoQueryChatbot/.airflow-venv/lib/python3.12/site-packages/airflow/example_dags/subdags/subdag.py
[2026-09-05T19:39:52.790+0200] {processor.py:914} INFO - Processing file /Users/swarnalidatta/Desktop/AutoQueryChatbot/.airflow-venv/lib/python3.12/site-packages/airflow/example_dags/subdags/subdag.py for tasks to queue
[2026-09-05T19:39:52.791+0200] {logging_mixin.py:190} INFO - [2026-09-05T19:39:52.791+0200] {dagbag.py:588} INFO - Filling up the DagBag from /Users/swarnalidatta/Desktop/AutoQueryChatbot/.airflow-venv/lib/python3.12/site-packages/airflow/example_dags/subdags/subdag.py
[2026-09-05T19:39:52.791+0200] {processor.py:927} WARNING - No viable dags retrieved from /Users/swarnalidatta/Desktop/AutoQueryChatbot/.airflow-venv/lib/python3.12/site-packages/airflow/example_dags/subdags/subdag.py
[2026-09-05T19:39:52.816+0200] {processor.py:208} INFO - Processing /Users/swarnalidatta/Desktop/AutoQueryChatbot/.airflow-venv/lib/python3.12/site-packages/airflow/example_dags/subdags/subdag.py took 0.027 seconds
[2026-09-05T19:41:04.971+0200] {processor.py:186} INFO - Started process (PID=33886) to work on /Users/swarnalidatta/Desktop/AutoQueryChatbot/.airflow-venv/lib/python3.12/site-packages/airflow/example_dags/subdags/subdag.py
[2026-09-05T19:41:04.971+0200] {processor.py:914} INFO - Processing file /Users/swarnalidatta/Desktop/AutoQueryChatbot/.airflow-venv/lib/python3.12/site-packages/airflow/example_dags/subdags/subdag.py for tasks to queue
[2026-09-05T19:41:04.972+0200] {logging_mixin.py:190} INFO - [2026-09-05T19:41:04.972+0200] {dagbag.py:588} INFO - Filling up the DagBag from /Users/swarnalidatta/Desktop/AutoQueryChatbot/.airflow-venv/lib/python3.12/site-packages/airflow/example_dags/subdags/subdag.py
[2026-09-05T19:41:04.972+0200] {processor.py:927} WARNING - No viable dags retrieved from /Users/swarnalidatta/Desktop/AutoQueryChatbot/.airflow-venv/lib/python3.12/site-packages/airflow/example_dags/subdags/subdag.py
[2026-09-05T19:41:04.998+0200] {processor.py:208} INFO - Processing /Users/swarnalidatta/Desktop/AutoQueryChatbot/.airflow-venv/lib/python3.12/site-packages/airflow/example_dags/subdags/subdag.py took 0.029 seconds
[2026-09-05T19:42:20.259+0200] {processor.py:186} INFO - Started process (PID=34190) to work on /Users/swarnalidatta/Desktop/AutoQueryChatbot/.airflow-venv/lib/python3.12/site-packages/airflow/example_dags/subdags/subdag.py
[2026-09-05T19:42:20.259+0200] {processor.py:914} INFO - Processing file /Users/swarnalidatta/Desktop/AutoQueryChatbot/.airflow-venv/lib/python3.12/site-packages/airflow/example_dags/subdags/subdag.py for tasks to queue
[2026-09-05T19:42:20.260+0200] {logging_mixin.py:190} INFO - [2026-09-05T19:42:20.260+0200] {dagbag.py:588} INFO - Filling up the DagBag from /Users/swarnalidatta/Desktop/AutoQueryChatbot/.airflow-venv/lib/python3.12/site-packages/airflow/example_dags/subdags/subdag.py
[2026-09-05T19:42:20.260+0200] {processor.py:927} WARNING - No viable dags retrieved from /Users/swarnalidatta/Desktop/AutoQueryChatbot/.airflow-venv/lib/python3.12/site-packages/airflow/example_dags/subdags/subdag.py
[2026-09-05T19:42:20.285+0200] {processor.py:208} INFO - Processing /Users/swarnalidatta/Desktop/AutoQueryChatbot/.airflow-venv/lib/python3.12/site-packages/airflow/example_dags/subdags/subdag.py took 0.027 seconds
[2026-09-05T19:43:34.094+0200] {processor.py:186} INFO - Started process (PID=34451) to work on /Users/swarnalidatta/Desktop/AutoQueryChatbot/.airflow-venv/lib/python3.12/site-packages/airflow/example_dags/subdags/subdag.py
[2026-09-05T19:43:34.094+0200] {processor.py:914} INFO - Processing file /Users/swarnalidatta/Desktop/AutoQueryChatbot/.airflow-venv/lib/python3.12/site-packages/airflow/example_dags/subdags/subdag.py for tasks to queue
[2026-09-05T19:43:34.095+0200] {logging_mixin.py:190} INFO - [2026-09-05T19:43:34.095+0200] {dagbag.py:588} INFO - Filling up the DagBag from /Users/swarnalidatta/Desktop/AutoQueryChatbot/.airflow-venv/lib/python3.12/site-packages/airflow/example_dags/subdags/subdag.py
[2026-09-05T19:43:34.095+0200] {processor.py:927} WARNING - No viable dags retrieved from /Users/swarnalidatta/Desktop/AutoQueryChatbot/.airflow-venv/lib/python3.12/site-packages/airflow/example_dags/subdags/subdag.py
[2026-09-05T19:43:34.120+0200] {processor.py:208} INFO - Processing /Users/swarnalidatta/Desktop/AutoQueryChatbot/.airflow-venv/lib/python3.12/site-packages/airflow/example_dags/subdags/subdag.py took 0.027 seconds
[2026-09-05T19:44:46.700+0200] {processor.py:186} INFO - Started process (PID=34712) to work on /Users/swarnalidatta/Desktop/AutoQueryChatbot/.airflow-venv/lib/python3.12/site-packages/airflow/example_dags/subdags/subdag.py
[2026-09-05T19:44:46.700+0200] {processor.py:914} INFO - Processing file /Users/swarnalidatta/Desktop/AutoQueryChatbot/.airflow-venv/lib/python3.12/site-packages/airflow/example_dags/subdags/subdag.py for tasks to queue
[2026-09-05T19:44:46.700+0200] {logging_mixin.py:190} INFO - [2026-09-05T19:44:46.700+0200] {dagbag.py:588} INFO - Filling up the DagBag from /Users/swarnalidatta/Desktop/AutoQueryChatbot/.airflow-venv/lib/python3.12/site-packages/airflow/example_dags/subdags/subdag.py
[2026-09-05T19:44:46.701+0200] {processor.py:927} WARNING - No viable dags retrieved from /Users/swarnalidatta/Desktop/AutoQueryChatbot/.airflow-venv/lib/python3.12/site-packages/airflow/example_dags/subdags/subdag.py
[2026-09-05T19:44:46.725+0200] {processor.py:208} INFO - Processing /Users/swarnalidatta/Desktop/AutoQueryChatbot/.airflow-venv/lib/python3.12/site-packages/airflow/example_dags/subdags/subdag.py took 0.027 seconds
[2026-09-05T19:46:00.499+0200] {processor.py:186} INFO - Started process (PID=35000) to work on /Users/swarnalidatta/Desktop/AutoQueryChatbot/.airflow-venv/lib/python3.12/site-packages/airflow/example_dags/subdags/subdag.py
[2026-09-05T19:46:00.499+0200] {processor.py:914} INFO - Processing file /Users/swarnalidatta/Desktop/AutoQueryChatbot/.airflow-venv/lib/python3.12/site-packages/airflow/example_dags/subdags/subdag.py for tasks to queue
[2026-09-05T19:46:00.500+0200] {logging_mixin.py:190} INFO - [2026-09-05T19:46:00.500+0200] {dagbag.py:588} INFO - Filling up the DagBag from /Users/swarnalidatta/Desktop/AutoQueryChatbot/.airflow-venv/lib/python3.12/site-packages/airflow/example_dags/subdags/subdag.py
[2026-09-05T19:46:00.500+0200] {processor.py:927} WARNING - No viable dags retrieved from /Users/swarnalidatta/Desktop/AutoQueryChatbot/.airflow-venv/lib/python3.12/site-packages/airflow/example_dags/subdags/subdag.py
[2026-09-05T19:46:00.525+0200] {processor.py:208} INFO - Processing /Users/swarnalidatta/Desktop/AutoQueryChatbot/.airflow-venv/lib/python3.12/site-packages/airflow/example_dags/subdags/subdag.py took 0.027 seconds
[2026-09-05T19:47:14.045+0200] {processor.py:186} INFO - Started process (PID=35275) to work on /Users/swarnalidatta/Desktop/AutoQueryChatbot/.airflow-venv/lib/python3.12/site-packages/airflow/example_dags/subdags/subdag.py
[2026-09-05T19:47:14.046+0200] {processor.py:914} INFO - Processing file /Users/swarnalidatta/Desktop/AutoQueryChatbot/.airflow-venv/lib/python3.12/site-packages/airflow/example_dags/subdags/subdag.py for tasks to queue
[2026-09-05T19:47:14.046+0200] {logging_mixin.py:190} INFO - [2026-09-05T19:47:14.046+0200] {dagbag.py:588} INFO - Filling up the DagBag from /Users/swarnalidatta/Desktop/AutoQueryChatbot/.airflow-venv/lib/python3.12/site-packages/airflow/example_dags/subdags/subdag.py
[2026-09-05T19:47:14.047+0200] {processor.py:927} WARNING - No viable dags retrieved from /Users/swarnalidatta/Desktop/AutoQueryChatbot/.airflow-venv/lib/python3.12/site-packages/airflow/example_dags/subdags/subdag.py
[2026-09-05T19:47:14.071+0200] {processor.py:208} INFO - Processing /Users/swarnalidatta/Desktop/AutoQueryChatbot/.airflow-venv/lib/python3.12/site-packages/airflow/example_dags/subdags/subdag.py took 0.027 seconds
[2026-09-05T19:48:27.164+0200] {processor.py:186} INFO - Started process (PID=35542) to work on /Users/swarnalidatta/Desktop/AutoQueryChatbot/.airflow-venv/lib/python3.12/site-packages/airflow/example_dags/subdags/subdag.py
[2026-09-05T19:48:27.164+0200] {processor.py:914} INFO - Processing file /Users/swarnalidatta/Desktop/AutoQueryChatbot/.airflow-venv/lib/python3.12/site-packages/airflow/example_dags/subdags/subdag.py for tasks to queue
[2026-09-05T19:48:27.164+0200] {logging_mixin.py:190} INFO - [2026-09-05T19:48:27.164+0200] {dagbag.py:588} INFO - Filling up the DagBag from /Users/swarnalidatta/Desktop/AutoQueryChatbot/.airflow-venv/lib/python3.12/site-packages/airflow/example_dags/subdags/subdag.py
[2026-09-05T19:48:27.165+0200] {processor.py:927} WARNING - No viable dags retrieved from /Users/swarnalidatta/Desktop/AutoQueryChatbot/.airflow-venv/lib/python3.12/site-packages/airflow/example_dags/subdags/subdag.py
[2026-09-05T19:48:27.190+0200] {processor.py:208} INFO - Processing /Users/swarnalidatta/Desktop/AutoQueryChatbot/.airflow-venv/lib/python3.12/site-packages/airflow/example_dags/subdags/subdag.py took 0.027 seconds
[2026-09-05T19:49:39.582+0200] {processor.py:186} INFO - Started process (PID=35805) to work on /Users/swarnalidatta/Desktop/AutoQueryChatbot/.airflow-venv/lib/python3.12/site-packages/airflow/example_dags/subdags/subdag.py
[2026-09-05T19:49:39.583+0200] {processor.py:914} INFO - Processing file /Users/swarnalidatta/Desktop/AutoQueryChatbot/.airflow-venv/lib/python3.12/site-packages/airflow/example_dags/subdags/subdag.py for tasks to queue
[2026-09-05T19:49:39.583+0200] {logging_mixin.py:190} INFO - [2026-09-05T19:49:39.583+0200] {dagbag.py:588} INFO - Filling up the DagBag from /Users/swarnalidatta/Desktop/AutoQueryChatbot/.airflow-venv/lib/python3.12/site-packages/airflow/example_dags/subdags/subdag.py
[2026-09-05T19:49:39.584+0200] {processor.py:927} WARNING - No viable dags retrieved from /Users/swarnalidatta/Desktop/AutoQueryChatbot/.airflow-venv/lib/python3.12/site-packages/airflow/example_dags/subdags/subdag.py
[2026-09-05T19:49:39.608+0200] {processor.py:208} INFO - Processing /Users/swarnalidatta/Desktop/AutoQueryChatbot/.airflow-venv/lib/python3.12/site-packages/airflow/example_dags/subdags/subdag.py took 0.027 seconds
[2026-09-05T19:50:54.075+0200] {processor.py:186} INFO - Started process (PID=36267) to work on /Users/swarnalidatta/Desktop/AutoQueryChatbot/.airflow-venv/lib/python3.12/site-packages/airflow/example_dags/subdags/subdag.py
[2026-09-05T19:50:54.075+0200] {processor.py:914} INFO - Processing file /Users/swarnalidatta/Desktop/AutoQueryChatbot/.airflow-venv/lib/python3.12/site-packages/airflow/example_dags/subdags/subdag.py for tasks to queue
[2026-09-05T19:50:54.076+0200] {logging_mixin.py:190} INFO - [2026-09-05T19:50:54.076+0200] {dagbag.py:588} INFO - Filling up the DagBag from /Users/swarnalidatta/Desktop/AutoQueryChatbot/.airflow-venv/lib/python3.12/site-packages/airflow/example_dags/subdags/subdag.py
[2026-09-05T19:50:54.076+0200] {processor.py:927} WARNING - No viable dags retrieved from /Users/swarnalidatta/Desktop/AutoQueryChatbot/.airflow-venv/lib/python3.12/site-packages/airflow/example_dags/subdags/subdag.py
[2026-09-05T19:50:54.101+0200] {processor.py:208} INFO - Processing /Users/swarnalidatta/Desktop/AutoQueryChatbot/.airflow-venv/lib/python3.12/site-packages/airflow/example_dags/subdags/subdag.py took 0.027 seconds
[2026-09-05T19:52:18.541+0200] {processor.py:186} INFO - Started process (PID=36567) to work on /Users/swarnalidatta/Desktop/AutoQueryChatbot/.airflow-venv/lib/python3.12/site-packages/airflow/example_dags/subdags/subdag.py
[2026-09-05T19:52:18.542+0200] {processor.py:914} INFO - Processing file /Users/swarnalidatta/Desktop/AutoQueryChatbot/.airflow-venv/lib/python3.12/site-packages/airflow/example_dags/subdags/subdag.py for tasks to queue
[2026-09-05T19:52:18.542+0200] {logging_mixin.py:190} INFO - [2026-09-05T19:52:18.542+0200] {dagbag.py:588} INFO - Filling up the DagBag from /Users/swarnalidatta/Desktop/AutoQueryChatbot/.airflow-venv/lib/python3.12/site-packages/airflow/example_dags/subdags/subdag.py
[2026-09-05T19:52:18.543+0200] {processor.py:927} WARNING - No viable dags retrieved from /Users/swarnalidatta/Desktop/AutoQueryChatbot/.airflow-venv/lib/python3.12/site-packages/airflow/example_dags/subdags/subdag.py
[2026-09-05T19:52:18.568+0200] {processor.py:208} INFO - Processing /Users/swarnalidatta/Desktop/AutoQueryChatbot/.airflow-venv/lib/python3.12/site-packages/airflow/example_dags/subdags/subdag.py took 0.027 seconds
[2026-09-05T19:53:46.584+0200] {processor.py:186} INFO - Started process (PID=36883) to work on /Users/swarnalidatta/Desktop/AutoQueryChatbot/.airflow-venv/lib/python3.12/site-packages/airflow/example_dags/subdags/subdag.py
[2026-09-05T19:53:46.585+0200] {processor.py:914} INFO - Processing file /Users/swarnalidatta/Desktop/AutoQueryChatbot/.airflow-venv/lib/python3.12/site-packages/airflow/example_dags/subdags/subdag.py for tasks to queue
[2026-09-05T19:53:46.585+0200] {logging_mixin.py:190} INFO - [2026-09-05T19:53:46.585+0200] {dagbag.py:588} INFO - Filling up the DagBag from /Users/swarnalidatta/Desktop/AutoQueryChatbot/.airflow-venv/lib/python3.12/site-packages/airflow/example_dags/subdags/subdag.py
[2026-09-05T19:53:46.586+0200] {processor.py:927} WARNING - No viable dags retrieved from /Users/swarnalidatta/Desktop/AutoQueryChatbot/.airflow-venv/lib/python3.12/site-packages/airflow/example_dags/subdags/subdag.py
[2026-09-05T19:53:46.610+0200] {processor.py:208} INFO - Processing /Users/swarnalidatta/Desktop/AutoQueryChatbot/.airflow-venv/lib/python3.12/site-packages/airflow/example_dags/subdags/subdag.py took 0.027 seconds
[2026-09-05T19:55:11.418+0200] {processor.py:186} INFO - Started process (PID=37173) to work on /Users/swarnalidatta/Desktop/AutoQueryChatbot/.airflow-venv/lib/python3.12/site-packages/airflow/example_dags/subdags/subdag.py
[2026-09-05T19:55:11.418+0200] {processor.py:914} INFO - Processing file /Users/swarnalidatta/Desktop/AutoQueryChatbot/.airflow-venv/lib/python3.12/site-packages/airflow/example_dags/subdags/subdag.py for tasks to queue
[2026-09-05T19:55:11.419+0200] {logging_mixin.py:190} INFO - [2026-09-05T19:55:11.419+0200] {dagbag.py:588} INFO - Filling up the DagBag from /Users/swarnalidatta/Desktop/AutoQueryChatbot/.airflow-venv/lib/python3.12/site-packages/airflow/example_dags/subdags/subdag.py
[2026-09-05T19:55:11.419+0200] {processor.py:927} WARNING - No viable dags retrieved from /Users/swarnalidatta/Desktop/AutoQueryChatbot/.airflow-venv/lib/python3.12/site-packages/airflow/example_dags/subdags/subdag.py
[2026-09-05T19:55:11.445+0200] {processor.py:208} INFO - Processing /Users/swarnalidatta/Desktop/AutoQueryChatbot/.airflow-venv/lib/python3.12/site-packages/airflow/example_dags/subdags/subdag.py took 0.028 seconds
[2026-09-05T19:56:31.461+0200] {processor.py:186} INFO - Started process (PID=37443) to work on /Users/swarnalidatta/Desktop/AutoQueryChatbot/.airflow-venv/lib/python3.12/site-packages/airflow/example_dags/subdags/subdag.py
[2026-09-05T19:56:31.462+0200] {processor.py:914} INFO - Processing file /Users/swarnalidatta/Desktop/AutoQueryChatbot/.airflow-venv/lib/python3.12/site-packages/airflow/example_dags/subdags/subdag.py for tasks to queue
[2026-09-05T19:56:31.462+0200] {logging_mixin.py:190} INFO - [2026-09-05T19:56:31.462+0200] {dagbag.py:588} INFO - Filling up the DagBag from /Users/swarnalidatta/Desktop/AutoQueryChatbot/.airflow-venv/lib/python3.12/site-packages/airflow/example_dags/subdags/subdag.py
[2026-09-05T19:56:31.463+0200] {processor.py:927} WARNING - No viable dags retrieved from /Users/swarnalidatta/Desktop/AutoQueryChatbot/.airflow-venv/lib/python3.12/site-packages/airflow/example_dags/subdags/subdag.py
[2026-09-05T19:56:31.488+0200] {processor.py:208} INFO - Processing /Users/swarnalidatta/Desktop/AutoQueryChatbot/.airflow-venv/lib/python3.12/site-packages/airflow/example_dags/subdags/subdag.py took 0.028 seconds
[2026-09-05T19:57:48.010+0200] {processor.py:186} INFO - Started process (PID=37676) to work on /Users/swarnalidatta/Desktop/AutoQueryChatbot/.airflow-venv/lib/python3.12/site-packages/airflow/example_dags/subdags/subdag.py
[2026-09-05T19:57:48.011+0200] {processor.py:914} INFO - Processing file /Users/swarnalidatta/Desktop/AutoQueryChatbot/.airflow-venv/lib/python3.12/site-packages/airflow/example_dags/subdags/subdag.py for tasks to queue
[2026-09-05T19:57:48.011+0200] {logging_mixin.py:190} INFO - [2026-09-05T19:57:48.011+0200] {dagbag.py:588} INFO - Filling up the DagBag from /Users/swarnalidatta/Desktop/AutoQueryChatbot/.airflow-venv/lib/python3.12/site-packages/airflow/example_dags/subdags/subdag.py
[2026-09-05T19:57:48.012+0200] {processor.py:927} WARNING - No viable dags retrieved from /Users/swarnalidatta/Desktop/AutoQueryChatbot/.airflow-venv/lib/python3.12/site-packages/airflow/example_dags/subdags/subdag.py
[2026-09-05T19:57:48.036+0200] {processor.py:208} INFO - Processing /Users/swarnalidatta/Desktop/AutoQueryChatbot/.airflow-venv/lib/python3.12/site-packages/airflow/example_dags/subdags/subdag.py took 0.027 seconds
[2026-09-05T19:59:10.223+0200] {processor.py:186} INFO - Started process (PID=37958) to work on /Users/swarnalidatta/Desktop/AutoQueryChatbot/.airflow-venv/lib/python3.12/site-packages/airflow/example_dags/subdags/subdag.py
[2026-09-05T19:59:10.223+0200] {processor.py:914} INFO - Processing file /Users/swarnalidatta/Desktop/AutoQueryChatbot/.airflow-venv/lib/python3.12/site-packages/airflow/example_dags/subdags/subdag.py for tasks to queue
[2026-09-05T19:59:10.224+0200] {logging_mixin.py:190} INFO - [2026-09-05T19:59:10.224+0200] {dagbag.py:588} INFO - Filling up the DagBag from /Users/swarnalidatta/Desktop/AutoQueryChatbot/.airflow-venv/lib/python3.12/site-packages/airflow/example_dags/subdags/subdag.py
[2026-09-05T19:59:10.224+0200] {processor.py:927} WARNING - No viable dags retrieved from /Users/swarnalidatta/Desktop/AutoQueryChatbot/.airflow-venv/lib/python3.12/site-packages/airflow/example_dags/subdags/subdag.py
[2026-09-05T19:59:10.248+0200] {processor.py:208} INFO - Processing /Users/swarnalidatta/Desktop/AutoQueryChatbot/.airflow-venv/lib/python3.12/site-packages/airflow/example_dags/subdags/subdag.py took 0.027 seconds
[2026-09-05T20:00:39.573+0200] {processor.py:186} INFO - Started process (PID=38261) to work on /Users/swarnalidatta/Desktop/AutoQueryChatbot/.airflow-venv/lib/python3.12/site-packages/airflow/example_dags/subdags/subdag.py
[2026-09-05T20:00:39.575+0200] {processor.py:914} INFO - Processing file /Users/swarnalidatta/Desktop/AutoQueryChatbot/.airflow-venv/lib/python3.12/site-packages/airflow/example_dags/subdags/subdag.py for tasks to queue
[2026-09-05T20:00:39.575+0200] {logging_mixin.py:190} INFO - [2026-09-05T20:00:39.575+0200] {dagbag.py:588} INFO - Filling up the DagBag from /Users/swarnalidatta/Desktop/AutoQueryChatbot/.airflow-venv/lib/python3.12/site-packages/airflow/example_dags/subdags/subdag.py
[2026-09-05T20:00:39.576+0200] {processor.py:927} WARNING - No viable dags retrieved from /Users/swarnalidatta/Desktop/AutoQueryChatbot/.airflow-venv/lib/python3.12/site-packages/airflow/example_dags/subdags/subdag.py
[2026-09-05T20:00:39.600+0200] {processor.py:208} INFO - Processing /Users/swarnalidatta/Desktop/AutoQueryChatbot/.airflow-venv/lib/python3.12/site-packages/airflow/example_dags/subdags/subdag.py took 0.028 seconds
[2026-09-05T20:01:59.710+0200] {processor.py:186} INFO - Started process (PID=38459) to work on /Users/swarnalidatta/Desktop/AutoQueryChatbot/.airflow-venv/lib/python3.12/site-packages/airflow/example_dags/subdags/subdag.py
[2026-09-05T20:01:59.711+0200] {processor.py:914} INFO - Processing file /Users/swarnalidatta/Desktop/AutoQueryChatbot/.airflow-venv/lib/python3.12/site-packages/airflow/example_dags/subdags/subdag.py for tasks to queue
[2026-09-05T20:01:59.711+0200] {logging_mixin.py:190} INFO - [2026-09-05T20:01:59.711+0200] {dagbag.py:588} INFO - Filling up the DagBag from /Users/swarnalidatta/Desktop/AutoQueryChatbot/.airflow-venv/lib/python3.12/site-packages/airflow/example_dags/subdags/subdag.py
[2026-09-05T20:01:59.712+0200] {processor.py:927} WARNING - No viable dags retrieved from /Users/swarnalidatta/Desktop/AutoQueryChatbot/.airflow-venv/lib/python3.12/site-packages/airflow/example_dags/subdags/subdag.py
[2026-09-05T20:01:59.737+0200] {processor.py:208} INFO - Processing /Users/swarnalidatta/Desktop/AutoQueryChatbot/.airflow-venv/lib/python3.12/site-packages/airflow/example_dags/subdags/subdag.py took 0.028 seconds
[2026-09-05T20:03:34.000+0200] {processor.py:186} INFO - Started process (PID=38629) to work on /Users/swarnalidatta/Desktop/AutoQueryChatbot/.airflow-venv/lib/python3.12/site-packages/airflow/example_dags/subdags/subdag.py
[2026-09-05T20:03:34.001+0200] {processor.py:914} INFO - Processing file /Users/swarnalidatta/Desktop/AutoQueryChatbot/.airflow-venv/lib/python3.12/site-packages/airflow/example_dags/subdags/subdag.py for tasks to queue
[2026-09-05T20:03:34.001+0200] {logging_mixin.py:190} INFO - [2026-09-05T20:03:34.001+0200] {dagbag.py:588} INFO - Filling up the DagBag from /Users/swarnalidatta/Desktop/AutoQueryChatbot/.airflow-venv/lib/python3.12/site-packages/airflow/example_dags/subdags/subdag.py
[2026-09-05T20:03:34.002+0200] {processor.py:927} WARNING - No viable dags retrieved from /Users/swarnalidatta/Desktop/AutoQueryChatbot/.airflow-venv/lib/python3.12/site-packages/airflow/example_dags/subdags/subdag.py
[2026-09-05T20:03:34.026+0200] {processor.py:208} INFO - Processing /Users/swarnalidatta/Desktop/AutoQueryChatbot/.airflow-venv/lib/python3.12/site-packages/airflow/example_dags/subdags/subdag.py took 0.028 seconds
[2026-09-05T20:05:33.097+0200] {processor.py:186} INFO - Started process (PID=38916) to work on /Users/swarnalidatta/Desktop/AutoQueryChatbot/.airflow-venv/lib/python3.12/site-packages/airflow/example_dags/subdags/subdag.py
[2026-09-05T20:05:33.097+0200] {processor.py:914} INFO - Processing file /Users/swarnalidatta/Desktop/AutoQueryChatbot/.airflow-venv/lib/python3.12/site-packages/airflow/example_dags/subdags/subdag.py for tasks to queue
[2026-09-05T20:05:33.097+0200] {logging_mixin.py:190} INFO - [2026-09-05T20:05:33.097+0200] {dagbag.py:588} INFO - Filling up the DagBag from /Users/swarnalidatta/Desktop/AutoQueryChatbot/.airflow-venv/lib/python3.12/site-packages/airflow/example_dags/subdags/subdag.py
[2026-09-05T20:05:33.098+0200] {processor.py:927} WARNING - No viable dags retrieved from /Users/swarnalidatta/Desktop/AutoQueryChatbot/.airflow-venv/lib/python3.12/site-packages/airflow/example_dags/subdags/subdag.py
[2026-09-05T20:05:33.122+0200] {processor.py:208} INFO - Processing /Users/swarnalidatta/Desktop/AutoQueryChatbot/.airflow-venv/lib/python3.12/site-packages/airflow/example_dags/subdags/subdag.py took 0.027 seconds
[2026-09-05T20:06:39.420+0200] {processor.py:186} INFO - Started process (PID=39081) to work on /Users/swarnalidatta/Desktop/AutoQueryChatbot/.airflow-venv/lib/python3.12/site-packages/airflow/example_dags/subdags/subdag.py
[2026-09-05T20:06:39.420+0200] {processor.py:914} INFO - Processing file /Users/swarnalidatta/Desktop/AutoQueryChatbot/.airflow-venv/lib/python3.12/site-packages/airflow/example_dags/subdags/subdag.py for tasks to queue
[2026-09-05T20:06:39.421+0200] {logging_mixin.py:190} INFO - [2026-09-05T20:06:39.421+0200] {dagbag.py:588} INFO - Filling up the DagBag from /Users/swarnalidatta/Desktop/AutoQueryChatbot/.airflow-venv/lib/python3.12/site-packages/airflow/example_dags/subdags/subdag.py
[2026-09-05T20:06:39.422+0200] {processor.py:927} WARNING - No viable dags retrieved from /Users/swarnalidatta/Desktop/AutoQueryChatbot/.airflow-venv/lib/python3.12/site-packages/airflow/example_dags/subdags/subdag.py
[2026-09-05T20:06:39.448+0200] {processor.py:208} INFO - Processing /Users/swarnalidatta/Desktop/AutoQueryChatbot/.airflow-venv/lib/python3.12/site-packages/airflow/example_dags/subdags/subdag.py took 0.029 seconds
[2026-09-05T20:07:39.143+0200] {processor.py:186} INFO - Started process (PID=39242) to work on /Users/swarnalidatta/Desktop/AutoQueryChatbot/.airflow-venv/lib/python3.12/site-packages/airflow/example_dags/subdags/subdag.py
[2026-09-05T20:07:39.143+0200] {processor.py:914} INFO - Processing file /Users/swarnalidatta/Desktop/AutoQueryChatbot/.airflow-venv/lib/python3.12/site-packages/airflow/example_dags/subdags/subdag.py for tasks to queue
[2026-09-05T20:07:39.144+0200] {logging_mixin.py:190} INFO - [2026-09-05T20:07:39.144+0200] {dagbag.py:588} INFO - Filling up the DagBag from /Users/swarnalidatta/Desktop/AutoQueryChatbot/.airflow-venv/lib/python3.12/site-packages/airflow/example_dags/subdags/subdag.py
[2026-09-05T20:07:39.144+0200] {processor.py:927} WARNING - No viable dags retrieved from /Users/swarnalidatta/Desktop/AutoQueryChatbot/.airflow-venv/lib/python3.12/site-packages/airflow/example_dags/subdags/subdag.py
[2026-09-05T20:07:39.169+0200] {processor.py:208} INFO - Processing /Users/swarnalidatta/Desktop/AutoQueryChatbot/.airflow-venv/lib/python3.12/site-packages/airflow/example_dags/subdags/subdag.py took 0.027 seconds
[2026-09-05T20:09:41.018+0200] {processor.py:186} INFO - Started process (PID=39568) to work on /Users/swarnalidatta/Desktop/AutoQueryChatbot/.airflow-venv/lib/python3.12/site-packages/airflow/example_dags/subdags/subdag.py
[2026-09-05T20:09:41.018+0200] {processor.py:914} INFO - Processing file /Users/swarnalidatta/Desktop/AutoQueryChatbot/.airflow-venv/lib/python3.12/site-packages/airflow/example_dags/subdags/subdag.py for tasks to queue
[2026-09-05T20:09:41.018+0200] {logging_mixin.py:190} INFO - [2026-09-05T20:09:41.018+0200] {dagbag.py:588} INFO - Filling up the DagBag from /Users/swarnalidatta/Desktop/AutoQueryChatbot/.airflow-venv/lib/python3.12/site-packages/airflow/example_dags/subdags/subdag.py
[2026-09-05T20:09:41.019+0200] {processor.py:927} WARNING - No viable dags retrieved from /Users/swarnalidatta/Desktop/AutoQueryChatbot/.airflow-venv/lib/python3.12/site-packages/airflow/example_dags/subdags/subdag.py
[2026-09-05T20:09:41.044+0200] {processor.py:208} INFO - Processing /Users/swarnalidatta/Desktop/AutoQueryChatbot/.airflow-venv/lib/python3.12/site-packages/airflow/example_dags/subdags/subdag.py took 0.027 seconds
[2026-09-05T20:10:49.442+0200] {processor.py:186} INFO - Started process (PID=39754) to work on /Users/swarnalidatta/Desktop/AutoQueryChatbot/.airflow-venv/lib/python3.12/site-packages/airflow/example_dags/subdags/subdag.py
[2026-09-05T20:10:49.443+0200] {processor.py:914} INFO - Processing file /Users/swarnalidatta/Desktop/AutoQueryChatbot/.airflow-venv/lib/python3.12/site-packages/airflow/example_dags/subdags/subdag.py for tasks to queue
[2026-09-05T20:10:49.443+0200] {logging_mixin.py:190} INFO - [2026-09-05T20:10:49.443+0200] {dagbag.py:588} INFO - Filling up the DagBag from /Users/swarnalidatta/Desktop/AutoQueryChatbot/.airflow-venv/lib/python3.12/site-packages/airflow/example_dags/subdags/subdag.py
[2026-09-05T20:10:49.444+0200] {processor.py:927} WARNING - No viable dags retrieved from /Users/swarnalidatta/Desktop/AutoQueryChatbot/.airflow-venv/lib/python3.12/site-packages/airflow/example_dags/subdags/subdag.py
[2026-09-05T20:10:49.468+0200] {processor.py:208} INFO - Processing /Users/swarnalidatta/Desktop/AutoQueryChatbot/.airflow-venv/lib/python3.12/site-packages/airflow/example_dags/subdags/subdag.py took 0.027 seconds
[2026-09-05T20:11:58.872+0200] {processor.py:186} INFO - Started process (PID=41364) to work on /Users/swarnalidatta/Desktop/AutoQueryChatbot/.airflow-venv/lib/python3.12/site-packages/airflow/example_dags/subdags/subdag.py
[2026-09-05T20:11:58.872+0200] {processor.py:914} INFO - Processing file /Users/swarnalidatta/Desktop/AutoQueryChatbot/.airflow-venv/lib/python3.12/site-packages/airflow/example_dags/subdags/subdag.py for tasks to queue
[2026-09-05T20:11:58.872+0200] {logging_mixin.py:190} INFO - [2026-09-05T20:11:58.872+0200] {dagbag.py:588} INFO - Filling up the DagBag from /Users/swarnalidatta/Desktop/AutoQueryChatbot/.airflow-venv/lib/python3.12/site-packages/airflow/example_dags/subdags/subdag.py
[2026-09-05T20:11:58.873+0200] {processor.py:927} WARNING - No viable dags retrieved from /Users/swarnalidatta/Desktop/AutoQueryChatbot/.airflow-venv/lib/python3.12/site-packages/airflow/example_dags/subdags/subdag.py
[2026-09-05T20:11:58.898+0200] {processor.py:208} INFO - Processing /Users/swarnalidatta/Desktop/AutoQueryChatbot/.airflow-venv/lib/python3.12/site-packages/airflow/example_dags/subdags/subdag.py took 0.027 seconds
[2026-09-05T20:13:07.408+0200] {processor.py:186} INFO - Started process (PID=42991) to work on /Users/swarnalidatta/Desktop/AutoQueryChatbot/.airflow-venv/lib/python3.12/site-packages/airflow/example_dags/subdags/subdag.py
[2026-09-05T20:13:07.408+0200] {processor.py:914} INFO - Processing file /Users/swarnalidatta/Desktop/AutoQueryChatbot/.airflow-venv/lib/python3.12/site-packages/airflow/example_dags/subdags/subdag.py for tasks to queue
[2026-09-05T20:13:07.409+0200] {logging_mixin.py:190} INFO - [2026-09-05T20:13:07.409+0200] {dagbag.py:588} INFO - Filling up the DagBag from /Users/swarnalidatta/Desktop/AutoQueryChatbot/.airflow-venv/lib/python3.12/site-packages/airflow/example_dags/subdags/subdag.py
[2026-09-05T20:13:07.409+0200] {processor.py:927} WARNING - No viable dags retrieved from /Users/swarnalidatta/Desktop/AutoQueryChatbot/.airflow-venv/lib/python3.12/site-packages/airflow/example_dags/subdags/subdag.py
[2026-09-05T20:13:07.434+0200] {processor.py:208} INFO - Processing /Users/swarnalidatta/Desktop/AutoQueryChatbot/.airflow-venv/lib/python3.12/site-packages/airflow/example_dags/subdags/subdag.py took 0.027 seconds
[2026-09-05T20:14:20.260+0200] {processor.py:186} INFO - Started process (PID=43342) to work on /Users/swarnalidatta/Desktop/AutoQueryChatbot/.airflow-venv/lib/python3.12/site-packages/airflow/example_dags/subdags/subdag.py
[2026-09-05T20:14:20.260+0200] {processor.py:914} INFO - Processing file /Users/swarnalidatta/Desktop/AutoQueryChatbot/.airflow-venv/lib/python3.12/site-packages/airflow/example_dags/subdags/subdag.py for tasks to queue
[2026-09-05T20:14:20.260+0200] {logging_mixin.py:190} INFO - [2026-09-05T20:14:20.260+0200] {dagbag.py:588} INFO - Filling up the DagBag from /Users/swarnalidatta/Desktop/AutoQueryChatbot/.airflow-venv/lib/python3.12/site-packages/airflow/example_dags/subdags/subdag.py
[2026-09-05T20:14:20.261+0200] {processor.py:927} WARNING - No viable dags retrieved from /Users/swarnalidatta/Desktop/AutoQueryChatbot/.airflow-venv/lib/python3.12/site-packages/airflow/example_dags/subdags/subdag.py
[2026-09-05T20:14:20.286+0200] {processor.py:208} INFO - Processing /Users/swarnalidatta/Desktop/AutoQueryChatbot/.airflow-venv/lib/python3.12/site-packages/airflow/example_dags/subdags/subdag.py took 0.027 seconds
[2026-09-05T20:15:31.624+0200] {processor.py:186} INFO - Started process (PID=43815) to work on /Users/swarnalidatta/Desktop/AutoQueryChatbot/.airflow-venv/lib/python3.12/site-packages/airflow/example_dags/subdags/subdag.py
[2026-09-05T20:15:31.625+0200] {processor.py:914} INFO - Processing file /Users/swarnalidatta/Desktop/AutoQueryChatbot/.airflow-venv/lib/python3.12/site-packages/airflow/example_dags/subdags/subdag.py for tasks to queue
[2026-09-05T20:15:31.625+0200] {logging_mixin.py:190} INFO - [2026-09-05T20:15:31.625+0200] {dagbag.py:588} INFO - Filling up the DagBag from /Users/swarnalidatta/Desktop/AutoQueryChatbot/.airflow-venv/lib/python3.12/site-packages/airflow/example_dags/subdags/subdag.py
[2026-09-05T20:15:31.626+0200] {processor.py:927} WARNING - No viable dags retrieved from /Users/swarnalidatta/Desktop/AutoQueryChatbot/.airflow-venv/lib/python3.12/site-packages/airflow/example_dags/subdags/subdag.py
[2026-09-05T20:15:31.650+0200] {processor.py:208} INFO - Processing /Users/swarnalidatta/Desktop/AutoQueryChatbot/.airflow-venv/lib/python3.12/site-packages/airflow/example_dags/subdags/subdag.py took 0.027 seconds
[2026-09-05T20:16:41.244+0200] {processor.py:186} INFO - Started process (PID=44662) to work on /Users/swarnalidatta/Desktop/AutoQueryChatbot/.airflow-venv/lib/python3.12/site-packages/airflow/example_dags/subdags/subdag.py
[2026-09-05T20:16:41.244+0200] {processor.py:914} INFO - Processing file /Users/swarnalidatta/Desktop/AutoQueryChatbot/.airflow-venv/lib/python3.12/site-packages/airflow/example_dags/subdags/subdag.py for tasks to queue
[2026-09-05T20:16:41.244+0200] {logging_mixin.py:190} INFO - [2026-09-05T20:16:41.244+0200] {dagbag.py:588} INFO - Filling up the DagBag from /Users/swarnalidatta/Desktop/AutoQueryChatbot/.airflow-venv/lib/python3.12/site-packages/airflow/example_dags/subdags/subdag.py
[2026-09-05T20:16:41.245+0200] {processor.py:927} WARNING - No viable dags retrieved from /Users/swarnalidatta/Desktop/AutoQueryChatbot/.airflow-venv/lib/python3.12/site-packages/airflow/example_dags/subdags/subdag.py
[2026-09-05T20:16:41.269+0200] {processor.py:208} INFO - Processing /Users/swarnalidatta/Desktop/AutoQueryChatbot/.airflow-venv/lib/python3.12/site-packages/airflow/example_dags/subdags/subdag.py took 0.027 seconds
[2026-09-05T20:17:54.578+0200] {processor.py:186} INFO - Started process (PID=45361) to work on /Users/swarnalidatta/Desktop/AutoQueryChatbot/.airflow-venv/lib/python3.12/site-packages/airflow/example_dags/subdags/subdag.py
[2026-09-05T20:17:54.578+0200] {processor.py:914} INFO - Processing file /Users/swarnalidatta/Desktop/AutoQueryChatbot/.airflow-venv/lib/python3.12/site-packages/airflow/example_dags/subdags/subdag.py for tasks to queue
[2026-09-05T20:17:54.579+0200] {logging_mixin.py:190} INFO - [2026-09-05T20:17:54.579+0200] {dagbag.py:588} INFO - Filling up the DagBag from /Users/swarnalidatta/Desktop/AutoQueryChatbot/.airflow-venv/lib/python3.12/site-packages/airflow/example_dags/subdags/subdag.py
[2026-09-05T20:17:54.579+0200] {processor.py:927} WARNING - No viable dags retrieved from /Users/swarnalidatta/Desktop/AutoQueryChatbot/.airflow-venv/lib/python3.12/site-packages/airflow/example_dags/subdags/subdag.py
[2026-09-05T20:17:54.604+0200] {processor.py:208} INFO - Processing /Users/swarnalidatta/Desktop/AutoQueryChatbot/.airflow-venv/lib/python3.12/site-packages/airflow/example_dags/subdags/subdag.py took 0.027 seconds
[2026-09-05T20:19:12.340+0200] {processor.py:186} INFO - Started process (PID=45617) to work on /Users/swarnalidatta/Desktop/AutoQueryChatbot/.airflow-venv/lib/python3.12/site-packages/airflow/example_dags/subdags/subdag.py
[2026-09-05T20:19:12.341+0200] {processor.py:914} INFO - Processing file /Users/swarnalidatta/Desktop/AutoQueryChatbot/.airflow-venv/lib/python3.12/site-packages/airflow/example_dags/subdags/subdag.py for tasks to queue
[2026-09-05T20:19:12.341+0200] {logging_mixin.py:190} INFO - [2026-09-05T20:19:12.341+0200] {dagbag.py:588} INFO - Filling up the DagBag from /Users/swarnalidatta/Desktop/AutoQueryChatbot/.airflow-venv/lib/python3.12/site-packages/airflow/example_dags/subdags/subdag.py
[2026-09-05T20:19:12.341+0200] {processor.py:927} WARNING - No viable dags retrieved from /Users/swarnalidatta/Desktop/AutoQueryChatbot/.airflow-venv/lib/python3.12/site-packages/airflow/example_dags/subdags/subdag.py
[2026-09-05T20:19:12.366+0200] {processor.py:208} INFO - Processing /Users/swarnalidatta/Desktop/AutoQueryChatbot/.airflow-venv/lib/python3.12/site-packages/airflow/example_dags/subdags/subdag.py took 0.027 seconds
[2026-09-05T20:20:32.256+0200] {processor.py:186} INFO - Started process (PID=45899) to work on /Users/swarnalidatta/Desktop/AutoQueryChatbot/.airflow-venv/lib/python3.12/site-packages/airflow/example_dags/subdags/subdag.py
[2026-09-05T20:20:32.256+0200] {processor.py:914} INFO - Processing file /Users/swarnalidatta/Desktop/AutoQueryChatbot/.airflow-venv/lib/python3.12/site-packages/airflow/example_dags/subdags/subdag.py for tasks to queue
[2026-09-05T20:20:32.257+0200] {logging_mixin.py:190} INFO - [2026-09-05T20:20:32.257+0200] {dagbag.py:588} INFO - Filling up the DagBag from /Users/swarnalidatta/Desktop/AutoQueryChatbot/.airflow-venv/lib/python3.12/site-packages/airflow/example_dags/subdags/subdag.py
[2026-09-05T20:20:32.257+0200] {processor.py:927} WARNING - No viable dags retrieved from /Users/swarnalidatta/Desktop/AutoQueryChatbot/.airflow-venv/lib/python3.12/site-packages/airflow/example_dags/subdags/subdag.py
[2026-09-05T20:20:32.282+0200] {processor.py:208} INFO - Processing /Users/swarnalidatta/Desktop/AutoQueryChatbot/.airflow-venv/lib/python3.12/site-packages/airflow/example_dags/subdags/subdag.py took 0.027 seconds
[2026-09-05T20:22:10.167+0200] {processor.py:186} INFO - Started process (PID=46234) to work on /Users/swarnalidatta/Desktop/AutoQueryChatbot/.airflow-venv/lib/python3.12/site-packages/airflow/example_dags/subdags/subdag.py
[2026-09-05T20:22:10.168+0200] {processor.py:914} INFO - Processing file /Users/swarnalidatta/Desktop/AutoQueryChatbot/.airflow-venv/lib/python3.12/site-packages/airflow/example_dags/subdags/subdag.py for tasks to queue
[2026-09-05T20:22:10.168+0200] {logging_mixin.py:190} INFO - [2026-09-05T20:22:10.168+0200] {dagbag.py:588} INFO - Filling up the DagBag from /Users/swarnalidatta/Desktop/AutoQueryChatbot/.airflow-venv/lib/python3.12/site-packages/airflow/example_dags/subdags/subdag.py
[2026-09-05T20:22:10.169+0200] {processor.py:927} WARNING - No viable dags retrieved from /Users/swarnalidatta/Desktop/AutoQueryChatbot/.airflow-venv/lib/python3.12/site-packages/airflow/example_dags/subdags/subdag.py
[2026-09-05T20:22:10.194+0200] {processor.py:208} INFO - Processing /Users/swarnalidatta/Desktop/AutoQueryChatbot/.airflow-venv/lib/python3.12/site-packages/airflow/example_dags/subdags/subdag.py took 0.027 seconds
[2026-09-05T20:25:14.618+0200] {processor.py:186} INFO - Started process (PID=46983) to work on /Users/swarnalidatta/Desktop/AutoQueryChatbot/.airflow-venv/lib/python3.12/site-packages/airflow/example_dags/subdags/subdag.py
[2026-09-05T20:25:14.619+0200] {processor.py:914} INFO - Processing file /Users/swarnalidatta/Desktop/AutoQueryChatbot/.airflow-venv/lib/python3.12/site-packages/airflow/example_dags/subdags/subdag.py for tasks to queue
[2026-09-05T20:25:14.619+0200] {logging_mixin.py:190} INFO - [2026-09-05T20:25:14.619+0200] {dagbag.py:588} INFO - Filling up the DagBag from /Users/swarnalidatta/Desktop/AutoQueryChatbot/.airflow-venv/lib/python3.12/site-packages/airflow/example_dags/subdags/subdag.py
[2026-09-05T20:25:14.620+0200] {processor.py:927} WARNING - No viable dags retrieved from /Users/swarnalidatta/Desktop/AutoQueryChatbot/.airflow-venv/lib/python3.12/site-packages/airflow/example_dags/subdags/subdag.py
[2026-09-05T20:25:14.644+0200] {processor.py:208} INFO - Processing /Users/swarnalidatta/Desktop/AutoQueryChatbot/.airflow-venv/lib/python3.12/site-packages/airflow/example_dags/subdags/subdag.py took 0.027 seconds
[2026-09-05T20:26:20.719+0200] {processor.py:186} INFO - Started process (PID=47138) to work on /Users/swarnalidatta/Desktop/AutoQueryChatbot/.airflow-venv/lib/python3.12/site-packages/airflow/example_dags/subdags/subdag.py
[2026-09-05T20:26:20.719+0200] {processor.py:914} INFO - Processing file /Users/swarnalidatta/Desktop/AutoQueryChatbot/.airflow-venv/lib/python3.12/site-packages/airflow/example_dags/subdags/subdag.py for tasks to queue
[2026-09-05T20:26:20.720+0200] {logging_mixin.py:190} INFO - [2026-09-05T20:26:20.720+0200] {dagbag.py:588} INFO - Filling up the DagBag from /Users/swarnalidatta/Desktop/AutoQueryChatbot/.airflow-venv/lib/python3.12/site-packages/airflow/example_dags/subdags/subdag.py
[2026-09-05T20:26:20.721+0200] {processor.py:927} WARNING - No viable dags retrieved from /Users/swarnalidatta/Desktop/AutoQueryChatbot/.airflow-venv/lib/python3.12/site-packages/airflow/example_dags/subdags/subdag.py
[2026-09-05T20:26:20.745+0200] {processor.py:208} INFO - Processing /Users/swarnalidatta/Desktop/AutoQueryChatbot/.airflow-venv/lib/python3.12/site-packages/airflow/example_dags/subdags/subdag.py took 0.027 seconds
[2026-09-05T20:27:27.984+0200] {processor.py:186} INFO - Started process (PID=47290) to work on /Users/swarnalidatta/Desktop/AutoQueryChatbot/.airflow-venv/lib/python3.12/site-packages/airflow/example_dags/subdags/subdag.py
[2026-09-05T20:27:27.985+0200] {processor.py:914} INFO - Processing file /Users/swarnalidatta/Desktop/AutoQueryChatbot/.airflow-venv/lib/python3.12/site-packages/airflow/example_dags/subdags/subdag.py for tasks to queue
[2026-09-05T20:27:27.986+0200] {logging_mixin.py:190} INFO - [2026-09-05T20:27:27.986+0200] {dagbag.py:588} INFO - Filling up the DagBag from /Users/swarnalidatta/Desktop/AutoQueryChatbot/.airflow-venv/lib/python3.12/site-packages/airflow/example_dags/subdags/subdag.py
[2026-09-05T20:27:27.986+0200] {processor.py:927} WARNING - No viable dags retrieved from /Users/swarnalidatta/Desktop/AutoQueryChatbot/.airflow-venv/lib/python3.12/site-packages/airflow/example_dags/subdags/subdag.py
[2026-09-05T20:27:28.011+0200] {processor.py:208} INFO - Processing /Users/swarnalidatta/Desktop/AutoQueryChatbot/.airflow-venv/lib/python3.12/site-packages/airflow/example_dags/subdags/subdag.py took 0.027 seconds
[2026-09-05T20:29:25.567+0200] {processor.py:186} INFO - Started process (PID=47614) to work on /Users/swarnalidatta/Desktop/AutoQueryChatbot/.airflow-venv/lib/python3.12/site-packages/airflow/example_dags/subdags/subdag.py
[2026-09-05T20:29:25.568+0200] {processor.py:914} INFO - Processing file /Users/swarnalidatta/Desktop/AutoQueryChatbot/.airflow-venv/lib/python3.12/site-packages/airflow/example_dags/subdags/subdag.py for tasks to queue
[2026-09-05T20:29:25.569+0200] {logging_mixin.py:190} INFO - [2026-09-05T20:29:25.569+0200] {dagbag.py:588} INFO - Filling up the DagBag from /Users/swarnalidatta/Desktop/AutoQueryChatbot/.airflow-venv/lib/python3.12/site-packages/airflow/example_dags/subdags/subdag.py
[2026-09-05T20:29:25.570+0200] {processor.py:927} WARNING - No viable dags retrieved from /Users/swarnalidatta/Desktop/AutoQueryChatbot/.airflow-venv/lib/python3.12/site-packages/airflow/example_dags/subdags/subdag.py
[2026-09-05T20:29:25.594+0200] {processor.py:208} INFO - Processing /Users/swarnalidatta/Desktop/AutoQueryChatbot/.airflow-venv/lib/python3.12/site-packages/airflow/example_dags/subdags/subdag.py took 0.028 seconds
[2026-09-05T20:30:53.363+0200] {processor.py:186} INFO - Started process (PID=47818) to work on /Users/swarnalidatta/Desktop/AutoQueryChatbot/.airflow-venv/lib/python3.12/site-packages/airflow/example_dags/subdags/subdag.py
[2026-09-05T20:30:53.363+0200] {processor.py:914} INFO - Processing file /Users/swarnalidatta/Desktop/AutoQueryChatbot/.airflow-venv/lib/python3.12/site-packages/airflow/example_dags/subdags/subdag.py for tasks to queue
[2026-09-05T20:30:53.364+0200] {logging_mixin.py:190} INFO - [2026-09-05T20:30:53.364+0200] {dagbag.py:588} INFO - Filling up the DagBag from /Users/swarnalidatta/Desktop/AutoQueryChatbot/.airflow-venv/lib/python3.12/site-packages/airflow/example_dags/subdags/subdag.py
[2026-09-05T20:30:53.364+0200] {processor.py:927} WARNING - No viable dags retrieved from /Users/swarnalidatta/Desktop/AutoQueryChatbot/.airflow-venv/lib/python3.12/site-packages/airflow/example_dags/subdags/subdag.py
[2026-09-05T20:30:53.389+0200] {processor.py:208} INFO - Processing /Users/swarnalidatta/Desktop/AutoQueryChatbot/.airflow-venv/lib/python3.12/site-packages/airflow/example_dags/subdags/subdag.py took 0.027 seconds
[2026-09-05T20:32:20.163+0200] {processor.py:186} INFO - Started process (PID=48048) to work on /Users/swarnalidatta/Desktop/AutoQueryChatbot/.airflow-venv/lib/python3.12/site-packages/airflow/example_dags/subdags/subdag.py
[2026-09-05T20:32:20.163+0200] {processor.py:914} INFO - Processing file /Users/swarnalidatta/Desktop/AutoQueryChatbot/.airflow-venv/lib/python3.12/site-packages/airflow/example_dags/subdags/subdag.py for tasks to queue
[2026-09-05T20:32:20.164+0200] {logging_mixin.py:190} INFO - [2026-09-05T20:32:20.164+0200] {dagbag.py:588} INFO - Filling up the DagBag from /Users/swarnalidatta/Desktop/AutoQueryChatbot/.airflow-venv/lib/python3.12/site-packages/airflow/example_dags/subdags/subdag.py
[2026-09-05T20:32:20.164+0200] {processor.py:927} WARNING - No viable dags retrieved from /Users/swarnalidatta/Desktop/AutoQueryChatbot/.airflow-venv/lib/python3.12/site-packages/airflow/example_dags/subdags/subdag.py
[2026-09-05T20:32:20.189+0200] {processor.py:208} INFO - Processing /Users/swarnalidatta/Desktop/AutoQueryChatbot/.airflow-venv/lib/python3.12/site-packages/airflow/example_dags/subdags/subdag.py took 0.027 seconds
[2026-09-05T20:33:29.924+0200] {processor.py:186} INFO - Started process (PID=48212) to work on /Users/swarnalidatta/Desktop/AutoQueryChatbot/.airflow-venv/lib/python3.12/site-packages/airflow/example_dags/subdags/subdag.py
[2026-09-05T20:33:29.924+0200] {processor.py:914} INFO - Processing file /Users/swarnalidatta/Desktop/AutoQueryChatbot/.airflow-venv/lib/python3.12/site-packages/airflow/example_dags/subdags/subdag.py for tasks to queue
[2026-09-05T20:33:29.924+0200] {logging_mixin.py:190} INFO - [2026-09-05T20:33:29.924+0200] {dagbag.py:588} INFO - Filling up the DagBag from /Users/swarnalidatta/Desktop/AutoQueryChatbot/.airflow-venv/lib/python3.12/site-packages/airflow/example_dags/subdags/subdag.py
[2026-09-05T20:33:29.925+0200] {processor.py:927} WARNING - No viable dags retrieved from /Users/swarnalidatta/Desktop/AutoQueryChatbot/.airflow-venv/lib/python3.12/site-packages/airflow/example_dags/subdags/subdag.py
[2026-09-05T20:33:29.950+0200] {processor.py:208} INFO - Processing /Users/swarnalidatta/Desktop/AutoQueryChatbot/.airflow-venv/lib/python3.12/site-packages/airflow/example_dags/subdags/subdag.py took 0.027 seconds
[2026-09-05T20:34:39.489+0200] {processor.py:186} INFO - Started process (PID=48382) to work on /Users/swarnalidatta/Desktop/AutoQueryChatbot/.airflow-venv/lib/python3.12/site-packages/airflow/example_dags/subdags/subdag.py
[2026-09-05T20:34:39.489+0200] {processor.py:914} INFO - Processing file /Users/swarnalidatta/Desktop/AutoQueryChatbot/.airflow-venv/lib/python3.12/site-packages/airflow/example_dags/subdags/subdag.py for tasks to queue
[2026-09-05T20:34:39.490+0200] {logging_mixin.py:190} INFO - [2026-09-05T20:34:39.490+0200] {dagbag.py:588} INFO - Filling up the DagBag from /Users/swarnalidatta/Desktop/AutoQueryChatbot/.airflow-venv/lib/python3.12/site-packages/airflow/example_dags/subdags/subdag.py
[2026-09-05T20:34:39.490+0200] {processor.py:927} WARNING - No viable dags retrieved from /Users/swarnalidatta/Desktop/AutoQueryChatbot/.airflow-venv/lib/python3.12/site-packages/airflow/example_dags/subdags/subdag.py
[2026-09-05T20:34:39.515+0200] {processor.py:208} INFO - Processing /Users/swarnalidatta/Desktop/AutoQueryChatbot/.airflow-venv/lib/python3.12/site-packages/airflow/example_dags/subdags/subdag.py took 0.027 seconds
[2026-09-05T21:28:49.188+0200] {processor.py:186} INFO - Started process (PID=48698) to work on /Users/swarnalidatta/Desktop/AutoQueryChatbot/.airflow-venv/lib/python3.12/site-packages/airflow/example_dags/subdags/subdag.py
[2026-09-05T21:28:49.189+0200] {processor.py:914} INFO - Processing file /Users/swarnalidatta/Desktop/AutoQueryChatbot/.airflow-venv/lib/python3.12/site-packages/airflow/example_dags/subdags/subdag.py for tasks to queue
[2026-09-05T21:28:49.189+0200] {logging_mixin.py:190} INFO - [2026-09-05T21:28:49.189+0200] {dagbag.py:588} INFO - Filling up the DagBag from /Users/swarnalidatta/Desktop/AutoQueryChatbot/.airflow-venv/lib/python3.12/site-packages/airflow/example_dags/subdags/subdag.py
[2026-09-05T21:28:49.190+0200] {processor.py:927} WARNING - No viable dags retrieved from /Users/swarnalidatta/Desktop/AutoQueryChatbot/.airflow-venv/lib/python3.12/site-packages/airflow/example_dags/subdags/subdag.py
[2026-09-05T21:28:49.213+0200] {processor.py:208} INFO - Processing /Users/swarnalidatta/Desktop/AutoQueryChatbot/.airflow-venv/lib/python3.12/site-packages/airflow/example_dags/subdags/subdag.py took 0.026 seconds
[2026-09-05T21:47:12.310+0200] {processor.py:186} INFO - Started process (PID=49197) to work on /Users/swarnalidatta/Desktop/AutoQueryChatbot/.airflow-venv/lib/python3.12/site-packages/airflow/example_dags/subdags/subdag.py
[2026-09-05T21:47:12.311+0200] {processor.py:914} INFO - Processing file /Users/swarnalidatta/Desktop/AutoQueryChatbot/.airflow-venv/lib/python3.12/site-packages/airflow/example_dags/subdags/subdag.py for tasks to queue
[2026-09-05T21:47:12.311+0200] {logging_mixin.py:190} INFO - [2026-09-05T21:47:12.311+0200] {dagbag.py:588} INFO - Filling up the DagBag from /Users/swarnalidatta/Desktop/AutoQueryChatbot/.airflow-venv/lib/python3.12/site-packages/airflow/example_dags/subdags/subdag.py
[2026-09-05T21:47:12.312+0200] {processor.py:927} WARNING - No viable dags retrieved from /Users/swarnalidatta/Desktop/AutoQueryChatbot/.airflow-venv/lib/python3.12/site-packages/airflow/example_dags/subdags/subdag.py
[2026-09-05T21:47:12.336+0200] {processor.py:208} INFO - Processing /Users/swarnalidatta/Desktop/AutoQueryChatbot/.airflow-venv/lib/python3.12/site-packages/airflow/example_dags/subdags/subdag.py took 0.027 seconds
[2026-09-05T21:48:34.334+0200] {processor.py:186} INFO - Started process (PID=49479) to work on /Users/swarnalidatta/Desktop/AutoQueryChatbot/.airflow-venv/lib/python3.12/site-packages/airflow/example_dags/subdags/subdag.py
[2026-09-05T21:48:34.334+0200] {processor.py:914} INFO - Processing file /Users/swarnalidatta/Desktop/AutoQueryChatbot/.airflow-venv/lib/python3.12/site-packages/airflow/example_dags/subdags/subdag.py for tasks to queue
[2026-09-05T21:48:34.335+0200] {logging_mixin.py:190} INFO - [2026-09-05T21:48:34.334+0200] {dagbag.py:588} INFO - Filling up the DagBag from /Users/swarnalidatta/Desktop/AutoQueryChatbot/.airflow-venv/lib/python3.12/site-packages/airflow/example_dags/subdags/subdag.py
[2026-09-05T21:48:34.335+0200] {processor.py:927} WARNING - No viable dags retrieved from /Users/swarnalidatta/Desktop/AutoQueryChatbot/.airflow-venv/lib/python3.12/site-packages/airflow/example_dags/subdags/subdag.py
[2026-09-05T21:48:34.360+0200] {processor.py:208} INFO - Processing /Users/swarnalidatta/Desktop/AutoQueryChatbot/.airflow-venv/lib/python3.12/site-packages/airflow/example_dags/subdags/subdag.py took 0.028 seconds
[2026-09-05T21:49:53.998+0200] {processor.py:186} INFO - Started process (PID=49955) to work on /Users/swarnalidatta/Desktop/AutoQueryChatbot/.airflow-venv/lib/python3.12/site-packages/airflow/example_dags/subdags/subdag.py
[2026-09-05T21:49:53.999+0200] {processor.py:914} INFO - Processing file /Users/swarnalidatta/Desktop/AutoQueryChatbot/.airflow-venv/lib/python3.12/site-packages/airflow/example_dags/subdags/subdag.py for tasks to queue
[2026-09-05T21:49:53.999+0200] {logging_mixin.py:190} INFO - [2026-09-05T21:49:53.999+0200] {dagbag.py:588} INFO - Filling up the DagBag from /Users/swarnalidatta/Desktop/AutoQueryChatbot/.airflow-venv/lib/python3.12/site-packages/airflow/example_dags/subdags/subdag.py
[2026-09-05T21:49:54.000+0200] {processor.py:927} WARNING - No viable dags retrieved from /Users/swarnalidatta/Desktop/AutoQueryChatbot/.airflow-venv/lib/python3.12/site-packages/airflow/example_dags/subdags/subdag.py
[2026-09-05T21:49:54.024+0200] {processor.py:208} INFO - Processing /Users/swarnalidatta/Desktop/AutoQueryChatbot/.airflow-venv/lib/python3.12/site-packages/airflow/example_dags/subdags/subdag.py took 0.027 seconds
[2026-09-05T21:51:17.674+0200] {processor.py:186} INFO - Started process (PID=50270) to work on /Users/swarnalidatta/Desktop/AutoQueryChatbot/.airflow-venv/lib/python3.12/site-packages/airflow/example_dags/subdags/subdag.py
[2026-09-05T21:51:17.675+0200] {processor.py:914} INFO - Processing file /Users/swarnalidatta/Desktop/AutoQueryChatbot/.airflow-venv/lib/python3.12/site-packages/airflow/example_dags/subdags/subdag.py for tasks to queue
[2026-09-05T21:51:17.675+0200] {logging_mixin.py:190} INFO - [2026-09-05T21:51:17.675+0200] {dagbag.py:588} INFO - Filling up the DagBag from /Users/swarnalidatta/Desktop/AutoQueryChatbot/.airflow-venv/lib/python3.12/site-packages/airflow/example_dags/subdags/subdag.py
[2026-09-05T21:51:17.676+0200] {processor.py:927} WARNING - No viable dags retrieved from /Users/swarnalidatta/Desktop/AutoQueryChatbot/.airflow-venv/lib/python3.12/site-packages/airflow/example_dags/subdags/subdag.py
[2026-09-05T21:51:17.701+0200] {processor.py:208} INFO - Processing /Users/swarnalidatta/Desktop/AutoQueryChatbot/.airflow-venv/lib/python3.12/site-packages/airflow/example_dags/subdags/subdag.py took 0.028 seconds
[2026-09-05T21:52:51.291+0200] {processor.py:186} INFO - Started process (PID=50586) to work on /Users/swarnalidatta/Desktop/AutoQueryChatbot/.airflow-venv/lib/python3.12/site-packages/airflow/example_dags/subdags/subdag.py
[2026-09-05T21:52:51.293+0200] {processor.py:914} INFO - Processing file /Users/swarnalidatta/Desktop/AutoQueryChatbot/.airflow-venv/lib/python3.12/site-packages/airflow/example_dags/subdags/subdag.py for tasks to queue
[2026-09-05T21:52:51.293+0200] {logging_mixin.py:190} INFO - [2026-09-05T21:52:51.293+0200] {dagbag.py:588} INFO - Filling up the DagBag from /Users/swarnalidatta/Desktop/AutoQueryChatbot/.airflow-venv/lib/python3.12/site-packages/airflow/example_dags/subdags/subdag.py
[2026-09-05T21:52:51.293+0200] {processor.py:927} WARNING - No viable dags retrieved from /Users/swarnalidatta/Desktop/AutoQueryChatbot/.airflow-venv/lib/python3.12/site-packages/airflow/example_dags/subdags/subdag.py
[2026-09-05T21:52:51.318+0200] {processor.py:208} INFO - Processing /Users/swarnalidatta/Desktop/AutoQueryChatbot/.airflow-venv/lib/python3.12/site-packages/airflow/example_dags/subdags/subdag.py took 0.028 seconds
[2026-09-05T21:54:25.517+0200] {processor.py:186} INFO - Started process (PID=50893) to work on /Users/swarnalidatta/Desktop/AutoQueryChatbot/.airflow-venv/lib/python3.12/site-packages/airflow/example_dags/subdags/subdag.py
[2026-09-05T21:54:25.518+0200] {processor.py:914} INFO - Processing file /Users/swarnalidatta/Desktop/AutoQueryChatbot/.airflow-venv/lib/python3.12/site-packages/airflow/example_dags/subdags/subdag.py for tasks to queue
[2026-09-05T21:54:25.518+0200] {logging_mixin.py:190} INFO - [2026-09-05T21:54:25.518+0200] {dagbag.py:588} INFO - Filling up the DagBag from /Users/swarnalidatta/Desktop/AutoQueryChatbot/.airflow-venv/lib/python3.12/site-packages/airflow/example_dags/subdags/subdag.py
[2026-09-05T21:54:25.519+0200] {processor.py:927} WARNING - No viable dags retrieved from /Users/swarnalidatta/Desktop/AutoQueryChatbot/.airflow-venv/lib/python3.12/site-packages/airflow/example_dags/subdags/subdag.py
[2026-09-05T21:54:25.543+0200] {processor.py:208} INFO - Processing /Users/swarnalidatta/Desktop/AutoQueryChatbot/.airflow-venv/lib/python3.12/site-packages/airflow/example_dags/subdags/subdag.py took 0.027 seconds
[2026-09-05T21:55:57.101+0200] {processor.py:186} INFO - Started process (PID=51203) to work on /Users/swarnalidatta/Desktop/AutoQueryChatbot/.airflow-venv/lib/python3.12/site-packages/airflow/example_dags/subdags/subdag.py
[2026-09-05T21:55:57.101+0200] {processor.py:914} INFO - Processing file /Users/swarnalidatta/Desktop/AutoQueryChatbot/.airflow-venv/lib/python3.12/site-packages/airflow/example_dags/subdags/subdag.py for tasks to queue
[2026-09-05T21:55:57.102+0200] {logging_mixin.py:190} INFO - [2026-09-05T21:55:57.102+0200] {dagbag.py:588} INFO - Filling up the DagBag from /Users/swarnalidatta/Desktop/AutoQueryChatbot/.airflow-venv/lib/python3.12/site-packages/airflow/example_dags/subdags/subdag.py
[2026-09-05T21:55:57.102+0200] {processor.py:927} WARNING - No viable dags retrieved from /Users/swarnalidatta/Desktop/AutoQueryChatbot/.airflow-venv/lib/python3.12/site-packages/airflow/example_dags/subdags/subdag.py
[2026-09-05T21:55:57.127+0200] {processor.py:208} INFO - Processing /Users/swarnalidatta/Desktop/AutoQueryChatbot/.airflow-venv/lib/python3.12/site-packages/airflow/example_dags/subdags/subdag.py took 0.028 seconds
[2026-09-05T21:57:26.277+0200] {processor.py:186} INFO - Started process (PID=51503) to work on /Users/swarnalidatta/Desktop/AutoQueryChatbot/.airflow-venv/lib/python3.12/site-packages/airflow/example_dags/subdags/subdag.py
[2026-09-05T21:57:26.277+0200] {processor.py:914} INFO - Processing file /Users/swarnalidatta/Desktop/AutoQueryChatbot/.airflow-venv/lib/python3.12/site-packages/airflow/example_dags/subdags/subdag.py for tasks to queue
[2026-09-05T21:57:26.278+0200] {logging_mixin.py:190} INFO - [2026-09-05T21:57:26.278+0200] {dagbag.py:588} INFO - Filling up the DagBag from /Users/swarnalidatta/Desktop/AutoQueryChatbot/.airflow-venv/lib/python3.12/site-packages/airflow/example_dags/subdags/subdag.py
[2026-09-05T21:57:26.278+0200] {processor.py:927} WARNING - No viable dags retrieved from /Users/swarnalidatta/Desktop/AutoQueryChatbot/.airflow-venv/lib/python3.12/site-packages/airflow/example_dags/subdags/subdag.py
[2026-09-05T21:57:26.303+0200] {processor.py:208} INFO - Processing /Users/swarnalidatta/Desktop/AutoQueryChatbot/.airflow-venv/lib/python3.12/site-packages/airflow/example_dags/subdags/subdag.py took 0.027 seconds
