[2026-09-17T19:23:22.497+0200] {processor.py:186} INFO - Started process (PID=74383) to work on /Users/swarnalidatta/Desktop/AutoQueryChatbot/.airflow-venv/lib/python3.12/site-packages/airflow/example_dags/example_dataset_alias_with_no_taskflow.py
[2026-09-17T19:23:22.498+0200] {processor.py:914} INFO - Processing file /Users/swarnalidatta/Desktop/AutoQueryChatbot/.airflow-venv/lib/python3.12/site-packages/airflow/example_dags/example_dataset_alias_with_no_taskflow.py for tasks to queue
[2026-09-17T19:23:22.498+0200] {logging_mixin.py:190} INFO - [2026-09-17T19:23:22.498+0200] {dagbag.py:588} INFO - Filling up the DagBag from /Users/swarnalidatta/Desktop/AutoQueryChatbot/.airflow-venv/lib/python3.12/site-packages/airflow/example_dags/example_dataset_alias_with_no_taskflow.py
[2026-09-17T19:23:22.540+0200] {processor.py:925} INFO - DAG(s) 'dataset_s3_bucket_consumer_with_no_taskflow', 'dataset_s3_bucket_producer_with_no_taskflow', 'dataset_alias_example_alias_consumer_with_no_taskflow', 'dataset_alias_example_alias_producer_with_no_taskflow' retrieved from /Users/swarnalidatta/Desktop/AutoQueryChatbot/.airflow-venv/lib/python3.12/site-packages/airflow/example_dags/example_dataset_alias_with_no_taskflow.py
[2026-09-17T19:23:22.568+0200] {logging_mixin.py:190} INFO - [2026-09-17T19:23:22.568+0200] {dag.py:3239} INFO - Sync 4 DAGs
[2026-09-17T19:23:22.573+0200] {logging_mixin.py:190} INFO - [2026-09-17T19:23:22.573+0200] {dag.py:4180} INFO - Setting next_dagrun for dataset_alias_example_alias_consumer_with_no_taskflow to None, run_after=None
[2026-09-17T19:23:22.574+0200] {logging_mixin.py:190} INFO - [2026-09-17T19:23:22.574+0200] {dag.py:4180} INFO - Setting next_dagrun for dataset_alias_example_alias_producer_with_no_taskflow to None, run_after=None
[2026-09-17T19:23:22.574+0200] {logging_mixin.py:190} INFO - [2026-09-17T19:23:22.574+0200] {dag.py:4180} INFO - Setting next_dagrun for dataset_s3_bucket_consumer_with_no_taskflow to None, run_after=None
[2026-09-17T19:23:22.574+0200] {logging_mixin.py:190} INFO - [2026-09-17T19:23:22.574+0200] {dag.py:4180} INFO - Setting next_dagrun for dataset_s3_bucket_producer_with_no_taskflow to None, run_after=None
[2026-09-17T19:23:22.580+0200] {processor.py:208} INFO - Processing /Users/swarnalidatta/Desktop/AutoQueryChatbot/.airflow-venv/lib/python3.12/site-packages/airflow/example_dags/example_dataset_alias_with_no_taskflow.py took 0.083 seconds
[2026-09-17T19:25:40.757+0200] {processor.py:186} INFO - Started process (PID=74766) to work on /Users/swarnalidatta/Desktop/AutoQueryChatbot/.airflow-venv/lib/python3.12/site-packages/airflow/example_dags/example_dataset_alias_with_no_taskflow.py
[2026-09-17T19:25:40.758+0200] {processor.py:914} INFO - Processing file /Users/swarnalidatta/Desktop/AutoQueryChatbot/.airflow-venv/lib/python3.12/site-packages/airflow/example_dags/example_dataset_alias_with_no_taskflow.py for tasks to queue
[2026-09-17T19:25:40.758+0200] {logging_mixin.py:190} INFO - [2026-09-17T19:25:40.758+0200] {dagbag.py:588} INFO - Filling up the DagBag from /Users/swarnalidatta/Desktop/AutoQueryChatbot/.airflow-venv/lib/python3.12/site-packages/airflow/example_dags/example_dataset_alias_with_no_taskflow.py
[2026-09-17T19:25:40.800+0200] {processor.py:925} INFO - DAG(s) 'dataset_s3_bucket_producer_with_no_taskflow', 'dataset_s3_bucket_consumer_with_no_taskflow', 'dataset_alias_example_alias_consumer_with_no_taskflow', 'dataset_alias_example_alias_producer_with_no_taskflow' retrieved from /Users/swarnalidatta/Desktop/AutoQueryChatbot/.airflow-venv/lib/python3.12/site-packages/airflow/example_dags/example_dataset_alias_with_no_taskflow.py
[2026-09-17T19:25:40.828+0200] {logging_mixin.py:190} INFO - [2026-09-17T19:25:40.828+0200] {dag.py:3239} INFO - Sync 4 DAGs
[2026-09-17T19:25:40.833+0200] {logging_mixin.py:190} INFO - [2026-09-17T19:25:40.833+0200] {dag.py:4180} INFO - Setting next_dagrun for dataset_alias_example_alias_consumer_with_no_taskflow to None, run_after=None
[2026-09-17T19:25:40.834+0200] {logging_mixin.py:190} INFO - [2026-09-17T19:25:40.834+0200] {dag.py:4180} INFO - Setting next_dagrun for dataset_alias_example_alias_producer_with_no_taskflow to None, run_after=None
[2026-09-17T19:25:40.834+0200] {logging_mixin.py:190} INFO - [2026-09-17T19:25:40.834+0200] {dag.py:4180} INFO - Setting next_dagrun for dataset_s3_bucket_consumer_with_no_taskflow to None, run_after=None
[2026-09-17T19:25:40.834+0200] {logging_mixin.py:190} INFO - [2026-09-17T19:25:40.834+0200] {dag.py:4180} INFO - Setting next_dagrun for dataset_s3_bucket_producer_with_no_taskflow to None, run_after=None
[2026-09-17T19:25:40.839+0200] {processor.py:208} INFO - Processing /Users/swarnalidatta/Desktop/AutoQueryChatbot/.airflow-venv/lib/python3.12/site-packages/airflow/example_dags/example_dataset_alias_with_no_taskflow.py took 0.083 seconds
[2026-09-17T19:27:52.980+0200] {processor.py:186} INFO - Started process (PID=75134) to work on /Users/swarnalidatta/Desktop/AutoQueryChatbot/.airflow-venv/lib/python3.12/site-packages/airflow/example_dags/example_dataset_alias_with_no_taskflow.py
[2026-09-17T19:27:52.981+0200] {processor.py:914} INFO - Processing file /Users/swarnalidatta/Desktop/AutoQueryChatbot/.airflow-venv/lib/python3.12/site-packages/airflow/example_dags/example_dataset_alias_with_no_taskflow.py for tasks to queue
[2026-09-17T19:27:52.981+0200] {logging_mixin.py:190} INFO - [2026-09-17T19:27:52.981+0200] {dagbag.py:588} INFO - Filling up the DagBag from /Users/swarnalidatta/Desktop/AutoQueryChatbot/.airflow-venv/lib/python3.12/site-packages/airflow/example_dags/example_dataset_alias_with_no_taskflow.py
[2026-09-17T19:27:53.023+0200] {processor.py:925} INFO - DAG(s) 'dataset_alias_example_alias_producer_with_no_taskflow', 'dataset_s3_bucket_consumer_with_no_taskflow', 'dataset_alias_example_alias_consumer_with_no_taskflow', 'dataset_s3_bucket_producer_with_no_taskflow' retrieved from /Users/swarnalidatta/Desktop/AutoQueryChatbot/.airflow-venv/lib/python3.12/site-packages/airflow/example_dags/example_dataset_alias_with_no_taskflow.py
[2026-09-17T19:27:53.050+0200] {logging_mixin.py:190} INFO - [2026-09-17T19:27:53.050+0200] {dag.py:3239} INFO - Sync 4 DAGs
[2026-09-17T19:27:53.055+0200] {logging_mixin.py:190} INFO - [2026-09-17T19:27:53.055+0200] {dag.py:4180} INFO - Setting next_dagrun for dataset_alias_example_alias_consumer_with_no_taskflow to None, run_after=None
[2026-09-17T19:27:53.055+0200] {logging_mixin.py:190} INFO - [2026-09-17T19:27:53.055+0200] {dag.py:4180} INFO - Setting next_dagrun for dataset_alias_example_alias_producer_with_no_taskflow to None, run_after=None
[2026-09-17T19:27:53.056+0200] {logging_mixin.py:190} INFO - [2026-09-17T19:27:53.056+0200] {dag.py:4180} INFO - Setting next_dagrun for dataset_s3_bucket_consumer_with_no_taskflow to None, run_after=None
[2026-09-17T19:27:53.056+0200] {logging_mixin.py:190} INFO - [2026-09-17T19:27:53.056+0200] {dag.py:4180} INFO - Setting next_dagrun for dataset_s3_bucket_producer_with_no_taskflow to None, run_after=None
[2026-09-17T19:27:53.061+0200] {processor.py:208} INFO - Processing /Users/swarnalidatta/Desktop/AutoQueryChatbot/.airflow-venv/lib/python3.12/site-packages/airflow/example_dags/example_dataset_alias_with_no_taskflow.py took 0.082 seconds
[2026-09-17T19:30:13.740+0200] {processor.py:186} INFO - Started process (PID=75547) to work on /Users/swarnalidatta/Desktop/AutoQueryChatbot/.airflow-venv/lib/python3.12/site-packages/airflow/example_dags/example_dataset_alias_with_no_taskflow.py
[2026-09-17T19:30:13.740+0200] {processor.py:914} INFO - Processing file /Users/swarnalidatta/Desktop/AutoQueryChatbot/.airflow-venv/lib/python3.12/site-packages/airflow/example_dags/example_dataset_alias_with_no_taskflow.py for tasks to queue
[2026-09-17T19:30:13.740+0200] {logging_mixin.py:190} INFO - [2026-09-17T19:30:13.740+0200] {dagbag.py:588} INFO - Filling up the DagBag from /Users/swarnalidatta/Desktop/AutoQueryChatbot/.airflow-venv/lib/python3.12/site-packages/airflow/example_dags/example_dataset_alias_with_no_taskflow.py
[2026-09-17T19:30:13.783+0200] {processor.py:925} INFO - DAG(s) 'dataset_alias_example_alias_producer_with_no_taskflow', 'dataset_s3_bucket_consumer_with_no_taskflow', 'dataset_s3_bucket_producer_with_no_taskflow', 'dataset_alias_example_alias_consumer_with_no_taskflow' retrieved from /Users/swarnalidatta/Desktop/AutoQueryChatbot/.airflow-venv/lib/python3.12/site-packages/airflow/example_dags/example_dataset_alias_with_no_taskflow.py
[2026-09-17T19:30:13.811+0200] {logging_mixin.py:190} INFO - [2026-09-17T19:30:13.811+0200] {dag.py:3239} INFO - Sync 4 DAGs
[2026-09-17T19:30:13.817+0200] {logging_mixin.py:190} INFO - [2026-09-17T19:30:13.816+0200] {dag.py:4180} INFO - Setting next_dagrun for dataset_alias_example_alias_consumer_with_no_taskflow to None, run_after=None
[2026-09-17T19:30:13.817+0200] {logging_mixin.py:190} INFO - [2026-09-17T19:30:13.817+0200] {dag.py:4180} INFO - Setting next_dagrun for dataset_alias_example_alias_producer_with_no_taskflow to None, run_after=None
[2026-09-17T19:30:13.817+0200] {logging_mixin.py:190} INFO - [2026-09-17T19:30:13.817+0200] {dag.py:4180} INFO - Setting next_dagrun for dataset_s3_bucket_consumer_with_no_taskflow to None, run_after=None
[2026-09-17T19:30:13.818+0200] {logging_mixin.py:190} INFO - [2026-09-17T19:30:13.818+0200] {dag.py:4180} INFO - Setting next_dagrun for dataset_s3_bucket_producer_with_no_taskflow to None, run_after=None
[2026-09-17T19:30:13.823+0200] {processor.py:208} INFO - Processing /Users/swarnalidatta/Desktop/AutoQueryChatbot/.airflow-venv/lib/python3.12/site-packages/airflow/example_dags/example_dataset_alias_with_no_taskflow.py took 0.085 seconds
[2026-09-17T19:32:39.023+0200] {processor.py:186} INFO - Started process (PID=75999) to work on /Users/swarnalidatta/Desktop/AutoQueryChatbot/.airflow-venv/lib/python3.12/site-packages/airflow/example_dags/example_dataset_alias_with_no_taskflow.py
[2026-09-17T19:32:39.024+0200] {processor.py:914} INFO - Processing file /Users/swarnalidatta/Desktop/AutoQueryChatbot/.airflow-venv/lib/python3.12/site-packages/airflow/example_dags/example_dataset_alias_with_no_taskflow.py for tasks to queue
[2026-09-17T19:32:39.024+0200] {logging_mixin.py:190} INFO - [2026-09-17T19:32:39.024+0200] {dagbag.py:588} INFO - Filling up the DagBag from /Users/swarnalidatta/Desktop/AutoQueryChatbot/.airflow-venv/lib/python3.12/site-packages/airflow/example_dags/example_dataset_alias_with_no_taskflow.py
[2026-09-17T19:32:39.071+0200] {processor.py:925} INFO - DAG(s) 'dataset_s3_bucket_producer_with_no_taskflow', 'dataset_alias_example_alias_producer_with_no_taskflow', 'dataset_s3_bucket_consumer_with_no_taskflow', 'dataset_alias_example_alias_consumer_with_no_taskflow' retrieved from /Users/swarnalidatta/Desktop/AutoQueryChatbot/.airflow-venv/lib/python3.12/site-packages/airflow/example_dags/example_dataset_alias_with_no_taskflow.py
[2026-09-17T19:32:39.105+0200] {logging_mixin.py:190} INFO - [2026-09-17T19:32:39.105+0200] {dag.py:3239} INFO - Sync 4 DAGs
[2026-09-17T19:32:39.110+0200] {logging_mixin.py:190} INFO - [2026-09-17T19:32:39.110+0200] {dag.py:4180} INFO - Setting next_dagrun for dataset_alias_example_alias_consumer_with_no_taskflow to None, run_after=None
[2026-09-17T19:32:39.111+0200] {logging_mixin.py:190} INFO - [2026-09-17T19:32:39.111+0200] {dag.py:4180} INFO - Setting next_dagrun for dataset_alias_example_alias_producer_with_no_taskflow to None, run_after=None
[2026-09-17T19:32:39.111+0200] {logging_mixin.py:190} INFO - [2026-09-17T19:32:39.111+0200] {dag.py:4180} INFO - Setting next_dagrun for dataset_s3_bucket_consumer_with_no_taskflow to None, run_after=None
[2026-09-17T19:32:39.111+0200] {logging_mixin.py:190} INFO - [2026-09-17T19:32:39.111+0200] {dag.py:4180} INFO - Setting next_dagrun for dataset_s3_bucket_producer_with_no_taskflow to None, run_after=None
[2026-09-17T19:32:39.117+0200] {processor.py:208} INFO - Processing /Users/swarnalidatta/Desktop/AutoQueryChatbot/.airflow-venv/lib/python3.12/site-packages/airflow/example_dags/example_dataset_alias_with_no_taskflow.py took 0.095 seconds
[2026-09-17T19:35:13.167+0200] {processor.py:186} INFO - Started process (PID=76506) to work on /Users/swarnalidatta/Desktop/AutoQueryChatbot/.airflow-venv/lib/python3.12/site-packages/airflow/example_dags/example_dataset_alias_with_no_taskflow.py
[2026-09-17T19:35:13.167+0200] {processor.py:914} INFO - Processing file /Users/swarnalidatta/Desktop/AutoQueryChatbot/.airflow-venv/lib/python3.12/site-packages/airflow/example_dags/example_dataset_alias_with_no_taskflow.py for tasks to queue
[2026-09-17T19:35:13.168+0200] {logging_mixin.py:190} INFO - [2026-09-17T19:35:13.168+0200] {dagbag.py:588} INFO - Filling up the DagBag from /Users/swarnalidatta/Desktop/AutoQueryChatbot/.airflow-venv/lib/python3.12/site-packages/airflow/example_dags/example_dataset_alias_with_no_taskflow.py
[2026-09-17T19:35:13.211+0200] {processor.py:925} INFO - DAG(s) 'dataset_alias_example_alias_consumer_with_no_taskflow', 'dataset_alias_example_alias_producer_with_no_taskflow', 'dataset_s3_bucket_consumer_with_no_taskflow', 'dataset_s3_bucket_producer_with_no_taskflow' retrieved from /Users/swarnalidatta/Desktop/AutoQueryChatbot/.airflow-venv/lib/python3.12/site-packages/airflow/example_dags/example_dataset_alias_with_no_taskflow.py
[2026-09-17T19:35:13.240+0200] {logging_mixin.py:190} INFO - [2026-09-17T19:35:13.240+0200] {dag.py:3239} INFO - Sync 4 DAGs
[2026-09-17T19:35:13.245+0200] {logging_mixin.py:190} INFO - [2026-09-17T19:35:13.245+0200] {dag.py:4180} INFO - Setting next_dagrun for dataset_alias_example_alias_consumer_with_no_taskflow to None, run_after=None
[2026-09-17T19:35:13.246+0200] {logging_mixin.py:190} INFO - [2026-09-17T19:35:13.246+0200] {dag.py:4180} INFO - Setting next_dagrun for dataset_alias_example_alias_producer_with_no_taskflow to None, run_after=None
[2026-09-17T19:35:13.246+0200] {logging_mixin.py:190} INFO - [2026-09-17T19:35:13.246+0200] {dag.py:4180} INFO - Setting next_dagrun for dataset_s3_bucket_consumer_with_no_taskflow to None, run_after=None
[2026-09-17T19:35:13.246+0200] {logging_mixin.py:190} INFO - [2026-09-17T19:35:13.246+0200] {dag.py:4180} INFO - Setting next_dagrun for dataset_s3_bucket_producer_with_no_taskflow to None, run_after=None
[2026-09-17T19:35:13.252+0200] {processor.py:208} INFO - Processing /Users/swarnalidatta/Desktop/AutoQueryChatbot/.airflow-venv/lib/python3.12/site-packages/airflow/example_dags/example_dataset_alias_with_no_taskflow.py took 0.086 seconds
[2026-09-17T19:37:58.697+0200] {processor.py:186} INFO - Started process (PID=77080) to work on /Users/swarnalidatta/Desktop/AutoQueryChatbot/.airflow-venv/lib/python3.12/site-packages/airflow/example_dags/example_dataset_alias_with_no_taskflow.py
[2026-09-17T19:37:58.697+0200] {processor.py:914} INFO - Processing file /Users/swarnalidatta/Desktop/AutoQueryChatbot/.airflow-venv/lib/python3.12/site-packages/airflow/example_dags/example_dataset_alias_with_no_taskflow.py for tasks to queue
[2026-09-17T19:37:58.697+0200] {logging_mixin.py:190} INFO - [2026-09-17T19:37:58.697+0200] {dagbag.py:588} INFO - Filling up the DagBag from /Users/swarnalidatta/Desktop/AutoQueryChatbot/.airflow-venv/lib/python3.12/site-packages/airflow/example_dags/example_dataset_alias_with_no_taskflow.py
[2026-09-17T19:37:58.741+0200] {processor.py:925} INFO - DAG(s) 'dataset_s3_bucket_consumer_with_no_taskflow', 'dataset_alias_example_alias_consumer_with_no_taskflow', 'dataset_alias_example_alias_producer_with_no_taskflow', 'dataset_s3_bucket_producer_with_no_taskflow' retrieved from /Users/swarnalidatta/Desktop/AutoQueryChatbot/.airflow-venv/lib/python3.12/site-packages/airflow/example_dags/example_dataset_alias_with_no_taskflow.py
[2026-09-17T19:37:58.773+0200] {logging_mixin.py:190} INFO - [2026-09-17T19:37:58.773+0200] {dag.py:3239} INFO - Sync 4 DAGs
[2026-09-17T19:37:58.779+0200] {logging_mixin.py:190} INFO - [2026-09-17T19:37:58.779+0200] {dag.py:4180} INFO - Setting next_dagrun for dataset_alias_example_alias_consumer_with_no_taskflow to None, run_after=None
[2026-09-17T19:37:58.780+0200] {logging_mixin.py:190} INFO - [2026-09-17T19:37:58.780+0200] {dag.py:4180} INFO - Setting next_dagrun for dataset_alias_example_alias_producer_with_no_taskflow to None, run_after=None
[2026-09-17T19:37:58.780+0200] {logging_mixin.py:190} INFO - [2026-09-17T19:37:58.780+0200] {dag.py:4180} INFO - Setting next_dagrun for dataset_s3_bucket_consumer_with_no_taskflow to None, run_after=None
[2026-09-17T19:37:58.780+0200] {logging_mixin.py:190} INFO - [2026-09-17T19:37:58.780+0200] {dag.py:4180} INFO - Setting next_dagrun for dataset_s3_bucket_producer_with_no_taskflow to None, run_after=None
[2026-09-17T19:37:58.786+0200] {processor.py:208} INFO - Processing /Users/swarnalidatta/Desktop/AutoQueryChatbot/.airflow-venv/lib/python3.12/site-packages/airflow/example_dags/example_dataset_alias_with_no_taskflow.py took 0.091 seconds
[2026-09-17T19:40:33.600+0200] {processor.py:186} INFO - Started process (PID=77624) to work on /Users/swarnalidatta/Desktop/AutoQueryChatbot/.airflow-venv/lib/python3.12/site-packages/airflow/example_dags/example_dataset_alias_with_no_taskflow.py
[2026-09-17T19:40:33.600+0200] {processor.py:914} INFO - Processing file /Users/swarnalidatta/Desktop/AutoQueryChatbot/.airflow-venv/lib/python3.12/site-packages/airflow/example_dags/example_dataset_alias_with_no_taskflow.py for tasks to queue
[2026-09-17T19:40:33.601+0200] {logging_mixin.py:190} INFO - [2026-09-17T19:40:33.601+0200] {dagbag.py:588} INFO - Filling up the DagBag from /Users/swarnalidatta/Desktop/AutoQueryChatbot/.airflow-venv/lib/python3.12/site-packages/airflow/example_dags/example_dataset_alias_with_no_taskflow.py
[2026-09-17T19:40:33.645+0200] {processor.py:925} INFO - DAG(s) 'dataset_alias_example_alias_consumer_with_no_taskflow', 'dataset_s3_bucket_consumer_with_no_taskflow', 'dataset_alias_example_alias_producer_with_no_taskflow', 'dataset_s3_bucket_producer_with_no_taskflow' retrieved from /Users/swarnalidatta/Desktop/AutoQueryChatbot/.airflow-venv/lib/python3.12/site-packages/airflow/example_dags/example_dataset_alias_with_no_taskflow.py
[2026-09-17T19:40:33.674+0200] {logging_mixin.py:190} INFO - [2026-09-17T19:40:33.674+0200] {dag.py:3239} INFO - Sync 4 DAGs
[2026-09-17T19:40:33.679+0200] {logging_mixin.py:190} INFO - [2026-09-17T19:40:33.679+0200] {dag.py:4180} INFO - Setting next_dagrun for dataset_alias_example_alias_consumer_with_no_taskflow to None, run_after=None
[2026-09-17T19:40:33.680+0200] {logging_mixin.py:190} INFO - [2026-09-17T19:40:33.680+0200] {dag.py:4180} INFO - Setting next_dagrun for dataset_alias_example_alias_producer_with_no_taskflow to None, run_after=None
[2026-09-17T19:40:33.680+0200] {logging_mixin.py:190} INFO - [2026-09-17T19:40:33.680+0200] {dag.py:4180} INFO - Setting next_dagrun for dataset_s3_bucket_consumer_with_no_taskflow to None, run_after=None
[2026-09-17T19:40:33.680+0200] {logging_mixin.py:190} INFO - [2026-09-17T19:40:33.680+0200] {dag.py:4180} INFO - Setting next_dagrun for dataset_s3_bucket_producer_with_no_taskflow to None, run_after=None
[2026-09-17T19:40:33.686+0200] {processor.py:208} INFO - Processing /Users/swarnalidatta/Desktop/AutoQueryChatbot/.airflow-venv/lib/python3.12/site-packages/airflow/example_dags/example_dataset_alias_with_no_taskflow.py took 0.087 seconds
[2026-09-17T19:43:57.909+0200] {processor.py:186} INFO - Started process (PID=78297) to work on /Users/swarnalidatta/Desktop/AutoQueryChatbot/.airflow-venv/lib/python3.12/site-packages/airflow/example_dags/example_dataset_alias_with_no_taskflow.py
[2026-09-17T19:43:57.909+0200] {processor.py:914} INFO - Processing file /Users/swarnalidatta/Desktop/AutoQueryChatbot/.airflow-venv/lib/python3.12/site-packages/airflow/example_dags/example_dataset_alias_with_no_taskflow.py for tasks to queue
[2026-09-17T19:43:57.910+0200] {logging_mixin.py:190} INFO - [2026-09-17T19:43:57.910+0200] {dagbag.py:588} INFO - Filling up the DagBag from /Users/swarnalidatta/Desktop/AutoQueryChatbot/.airflow-venv/lib/python3.12/site-packages/airflow/example_dags/example_dataset_alias_with_no_taskflow.py
[2026-09-17T19:43:57.953+0200] {processor.py:925} INFO - DAG(s) 'dataset_alias_example_alias_consumer_with_no_taskflow', 'dataset_s3_bucket_producer_with_no_taskflow', 'dataset_alias_example_alias_producer_with_no_taskflow', 'dataset_s3_bucket_consumer_with_no_taskflow' retrieved from /Users/swarnalidatta/Desktop/AutoQueryChatbot/.airflow-venv/lib/python3.12/site-packages/airflow/example_dags/example_dataset_alias_with_no_taskflow.py
[2026-09-17T19:43:57.981+0200] {logging_mixin.py:190} INFO - [2026-09-17T19:43:57.981+0200] {dag.py:3239} INFO - Sync 4 DAGs
[2026-09-17T19:43:57.986+0200] {logging_mixin.py:190} INFO - [2026-09-17T19:43:57.986+0200] {dag.py:4180} INFO - Setting next_dagrun for dataset_alias_example_alias_consumer_with_no_taskflow to None, run_after=None
[2026-09-17T19:43:57.987+0200] {logging_mixin.py:190} INFO - [2026-09-17T19:43:57.987+0200] {dag.py:4180} INFO - Setting next_dagrun for dataset_alias_example_alias_producer_with_no_taskflow to None, run_after=None
[2026-09-17T19:43:57.987+0200] {logging_mixin.py:190} INFO - [2026-09-17T19:43:57.987+0200] {dag.py:4180} INFO - Setting next_dagrun for dataset_s3_bucket_consumer_with_no_taskflow to None, run_after=None
[2026-09-17T19:43:57.987+0200] {logging_mixin.py:190} INFO - [2026-09-17T19:43:57.987+0200] {dag.py:4180} INFO - Setting next_dagrun for dataset_s3_bucket_producer_with_no_taskflow to None, run_after=None
[2026-09-17T19:43:57.993+0200] {processor.py:208} INFO - Processing /Users/swarnalidatta/Desktop/AutoQueryChatbot/.airflow-venv/lib/python3.12/site-packages/airflow/example_dags/example_dataset_alias_with_no_taskflow.py took 0.085 seconds
[2026-09-17T19:45:45.448+0200] {processor.py:186} INFO - Started process (PID=78592) to work on /Users/swarnalidatta/Desktop/AutoQueryChatbot/.airflow-venv/lib/python3.12/site-packages/airflow/example_dags/example_dataset_alias_with_no_taskflow.py
[2026-09-17T19:45:45.449+0200] {processor.py:914} INFO - Processing file /Users/swarnalidatta/Desktop/AutoQueryChatbot/.airflow-venv/lib/python3.12/site-packages/airflow/example_dags/example_dataset_alias_with_no_taskflow.py for tasks to queue
[2026-09-17T19:45:45.450+0200] {logging_mixin.py:190} INFO - [2026-09-17T19:45:45.449+0200] {dagbag.py:588} INFO - Filling up the DagBag from /Users/swarnalidatta/Desktop/AutoQueryChatbot/.airflow-venv/lib/python3.12/site-packages/airflow/example_dags/example_dataset_alias_with_no_taskflow.py
[2026-09-17T19:45:45.492+0200] {processor.py:925} INFO - DAG(s) 'dataset_alias_example_alias_consumer_with_no_taskflow', 'dataset_s3_bucket_producer_with_no_taskflow', 'dataset_alias_example_alias_producer_with_no_taskflow', 'dataset_s3_bucket_consumer_with_no_taskflow' retrieved from /Users/swarnalidatta/Desktop/AutoQueryChatbot/.airflow-venv/lib/python3.12/site-packages/airflow/example_dags/example_dataset_alias_with_no_taskflow.py
[2026-09-17T19:45:45.520+0200] {logging_mixin.py:190} INFO - [2026-09-17T19:45:45.520+0200] {dag.py:3239} INFO - Sync 4 DAGs
[2026-09-17T19:45:45.525+0200] {logging_mixin.py:190} INFO - [2026-09-17T19:45:45.525+0200] {dag.py:4180} INFO - Setting next_dagrun for dataset_alias_example_alias_consumer_with_no_taskflow to None, run_after=None
[2026-09-17T19:45:45.526+0200] {logging_mixin.py:190} INFO - [2026-09-17T19:45:45.526+0200] {dag.py:4180} INFO - Setting next_dagrun for dataset_alias_example_alias_producer_with_no_taskflow to None, run_after=None
[2026-09-17T19:45:45.526+0200] {logging_mixin.py:190} INFO - [2026-09-17T19:45:45.526+0200] {dag.py:4180} INFO - Setting next_dagrun for dataset_s3_bucket_consumer_with_no_taskflow to None, run_after=None
[2026-09-17T19:45:45.526+0200] {logging_mixin.py:190} INFO - [2026-09-17T19:45:45.526+0200] {dag.py:4180} INFO - Setting next_dagrun for dataset_s3_bucket_producer_with_no_taskflow to None, run_after=None
[2026-09-17T19:45:45.532+0200] {processor.py:208} INFO - Processing /Users/swarnalidatta/Desktop/AutoQueryChatbot/.airflow-venv/lib/python3.12/site-packages/airflow/example_dags/example_dataset_alias_with_no_taskflow.py took 0.085 seconds
[2026-09-17T19:48:03.538+0200] {processor.py:186} INFO - Started process (PID=78947) to work on /Users/swarnalidatta/Desktop/AutoQueryChatbot/.airflow-venv/lib/python3.12/site-packages/airflow/example_dags/example_dataset_alias_with_no_taskflow.py
[2026-09-17T19:48:03.539+0200] {processor.py:914} INFO - Processing file /Users/swarnalidatta/Desktop/AutoQueryChatbot/.airflow-venv/lib/python3.12/site-packages/airflow/example_dags/example_dataset_alias_with_no_taskflow.py for tasks to queue
[2026-09-17T19:48:03.539+0200] {logging_mixin.py:190} INFO - [2026-09-17T19:48:03.539+0200] {dagbag.py:588} INFO - Filling up the DagBag from /Users/swarnalidatta/Desktop/AutoQueryChatbot/.airflow-venv/lib/python3.12/site-packages/airflow/example_dags/example_dataset_alias_with_no_taskflow.py
[2026-09-17T19:48:03.585+0200] {processor.py:925} INFO - DAG(s) 'dataset_alias_example_alias_producer_with_no_taskflow', 'dataset_s3_bucket_consumer_with_no_taskflow', 'dataset_alias_example_alias_consumer_with_no_taskflow', 'dataset_s3_bucket_producer_with_no_taskflow' retrieved from /Users/swarnalidatta/Desktop/AutoQueryChatbot/.airflow-venv/lib/python3.12/site-packages/airflow/example_dags/example_dataset_alias_with_no_taskflow.py
[2026-09-17T19:48:03.617+0200] {logging_mixin.py:190} INFO - [2026-09-17T19:48:03.616+0200] {dag.py:3239} INFO - Sync 4 DAGs
[2026-09-17T19:48:03.622+0200] {logging_mixin.py:190} INFO - [2026-09-17T19:48:03.622+0200] {dag.py:4180} INFO - Setting next_dagrun for dataset_alias_example_alias_consumer_with_no_taskflow to None, run_after=None
[2026-09-17T19:48:03.622+0200] {logging_mixin.py:190} INFO - [2026-09-17T19:48:03.622+0200] {dag.py:4180} INFO - Setting next_dagrun for dataset_alias_example_alias_producer_with_no_taskflow to None, run_after=None
[2026-09-17T19:48:03.623+0200] {logging_mixin.py:190} INFO - [2026-09-17T19:48:03.623+0200] {dag.py:4180} INFO - Setting next_dagrun for dataset_s3_bucket_consumer_with_no_taskflow to None, run_after=None
[2026-09-17T19:48:03.623+0200] {logging_mixin.py:190} INFO - [2026-09-17T19:48:03.623+0200] {dag.py:4180} INFO - Setting next_dagrun for dataset_s3_bucket_producer_with_no_taskflow to None, run_after=None
[2026-09-17T19:48:03.629+0200] {processor.py:208} INFO - Processing /Users/swarnalidatta/Desktop/AutoQueryChatbot/.airflow-venv/lib/python3.12/site-packages/airflow/example_dags/example_dataset_alias_with_no_taskflow.py took 0.091 seconds
[2026-09-17T19:50:23.004+0200] {processor.py:186} INFO - Started process (PID=79335) to work on /Users/swarnalidatta/Desktop/AutoQueryChatbot/.airflow-venv/lib/python3.12/site-packages/airflow/example_dags/example_dataset_alias_with_no_taskflow.py
[2026-09-17T19:50:23.004+0200] {processor.py:914} INFO - Processing file /Users/swarnalidatta/Desktop/AutoQueryChatbot/.airflow-venv/lib/python3.12/site-packages/airflow/example_dags/example_dataset_alias_with_no_taskflow.py for tasks to queue
[2026-09-17T19:50:23.005+0200] {logging_mixin.py:190} INFO - [2026-09-17T19:50:23.005+0200] {dagbag.py:588} INFO - Filling up the DagBag from /Users/swarnalidatta/Desktop/AutoQueryChatbot/.airflow-venv/lib/python3.12/site-packages/airflow/example_dags/example_dataset_alias_with_no_taskflow.py
[2026-09-17T19:50:23.048+0200] {processor.py:925} INFO - DAG(s) 'dataset_alias_example_alias_producer_with_no_taskflow', 'dataset_alias_example_alias_consumer_with_no_taskflow', 'dataset_s3_bucket_producer_with_no_taskflow', 'dataset_s3_bucket_consumer_with_no_taskflow' retrieved from /Users/swarnalidatta/Desktop/AutoQueryChatbot/.airflow-venv/lib/python3.12/site-packages/airflow/example_dags/example_dataset_alias_with_no_taskflow.py
[2026-09-17T19:50:23.078+0200] {logging_mixin.py:190} INFO - [2026-09-17T19:50:23.078+0200] {dag.py:3239} INFO - Sync 4 DAGs
[2026-09-17T19:50:23.083+0200] {logging_mixin.py:190} INFO - [2026-09-17T19:50:23.083+0200] {dag.py:4180} INFO - Setting next_dagrun for dataset_alias_example_alias_consumer_with_no_taskflow to None, run_after=None
[2026-09-17T19:50:23.084+0200] {logging_mixin.py:190} INFO - [2026-09-17T19:50:23.084+0200] {dag.py:4180} INFO - Setting next_dagrun for dataset_alias_example_alias_producer_with_no_taskflow to None, run_after=None
[2026-09-17T19:50:23.084+0200] {logging_mixin.py:190} INFO - [2026-09-17T19:50:23.084+0200] {dag.py:4180} INFO - Setting next_dagrun for dataset_s3_bucket_consumer_with_no_taskflow to None, run_after=None
[2026-09-17T19:50:23.084+0200] {logging_mixin.py:190} INFO - [2026-09-17T19:50:23.084+0200] {dag.py:4180} INFO - Setting next_dagrun for dataset_s3_bucket_producer_with_no_taskflow to None, run_after=None
[2026-09-17T19:50:23.090+0200] {processor.py:208} INFO - Processing /Users/swarnalidatta/Desktop/AutoQueryChatbot/.airflow-venv/lib/python3.12/site-packages/airflow/example_dags/example_dataset_alias_with_no_taskflow.py took 0.087 seconds
[2026-09-17T19:52:39.102+0200] {processor.py:186} INFO - Started process (PID=79746) to work on /Users/swarnalidatta/Desktop/AutoQueryChatbot/.airflow-venv/lib/python3.12/site-packages/airflow/example_dags/example_dataset_alias_with_no_taskflow.py
[2026-09-17T19:52:39.102+0200] {processor.py:914} INFO - Processing file /Users/swarnalidatta/Desktop/AutoQueryChatbot/.airflow-venv/lib/python3.12/site-packages/airflow/example_dags/example_dataset_alias_with_no_taskflow.py for tasks to queue
[2026-09-17T19:52:39.103+0200] {logging_mixin.py:190} INFO - [2026-09-17T19:52:39.103+0200] {dagbag.py:588} INFO - Filling up the DagBag from /Users/swarnalidatta/Desktop/AutoQueryChatbot/.airflow-venv/lib/python3.12/site-packages/airflow/example_dags/example_dataset_alias_with_no_taskflow.py
[2026-09-17T19:52:39.147+0200] {processor.py:925} INFO - DAG(s) 'dataset_s3_bucket_consumer_with_no_taskflow', 'dataset_s3_bucket_producer_with_no_taskflow', 'dataset_alias_example_alias_producer_with_no_taskflow', 'dataset_alias_example_alias_consumer_with_no_taskflow' retrieved from /Users/swarnalidatta/Desktop/AutoQueryChatbot/.airflow-venv/lib/python3.12/site-packages/airflow/example_dags/example_dataset_alias_with_no_taskflow.py
[2026-09-17T19:52:39.177+0200] {logging_mixin.py:190} INFO - [2026-09-17T19:52:39.177+0200] {dag.py:3239} INFO - Sync 4 DAGs
[2026-09-17T19:52:39.182+0200] {logging_mixin.py:190} INFO - [2026-09-17T19:52:39.182+0200] {dag.py:4180} INFO - Setting next_dagrun for dataset_alias_example_alias_consumer_with_no_taskflow to None, run_after=None
[2026-09-17T19:52:39.182+0200] {logging_mixin.py:190} INFO - [2026-09-17T19:52:39.182+0200] {dag.py:4180} INFO - Setting next_dagrun for dataset_alias_example_alias_producer_with_no_taskflow to None, run_after=None
[2026-09-17T19:52:39.183+0200] {logging_mixin.py:190} INFO - [2026-09-17T19:52:39.183+0200] {dag.py:4180} INFO - Setting next_dagrun for dataset_s3_bucket_consumer_with_no_taskflow to None, run_after=None
[2026-09-17T19:52:39.183+0200] {logging_mixin.py:190} INFO - [2026-09-17T19:52:39.183+0200] {dag.py:4180} INFO - Setting next_dagrun for dataset_s3_bucket_producer_with_no_taskflow to None, run_after=None
[2026-09-17T19:52:39.189+0200] {processor.py:208} INFO - Processing /Users/swarnalidatta/Desktop/AutoQueryChatbot/.airflow-venv/lib/python3.12/site-packages/airflow/example_dags/example_dataset_alias_with_no_taskflow.py took 0.088 seconds
[2026-09-17T20:05:23.582+0200] {processor.py:186} INFO - Started process (PID=80268) to work on /Users/swarnalidatta/Desktop/AutoQueryChatbot/.airflow-venv/lib/python3.12/site-packages/airflow/example_dags/example_dataset_alias_with_no_taskflow.py
[2026-09-17T20:05:23.583+0200] {processor.py:914} INFO - Processing file /Users/swarnalidatta/Desktop/AutoQueryChatbot/.airflow-venv/lib/python3.12/site-packages/airflow/example_dags/example_dataset_alias_with_no_taskflow.py for tasks to queue
[2026-09-17T20:05:23.583+0200] {logging_mixin.py:190} INFO - [2026-09-17T20:05:23.583+0200] {dagbag.py:588} INFO - Filling up the DagBag from /Users/swarnalidatta/Desktop/AutoQueryChatbot/.airflow-venv/lib/python3.12/site-packages/airflow/example_dags/example_dataset_alias_with_no_taskflow.py
[2026-09-17T20:05:23.623+0200] {processor.py:925} INFO - DAG(s) 'dataset_alias_example_alias_producer_with_no_taskflow', 'dataset_s3_bucket_producer_with_no_taskflow', 'dataset_s3_bucket_consumer_with_no_taskflow', 'dataset_alias_example_alias_consumer_with_no_taskflow' retrieved from /Users/swarnalidatta/Desktop/AutoQueryChatbot/.airflow-venv/lib/python3.12/site-packages/airflow/example_dags/example_dataset_alias_with_no_taskflow.py
[2026-09-17T20:05:23.650+0200] {logging_mixin.py:190} INFO - [2026-09-17T20:05:23.650+0200] {dag.py:3239} INFO - Sync 4 DAGs
[2026-09-17T20:05:23.655+0200] {logging_mixin.py:190} INFO - [2026-09-17T20:05:23.655+0200] {dag.py:4180} INFO - Setting next_dagrun for dataset_alias_example_alias_consumer_with_no_taskflow to None, run_after=None
[2026-09-17T20:05:23.655+0200] {logging_mixin.py:190} INFO - [2026-09-17T20:05:23.655+0200] {dag.py:4180} INFO - Setting next_dagrun for dataset_alias_example_alias_producer_with_no_taskflow to None, run_after=None
[2026-09-17T20:05:23.655+0200] {logging_mixin.py:190} INFO - [2026-09-17T20:05:23.655+0200] {dag.py:4180} INFO - Setting next_dagrun for dataset_s3_bucket_consumer_with_no_taskflow to None, run_after=None
[2026-09-17T20:05:23.656+0200] {logging_mixin.py:190} INFO - [2026-09-17T20:05:23.656+0200] {dag.py:4180} INFO - Setting next_dagrun for dataset_s3_bucket_producer_with_no_taskflow to None, run_after=None
[2026-09-17T20:05:23.661+0200] {processor.py:208} INFO - Processing /Users/swarnalidatta/Desktop/AutoQueryChatbot/.airflow-venv/lib/python3.12/site-packages/airflow/example_dags/example_dataset_alias_with_no_taskflow.py took 0.080 seconds
[2026-09-17T20:09:10.117+0200] {processor.py:186} INFO - Started process (PID=81382) to work on /Users/swarnalidatta/Desktop/AutoQueryChatbot/.airflow-venv/lib/python3.12/site-packages/airflow/example_dags/example_dataset_alias_with_no_taskflow.py
[2026-09-17T20:09:10.118+0200] {processor.py:914} INFO - Processing file /Users/swarnalidatta/Desktop/AutoQueryChatbot/.airflow-venv/lib/python3.12/site-packages/airflow/example_dags/example_dataset_alias_with_no_taskflow.py for tasks to queue
[2026-09-17T20:09:10.118+0200] {logging_mixin.py:190} INFO - [2026-09-17T20:09:10.118+0200] {dagbag.py:588} INFO - Filling up the DagBag from /Users/swarnalidatta/Desktop/AutoQueryChatbot/.airflow-venv/lib/python3.12/site-packages/airflow/example_dags/example_dataset_alias_with_no_taskflow.py
[2026-09-17T20:09:10.161+0200] {processor.py:925} INFO - DAG(s) 'dataset_s3_bucket_consumer_with_no_taskflow', 'dataset_alias_example_alias_consumer_with_no_taskflow', 'dataset_alias_example_alias_producer_with_no_taskflow', 'dataset_s3_bucket_producer_with_no_taskflow' retrieved from /Users/swarnalidatta/Desktop/AutoQueryChatbot/.airflow-venv/lib/python3.12/site-packages/airflow/example_dags/example_dataset_alias_with_no_taskflow.py
[2026-09-17T20:09:10.190+0200] {logging_mixin.py:190} INFO - [2026-09-17T20:09:10.190+0200] {dag.py:3239} INFO - Sync 4 DAGs
[2026-09-17T20:09:10.195+0200] {logging_mixin.py:190} INFO - [2026-09-17T20:09:10.195+0200] {dag.py:4180} INFO - Setting next_dagrun for dataset_alias_example_alias_consumer_with_no_taskflow to None, run_after=None
[2026-09-17T20:09:10.195+0200] {logging_mixin.py:190} INFO - [2026-09-17T20:09:10.195+0200] {dag.py:4180} INFO - Setting next_dagrun for dataset_alias_example_alias_producer_with_no_taskflow to None, run_after=None
[2026-09-17T20:09:10.196+0200] {logging_mixin.py:190} INFO - [2026-09-17T20:09:10.195+0200] {dag.py:4180} INFO - Setting next_dagrun for dataset_s3_bucket_consumer_with_no_taskflow to None, run_after=None
[2026-09-17T20:09:10.196+0200] {logging_mixin.py:190} INFO - [2026-09-17T20:09:10.196+0200] {dag.py:4180} INFO - Setting next_dagrun for dataset_s3_bucket_producer_with_no_taskflow to None, run_after=None
[2026-09-17T20:09:10.201+0200] {processor.py:208} INFO - Processing /Users/swarnalidatta/Desktop/AutoQueryChatbot/.airflow-venv/lib/python3.12/site-packages/airflow/example_dags/example_dataset_alias_with_no_taskflow.py took 0.085 seconds
[2026-09-17T20:13:38.791+0200] {processor.py:186} INFO - Started process (PID=82691) to work on /Users/swarnalidatta/Desktop/AutoQueryChatbot/.airflow-venv/lib/python3.12/site-packages/airflow/example_dags/example_dataset_alias_with_no_taskflow.py
[2026-09-17T20:13:38.792+0200] {processor.py:914} INFO - Processing file /Users/swarnalidatta/Desktop/AutoQueryChatbot/.airflow-venv/lib/python3.12/site-packages/airflow/example_dags/example_dataset_alias_with_no_taskflow.py for tasks to queue
[2026-09-17T20:13:38.792+0200] {logging_mixin.py:190} INFO - [2026-09-17T20:13:38.792+0200] {dagbag.py:588} INFO - Filling up the DagBag from /Users/swarnalidatta/Desktop/AutoQueryChatbot/.airflow-venv/lib/python3.12/site-packages/airflow/example_dags/example_dataset_alias_with_no_taskflow.py
[2026-09-17T20:13:38.836+0200] {processor.py:925} INFO - DAG(s) 'dataset_s3_bucket_producer_with_no_taskflow', 'dataset_alias_example_alias_producer_with_no_taskflow', 'dataset_s3_bucket_consumer_with_no_taskflow', 'dataset_alias_example_alias_consumer_with_no_taskflow' retrieved from /Users/swarnalidatta/Desktop/AutoQueryChatbot/.airflow-venv/lib/python3.12/site-packages/airflow/example_dags/example_dataset_alias_with_no_taskflow.py
[2026-09-17T20:13:38.865+0200] {logging_mixin.py:190} INFO - [2026-09-17T20:13:38.865+0200] {dag.py:3239} INFO - Sync 4 DAGs
[2026-09-17T20:13:38.870+0200] {logging_mixin.py:190} INFO - [2026-09-17T20:13:38.870+0200] {dag.py:4180} INFO - Setting next_dagrun for dataset_alias_example_alias_consumer_with_no_taskflow to None, run_after=None
[2026-09-17T20:13:38.870+0200] {logging_mixin.py:190} INFO - [2026-09-17T20:13:38.870+0200] {dag.py:4180} INFO - Setting next_dagrun for dataset_alias_example_alias_producer_with_no_taskflow to None, run_after=None
[2026-09-17T20:13:38.871+0200] {logging_mixin.py:190} INFO - [2026-09-17T20:13:38.870+0200] {dag.py:4180} INFO - Setting next_dagrun for dataset_s3_bucket_consumer_with_no_taskflow to None, run_after=None
[2026-09-17T20:13:38.871+0200] {logging_mixin.py:190} INFO - [2026-09-17T20:13:38.871+0200] {dag.py:4180} INFO - Setting next_dagrun for dataset_s3_bucket_producer_with_no_taskflow to None, run_after=None
[2026-09-17T20:13:38.876+0200] {processor.py:208} INFO - Processing /Users/swarnalidatta/Desktop/AutoQueryChatbot/.airflow-venv/lib/python3.12/site-packages/airflow/example_dags/example_dataset_alias_with_no_taskflow.py took 0.087 seconds
[2026-09-17T20:16:54.964+0200] {processor.py:186} INFO - Started process (PID=83376) to work on /Users/swarnalidatta/Desktop/AutoQueryChatbot/.airflow-venv/lib/python3.12/site-packages/airflow/example_dags/example_dataset_alias_with_no_taskflow.py
[2026-09-17T20:16:54.964+0200] {processor.py:914} INFO - Processing file /Users/swarnalidatta/Desktop/AutoQueryChatbot/.airflow-venv/lib/python3.12/site-packages/airflow/example_dags/example_dataset_alias_with_no_taskflow.py for tasks to queue
[2026-09-17T20:16:54.965+0200] {logging_mixin.py:190} INFO - [2026-09-17T20:16:54.965+0200] {dagbag.py:588} INFO - Filling up the DagBag from /Users/swarnalidatta/Desktop/AutoQueryChatbot/.airflow-venv/lib/python3.12/site-packages/airflow/example_dags/example_dataset_alias_with_no_taskflow.py
[2026-09-17T20:16:55.008+0200] {processor.py:925} INFO - DAG(s) 'dataset_s3_bucket_consumer_with_no_taskflow', 'dataset_alias_example_alias_producer_with_no_taskflow', 'dataset_s3_bucket_producer_with_no_taskflow', 'dataset_alias_example_alias_consumer_with_no_taskflow' retrieved from /Users/swarnalidatta/Desktop/AutoQueryChatbot/.airflow-venv/lib/python3.12/site-packages/airflow/example_dags/example_dataset_alias_with_no_taskflow.py
[2026-09-17T20:16:55.036+0200] {logging_mixin.py:190} INFO - [2026-09-17T20:16:55.036+0200] {dag.py:3239} INFO - Sync 4 DAGs
[2026-09-17T20:16:55.041+0200] {logging_mixin.py:190} INFO - [2026-09-17T20:16:55.041+0200] {dag.py:4180} INFO - Setting next_dagrun for dataset_alias_example_alias_consumer_with_no_taskflow to None, run_after=None
[2026-09-17T20:16:55.042+0200] {logging_mixin.py:190} INFO - [2026-09-17T20:16:55.042+0200] {dag.py:4180} INFO - Setting next_dagrun for dataset_alias_example_alias_producer_with_no_taskflow to None, run_after=None
[2026-09-17T20:16:55.042+0200] {logging_mixin.py:190} INFO - [2026-09-17T20:16:55.042+0200] {dag.py:4180} INFO - Setting next_dagrun for dataset_s3_bucket_consumer_with_no_taskflow to None, run_after=None
[2026-09-17T20:16:55.042+0200] {logging_mixin.py:190} INFO - [2026-09-17T20:16:55.042+0200] {dag.py:4180} INFO - Setting next_dagrun for dataset_s3_bucket_producer_with_no_taskflow to None, run_after=None
[2026-09-17T20:16:55.048+0200] {processor.py:208} INFO - Processing /Users/swarnalidatta/Desktop/AutoQueryChatbot/.airflow-venv/lib/python3.12/site-packages/airflow/example_dags/example_dataset_alias_with_no_taskflow.py took 0.085 seconds
[2026-09-17T20:20:39.537+0200] {processor.py:186} INFO - Started process (PID=84168) to work on /Users/swarnalidatta/Desktop/AutoQueryChatbot/.airflow-venv/lib/python3.12/site-packages/airflow/example_dags/example_dataset_alias_with_no_taskflow.py
[2026-09-17T20:20:39.538+0200] {processor.py:914} INFO - Processing file /Users/swarnalidatta/Desktop/AutoQueryChatbot/.airflow-venv/lib/python3.12/site-packages/airflow/example_dags/example_dataset_alias_with_no_taskflow.py for tasks to queue
[2026-09-17T20:20:39.538+0200] {logging_mixin.py:190} INFO - [2026-09-17T20:20:39.538+0200] {dagbag.py:588} INFO - Filling up the DagBag from /Users/swarnalidatta/Desktop/AutoQueryChatbot/.airflow-venv/lib/python3.12/site-packages/airflow/example_dags/example_dataset_alias_with_no_taskflow.py
[2026-09-17T20:20:39.581+0200] {processor.py:925} INFO - DAG(s) 'dataset_alias_example_alias_producer_with_no_taskflow', 'dataset_s3_bucket_consumer_with_no_taskflow', 'dataset_alias_example_alias_consumer_with_no_taskflow', 'dataset_s3_bucket_producer_with_no_taskflow' retrieved from /Users/swarnalidatta/Desktop/AutoQueryChatbot/.airflow-venv/lib/python3.12/site-packages/airflow/example_dags/example_dataset_alias_with_no_taskflow.py
[2026-09-17T20:20:39.609+0200] {logging_mixin.py:190} INFO - [2026-09-17T20:20:39.609+0200] {dag.py:3239} INFO - Sync 4 DAGs
[2026-09-17T20:20:39.615+0200] {logging_mixin.py:190} INFO - [2026-09-17T20:20:39.614+0200] {dag.py:4180} INFO - Setting next_dagrun for dataset_alias_example_alias_consumer_with_no_taskflow to None, run_after=None
[2026-09-17T20:20:39.615+0200] {logging_mixin.py:190} INFO - [2026-09-17T20:20:39.615+0200] {dag.py:4180} INFO - Setting next_dagrun for dataset_alias_example_alias_producer_with_no_taskflow to None, run_after=None
[2026-09-17T20:20:39.615+0200] {logging_mixin.py:190} INFO - [2026-09-17T20:20:39.615+0200] {dag.py:4180} INFO - Setting next_dagrun for dataset_s3_bucket_consumer_with_no_taskflow to None, run_after=None
[2026-09-17T20:20:39.616+0200] {logging_mixin.py:190} INFO - [2026-09-17T20:20:39.616+0200] {dag.py:4180} INFO - Setting next_dagrun for dataset_s3_bucket_producer_with_no_taskflow to None, run_after=None
[2026-09-17T20:20:39.621+0200] {processor.py:208} INFO - Processing /Users/swarnalidatta/Desktop/AutoQueryChatbot/.airflow-venv/lib/python3.12/site-packages/airflow/example_dags/example_dataset_alias_with_no_taskflow.py took 0.085 seconds
[2026-09-17T20:23:26.746+0200] {processor.py:186} INFO - Started process (PID=84782) to work on /Users/swarnalidatta/Desktop/AutoQueryChatbot/.airflow-venv/lib/python3.12/site-packages/airflow/example_dags/example_dataset_alias_with_no_taskflow.py
[2026-09-17T20:23:26.746+0200] {processor.py:914} INFO - Processing file /Users/swarnalidatta/Desktop/AutoQueryChatbot/.airflow-venv/lib/python3.12/site-packages/airflow/example_dags/example_dataset_alias_with_no_taskflow.py for tasks to queue
[2026-09-17T20:23:26.746+0200] {logging_mixin.py:190} INFO - [2026-09-17T20:23:26.746+0200] {dagbag.py:588} INFO - Filling up the DagBag from /Users/swarnalidatta/Desktop/AutoQueryChatbot/.airflow-venv/lib/python3.12/site-packages/airflow/example_dags/example_dataset_alias_with_no_taskflow.py
[2026-09-17T20:23:26.789+0200] {processor.py:925} INFO - DAG(s) 'dataset_s3_bucket_consumer_with_no_taskflow', 'dataset_alias_example_alias_producer_with_no_taskflow', 'dataset_alias_example_alias_consumer_with_no_taskflow', 'dataset_s3_bucket_producer_with_no_taskflow' retrieved from /Users/swarnalidatta/Desktop/AutoQueryChatbot/.airflow-venv/lib/python3.12/site-packages/airflow/example_dags/example_dataset_alias_with_no_taskflow.py
[2026-09-17T20:23:26.819+0200] {logging_mixin.py:190} INFO - [2026-09-17T20:23:26.819+0200] {dag.py:3239} INFO - Sync 4 DAGs
[2026-09-17T20:23:26.824+0200] {logging_mixin.py:190} INFO - [2026-09-17T20:23:26.824+0200] {dag.py:4180} INFO - Setting next_dagrun for dataset_alias_example_alias_consumer_with_no_taskflow to None, run_after=None
[2026-09-17T20:23:26.824+0200] {logging_mixin.py:190} INFO - [2026-09-17T20:23:26.824+0200] {dag.py:4180} INFO - Setting next_dagrun for dataset_alias_example_alias_producer_with_no_taskflow to None, run_after=None
[2026-09-17T20:23:26.824+0200] {logging_mixin.py:190} INFO - [2026-09-17T20:23:26.824+0200] {dag.py:4180} INFO - Setting next_dagrun for dataset_s3_bucket_consumer_with_no_taskflow to None, run_after=None
[2026-09-17T20:23:26.825+0200] {logging_mixin.py:190} INFO - [2026-09-17T20:23:26.825+0200] {dag.py:4180} INFO - Setting next_dagrun for dataset_s3_bucket_producer_with_no_taskflow to None, run_after=None
[2026-09-17T20:23:26.830+0200] {processor.py:208} INFO - Processing /Users/swarnalidatta/Desktop/AutoQueryChatbot/.airflow-venv/lib/python3.12/site-packages/airflow/example_dags/example_dataset_alias_with_no_taskflow.py took 0.086 seconds
[2026-09-17T20:26:32.501+0200] {processor.py:186} INFO - Started process (PID=85302) to work on /Users/swarnalidatta/Desktop/AutoQueryChatbot/.airflow-venv/lib/python3.12/site-packages/airflow/example_dags/example_dataset_alias_with_no_taskflow.py
[2026-09-17T20:26:32.502+0200] {processor.py:914} INFO - Processing file /Users/swarnalidatta/Desktop/AutoQueryChatbot/.airflow-venv/lib/python3.12/site-packages/airflow/example_dags/example_dataset_alias_with_no_taskflow.py for tasks to queue
[2026-09-17T20:26:32.502+0200] {logging_mixin.py:190} INFO - [2026-09-17T20:26:32.502+0200] {dagbag.py:588} INFO - Filling up the DagBag from /Users/swarnalidatta/Desktop/AutoQueryChatbot/.airflow-venv/lib/python3.12/site-packages/airflow/example_dags/example_dataset_alias_with_no_taskflow.py
[2026-09-17T20:26:32.545+0200] {processor.py:925} INFO - DAG(s) 'dataset_s3_bucket_consumer_with_no_taskflow', 'dataset_alias_example_alias_producer_with_no_taskflow', 'dataset_s3_bucket_producer_with_no_taskflow', 'dataset_alias_example_alias_consumer_with_no_taskflow' retrieved from /Users/swarnalidatta/Desktop/AutoQueryChatbot/.airflow-venv/lib/python3.12/site-packages/airflow/example_dags/example_dataset_alias_with_no_taskflow.py
[2026-09-17T20:26:32.573+0200] {logging_mixin.py:190} INFO - [2026-09-17T20:26:32.573+0200] {dag.py:3239} INFO - Sync 4 DAGs
[2026-09-17T20:26:32.578+0200] {logging_mixin.py:190} INFO - [2026-09-17T20:26:32.578+0200] {dag.py:4180} INFO - Setting next_dagrun for dataset_alias_example_alias_consumer_with_no_taskflow to None, run_after=None
[2026-09-17T20:26:32.578+0200] {logging_mixin.py:190} INFO - [2026-09-17T20:26:32.578+0200] {dag.py:4180} INFO - Setting next_dagrun for dataset_alias_example_alias_producer_with_no_taskflow to None, run_after=None
[2026-09-17T20:26:32.579+0200] {logging_mixin.py:190} INFO - [2026-09-17T20:26:32.579+0200] {dag.py:4180} INFO - Setting next_dagrun for dataset_s3_bucket_consumer_with_no_taskflow to None, run_after=None
[2026-09-17T20:26:32.579+0200] {logging_mixin.py:190} INFO - [2026-09-17T20:26:32.579+0200] {dag.py:4180} INFO - Setting next_dagrun for dataset_s3_bucket_producer_with_no_taskflow to None, run_after=None
[2026-09-17T20:26:32.584+0200] {processor.py:208} INFO - Processing /Users/swarnalidatta/Desktop/AutoQueryChatbot/.airflow-venv/lib/python3.12/site-packages/airflow/example_dags/example_dataset_alias_with_no_taskflow.py took 0.084 seconds
[2026-09-17T20:29:00.504+0200] {processor.py:186} INFO - Started process (PID=85660) to work on /Users/swarnalidatta/Desktop/AutoQueryChatbot/.airflow-venv/lib/python3.12/site-packages/airflow/example_dags/example_dataset_alias_with_no_taskflow.py
[2026-09-17T20:29:00.504+0200] {processor.py:914} INFO - Processing file /Users/swarnalidatta/Desktop/AutoQueryChatbot/.airflow-venv/lib/python3.12/site-packages/airflow/example_dags/example_dataset_alias_with_no_taskflow.py for tasks to queue
[2026-09-17T20:29:00.505+0200] {logging_mixin.py:190} INFO - [2026-09-17T20:29:00.505+0200] {dagbag.py:588} INFO - Filling up the DagBag from /Users/swarnalidatta/Desktop/AutoQueryChatbot/.airflow-venv/lib/python3.12/site-packages/airflow/example_dags/example_dataset_alias_with_no_taskflow.py
[2026-09-17T20:29:00.548+0200] {processor.py:925} INFO - DAG(s) 'dataset_alias_example_alias_consumer_with_no_taskflow', 'dataset_s3_bucket_producer_with_no_taskflow', 'dataset_s3_bucket_consumer_with_no_taskflow', 'dataset_alias_example_alias_producer_with_no_taskflow' retrieved from /Users/swarnalidatta/Desktop/AutoQueryChatbot/.airflow-venv/lib/python3.12/site-packages/airflow/example_dags/example_dataset_alias_with_no_taskflow.py
[2026-09-17T20:29:00.576+0200] {logging_mixin.py:190} INFO - [2026-09-17T20:29:00.576+0200] {dag.py:3239} INFO - Sync 4 DAGs
[2026-09-17T20:29:00.581+0200] {logging_mixin.py:190} INFO - [2026-09-17T20:29:00.581+0200] {dag.py:4180} INFO - Setting next_dagrun for dataset_alias_example_alias_consumer_with_no_taskflow to None, run_after=None
[2026-09-17T20:29:00.582+0200] {logging_mixin.py:190} INFO - [2026-09-17T20:29:00.582+0200] {dag.py:4180} INFO - Setting next_dagrun for dataset_alias_example_alias_producer_with_no_taskflow to None, run_after=None
[2026-09-17T20:29:00.582+0200] {logging_mixin.py:190} INFO - [2026-09-17T20:29:00.582+0200] {dag.py:4180} INFO - Setting next_dagrun for dataset_s3_bucket_consumer_with_no_taskflow to None, run_after=None
[2026-09-17T20:29:00.582+0200] {logging_mixin.py:190} INFO - [2026-09-17T20:29:00.582+0200] {dag.py:4180} INFO - Setting next_dagrun for dataset_s3_bucket_producer_with_no_taskflow to None, run_after=None
[2026-09-17T20:29:00.588+0200] {processor.py:208} INFO - Processing /Users/swarnalidatta/Desktop/AutoQueryChatbot/.airflow-venv/lib/python3.12/site-packages/airflow/example_dags/example_dataset_alias_with_no_taskflow.py took 0.085 seconds
[2026-09-17T20:31:44.263+0200] {processor.py:186} INFO - Started process (PID=86059) to work on /Users/swarnalidatta/Desktop/AutoQueryChatbot/.airflow-venv/lib/python3.12/site-packages/airflow/example_dags/example_dataset_alias_with_no_taskflow.py
[2026-09-17T20:31:44.264+0200] {processor.py:914} INFO - Processing file /Users/swarnalidatta/Desktop/AutoQueryChatbot/.airflow-venv/lib/python3.12/site-packages/airflow/example_dags/example_dataset_alias_with_no_taskflow.py for tasks to queue
[2026-09-17T20:31:44.264+0200] {logging_mixin.py:190} INFO - [2026-09-17T20:31:44.264+0200] {dagbag.py:588} INFO - Filling up the DagBag from /Users/swarnalidatta/Desktop/AutoQueryChatbot/.airflow-venv/lib/python3.12/site-packages/airflow/example_dags/example_dataset_alias_with_no_taskflow.py
[2026-09-17T20:31:44.308+0200] {processor.py:925} INFO - DAG(s) 'dataset_alias_example_alias_consumer_with_no_taskflow', 'dataset_s3_bucket_consumer_with_no_taskflow', 'dataset_s3_bucket_producer_with_no_taskflow', 'dataset_alias_example_alias_producer_with_no_taskflow' retrieved from /Users/swarnalidatta/Desktop/AutoQueryChatbot/.airflow-venv/lib/python3.12/site-packages/airflow/example_dags/example_dataset_alias_with_no_taskflow.py
[2026-09-17T20:31:44.338+0200] {logging_mixin.py:190} INFO - [2026-09-17T20:31:44.338+0200] {dag.py:3239} INFO - Sync 4 DAGs
[2026-09-17T20:31:44.343+0200] {logging_mixin.py:190} INFO - [2026-09-17T20:31:44.343+0200] {dag.py:4180} INFO - Setting next_dagrun for dataset_alias_example_alias_consumer_with_no_taskflow to None, run_after=None
[2026-09-17T20:31:44.344+0200] {logging_mixin.py:190} INFO - [2026-09-17T20:31:44.343+0200] {dag.py:4180} INFO - Setting next_dagrun for dataset_alias_example_alias_producer_with_no_taskflow to None, run_after=None
[2026-09-17T20:31:44.344+0200] {logging_mixin.py:190} INFO - [2026-09-17T20:31:44.344+0200] {dag.py:4180} INFO - Setting next_dagrun for dataset_s3_bucket_consumer_with_no_taskflow to None, run_after=None
[2026-09-17T20:31:44.344+0200] {logging_mixin.py:190} INFO - [2026-09-17T20:31:44.344+0200] {dag.py:4180} INFO - Setting next_dagrun for dataset_s3_bucket_producer_with_no_taskflow to None, run_after=None
[2026-09-17T20:31:44.350+0200] {processor.py:208} INFO - Processing /Users/swarnalidatta/Desktop/AutoQueryChatbot/.airflow-venv/lib/python3.12/site-packages/airflow/example_dags/example_dataset_alias_with_no_taskflow.py took 0.088 seconds
[2026-09-17T20:33:54.844+0200] {processor.py:186} INFO - Started process (PID=86370) to work on /Users/swarnalidatta/Desktop/AutoQueryChatbot/.airflow-venv/lib/python3.12/site-packages/airflow/example_dags/example_dataset_alias_with_no_taskflow.py
[2026-09-17T20:33:54.846+0200] {processor.py:914} INFO - Processing file /Users/swarnalidatta/Desktop/AutoQueryChatbot/.airflow-venv/lib/python3.12/site-packages/airflow/example_dags/example_dataset_alias_with_no_taskflow.py for tasks to queue
[2026-09-17T20:33:54.846+0200] {logging_mixin.py:190} INFO - [2026-09-17T20:33:54.846+0200] {dagbag.py:588} INFO - Filling up the DagBag from /Users/swarnalidatta/Desktop/AutoQueryChatbot/.airflow-venv/lib/python3.12/site-packages/airflow/example_dags/example_dataset_alias_with_no_taskflow.py
[2026-09-17T20:33:54.888+0200] {processor.py:925} INFO - DAG(s) 'dataset_s3_bucket_producer_with_no_taskflow', 'dataset_alias_example_alias_consumer_with_no_taskflow', 'dataset_alias_example_alias_producer_with_no_taskflow', 'dataset_s3_bucket_consumer_with_no_taskflow' retrieved from /Users/swarnalidatta/Desktop/AutoQueryChatbot/.airflow-venv/lib/python3.12/site-packages/airflow/example_dags/example_dataset_alias_with_no_taskflow.py
[2026-09-17T20:33:54.916+0200] {logging_mixin.py:190} INFO - [2026-09-17T20:33:54.915+0200] {dag.py:3239} INFO - Sync 4 DAGs
[2026-09-17T20:33:54.921+0200] {logging_mixin.py:190} INFO - [2026-09-17T20:33:54.921+0200] {dag.py:4180} INFO - Setting next_dagrun for dataset_alias_example_alias_consumer_with_no_taskflow to None, run_after=None
[2026-09-17T20:33:54.921+0200] {logging_mixin.py:190} INFO - [2026-09-17T20:33:54.921+0200] {dag.py:4180} INFO - Setting next_dagrun for dataset_alias_example_alias_producer_with_no_taskflow to None, run_after=None
[2026-09-17T20:33:54.921+0200] {logging_mixin.py:190} INFO - [2026-09-17T20:33:54.921+0200] {dag.py:4180} INFO - Setting next_dagrun for dataset_s3_bucket_consumer_with_no_taskflow to None, run_after=None
[2026-09-17T20:33:54.922+0200] {logging_mixin.py:190} INFO - [2026-09-17T20:33:54.922+0200] {dag.py:4180} INFO - Setting next_dagrun for dataset_s3_bucket_producer_with_no_taskflow to None, run_after=None
[2026-09-17T20:33:54.927+0200] {processor.py:208} INFO - Processing /Users/swarnalidatta/Desktop/AutoQueryChatbot/.airflow-venv/lib/python3.12/site-packages/airflow/example_dags/example_dataset_alias_with_no_taskflow.py took 0.084 seconds
[2026-09-17T20:36:01.530+0200] {processor.py:186} INFO - Started process (PID=86661) to work on /Users/swarnalidatta/Desktop/AutoQueryChatbot/.airflow-venv/lib/python3.12/site-packages/airflow/example_dags/example_dataset_alias_with_no_taskflow.py
[2026-09-17T20:36:01.531+0200] {processor.py:914} INFO - Processing file /Users/swarnalidatta/Desktop/AutoQueryChatbot/.airflow-venv/lib/python3.12/site-packages/airflow/example_dags/example_dataset_alias_with_no_taskflow.py for tasks to queue
[2026-09-17T20:36:01.531+0200] {logging_mixin.py:190} INFO - [2026-09-17T20:36:01.531+0200] {dagbag.py:588} INFO - Filling up the DagBag from /Users/swarnalidatta/Desktop/AutoQueryChatbot/.airflow-venv/lib/python3.12/site-packages/airflow/example_dags/example_dataset_alias_with_no_taskflow.py
[2026-09-17T20:36:01.573+0200] {processor.py:925} INFO - DAG(s) 'dataset_alias_example_alias_producer_with_no_taskflow', 'dataset_alias_example_alias_consumer_with_no_taskflow', 'dataset_s3_bucket_consumer_with_no_taskflow', 'dataset_s3_bucket_producer_with_no_taskflow' retrieved from /Users/swarnalidatta/Desktop/AutoQueryChatbot/.airflow-venv/lib/python3.12/site-packages/airflow/example_dags/example_dataset_alias_with_no_taskflow.py
[2026-09-17T20:36:01.601+0200] {logging_mixin.py:190} INFO - [2026-09-17T20:36:01.600+0200] {dag.py:3239} INFO - Sync 4 DAGs
[2026-09-17T20:36:01.606+0200] {logging_mixin.py:190} INFO - [2026-09-17T20:36:01.605+0200] {dag.py:4180} INFO - Setting next_dagrun for dataset_alias_example_alias_consumer_with_no_taskflow to None, run_after=None
[2026-09-17T20:36:01.606+0200] {logging_mixin.py:190} INFO - [2026-09-17T20:36:01.606+0200] {dag.py:4180} INFO - Setting next_dagrun for dataset_alias_example_alias_producer_with_no_taskflow to None, run_after=None
[2026-09-17T20:36:01.606+0200] {logging_mixin.py:190} INFO - [2026-09-17T20:36:01.606+0200] {dag.py:4180} INFO - Setting next_dagrun for dataset_s3_bucket_consumer_with_no_taskflow to None, run_after=None
[2026-09-17T20:36:01.607+0200] {logging_mixin.py:190} INFO - [2026-09-17T20:36:01.606+0200] {dag.py:4180} INFO - Setting next_dagrun for dataset_s3_bucket_producer_with_no_taskflow to None, run_after=None
[2026-09-17T20:36:01.612+0200] {processor.py:208} INFO - Processing /Users/swarnalidatta/Desktop/AutoQueryChatbot/.airflow-venv/lib/python3.12/site-packages/airflow/example_dags/example_dataset_alias_with_no_taskflow.py took 0.083 seconds
[2026-09-17T20:48:51.709+0200] {processor.py:186} INFO - Started process (PID=87021) to work on /Users/swarnalidatta/Desktop/AutoQueryChatbot/.airflow-venv/lib/python3.12/site-packages/airflow/example_dags/example_dataset_alias_with_no_taskflow.py
[2026-09-17T20:48:51.710+0200] {processor.py:914} INFO - Processing file /Users/swarnalidatta/Desktop/AutoQueryChatbot/.airflow-venv/lib/python3.12/site-packages/airflow/example_dags/example_dataset_alias_with_no_taskflow.py for tasks to queue
[2026-09-17T20:48:51.710+0200] {logging_mixin.py:190} INFO - [2026-09-17T20:48:51.710+0200] {dagbag.py:588} INFO - Filling up the DagBag from /Users/swarnalidatta/Desktop/AutoQueryChatbot/.airflow-venv/lib/python3.12/site-packages/airflow/example_dags/example_dataset_alias_with_no_taskflow.py
[2026-09-17T20:48:51.751+0200] {processor.py:925} INFO - DAG(s) 'dataset_s3_bucket_consumer_with_no_taskflow', 'dataset_s3_bucket_producer_with_no_taskflow', 'dataset_alias_example_alias_consumer_with_no_taskflow', 'dataset_alias_example_alias_producer_with_no_taskflow' retrieved from /Users/swarnalidatta/Desktop/AutoQueryChatbot/.airflow-venv/lib/python3.12/site-packages/airflow/example_dags/example_dataset_alias_with_no_taskflow.py
[2026-09-17T20:48:51.778+0200] {logging_mixin.py:190} INFO - [2026-09-17T20:48:51.778+0200] {dag.py:3239} INFO - Sync 4 DAGs
[2026-09-17T20:48:51.783+0200] {logging_mixin.py:190} INFO - [2026-09-17T20:48:51.783+0200] {dag.py:4180} INFO - Setting next_dagrun for dataset_alias_example_alias_consumer_with_no_taskflow to None, run_after=None
[2026-09-17T20:48:51.784+0200] {logging_mixin.py:190} INFO - [2026-09-17T20:48:51.784+0200] {dag.py:4180} INFO - Setting next_dagrun for dataset_alias_example_alias_producer_with_no_taskflow to None, run_after=None
[2026-09-17T20:48:51.784+0200] {logging_mixin.py:190} INFO - [2026-09-17T20:48:51.784+0200] {dag.py:4180} INFO - Setting next_dagrun for dataset_s3_bucket_consumer_with_no_taskflow to None, run_after=None
[2026-09-17T20:48:51.784+0200] {logging_mixin.py:190} INFO - [2026-09-17T20:48:51.784+0200] {dag.py:4180} INFO - Setting next_dagrun for dataset_s3_bucket_producer_with_no_taskflow to None, run_after=None
[2026-09-17T20:48:51.789+0200] {processor.py:208} INFO - Processing /Users/swarnalidatta/Desktop/AutoQueryChatbot/.airflow-venv/lib/python3.12/site-packages/airflow/example_dags/example_dataset_alias_with_no_taskflow.py took 0.081 seconds
[2026-09-17T20:51:03.862+0200] {processor.py:186} INFO - Started process (PID=87322) to work on /Users/swarnalidatta/Desktop/AutoQueryChatbot/.airflow-venv/lib/python3.12/site-packages/airflow/example_dags/example_dataset_alias_with_no_taskflow.py
[2026-09-17T20:51:03.863+0200] {processor.py:914} INFO - Processing file /Users/swarnalidatta/Desktop/AutoQueryChatbot/.airflow-venv/lib/python3.12/site-packages/airflow/example_dags/example_dataset_alias_with_no_taskflow.py for tasks to queue
[2026-09-17T20:51:03.863+0200] {logging_mixin.py:190} INFO - [2026-09-17T20:51:03.863+0200] {dagbag.py:588} INFO - Filling up the DagBag from /Users/swarnalidatta/Desktop/AutoQueryChatbot/.airflow-venv/lib/python3.12/site-packages/airflow/example_dags/example_dataset_alias_with_no_taskflow.py
[2026-09-17T20:51:03.905+0200] {processor.py:925} INFO - DAG(s) 'dataset_alias_example_alias_producer_with_no_taskflow', 'dataset_s3_bucket_producer_with_no_taskflow', 'dataset_s3_bucket_consumer_with_no_taskflow', 'dataset_alias_example_alias_consumer_with_no_taskflow' retrieved from /Users/swarnalidatta/Desktop/AutoQueryChatbot/.airflow-venv/lib/python3.12/site-packages/airflow/example_dags/example_dataset_alias_with_no_taskflow.py
[2026-09-17T20:51:03.932+0200] {logging_mixin.py:190} INFO - [2026-09-17T20:51:03.932+0200] {dag.py:3239} INFO - Sync 4 DAGs
[2026-09-17T20:51:03.936+0200] {logging_mixin.py:190} INFO - [2026-09-17T20:51:03.936+0200] {dag.py:4180} INFO - Setting next_dagrun for dataset_alias_example_alias_consumer_with_no_taskflow to None, run_after=None
[2026-09-17T20:51:03.937+0200] {logging_mixin.py:190} INFO - [2026-09-17T20:51:03.937+0200] {dag.py:4180} INFO - Setting next_dagrun for dataset_alias_example_alias_producer_with_no_taskflow to None, run_after=None
[2026-09-17T20:51:03.937+0200] {logging_mixin.py:190} INFO - [2026-09-17T20:51:03.937+0200] {dag.py:4180} INFO - Setting next_dagrun for dataset_s3_bucket_consumer_with_no_taskflow to None, run_after=None
[2026-09-17T20:51:03.937+0200] {logging_mixin.py:190} INFO - [2026-09-17T20:51:03.937+0200] {dag.py:4180} INFO - Setting next_dagrun for dataset_s3_bucket_producer_with_no_taskflow to None, run_after=None
[2026-09-17T20:51:03.943+0200] {processor.py:208} INFO - Processing /Users/swarnalidatta/Desktop/AutoQueryChatbot/.airflow-venv/lib/python3.12/site-packages/airflow/example_dags/example_dataset_alias_with_no_taskflow.py took 0.081 seconds
[2026-09-17T20:53:10.271+0200] {processor.py:186} INFO - Started process (PID=87611) to work on /Users/swarnalidatta/Desktop/AutoQueryChatbot/.airflow-venv/lib/python3.12/site-packages/airflow/example_dags/example_dataset_alias_with_no_taskflow.py
[2026-09-17T20:53:10.271+0200] {processor.py:914} INFO - Processing file /Users/swarnalidatta/Desktop/AutoQueryChatbot/.airflow-venv/lib/python3.12/site-packages/airflow/example_dags/example_dataset_alias_with_no_taskflow.py for tasks to queue
[2026-09-17T20:53:10.272+0200] {logging_mixin.py:190} INFO - [2026-09-17T20:53:10.271+0200] {dagbag.py:588} INFO - Filling up the DagBag from /Users/swarnalidatta/Desktop/AutoQueryChatbot/.airflow-venv/lib/python3.12/site-packages/airflow/example_dags/example_dataset_alias_with_no_taskflow.py
[2026-09-17T20:53:10.315+0200] {processor.py:925} INFO - DAG(s) 'dataset_alias_example_alias_consumer_with_no_taskflow', 'dataset_s3_bucket_producer_with_no_taskflow', 'dataset_s3_bucket_consumer_with_no_taskflow', 'dataset_alias_example_alias_producer_with_no_taskflow' retrieved from /Users/swarnalidatta/Desktop/AutoQueryChatbot/.airflow-venv/lib/python3.12/site-packages/airflow/example_dags/example_dataset_alias_with_no_taskflow.py
[2026-09-17T20:53:10.342+0200] {logging_mixin.py:190} INFO - [2026-09-17T20:53:10.342+0200] {dag.py:3239} INFO - Sync 4 DAGs
[2026-09-17T20:53:10.347+0200] {logging_mixin.py:190} INFO - [2026-09-17T20:53:10.347+0200] {dag.py:4180} INFO - Setting next_dagrun for dataset_alias_example_alias_consumer_with_no_taskflow to None, run_after=None
[2026-09-17T20:53:10.348+0200] {logging_mixin.py:190} INFO - [2026-09-17T20:53:10.348+0200] {dag.py:4180} INFO - Setting next_dagrun for dataset_alias_example_alias_producer_with_no_taskflow to None, run_after=None
[2026-09-17T20:53:10.348+0200] {logging_mixin.py:190} INFO - [2026-09-17T20:53:10.348+0200] {dag.py:4180} INFO - Setting next_dagrun for dataset_s3_bucket_consumer_with_no_taskflow to None, run_after=None
[2026-09-17T20:53:10.348+0200] {logging_mixin.py:190} INFO - [2026-09-17T20:53:10.348+0200] {dag.py:4180} INFO - Setting next_dagrun for dataset_s3_bucket_producer_with_no_taskflow to None, run_after=None
[2026-09-17T20:53:10.354+0200] {processor.py:208} INFO - Processing /Users/swarnalidatta/Desktop/AutoQueryChatbot/.airflow-venv/lib/python3.12/site-packages/airflow/example_dags/example_dataset_alias_with_no_taskflow.py took 0.084 seconds
[2026-09-17T20:55:27.109+0200] {processor.py:186} INFO - Started process (PID=87922) to work on /Users/swarnalidatta/Desktop/AutoQueryChatbot/.airflow-venv/lib/python3.12/site-packages/airflow/example_dags/example_dataset_alias_with_no_taskflow.py
[2026-09-17T20:55:27.110+0200] {processor.py:914} INFO - Processing file /Users/swarnalidatta/Desktop/AutoQueryChatbot/.airflow-venv/lib/python3.12/site-packages/airflow/example_dags/example_dataset_alias_with_no_taskflow.py for tasks to queue
[2026-09-17T20:55:27.110+0200] {logging_mixin.py:190} INFO - [2026-09-17T20:55:27.110+0200] {dagbag.py:588} INFO - Filling up the DagBag from /Users/swarnalidatta/Desktop/AutoQueryChatbot/.airflow-venv/lib/python3.12/site-packages/airflow/example_dags/example_dataset_alias_with_no_taskflow.py
[2026-09-17T20:55:27.153+0200] {processor.py:925} INFO - DAG(s) 'dataset_s3_bucket_producer_with_no_taskflow', 'dataset_alias_example_alias_producer_with_no_taskflow', 'dataset_alias_example_alias_consumer_with_no_taskflow', 'dataset_s3_bucket_consumer_with_no_taskflow' retrieved from /Users/swarnalidatta/Desktop/AutoQueryChatbot/.airflow-venv/lib/python3.12/site-packages/airflow/example_dags/example_dataset_alias_with_no_taskflow.py
[2026-09-17T20:55:27.180+0200] {logging_mixin.py:190} INFO - [2026-09-17T20:55:27.180+0200] {dag.py:3239} INFO - Sync 4 DAGs
[2026-09-17T20:55:27.185+0200] {logging_mixin.py:190} INFO - [2026-09-17T20:55:27.185+0200] {dag.py:4180} INFO - Setting next_dagrun for dataset_alias_example_alias_consumer_with_no_taskflow to None, run_after=None
[2026-09-17T20:55:27.186+0200] {logging_mixin.py:190} INFO - [2026-09-17T20:55:27.186+0200] {dag.py:4180} INFO - Setting next_dagrun for dataset_alias_example_alias_producer_with_no_taskflow to None, run_after=None
[2026-09-17T20:55:27.186+0200] {logging_mixin.py:190} INFO - [2026-09-17T20:55:27.186+0200] {dag.py:4180} INFO - Setting next_dagrun for dataset_s3_bucket_consumer_with_no_taskflow to None, run_after=None
[2026-09-17T20:55:27.186+0200] {logging_mixin.py:190} INFO - [2026-09-17T20:55:27.186+0200] {dag.py:4180} INFO - Setting next_dagrun for dataset_s3_bucket_producer_with_no_taskflow to None, run_after=None
[2026-09-17T20:55:27.192+0200] {processor.py:208} INFO - Processing /Users/swarnalidatta/Desktop/AutoQueryChatbot/.airflow-venv/lib/python3.12/site-packages/airflow/example_dags/example_dataset_alias_with_no_taskflow.py took 0.083 seconds
[2026-09-17T20:57:40.123+0200] {processor.py:186} INFO - Started process (PID=88235) to work on /Users/swarnalidatta/Desktop/AutoQueryChatbot/.airflow-venv/lib/python3.12/site-packages/airflow/example_dags/example_dataset_alias_with_no_taskflow.py
[2026-09-17T20:57:40.123+0200] {processor.py:914} INFO - Processing file /Users/swarnalidatta/Desktop/AutoQueryChatbot/.airflow-venv/lib/python3.12/site-packages/airflow/example_dags/example_dataset_alias_with_no_taskflow.py for tasks to queue
[2026-09-17T20:57:40.123+0200] {logging_mixin.py:190} INFO - [2026-09-17T20:57:40.123+0200] {dagbag.py:588} INFO - Filling up the DagBag from /Users/swarnalidatta/Desktop/AutoQueryChatbot/.airflow-venv/lib/python3.12/site-packages/airflow/example_dags/example_dataset_alias_with_no_taskflow.py
[2026-09-17T20:57:40.168+0200] {processor.py:925} INFO - DAG(s) 'dataset_s3_bucket_producer_with_no_taskflow', 'dataset_s3_bucket_consumer_with_no_taskflow', 'dataset_alias_example_alias_producer_with_no_taskflow', 'dataset_alias_example_alias_consumer_with_no_taskflow' retrieved from /Users/swarnalidatta/Desktop/AutoQueryChatbot/.airflow-venv/lib/python3.12/site-packages/airflow/example_dags/example_dataset_alias_with_no_taskflow.py
[2026-09-17T20:57:40.196+0200] {logging_mixin.py:190} INFO - [2026-09-17T20:57:40.196+0200] {dag.py:3239} INFO - Sync 4 DAGs
[2026-09-17T20:57:40.201+0200] {logging_mixin.py:190} INFO - [2026-09-17T20:57:40.201+0200] {dag.py:4180} INFO - Setting next_dagrun for dataset_alias_example_alias_consumer_with_no_taskflow to None, run_after=None
[2026-09-17T20:57:40.201+0200] {logging_mixin.py:190} INFO - [2026-09-17T20:57:40.201+0200] {dag.py:4180} INFO - Setting next_dagrun for dataset_alias_example_alias_producer_with_no_taskflow to None, run_after=None
[2026-09-17T20:57:40.202+0200] {logging_mixin.py:190} INFO - [2026-09-17T20:57:40.201+0200] {dag.py:4180} INFO - Setting next_dagrun for dataset_s3_bucket_consumer_with_no_taskflow to None, run_after=None
[2026-09-17T20:57:40.202+0200] {logging_mixin.py:190} INFO - [2026-09-17T20:57:40.202+0200] {dag.py:4180} INFO - Setting next_dagrun for dataset_s3_bucket_producer_with_no_taskflow to None, run_after=None
[2026-09-17T20:57:40.207+0200] {processor.py:208} INFO - Processing /Users/swarnalidatta/Desktop/AutoQueryChatbot/.airflow-venv/lib/python3.12/site-packages/airflow/example_dags/example_dataset_alias_with_no_taskflow.py took 0.086 seconds
[2026-09-17T20:59:50.071+0200] {processor.py:186} INFO - Started process (PID=88573) to work on /Users/swarnalidatta/Desktop/AutoQueryChatbot/.airflow-venv/lib/python3.12/site-packages/airflow/example_dags/example_dataset_alias_with_no_taskflow.py
[2026-09-17T20:59:50.072+0200] {processor.py:914} INFO - Processing file /Users/swarnalidatta/Desktop/AutoQueryChatbot/.airflow-venv/lib/python3.12/site-packages/airflow/example_dags/example_dataset_alias_with_no_taskflow.py for tasks to queue
[2026-09-17T20:59:50.072+0200] {logging_mixin.py:190} INFO - [2026-09-17T20:59:50.072+0200] {dagbag.py:588} INFO - Filling up the DagBag from /Users/swarnalidatta/Desktop/AutoQueryChatbot/.airflow-venv/lib/python3.12/site-packages/airflow/example_dags/example_dataset_alias_with_no_taskflow.py
[2026-09-17T20:59:50.115+0200] {processor.py:925} INFO - DAG(s) 'dataset_alias_example_alias_producer_with_no_taskflow', 'dataset_s3_bucket_producer_with_no_taskflow', 'dataset_s3_bucket_consumer_with_no_taskflow', 'dataset_alias_example_alias_consumer_with_no_taskflow' retrieved from /Users/swarnalidatta/Desktop/AutoQueryChatbot/.airflow-venv/lib/python3.12/site-packages/airflow/example_dags/example_dataset_alias_with_no_taskflow.py
[2026-09-17T20:59:50.144+0200] {logging_mixin.py:190} INFO - [2026-09-17T20:59:50.143+0200] {dag.py:3239} INFO - Sync 4 DAGs
[2026-09-17T20:59:50.148+0200] {logging_mixin.py:190} INFO - [2026-09-17T20:59:50.148+0200] {dag.py:4180} INFO - Setting next_dagrun for dataset_alias_example_alias_consumer_with_no_taskflow to None, run_after=None
[2026-09-17T20:59:50.149+0200] {logging_mixin.py:190} INFO - [2026-09-17T20:59:50.149+0200] {dag.py:4180} INFO - Setting next_dagrun for dataset_alias_example_alias_producer_with_no_taskflow to None, run_after=None
[2026-09-17T20:59:50.149+0200] {logging_mixin.py:190} INFO - [2026-09-17T20:59:50.149+0200] {dag.py:4180} INFO - Setting next_dagrun for dataset_s3_bucket_consumer_with_no_taskflow to None, run_after=None
[2026-09-17T20:59:50.149+0200] {logging_mixin.py:190} INFO - [2026-09-17T20:59:50.149+0200] {dag.py:4180} INFO - Setting next_dagrun for dataset_s3_bucket_producer_with_no_taskflow to None, run_after=None
[2026-09-17T20:59:50.155+0200] {processor.py:208} INFO - Processing /Users/swarnalidatta/Desktop/AutoQueryChatbot/.airflow-venv/lib/python3.12/site-packages/airflow/example_dags/example_dataset_alias_with_no_taskflow.py took 0.085 seconds
[2026-09-17T21:01:59.222+0200] {processor.py:186} INFO - Started process (PID=89036) to work on /Users/swarnalidatta/Desktop/AutoQueryChatbot/.airflow-venv/lib/python3.12/site-packages/airflow/example_dags/example_dataset_alias_with_no_taskflow.py
[2026-09-17T21:01:59.222+0200] {processor.py:914} INFO - Processing file /Users/swarnalidatta/Desktop/AutoQueryChatbot/.airflow-venv/lib/python3.12/site-packages/airflow/example_dags/example_dataset_alias_with_no_taskflow.py for tasks to queue
[2026-09-17T21:01:59.222+0200] {logging_mixin.py:190} INFO - [2026-09-17T21:01:59.222+0200] {dagbag.py:588} INFO - Filling up the DagBag from /Users/swarnalidatta/Desktop/AutoQueryChatbot/.airflow-venv/lib/python3.12/site-packages/airflow/example_dags/example_dataset_alias_with_no_taskflow.py
[2026-09-17T21:01:59.266+0200] {processor.py:925} INFO - DAG(s) 'dataset_alias_example_alias_producer_with_no_taskflow', 'dataset_s3_bucket_consumer_with_no_taskflow', 'dataset_alias_example_alias_consumer_with_no_taskflow', 'dataset_s3_bucket_producer_with_no_taskflow' retrieved from /Users/swarnalidatta/Desktop/AutoQueryChatbot/.airflow-venv/lib/python3.12/site-packages/airflow/example_dags/example_dataset_alias_with_no_taskflow.py
[2026-09-17T21:01:59.294+0200] {logging_mixin.py:190} INFO - [2026-09-17T21:01:59.293+0200] {dag.py:3239} INFO - Sync 4 DAGs
[2026-09-17T21:01:59.299+0200] {logging_mixin.py:190} INFO - [2026-09-17T21:01:59.298+0200] {dag.py:4180} INFO - Setting next_dagrun for dataset_alias_example_alias_consumer_with_no_taskflow to None, run_after=None
[2026-09-17T21:01:59.299+0200] {logging_mixin.py:190} INFO - [2026-09-17T21:01:59.299+0200] {dag.py:4180} INFO - Setting next_dagrun for dataset_alias_example_alias_producer_with_no_taskflow to None, run_after=None
[2026-09-17T21:01:59.299+0200] {logging_mixin.py:190} INFO - [2026-09-17T21:01:59.299+0200] {dag.py:4180} INFO - Setting next_dagrun for dataset_s3_bucket_consumer_with_no_taskflow to None, run_after=None
[2026-09-17T21:01:59.300+0200] {logging_mixin.py:190} INFO - [2026-09-17T21:01:59.299+0200] {dag.py:4180} INFO - Setting next_dagrun for dataset_s3_bucket_producer_with_no_taskflow to None, run_after=None
[2026-09-17T21:01:59.305+0200] {processor.py:208} INFO - Processing /Users/swarnalidatta/Desktop/AutoQueryChatbot/.airflow-venv/lib/python3.12/site-packages/airflow/example_dags/example_dataset_alias_with_no_taskflow.py took 0.084 seconds
[2026-09-17T21:04:04.939+0200] {processor.py:186} INFO - Started process (PID=89339) to work on /Users/swarnalidatta/Desktop/AutoQueryChatbot/.airflow-venv/lib/python3.12/site-packages/airflow/example_dags/example_dataset_alias_with_no_taskflow.py
[2026-09-17T21:04:04.940+0200] {processor.py:914} INFO - Processing file /Users/swarnalidatta/Desktop/AutoQueryChatbot/.airflow-venv/lib/python3.12/site-packages/airflow/example_dags/example_dataset_alias_with_no_taskflow.py for tasks to queue
[2026-09-17T21:04:04.940+0200] {logging_mixin.py:190} INFO - [2026-09-17T21:04:04.940+0200] {dagbag.py:588} INFO - Filling up the DagBag from /Users/swarnalidatta/Desktop/AutoQueryChatbot/.airflow-venv/lib/python3.12/site-packages/airflow/example_dags/example_dataset_alias_with_no_taskflow.py
[2026-09-17T21:04:04.983+0200] {processor.py:925} INFO - DAG(s) 'dataset_s3_bucket_consumer_with_no_taskflow', 'dataset_s3_bucket_producer_with_no_taskflow', 'dataset_alias_example_alias_consumer_with_no_taskflow', 'dataset_alias_example_alias_producer_with_no_taskflow' retrieved from /Users/swarnalidatta/Desktop/AutoQueryChatbot/.airflow-venv/lib/python3.12/site-packages/airflow/example_dags/example_dataset_alias_with_no_taskflow.py
[2026-09-17T21:04:05.014+0200] {logging_mixin.py:190} INFO - [2026-09-17T21:04:05.014+0200] {dag.py:3239} INFO - Sync 4 DAGs
[2026-09-17T21:04:05.019+0200] {logging_mixin.py:190} INFO - [2026-09-17T21:04:05.019+0200] {dag.py:4180} INFO - Setting next_dagrun for dataset_alias_example_alias_consumer_with_no_taskflow to None, run_after=None
[2026-09-17T21:04:05.020+0200] {logging_mixin.py:190} INFO - [2026-09-17T21:04:05.020+0200] {dag.py:4180} INFO - Setting next_dagrun for dataset_alias_example_alias_producer_with_no_taskflow to None, run_after=None
[2026-09-17T21:04:05.020+0200] {logging_mixin.py:190} INFO - [2026-09-17T21:04:05.020+0200] {dag.py:4180} INFO - Setting next_dagrun for dataset_s3_bucket_consumer_with_no_taskflow to None, run_after=None
[2026-09-17T21:04:05.020+0200] {logging_mixin.py:190} INFO - [2026-09-17T21:04:05.020+0200] {dag.py:4180} INFO - Setting next_dagrun for dataset_s3_bucket_producer_with_no_taskflow to None, run_after=None
[2026-09-17T21:04:05.026+0200] {processor.py:208} INFO - Processing /Users/swarnalidatta/Desktop/AutoQueryChatbot/.airflow-venv/lib/python3.12/site-packages/airflow/example_dags/example_dataset_alias_with_no_taskflow.py took 0.087 seconds
[2026-09-17T21:06:17.792+0200] {processor.py:186} INFO - Started process (PID=89665) to work on /Users/swarnalidatta/Desktop/AutoQueryChatbot/.airflow-venv/lib/python3.12/site-packages/airflow/example_dags/example_dataset_alias_with_no_taskflow.py
[2026-09-17T21:06:17.793+0200] {processor.py:914} INFO - Processing file /Users/swarnalidatta/Desktop/AutoQueryChatbot/.airflow-venv/lib/python3.12/site-packages/airflow/example_dags/example_dataset_alias_with_no_taskflow.py for tasks to queue
[2026-09-17T21:06:17.793+0200] {logging_mixin.py:190} INFO - [2026-09-17T21:06:17.793+0200] {dagbag.py:588} INFO - Filling up the DagBag from /Users/swarnalidatta/Desktop/AutoQueryChatbot/.airflow-venv/lib/python3.12/site-packages/airflow/example_dags/example_dataset_alias_with_no_taskflow.py
[2026-09-17T21:06:17.837+0200] {processor.py:925} INFO - DAG(s) 'dataset_s3_bucket_consumer_with_no_taskflow', 'dataset_s3_bucket_producer_with_no_taskflow', 'dataset_alias_example_alias_consumer_with_no_taskflow', 'dataset_alias_example_alias_producer_with_no_taskflow' retrieved from /Users/swarnalidatta/Desktop/AutoQueryChatbot/.airflow-venv/lib/python3.12/site-packages/airflow/example_dags/example_dataset_alias_with_no_taskflow.py
[2026-09-17T21:06:17.865+0200] {logging_mixin.py:190} INFO - [2026-09-17T21:06:17.865+0200] {dag.py:3239} INFO - Sync 4 DAGs
[2026-09-17T21:06:17.870+0200] {logging_mixin.py:190} INFO - [2026-09-17T21:06:17.870+0200] {dag.py:4180} INFO - Setting next_dagrun for dataset_alias_example_alias_consumer_with_no_taskflow to None, run_after=None
[2026-09-17T21:06:17.871+0200] {logging_mixin.py:190} INFO - [2026-09-17T21:06:17.871+0200] {dag.py:4180} INFO - Setting next_dagrun for dataset_alias_example_alias_producer_with_no_taskflow to None, run_after=None
[2026-09-17T21:06:17.871+0200] {logging_mixin.py:190} INFO - [2026-09-17T21:06:17.871+0200] {dag.py:4180} INFO - Setting next_dagrun for dataset_s3_bucket_consumer_with_no_taskflow to None, run_after=None
[2026-09-17T21:06:17.871+0200] {logging_mixin.py:190} INFO - [2026-09-17T21:06:17.871+0200] {dag.py:4180} INFO - Setting next_dagrun for dataset_s3_bucket_producer_with_no_taskflow to None, run_after=None
[2026-09-17T21:06:17.877+0200] {processor.py:208} INFO - Processing /Users/swarnalidatta/Desktop/AutoQueryChatbot/.airflow-venv/lib/python3.12/site-packages/airflow/example_dags/example_dataset_alias_with_no_taskflow.py took 0.085 seconds
[2026-09-17T21:08:34.763+0200] {processor.py:186} INFO - Started process (PID=89980) to work on /Users/swarnalidatta/Desktop/AutoQueryChatbot/.airflow-venv/lib/python3.12/site-packages/airflow/example_dags/example_dataset_alias_with_no_taskflow.py
[2026-09-17T21:08:34.763+0200] {processor.py:914} INFO - Processing file /Users/swarnalidatta/Desktop/AutoQueryChatbot/.airflow-venv/lib/python3.12/site-packages/airflow/example_dags/example_dataset_alias_with_no_taskflow.py for tasks to queue
[2026-09-17T21:08:34.764+0200] {logging_mixin.py:190} INFO - [2026-09-17T21:08:34.764+0200] {dagbag.py:588} INFO - Filling up the DagBag from /Users/swarnalidatta/Desktop/AutoQueryChatbot/.airflow-venv/lib/python3.12/site-packages/airflow/example_dags/example_dataset_alias_with_no_taskflow.py
[2026-09-17T21:08:34.806+0200] {processor.py:925} INFO - DAG(s) 'dataset_alias_example_alias_producer_with_no_taskflow', 'dataset_s3_bucket_producer_with_no_taskflow', 'dataset_s3_bucket_consumer_with_no_taskflow', 'dataset_alias_example_alias_consumer_with_no_taskflow' retrieved from /Users/swarnalidatta/Desktop/AutoQueryChatbot/.airflow-venv/lib/python3.12/site-packages/airflow/example_dags/example_dataset_alias_with_no_taskflow.py
[2026-09-17T21:08:34.833+0200] {logging_mixin.py:190} INFO - [2026-09-17T21:08:34.833+0200] {dag.py:3239} INFO - Sync 4 DAGs
[2026-09-17T21:08:34.838+0200] {logging_mixin.py:190} INFO - [2026-09-17T21:08:34.838+0200] {dag.py:4180} INFO - Setting next_dagrun for dataset_alias_example_alias_consumer_with_no_taskflow to None, run_after=None
[2026-09-17T21:08:34.838+0200] {logging_mixin.py:190} INFO - [2026-09-17T21:08:34.838+0200] {dag.py:4180} INFO - Setting next_dagrun for dataset_alias_example_alias_producer_with_no_taskflow to None, run_after=None
[2026-09-17T21:08:34.839+0200] {logging_mixin.py:190} INFO - [2026-09-17T21:08:34.839+0200] {dag.py:4180} INFO - Setting next_dagrun for dataset_s3_bucket_consumer_with_no_taskflow to None, run_after=None
[2026-09-17T21:08:34.839+0200] {logging_mixin.py:190} INFO - [2026-09-17T21:08:34.839+0200] {dag.py:4180} INFO - Setting next_dagrun for dataset_s3_bucket_producer_with_no_taskflow to None, run_after=None
[2026-09-17T21:08:34.844+0200] {processor.py:208} INFO - Processing /Users/swarnalidatta/Desktop/AutoQueryChatbot/.airflow-venv/lib/python3.12/site-packages/airflow/example_dags/example_dataset_alias_with_no_taskflow.py took 0.082 seconds
[2026-09-17T21:10:53.674+0200] {processor.py:186} INFO - Started process (PID=90313) to work on /Users/swarnalidatta/Desktop/AutoQueryChatbot/.airflow-venv/lib/python3.12/site-packages/airflow/example_dags/example_dataset_alias_with_no_taskflow.py
[2026-09-17T21:10:53.675+0200] {processor.py:914} INFO - Processing file /Users/swarnalidatta/Desktop/AutoQueryChatbot/.airflow-venv/lib/python3.12/site-packages/airflow/example_dags/example_dataset_alias_with_no_taskflow.py for tasks to queue
[2026-09-17T21:10:53.675+0200] {logging_mixin.py:190} INFO - [2026-09-17T21:10:53.675+0200] {dagbag.py:588} INFO - Filling up the DagBag from /Users/swarnalidatta/Desktop/AutoQueryChatbot/.airflow-venv/lib/python3.12/site-packages/airflow/example_dags/example_dataset_alias_with_no_taskflow.py
[2026-09-17T21:10:53.717+0200] {processor.py:925} INFO - DAG(s) 'dataset_alias_example_alias_consumer_with_no_taskflow', 'dataset_alias_example_alias_producer_with_no_taskflow', 'dataset_s3_bucket_producer_with_no_taskflow', 'dataset_s3_bucket_consumer_with_no_taskflow' retrieved from /Users/swarnalidatta/Desktop/AutoQueryChatbot/.airflow-venv/lib/python3.12/site-packages/airflow/example_dags/example_dataset_alias_with_no_taskflow.py
[2026-09-17T21:10:53.744+0200] {logging_mixin.py:190} INFO - [2026-09-17T21:10:53.744+0200] {dag.py:3239} INFO - Sync 4 DAGs
[2026-09-17T21:10:53.749+0200] {logging_mixin.py:190} INFO - [2026-09-17T21:10:53.749+0200] {dag.py:4180} INFO - Setting next_dagrun for dataset_alias_example_alias_consumer_with_no_taskflow to None, run_after=None
[2026-09-17T21:10:53.750+0200] {logging_mixin.py:190} INFO - [2026-09-17T21:10:53.750+0200] {dag.py:4180} INFO - Setting next_dagrun for dataset_alias_example_alias_producer_with_no_taskflow to None, run_after=None
[2026-09-17T21:10:53.750+0200] {logging_mixin.py:190} INFO - [2026-09-17T21:10:53.750+0200] {dag.py:4180} INFO - Setting next_dagrun for dataset_s3_bucket_consumer_with_no_taskflow to None, run_after=None
[2026-09-17T21:10:53.750+0200] {logging_mixin.py:190} INFO - [2026-09-17T21:10:53.750+0200] {dag.py:4180} INFO - Setting next_dagrun for dataset_s3_bucket_producer_with_no_taskflow to None, run_after=None
[2026-09-17T21:10:53.756+0200] {processor.py:208} INFO - Processing /Users/swarnalidatta/Desktop/AutoQueryChatbot/.airflow-venv/lib/python3.12/site-packages/airflow/example_dags/example_dataset_alias_with_no_taskflow.py took 0.083 seconds
[2026-09-17T21:13:22.031+0200] {processor.py:186} INFO - Started process (PID=90890) to work on /Users/swarnalidatta/Desktop/AutoQueryChatbot/.airflow-venv/lib/python3.12/site-packages/airflow/example_dags/example_dataset_alias_with_no_taskflow.py
[2026-09-17T21:13:22.031+0200] {processor.py:914} INFO - Processing file /Users/swarnalidatta/Desktop/AutoQueryChatbot/.airflow-venv/lib/python3.12/site-packages/airflow/example_dags/example_dataset_alias_with_no_taskflow.py for tasks to queue
[2026-09-17T21:13:22.032+0200] {logging_mixin.py:190} INFO - [2026-09-17T21:13:22.031+0200] {dagbag.py:588} INFO - Filling up the DagBag from /Users/swarnalidatta/Desktop/AutoQueryChatbot/.airflow-venv/lib/python3.12/site-packages/airflow/example_dags/example_dataset_alias_with_no_taskflow.py
[2026-09-17T21:13:22.081+0200] {processor.py:925} INFO - DAG(s) 'dataset_s3_bucket_consumer_with_no_taskflow', 'dataset_alias_example_alias_consumer_with_no_taskflow', 'dataset_s3_bucket_producer_with_no_taskflow', 'dataset_alias_example_alias_producer_with_no_taskflow' retrieved from /Users/swarnalidatta/Desktop/AutoQueryChatbot/.airflow-venv/lib/python3.12/site-packages/airflow/example_dags/example_dataset_alias_with_no_taskflow.py
[2026-09-17T21:13:22.120+0200] {logging_mixin.py:190} INFO - [2026-09-17T21:13:22.120+0200] {dag.py:3239} INFO - Sync 4 DAGs
[2026-09-17T21:13:22.125+0200] {logging_mixin.py:190} INFO - [2026-09-17T21:13:22.125+0200] {dag.py:4180} INFO - Setting next_dagrun for dataset_alias_example_alias_consumer_with_no_taskflow to None, run_after=None
[2026-09-17T21:13:22.126+0200] {logging_mixin.py:190} INFO - [2026-09-17T21:13:22.126+0200] {dag.py:4180} INFO - Setting next_dagrun for dataset_alias_example_alias_producer_with_no_taskflow to None, run_after=None
[2026-09-17T21:13:22.126+0200] {logging_mixin.py:190} INFO - [2026-09-17T21:13:22.126+0200] {dag.py:4180} INFO - Setting next_dagrun for dataset_s3_bucket_consumer_with_no_taskflow to None, run_after=None
[2026-09-17T21:13:22.126+0200] {logging_mixin.py:190} INFO - [2026-09-17T21:13:22.126+0200] {dag.py:4180} INFO - Setting next_dagrun for dataset_s3_bucket_producer_with_no_taskflow to None, run_after=None
[2026-09-17T21:13:22.132+0200] {processor.py:208} INFO - Processing /Users/swarnalidatta/Desktop/AutoQueryChatbot/.airflow-venv/lib/python3.12/site-packages/airflow/example_dags/example_dataset_alias_with_no_taskflow.py took 0.103 seconds
[2026-09-17T21:15:53.889+0200] {processor.py:186} INFO - Started process (PID=91259) to work on /Users/swarnalidatta/Desktop/AutoQueryChatbot/.airflow-venv/lib/python3.12/site-packages/airflow/example_dags/example_dataset_alias_with_no_taskflow.py
[2026-09-17T21:15:53.889+0200] {processor.py:914} INFO - Processing file /Users/swarnalidatta/Desktop/AutoQueryChatbot/.airflow-venv/lib/python3.12/site-packages/airflow/example_dags/example_dataset_alias_with_no_taskflow.py for tasks to queue
[2026-09-17T21:15:53.889+0200] {logging_mixin.py:190} INFO - [2026-09-17T21:15:53.889+0200] {dagbag.py:588} INFO - Filling up the DagBag from /Users/swarnalidatta/Desktop/AutoQueryChatbot/.airflow-venv/lib/python3.12/site-packages/airflow/example_dags/example_dataset_alias_with_no_taskflow.py
[2026-09-17T21:15:53.933+0200] {processor.py:925} INFO - DAG(s) 'dataset_s3_bucket_consumer_with_no_taskflow', 'dataset_s3_bucket_producer_with_no_taskflow', 'dataset_alias_example_alias_consumer_with_no_taskflow', 'dataset_alias_example_alias_producer_with_no_taskflow' retrieved from /Users/swarnalidatta/Desktop/AutoQueryChatbot/.airflow-venv/lib/python3.12/site-packages/airflow/example_dags/example_dataset_alias_with_no_taskflow.py
[2026-09-17T21:15:53.963+0200] {logging_mixin.py:190} INFO - [2026-09-17T21:15:53.963+0200] {dag.py:3239} INFO - Sync 4 DAGs
[2026-09-17T21:15:53.969+0200] {logging_mixin.py:190} INFO - [2026-09-17T21:15:53.969+0200] {dag.py:4180} INFO - Setting next_dagrun for dataset_alias_example_alias_consumer_with_no_taskflow to None, run_after=None
[2026-09-17T21:15:53.969+0200] {logging_mixin.py:190} INFO - [2026-09-17T21:15:53.969+0200] {dag.py:4180} INFO - Setting next_dagrun for dataset_alias_example_alias_producer_with_no_taskflow to None, run_after=None
[2026-09-17T21:15:53.969+0200] {logging_mixin.py:190} INFO - [2026-09-17T21:15:53.969+0200] {dag.py:4180} INFO - Setting next_dagrun for dataset_s3_bucket_consumer_with_no_taskflow to None, run_after=None
[2026-09-17T21:15:53.970+0200] {logging_mixin.py:190} INFO - [2026-09-17T21:15:53.970+0200] {dag.py:4180} INFO - Setting next_dagrun for dataset_s3_bucket_producer_with_no_taskflow to None, run_after=None
[2026-09-17T21:15:53.975+0200] {processor.py:208} INFO - Processing /Users/swarnalidatta/Desktop/AutoQueryChatbot/.airflow-venv/lib/python3.12/site-packages/airflow/example_dags/example_dataset_alias_with_no_taskflow.py took 0.088 seconds
[2026-09-17T21:18:16.687+0200] {processor.py:186} INFO - Started process (PID=91613) to work on /Users/swarnalidatta/Desktop/AutoQueryChatbot/.airflow-venv/lib/python3.12/site-packages/airflow/example_dags/example_dataset_alias_with_no_taskflow.py
[2026-09-17T21:18:16.687+0200] {processor.py:914} INFO - Processing file /Users/swarnalidatta/Desktop/AutoQueryChatbot/.airflow-venv/lib/python3.12/site-packages/airflow/example_dags/example_dataset_alias_with_no_taskflow.py for tasks to queue
[2026-09-17T21:18:16.688+0200] {logging_mixin.py:190} INFO - [2026-09-17T21:18:16.687+0200] {dagbag.py:588} INFO - Filling up the DagBag from /Users/swarnalidatta/Desktop/AutoQueryChatbot/.airflow-venv/lib/python3.12/site-packages/airflow/example_dags/example_dataset_alias_with_no_taskflow.py
[2026-09-17T21:18:16.730+0200] {processor.py:925} INFO - DAG(s) 'dataset_alias_example_alias_producer_with_no_taskflow', 'dataset_alias_example_alias_consumer_with_no_taskflow', 'dataset_s3_bucket_consumer_with_no_taskflow', 'dataset_s3_bucket_producer_with_no_taskflow' retrieved from /Users/swarnalidatta/Desktop/AutoQueryChatbot/.airflow-venv/lib/python3.12/site-packages/airflow/example_dags/example_dataset_alias_with_no_taskflow.py
[2026-09-17T21:18:16.758+0200] {logging_mixin.py:190} INFO - [2026-09-17T21:18:16.757+0200] {dag.py:3239} INFO - Sync 4 DAGs
[2026-09-17T21:18:16.762+0200] {logging_mixin.py:190} INFO - [2026-09-17T21:18:16.762+0200] {dag.py:4180} INFO - Setting next_dagrun for dataset_alias_example_alias_consumer_with_no_taskflow to None, run_after=None
[2026-09-17T21:18:16.763+0200] {logging_mixin.py:190} INFO - [2026-09-17T21:18:16.763+0200] {dag.py:4180} INFO - Setting next_dagrun for dataset_alias_example_alias_producer_with_no_taskflow to None, run_after=None
[2026-09-17T21:18:16.763+0200] {logging_mixin.py:190} INFO - [2026-09-17T21:18:16.763+0200] {dag.py:4180} INFO - Setting next_dagrun for dataset_s3_bucket_consumer_with_no_taskflow to None, run_after=None
[2026-09-17T21:18:16.763+0200] {logging_mixin.py:190} INFO - [2026-09-17T21:18:16.763+0200] {dag.py:4180} INFO - Setting next_dagrun for dataset_s3_bucket_producer_with_no_taskflow to None, run_after=None
[2026-09-17T21:18:16.769+0200] {processor.py:208} INFO - Processing /Users/swarnalidatta/Desktop/AutoQueryChatbot/.airflow-venv/lib/python3.12/site-packages/airflow/example_dags/example_dataset_alias_with_no_taskflow.py took 0.083 seconds
[2026-09-17T21:20:36.397+0200] {processor.py:186} INFO - Started process (PID=92154) to work on /Users/swarnalidatta/Desktop/AutoQueryChatbot/.airflow-venv/lib/python3.12/site-packages/airflow/example_dags/example_dataset_alias_with_no_taskflow.py
[2026-09-17T21:20:36.397+0200] {processor.py:914} INFO - Processing file /Users/swarnalidatta/Desktop/AutoQueryChatbot/.airflow-venv/lib/python3.12/site-packages/airflow/example_dags/example_dataset_alias_with_no_taskflow.py for tasks to queue
[2026-09-17T21:20:36.397+0200] {logging_mixin.py:190} INFO - [2026-09-17T21:20:36.397+0200] {dagbag.py:588} INFO - Filling up the DagBag from /Users/swarnalidatta/Desktop/AutoQueryChatbot/.airflow-venv/lib/python3.12/site-packages/airflow/example_dags/example_dataset_alias_with_no_taskflow.py
[2026-09-17T21:20:36.442+0200] {processor.py:925} INFO - DAG(s) 'dataset_s3_bucket_producer_with_no_taskflow', 'dataset_s3_bucket_consumer_with_no_taskflow', 'dataset_alias_example_alias_producer_with_no_taskflow', 'dataset_alias_example_alias_consumer_with_no_taskflow' retrieved from /Users/swarnalidatta/Desktop/AutoQueryChatbot/.airflow-venv/lib/python3.12/site-packages/airflow/example_dags/example_dataset_alias_with_no_taskflow.py
[2026-09-17T21:20:36.485+0200] {logging_mixin.py:190} INFO - [2026-09-17T21:20:36.485+0200] {dag.py:3239} INFO - Sync 4 DAGs
[2026-09-17T21:20:36.491+0200] {logging_mixin.py:190} INFO - [2026-09-17T21:20:36.491+0200] {dag.py:4180} INFO - Setting next_dagrun for dataset_alias_example_alias_consumer_with_no_taskflow to None, run_after=None
[2026-09-17T21:20:36.492+0200] {logging_mixin.py:190} INFO - [2026-09-17T21:20:36.492+0200] {dag.py:4180} INFO - Setting next_dagrun for dataset_alias_example_alias_producer_with_no_taskflow to None, run_after=None
[2026-09-17T21:20:36.492+0200] {logging_mixin.py:190} INFO - [2026-09-17T21:20:36.492+0200] {dag.py:4180} INFO - Setting next_dagrun for dataset_s3_bucket_consumer_with_no_taskflow to None, run_after=None
[2026-09-17T21:20:36.492+0200] {logging_mixin.py:190} INFO - [2026-09-17T21:20:36.492+0200] {dag.py:4180} INFO - Setting next_dagrun for dataset_s3_bucket_producer_with_no_taskflow to None, run_after=None
[2026-09-17T21:20:36.499+0200] {processor.py:208} INFO - Processing /Users/swarnalidatta/Desktop/AutoQueryChatbot/.airflow-venv/lib/python3.12/site-packages/airflow/example_dags/example_dataset_alias_with_no_taskflow.py took 0.103 seconds
[2026-09-17T21:22:46.242+0200] {processor.py:186} INFO - Started process (PID=92676) to work on /Users/swarnalidatta/Desktop/AutoQueryChatbot/.airflow-venv/lib/python3.12/site-packages/airflow/example_dags/example_dataset_alias_with_no_taskflow.py
[2026-09-17T21:22:46.243+0200] {processor.py:914} INFO - Processing file /Users/swarnalidatta/Desktop/AutoQueryChatbot/.airflow-venv/lib/python3.12/site-packages/airflow/example_dags/example_dataset_alias_with_no_taskflow.py for tasks to queue
[2026-09-17T21:22:46.243+0200] {logging_mixin.py:190} INFO - [2026-09-17T21:22:46.243+0200] {dagbag.py:588} INFO - Filling up the DagBag from /Users/swarnalidatta/Desktop/AutoQueryChatbot/.airflow-venv/lib/python3.12/site-packages/airflow/example_dags/example_dataset_alias_with_no_taskflow.py
[2026-09-17T21:22:46.285+0200] {processor.py:925} INFO - DAG(s) 'dataset_s3_bucket_producer_with_no_taskflow', 'dataset_s3_bucket_consumer_with_no_taskflow', 'dataset_alias_example_alias_producer_with_no_taskflow', 'dataset_alias_example_alias_consumer_with_no_taskflow' retrieved from /Users/swarnalidatta/Desktop/AutoQueryChatbot/.airflow-venv/lib/python3.12/site-packages/airflow/example_dags/example_dataset_alias_with_no_taskflow.py
[2026-09-17T21:22:46.313+0200] {logging_mixin.py:190} INFO - [2026-09-17T21:22:46.313+0200] {dag.py:3239} INFO - Sync 4 DAGs
[2026-09-17T21:22:46.318+0200] {logging_mixin.py:190} INFO - [2026-09-17T21:22:46.318+0200] {dag.py:4180} INFO - Setting next_dagrun for dataset_alias_example_alias_consumer_with_no_taskflow to None, run_after=None
[2026-09-17T21:22:46.319+0200] {logging_mixin.py:190} INFO - [2026-09-17T21:22:46.319+0200] {dag.py:4180} INFO - Setting next_dagrun for dataset_alias_example_alias_producer_with_no_taskflow to None, run_after=None
[2026-09-17T21:22:46.319+0200] {logging_mixin.py:190} INFO - [2026-09-17T21:22:46.319+0200] {dag.py:4180} INFO - Setting next_dagrun for dataset_s3_bucket_consumer_with_no_taskflow to None, run_after=None
[2026-09-17T21:22:46.319+0200] {logging_mixin.py:190} INFO - [2026-09-17T21:22:46.319+0200] {dag.py:4180} INFO - Setting next_dagrun for dataset_s3_bucket_producer_with_no_taskflow to None, run_after=None
[2026-09-17T21:22:46.325+0200] {processor.py:208} INFO - Processing /Users/swarnalidatta/Desktop/AutoQueryChatbot/.airflow-venv/lib/python3.12/site-packages/airflow/example_dags/example_dataset_alias_with_no_taskflow.py took 0.083 seconds
[2026-09-17T21:24:49.514+0200] {processor.py:186} INFO - Started process (PID=92965) to work on /Users/swarnalidatta/Desktop/AutoQueryChatbot/.airflow-venv/lib/python3.12/site-packages/airflow/example_dags/example_dataset_alias_with_no_taskflow.py
[2026-09-17T21:24:49.515+0200] {processor.py:914} INFO - Processing file /Users/swarnalidatta/Desktop/AutoQueryChatbot/.airflow-venv/lib/python3.12/site-packages/airflow/example_dags/example_dataset_alias_with_no_taskflow.py for tasks to queue
[2026-09-17T21:24:49.515+0200] {logging_mixin.py:190} INFO - [2026-09-17T21:24:49.515+0200] {dagbag.py:588} INFO - Filling up the DagBag from /Users/swarnalidatta/Desktop/AutoQueryChatbot/.airflow-venv/lib/python3.12/site-packages/airflow/example_dags/example_dataset_alias_with_no_taskflow.py
[2026-09-17T21:24:49.558+0200] {processor.py:925} INFO - DAG(s) 'dataset_s3_bucket_consumer_with_no_taskflow', 'dataset_s3_bucket_producer_with_no_taskflow', 'dataset_alias_example_alias_consumer_with_no_taskflow', 'dataset_alias_example_alias_producer_with_no_taskflow' retrieved from /Users/swarnalidatta/Desktop/AutoQueryChatbot/.airflow-venv/lib/python3.12/site-packages/airflow/example_dags/example_dataset_alias_with_no_taskflow.py
[2026-09-17T21:24:49.588+0200] {logging_mixin.py:190} INFO - [2026-09-17T21:24:49.587+0200] {dag.py:3239} INFO - Sync 4 DAGs
[2026-09-17T21:24:49.593+0200] {logging_mixin.py:190} INFO - [2026-09-17T21:24:49.593+0200] {dag.py:4180} INFO - Setting next_dagrun for dataset_alias_example_alias_consumer_with_no_taskflow to None, run_after=None
[2026-09-17T21:24:49.593+0200] {logging_mixin.py:190} INFO - [2026-09-17T21:24:49.593+0200] {dag.py:4180} INFO - Setting next_dagrun for dataset_alias_example_alias_producer_with_no_taskflow to None, run_after=None
[2026-09-17T21:24:49.593+0200] {logging_mixin.py:190} INFO - [2026-09-17T21:24:49.593+0200] {dag.py:4180} INFO - Setting next_dagrun for dataset_s3_bucket_consumer_with_no_taskflow to None, run_after=None
[2026-09-17T21:24:49.594+0200] {logging_mixin.py:190} INFO - [2026-09-17T21:24:49.594+0200] {dag.py:4180} INFO - Setting next_dagrun for dataset_s3_bucket_producer_with_no_taskflow to None, run_after=None
[2026-09-17T21:24:49.599+0200] {processor.py:208} INFO - Processing /Users/swarnalidatta/Desktop/AutoQueryChatbot/.airflow-venv/lib/python3.12/site-packages/airflow/example_dags/example_dataset_alias_with_no_taskflow.py took 0.086 seconds
[2026-09-17T21:27:02.891+0200] {processor.py:186} INFO - Started process (PID=93269) to work on /Users/swarnalidatta/Desktop/AutoQueryChatbot/.airflow-venv/lib/python3.12/site-packages/airflow/example_dags/example_dataset_alias_with_no_taskflow.py
[2026-09-17T21:27:02.891+0200] {processor.py:914} INFO - Processing file /Users/swarnalidatta/Desktop/AutoQueryChatbot/.airflow-venv/lib/python3.12/site-packages/airflow/example_dags/example_dataset_alias_with_no_taskflow.py for tasks to queue
[2026-09-17T21:27:02.892+0200] {logging_mixin.py:190} INFO - [2026-09-17T21:27:02.891+0200] {dagbag.py:588} INFO - Filling up the DagBag from /Users/swarnalidatta/Desktop/AutoQueryChatbot/.airflow-venv/lib/python3.12/site-packages/airflow/example_dags/example_dataset_alias_with_no_taskflow.py
[2026-09-17T21:27:02.934+0200] {processor.py:925} INFO - DAG(s) 'dataset_alias_example_alias_consumer_with_no_taskflow', 'dataset_alias_example_alias_producer_with_no_taskflow', 'dataset_s3_bucket_producer_with_no_taskflow', 'dataset_s3_bucket_consumer_with_no_taskflow' retrieved from /Users/swarnalidatta/Desktop/AutoQueryChatbot/.airflow-venv/lib/python3.12/site-packages/airflow/example_dags/example_dataset_alias_with_no_taskflow.py
[2026-09-17T21:27:02.962+0200] {logging_mixin.py:190} INFO - [2026-09-17T21:27:02.962+0200] {dag.py:3239} INFO - Sync 4 DAGs
[2026-09-17T21:27:02.967+0200] {logging_mixin.py:190} INFO - [2026-09-17T21:27:02.967+0200] {dag.py:4180} INFO - Setting next_dagrun for dataset_alias_example_alias_consumer_with_no_taskflow to None, run_after=None
[2026-09-17T21:27:02.967+0200] {logging_mixin.py:190} INFO - [2026-09-17T21:27:02.967+0200] {dag.py:4180} INFO - Setting next_dagrun for dataset_alias_example_alias_producer_with_no_taskflow to None, run_after=None
[2026-09-17T21:27:02.968+0200] {logging_mixin.py:190} INFO - [2026-09-17T21:27:02.968+0200] {dag.py:4180} INFO - Setting next_dagrun for dataset_s3_bucket_consumer_with_no_taskflow to None, run_after=None
[2026-09-17T21:27:02.968+0200] {logging_mixin.py:190} INFO - [2026-09-17T21:27:02.968+0200] {dag.py:4180} INFO - Setting next_dagrun for dataset_s3_bucket_producer_with_no_taskflow to None, run_after=None
[2026-09-17T21:27:02.973+0200] {processor.py:208} INFO - Processing /Users/swarnalidatta/Desktop/AutoQueryChatbot/.airflow-venv/lib/python3.12/site-packages/airflow/example_dags/example_dataset_alias_with_no_taskflow.py took 0.084 seconds
[2026-09-17T21:29:12.209+0200] {processor.py:186} INFO - Started process (PID=93575) to work on /Users/swarnalidatta/Desktop/AutoQueryChatbot/.airflow-venv/lib/python3.12/site-packages/airflow/example_dags/example_dataset_alias_with_no_taskflow.py
[2026-09-17T21:29:12.209+0200] {processor.py:914} INFO - Processing file /Users/swarnalidatta/Desktop/AutoQueryChatbot/.airflow-venv/lib/python3.12/site-packages/airflow/example_dags/example_dataset_alias_with_no_taskflow.py for tasks to queue
[2026-09-17T21:29:12.210+0200] {logging_mixin.py:190} INFO - [2026-09-17T21:29:12.210+0200] {dagbag.py:588} INFO - Filling up the DagBag from /Users/swarnalidatta/Desktop/AutoQueryChatbot/.airflow-venv/lib/python3.12/site-packages/airflow/example_dags/example_dataset_alias_with_no_taskflow.py
[2026-09-17T21:29:12.254+0200] {processor.py:925} INFO - DAG(s) 'dataset_s3_bucket_consumer_with_no_taskflow', 'dataset_alias_example_alias_producer_with_no_taskflow', 'dataset_s3_bucket_producer_with_no_taskflow', 'dataset_alias_example_alias_consumer_with_no_taskflow' retrieved from /Users/swarnalidatta/Desktop/AutoQueryChatbot/.airflow-venv/lib/python3.12/site-packages/airflow/example_dags/example_dataset_alias_with_no_taskflow.py
[2026-09-17T21:29:12.281+0200] {logging_mixin.py:190} INFO - [2026-09-17T21:29:12.281+0200] {dag.py:3239} INFO - Sync 4 DAGs
[2026-09-17T21:29:12.286+0200] {logging_mixin.py:190} INFO - [2026-09-17T21:29:12.286+0200] {dag.py:4180} INFO - Setting next_dagrun for dataset_alias_example_alias_consumer_with_no_taskflow to None, run_after=None
[2026-09-17T21:29:12.287+0200] {logging_mixin.py:190} INFO - [2026-09-17T21:29:12.287+0200] {dag.py:4180} INFO - Setting next_dagrun for dataset_alias_example_alias_producer_with_no_taskflow to None, run_after=None
[2026-09-17T21:29:12.287+0200] {logging_mixin.py:190} INFO - [2026-09-17T21:29:12.287+0200] {dag.py:4180} INFO - Setting next_dagrun for dataset_s3_bucket_consumer_with_no_taskflow to None, run_after=None
[2026-09-17T21:29:12.287+0200] {logging_mixin.py:190} INFO - [2026-09-17T21:29:12.287+0200] {dag.py:4180} INFO - Setting next_dagrun for dataset_s3_bucket_producer_with_no_taskflow to None, run_after=None
[2026-09-17T21:29:12.293+0200] {processor.py:208} INFO - Processing /Users/swarnalidatta/Desktop/AutoQueryChatbot/.airflow-venv/lib/python3.12/site-packages/airflow/example_dags/example_dataset_alias_with_no_taskflow.py took 0.085 seconds
[2026-09-17T21:31:24.511+0200] {processor.py:186} INFO - Started process (PID=93881) to work on /Users/swarnalidatta/Desktop/AutoQueryChatbot/.airflow-venv/lib/python3.12/site-packages/airflow/example_dags/example_dataset_alias_with_no_taskflow.py
[2026-09-17T21:31:24.511+0200] {processor.py:914} INFO - Processing file /Users/swarnalidatta/Desktop/AutoQueryChatbot/.airflow-venv/lib/python3.12/site-packages/airflow/example_dags/example_dataset_alias_with_no_taskflow.py for tasks to queue
[2026-09-17T21:31:24.511+0200] {logging_mixin.py:190} INFO - [2026-09-17T21:31:24.511+0200] {dagbag.py:588} INFO - Filling up the DagBag from /Users/swarnalidatta/Desktop/AutoQueryChatbot/.airflow-venv/lib/python3.12/site-packages/airflow/example_dags/example_dataset_alias_with_no_taskflow.py
[2026-09-17T21:31:24.554+0200] {processor.py:925} INFO - DAG(s) 'dataset_s3_bucket_producer_with_no_taskflow', 'dataset_alias_example_alias_producer_with_no_taskflow', 'dataset_alias_example_alias_consumer_with_no_taskflow', 'dataset_s3_bucket_consumer_with_no_taskflow' retrieved from /Users/swarnalidatta/Desktop/AutoQueryChatbot/.airflow-venv/lib/python3.12/site-packages/airflow/example_dags/example_dataset_alias_with_no_taskflow.py
[2026-09-17T21:31:24.582+0200] {logging_mixin.py:190} INFO - [2026-09-17T21:31:24.582+0200] {dag.py:3239} INFO - Sync 4 DAGs
[2026-09-17T21:31:24.587+0200] {logging_mixin.py:190} INFO - [2026-09-17T21:31:24.587+0200] {dag.py:4180} INFO - Setting next_dagrun for dataset_alias_example_alias_consumer_with_no_taskflow to None, run_after=None
[2026-09-17T21:31:24.587+0200] {logging_mixin.py:190} INFO - [2026-09-17T21:31:24.587+0200] {dag.py:4180} INFO - Setting next_dagrun for dataset_alias_example_alias_producer_with_no_taskflow to None, run_after=None
[2026-09-17T21:31:24.587+0200] {logging_mixin.py:190} INFO - [2026-09-17T21:31:24.587+0200] {dag.py:4180} INFO - Setting next_dagrun for dataset_s3_bucket_consumer_with_no_taskflow to None, run_after=None
[2026-09-17T21:31:24.588+0200] {logging_mixin.py:190} INFO - [2026-09-17T21:31:24.588+0200] {dag.py:4180} INFO - Setting next_dagrun for dataset_s3_bucket_producer_with_no_taskflow to None, run_after=None
[2026-09-17T21:31:24.593+0200] {processor.py:208} INFO - Processing /Users/swarnalidatta/Desktop/AutoQueryChatbot/.airflow-venv/lib/python3.12/site-packages/airflow/example_dags/example_dataset_alias_with_no_taskflow.py took 0.084 seconds
[2026-09-17T21:33:37.678+0200] {processor.py:186} INFO - Started process (PID=94202) to work on /Users/swarnalidatta/Desktop/AutoQueryChatbot/.airflow-venv/lib/python3.12/site-packages/airflow/example_dags/example_dataset_alias_with_no_taskflow.py
[2026-09-17T21:33:37.678+0200] {processor.py:914} INFO - Processing file /Users/swarnalidatta/Desktop/AutoQueryChatbot/.airflow-venv/lib/python3.12/site-packages/airflow/example_dags/example_dataset_alias_with_no_taskflow.py for tasks to queue
[2026-09-17T21:33:37.679+0200] {logging_mixin.py:190} INFO - [2026-09-17T21:33:37.679+0200] {dagbag.py:588} INFO - Filling up the DagBag from /Users/swarnalidatta/Desktop/AutoQueryChatbot/.airflow-venv/lib/python3.12/site-packages/airflow/example_dags/example_dataset_alias_with_no_taskflow.py
[2026-09-17T21:33:37.721+0200] {processor.py:925} INFO - DAG(s) 'dataset_alias_example_alias_consumer_with_no_taskflow', 'dataset_s3_bucket_consumer_with_no_taskflow', 'dataset_s3_bucket_producer_with_no_taskflow', 'dataset_alias_example_alias_producer_with_no_taskflow' retrieved from /Users/swarnalidatta/Desktop/AutoQueryChatbot/.airflow-venv/lib/python3.12/site-packages/airflow/example_dags/example_dataset_alias_with_no_taskflow.py
[2026-09-17T21:33:37.750+0200] {logging_mixin.py:190} INFO - [2026-09-17T21:33:37.750+0200] {dag.py:3239} INFO - Sync 4 DAGs
[2026-09-17T21:33:37.755+0200] {logging_mixin.py:190} INFO - [2026-09-17T21:33:37.755+0200] {dag.py:4180} INFO - Setting next_dagrun for dataset_alias_example_alias_consumer_with_no_taskflow to None, run_after=None
[2026-09-17T21:33:37.756+0200] {logging_mixin.py:190} INFO - [2026-09-17T21:33:37.756+0200] {dag.py:4180} INFO - Setting next_dagrun for dataset_alias_example_alias_producer_with_no_taskflow to None, run_after=None
[2026-09-17T21:33:37.756+0200] {logging_mixin.py:190} INFO - [2026-09-17T21:33:37.756+0200] {dag.py:4180} INFO - Setting next_dagrun for dataset_s3_bucket_consumer_with_no_taskflow to None, run_after=None
[2026-09-17T21:33:37.756+0200] {logging_mixin.py:190} INFO - [2026-09-17T21:33:37.756+0200] {dag.py:4180} INFO - Setting next_dagrun for dataset_s3_bucket_producer_with_no_taskflow to None, run_after=None
[2026-09-17T21:33:37.762+0200] {processor.py:208} INFO - Processing /Users/swarnalidatta/Desktop/AutoQueryChatbot/.airflow-venv/lib/python3.12/site-packages/airflow/example_dags/example_dataset_alias_with_no_taskflow.py took 0.085 seconds
[2026-09-17T21:35:47.630+0200] {processor.py:186} INFO - Started process (PID=94505) to work on /Users/swarnalidatta/Desktop/AutoQueryChatbot/.airflow-venv/lib/python3.12/site-packages/airflow/example_dags/example_dataset_alias_with_no_taskflow.py
[2026-09-17T21:35:47.630+0200] {processor.py:914} INFO - Processing file /Users/swarnalidatta/Desktop/AutoQueryChatbot/.airflow-venv/lib/python3.12/site-packages/airflow/example_dags/example_dataset_alias_with_no_taskflow.py for tasks to queue
[2026-09-17T21:35:47.631+0200] {logging_mixin.py:190} INFO - [2026-09-17T21:35:47.631+0200] {dagbag.py:588} INFO - Filling up the DagBag from /Users/swarnalidatta/Desktop/AutoQueryChatbot/.airflow-venv/lib/python3.12/site-packages/airflow/example_dags/example_dataset_alias_with_no_taskflow.py
[2026-09-17T21:35:47.674+0200] {processor.py:925} INFO - DAG(s) 'dataset_alias_example_alias_producer_with_no_taskflow', 'dataset_alias_example_alias_consumer_with_no_taskflow', 'dataset_s3_bucket_producer_with_no_taskflow', 'dataset_s3_bucket_consumer_with_no_taskflow' retrieved from /Users/swarnalidatta/Desktop/AutoQueryChatbot/.airflow-venv/lib/python3.12/site-packages/airflow/example_dags/example_dataset_alias_with_no_taskflow.py
[2026-09-17T21:35:47.702+0200] {logging_mixin.py:190} INFO - [2026-09-17T21:35:47.702+0200] {dag.py:3239} INFO - Sync 4 DAGs
[2026-09-17T21:35:47.707+0200] {logging_mixin.py:190} INFO - [2026-09-17T21:35:47.707+0200] {dag.py:4180} INFO - Setting next_dagrun for dataset_alias_example_alias_consumer_with_no_taskflow to None, run_after=None
[2026-09-17T21:35:47.707+0200] {logging_mixin.py:190} INFO - [2026-09-17T21:35:47.707+0200] {dag.py:4180} INFO - Setting next_dagrun for dataset_alias_example_alias_producer_with_no_taskflow to None, run_after=None
[2026-09-17T21:35:47.708+0200] {logging_mixin.py:190} INFO - [2026-09-17T21:35:47.708+0200] {dag.py:4180} INFO - Setting next_dagrun for dataset_s3_bucket_consumer_with_no_taskflow to None, run_after=None
[2026-09-17T21:35:47.708+0200] {logging_mixin.py:190} INFO - [2026-09-17T21:35:47.708+0200] {dag.py:4180} INFO - Setting next_dagrun for dataset_s3_bucket_producer_with_no_taskflow to None, run_after=None
[2026-09-17T21:35:47.713+0200] {processor.py:208} INFO - Processing /Users/swarnalidatta/Desktop/AutoQueryChatbot/.airflow-venv/lib/python3.12/site-packages/airflow/example_dags/example_dataset_alias_with_no_taskflow.py took 0.085 seconds
[2026-09-17T21:37:55.426+0200] {processor.py:186} INFO - Started process (PID=94795) to work on /Users/swarnalidatta/Desktop/AutoQueryChatbot/.airflow-venv/lib/python3.12/site-packages/airflow/example_dags/example_dataset_alias_with_no_taskflow.py
[2026-09-17T21:37:55.427+0200] {processor.py:914} INFO - Processing file /Users/swarnalidatta/Desktop/AutoQueryChatbot/.airflow-venv/lib/python3.12/site-packages/airflow/example_dags/example_dataset_alias_with_no_taskflow.py for tasks to queue
[2026-09-17T21:37:55.427+0200] {logging_mixin.py:190} INFO - [2026-09-17T21:37:55.427+0200] {dagbag.py:588} INFO - Filling up the DagBag from /Users/swarnalidatta/Desktop/AutoQueryChatbot/.airflow-venv/lib/python3.12/site-packages/airflow/example_dags/example_dataset_alias_with_no_taskflow.py
[2026-09-17T21:37:55.469+0200] {processor.py:925} INFO - DAG(s) 'dataset_s3_bucket_consumer_with_no_taskflow', 'dataset_s3_bucket_producer_with_no_taskflow', 'dataset_alias_example_alias_producer_with_no_taskflow', 'dataset_alias_example_alias_consumer_with_no_taskflow' retrieved from /Users/swarnalidatta/Desktop/AutoQueryChatbot/.airflow-venv/lib/python3.12/site-packages/airflow/example_dags/example_dataset_alias_with_no_taskflow.py
[2026-09-17T21:37:55.496+0200] {logging_mixin.py:190} INFO - [2026-09-17T21:37:55.496+0200] {dag.py:3239} INFO - Sync 4 DAGs
[2026-09-17T21:37:55.501+0200] {logging_mixin.py:190} INFO - [2026-09-17T21:37:55.501+0200] {dag.py:4180} INFO - Setting next_dagrun for dataset_alias_example_alias_consumer_with_no_taskflow to None, run_after=None
[2026-09-17T21:37:55.502+0200] {logging_mixin.py:190} INFO - [2026-09-17T21:37:55.502+0200] {dag.py:4180} INFO - Setting next_dagrun for dataset_alias_example_alias_producer_with_no_taskflow to None, run_after=None
[2026-09-17T21:37:55.502+0200] {logging_mixin.py:190} INFO - [2026-09-17T21:37:55.502+0200] {dag.py:4180} INFO - Setting next_dagrun for dataset_s3_bucket_consumer_with_no_taskflow to None, run_after=None
[2026-09-17T21:37:55.502+0200] {logging_mixin.py:190} INFO - [2026-09-17T21:37:55.502+0200] {dag.py:4180} INFO - Setting next_dagrun for dataset_s3_bucket_producer_with_no_taskflow to None, run_after=None
[2026-09-17T21:37:55.508+0200] {processor.py:208} INFO - Processing /Users/swarnalidatta/Desktop/AutoQueryChatbot/.airflow-venv/lib/python3.12/site-packages/airflow/example_dags/example_dataset_alias_with_no_taskflow.py took 0.082 seconds
[2026-09-17T21:49:16.111+0200] {processor.py:186} INFO - Started process (PID=95104) to work on /Users/swarnalidatta/Desktop/AutoQueryChatbot/.airflow-venv/lib/python3.12/site-packages/airflow/example_dags/example_dataset_alias_with_no_taskflow.py
[2026-09-17T21:49:16.111+0200] {processor.py:914} INFO - Processing file /Users/swarnalidatta/Desktop/AutoQueryChatbot/.airflow-venv/lib/python3.12/site-packages/airflow/example_dags/example_dataset_alias_with_no_taskflow.py for tasks to queue
[2026-09-17T21:49:16.112+0200] {logging_mixin.py:190} INFO - [2026-09-17T21:49:16.112+0200] {dagbag.py:588} INFO - Filling up the DagBag from /Users/swarnalidatta/Desktop/AutoQueryChatbot/.airflow-venv/lib/python3.12/site-packages/airflow/example_dags/example_dataset_alias_with_no_taskflow.py
[2026-09-17T21:49:16.154+0200] {processor.py:925} INFO - DAG(s) 'dataset_s3_bucket_consumer_with_no_taskflow', 'dataset_alias_example_alias_producer_with_no_taskflow', 'dataset_s3_bucket_producer_with_no_taskflow', 'dataset_alias_example_alias_consumer_with_no_taskflow' retrieved from /Users/swarnalidatta/Desktop/AutoQueryChatbot/.airflow-venv/lib/python3.12/site-packages/airflow/example_dags/example_dataset_alias_with_no_taskflow.py
[2026-09-17T21:49:16.182+0200] {logging_mixin.py:190} INFO - [2026-09-17T21:49:16.181+0200] {dag.py:3239} INFO - Sync 4 DAGs
[2026-09-17T21:49:16.186+0200] {logging_mixin.py:190} INFO - [2026-09-17T21:49:16.186+0200] {dag.py:4180} INFO - Setting next_dagrun for dataset_alias_example_alias_consumer_with_no_taskflow to None, run_after=None
[2026-09-17T21:49:16.187+0200] {logging_mixin.py:190} INFO - [2026-09-17T21:49:16.187+0200] {dag.py:4180} INFO - Setting next_dagrun for dataset_alias_example_alias_producer_with_no_taskflow to None, run_after=None
[2026-09-17T21:49:16.187+0200] {logging_mixin.py:190} INFO - [2026-09-17T21:49:16.187+0200] {dag.py:4180} INFO - Setting next_dagrun for dataset_s3_bucket_consumer_with_no_taskflow to None, run_after=None
[2026-09-17T21:49:16.187+0200] {logging_mixin.py:190} INFO - [2026-09-17T21:49:16.187+0200] {dag.py:4180} INFO - Setting next_dagrun for dataset_s3_bucket_producer_with_no_taskflow to None, run_after=None
[2026-09-17T21:49:16.193+0200] {processor.py:208} INFO - Processing /Users/swarnalidatta/Desktop/AutoQueryChatbot/.airflow-venv/lib/python3.12/site-packages/airflow/example_dags/example_dataset_alias_with_no_taskflow.py took 0.083 seconds
[2026-09-17T21:51:24.867+0200] {processor.py:186} INFO - Started process (PID=95401) to work on /Users/swarnalidatta/Desktop/AutoQueryChatbot/.airflow-venv/lib/python3.12/site-packages/airflow/example_dags/example_dataset_alias_with_no_taskflow.py
[2026-09-17T21:51:24.867+0200] {processor.py:914} INFO - Processing file /Users/swarnalidatta/Desktop/AutoQueryChatbot/.airflow-venv/lib/python3.12/site-packages/airflow/example_dags/example_dataset_alias_with_no_taskflow.py for tasks to queue
[2026-09-17T21:51:24.867+0200] {logging_mixin.py:190} INFO - [2026-09-17T21:51:24.867+0200] {dagbag.py:588} INFO - Filling up the DagBag from /Users/swarnalidatta/Desktop/AutoQueryChatbot/.airflow-venv/lib/python3.12/site-packages/airflow/example_dags/example_dataset_alias_with_no_taskflow.py
[2026-09-17T21:51:24.910+0200] {processor.py:925} INFO - DAG(s) 'dataset_s3_bucket_consumer_with_no_taskflow', 'dataset_alias_example_alias_consumer_with_no_taskflow', 'dataset_alias_example_alias_producer_with_no_taskflow', 'dataset_s3_bucket_producer_with_no_taskflow' retrieved from /Users/swarnalidatta/Desktop/AutoQueryChatbot/.airflow-venv/lib/python3.12/site-packages/airflow/example_dags/example_dataset_alias_with_no_taskflow.py
[2026-09-17T21:51:24.937+0200] {logging_mixin.py:190} INFO - [2026-09-17T21:51:24.937+0200] {dag.py:3239} INFO - Sync 4 DAGs
[2026-09-17T21:51:24.942+0200] {logging_mixin.py:190} INFO - [2026-09-17T21:51:24.942+0200] {dag.py:4180} INFO - Setting next_dagrun for dataset_alias_example_alias_consumer_with_no_taskflow to None, run_after=None
[2026-09-17T21:51:24.943+0200] {logging_mixin.py:190} INFO - [2026-09-17T21:51:24.943+0200] {dag.py:4180} INFO - Setting next_dagrun for dataset_alias_example_alias_producer_with_no_taskflow to None, run_after=None
[2026-09-17T21:51:24.943+0200] {logging_mixin.py:190} INFO - [2026-09-17T21:51:24.943+0200] {dag.py:4180} INFO - Setting next_dagrun for dataset_s3_bucket_consumer_with_no_taskflow to None, run_after=None
[2026-09-17T21:51:24.943+0200] {logging_mixin.py:190} INFO - [2026-09-17T21:51:24.943+0200] {dag.py:4180} INFO - Setting next_dagrun for dataset_s3_bucket_producer_with_no_taskflow to None, run_after=None
[2026-09-17T21:51:24.949+0200] {processor.py:208} INFO - Processing /Users/swarnalidatta/Desktop/AutoQueryChatbot/.airflow-venv/lib/python3.12/site-packages/airflow/example_dags/example_dataset_alias_with_no_taskflow.py took 0.083 seconds
[2026-09-17T21:53:33.630+0200] {processor.py:186} INFO - Started process (PID=95692) to work on /Users/swarnalidatta/Desktop/AutoQueryChatbot/.airflow-venv/lib/python3.12/site-packages/airflow/example_dags/example_dataset_alias_with_no_taskflow.py
[2026-09-17T21:53:33.630+0200] {processor.py:914} INFO - Processing file /Users/swarnalidatta/Desktop/AutoQueryChatbot/.airflow-venv/lib/python3.12/site-packages/airflow/example_dags/example_dataset_alias_with_no_taskflow.py for tasks to queue
[2026-09-17T21:53:33.630+0200] {logging_mixin.py:190} INFO - [2026-09-17T21:53:33.630+0200] {dagbag.py:588} INFO - Filling up the DagBag from /Users/swarnalidatta/Desktop/AutoQueryChatbot/.airflow-venv/lib/python3.12/site-packages/airflow/example_dags/example_dataset_alias_with_no_taskflow.py
[2026-09-17T21:53:33.672+0200] {processor.py:925} INFO - DAG(s) 'dataset_alias_example_alias_producer_with_no_taskflow', 'dataset_alias_example_alias_consumer_with_no_taskflow', 'dataset_s3_bucket_producer_with_no_taskflow', 'dataset_s3_bucket_consumer_with_no_taskflow' retrieved from /Users/swarnalidatta/Desktop/AutoQueryChatbot/.airflow-venv/lib/python3.12/site-packages/airflow/example_dags/example_dataset_alias_with_no_taskflow.py
[2026-09-17T21:53:33.700+0200] {logging_mixin.py:190} INFO - [2026-09-17T21:53:33.699+0200] {dag.py:3239} INFO - Sync 4 DAGs
[2026-09-17T21:53:33.704+0200] {logging_mixin.py:190} INFO - [2026-09-17T21:53:33.704+0200] {dag.py:4180} INFO - Setting next_dagrun for dataset_alias_example_alias_consumer_with_no_taskflow to None, run_after=None
[2026-09-17T21:53:33.705+0200] {logging_mixin.py:190} INFO - [2026-09-17T21:53:33.705+0200] {dag.py:4180} INFO - Setting next_dagrun for dataset_alias_example_alias_producer_with_no_taskflow to None, run_after=None
[2026-09-17T21:53:33.705+0200] {logging_mixin.py:190} INFO - [2026-09-17T21:53:33.705+0200] {dag.py:4180} INFO - Setting next_dagrun for dataset_s3_bucket_consumer_with_no_taskflow to None, run_after=None
[2026-09-17T21:53:33.705+0200] {logging_mixin.py:190} INFO - [2026-09-17T21:53:33.705+0200] {dag.py:4180} INFO - Setting next_dagrun for dataset_s3_bucket_producer_with_no_taskflow to None, run_after=None
[2026-09-17T21:53:33.711+0200] {processor.py:208} INFO - Processing /Users/swarnalidatta/Desktop/AutoQueryChatbot/.airflow-venv/lib/python3.12/site-packages/airflow/example_dags/example_dataset_alias_with_no_taskflow.py took 0.082 seconds
[2026-09-17T21:55:41.824+0200] {processor.py:186} INFO - Started process (PID=95985) to work on /Users/swarnalidatta/Desktop/AutoQueryChatbot/.airflow-venv/lib/python3.12/site-packages/airflow/example_dags/example_dataset_alias_with_no_taskflow.py
[2026-09-17T21:55:41.824+0200] {processor.py:914} INFO - Processing file /Users/swarnalidatta/Desktop/AutoQueryChatbot/.airflow-venv/lib/python3.12/site-packages/airflow/example_dags/example_dataset_alias_with_no_taskflow.py for tasks to queue
[2026-09-17T21:55:41.825+0200] {logging_mixin.py:190} INFO - [2026-09-17T21:55:41.825+0200] {dagbag.py:588} INFO - Filling up the DagBag from /Users/swarnalidatta/Desktop/AutoQueryChatbot/.airflow-venv/lib/python3.12/site-packages/airflow/example_dags/example_dataset_alias_with_no_taskflow.py
[2026-09-17T21:55:41.867+0200] {processor.py:925} INFO - DAG(s) 'dataset_alias_example_alias_consumer_with_no_taskflow', 'dataset_alias_example_alias_producer_with_no_taskflow', 'dataset_s3_bucket_producer_with_no_taskflow', 'dataset_s3_bucket_consumer_with_no_taskflow' retrieved from /Users/swarnalidatta/Desktop/AutoQueryChatbot/.airflow-venv/lib/python3.12/site-packages/airflow/example_dags/example_dataset_alias_with_no_taskflow.py
[2026-09-17T21:55:41.894+0200] {logging_mixin.py:190} INFO - [2026-09-17T21:55:41.894+0200] {dag.py:3239} INFO - Sync 4 DAGs
[2026-09-17T21:55:41.899+0200] {logging_mixin.py:190} INFO - [2026-09-17T21:55:41.899+0200] {dag.py:4180} INFO - Setting next_dagrun for dataset_alias_example_alias_consumer_with_no_taskflow to None, run_after=None
[2026-09-17T21:55:41.899+0200] {logging_mixin.py:190} INFO - [2026-09-17T21:55:41.899+0200] {dag.py:4180} INFO - Setting next_dagrun for dataset_alias_example_alias_producer_with_no_taskflow to None, run_after=None
[2026-09-17T21:55:41.900+0200] {logging_mixin.py:190} INFO - [2026-09-17T21:55:41.900+0200] {dag.py:4180} INFO - Setting next_dagrun for dataset_s3_bucket_consumer_with_no_taskflow to None, run_after=None
[2026-09-17T21:55:41.900+0200] {logging_mixin.py:190} INFO - [2026-09-17T21:55:41.900+0200] {dag.py:4180} INFO - Setting next_dagrun for dataset_s3_bucket_producer_with_no_taskflow to None, run_after=None
[2026-09-17T21:55:41.905+0200] {processor.py:208} INFO - Processing /Users/swarnalidatta/Desktop/AutoQueryChatbot/.airflow-venv/lib/python3.12/site-packages/airflow/example_dags/example_dataset_alias_with_no_taskflow.py took 0.082 seconds
[2026-09-17T21:57:51.910+0200] {processor.py:186} INFO - Started process (PID=96278) to work on /Users/swarnalidatta/Desktop/AutoQueryChatbot/.airflow-venv/lib/python3.12/site-packages/airflow/example_dags/example_dataset_alias_with_no_taskflow.py
[2026-09-17T21:57:51.911+0200] {processor.py:914} INFO - Processing file /Users/swarnalidatta/Desktop/AutoQueryChatbot/.airflow-venv/lib/python3.12/site-packages/airflow/example_dags/example_dataset_alias_with_no_taskflow.py for tasks to queue
[2026-09-17T21:57:51.911+0200] {logging_mixin.py:190} INFO - [2026-09-17T21:57:51.911+0200] {dagbag.py:588} INFO - Filling up the DagBag from /Users/swarnalidatta/Desktop/AutoQueryChatbot/.airflow-venv/lib/python3.12/site-packages/airflow/example_dags/example_dataset_alias_with_no_taskflow.py
[2026-09-17T21:57:51.954+0200] {processor.py:925} INFO - DAG(s) 'dataset_alias_example_alias_producer_with_no_taskflow', 'dataset_s3_bucket_consumer_with_no_taskflow', 'dataset_alias_example_alias_consumer_with_no_taskflow', 'dataset_s3_bucket_producer_with_no_taskflow' retrieved from /Users/swarnalidatta/Desktop/AutoQueryChatbot/.airflow-venv/lib/python3.12/site-packages/airflow/example_dags/example_dataset_alias_with_no_taskflow.py
[2026-09-17T21:57:51.983+0200] {logging_mixin.py:190} INFO - [2026-09-17T21:57:51.983+0200] {dag.py:3239} INFO - Sync 4 DAGs
[2026-09-17T21:57:51.988+0200] {logging_mixin.py:190} INFO - [2026-09-17T21:57:51.988+0200] {dag.py:4180} INFO - Setting next_dagrun for dataset_alias_example_alias_consumer_with_no_taskflow to None, run_after=None
[2026-09-17T21:57:51.989+0200] {logging_mixin.py:190} INFO - [2026-09-17T21:57:51.989+0200] {dag.py:4180} INFO - Setting next_dagrun for dataset_alias_example_alias_producer_with_no_taskflow to None, run_after=None
[2026-09-17T21:57:51.989+0200] {logging_mixin.py:190} INFO - [2026-09-17T21:57:51.989+0200] {dag.py:4180} INFO - Setting next_dagrun for dataset_s3_bucket_consumer_with_no_taskflow to None, run_after=None
[2026-09-17T21:57:51.989+0200] {logging_mixin.py:190} INFO - [2026-09-17T21:57:51.989+0200] {dag.py:4180} INFO - Setting next_dagrun for dataset_s3_bucket_producer_with_no_taskflow to None, run_after=None
[2026-09-17T21:57:51.995+0200] {processor.py:208} INFO - Processing /Users/swarnalidatta/Desktop/AutoQueryChatbot/.airflow-venv/lib/python3.12/site-packages/airflow/example_dags/example_dataset_alias_with_no_taskflow.py took 0.086 seconds
[2026-09-17T22:00:00.673+0200] {processor.py:186} INFO - Started process (PID=96565) to work on /Users/swarnalidatta/Desktop/AutoQueryChatbot/.airflow-venv/lib/python3.12/site-packages/airflow/example_dags/example_dataset_alias_with_no_taskflow.py
[2026-09-17T22:00:00.674+0200] {processor.py:914} INFO - Processing file /Users/swarnalidatta/Desktop/AutoQueryChatbot/.airflow-venv/lib/python3.12/site-packages/airflow/example_dags/example_dataset_alias_with_no_taskflow.py for tasks to queue
[2026-09-17T22:00:00.674+0200] {logging_mixin.py:190} INFO - [2026-09-17T22:00:00.674+0200] {dagbag.py:588} INFO - Filling up the DagBag from /Users/swarnalidatta/Desktop/AutoQueryChatbot/.airflow-venv/lib/python3.12/site-packages/airflow/example_dags/example_dataset_alias_with_no_taskflow.py
[2026-09-17T22:00:00.716+0200] {processor.py:925} INFO - DAG(s) 'dataset_s3_bucket_producer_with_no_taskflow', 'dataset_s3_bucket_consumer_with_no_taskflow', 'dataset_alias_example_alias_consumer_with_no_taskflow', 'dataset_alias_example_alias_producer_with_no_taskflow' retrieved from /Users/swarnalidatta/Desktop/AutoQueryChatbot/.airflow-venv/lib/python3.12/site-packages/airflow/example_dags/example_dataset_alias_with_no_taskflow.py
[2026-09-17T22:00:00.744+0200] {logging_mixin.py:190} INFO - [2026-09-17T22:00:00.743+0200] {dag.py:3239} INFO - Sync 4 DAGs
[2026-09-17T22:00:00.749+0200] {logging_mixin.py:190} INFO - [2026-09-17T22:00:00.748+0200] {dag.py:4180} INFO - Setting next_dagrun for dataset_alias_example_alias_consumer_with_no_taskflow to None, run_after=None
[2026-09-17T22:00:00.749+0200] {logging_mixin.py:190} INFO - [2026-09-17T22:00:00.749+0200] {dag.py:4180} INFO - Setting next_dagrun for dataset_alias_example_alias_producer_with_no_taskflow to None, run_after=None
[2026-09-17T22:00:00.749+0200] {logging_mixin.py:190} INFO - [2026-09-17T22:00:00.749+0200] {dag.py:4180} INFO - Setting next_dagrun for dataset_s3_bucket_consumer_with_no_taskflow to None, run_after=None
[2026-09-17T22:00:00.750+0200] {logging_mixin.py:190} INFO - [2026-09-17T22:00:00.750+0200] {dag.py:4180} INFO - Setting next_dagrun for dataset_s3_bucket_producer_with_no_taskflow to None, run_after=None
[2026-09-17T22:00:00.755+0200] {processor.py:208} INFO - Processing /Users/swarnalidatta/Desktop/AutoQueryChatbot/.airflow-venv/lib/python3.12/site-packages/airflow/example_dags/example_dataset_alias_with_no_taskflow.py took 0.083 seconds
[2026-09-17T22:36:47.926+0200] {processor.py:186} INFO - Started process (PID=97006) to work on /Users/swarnalidatta/Desktop/AutoQueryChatbot/.airflow-venv/lib/python3.12/site-packages/airflow/example_dags/example_dataset_alias_with_no_taskflow.py
[2026-09-17T22:36:47.927+0200] {processor.py:914} INFO - Processing file /Users/swarnalidatta/Desktop/AutoQueryChatbot/.airflow-venv/lib/python3.12/site-packages/airflow/example_dags/example_dataset_alias_with_no_taskflow.py for tasks to queue
[2026-09-17T22:36:47.927+0200] {logging_mixin.py:190} INFO - [2026-09-17T22:36:47.927+0200] {dagbag.py:588} INFO - Filling up the DagBag from /Users/swarnalidatta/Desktop/AutoQueryChatbot/.airflow-venv/lib/python3.12/site-packages/airflow/example_dags/example_dataset_alias_with_no_taskflow.py
[2026-09-17T22:36:47.971+0200] {processor.py:925} INFO - DAG(s) 'dataset_s3_bucket_consumer_with_no_taskflow', 'dataset_alias_example_alias_consumer_with_no_taskflow', 'dataset_s3_bucket_producer_with_no_taskflow', 'dataset_alias_example_alias_producer_with_no_taskflow' retrieved from /Users/swarnalidatta/Desktop/AutoQueryChatbot/.airflow-venv/lib/python3.12/site-packages/airflow/example_dags/example_dataset_alias_with_no_taskflow.py
[2026-09-17T22:36:48.007+0200] {logging_mixin.py:190} INFO - [2026-09-17T22:36:48.007+0200] {dag.py:3239} INFO - Sync 4 DAGs
[2026-09-17T22:36:48.012+0200] {logging_mixin.py:190} INFO - [2026-09-17T22:36:48.012+0200] {dag.py:4180} INFO - Setting next_dagrun for dataset_alias_example_alias_consumer_with_no_taskflow to None, run_after=None
[2026-09-17T22:36:48.013+0200] {logging_mixin.py:190} INFO - [2026-09-17T22:36:48.013+0200] {dag.py:4180} INFO - Setting next_dagrun for dataset_alias_example_alias_producer_with_no_taskflow to None, run_after=None
[2026-09-17T22:36:48.013+0200] {logging_mixin.py:190} INFO - [2026-09-17T22:36:48.013+0200] {dag.py:4180} INFO - Setting next_dagrun for dataset_s3_bucket_consumer_with_no_taskflow to None, run_after=None
[2026-09-17T22:36:48.013+0200] {logging_mixin.py:190} INFO - [2026-09-17T22:36:48.013+0200] {dag.py:4180} INFO - Setting next_dagrun for dataset_s3_bucket_producer_with_no_taskflow to None, run_after=None
[2026-09-17T22:36:48.019+0200] {processor.py:208} INFO - Processing /Users/swarnalidatta/Desktop/AutoQueryChatbot/.airflow-venv/lib/python3.12/site-packages/airflow/example_dags/example_dataset_alias_with_no_taskflow.py took 0.094 seconds
[2026-09-17T22:39:00.425+0200] {processor.py:186} INFO - Started process (PID=97321) to work on /Users/swarnalidatta/Desktop/AutoQueryChatbot/.airflow-venv/lib/python3.12/site-packages/airflow/example_dags/example_dataset_alias_with_no_taskflow.py
[2026-09-17T22:39:00.426+0200] {processor.py:914} INFO - Processing file /Users/swarnalidatta/Desktop/AutoQueryChatbot/.airflow-venv/lib/python3.12/site-packages/airflow/example_dags/example_dataset_alias_with_no_taskflow.py for tasks to queue
[2026-09-17T22:39:00.426+0200] {logging_mixin.py:190} INFO - [2026-09-17T22:39:00.426+0200] {dagbag.py:588} INFO - Filling up the DagBag from /Users/swarnalidatta/Desktop/AutoQueryChatbot/.airflow-venv/lib/python3.12/site-packages/airflow/example_dags/example_dataset_alias_with_no_taskflow.py
[2026-09-17T22:39:00.467+0200] {processor.py:925} INFO - DAG(s) 'dataset_s3_bucket_consumer_with_no_taskflow', 'dataset_s3_bucket_producer_with_no_taskflow', 'dataset_alias_example_alias_producer_with_no_taskflow', 'dataset_alias_example_alias_consumer_with_no_taskflow' retrieved from /Users/swarnalidatta/Desktop/AutoQueryChatbot/.airflow-venv/lib/python3.12/site-packages/airflow/example_dags/example_dataset_alias_with_no_taskflow.py
[2026-09-17T22:39:00.495+0200] {logging_mixin.py:190} INFO - [2026-09-17T22:39:00.495+0200] {dag.py:3239} INFO - Sync 4 DAGs
[2026-09-17T22:39:00.500+0200] {logging_mixin.py:190} INFO - [2026-09-17T22:39:00.500+0200] {dag.py:4180} INFO - Setting next_dagrun for dataset_alias_example_alias_consumer_with_no_taskflow to None, run_after=None
[2026-09-17T22:39:00.500+0200] {logging_mixin.py:190} INFO - [2026-09-17T22:39:00.500+0200] {dag.py:4180} INFO - Setting next_dagrun for dataset_alias_example_alias_producer_with_no_taskflow to None, run_after=None
[2026-09-17T22:39:00.501+0200] {logging_mixin.py:190} INFO - [2026-09-17T22:39:00.500+0200] {dag.py:4180} INFO - Setting next_dagrun for dataset_s3_bucket_consumer_with_no_taskflow to None, run_after=None
[2026-09-17T22:39:00.501+0200] {logging_mixin.py:190} INFO - [2026-09-17T22:39:00.501+0200] {dag.py:4180} INFO - Setting next_dagrun for dataset_s3_bucket_producer_with_no_taskflow to None, run_after=None
[2026-09-17T22:39:00.506+0200] {processor.py:208} INFO - Processing /Users/swarnalidatta/Desktop/AutoQueryChatbot/.airflow-venv/lib/python3.12/site-packages/airflow/example_dags/example_dataset_alias_with_no_taskflow.py took 0.082 seconds
[2026-09-17T22:41:13.302+0200] {processor.py:186} INFO - Started process (PID=97619) to work on /Users/swarnalidatta/Desktop/AutoQueryChatbot/.airflow-venv/lib/python3.12/site-packages/airflow/example_dags/example_dataset_alias_with_no_taskflow.py
[2026-09-17T22:41:13.302+0200] {processor.py:914} INFO - Processing file /Users/swarnalidatta/Desktop/AutoQueryChatbot/.airflow-venv/lib/python3.12/site-packages/airflow/example_dags/example_dataset_alias_with_no_taskflow.py for tasks to queue
[2026-09-17T22:41:13.302+0200] {logging_mixin.py:190} INFO - [2026-09-17T22:41:13.302+0200] {dagbag.py:588} INFO - Filling up the DagBag from /Users/swarnalidatta/Desktop/AutoQueryChatbot/.airflow-venv/lib/python3.12/site-packages/airflow/example_dags/example_dataset_alias_with_no_taskflow.py
[2026-09-17T22:41:13.344+0200] {processor.py:925} INFO - DAG(s) 'dataset_alias_example_alias_consumer_with_no_taskflow', 'dataset_s3_bucket_consumer_with_no_taskflow', 'dataset_alias_example_alias_producer_with_no_taskflow', 'dataset_s3_bucket_producer_with_no_taskflow' retrieved from /Users/swarnalidatta/Desktop/AutoQueryChatbot/.airflow-venv/lib/python3.12/site-packages/airflow/example_dags/example_dataset_alias_with_no_taskflow.py
[2026-09-17T22:41:13.371+0200] {logging_mixin.py:190} INFO - [2026-09-17T22:41:13.371+0200] {dag.py:3239} INFO - Sync 4 DAGs
[2026-09-17T22:41:13.376+0200] {logging_mixin.py:190} INFO - [2026-09-17T22:41:13.375+0200] {dag.py:4180} INFO - Setting next_dagrun for dataset_alias_example_alias_consumer_with_no_taskflow to None, run_after=None
[2026-09-17T22:41:13.376+0200] {logging_mixin.py:190} INFO - [2026-09-17T22:41:13.376+0200] {dag.py:4180} INFO - Setting next_dagrun for dataset_alias_example_alias_producer_with_no_taskflow to None, run_after=None
[2026-09-17T22:41:13.376+0200] {logging_mixin.py:190} INFO - [2026-09-17T22:41:13.376+0200] {dag.py:4180} INFO - Setting next_dagrun for dataset_s3_bucket_consumer_with_no_taskflow to None, run_after=None
[2026-09-17T22:41:13.377+0200] {logging_mixin.py:190} INFO - [2026-09-17T22:41:13.376+0200] {dag.py:4180} INFO - Setting next_dagrun for dataset_s3_bucket_producer_with_no_taskflow to None, run_after=None
[2026-09-17T22:41:13.382+0200] {processor.py:208} INFO - Processing /Users/swarnalidatta/Desktop/AutoQueryChatbot/.airflow-venv/lib/python3.12/site-packages/airflow/example_dags/example_dataset_alias_with_no_taskflow.py took 0.081 seconds
[2026-09-17T22:43:23.059+0200] {processor.py:186} INFO - Started process (PID=97926) to work on /Users/swarnalidatta/Desktop/AutoQueryChatbot/.airflow-venv/lib/python3.12/site-packages/airflow/example_dags/example_dataset_alias_with_no_taskflow.py
[2026-09-17T22:43:23.059+0200] {processor.py:914} INFO - Processing file /Users/swarnalidatta/Desktop/AutoQueryChatbot/.airflow-venv/lib/python3.12/site-packages/airflow/example_dags/example_dataset_alias_with_no_taskflow.py for tasks to queue
[2026-09-17T22:43:23.059+0200] {logging_mixin.py:190} INFO - [2026-09-17T22:43:23.059+0200] {dagbag.py:588} INFO - Filling up the DagBag from /Users/swarnalidatta/Desktop/AutoQueryChatbot/.airflow-venv/lib/python3.12/site-packages/airflow/example_dags/example_dataset_alias_with_no_taskflow.py
[2026-09-17T22:43:23.101+0200] {processor.py:925} INFO - DAG(s) 'dataset_alias_example_alias_consumer_with_no_taskflow', 'dataset_s3_bucket_consumer_with_no_taskflow', 'dataset_s3_bucket_producer_with_no_taskflow', 'dataset_alias_example_alias_producer_with_no_taskflow' retrieved from /Users/swarnalidatta/Desktop/AutoQueryChatbot/.airflow-venv/lib/python3.12/site-packages/airflow/example_dags/example_dataset_alias_with_no_taskflow.py
[2026-09-17T22:43:23.127+0200] {logging_mixin.py:190} INFO - [2026-09-17T22:43:23.127+0200] {dag.py:3239} INFO - Sync 4 DAGs
[2026-09-17T22:43:23.132+0200] {logging_mixin.py:190} INFO - [2026-09-17T22:43:23.132+0200] {dag.py:4180} INFO - Setting next_dagrun for dataset_alias_example_alias_consumer_with_no_taskflow to None, run_after=None
[2026-09-17T22:43:23.133+0200] {logging_mixin.py:190} INFO - [2026-09-17T22:43:23.133+0200] {dag.py:4180} INFO - Setting next_dagrun for dataset_alias_example_alias_producer_with_no_taskflow to None, run_after=None
[2026-09-17T22:43:23.133+0200] {logging_mixin.py:190} INFO - [2026-09-17T22:43:23.133+0200] {dag.py:4180} INFO - Setting next_dagrun for dataset_s3_bucket_consumer_with_no_taskflow to None, run_after=None
[2026-09-17T22:43:23.133+0200] {logging_mixin.py:190} INFO - [2026-09-17T22:43:23.133+0200] {dag.py:4180} INFO - Setting next_dagrun for dataset_s3_bucket_producer_with_no_taskflow to None, run_after=None
[2026-09-17T22:43:23.138+0200] {processor.py:208} INFO - Processing /Users/swarnalidatta/Desktop/AutoQueryChatbot/.airflow-venv/lib/python3.12/site-packages/airflow/example_dags/example_dataset_alias_with_no_taskflow.py took 0.081 seconds
[2026-09-17T23:16:31.340+0200] {processor.py:186} INFO - Started process (PID=98162) to work on /Users/swarnalidatta/Desktop/AutoQueryChatbot/.airflow-venv/lib/python3.12/site-packages/airflow/example_dags/example_dataset_alias_with_no_taskflow.py
[2026-09-17T23:16:31.341+0200] {processor.py:914} INFO - Processing file /Users/swarnalidatta/Desktop/AutoQueryChatbot/.airflow-venv/lib/python3.12/site-packages/airflow/example_dags/example_dataset_alias_with_no_taskflow.py for tasks to queue
[2026-09-17T23:16:31.341+0200] {logging_mixin.py:190} INFO - [2026-09-17T23:16:31.341+0200] {dagbag.py:588} INFO - Filling up the DagBag from /Users/swarnalidatta/Desktop/AutoQueryChatbot/.airflow-venv/lib/python3.12/site-packages/airflow/example_dags/example_dataset_alias_with_no_taskflow.py
[2026-09-17T23:16:31.382+0200] {processor.py:925} INFO - DAG(s) 'dataset_alias_example_alias_consumer_with_no_taskflow', 'dataset_alias_example_alias_producer_with_no_taskflow', 'dataset_s3_bucket_consumer_with_no_taskflow', 'dataset_s3_bucket_producer_with_no_taskflow' retrieved from /Users/swarnalidatta/Desktop/AutoQueryChatbot/.airflow-venv/lib/python3.12/site-packages/airflow/example_dags/example_dataset_alias_with_no_taskflow.py
[2026-09-17T23:16:31.409+0200] {logging_mixin.py:190} INFO - [2026-09-17T23:16:31.408+0200] {dag.py:3239} INFO - Sync 4 DAGs
[2026-09-17T23:16:31.413+0200] {logging_mixin.py:190} INFO - [2026-09-17T23:16:31.413+0200] {dag.py:4180} INFO - Setting next_dagrun for dataset_alias_example_alias_consumer_with_no_taskflow to None, run_after=None
[2026-09-17T23:16:31.414+0200] {logging_mixin.py:190} INFO - [2026-09-17T23:16:31.414+0200] {dag.py:4180} INFO - Setting next_dagrun for dataset_alias_example_alias_producer_with_no_taskflow to None, run_after=None
[2026-09-17T23:16:31.414+0200] {logging_mixin.py:190} INFO - [2026-09-17T23:16:31.414+0200] {dag.py:4180} INFO - Setting next_dagrun for dataset_s3_bucket_consumer_with_no_taskflow to None, run_after=None
[2026-09-17T23:16:31.414+0200] {logging_mixin.py:190} INFO - [2026-09-17T23:16:31.414+0200] {dag.py:4180} INFO - Setting next_dagrun for dataset_s3_bucket_producer_with_no_taskflow to None, run_after=None
[2026-09-17T23:16:31.419+0200] {processor.py:208} INFO - Processing /Users/swarnalidatta/Desktop/AutoQueryChatbot/.airflow-venv/lib/python3.12/site-packages/airflow/example_dags/example_dataset_alias_with_no_taskflow.py took 0.080 seconds
[2026-09-18T00:00:28.594+0200] {processor.py:186} INFO - Started process (PID=98573) to work on /Users/swarnalidatta/Desktop/AutoQueryChatbot/.airflow-venv/lib/python3.12/site-packages/airflow/example_dags/example_dataset_alias_with_no_taskflow.py
[2026-09-18T00:00:28.594+0200] {processor.py:914} INFO - Processing file /Users/swarnalidatta/Desktop/AutoQueryChatbot/.airflow-venv/lib/python3.12/site-packages/airflow/example_dags/example_dataset_alias_with_no_taskflow.py for tasks to queue
[2026-09-18T00:00:28.594+0200] {logging_mixin.py:190} INFO - [2026-09-18T00:00:28.594+0200] {dagbag.py:588} INFO - Filling up the DagBag from /Users/swarnalidatta/Desktop/AutoQueryChatbot/.airflow-venv/lib/python3.12/site-packages/airflow/example_dags/example_dataset_alias_with_no_taskflow.py
[2026-09-18T00:00:28.634+0200] {processor.py:925} INFO - DAG(s) 'dataset_s3_bucket_producer_with_no_taskflow', 'dataset_s3_bucket_consumer_with_no_taskflow', 'dataset_alias_example_alias_consumer_with_no_taskflow', 'dataset_alias_example_alias_producer_with_no_taskflow' retrieved from /Users/swarnalidatta/Desktop/AutoQueryChatbot/.airflow-venv/lib/python3.12/site-packages/airflow/example_dags/example_dataset_alias_with_no_taskflow.py
[2026-09-18T00:00:28.661+0200] {logging_mixin.py:190} INFO - [2026-09-18T00:00:28.661+0200] {dag.py:3239} INFO - Sync 4 DAGs
[2026-09-18T00:00:28.665+0200] {logging_mixin.py:190} INFO - [2026-09-18T00:00:28.665+0200] {dag.py:4180} INFO - Setting next_dagrun for dataset_alias_example_alias_consumer_with_no_taskflow to None, run_after=None
[2026-09-18T00:00:28.666+0200] {logging_mixin.py:190} INFO - [2026-09-18T00:00:28.666+0200] {dag.py:4180} INFO - Setting next_dagrun for dataset_alias_example_alias_producer_with_no_taskflow to None, run_after=None
[2026-09-18T00:00:28.666+0200] {logging_mixin.py:190} INFO - [2026-09-18T00:00:28.666+0200] {dag.py:4180} INFO - Setting next_dagrun for dataset_s3_bucket_consumer_with_no_taskflow to None, run_after=None
[2026-09-18T00:00:28.666+0200] {logging_mixin.py:190} INFO - [2026-09-18T00:00:28.666+0200] {dag.py:4180} INFO - Setting next_dagrun for dataset_s3_bucket_producer_with_no_taskflow to None, run_after=None
[2026-09-18T00:00:28.672+0200] {processor.py:208} INFO - Processing /Users/swarnalidatta/Desktop/AutoQueryChatbot/.airflow-venv/lib/python3.12/site-packages/airflow/example_dags/example_dataset_alias_with_no_taskflow.py took 0.079 seconds
[2026-09-18T00:25:56.369+0200] {processor.py:186} INFO - Started process (PID=98975) to work on /Users/swarnalidatta/Desktop/AutoQueryChatbot/.airflow-venv/lib/python3.12/site-packages/airflow/example_dags/example_dataset_alias_with_no_taskflow.py
[2026-09-18T00:25:56.370+0200] {processor.py:914} INFO - Processing file /Users/swarnalidatta/Desktop/AutoQueryChatbot/.airflow-venv/lib/python3.12/site-packages/airflow/example_dags/example_dataset_alias_with_no_taskflow.py for tasks to queue
[2026-09-18T00:25:56.370+0200] {logging_mixin.py:190} INFO - [2026-09-18T00:25:56.370+0200] {dagbag.py:588} INFO - Filling up the DagBag from /Users/swarnalidatta/Desktop/AutoQueryChatbot/.airflow-venv/lib/python3.12/site-packages/airflow/example_dags/example_dataset_alias_with_no_taskflow.py
[2026-09-18T00:25:56.411+0200] {processor.py:925} INFO - DAG(s) 'dataset_s3_bucket_producer_with_no_taskflow', 'dataset_alias_example_alias_consumer_with_no_taskflow', 'dataset_alias_example_alias_producer_with_no_taskflow', 'dataset_s3_bucket_consumer_with_no_taskflow' retrieved from /Users/swarnalidatta/Desktop/AutoQueryChatbot/.airflow-venv/lib/python3.12/site-packages/airflow/example_dags/example_dataset_alias_with_no_taskflow.py
[2026-09-18T00:25:56.438+0200] {logging_mixin.py:190} INFO - [2026-09-18T00:25:56.438+0200] {dag.py:3239} INFO - Sync 4 DAGs
[2026-09-18T00:25:56.443+0200] {logging_mixin.py:190} INFO - [2026-09-18T00:25:56.443+0200] {dag.py:4180} INFO - Setting next_dagrun for dataset_alias_example_alias_consumer_with_no_taskflow to None, run_after=None
[2026-09-18T00:25:56.443+0200] {logging_mixin.py:190} INFO - [2026-09-18T00:25:56.443+0200] {dag.py:4180} INFO - Setting next_dagrun for dataset_alias_example_alias_producer_with_no_taskflow to None, run_after=None
[2026-09-18T00:25:56.444+0200] {logging_mixin.py:190} INFO - [2026-09-18T00:25:56.444+0200] {dag.py:4180} INFO - Setting next_dagrun for dataset_s3_bucket_consumer_with_no_taskflow to None, run_after=None
[2026-09-18T00:25:56.444+0200] {logging_mixin.py:190} INFO - [2026-09-18T00:25:56.444+0200] {dag.py:4180} INFO - Setting next_dagrun for dataset_s3_bucket_producer_with_no_taskflow to None, run_after=None
[2026-09-18T00:25:56.449+0200] {processor.py:208} INFO - Processing /Users/swarnalidatta/Desktop/AutoQueryChatbot/.airflow-venv/lib/python3.12/site-packages/airflow/example_dags/example_dataset_alias_with_no_taskflow.py took 0.081 seconds
[2026-09-18T00:36:08.822+0200] {processor.py:186} INFO - Started process (PID=99296) to work on /Users/swarnalidatta/Desktop/AutoQueryChatbot/.airflow-venv/lib/python3.12/site-packages/airflow/example_dags/example_dataset_alias_with_no_taskflow.py
[2026-09-18T00:36:08.823+0200] {processor.py:914} INFO - Processing file /Users/swarnalidatta/Desktop/AutoQueryChatbot/.airflow-venv/lib/python3.12/site-packages/airflow/example_dags/example_dataset_alias_with_no_taskflow.py for tasks to queue
[2026-09-18T00:36:08.823+0200] {logging_mixin.py:190} INFO - [2026-09-18T00:36:08.823+0200] {dagbag.py:588} INFO - Filling up the DagBag from /Users/swarnalidatta/Desktop/AutoQueryChatbot/.airflow-venv/lib/python3.12/site-packages/airflow/example_dags/example_dataset_alias_with_no_taskflow.py
[2026-09-18T00:36:08.864+0200] {processor.py:925} INFO - DAG(s) 'dataset_alias_example_alias_consumer_with_no_taskflow', 'dataset_alias_example_alias_producer_with_no_taskflow', 'dataset_s3_bucket_producer_with_no_taskflow', 'dataset_s3_bucket_consumer_with_no_taskflow' retrieved from /Users/swarnalidatta/Desktop/AutoQueryChatbot/.airflow-venv/lib/python3.12/site-packages/airflow/example_dags/example_dataset_alias_with_no_taskflow.py
[2026-09-18T00:36:08.890+0200] {logging_mixin.py:190} INFO - [2026-09-18T00:36:08.890+0200] {dag.py:3239} INFO - Sync 4 DAGs
[2026-09-18T00:36:08.895+0200] {logging_mixin.py:190} INFO - [2026-09-18T00:36:08.895+0200] {dag.py:4180} INFO - Setting next_dagrun for dataset_alias_example_alias_consumer_with_no_taskflow to None, run_after=None
[2026-09-18T00:36:08.895+0200] {logging_mixin.py:190} INFO - [2026-09-18T00:36:08.895+0200] {dag.py:4180} INFO - Setting next_dagrun for dataset_alias_example_alias_producer_with_no_taskflow to None, run_after=None
[2026-09-18T00:36:08.896+0200] {logging_mixin.py:190} INFO - [2026-09-18T00:36:08.895+0200] {dag.py:4180} INFO - Setting next_dagrun for dataset_s3_bucket_consumer_with_no_taskflow to None, run_after=None
[2026-09-18T00:36:08.896+0200] {logging_mixin.py:190} INFO - [2026-09-18T00:36:08.896+0200] {dag.py:4180} INFO - Setting next_dagrun for dataset_s3_bucket_producer_with_no_taskflow to None, run_after=None
[2026-09-18T00:36:08.901+0200] {processor.py:208} INFO - Processing /Users/swarnalidatta/Desktop/AutoQueryChatbot/.airflow-venv/lib/python3.12/site-packages/airflow/example_dags/example_dataset_alias_with_no_taskflow.py took 0.080 seconds
[2026-09-18T00:45:57.454+0200] {processor.py:186} INFO - Started process (PID=99640) to work on /Users/swarnalidatta/Desktop/AutoQueryChatbot/.airflow-venv/lib/python3.12/site-packages/airflow/example_dags/example_dataset_alias_with_no_taskflow.py
[2026-09-18T00:45:57.455+0200] {processor.py:914} INFO - Processing file /Users/swarnalidatta/Desktop/AutoQueryChatbot/.airflow-venv/lib/python3.12/site-packages/airflow/example_dags/example_dataset_alias_with_no_taskflow.py for tasks to queue
[2026-09-18T00:45:57.455+0200] {logging_mixin.py:190} INFO - [2026-09-18T00:45:57.455+0200] {dagbag.py:588} INFO - Filling up the DagBag from /Users/swarnalidatta/Desktop/AutoQueryChatbot/.airflow-venv/lib/python3.12/site-packages/airflow/example_dags/example_dataset_alias_with_no_taskflow.py
[2026-09-18T00:45:57.496+0200] {processor.py:925} INFO - DAG(s) 'dataset_alias_example_alias_producer_with_no_taskflow', 'dataset_alias_example_alias_consumer_with_no_taskflow', 'dataset_s3_bucket_consumer_with_no_taskflow', 'dataset_s3_bucket_producer_with_no_taskflow' retrieved from /Users/swarnalidatta/Desktop/AutoQueryChatbot/.airflow-venv/lib/python3.12/site-packages/airflow/example_dags/example_dataset_alias_with_no_taskflow.py
[2026-09-18T00:45:57.524+0200] {logging_mixin.py:190} INFO - [2026-09-18T00:45:57.523+0200] {dag.py:3239} INFO - Sync 4 DAGs
[2026-09-18T00:45:57.528+0200] {logging_mixin.py:190} INFO - [2026-09-18T00:45:57.528+0200] {dag.py:4180} INFO - Setting next_dagrun for dataset_alias_example_alias_consumer_with_no_taskflow to None, run_after=None
[2026-09-18T00:45:57.529+0200] {logging_mixin.py:190} INFO - [2026-09-18T00:45:57.529+0200] {dag.py:4180} INFO - Setting next_dagrun for dataset_alias_example_alias_producer_with_no_taskflow to None, run_after=None
[2026-09-18T00:45:57.529+0200] {logging_mixin.py:190} INFO - [2026-09-18T00:45:57.529+0200] {dag.py:4180} INFO - Setting next_dagrun for dataset_s3_bucket_consumer_with_no_taskflow to None, run_after=None
[2026-09-18T00:45:57.529+0200] {logging_mixin.py:190} INFO - [2026-09-18T00:45:57.529+0200] {dag.py:4180} INFO - Setting next_dagrun for dataset_s3_bucket_producer_with_no_taskflow to None, run_after=None
[2026-09-18T00:45:57.535+0200] {processor.py:208} INFO - Processing /Users/swarnalidatta/Desktop/AutoQueryChatbot/.airflow-venv/lib/python3.12/site-packages/airflow/example_dags/example_dataset_alias_with_no_taskflow.py took 0.082 seconds
[2026-09-18T00:52:08.866+0200] {processor.py:186} INFO - Started process (PID=99972) to work on /Users/swarnalidatta/Desktop/AutoQueryChatbot/.airflow-venv/lib/python3.12/site-packages/airflow/example_dags/example_dataset_alias_with_no_taskflow.py
[2026-09-18T00:52:08.866+0200] {processor.py:914} INFO - Processing file /Users/swarnalidatta/Desktop/AutoQueryChatbot/.airflow-venv/lib/python3.12/site-packages/airflow/example_dags/example_dataset_alias_with_no_taskflow.py for tasks to queue
[2026-09-18T00:52:08.867+0200] {logging_mixin.py:190} INFO - [2026-09-18T00:52:08.867+0200] {dagbag.py:588} INFO - Filling up the DagBag from /Users/swarnalidatta/Desktop/AutoQueryChatbot/.airflow-venv/lib/python3.12/site-packages/airflow/example_dags/example_dataset_alias_with_no_taskflow.py
[2026-09-18T00:52:08.907+0200] {processor.py:925} INFO - DAG(s) 'dataset_s3_bucket_producer_with_no_taskflow', 'dataset_s3_bucket_consumer_with_no_taskflow', 'dataset_alias_example_alias_consumer_with_no_taskflow', 'dataset_alias_example_alias_producer_with_no_taskflow' retrieved from /Users/swarnalidatta/Desktop/AutoQueryChatbot/.airflow-venv/lib/python3.12/site-packages/airflow/example_dags/example_dataset_alias_with_no_taskflow.py
[2026-09-18T00:52:08.934+0200] {logging_mixin.py:190} INFO - [2026-09-18T00:52:08.934+0200] {dag.py:3239} INFO - Sync 4 DAGs
[2026-09-18T00:52:08.939+0200] {logging_mixin.py:190} INFO - [2026-09-18T00:52:08.939+0200] {dag.py:4180} INFO - Setting next_dagrun for dataset_alias_example_alias_consumer_with_no_taskflow to None, run_after=None
[2026-09-18T00:52:08.939+0200] {logging_mixin.py:190} INFO - [2026-09-18T00:52:08.939+0200] {dag.py:4180} INFO - Setting next_dagrun for dataset_alias_example_alias_producer_with_no_taskflow to None, run_after=None
[2026-09-18T00:52:08.939+0200] {logging_mixin.py:190} INFO - [2026-09-18T00:52:08.939+0200] {dag.py:4180} INFO - Setting next_dagrun for dataset_s3_bucket_consumer_with_no_taskflow to None, run_after=None
[2026-09-18T00:52:08.940+0200] {logging_mixin.py:190} INFO - [2026-09-18T00:52:08.940+0200] {dag.py:4180} INFO - Setting next_dagrun for dataset_s3_bucket_producer_with_no_taskflow to None, run_after=None
[2026-09-18T00:52:08.945+0200] {processor.py:208} INFO - Processing /Users/swarnalidatta/Desktop/AutoQueryChatbot/.airflow-venv/lib/python3.12/site-packages/airflow/example_dags/example_dataset_alias_with_no_taskflow.py took 0.080 seconds
[2026-09-18T00:56:57.984+0200] {processor.py:186} INFO - Started process (PID=404) to work on /Users/swarnalidatta/Desktop/AutoQueryChatbot/.airflow-venv/lib/python3.12/site-packages/airflow/example_dags/example_dataset_alias_with_no_taskflow.py
[2026-09-18T00:56:57.984+0200] {processor.py:914} INFO - Processing file /Users/swarnalidatta/Desktop/AutoQueryChatbot/.airflow-venv/lib/python3.12/site-packages/airflow/example_dags/example_dataset_alias_with_no_taskflow.py for tasks to queue
[2026-09-18T00:56:57.984+0200] {logging_mixin.py:190} INFO - [2026-09-18T00:56:57.984+0200] {dagbag.py:588} INFO - Filling up the DagBag from /Users/swarnalidatta/Desktop/AutoQueryChatbot/.airflow-venv/lib/python3.12/site-packages/airflow/example_dags/example_dataset_alias_with_no_taskflow.py
[2026-09-18T00:56:58.026+0200] {processor.py:925} INFO - DAG(s) 'dataset_s3_bucket_producer_with_no_taskflow', 'dataset_alias_example_alias_producer_with_no_taskflow', 'dataset_s3_bucket_consumer_with_no_taskflow', 'dataset_alias_example_alias_consumer_with_no_taskflow' retrieved from /Users/swarnalidatta/Desktop/AutoQueryChatbot/.airflow-venv/lib/python3.12/site-packages/airflow/example_dags/example_dataset_alias_with_no_taskflow.py
[2026-09-18T00:56:58.052+0200] {logging_mixin.py:190} INFO - [2026-09-18T00:56:58.052+0200] {dag.py:3239} INFO - Sync 4 DAGs
[2026-09-18T00:56:58.057+0200] {logging_mixin.py:190} INFO - [2026-09-18T00:56:58.057+0200] {dag.py:4180} INFO - Setting next_dagrun for dataset_alias_example_alias_consumer_with_no_taskflow to None, run_after=None
[2026-09-18T00:56:58.058+0200] {logging_mixin.py:190} INFO - [2026-09-18T00:56:58.058+0200] {dag.py:4180} INFO - Setting next_dagrun for dataset_alias_example_alias_producer_with_no_taskflow to None, run_after=None
[2026-09-18T00:56:58.058+0200] {logging_mixin.py:190} INFO - [2026-09-18T00:56:58.058+0200] {dag.py:4180} INFO - Setting next_dagrun for dataset_s3_bucket_consumer_with_no_taskflow to None, run_after=None
[2026-09-18T00:56:58.058+0200] {logging_mixin.py:190} INFO - [2026-09-18T00:56:58.058+0200] {dag.py:4180} INFO - Setting next_dagrun for dataset_s3_bucket_producer_with_no_taskflow to None, run_after=None
[2026-09-18T00:56:58.063+0200] {processor.py:208} INFO - Processing /Users/swarnalidatta/Desktop/AutoQueryChatbot/.airflow-venv/lib/python3.12/site-packages/airflow/example_dags/example_dataset_alias_with_no_taskflow.py took 0.081 seconds
[2026-09-18T01:06:57.035+0200] {processor.py:186} INFO - Started process (PID=759) to work on /Users/swarnalidatta/Desktop/AutoQueryChatbot/.airflow-venv/lib/python3.12/site-packages/airflow/example_dags/example_dataset_alias_with_no_taskflow.py
[2026-09-18T01:06:57.036+0200] {processor.py:914} INFO - Processing file /Users/swarnalidatta/Desktop/AutoQueryChatbot/.airflow-venv/lib/python3.12/site-packages/airflow/example_dags/example_dataset_alias_with_no_taskflow.py for tasks to queue
[2026-09-18T01:06:57.036+0200] {logging_mixin.py:190} INFO - [2026-09-18T01:06:57.036+0200] {dagbag.py:588} INFO - Filling up the DagBag from /Users/swarnalidatta/Desktop/AutoQueryChatbot/.airflow-venv/lib/python3.12/site-packages/airflow/example_dags/example_dataset_alias_with_no_taskflow.py
[2026-09-18T01:06:57.077+0200] {processor.py:925} INFO - DAG(s) 'dataset_s3_bucket_producer_with_no_taskflow', 'dataset_alias_example_alias_consumer_with_no_taskflow', 'dataset_s3_bucket_consumer_with_no_taskflow', 'dataset_alias_example_alias_producer_with_no_taskflow' retrieved from /Users/swarnalidatta/Desktop/AutoQueryChatbot/.airflow-venv/lib/python3.12/site-packages/airflow/example_dags/example_dataset_alias_with_no_taskflow.py
[2026-09-18T01:06:57.104+0200] {logging_mixin.py:190} INFO - [2026-09-18T01:06:57.103+0200] {dag.py:3239} INFO - Sync 4 DAGs
[2026-09-18T01:06:57.108+0200] {logging_mixin.py:190} INFO - [2026-09-18T01:06:57.108+0200] {dag.py:4180} INFO - Setting next_dagrun for dataset_alias_example_alias_consumer_with_no_taskflow to None, run_after=None
[2026-09-18T01:06:57.109+0200] {logging_mixin.py:190} INFO - [2026-09-18T01:06:57.109+0200] {dag.py:4180} INFO - Setting next_dagrun for dataset_alias_example_alias_producer_with_no_taskflow to None, run_after=None
[2026-09-18T01:06:57.109+0200] {logging_mixin.py:190} INFO - [2026-09-18T01:06:57.109+0200] {dag.py:4180} INFO - Setting next_dagrun for dataset_s3_bucket_consumer_with_no_taskflow to None, run_after=None
[2026-09-18T01:06:57.109+0200] {logging_mixin.py:190} INFO - [2026-09-18T01:06:57.109+0200] {dag.py:4180} INFO - Setting next_dagrun for dataset_s3_bucket_producer_with_no_taskflow to None, run_after=None
[2026-09-18T01:06:57.115+0200] {processor.py:208} INFO - Processing /Users/swarnalidatta/Desktop/AutoQueryChatbot/.airflow-venv/lib/python3.12/site-packages/airflow/example_dags/example_dataset_alias_with_no_taskflow.py took 0.081 seconds
[2026-09-18T01:21:48.341+0200] {processor.py:186} INFO - Started process (PID=1589) to work on /Users/swarnalidatta/Desktop/AutoQueryChatbot/.airflow-venv/lib/python3.12/site-packages/airflow/example_dags/example_dataset_alias_with_no_taskflow.py
[2026-09-18T01:21:48.342+0200] {processor.py:914} INFO - Processing file /Users/swarnalidatta/Desktop/AutoQueryChatbot/.airflow-venv/lib/python3.12/site-packages/airflow/example_dags/example_dataset_alias_with_no_taskflow.py for tasks to queue
[2026-09-18T01:21:48.342+0200] {logging_mixin.py:190} INFO - [2026-09-18T01:21:48.342+0200] {dagbag.py:588} INFO - Filling up the DagBag from /Users/swarnalidatta/Desktop/AutoQueryChatbot/.airflow-venv/lib/python3.12/site-packages/airflow/example_dags/example_dataset_alias_with_no_taskflow.py
[2026-09-18T01:21:48.382+0200] {processor.py:925} INFO - DAG(s) 'dataset_s3_bucket_consumer_with_no_taskflow', 'dataset_s3_bucket_producer_with_no_taskflow', 'dataset_alias_example_alias_consumer_with_no_taskflow', 'dataset_alias_example_alias_producer_with_no_taskflow' retrieved from /Users/swarnalidatta/Desktop/AutoQueryChatbot/.airflow-venv/lib/python3.12/site-packages/airflow/example_dags/example_dataset_alias_with_no_taskflow.py
[2026-09-18T01:21:48.408+0200] {logging_mixin.py:190} INFO - [2026-09-18T01:21:48.408+0200] {dag.py:3239} INFO - Sync 4 DAGs
[2026-09-18T01:21:48.413+0200] {logging_mixin.py:190} INFO - [2026-09-18T01:21:48.413+0200] {dag.py:4180} INFO - Setting next_dagrun for dataset_alias_example_alias_consumer_with_no_taskflow to None, run_after=None
[2026-09-18T01:21:48.414+0200] {logging_mixin.py:190} INFO - [2026-09-18T01:21:48.414+0200] {dag.py:4180} INFO - Setting next_dagrun for dataset_alias_example_alias_producer_with_no_taskflow to None, run_after=None
[2026-09-18T01:21:48.414+0200] {logging_mixin.py:190} INFO - [2026-09-18T01:21:48.414+0200] {dag.py:4180} INFO - Setting next_dagrun for dataset_s3_bucket_consumer_with_no_taskflow to None, run_after=None
[2026-09-18T01:21:48.414+0200] {logging_mixin.py:190} INFO - [2026-09-18T01:21:48.414+0200] {dag.py:4180} INFO - Setting next_dagrun for dataset_s3_bucket_producer_with_no_taskflow to None, run_after=None
[2026-09-18T01:21:48.419+0200] {processor.py:208} INFO - Processing /Users/swarnalidatta/Desktop/AutoQueryChatbot/.airflow-venv/lib/python3.12/site-packages/airflow/example_dags/example_dataset_alias_with_no_taskflow.py took 0.079 seconds
