[2026-09-17T19:22:28.178+0200] {processor.py:186} INFO - Started process (PID=74252) to work on /Users/swarnalidatta/Desktop/AutoQueryChatbot/.airflow-venv/lib/python3.12/site-packages/airflow/example_dags/example_xcom.py
[2026-09-17T19:22:28.179+0200] {processor.py:914} INFO - Processing file /Users/swarnalidatta/Desktop/AutoQueryChatbot/.airflow-venv/lib/python3.12/site-packages/airflow/example_dags/example_xcom.py for tasks to queue
[2026-09-17T19:22:28.179+0200] {logging_mixin.py:190} INFO - [2026-09-17T19:22:28.179+0200] {dagbag.py:588} INFO - Filling up the DagBag from /Users/swarnalidatta/Desktop/AutoQueryChatbot/.airflow-venv/lib/python3.12/site-packages/airflow/example_dags/example_xcom.py
[2026-09-17T19:22:28.191+0200] {processor.py:925} INFO - DAG(s) 'example_xcom' retrieved from /Users/swarnalidatta/Desktop/AutoQueryChatbot/.airflow-venv/lib/python3.12/site-packages/airflow/example_dags/example_xcom.py
[2026-09-17T19:22:28.239+0200] {logging_mixin.py:190} INFO - [2026-09-17T19:22:28.239+0200] {dag.py:3239} INFO - Sync 1 DAGs
[2026-09-17T19:22:28.243+0200] {logging_mixin.py:190} INFO - [2026-09-17T19:22:28.243+0200] {dag.py:4180} INFO - Setting next_dagrun for example_xcom to 2021-01-01 00:00:00+00:00, run_after=2021-01-01 00:00:00+00:00
[2026-09-17T19:22:28.248+0200] {processor.py:208} INFO - Processing /Users/swarnalidatta/Desktop/AutoQueryChatbot/.airflow-venv/lib/python3.12/site-packages/airflow/example_dags/example_xcom.py took 0.071 seconds
[2026-09-17T19:24:02.751+0200] {processor.py:186} INFO - Started process (PID=74517) to work on /Users/swarnalidatta/Desktop/AutoQueryChatbot/.airflow-venv/lib/python3.12/site-packages/airflow/example_dags/example_xcom.py
[2026-09-17T19:24:02.751+0200] {processor.py:914} INFO - Processing file /Users/swarnalidatta/Desktop/AutoQueryChatbot/.airflow-venv/lib/python3.12/site-packages/airflow/example_dags/example_xcom.py for tasks to queue
[2026-09-17T19:24:02.751+0200] {logging_mixin.py:190} INFO - [2026-09-17T19:24:02.751+0200] {dagbag.py:588} INFO - Filling up the DagBag from /Users/swarnalidatta/Desktop/AutoQueryChatbot/.airflow-venv/lib/python3.12/site-packages/airflow/example_dags/example_xcom.py
[2026-09-17T19:24:02.763+0200] {processor.py:925} INFO - DAG(s) 'example_xcom' retrieved from /Users/swarnalidatta/Desktop/AutoQueryChatbot/.airflow-venv/lib/python3.12/site-packages/airflow/example_dags/example_xcom.py
[2026-09-17T19:24:02.811+0200] {logging_mixin.py:190} INFO - [2026-09-17T19:24:02.811+0200] {dag.py:3239} INFO - Sync 1 DAGs
[2026-09-17T19:24:02.815+0200] {logging_mixin.py:190} INFO - [2026-09-17T19:24:02.815+0200] {dag.py:4180} INFO - Setting next_dagrun for example_xcom to 2021-01-01 00:00:00+00:00, run_after=2021-01-01 00:00:00+00:00
[2026-09-17T19:24:02.820+0200] {processor.py:208} INFO - Processing /Users/swarnalidatta/Desktop/AutoQueryChatbot/.airflow-venv/lib/python3.12/site-packages/airflow/example_dags/example_xcom.py took 0.071 seconds
[2026-09-17T19:25:13.772+0200] {processor.py:186} INFO - Started process (PID=74693) to work on /Users/swarnalidatta/Desktop/AutoQueryChatbot/.airflow-venv/lib/python3.12/site-packages/airflow/example_dags/example_xcom.py
[2026-09-17T19:25:13.772+0200] {processor.py:914} INFO - Processing file /Users/swarnalidatta/Desktop/AutoQueryChatbot/.airflow-venv/lib/python3.12/site-packages/airflow/example_dags/example_xcom.py for tasks to queue
[2026-09-17T19:25:13.772+0200] {logging_mixin.py:190} INFO - [2026-09-17T19:25:13.772+0200] {dagbag.py:588} INFO - Filling up the DagBag from /Users/swarnalidatta/Desktop/AutoQueryChatbot/.airflow-venv/lib/python3.12/site-packages/airflow/example_dags/example_xcom.py
[2026-09-17T19:25:13.785+0200] {processor.py:925} INFO - DAG(s) 'example_xcom' retrieved from /Users/swarnalidatta/Desktop/AutoQueryChatbot/.airflow-venv/lib/python3.12/site-packages/airflow/example_dags/example_xcom.py
[2026-09-17T19:25:13.831+0200] {logging_mixin.py:190} INFO - [2026-09-17T19:25:13.831+0200] {dag.py:3239} INFO - Sync 1 DAGs
[2026-09-17T19:25:13.835+0200] {logging_mixin.py:190} INFO - [2026-09-17T19:25:13.835+0200] {dag.py:4180} INFO - Setting next_dagrun for example_xcom to 2021-01-01 00:00:00+00:00, run_after=2021-01-01 00:00:00+00:00
[2026-09-17T19:25:13.840+0200] {processor.py:208} INFO - Processing /Users/swarnalidatta/Desktop/AutoQueryChatbot/.airflow-venv/lib/python3.12/site-packages/airflow/example_dags/example_xcom.py took 0.070 seconds
[2026-09-17T19:26:22.699+0200] {processor.py:186} INFO - Started process (PID=74875) to work on /Users/swarnalidatta/Desktop/AutoQueryChatbot/.airflow-venv/lib/python3.12/site-packages/airflow/example_dags/example_xcom.py
[2026-09-17T19:26:22.699+0200] {processor.py:914} INFO - Processing file /Users/swarnalidatta/Desktop/AutoQueryChatbot/.airflow-venv/lib/python3.12/site-packages/airflow/example_dags/example_xcom.py for tasks to queue
[2026-09-17T19:26:22.699+0200] {logging_mixin.py:190} INFO - [2026-09-17T19:26:22.699+0200] {dagbag.py:588} INFO - Filling up the DagBag from /Users/swarnalidatta/Desktop/AutoQueryChatbot/.airflow-venv/lib/python3.12/site-packages/airflow/example_dags/example_xcom.py
[2026-09-17T19:26:22.712+0200] {processor.py:925} INFO - DAG(s) 'example_xcom' retrieved from /Users/swarnalidatta/Desktop/AutoQueryChatbot/.airflow-venv/lib/python3.12/site-packages/airflow/example_dags/example_xcom.py
[2026-09-17T19:26:22.761+0200] {logging_mixin.py:190} INFO - [2026-09-17T19:26:22.760+0200] {dag.py:3239} INFO - Sync 1 DAGs
[2026-09-17T19:26:22.765+0200] {logging_mixin.py:190} INFO - [2026-09-17T19:26:22.765+0200] {dag.py:4180} INFO - Setting next_dagrun for example_xcom to 2021-01-01 00:00:00+00:00, run_after=2021-01-01 00:00:00+00:00
[2026-09-17T19:26:22.770+0200] {processor.py:208} INFO - Processing /Users/swarnalidatta/Desktop/AutoQueryChatbot/.airflow-venv/lib/python3.12/site-packages/airflow/example_dags/example_xcom.py took 0.073 seconds
[2026-09-17T19:27:27.683+0200] {processor.py:186} INFO - Started process (PID=75060) to work on /Users/swarnalidatta/Desktop/AutoQueryChatbot/.airflow-venv/lib/python3.12/site-packages/airflow/example_dags/example_xcom.py
[2026-09-17T19:27:27.684+0200] {processor.py:914} INFO - Processing file /Users/swarnalidatta/Desktop/AutoQueryChatbot/.airflow-venv/lib/python3.12/site-packages/airflow/example_dags/example_xcom.py for tasks to queue
[2026-09-17T19:27:27.684+0200] {logging_mixin.py:190} INFO - [2026-09-17T19:27:27.684+0200] {dagbag.py:588} INFO - Filling up the DagBag from /Users/swarnalidatta/Desktop/AutoQueryChatbot/.airflow-venv/lib/python3.12/site-packages/airflow/example_dags/example_xcom.py
[2026-09-17T19:27:27.696+0200] {processor.py:925} INFO - DAG(s) 'example_xcom' retrieved from /Users/swarnalidatta/Desktop/AutoQueryChatbot/.airflow-venv/lib/python3.12/site-packages/airflow/example_dags/example_xcom.py
[2026-09-17T19:27:27.743+0200] {logging_mixin.py:190} INFO - [2026-09-17T19:27:27.743+0200] {dag.py:3239} INFO - Sync 1 DAGs
[2026-09-17T19:27:27.747+0200] {logging_mixin.py:190} INFO - [2026-09-17T19:27:27.747+0200] {dag.py:4180} INFO - Setting next_dagrun for example_xcom to 2021-01-01 00:00:00+00:00, run_after=2021-01-01 00:00:00+00:00
[2026-09-17T19:27:27.752+0200] {processor.py:208} INFO - Processing /Users/swarnalidatta/Desktop/AutoQueryChatbot/.airflow-venv/lib/python3.12/site-packages/airflow/example_dags/example_xcom.py took 0.070 seconds
[2026-09-17T19:28:33.726+0200] {processor.py:186} INFO - Started process (PID=75247) to work on /Users/swarnalidatta/Desktop/AutoQueryChatbot/.airflow-venv/lib/python3.12/site-packages/airflow/example_dags/example_xcom.py
[2026-09-17T19:28:33.726+0200] {processor.py:914} INFO - Processing file /Users/swarnalidatta/Desktop/AutoQueryChatbot/.airflow-venv/lib/python3.12/site-packages/airflow/example_dags/example_xcom.py for tasks to queue
[2026-09-17T19:28:33.726+0200] {logging_mixin.py:190} INFO - [2026-09-17T19:28:33.726+0200] {dagbag.py:588} INFO - Filling up the DagBag from /Users/swarnalidatta/Desktop/AutoQueryChatbot/.airflow-venv/lib/python3.12/site-packages/airflow/example_dags/example_xcom.py
[2026-09-17T19:28:33.739+0200] {processor.py:925} INFO - DAG(s) 'example_xcom' retrieved from /Users/swarnalidatta/Desktop/AutoQueryChatbot/.airflow-venv/lib/python3.12/site-packages/airflow/example_dags/example_xcom.py
[2026-09-17T19:28:33.785+0200] {logging_mixin.py:190} INFO - [2026-09-17T19:28:33.785+0200] {dag.py:3239} INFO - Sync 1 DAGs
[2026-09-17T19:28:33.790+0200] {logging_mixin.py:190} INFO - [2026-09-17T19:28:33.790+0200] {dag.py:4180} INFO - Setting next_dagrun for example_xcom to 2021-01-01 00:00:00+00:00, run_after=2021-01-01 00:00:00+00:00
[2026-09-17T19:28:33.795+0200] {processor.py:208} INFO - Processing /Users/swarnalidatta/Desktop/AutoQueryChatbot/.airflow-venv/lib/python3.12/site-packages/airflow/example_dags/example_xcom.py took 0.070 seconds
[2026-09-17T19:29:45.030+0200] {processor.py:186} INFO - Started process (PID=75469) to work on /Users/swarnalidatta/Desktop/AutoQueryChatbot/.airflow-venv/lib/python3.12/site-packages/airflow/example_dags/example_xcom.py
[2026-09-17T19:29:45.031+0200] {processor.py:914} INFO - Processing file /Users/swarnalidatta/Desktop/AutoQueryChatbot/.airflow-venv/lib/python3.12/site-packages/airflow/example_dags/example_xcom.py for tasks to queue
[2026-09-17T19:29:45.031+0200] {logging_mixin.py:190} INFO - [2026-09-17T19:29:45.031+0200] {dagbag.py:588} INFO - Filling up the DagBag from /Users/swarnalidatta/Desktop/AutoQueryChatbot/.airflow-venv/lib/python3.12/site-packages/airflow/example_dags/example_xcom.py
[2026-09-17T19:29:45.044+0200] {processor.py:925} INFO - DAG(s) 'example_xcom' retrieved from /Users/swarnalidatta/Desktop/AutoQueryChatbot/.airflow-venv/lib/python3.12/site-packages/airflow/example_dags/example_xcom.py
[2026-09-17T19:29:45.091+0200] {logging_mixin.py:190} INFO - [2026-09-17T19:29:45.091+0200] {dag.py:3239} INFO - Sync 1 DAGs
[2026-09-17T19:29:45.096+0200] {logging_mixin.py:190} INFO - [2026-09-17T19:29:45.096+0200] {dag.py:4180} INFO - Setting next_dagrun for example_xcom to 2021-01-01 00:00:00+00:00, run_after=2021-01-01 00:00:00+00:00
[2026-09-17T19:29:45.101+0200] {processor.py:208} INFO - Processing /Users/swarnalidatta/Desktop/AutoQueryChatbot/.airflow-venv/lib/python3.12/site-packages/airflow/example_dags/example_xcom.py took 0.072 seconds
[2026-09-17T19:30:58.062+0200] {processor.py:186} INFO - Started process (PID=75680) to work on /Users/swarnalidatta/Desktop/AutoQueryChatbot/.airflow-venv/lib/python3.12/site-packages/airflow/example_dags/example_xcom.py
[2026-09-17T19:30:58.062+0200] {processor.py:914} INFO - Processing file /Users/swarnalidatta/Desktop/AutoQueryChatbot/.airflow-venv/lib/python3.12/site-packages/airflow/example_dags/example_xcom.py for tasks to queue
[2026-09-17T19:30:58.063+0200] {logging_mixin.py:190} INFO - [2026-09-17T19:30:58.063+0200] {dagbag.py:588} INFO - Filling up the DagBag from /Users/swarnalidatta/Desktop/AutoQueryChatbot/.airflow-venv/lib/python3.12/site-packages/airflow/example_dags/example_xcom.py
[2026-09-17T19:30:58.076+0200] {processor.py:925} INFO - DAG(s) 'example_xcom' retrieved from /Users/swarnalidatta/Desktop/AutoQueryChatbot/.airflow-venv/lib/python3.12/site-packages/airflow/example_dags/example_xcom.py
[2026-09-17T19:30:58.124+0200] {logging_mixin.py:190} INFO - [2026-09-17T19:30:58.123+0200] {dag.py:3239} INFO - Sync 1 DAGs
[2026-09-17T19:30:58.128+0200] {logging_mixin.py:190} INFO - [2026-09-17T19:30:58.128+0200] {dag.py:4180} INFO - Setting next_dagrun for example_xcom to 2021-01-01 00:00:00+00:00, run_after=2021-01-01 00:00:00+00:00
[2026-09-17T19:30:58.134+0200] {processor.py:208} INFO - Processing /Users/swarnalidatta/Desktop/AutoQueryChatbot/.airflow-venv/lib/python3.12/site-packages/airflow/example_dags/example_xcom.py took 0.073 seconds
[2026-09-17T19:32:10.056+0200] {processor.py:186} INFO - Started process (PID=75901) to work on /Users/swarnalidatta/Desktop/AutoQueryChatbot/.airflow-venv/lib/python3.12/site-packages/airflow/example_dags/example_xcom.py
[2026-09-17T19:32:10.056+0200] {processor.py:914} INFO - Processing file /Users/swarnalidatta/Desktop/AutoQueryChatbot/.airflow-venv/lib/python3.12/site-packages/airflow/example_dags/example_xcom.py for tasks to queue
[2026-09-17T19:32:10.056+0200] {logging_mixin.py:190} INFO - [2026-09-17T19:32:10.056+0200] {dagbag.py:588} INFO - Filling up the DagBag from /Users/swarnalidatta/Desktop/AutoQueryChatbot/.airflow-venv/lib/python3.12/site-packages/airflow/example_dags/example_xcom.py
[2026-09-17T19:32:10.069+0200] {processor.py:925} INFO - DAG(s) 'example_xcom' retrieved from /Users/swarnalidatta/Desktop/AutoQueryChatbot/.airflow-venv/lib/python3.12/site-packages/airflow/example_dags/example_xcom.py
[2026-09-17T19:32:10.116+0200] {logging_mixin.py:190} INFO - [2026-09-17T19:32:10.116+0200] {dag.py:3239} INFO - Sync 1 DAGs
[2026-09-17T19:32:10.121+0200] {logging_mixin.py:190} INFO - [2026-09-17T19:32:10.121+0200] {dag.py:4180} INFO - Setting next_dagrun for example_xcom to 2021-01-01 00:00:00+00:00, run_after=2021-01-01 00:00:00+00:00
[2026-09-17T19:32:10.126+0200] {processor.py:208} INFO - Processing /Users/swarnalidatta/Desktop/AutoQueryChatbot/.airflow-venv/lib/python3.12/site-packages/airflow/example_dags/example_xcom.py took 0.072 seconds
[2026-09-17T19:33:23.809+0200] {processor.py:186} INFO - Started process (PID=76142) to work on /Users/swarnalidatta/Desktop/AutoQueryChatbot/.airflow-venv/lib/python3.12/site-packages/airflow/example_dags/example_xcom.py
[2026-09-17T19:33:23.809+0200] {processor.py:914} INFO - Processing file /Users/swarnalidatta/Desktop/AutoQueryChatbot/.airflow-venv/lib/python3.12/site-packages/airflow/example_dags/example_xcom.py for tasks to queue
[2026-09-17T19:33:23.810+0200] {logging_mixin.py:190} INFO - [2026-09-17T19:33:23.809+0200] {dagbag.py:588} INFO - Filling up the DagBag from /Users/swarnalidatta/Desktop/AutoQueryChatbot/.airflow-venv/lib/python3.12/site-packages/airflow/example_dags/example_xcom.py
[2026-09-17T19:33:23.823+0200] {processor.py:925} INFO - DAG(s) 'example_xcom' retrieved from /Users/swarnalidatta/Desktop/AutoQueryChatbot/.airflow-venv/lib/python3.12/site-packages/airflow/example_dags/example_xcom.py
[2026-09-17T19:33:23.872+0200] {logging_mixin.py:190} INFO - [2026-09-17T19:33:23.872+0200] {dag.py:3239} INFO - Sync 1 DAGs
[2026-09-17T19:33:23.877+0200] {logging_mixin.py:190} INFO - [2026-09-17T19:33:23.877+0200] {dag.py:4180} INFO - Setting next_dagrun for example_xcom to 2021-01-01 00:00:00+00:00, run_after=2021-01-01 00:00:00+00:00
[2026-09-17T19:33:23.882+0200] {processor.py:208} INFO - Processing /Users/swarnalidatta/Desktop/AutoQueryChatbot/.airflow-venv/lib/python3.12/site-packages/airflow/example_dags/example_xcom.py took 0.074 seconds
[2026-09-17T19:34:39.170+0200] {processor.py:186} INFO - Started process (PID=76398) to work on /Users/swarnalidatta/Desktop/AutoQueryChatbot/.airflow-venv/lib/python3.12/site-packages/airflow/example_dags/example_xcom.py
[2026-09-17T19:34:39.171+0200] {processor.py:914} INFO - Processing file /Users/swarnalidatta/Desktop/AutoQueryChatbot/.airflow-venv/lib/python3.12/site-packages/airflow/example_dags/example_xcom.py for tasks to queue
[2026-09-17T19:34:39.171+0200] {logging_mixin.py:190} INFO - [2026-09-17T19:34:39.171+0200] {dagbag.py:588} INFO - Filling up the DagBag from /Users/swarnalidatta/Desktop/AutoQueryChatbot/.airflow-venv/lib/python3.12/site-packages/airflow/example_dags/example_xcom.py
[2026-09-17T19:34:39.184+0200] {processor.py:925} INFO - DAG(s) 'example_xcom' retrieved from /Users/swarnalidatta/Desktop/AutoQueryChatbot/.airflow-venv/lib/python3.12/site-packages/airflow/example_dags/example_xcom.py
[2026-09-17T19:34:39.231+0200] {logging_mixin.py:190} INFO - [2026-09-17T19:34:39.231+0200] {dag.py:3239} INFO - Sync 1 DAGs
[2026-09-17T19:34:39.236+0200] {logging_mixin.py:190} INFO - [2026-09-17T19:34:39.236+0200] {dag.py:4180} INFO - Setting next_dagrun for example_xcom to 2021-01-01 00:00:00+00:00, run_after=2021-01-01 00:00:00+00:00
[2026-09-17T19:34:39.241+0200] {processor.py:208} INFO - Processing /Users/swarnalidatta/Desktop/AutoQueryChatbot/.airflow-venv/lib/python3.12/site-packages/airflow/example_dags/example_xcom.py took 0.072 seconds
[2026-09-17T19:35:59.347+0200] {processor.py:186} INFO - Started process (PID=76655) to work on /Users/swarnalidatta/Desktop/AutoQueryChatbot/.airflow-venv/lib/python3.12/site-packages/airflow/example_dags/example_xcom.py
[2026-09-17T19:35:59.348+0200] {processor.py:914} INFO - Processing file /Users/swarnalidatta/Desktop/AutoQueryChatbot/.airflow-venv/lib/python3.12/site-packages/airflow/example_dags/example_xcom.py for tasks to queue
[2026-09-17T19:35:59.348+0200] {logging_mixin.py:190} INFO - [2026-09-17T19:35:59.348+0200] {dagbag.py:588} INFO - Filling up the DagBag from /Users/swarnalidatta/Desktop/AutoQueryChatbot/.airflow-venv/lib/python3.12/site-packages/airflow/example_dags/example_xcom.py
[2026-09-17T19:35:59.361+0200] {processor.py:925} INFO - DAG(s) 'example_xcom' retrieved from /Users/swarnalidatta/Desktop/AutoQueryChatbot/.airflow-venv/lib/python3.12/site-packages/airflow/example_dags/example_xcom.py
[2026-09-17T19:35:59.408+0200] {logging_mixin.py:190} INFO - [2026-09-17T19:35:59.408+0200] {dag.py:3239} INFO - Sync 1 DAGs
[2026-09-17T19:35:59.413+0200] {logging_mixin.py:190} INFO - [2026-09-17T19:35:59.413+0200] {dag.py:4180} INFO - Setting next_dagrun for example_xcom to 2021-01-01 00:00:00+00:00, run_after=2021-01-01 00:00:00+00:00
[2026-09-17T19:35:59.418+0200] {processor.py:208} INFO - Processing /Users/swarnalidatta/Desktop/AutoQueryChatbot/.airflow-venv/lib/python3.12/site-packages/airflow/example_dags/example_xcom.py took 0.072 seconds
[2026-09-17T19:37:24.476+0200] {processor.py:186} INFO - Started process (PID=76952) to work on /Users/swarnalidatta/Desktop/AutoQueryChatbot/.airflow-venv/lib/python3.12/site-packages/airflow/example_dags/example_xcom.py
[2026-09-17T19:37:24.477+0200] {processor.py:914} INFO - Processing file /Users/swarnalidatta/Desktop/AutoQueryChatbot/.airflow-venv/lib/python3.12/site-packages/airflow/example_dags/example_xcom.py for tasks to queue
[2026-09-17T19:37:24.477+0200] {logging_mixin.py:190} INFO - [2026-09-17T19:37:24.477+0200] {dagbag.py:588} INFO - Filling up the DagBag from /Users/swarnalidatta/Desktop/AutoQueryChatbot/.airflow-venv/lib/python3.12/site-packages/airflow/example_dags/example_xcom.py
[2026-09-17T19:37:24.490+0200] {processor.py:925} INFO - DAG(s) 'example_xcom' retrieved from /Users/swarnalidatta/Desktop/AutoQueryChatbot/.airflow-venv/lib/python3.12/site-packages/airflow/example_dags/example_xcom.py
[2026-09-17T19:37:24.538+0200] {logging_mixin.py:190} INFO - [2026-09-17T19:37:24.537+0200] {dag.py:3239} INFO - Sync 1 DAGs
[2026-09-17T19:37:24.542+0200] {logging_mixin.py:190} INFO - [2026-09-17T19:37:24.542+0200] {dag.py:4180} INFO - Setting next_dagrun for example_xcom to 2021-01-01 00:00:00+00:00, run_after=2021-01-01 00:00:00+00:00
[2026-09-17T19:37:24.548+0200] {processor.py:208} INFO - Processing /Users/swarnalidatta/Desktop/AutoQueryChatbot/.airflow-venv/lib/python3.12/site-packages/airflow/example_dags/example_xcom.py took 0.072 seconds
[2026-09-17T19:38:44.028+0200] {processor.py:186} INFO - Started process (PID=77240) to work on /Users/swarnalidatta/Desktop/AutoQueryChatbot/.airflow-venv/lib/python3.12/site-packages/airflow/example_dags/example_xcom.py
[2026-09-17T19:38:44.028+0200] {processor.py:914} INFO - Processing file /Users/swarnalidatta/Desktop/AutoQueryChatbot/.airflow-venv/lib/python3.12/site-packages/airflow/example_dags/example_xcom.py for tasks to queue
[2026-09-17T19:38:44.028+0200] {logging_mixin.py:190} INFO - [2026-09-17T19:38:44.028+0200] {dagbag.py:588} INFO - Filling up the DagBag from /Users/swarnalidatta/Desktop/AutoQueryChatbot/.airflow-venv/lib/python3.12/site-packages/airflow/example_dags/example_xcom.py
[2026-09-17T19:38:44.041+0200] {processor.py:925} INFO - DAG(s) 'example_xcom' retrieved from /Users/swarnalidatta/Desktop/AutoQueryChatbot/.airflow-venv/lib/python3.12/site-packages/airflow/example_dags/example_xcom.py
[2026-09-17T19:38:44.089+0200] {logging_mixin.py:190} INFO - [2026-09-17T19:38:44.089+0200] {dag.py:3239} INFO - Sync 1 DAGs
[2026-09-17T19:38:44.094+0200] {logging_mixin.py:190} INFO - [2026-09-17T19:38:44.094+0200] {dag.py:4180} INFO - Setting next_dagrun for example_xcom to 2021-01-01 00:00:00+00:00, run_after=2021-01-01 00:00:00+00:00
[2026-09-17T19:38:44.099+0200] {processor.py:208} INFO - Processing /Users/swarnalidatta/Desktop/AutoQueryChatbot/.airflow-venv/lib/python3.12/site-packages/airflow/example_dags/example_xcom.py took 0.073 seconds
[2026-09-17T19:40:01.269+0200] {processor.py:186} INFO - Started process (PID=77511) to work on /Users/swarnalidatta/Desktop/AutoQueryChatbot/.airflow-venv/lib/python3.12/site-packages/airflow/example_dags/example_xcom.py
[2026-09-17T19:40:01.269+0200] {processor.py:914} INFO - Processing file /Users/swarnalidatta/Desktop/AutoQueryChatbot/.airflow-venv/lib/python3.12/site-packages/airflow/example_dags/example_xcom.py for tasks to queue
[2026-09-17T19:40:01.270+0200] {logging_mixin.py:190} INFO - [2026-09-17T19:40:01.270+0200] {dagbag.py:588} INFO - Filling up the DagBag from /Users/swarnalidatta/Desktop/AutoQueryChatbot/.airflow-venv/lib/python3.12/site-packages/airflow/example_dags/example_xcom.py
[2026-09-17T19:40:01.283+0200] {processor.py:925} INFO - DAG(s) 'example_xcom' retrieved from /Users/swarnalidatta/Desktop/AutoQueryChatbot/.airflow-venv/lib/python3.12/site-packages/airflow/example_dags/example_xcom.py
[2026-09-17T19:40:01.330+0200] {logging_mixin.py:190} INFO - [2026-09-17T19:40:01.330+0200] {dag.py:3239} INFO - Sync 1 DAGs
[2026-09-17T19:40:01.335+0200] {logging_mixin.py:190} INFO - [2026-09-17T19:40:01.335+0200] {dag.py:4180} INFO - Setting next_dagrun for example_xcom to 2021-01-01 00:00:00+00:00, run_after=2021-01-01 00:00:00+00:00
[2026-09-17T19:40:01.341+0200] {processor.py:208} INFO - Processing /Users/swarnalidatta/Desktop/AutoQueryChatbot/.airflow-venv/lib/python3.12/site-packages/airflow/example_dags/example_xcom.py took 0.073 seconds
[2026-09-17T19:41:18.674+0200] {processor.py:186} INFO - Started process (PID=77784) to work on /Users/swarnalidatta/Desktop/AutoQueryChatbot/.airflow-venv/lib/python3.12/site-packages/airflow/example_dags/example_xcom.py
[2026-09-17T19:41:18.675+0200] {processor.py:914} INFO - Processing file /Users/swarnalidatta/Desktop/AutoQueryChatbot/.airflow-venv/lib/python3.12/site-packages/airflow/example_dags/example_xcom.py for tasks to queue
[2026-09-17T19:41:18.675+0200] {logging_mixin.py:190} INFO - [2026-09-17T19:41:18.675+0200] {dagbag.py:588} INFO - Filling up the DagBag from /Users/swarnalidatta/Desktop/AutoQueryChatbot/.airflow-venv/lib/python3.12/site-packages/airflow/example_dags/example_xcom.py
[2026-09-17T19:41:18.688+0200] {processor.py:925} INFO - DAG(s) 'example_xcom' retrieved from /Users/swarnalidatta/Desktop/AutoQueryChatbot/.airflow-venv/lib/python3.12/site-packages/airflow/example_dags/example_xcom.py
[2026-09-17T19:41:18.735+0200] {logging_mixin.py:190} INFO - [2026-09-17T19:41:18.735+0200] {dag.py:3239} INFO - Sync 1 DAGs
[2026-09-17T19:41:18.740+0200] {logging_mixin.py:190} INFO - [2026-09-17T19:41:18.740+0200] {dag.py:4180} INFO - Setting next_dagrun for example_xcom to 2021-01-01 00:00:00+00:00, run_after=2021-01-01 00:00:00+00:00
[2026-09-17T19:41:18.745+0200] {processor.py:208} INFO - Processing /Users/swarnalidatta/Desktop/AutoQueryChatbot/.airflow-venv/lib/python3.12/site-packages/airflow/example_dags/example_xcom.py took 0.072 seconds
[2026-09-17T19:42:59.938+0200] {processor.py:186} INFO - Started process (PID=78117) to work on /Users/swarnalidatta/Desktop/AutoQueryChatbot/.airflow-venv/lib/python3.12/site-packages/airflow/example_dags/example_xcom.py
[2026-09-17T19:42:59.938+0200] {processor.py:914} INFO - Processing file /Users/swarnalidatta/Desktop/AutoQueryChatbot/.airflow-venv/lib/python3.12/site-packages/airflow/example_dags/example_xcom.py for tasks to queue
[2026-09-17T19:42:59.939+0200] {logging_mixin.py:190} INFO - [2026-09-17T19:42:59.939+0200] {dagbag.py:588} INFO - Filling up the DagBag from /Users/swarnalidatta/Desktop/AutoQueryChatbot/.airflow-venv/lib/python3.12/site-packages/airflow/example_dags/example_xcom.py
[2026-09-17T19:42:59.951+0200] {processor.py:925} INFO - DAG(s) 'example_xcom' retrieved from /Users/swarnalidatta/Desktop/AutoQueryChatbot/.airflow-venv/lib/python3.12/site-packages/airflow/example_dags/example_xcom.py
[2026-09-17T19:43:00.000+0200] {logging_mixin.py:190} INFO - [2026-09-17T19:43:00.000+0200] {dag.py:3239} INFO - Sync 1 DAGs
[2026-09-17T19:43:00.005+0200] {logging_mixin.py:190} INFO - [2026-09-17T19:43:00.005+0200] {dag.py:4180} INFO - Setting next_dagrun for example_xcom to 2021-01-01 00:00:00+00:00, run_after=2021-01-01 00:00:00+00:00
[2026-09-17T19:43:00.010+0200] {processor.py:208} INFO - Processing /Users/swarnalidatta/Desktop/AutoQueryChatbot/.airflow-venv/lib/python3.12/site-packages/airflow/example_dags/example_xcom.py took 0.073 seconds
[2026-09-17T19:44:51.794+0200] {processor.py:186} INFO - Started process (PID=78453) to work on /Users/swarnalidatta/Desktop/AutoQueryChatbot/.airflow-venv/lib/python3.12/site-packages/airflow/example_dags/example_xcom.py
[2026-09-17T19:44:51.795+0200] {processor.py:914} INFO - Processing file /Users/swarnalidatta/Desktop/AutoQueryChatbot/.airflow-venv/lib/python3.12/site-packages/airflow/example_dags/example_xcom.py for tasks to queue
[2026-09-17T19:44:51.796+0200] {logging_mixin.py:190} INFO - [2026-09-17T19:44:51.796+0200] {dagbag.py:588} INFO - Filling up the DagBag from /Users/swarnalidatta/Desktop/AutoQueryChatbot/.airflow-venv/lib/python3.12/site-packages/airflow/example_dags/example_xcom.py
[2026-09-17T19:44:51.808+0200] {processor.py:925} INFO - DAG(s) 'example_xcom' retrieved from /Users/swarnalidatta/Desktop/AutoQueryChatbot/.airflow-venv/lib/python3.12/site-packages/airflow/example_dags/example_xcom.py
[2026-09-17T19:44:51.855+0200] {logging_mixin.py:190} INFO - [2026-09-17T19:44:51.855+0200] {dag.py:3239} INFO - Sync 1 DAGs
[2026-09-17T19:44:51.860+0200] {logging_mixin.py:190} INFO - [2026-09-17T19:44:51.860+0200] {dag.py:4180} INFO - Setting next_dagrun for example_xcom to 2021-01-01 00:00:00+00:00, run_after=2021-01-01 00:00:00+00:00
[2026-09-17T19:44:51.865+0200] {processor.py:208} INFO - Processing /Users/swarnalidatta/Desktop/AutoQueryChatbot/.airflow-venv/lib/python3.12/site-packages/airflow/example_dags/example_xcom.py took 0.072 seconds
[2026-09-17T19:46:10.866+0200] {processor.py:186} INFO - Started process (PID=78672) to work on /Users/swarnalidatta/Desktop/AutoQueryChatbot/.airflow-venv/lib/python3.12/site-packages/airflow/example_dags/example_xcom.py
[2026-09-17T19:46:10.867+0200] {processor.py:914} INFO - Processing file /Users/swarnalidatta/Desktop/AutoQueryChatbot/.airflow-venv/lib/python3.12/site-packages/airflow/example_dags/example_xcom.py for tasks to queue
[2026-09-17T19:46:10.867+0200] {logging_mixin.py:190} INFO - [2026-09-17T19:46:10.867+0200] {dagbag.py:588} INFO - Filling up the DagBag from /Users/swarnalidatta/Desktop/AutoQueryChatbot/.airflow-venv/lib/python3.12/site-packages/airflow/example_dags/example_xcom.py
[2026-09-17T19:46:10.880+0200] {processor.py:925} INFO - DAG(s) 'example_xcom' retrieved from /Users/swarnalidatta/Desktop/AutoQueryChatbot/.airflow-venv/lib/python3.12/site-packages/airflow/example_dags/example_xcom.py
[2026-09-17T19:46:10.928+0200] {logging_mixin.py:190} INFO - [2026-09-17T19:46:10.928+0200] {dag.py:3239} INFO - Sync 1 DAGs
[2026-09-17T19:46:10.933+0200] {logging_mixin.py:190} INFO - [2026-09-17T19:46:10.933+0200] {dag.py:4180} INFO - Setting next_dagrun for example_xcom to 2021-01-01 00:00:00+00:00, run_after=2021-01-01 00:00:00+00:00
[2026-09-17T19:46:10.938+0200] {processor.py:208} INFO - Processing /Users/swarnalidatta/Desktop/AutoQueryChatbot/.airflow-venv/lib/python3.12/site-packages/airflow/example_dags/example_xcom.py took 0.073 seconds
[2026-09-17T19:47:18.567+0200] {processor.py:186} INFO - Started process (PID=78831) to work on /Users/swarnalidatta/Desktop/AutoQueryChatbot/.airflow-venv/lib/python3.12/site-packages/airflow/example_dags/example_xcom.py
[2026-09-17T19:47:18.567+0200] {processor.py:914} INFO - Processing file /Users/swarnalidatta/Desktop/AutoQueryChatbot/.airflow-venv/lib/python3.12/site-packages/airflow/example_dags/example_xcom.py for tasks to queue
[2026-09-17T19:47:18.568+0200] {logging_mixin.py:190} INFO - [2026-09-17T19:47:18.568+0200] {dagbag.py:588} INFO - Filling up the DagBag from /Users/swarnalidatta/Desktop/AutoQueryChatbot/.airflow-venv/lib/python3.12/site-packages/airflow/example_dags/example_xcom.py
[2026-09-17T19:47:18.580+0200] {processor.py:925} INFO - DAG(s) 'example_xcom' retrieved from /Users/swarnalidatta/Desktop/AutoQueryChatbot/.airflow-venv/lib/python3.12/site-packages/airflow/example_dags/example_xcom.py
[2026-09-17T19:47:18.628+0200] {logging_mixin.py:190} INFO - [2026-09-17T19:47:18.628+0200] {dag.py:3239} INFO - Sync 1 DAGs
[2026-09-17T19:47:18.633+0200] {logging_mixin.py:190} INFO - [2026-09-17T19:47:18.632+0200] {dag.py:4180} INFO - Setting next_dagrun for example_xcom to 2021-01-01 00:00:00+00:00, run_after=2021-01-01 00:00:00+00:00
[2026-09-17T19:47:18.638+0200] {processor.py:208} INFO - Processing /Users/swarnalidatta/Desktop/AutoQueryChatbot/.airflow-venv/lib/python3.12/site-packages/airflow/example_dags/example_xcom.py took 0.072 seconds
[2026-09-17T19:48:28.727+0200] {processor.py:186} INFO - Started process (PID=79009) to work on /Users/swarnalidatta/Desktop/AutoQueryChatbot/.airflow-venv/lib/python3.12/site-packages/airflow/example_dags/example_xcom.py
[2026-09-17T19:48:28.727+0200] {processor.py:914} INFO - Processing file /Users/swarnalidatta/Desktop/AutoQueryChatbot/.airflow-venv/lib/python3.12/site-packages/airflow/example_dags/example_xcom.py for tasks to queue
[2026-09-17T19:48:28.727+0200] {logging_mixin.py:190} INFO - [2026-09-17T19:48:28.727+0200] {dagbag.py:588} INFO - Filling up the DagBag from /Users/swarnalidatta/Desktop/AutoQueryChatbot/.airflow-venv/lib/python3.12/site-packages/airflow/example_dags/example_xcom.py
[2026-09-17T19:48:28.740+0200] {processor.py:925} INFO - DAG(s) 'example_xcom' retrieved from /Users/swarnalidatta/Desktop/AutoQueryChatbot/.airflow-venv/lib/python3.12/site-packages/airflow/example_dags/example_xcom.py
[2026-09-17T19:48:28.787+0200] {logging_mixin.py:190} INFO - [2026-09-17T19:48:28.787+0200] {dag.py:3239} INFO - Sync 1 DAGs
[2026-09-17T19:48:28.792+0200] {logging_mixin.py:190} INFO - [2026-09-17T19:48:28.792+0200] {dag.py:4180} INFO - Setting next_dagrun for example_xcom to 2021-01-01 00:00:00+00:00, run_after=2021-01-01 00:00:00+00:00
[2026-09-17T19:48:28.799+0200] {processor.py:208} INFO - Processing /Users/swarnalidatta/Desktop/AutoQueryChatbot/.airflow-venv/lib/python3.12/site-packages/airflow/example_dags/example_xcom.py took 0.073 seconds
[2026-09-17T19:49:39.103+0200] {processor.py:186} INFO - Started process (PID=79199) to work on /Users/swarnalidatta/Desktop/AutoQueryChatbot/.airflow-venv/lib/python3.12/site-packages/airflow/example_dags/example_xcom.py
[2026-09-17T19:49:39.103+0200] {processor.py:914} INFO - Processing file /Users/swarnalidatta/Desktop/AutoQueryChatbot/.airflow-venv/lib/python3.12/site-packages/airflow/example_dags/example_xcom.py for tasks to queue
[2026-09-17T19:49:39.103+0200] {logging_mixin.py:190} INFO - [2026-09-17T19:49:39.103+0200] {dagbag.py:588} INFO - Filling up the DagBag from /Users/swarnalidatta/Desktop/AutoQueryChatbot/.airflow-venv/lib/python3.12/site-packages/airflow/example_dags/example_xcom.py
[2026-09-17T19:49:39.117+0200] {processor.py:925} INFO - DAG(s) 'example_xcom' retrieved from /Users/swarnalidatta/Desktop/AutoQueryChatbot/.airflow-venv/lib/python3.12/site-packages/airflow/example_dags/example_xcom.py
[2026-09-17T19:49:39.166+0200] {logging_mixin.py:190} INFO - [2026-09-17T19:49:39.166+0200] {dag.py:3239} INFO - Sync 1 DAGs
[2026-09-17T19:49:39.171+0200] {logging_mixin.py:190} INFO - [2026-09-17T19:49:39.171+0200] {dag.py:4180} INFO - Setting next_dagrun for example_xcom to 2021-01-01 00:00:00+00:00, run_after=2021-01-01 00:00:00+00:00
[2026-09-17T19:49:39.176+0200] {processor.py:208} INFO - Processing /Users/swarnalidatta/Desktop/AutoQueryChatbot/.airflow-venv/lib/python3.12/site-packages/airflow/example_dags/example_xcom.py took 0.075 seconds
[2026-09-17T19:50:48.202+0200] {processor.py:186} INFO - Started process (PID=79418) to work on /Users/swarnalidatta/Desktop/AutoQueryChatbot/.airflow-venv/lib/python3.12/site-packages/airflow/example_dags/example_xcom.py
[2026-09-17T19:50:48.202+0200] {processor.py:914} INFO - Processing file /Users/swarnalidatta/Desktop/AutoQueryChatbot/.airflow-venv/lib/python3.12/site-packages/airflow/example_dags/example_xcom.py for tasks to queue
[2026-09-17T19:50:48.202+0200] {logging_mixin.py:190} INFO - [2026-09-17T19:50:48.202+0200] {dagbag.py:588} INFO - Filling up the DagBag from /Users/swarnalidatta/Desktop/AutoQueryChatbot/.airflow-venv/lib/python3.12/site-packages/airflow/example_dags/example_xcom.py
[2026-09-17T19:50:48.215+0200] {processor.py:925} INFO - DAG(s) 'example_xcom' retrieved from /Users/swarnalidatta/Desktop/AutoQueryChatbot/.airflow-venv/lib/python3.12/site-packages/airflow/example_dags/example_xcom.py
[2026-09-17T19:50:48.262+0200] {logging_mixin.py:190} INFO - [2026-09-17T19:50:48.262+0200] {dag.py:3239} INFO - Sync 1 DAGs
[2026-09-17T19:50:48.267+0200] {logging_mixin.py:190} INFO - [2026-09-17T19:50:48.267+0200] {dag.py:4180} INFO - Setting next_dagrun for example_xcom to 2021-01-01 00:00:00+00:00, run_after=2021-01-01 00:00:00+00:00
[2026-09-17T19:50:48.272+0200] {processor.py:208} INFO - Processing /Users/swarnalidatta/Desktop/AutoQueryChatbot/.airflow-venv/lib/python3.12/site-packages/airflow/example_dags/example_xcom.py took 0.072 seconds
[2026-09-17T19:51:54.713+0200] {processor.py:186} INFO - Started process (PID=79611) to work on /Users/swarnalidatta/Desktop/AutoQueryChatbot/.airflow-venv/lib/python3.12/site-packages/airflow/example_dags/example_xcom.py
[2026-09-17T19:51:54.714+0200] {processor.py:914} INFO - Processing file /Users/swarnalidatta/Desktop/AutoQueryChatbot/.airflow-venv/lib/python3.12/site-packages/airflow/example_dags/example_xcom.py for tasks to queue
[2026-09-17T19:51:54.714+0200] {logging_mixin.py:190} INFO - [2026-09-17T19:51:54.714+0200] {dagbag.py:588} INFO - Filling up the DagBag from /Users/swarnalidatta/Desktop/AutoQueryChatbot/.airflow-venv/lib/python3.12/site-packages/airflow/example_dags/example_xcom.py
[2026-09-17T19:51:54.727+0200] {processor.py:925} INFO - DAG(s) 'example_xcom' retrieved from /Users/swarnalidatta/Desktop/AutoQueryChatbot/.airflow-venv/lib/python3.12/site-packages/airflow/example_dags/example_xcom.py
[2026-09-17T19:51:54.775+0200] {logging_mixin.py:190} INFO - [2026-09-17T19:51:54.775+0200] {dag.py:3239} INFO - Sync 1 DAGs
[2026-09-17T19:51:54.780+0200] {logging_mixin.py:190} INFO - [2026-09-17T19:51:54.779+0200] {dag.py:4180} INFO - Setting next_dagrun for example_xcom to 2021-01-01 00:00:00+00:00, run_after=2021-01-01 00:00:00+00:00
[2026-09-17T19:51:54.785+0200] {processor.py:208} INFO - Processing /Users/swarnalidatta/Desktop/AutoQueryChatbot/.airflow-venv/lib/python3.12/site-packages/airflow/example_dags/example_xcom.py took 0.072 seconds
[2026-09-17T19:53:04.184+0200] {processor.py:186} INFO - Started process (PID=79822) to work on /Users/swarnalidatta/Desktop/AutoQueryChatbot/.airflow-venv/lib/python3.12/site-packages/airflow/example_dags/example_xcom.py
[2026-09-17T19:53:04.185+0200] {processor.py:914} INFO - Processing file /Users/swarnalidatta/Desktop/AutoQueryChatbot/.airflow-venv/lib/python3.12/site-packages/airflow/example_dags/example_xcom.py for tasks to queue
[2026-09-17T19:53:04.185+0200] {logging_mixin.py:190} INFO - [2026-09-17T19:53:04.185+0200] {dagbag.py:588} INFO - Filling up the DagBag from /Users/swarnalidatta/Desktop/AutoQueryChatbot/.airflow-venv/lib/python3.12/site-packages/airflow/example_dags/example_xcom.py
[2026-09-17T19:53:04.198+0200] {processor.py:925} INFO - DAG(s) 'example_xcom' retrieved from /Users/swarnalidatta/Desktop/AutoQueryChatbot/.airflow-venv/lib/python3.12/site-packages/airflow/example_dags/example_xcom.py
[2026-09-17T19:53:04.248+0200] {logging_mixin.py:190} INFO - [2026-09-17T19:53:04.248+0200] {dag.py:3239} INFO - Sync 1 DAGs
[2026-09-17T19:53:04.253+0200] {logging_mixin.py:190} INFO - [2026-09-17T19:53:04.253+0200] {dag.py:4180} INFO - Setting next_dagrun for example_xcom to 2021-01-01 00:00:00+00:00, run_after=2021-01-01 00:00:00+00:00
[2026-09-17T19:53:04.258+0200] {processor.py:208} INFO - Processing /Users/swarnalidatta/Desktop/AutoQueryChatbot/.airflow-venv/lib/python3.12/site-packages/airflow/example_dags/example_xcom.py took 0.075 seconds
[2026-09-17T19:54:15.242+0200] {processor.py:186} INFO - Started process (PID=80031) to work on /Users/swarnalidatta/Desktop/AutoQueryChatbot/.airflow-venv/lib/python3.12/site-packages/airflow/example_dags/example_xcom.py
[2026-09-17T19:54:15.242+0200] {processor.py:914} INFO - Processing file /Users/swarnalidatta/Desktop/AutoQueryChatbot/.airflow-venv/lib/python3.12/site-packages/airflow/example_dags/example_xcom.py for tasks to queue
[2026-09-17T19:54:15.243+0200] {logging_mixin.py:190} INFO - [2026-09-17T19:54:15.243+0200] {dagbag.py:588} INFO - Filling up the DagBag from /Users/swarnalidatta/Desktop/AutoQueryChatbot/.airflow-venv/lib/python3.12/site-packages/airflow/example_dags/example_xcom.py
[2026-09-17T19:54:15.256+0200] {processor.py:925} INFO - DAG(s) 'example_xcom' retrieved from /Users/swarnalidatta/Desktop/AutoQueryChatbot/.airflow-venv/lib/python3.12/site-packages/airflow/example_dags/example_xcom.py
[2026-09-17T19:54:15.306+0200] {logging_mixin.py:190} INFO - [2026-09-17T19:54:15.306+0200] {dag.py:3239} INFO - Sync 1 DAGs
[2026-09-17T19:54:15.311+0200] {logging_mixin.py:190} INFO - [2026-09-17T19:54:15.311+0200] {dag.py:4180} INFO - Setting next_dagrun for example_xcom to 2021-01-01 00:00:00+00:00, run_after=2021-01-01 00:00:00+00:00
[2026-09-17T19:54:15.316+0200] {processor.py:208} INFO - Processing /Users/swarnalidatta/Desktop/AutoQueryChatbot/.airflow-venv/lib/python3.12/site-packages/airflow/example_dags/example_xcom.py took 0.075 seconds
[2026-09-17T20:05:58.198+0200] {processor.py:186} INFO - Started process (PID=80374) to work on /Users/swarnalidatta/Desktop/AutoQueryChatbot/.airflow-venv/lib/python3.12/site-packages/airflow/example_dags/example_xcom.py
[2026-09-17T20:05:58.198+0200] {processor.py:914} INFO - Processing file /Users/swarnalidatta/Desktop/AutoQueryChatbot/.airflow-venv/lib/python3.12/site-packages/airflow/example_dags/example_xcom.py for tasks to queue
[2026-09-17T20:05:58.198+0200] {logging_mixin.py:190} INFO - [2026-09-17T20:05:58.198+0200] {dagbag.py:588} INFO - Filling up the DagBag from /Users/swarnalidatta/Desktop/AutoQueryChatbot/.airflow-venv/lib/python3.12/site-packages/airflow/example_dags/example_xcom.py
[2026-09-17T20:05:58.210+0200] {processor.py:925} INFO - DAG(s) 'example_xcom' retrieved from /Users/swarnalidatta/Desktop/AutoQueryChatbot/.airflow-venv/lib/python3.12/site-packages/airflow/example_dags/example_xcom.py
[2026-09-17T20:05:58.256+0200] {logging_mixin.py:190} INFO - [2026-09-17T20:05:58.256+0200] {dag.py:3239} INFO - Sync 1 DAGs
[2026-09-17T20:05:58.261+0200] {logging_mixin.py:190} INFO - [2026-09-17T20:05:58.261+0200] {dag.py:4180} INFO - Setting next_dagrun for example_xcom to 2021-01-01 00:00:00+00:00, run_after=2021-01-01 00:00:00+00:00
[2026-09-17T20:05:58.266+0200] {processor.py:208} INFO - Processing /Users/swarnalidatta/Desktop/AutoQueryChatbot/.airflow-venv/lib/python3.12/site-packages/airflow/example_dags/example_xcom.py took 0.069 seconds
[2026-09-17T20:08:07.086+0200] {processor.py:186} INFO - Started process (PID=80967) to work on /Users/swarnalidatta/Desktop/AutoQueryChatbot/.airflow-venv/lib/python3.12/site-packages/airflow/example_dags/example_xcom.py
[2026-09-17T20:08:07.086+0200] {processor.py:914} INFO - Processing file /Users/swarnalidatta/Desktop/AutoQueryChatbot/.airflow-venv/lib/python3.12/site-packages/airflow/example_dags/example_xcom.py for tasks to queue
[2026-09-17T20:08:07.086+0200] {logging_mixin.py:190} INFO - [2026-09-17T20:08:07.086+0200] {dagbag.py:588} INFO - Filling up the DagBag from /Users/swarnalidatta/Desktop/AutoQueryChatbot/.airflow-venv/lib/python3.12/site-packages/airflow/example_dags/example_xcom.py
[2026-09-17T20:08:07.099+0200] {processor.py:925} INFO - DAG(s) 'example_xcom' retrieved from /Users/swarnalidatta/Desktop/AutoQueryChatbot/.airflow-venv/lib/python3.12/site-packages/airflow/example_dags/example_xcom.py
[2026-09-17T20:08:07.147+0200] {logging_mixin.py:190} INFO - [2026-09-17T20:08:07.147+0200] {dag.py:3239} INFO - Sync 1 DAGs
[2026-09-17T20:08:07.152+0200] {logging_mixin.py:190} INFO - [2026-09-17T20:08:07.151+0200] {dag.py:4180} INFO - Setting next_dagrun for example_xcom to 2021-01-01 00:00:00+00:00, run_after=2021-01-01 00:00:00+00:00
[2026-09-17T20:08:07.157+0200] {processor.py:208} INFO - Processing /Users/swarnalidatta/Desktop/AutoQueryChatbot/.airflow-venv/lib/python3.12/site-packages/airflow/example_dags/example_xcom.py took 0.072 seconds
[2026-09-17T20:09:41.553+0200] {processor.py:186} INFO - Started process (PID=81497) to work on /Users/swarnalidatta/Desktop/AutoQueryChatbot/.airflow-venv/lib/python3.12/site-packages/airflow/example_dags/example_xcom.py
[2026-09-17T20:09:41.553+0200] {processor.py:914} INFO - Processing file /Users/swarnalidatta/Desktop/AutoQueryChatbot/.airflow-venv/lib/python3.12/site-packages/airflow/example_dags/example_xcom.py for tasks to queue
[2026-09-17T20:09:41.553+0200] {logging_mixin.py:190} INFO - [2026-09-17T20:09:41.553+0200] {dagbag.py:588} INFO - Filling up the DagBag from /Users/swarnalidatta/Desktop/AutoQueryChatbot/.airflow-venv/lib/python3.12/site-packages/airflow/example_dags/example_xcom.py
[2026-09-17T20:09:41.566+0200] {processor.py:925} INFO - DAG(s) 'example_xcom' retrieved from /Users/swarnalidatta/Desktop/AutoQueryChatbot/.airflow-venv/lib/python3.12/site-packages/airflow/example_dags/example_xcom.py
[2026-09-17T20:09:41.614+0200] {logging_mixin.py:190} INFO - [2026-09-17T20:09:41.614+0200] {dag.py:3239} INFO - Sync 1 DAGs
[2026-09-17T20:09:41.619+0200] {logging_mixin.py:190} INFO - [2026-09-17T20:09:41.619+0200] {dag.py:4180} INFO - Setting next_dagrun for example_xcom to 2021-01-01 00:00:00+00:00, run_after=2021-01-01 00:00:00+00:00
[2026-09-17T20:09:41.624+0200] {processor.py:208} INFO - Processing /Users/swarnalidatta/Desktop/AutoQueryChatbot/.airflow-venv/lib/python3.12/site-packages/airflow/example_dags/example_xcom.py took 0.072 seconds
[2026-09-17T20:11:11.792+0200] {processor.py:186} INFO - Started process (PID=82192) to work on /Users/swarnalidatta/Desktop/AutoQueryChatbot/.airflow-venv/lib/python3.12/site-packages/airflow/example_dags/example_xcom.py
[2026-09-17T20:11:11.793+0200] {processor.py:914} INFO - Processing file /Users/swarnalidatta/Desktop/AutoQueryChatbot/.airflow-venv/lib/python3.12/site-packages/airflow/example_dags/example_xcom.py for tasks to queue
[2026-09-17T20:11:11.793+0200] {logging_mixin.py:190} INFO - [2026-09-17T20:11:11.793+0200] {dagbag.py:588} INFO - Filling up the DagBag from /Users/swarnalidatta/Desktop/AutoQueryChatbot/.airflow-venv/lib/python3.12/site-packages/airflow/example_dags/example_xcom.py
[2026-09-17T20:11:11.806+0200] {processor.py:925} INFO - DAG(s) 'example_xcom' retrieved from /Users/swarnalidatta/Desktop/AutoQueryChatbot/.airflow-venv/lib/python3.12/site-packages/airflow/example_dags/example_xcom.py
[2026-09-17T20:11:11.854+0200] {logging_mixin.py:190} INFO - [2026-09-17T20:11:11.854+0200] {dag.py:3239} INFO - Sync 1 DAGs
[2026-09-17T20:11:11.859+0200] {logging_mixin.py:190} INFO - [2026-09-17T20:11:11.859+0200] {dag.py:4180} INFO - Setting next_dagrun for example_xcom to 2021-01-01 00:00:00+00:00, run_after=2021-01-01 00:00:00+00:00
[2026-09-17T20:11:11.864+0200] {processor.py:208} INFO - Processing /Users/swarnalidatta/Desktop/AutoQueryChatbot/.airflow-venv/lib/python3.12/site-packages/airflow/example_dags/example_xcom.py took 0.073 seconds
[2026-09-17T20:12:18.213+0200] {processor.py:186} INFO - Started process (PID=82412) to work on /Users/swarnalidatta/Desktop/AutoQueryChatbot/.airflow-venv/lib/python3.12/site-packages/airflow/example_dags/example_xcom.py
[2026-09-17T20:12:18.213+0200] {processor.py:914} INFO - Processing file /Users/swarnalidatta/Desktop/AutoQueryChatbot/.airflow-venv/lib/python3.12/site-packages/airflow/example_dags/example_xcom.py for tasks to queue
[2026-09-17T20:12:18.214+0200] {logging_mixin.py:190} INFO - [2026-09-17T20:12:18.214+0200] {dagbag.py:588} INFO - Filling up the DagBag from /Users/swarnalidatta/Desktop/AutoQueryChatbot/.airflow-venv/lib/python3.12/site-packages/airflow/example_dags/example_xcom.py
[2026-09-17T20:12:18.227+0200] {processor.py:925} INFO - DAG(s) 'example_xcom' retrieved from /Users/swarnalidatta/Desktop/AutoQueryChatbot/.airflow-venv/lib/python3.12/site-packages/airflow/example_dags/example_xcom.py
[2026-09-17T20:12:18.274+0200] {logging_mixin.py:190} INFO - [2026-09-17T20:12:18.274+0200] {dag.py:3239} INFO - Sync 1 DAGs
[2026-09-17T20:12:18.279+0200] {logging_mixin.py:190} INFO - [2026-09-17T20:12:18.279+0200] {dag.py:4180} INFO - Setting next_dagrun for example_xcom to 2021-01-01 00:00:00+00:00, run_after=2021-01-01 00:00:00+00:00
[2026-09-17T20:12:18.284+0200] {processor.py:208} INFO - Processing /Users/swarnalidatta/Desktop/AutoQueryChatbot/.airflow-venv/lib/python3.12/site-packages/airflow/example_dags/example_xcom.py took 0.072 seconds
[2026-09-17T20:14:29.433+0200] {processor.py:186} INFO - Started process (PID=82859) to work on /Users/swarnalidatta/Desktop/AutoQueryChatbot/.airflow-venv/lib/python3.12/site-packages/airflow/example_dags/example_xcom.py
[2026-09-17T20:14:29.434+0200] {processor.py:914} INFO - Processing file /Users/swarnalidatta/Desktop/AutoQueryChatbot/.airflow-venv/lib/python3.12/site-packages/airflow/example_dags/example_xcom.py for tasks to queue
[2026-09-17T20:14:29.435+0200] {logging_mixin.py:190} INFO - [2026-09-17T20:14:29.434+0200] {dagbag.py:588} INFO - Filling up the DagBag from /Users/swarnalidatta/Desktop/AutoQueryChatbot/.airflow-venv/lib/python3.12/site-packages/airflow/example_dags/example_xcom.py
[2026-09-17T20:14:29.448+0200] {processor.py:925} INFO - DAG(s) 'example_xcom' retrieved from /Users/swarnalidatta/Desktop/AutoQueryChatbot/.airflow-venv/lib/python3.12/site-packages/airflow/example_dags/example_xcom.py
[2026-09-17T20:14:29.495+0200] {logging_mixin.py:190} INFO - [2026-09-17T20:14:29.495+0200] {dag.py:3239} INFO - Sync 1 DAGs
[2026-09-17T20:14:29.500+0200] {logging_mixin.py:190} INFO - [2026-09-17T20:14:29.500+0200] {dag.py:4180} INFO - Setting next_dagrun for example_xcom to 2021-01-01 00:00:00+00:00, run_after=2021-01-01 00:00:00+00:00
[2026-09-17T20:14:29.506+0200] {processor.py:208} INFO - Processing /Users/swarnalidatta/Desktop/AutoQueryChatbot/.airflow-venv/lib/python3.12/site-packages/airflow/example_dags/example_xcom.py took 0.074 seconds
[2026-09-17T20:16:03.321+0200] {processor.py:186} INFO - Started process (PID=83189) to work on /Users/swarnalidatta/Desktop/AutoQueryChatbot/.airflow-venv/lib/python3.12/site-packages/airflow/example_dags/example_xcom.py
[2026-09-17T20:16:03.321+0200] {processor.py:914} INFO - Processing file /Users/swarnalidatta/Desktop/AutoQueryChatbot/.airflow-venv/lib/python3.12/site-packages/airflow/example_dags/example_xcom.py for tasks to queue
[2026-09-17T20:16:03.321+0200] {logging_mixin.py:190} INFO - [2026-09-17T20:16:03.321+0200] {dagbag.py:588} INFO - Filling up the DagBag from /Users/swarnalidatta/Desktop/AutoQueryChatbot/.airflow-venv/lib/python3.12/site-packages/airflow/example_dags/example_xcom.py
[2026-09-17T20:16:03.335+0200] {processor.py:925} INFO - DAG(s) 'example_xcom' retrieved from /Users/swarnalidatta/Desktop/AutoQueryChatbot/.airflow-venv/lib/python3.12/site-packages/airflow/example_dags/example_xcom.py
[2026-09-17T20:16:03.384+0200] {logging_mixin.py:190} INFO - [2026-09-17T20:16:03.384+0200] {dag.py:3239} INFO - Sync 1 DAGs
[2026-09-17T20:16:03.389+0200] {logging_mixin.py:190} INFO - [2026-09-17T20:16:03.389+0200] {dag.py:4180} INFO - Setting next_dagrun for example_xcom to 2021-01-01 00:00:00+00:00, run_after=2021-01-01 00:00:00+00:00
[2026-09-17T20:16:03.394+0200] {processor.py:208} INFO - Processing /Users/swarnalidatta/Desktop/AutoQueryChatbot/.airflow-venv/lib/python3.12/site-packages/airflow/example_dags/example_xcom.py took 0.075 seconds
[2026-09-17T20:17:49.855+0200] {processor.py:186} INFO - Started process (PID=83557) to work on /Users/swarnalidatta/Desktop/AutoQueryChatbot/.airflow-venv/lib/python3.12/site-packages/airflow/example_dags/example_xcom.py
[2026-09-17T20:17:49.855+0200] {processor.py:914} INFO - Processing file /Users/swarnalidatta/Desktop/AutoQueryChatbot/.airflow-venv/lib/python3.12/site-packages/airflow/example_dags/example_xcom.py for tasks to queue
[2026-09-17T20:17:49.856+0200] {logging_mixin.py:190} INFO - [2026-09-17T20:17:49.856+0200] {dagbag.py:588} INFO - Filling up the DagBag from /Users/swarnalidatta/Desktop/AutoQueryChatbot/.airflow-venv/lib/python3.12/site-packages/airflow/example_dags/example_xcom.py
[2026-09-17T20:17:49.869+0200] {processor.py:925} INFO - DAG(s) 'example_xcom' retrieved from /Users/swarnalidatta/Desktop/AutoQueryChatbot/.airflow-venv/lib/python3.12/site-packages/airflow/example_dags/example_xcom.py
[2026-09-17T20:17:49.919+0200] {logging_mixin.py:190} INFO - [2026-09-17T20:17:49.919+0200] {dag.py:3239} INFO - Sync 1 DAGs
[2026-09-17T20:17:49.924+0200] {logging_mixin.py:190} INFO - [2026-09-17T20:17:49.924+0200] {dag.py:4180} INFO - Setting next_dagrun for example_xcom to 2021-01-01 00:00:00+00:00, run_after=2021-01-01 00:00:00+00:00
[2026-09-17T20:17:49.929+0200] {processor.py:208} INFO - Processing /Users/swarnalidatta/Desktop/AutoQueryChatbot/.airflow-venv/lib/python3.12/site-packages/airflow/example_dags/example_xcom.py took 0.075 seconds
[2026-09-17T20:19:59.596+0200] {processor.py:186} INFO - Started process (PID=84034) to work on /Users/swarnalidatta/Desktop/AutoQueryChatbot/.airflow-venv/lib/python3.12/site-packages/airflow/example_dags/example_xcom.py
[2026-09-17T20:19:59.597+0200] {processor.py:914} INFO - Processing file /Users/swarnalidatta/Desktop/AutoQueryChatbot/.airflow-venv/lib/python3.12/site-packages/airflow/example_dags/example_xcom.py for tasks to queue
[2026-09-17T20:19:59.597+0200] {logging_mixin.py:190} INFO - [2026-09-17T20:19:59.597+0200] {dagbag.py:588} INFO - Filling up the DagBag from /Users/swarnalidatta/Desktop/AutoQueryChatbot/.airflow-venv/lib/python3.12/site-packages/airflow/example_dags/example_xcom.py
[2026-09-17T20:19:59.611+0200] {processor.py:925} INFO - DAG(s) 'example_xcom' retrieved from /Users/swarnalidatta/Desktop/AutoQueryChatbot/.airflow-venv/lib/python3.12/site-packages/airflow/example_dags/example_xcom.py
[2026-09-17T20:19:59.659+0200] {logging_mixin.py:190} INFO - [2026-09-17T20:19:59.659+0200] {dag.py:3239} INFO - Sync 1 DAGs
[2026-09-17T20:19:59.664+0200] {logging_mixin.py:190} INFO - [2026-09-17T20:19:59.664+0200] {dag.py:4180} INFO - Setting next_dagrun for example_xcom to 2021-01-01 00:00:00+00:00, run_after=2021-01-01 00:00:00+00:00
[2026-09-17T20:19:59.669+0200] {processor.py:208} INFO - Processing /Users/swarnalidatta/Desktop/AutoQueryChatbot/.airflow-venv/lib/python3.12/site-packages/airflow/example_dags/example_xcom.py took 0.074 seconds
[2026-09-17T20:21:24.106+0200] {processor.py:186} INFO - Started process (PID=84283) to work on /Users/swarnalidatta/Desktop/AutoQueryChatbot/.airflow-venv/lib/python3.12/site-packages/airflow/example_dags/example_xcom.py
[2026-09-17T20:21:24.106+0200] {processor.py:914} INFO - Processing file /Users/swarnalidatta/Desktop/AutoQueryChatbot/.airflow-venv/lib/python3.12/site-packages/airflow/example_dags/example_xcom.py for tasks to queue
[2026-09-17T20:21:24.107+0200] {logging_mixin.py:190} INFO - [2026-09-17T20:21:24.107+0200] {dagbag.py:588} INFO - Filling up the DagBag from /Users/swarnalidatta/Desktop/AutoQueryChatbot/.airflow-venv/lib/python3.12/site-packages/airflow/example_dags/example_xcom.py
[2026-09-17T20:21:24.119+0200] {processor.py:925} INFO - DAG(s) 'example_xcom' retrieved from /Users/swarnalidatta/Desktop/AutoQueryChatbot/.airflow-venv/lib/python3.12/site-packages/airflow/example_dags/example_xcom.py
[2026-09-17T20:21:24.167+0200] {logging_mixin.py:190} INFO - [2026-09-17T20:21:24.167+0200] {dag.py:3239} INFO - Sync 1 DAGs
[2026-09-17T20:21:24.172+0200] {logging_mixin.py:190} INFO - [2026-09-17T20:21:24.171+0200] {dag.py:4180} INFO - Setting next_dagrun for example_xcom to 2021-01-01 00:00:00+00:00, run_after=2021-01-01 00:00:00+00:00
[2026-09-17T20:21:24.177+0200] {processor.py:208} INFO - Processing /Users/swarnalidatta/Desktop/AutoQueryChatbot/.airflow-venv/lib/python3.12/site-packages/airflow/example_dags/example_xcom.py took 0.072 seconds
[2026-09-17T20:22:52.798+0200] {processor.py:186} INFO - Started process (PID=84690) to work on /Users/swarnalidatta/Desktop/AutoQueryChatbot/.airflow-venv/lib/python3.12/site-packages/airflow/example_dags/example_xcom.py
[2026-09-17T20:22:52.798+0200] {processor.py:914} INFO - Processing file /Users/swarnalidatta/Desktop/AutoQueryChatbot/.airflow-venv/lib/python3.12/site-packages/airflow/example_dags/example_xcom.py for tasks to queue
[2026-09-17T20:22:52.799+0200] {logging_mixin.py:190} INFO - [2026-09-17T20:22:52.799+0200] {dagbag.py:588} INFO - Filling up the DagBag from /Users/swarnalidatta/Desktop/AutoQueryChatbot/.airflow-venv/lib/python3.12/site-packages/airflow/example_dags/example_xcom.py
[2026-09-17T20:22:52.812+0200] {processor.py:925} INFO - DAG(s) 'example_xcom' retrieved from /Users/swarnalidatta/Desktop/AutoQueryChatbot/.airflow-venv/lib/python3.12/site-packages/airflow/example_dags/example_xcom.py
[2026-09-17T20:22:52.860+0200] {logging_mixin.py:190} INFO - [2026-09-17T20:22:52.860+0200] {dag.py:3239} INFO - Sync 1 DAGs
[2026-09-17T20:22:52.865+0200] {logging_mixin.py:190} INFO - [2026-09-17T20:22:52.865+0200] {dag.py:4180} INFO - Setting next_dagrun for example_xcom to 2021-01-01 00:00:00+00:00, run_after=2021-01-01 00:00:00+00:00
[2026-09-17T20:22:52.870+0200] {processor.py:208} INFO - Processing /Users/swarnalidatta/Desktop/AutoQueryChatbot/.airflow-venv/lib/python3.12/site-packages/airflow/example_dags/example_xcom.py took 0.073 seconds
[2026-09-17T20:24:09.727+0200] {processor.py:186} INFO - Started process (PID=84915) to work on /Users/swarnalidatta/Desktop/AutoQueryChatbot/.airflow-venv/lib/python3.12/site-packages/airflow/example_dags/example_xcom.py
[2026-09-17T20:24:09.728+0200] {processor.py:914} INFO - Processing file /Users/swarnalidatta/Desktop/AutoQueryChatbot/.airflow-venv/lib/python3.12/site-packages/airflow/example_dags/example_xcom.py for tasks to queue
[2026-09-17T20:24:09.728+0200] {logging_mixin.py:190} INFO - [2026-09-17T20:24:09.728+0200] {dagbag.py:588} INFO - Filling up the DagBag from /Users/swarnalidatta/Desktop/AutoQueryChatbot/.airflow-venv/lib/python3.12/site-packages/airflow/example_dags/example_xcom.py
[2026-09-17T20:24:09.741+0200] {processor.py:925} INFO - DAG(s) 'example_xcom' retrieved from /Users/swarnalidatta/Desktop/AutoQueryChatbot/.airflow-venv/lib/python3.12/site-packages/airflow/example_dags/example_xcom.py
[2026-09-17T20:24:09.789+0200] {logging_mixin.py:190} INFO - [2026-09-17T20:24:09.788+0200] {dag.py:3239} INFO - Sync 1 DAGs
[2026-09-17T20:24:09.793+0200] {logging_mixin.py:190} INFO - [2026-09-17T20:24:09.793+0200] {dag.py:4180} INFO - Setting next_dagrun for example_xcom to 2021-01-01 00:00:00+00:00, run_after=2021-01-01 00:00:00+00:00
[2026-09-17T20:24:09.799+0200] {processor.py:208} INFO - Processing /Users/swarnalidatta/Desktop/AutoQueryChatbot/.airflow-venv/lib/python3.12/site-packages/airflow/example_dags/example_xcom.py took 0.072 seconds
[2026-09-17T20:26:07.802+0200] {processor.py:186} INFO - Started process (PID=85244) to work on /Users/swarnalidatta/Desktop/AutoQueryChatbot/.airflow-venv/lib/python3.12/site-packages/airflow/example_dags/example_xcom.py
[2026-09-17T20:26:07.802+0200] {processor.py:914} INFO - Processing file /Users/swarnalidatta/Desktop/AutoQueryChatbot/.airflow-venv/lib/python3.12/site-packages/airflow/example_dags/example_xcom.py for tasks to queue
[2026-09-17T20:26:07.803+0200] {logging_mixin.py:190} INFO - [2026-09-17T20:26:07.803+0200] {dagbag.py:588} INFO - Filling up the DagBag from /Users/swarnalidatta/Desktop/AutoQueryChatbot/.airflow-venv/lib/python3.12/site-packages/airflow/example_dags/example_xcom.py
[2026-09-17T20:26:07.816+0200] {processor.py:925} INFO - DAG(s) 'example_xcom' retrieved from /Users/swarnalidatta/Desktop/AutoQueryChatbot/.airflow-venv/lib/python3.12/site-packages/airflow/example_dags/example_xcom.py
[2026-09-17T20:26:07.864+0200] {logging_mixin.py:190} INFO - [2026-09-17T20:26:07.864+0200] {dag.py:3239} INFO - Sync 1 DAGs
[2026-09-17T20:26:07.869+0200] {logging_mixin.py:190} INFO - [2026-09-17T20:26:07.869+0200] {dag.py:4180} INFO - Setting next_dagrun for example_xcom to 2021-01-01 00:00:00+00:00, run_after=2021-01-01 00:00:00+00:00
[2026-09-17T20:26:07.874+0200] {processor.py:208} INFO - Processing /Users/swarnalidatta/Desktop/AutoQueryChatbot/.airflow-venv/lib/python3.12/site-packages/airflow/example_dags/example_xcom.py took 0.073 seconds
[2026-09-17T20:27:19.756+0200] {processor.py:186} INFO - Started process (PID=85429) to work on /Users/swarnalidatta/Desktop/AutoQueryChatbot/.airflow-venv/lib/python3.12/site-packages/airflow/example_dags/example_xcom.py
[2026-09-17T20:27:19.756+0200] {processor.py:914} INFO - Processing file /Users/swarnalidatta/Desktop/AutoQueryChatbot/.airflow-venv/lib/python3.12/site-packages/airflow/example_dags/example_xcom.py for tasks to queue
[2026-09-17T20:27:19.757+0200] {logging_mixin.py:190} INFO - [2026-09-17T20:27:19.756+0200] {dagbag.py:588} INFO - Filling up the DagBag from /Users/swarnalidatta/Desktop/AutoQueryChatbot/.airflow-venv/lib/python3.12/site-packages/airflow/example_dags/example_xcom.py
[2026-09-17T20:27:19.769+0200] {processor.py:925} INFO - DAG(s) 'example_xcom' retrieved from /Users/swarnalidatta/Desktop/AutoQueryChatbot/.airflow-venv/lib/python3.12/site-packages/airflow/example_dags/example_xcom.py
[2026-09-17T20:27:19.816+0200] {logging_mixin.py:190} INFO - [2026-09-17T20:27:19.816+0200] {dag.py:3239} INFO - Sync 1 DAGs
[2026-09-17T20:27:19.821+0200] {logging_mixin.py:190} INFO - [2026-09-17T20:27:19.821+0200] {dag.py:4180} INFO - Setting next_dagrun for example_xcom to 2021-01-01 00:00:00+00:00, run_after=2021-01-01 00:00:00+00:00
[2026-09-17T20:27:19.826+0200] {processor.py:208} INFO - Processing /Users/swarnalidatta/Desktop/AutoQueryChatbot/.airflow-venv/lib/python3.12/site-packages/airflow/example_dags/example_xcom.py took 0.071 seconds
[2026-09-17T20:28:34.361+0200] {processor.py:186} INFO - Started process (PID=85604) to work on /Users/swarnalidatta/Desktop/AutoQueryChatbot/.airflow-venv/lib/python3.12/site-packages/airflow/example_dags/example_xcom.py
[2026-09-17T20:28:34.361+0200] {processor.py:914} INFO - Processing file /Users/swarnalidatta/Desktop/AutoQueryChatbot/.airflow-venv/lib/python3.12/site-packages/airflow/example_dags/example_xcom.py for tasks to queue
[2026-09-17T20:28:34.361+0200] {logging_mixin.py:190} INFO - [2026-09-17T20:28:34.361+0200] {dagbag.py:588} INFO - Filling up the DagBag from /Users/swarnalidatta/Desktop/AutoQueryChatbot/.airflow-venv/lib/python3.12/site-packages/airflow/example_dags/example_xcom.py
[2026-09-17T20:28:34.375+0200] {processor.py:925} INFO - DAG(s) 'example_xcom' retrieved from /Users/swarnalidatta/Desktop/AutoQueryChatbot/.airflow-venv/lib/python3.12/site-packages/airflow/example_dags/example_xcom.py
[2026-09-17T20:28:34.424+0200] {logging_mixin.py:190} INFO - [2026-09-17T20:28:34.424+0200] {dag.py:3239} INFO - Sync 1 DAGs
[2026-09-17T20:28:34.429+0200] {logging_mixin.py:190} INFO - [2026-09-17T20:28:34.429+0200] {dag.py:4180} INFO - Setting next_dagrun for example_xcom to 2021-01-01 00:00:00+00:00, run_after=2021-01-01 00:00:00+00:00
[2026-09-17T20:28:34.434+0200] {processor.py:208} INFO - Processing /Users/swarnalidatta/Desktop/AutoQueryChatbot/.airflow-venv/lib/python3.12/site-packages/airflow/example_dags/example_xcom.py took 0.075 seconds
[2026-09-17T20:29:49.844+0200] {processor.py:186} INFO - Started process (PID=85758) to work on /Users/swarnalidatta/Desktop/AutoQueryChatbot/.airflow-venv/lib/python3.12/site-packages/airflow/example_dags/example_xcom.py
[2026-09-17T20:29:49.844+0200] {processor.py:914} INFO - Processing file /Users/swarnalidatta/Desktop/AutoQueryChatbot/.airflow-venv/lib/python3.12/site-packages/airflow/example_dags/example_xcom.py for tasks to queue
[2026-09-17T20:29:49.844+0200] {logging_mixin.py:190} INFO - [2026-09-17T20:29:49.844+0200] {dagbag.py:588} INFO - Filling up the DagBag from /Users/swarnalidatta/Desktop/AutoQueryChatbot/.airflow-venv/lib/python3.12/site-packages/airflow/example_dags/example_xcom.py
[2026-09-17T20:29:49.857+0200] {processor.py:925} INFO - DAG(s) 'example_xcom' retrieved from /Users/swarnalidatta/Desktop/AutoQueryChatbot/.airflow-venv/lib/python3.12/site-packages/airflow/example_dags/example_xcom.py
[2026-09-17T20:29:49.905+0200] {logging_mixin.py:190} INFO - [2026-09-17T20:29:49.905+0200] {dag.py:3239} INFO - Sync 1 DAGs
[2026-09-17T20:29:49.910+0200] {logging_mixin.py:190} INFO - [2026-09-17T20:29:49.910+0200] {dag.py:4180} INFO - Setting next_dagrun for example_xcom to 2021-01-01 00:00:00+00:00, run_after=2021-01-01 00:00:00+00:00
[2026-09-17T20:29:49.915+0200] {processor.py:208} INFO - Processing /Users/swarnalidatta/Desktop/AutoQueryChatbot/.airflow-venv/lib/python3.12/site-packages/airflow/example_dags/example_xcom.py took 0.072 seconds
[2026-09-17T20:31:07.221+0200] {processor.py:186} INFO - Started process (PID=85955) to work on /Users/swarnalidatta/Desktop/AutoQueryChatbot/.airflow-venv/lib/python3.12/site-packages/airflow/example_dags/example_xcom.py
[2026-09-17T20:31:07.222+0200] {processor.py:914} INFO - Processing file /Users/swarnalidatta/Desktop/AutoQueryChatbot/.airflow-venv/lib/python3.12/site-packages/airflow/example_dags/example_xcom.py for tasks to queue
[2026-09-17T20:31:07.222+0200] {logging_mixin.py:190} INFO - [2026-09-17T20:31:07.222+0200] {dagbag.py:588} INFO - Filling up the DagBag from /Users/swarnalidatta/Desktop/AutoQueryChatbot/.airflow-venv/lib/python3.12/site-packages/airflow/example_dags/example_xcom.py
[2026-09-17T20:31:07.235+0200] {processor.py:925} INFO - DAG(s) 'example_xcom' retrieved from /Users/swarnalidatta/Desktop/AutoQueryChatbot/.airflow-venv/lib/python3.12/site-packages/airflow/example_dags/example_xcom.py
[2026-09-17T20:31:07.282+0200] {logging_mixin.py:190} INFO - [2026-09-17T20:31:07.282+0200] {dag.py:3239} INFO - Sync 1 DAGs
[2026-09-17T20:31:07.287+0200] {logging_mixin.py:190} INFO - [2026-09-17T20:31:07.287+0200] {dag.py:4180} INFO - Setting next_dagrun for example_xcom to 2021-01-01 00:00:00+00:00, run_after=2021-01-01 00:00:00+00:00
[2026-09-17T20:31:07.293+0200] {processor.py:208} INFO - Processing /Users/swarnalidatta/Desktop/AutoQueryChatbot/.airflow-venv/lib/python3.12/site-packages/airflow/example_dags/example_xcom.py took 0.073 seconds
[2026-09-17T20:32:29.048+0200] {processor.py:186} INFO - Started process (PID=86178) to work on /Users/swarnalidatta/Desktop/AutoQueryChatbot/.airflow-venv/lib/python3.12/site-packages/airflow/example_dags/example_xcom.py
[2026-09-17T20:32:29.050+0200] {processor.py:914} INFO - Processing file /Users/swarnalidatta/Desktop/AutoQueryChatbot/.airflow-venv/lib/python3.12/site-packages/airflow/example_dags/example_xcom.py for tasks to queue
[2026-09-17T20:32:29.050+0200] {logging_mixin.py:190} INFO - [2026-09-17T20:32:29.050+0200] {dagbag.py:588} INFO - Filling up the DagBag from /Users/swarnalidatta/Desktop/AutoQueryChatbot/.airflow-venv/lib/python3.12/site-packages/airflow/example_dags/example_xcom.py
[2026-09-17T20:32:29.063+0200] {processor.py:925} INFO - DAG(s) 'example_xcom' retrieved from /Users/swarnalidatta/Desktop/AutoQueryChatbot/.airflow-venv/lib/python3.12/site-packages/airflow/example_dags/example_xcom.py
[2026-09-17T20:32:29.110+0200] {logging_mixin.py:190} INFO - [2026-09-17T20:32:29.110+0200] {dag.py:3239} INFO - Sync 1 DAGs
[2026-09-17T20:32:29.115+0200] {logging_mixin.py:190} INFO - [2026-09-17T20:32:29.115+0200] {dag.py:4180} INFO - Setting next_dagrun for example_xcom to 2021-01-01 00:00:00+00:00, run_after=2021-01-01 00:00:00+00:00
[2026-09-17T20:32:29.120+0200] {processor.py:208} INFO - Processing /Users/swarnalidatta/Desktop/AutoQueryChatbot/.airflow-venv/lib/python3.12/site-packages/airflow/example_dags/example_xcom.py took 0.073 seconds
[2026-09-17T20:33:30.129+0200] {processor.py:186} INFO - Started process (PID=86320) to work on /Users/swarnalidatta/Desktop/AutoQueryChatbot/.airflow-venv/lib/python3.12/site-packages/airflow/example_dags/example_xcom.py
[2026-09-17T20:33:30.130+0200] {processor.py:914} INFO - Processing file /Users/swarnalidatta/Desktop/AutoQueryChatbot/.airflow-venv/lib/python3.12/site-packages/airflow/example_dags/example_xcom.py for tasks to queue
[2026-09-17T20:33:30.130+0200] {logging_mixin.py:190} INFO - [2026-09-17T20:33:30.130+0200] {dagbag.py:588} INFO - Filling up the DagBag from /Users/swarnalidatta/Desktop/AutoQueryChatbot/.airflow-venv/lib/python3.12/site-packages/airflow/example_dags/example_xcom.py
[2026-09-17T20:33:30.143+0200] {processor.py:925} INFO - DAG(s) 'example_xcom' retrieved from /Users/swarnalidatta/Desktop/AutoQueryChatbot/.airflow-venv/lib/python3.12/site-packages/airflow/example_dags/example_xcom.py
[2026-09-17T20:33:30.190+0200] {logging_mixin.py:190} INFO - [2026-09-17T20:33:30.190+0200] {dag.py:3239} INFO - Sync 1 DAGs
[2026-09-17T20:33:30.195+0200] {logging_mixin.py:190} INFO - [2026-09-17T20:33:30.195+0200] {dag.py:4180} INFO - Setting next_dagrun for example_xcom to 2021-01-01 00:00:00+00:00, run_after=2021-01-01 00:00:00+00:00
[2026-09-17T20:33:30.200+0200] {processor.py:208} INFO - Processing /Users/swarnalidatta/Desktop/AutoQueryChatbot/.airflow-venv/lib/python3.12/site-packages/airflow/example_dags/example_xcom.py took 0.073 seconds
[2026-09-17T20:34:33.481+0200] {processor.py:186} INFO - Started process (PID=86466) to work on /Users/swarnalidatta/Desktop/AutoQueryChatbot/.airflow-venv/lib/python3.12/site-packages/airflow/example_dags/example_xcom.py
[2026-09-17T20:34:33.481+0200] {processor.py:914} INFO - Processing file /Users/swarnalidatta/Desktop/AutoQueryChatbot/.airflow-venv/lib/python3.12/site-packages/airflow/example_dags/example_xcom.py for tasks to queue
[2026-09-17T20:34:33.482+0200] {logging_mixin.py:190} INFO - [2026-09-17T20:34:33.482+0200] {dagbag.py:588} INFO - Filling up the DagBag from /Users/swarnalidatta/Desktop/AutoQueryChatbot/.airflow-venv/lib/python3.12/site-packages/airflow/example_dags/example_xcom.py
[2026-09-17T20:34:33.496+0200] {processor.py:925} INFO - DAG(s) 'example_xcom' retrieved from /Users/swarnalidatta/Desktop/AutoQueryChatbot/.airflow-venv/lib/python3.12/site-packages/airflow/example_dags/example_xcom.py
[2026-09-17T20:34:33.550+0200] {logging_mixin.py:190} INFO - [2026-09-17T20:34:33.550+0200] {dag.py:3239} INFO - Sync 1 DAGs
[2026-09-17T20:34:33.555+0200] {logging_mixin.py:190} INFO - [2026-09-17T20:34:33.555+0200] {dag.py:4180} INFO - Setting next_dagrun for example_xcom to 2021-01-01 00:00:00+00:00, run_after=2021-01-01 00:00:00+00:00
[2026-09-17T20:34:33.560+0200] {processor.py:208} INFO - Processing /Users/swarnalidatta/Desktop/AutoQueryChatbot/.airflow-venv/lib/python3.12/site-packages/airflow/example_dags/example_xcom.py took 0.081 seconds
[2026-09-17T20:35:38.901+0200] {processor.py:186} INFO - Started process (PID=86612) to work on /Users/swarnalidatta/Desktop/AutoQueryChatbot/.airflow-venv/lib/python3.12/site-packages/airflow/example_dags/example_xcom.py
[2026-09-17T20:35:38.901+0200] {processor.py:914} INFO - Processing file /Users/swarnalidatta/Desktop/AutoQueryChatbot/.airflow-venv/lib/python3.12/site-packages/airflow/example_dags/example_xcom.py for tasks to queue
[2026-09-17T20:35:38.901+0200] {logging_mixin.py:190} INFO - [2026-09-17T20:35:38.901+0200] {dagbag.py:588} INFO - Filling up the DagBag from /Users/swarnalidatta/Desktop/AutoQueryChatbot/.airflow-venv/lib/python3.12/site-packages/airflow/example_dags/example_xcom.py
[2026-09-17T20:35:38.914+0200] {processor.py:925} INFO - DAG(s) 'example_xcom' retrieved from /Users/swarnalidatta/Desktop/AutoQueryChatbot/.airflow-venv/lib/python3.12/site-packages/airflow/example_dags/example_xcom.py
[2026-09-17T20:35:38.961+0200] {logging_mixin.py:190} INFO - [2026-09-17T20:35:38.961+0200] {dag.py:3239} INFO - Sync 1 DAGs
[2026-09-17T20:35:38.966+0200] {logging_mixin.py:190} INFO - [2026-09-17T20:35:38.966+0200] {dag.py:4180} INFO - Setting next_dagrun for example_xcom to 2021-01-01 00:00:00+00:00, run_after=2021-01-01 00:00:00+00:00
[2026-09-17T20:35:38.971+0200] {processor.py:208} INFO - Processing /Users/swarnalidatta/Desktop/AutoQueryChatbot/.airflow-venv/lib/python3.12/site-packages/airflow/example_dags/example_xcom.py took 0.071 seconds
[2026-09-17T20:36:40.358+0200] {processor.py:186} INFO - Started process (PID=86751) to work on /Users/swarnalidatta/Desktop/AutoQueryChatbot/.airflow-venv/lib/python3.12/site-packages/airflow/example_dags/example_xcom.py
[2026-09-17T20:36:40.359+0200] {processor.py:914} INFO - Processing file /Users/swarnalidatta/Desktop/AutoQueryChatbot/.airflow-venv/lib/python3.12/site-packages/airflow/example_dags/example_xcom.py for tasks to queue
[2026-09-17T20:36:40.359+0200] {logging_mixin.py:190} INFO - [2026-09-17T20:36:40.359+0200] {dagbag.py:588} INFO - Filling up the DagBag from /Users/swarnalidatta/Desktop/AutoQueryChatbot/.airflow-venv/lib/python3.12/site-packages/airflow/example_dags/example_xcom.py
[2026-09-17T20:36:40.371+0200] {processor.py:925} INFO - DAG(s) 'example_xcom' retrieved from /Users/swarnalidatta/Desktop/AutoQueryChatbot/.airflow-venv/lib/python3.12/site-packages/airflow/example_dags/example_xcom.py
[2026-09-17T20:36:40.418+0200] {logging_mixin.py:190} INFO - [2026-09-17T20:36:40.418+0200] {dag.py:3239} INFO - Sync 1 DAGs
[2026-09-17T20:36:40.422+0200] {logging_mixin.py:190} INFO - [2026-09-17T20:36:40.422+0200] {dag.py:4180} INFO - Setting next_dagrun for example_xcom to 2021-01-01 00:00:00+00:00, run_after=2021-01-01 00:00:00+00:00
[2026-09-17T20:36:40.427+0200] {processor.py:208} INFO - Processing /Users/swarnalidatta/Desktop/AutoQueryChatbot/.airflow-venv/lib/python3.12/site-packages/airflow/example_dags/example_xcom.py took 0.070 seconds
[2026-09-17T20:48:01.674+0200] {processor.py:186} INFO - Started process (PID=86905) to work on /Users/swarnalidatta/Desktop/AutoQueryChatbot/.airflow-venv/lib/python3.12/site-packages/airflow/example_dags/example_xcom.py
[2026-09-17T20:48:01.675+0200] {processor.py:914} INFO - Processing file /Users/swarnalidatta/Desktop/AutoQueryChatbot/.airflow-venv/lib/python3.12/site-packages/airflow/example_dags/example_xcom.py for tasks to queue
[2026-09-17T20:48:01.675+0200] {logging_mixin.py:190} INFO - [2026-09-17T20:48:01.675+0200] {dagbag.py:588} INFO - Filling up the DagBag from /Users/swarnalidatta/Desktop/AutoQueryChatbot/.airflow-venv/lib/python3.12/site-packages/airflow/example_dags/example_xcom.py
[2026-09-17T20:48:01.687+0200] {processor.py:925} INFO - DAG(s) 'example_xcom' retrieved from /Users/swarnalidatta/Desktop/AutoQueryChatbot/.airflow-venv/lib/python3.12/site-packages/airflow/example_dags/example_xcom.py
[2026-09-17T20:48:01.733+0200] {logging_mixin.py:190} INFO - [2026-09-17T20:48:01.733+0200] {dag.py:3239} INFO - Sync 1 DAGs
[2026-09-17T20:48:01.737+0200] {logging_mixin.py:190} INFO - [2026-09-17T20:48:01.737+0200] {dag.py:4180} INFO - Setting next_dagrun for example_xcom to 2021-01-01 00:00:00+00:00, run_after=2021-01-01 00:00:00+00:00
[2026-09-17T20:48:01.742+0200] {processor.py:208} INFO - Processing /Users/swarnalidatta/Desktop/AutoQueryChatbot/.airflow-venv/lib/python3.12/site-packages/airflow/example_dags/example_xcom.py took 0.069 seconds
[2026-09-17T20:49:31.950+0200] {processor.py:186} INFO - Started process (PID=87112) to work on /Users/swarnalidatta/Desktop/AutoQueryChatbot/.airflow-venv/lib/python3.12/site-packages/airflow/example_dags/example_xcom.py
[2026-09-17T20:49:31.951+0200] {processor.py:914} INFO - Processing file /Users/swarnalidatta/Desktop/AutoQueryChatbot/.airflow-venv/lib/python3.12/site-packages/airflow/example_dags/example_xcom.py for tasks to queue
[2026-09-17T20:49:31.951+0200] {logging_mixin.py:190} INFO - [2026-09-17T20:49:31.951+0200] {dagbag.py:588} INFO - Filling up the DagBag from /Users/swarnalidatta/Desktop/AutoQueryChatbot/.airflow-venv/lib/python3.12/site-packages/airflow/example_dags/example_xcom.py
[2026-09-17T20:49:31.963+0200] {processor.py:925} INFO - DAG(s) 'example_xcom' retrieved from /Users/swarnalidatta/Desktop/AutoQueryChatbot/.airflow-venv/lib/python3.12/site-packages/airflow/example_dags/example_xcom.py
[2026-09-17T20:49:32.010+0200] {logging_mixin.py:190} INFO - [2026-09-17T20:49:32.009+0200] {dag.py:3239} INFO - Sync 1 DAGs
[2026-09-17T20:49:32.014+0200] {logging_mixin.py:190} INFO - [2026-09-17T20:49:32.014+0200] {dag.py:4180} INFO - Setting next_dagrun for example_xcom to 2021-01-01 00:00:00+00:00, run_after=2021-01-01 00:00:00+00:00
[2026-09-17T20:49:32.019+0200] {processor.py:208} INFO - Processing /Users/swarnalidatta/Desktop/AutoQueryChatbot/.airflow-venv/lib/python3.12/site-packages/airflow/example_dags/example_xcom.py took 0.070 seconds
[2026-09-17T20:50:37.366+0200] {processor.py:186} INFO - Started process (PID=87264) to work on /Users/swarnalidatta/Desktop/AutoQueryChatbot/.airflow-venv/lib/python3.12/site-packages/airflow/example_dags/example_xcom.py
[2026-09-17T20:50:37.367+0200] {processor.py:914} INFO - Processing file /Users/swarnalidatta/Desktop/AutoQueryChatbot/.airflow-venv/lib/python3.12/site-packages/airflow/example_dags/example_xcom.py for tasks to queue
[2026-09-17T20:50:37.367+0200] {logging_mixin.py:190} INFO - [2026-09-17T20:50:37.367+0200] {dagbag.py:588} INFO - Filling up the DagBag from /Users/swarnalidatta/Desktop/AutoQueryChatbot/.airflow-venv/lib/python3.12/site-packages/airflow/example_dags/example_xcom.py
[2026-09-17T20:50:37.379+0200] {processor.py:925} INFO - DAG(s) 'example_xcom' retrieved from /Users/swarnalidatta/Desktop/AutoQueryChatbot/.airflow-venv/lib/python3.12/site-packages/airflow/example_dags/example_xcom.py
[2026-09-17T20:50:37.425+0200] {logging_mixin.py:190} INFO - [2026-09-17T20:50:37.425+0200] {dag.py:3239} INFO - Sync 1 DAGs
[2026-09-17T20:50:37.430+0200] {logging_mixin.py:190} INFO - [2026-09-17T20:50:37.430+0200] {dag.py:4180} INFO - Setting next_dagrun for example_xcom to 2021-01-01 00:00:00+00:00, run_after=2021-01-01 00:00:00+00:00
[2026-09-17T20:50:37.435+0200] {processor.py:208} INFO - Processing /Users/swarnalidatta/Desktop/AutoQueryChatbot/.airflow-venv/lib/python3.12/site-packages/airflow/example_dags/example_xcom.py took 0.069 seconds
[2026-09-17T20:51:43.243+0200] {processor.py:186} INFO - Started process (PID=87412) to work on /Users/swarnalidatta/Desktop/AutoQueryChatbot/.airflow-venv/lib/python3.12/site-packages/airflow/example_dags/example_xcom.py
[2026-09-17T20:51:43.243+0200] {processor.py:914} INFO - Processing file /Users/swarnalidatta/Desktop/AutoQueryChatbot/.airflow-venv/lib/python3.12/site-packages/airflow/example_dags/example_xcom.py for tasks to queue
[2026-09-17T20:51:43.243+0200] {logging_mixin.py:190} INFO - [2026-09-17T20:51:43.243+0200] {dagbag.py:588} INFO - Filling up the DagBag from /Users/swarnalidatta/Desktop/AutoQueryChatbot/.airflow-venv/lib/python3.12/site-packages/airflow/example_dags/example_xcom.py
[2026-09-17T20:51:43.255+0200] {processor.py:925} INFO - DAG(s) 'example_xcom' retrieved from /Users/swarnalidatta/Desktop/AutoQueryChatbot/.airflow-venv/lib/python3.12/site-packages/airflow/example_dags/example_xcom.py
[2026-09-17T20:51:43.302+0200] {logging_mixin.py:190} INFO - [2026-09-17T20:51:43.302+0200] {dag.py:3239} INFO - Sync 1 DAGs
[2026-09-17T20:51:43.306+0200] {logging_mixin.py:190} INFO - [2026-09-17T20:51:43.306+0200] {dag.py:4180} INFO - Setting next_dagrun for example_xcom to 2021-01-01 00:00:00+00:00, run_after=2021-01-01 00:00:00+00:00
[2026-09-17T20:51:43.311+0200] {processor.py:208} INFO - Processing /Users/swarnalidatta/Desktop/AutoQueryChatbot/.airflow-venv/lib/python3.12/site-packages/airflow/example_dags/example_xcom.py took 0.070 seconds
[2026-09-17T20:52:45.541+0200] {processor.py:186} INFO - Started process (PID=87554) to work on /Users/swarnalidatta/Desktop/AutoQueryChatbot/.airflow-venv/lib/python3.12/site-packages/airflow/example_dags/example_xcom.py
[2026-09-17T20:52:45.541+0200] {processor.py:914} INFO - Processing file /Users/swarnalidatta/Desktop/AutoQueryChatbot/.airflow-venv/lib/python3.12/site-packages/airflow/example_dags/example_xcom.py for tasks to queue
[2026-09-17T20:52:45.542+0200] {logging_mixin.py:190} INFO - [2026-09-17T20:52:45.542+0200] {dagbag.py:588} INFO - Filling up the DagBag from /Users/swarnalidatta/Desktop/AutoQueryChatbot/.airflow-venv/lib/python3.12/site-packages/airflow/example_dags/example_xcom.py
[2026-09-17T20:52:45.554+0200] {processor.py:925} INFO - DAG(s) 'example_xcom' retrieved from /Users/swarnalidatta/Desktop/AutoQueryChatbot/.airflow-venv/lib/python3.12/site-packages/airflow/example_dags/example_xcom.py
[2026-09-17T20:52:45.600+0200] {logging_mixin.py:190} INFO - [2026-09-17T20:52:45.600+0200] {dag.py:3239} INFO - Sync 1 DAGs
[2026-09-17T20:52:45.605+0200] {logging_mixin.py:190} INFO - [2026-09-17T20:52:45.605+0200] {dag.py:4180} INFO - Setting next_dagrun for example_xcom to 2021-01-01 00:00:00+00:00, run_after=2021-01-01 00:00:00+00:00
[2026-09-17T20:52:45.610+0200] {processor.py:208} INFO - Processing /Users/swarnalidatta/Desktop/AutoQueryChatbot/.airflow-venv/lib/python3.12/site-packages/airflow/example_dags/example_xcom.py took 0.070 seconds
[2026-09-17T20:53:51.030+0200] {processor.py:186} INFO - Started process (PID=87704) to work on /Users/swarnalidatta/Desktop/AutoQueryChatbot/.airflow-venv/lib/python3.12/site-packages/airflow/example_dags/example_xcom.py
[2026-09-17T20:53:51.030+0200] {processor.py:914} INFO - Processing file /Users/swarnalidatta/Desktop/AutoQueryChatbot/.airflow-venv/lib/python3.12/site-packages/airflow/example_dags/example_xcom.py for tasks to queue
[2026-09-17T20:53:51.030+0200] {logging_mixin.py:190} INFO - [2026-09-17T20:53:51.030+0200] {dagbag.py:588} INFO - Filling up the DagBag from /Users/swarnalidatta/Desktop/AutoQueryChatbot/.airflow-venv/lib/python3.12/site-packages/airflow/example_dags/example_xcom.py
[2026-09-17T20:53:51.043+0200] {processor.py:925} INFO - DAG(s) 'example_xcom' retrieved from /Users/swarnalidatta/Desktop/AutoQueryChatbot/.airflow-venv/lib/python3.12/site-packages/airflow/example_dags/example_xcom.py
[2026-09-17T20:53:51.089+0200] {logging_mixin.py:190} INFO - [2026-09-17T20:53:51.089+0200] {dag.py:3239} INFO - Sync 1 DAGs
[2026-09-17T20:53:51.094+0200] {logging_mixin.py:190} INFO - [2026-09-17T20:53:51.094+0200] {dag.py:4180} INFO - Setting next_dagrun for example_xcom to 2021-01-01 00:00:00+00:00, run_after=2021-01-01 00:00:00+00:00
[2026-09-17T20:53:51.099+0200] {processor.py:208} INFO - Processing /Users/swarnalidatta/Desktop/AutoQueryChatbot/.airflow-venv/lib/python3.12/site-packages/airflow/example_dags/example_xcom.py took 0.070 seconds
[2026-09-17T20:55:00.242+0200] {processor.py:186} INFO - Started process (PID=87862) to work on /Users/swarnalidatta/Desktop/AutoQueryChatbot/.airflow-venv/lib/python3.12/site-packages/airflow/example_dags/example_xcom.py
[2026-09-17T20:55:00.242+0200] {processor.py:914} INFO - Processing file /Users/swarnalidatta/Desktop/AutoQueryChatbot/.airflow-venv/lib/python3.12/site-packages/airflow/example_dags/example_xcom.py for tasks to queue
[2026-09-17T20:55:00.242+0200] {logging_mixin.py:190} INFO - [2026-09-17T20:55:00.242+0200] {dagbag.py:588} INFO - Filling up the DagBag from /Users/swarnalidatta/Desktop/AutoQueryChatbot/.airflow-venv/lib/python3.12/site-packages/airflow/example_dags/example_xcom.py
[2026-09-17T20:55:00.255+0200] {processor.py:925} INFO - DAG(s) 'example_xcom' retrieved from /Users/swarnalidatta/Desktop/AutoQueryChatbot/.airflow-venv/lib/python3.12/site-packages/airflow/example_dags/example_xcom.py
[2026-09-17T20:55:00.302+0200] {logging_mixin.py:190} INFO - [2026-09-17T20:55:00.302+0200] {dag.py:3239} INFO - Sync 1 DAGs
[2026-09-17T20:55:00.306+0200] {logging_mixin.py:190} INFO - [2026-09-17T20:55:00.306+0200] {dag.py:4180} INFO - Setting next_dagrun for example_xcom to 2021-01-01 00:00:00+00:00, run_after=2021-01-01 00:00:00+00:00
[2026-09-17T20:55:00.311+0200] {processor.py:208} INFO - Processing /Users/swarnalidatta/Desktop/AutoQueryChatbot/.airflow-venv/lib/python3.12/site-packages/airflow/example_dags/example_xcom.py took 0.071 seconds
[2026-09-17T20:56:08.933+0200] {processor.py:186} INFO - Started process (PID=88013) to work on /Users/swarnalidatta/Desktop/AutoQueryChatbot/.airflow-venv/lib/python3.12/site-packages/airflow/example_dags/example_xcom.py
[2026-09-17T20:56:08.934+0200] {processor.py:914} INFO - Processing file /Users/swarnalidatta/Desktop/AutoQueryChatbot/.airflow-venv/lib/python3.12/site-packages/airflow/example_dags/example_xcom.py for tasks to queue
[2026-09-17T20:56:08.934+0200] {logging_mixin.py:190} INFO - [2026-09-17T20:56:08.934+0200] {dagbag.py:588} INFO - Filling up the DagBag from /Users/swarnalidatta/Desktop/AutoQueryChatbot/.airflow-venv/lib/python3.12/site-packages/airflow/example_dags/example_xcom.py
[2026-09-17T20:56:08.946+0200] {processor.py:925} INFO - DAG(s) 'example_xcom' retrieved from /Users/swarnalidatta/Desktop/AutoQueryChatbot/.airflow-venv/lib/python3.12/site-packages/airflow/example_dags/example_xcom.py
[2026-09-17T20:56:08.993+0200] {logging_mixin.py:190} INFO - [2026-09-17T20:56:08.993+0200] {dag.py:3239} INFO - Sync 1 DAGs
[2026-09-17T20:56:08.997+0200] {logging_mixin.py:190} INFO - [2026-09-17T20:56:08.997+0200] {dag.py:4180} INFO - Setting next_dagrun for example_xcom to 2021-01-01 00:00:00+00:00, run_after=2021-01-01 00:00:00+00:00
[2026-09-17T20:56:09.002+0200] {processor.py:208} INFO - Processing /Users/swarnalidatta/Desktop/AutoQueryChatbot/.airflow-venv/lib/python3.12/site-packages/airflow/example_dags/example_xcom.py took 0.070 seconds
[2026-09-17T20:57:16.335+0200] {processor.py:186} INFO - Started process (PID=88183) to work on /Users/swarnalidatta/Desktop/AutoQueryChatbot/.airflow-venv/lib/python3.12/site-packages/airflow/example_dags/example_xcom.py
[2026-09-17T20:57:16.335+0200] {processor.py:914} INFO - Processing file /Users/swarnalidatta/Desktop/AutoQueryChatbot/.airflow-venv/lib/python3.12/site-packages/airflow/example_dags/example_xcom.py for tasks to queue
[2026-09-17T20:57:16.335+0200] {logging_mixin.py:190} INFO - [2026-09-17T20:57:16.335+0200] {dagbag.py:588} INFO - Filling up the DagBag from /Users/swarnalidatta/Desktop/AutoQueryChatbot/.airflow-venv/lib/python3.12/site-packages/airflow/example_dags/example_xcom.py
[2026-09-17T20:57:16.348+0200] {processor.py:925} INFO - DAG(s) 'example_xcom' retrieved from /Users/swarnalidatta/Desktop/AutoQueryChatbot/.airflow-venv/lib/python3.12/site-packages/airflow/example_dags/example_xcom.py
[2026-09-17T20:57:16.394+0200] {logging_mixin.py:190} INFO - [2026-09-17T20:57:16.394+0200] {dag.py:3239} INFO - Sync 1 DAGs
[2026-09-17T20:57:16.399+0200] {logging_mixin.py:190} INFO - [2026-09-17T20:57:16.399+0200] {dag.py:4180} INFO - Setting next_dagrun for example_xcom to 2021-01-01 00:00:00+00:00, run_after=2021-01-01 00:00:00+00:00
[2026-09-17T20:57:16.404+0200] {processor.py:208} INFO - Processing /Users/swarnalidatta/Desktop/AutoQueryChatbot/.airflow-venv/lib/python3.12/site-packages/airflow/example_dags/example_xcom.py took 0.071 seconds
[2026-09-17T20:58:21.490+0200] {processor.py:186} INFO - Started process (PID=88342) to work on /Users/swarnalidatta/Desktop/AutoQueryChatbot/.airflow-venv/lib/python3.12/site-packages/airflow/example_dags/example_xcom.py
[2026-09-17T20:58:21.490+0200] {processor.py:914} INFO - Processing file /Users/swarnalidatta/Desktop/AutoQueryChatbot/.airflow-venv/lib/python3.12/site-packages/airflow/example_dags/example_xcom.py for tasks to queue
[2026-09-17T20:58:21.490+0200] {logging_mixin.py:190} INFO - [2026-09-17T20:58:21.490+0200] {dagbag.py:588} INFO - Filling up the DagBag from /Users/swarnalidatta/Desktop/AutoQueryChatbot/.airflow-venv/lib/python3.12/site-packages/airflow/example_dags/example_xcom.py
[2026-09-17T20:58:21.503+0200] {processor.py:925} INFO - DAG(s) 'example_xcom' retrieved from /Users/swarnalidatta/Desktop/AutoQueryChatbot/.airflow-venv/lib/python3.12/site-packages/airflow/example_dags/example_xcom.py
[2026-09-17T20:58:21.553+0200] {logging_mixin.py:190} INFO - [2026-09-17T20:58:21.553+0200] {dag.py:3239} INFO - Sync 1 DAGs
[2026-09-17T20:58:21.558+0200] {logging_mixin.py:190} INFO - [2026-09-17T20:58:21.558+0200] {dag.py:4180} INFO - Setting next_dagrun for example_xcom to 2021-01-01 00:00:00+00:00, run_after=2021-01-01 00:00:00+00:00
[2026-09-17T20:58:21.564+0200] {processor.py:208} INFO - Processing /Users/swarnalidatta/Desktop/AutoQueryChatbot/.airflow-venv/lib/python3.12/site-packages/airflow/example_dags/example_xcom.py took 0.075 seconds
[2026-09-17T20:59:26.678+0200] {processor.py:186} INFO - Started process (PID=88509) to work on /Users/swarnalidatta/Desktop/AutoQueryChatbot/.airflow-venv/lib/python3.12/site-packages/airflow/example_dags/example_xcom.py
[2026-09-17T20:59:26.678+0200] {processor.py:914} INFO - Processing file /Users/swarnalidatta/Desktop/AutoQueryChatbot/.airflow-venv/lib/python3.12/site-packages/airflow/example_dags/example_xcom.py for tasks to queue
[2026-09-17T20:59:26.679+0200] {logging_mixin.py:190} INFO - [2026-09-17T20:59:26.679+0200] {dagbag.py:588} INFO - Filling up the DagBag from /Users/swarnalidatta/Desktop/AutoQueryChatbot/.airflow-venv/lib/python3.12/site-packages/airflow/example_dags/example_xcom.py
[2026-09-17T20:59:26.692+0200] {processor.py:925} INFO - DAG(s) 'example_xcom' retrieved from /Users/swarnalidatta/Desktop/AutoQueryChatbot/.airflow-venv/lib/python3.12/site-packages/airflow/example_dags/example_xcom.py
[2026-09-17T20:59:26.741+0200] {logging_mixin.py:190} INFO - [2026-09-17T20:59:26.741+0200] {dag.py:3239} INFO - Sync 1 DAGs
[2026-09-17T20:59:26.746+0200] {logging_mixin.py:190} INFO - [2026-09-17T20:59:26.746+0200] {dag.py:4180} INFO - Setting next_dagrun for example_xcom to 2021-01-01 00:00:00+00:00, run_after=2021-01-01 00:00:00+00:00
[2026-09-17T20:59:26.751+0200] {processor.py:208} INFO - Processing /Users/swarnalidatta/Desktop/AutoQueryChatbot/.airflow-venv/lib/python3.12/site-packages/airflow/example_dags/example_xcom.py took 0.074 seconds
[2026-09-17T21:00:31.128+0200] {processor.py:186} INFO - Started process (PID=88671) to work on /Users/swarnalidatta/Desktop/AutoQueryChatbot/.airflow-venv/lib/python3.12/site-packages/airflow/example_dags/example_xcom.py
[2026-09-17T21:00:31.128+0200] {processor.py:914} INFO - Processing file /Users/swarnalidatta/Desktop/AutoQueryChatbot/.airflow-venv/lib/python3.12/site-packages/airflow/example_dags/example_xcom.py for tasks to queue
[2026-09-17T21:00:31.129+0200] {logging_mixin.py:190} INFO - [2026-09-17T21:00:31.128+0200] {dagbag.py:588} INFO - Filling up the DagBag from /Users/swarnalidatta/Desktop/AutoQueryChatbot/.airflow-venv/lib/python3.12/site-packages/airflow/example_dags/example_xcom.py
[2026-09-17T21:00:31.141+0200] {processor.py:925} INFO - DAG(s) 'example_xcom' retrieved from /Users/swarnalidatta/Desktop/AutoQueryChatbot/.airflow-venv/lib/python3.12/site-packages/airflow/example_dags/example_xcom.py
[2026-09-17T21:00:31.192+0200] {logging_mixin.py:190} INFO - [2026-09-17T21:00:31.192+0200] {dag.py:3239} INFO - Sync 1 DAGs
[2026-09-17T21:00:31.197+0200] {logging_mixin.py:190} INFO - [2026-09-17T21:00:31.197+0200] {dag.py:4180} INFO - Setting next_dagrun for example_xcom to 2021-01-01 00:00:00+00:00, run_after=2021-01-01 00:00:00+00:00
[2026-09-17T21:00:31.202+0200] {processor.py:208} INFO - Processing /Users/swarnalidatta/Desktop/AutoQueryChatbot/.airflow-venv/lib/python3.12/site-packages/airflow/example_dags/example_xcom.py took 0.075 seconds
[2026-09-17T21:01:34.739+0200] {processor.py:186} INFO - Started process (PID=88826) to work on /Users/swarnalidatta/Desktop/AutoQueryChatbot/.airflow-venv/lib/python3.12/site-packages/airflow/example_dags/example_xcom.py
[2026-09-17T21:01:34.740+0200] {processor.py:914} INFO - Processing file /Users/swarnalidatta/Desktop/AutoQueryChatbot/.airflow-venv/lib/python3.12/site-packages/airflow/example_dags/example_xcom.py for tasks to queue
[2026-09-17T21:01:34.740+0200] {logging_mixin.py:190} INFO - [2026-09-17T21:01:34.740+0200] {dagbag.py:588} INFO - Filling up the DagBag from /Users/swarnalidatta/Desktop/AutoQueryChatbot/.airflow-venv/lib/python3.12/site-packages/airflow/example_dags/example_xcom.py
[2026-09-17T21:01:34.753+0200] {processor.py:925} INFO - DAG(s) 'example_xcom' retrieved from /Users/swarnalidatta/Desktop/AutoQueryChatbot/.airflow-venv/lib/python3.12/site-packages/airflow/example_dags/example_xcom.py
[2026-09-17T21:01:34.801+0200] {logging_mixin.py:190} INFO - [2026-09-17T21:01:34.800+0200] {dag.py:3239} INFO - Sync 1 DAGs
[2026-09-17T21:01:34.805+0200] {logging_mixin.py:190} INFO - [2026-09-17T21:01:34.805+0200] {dag.py:4180} INFO - Setting next_dagrun for example_xcom to 2021-01-01 00:00:00+00:00, run_after=2021-01-01 00:00:00+00:00
[2026-09-17T21:01:34.810+0200] {processor.py:208} INFO - Processing /Users/swarnalidatta/Desktop/AutoQueryChatbot/.airflow-venv/lib/python3.12/site-packages/airflow/example_dags/example_xcom.py took 0.072 seconds
[2026-09-17T21:02:37.558+0200] {processor.py:186} INFO - Started process (PID=89128) to work on /Users/swarnalidatta/Desktop/AutoQueryChatbot/.airflow-venv/lib/python3.12/site-packages/airflow/example_dags/example_xcom.py
[2026-09-17T21:02:37.558+0200] {processor.py:914} INFO - Processing file /Users/swarnalidatta/Desktop/AutoQueryChatbot/.airflow-venv/lib/python3.12/site-packages/airflow/example_dags/example_xcom.py for tasks to queue
[2026-09-17T21:02:37.558+0200] {logging_mixin.py:190} INFO - [2026-09-17T21:02:37.558+0200] {dagbag.py:588} INFO - Filling up the DagBag from /Users/swarnalidatta/Desktop/AutoQueryChatbot/.airflow-venv/lib/python3.12/site-packages/airflow/example_dags/example_xcom.py
[2026-09-17T21:02:37.571+0200] {processor.py:925} INFO - DAG(s) 'example_xcom' retrieved from /Users/swarnalidatta/Desktop/AutoQueryChatbot/.airflow-venv/lib/python3.12/site-packages/airflow/example_dags/example_xcom.py
[2026-09-17T21:02:37.618+0200] {logging_mixin.py:190} INFO - [2026-09-17T21:02:37.618+0200] {dag.py:3239} INFO - Sync 1 DAGs
[2026-09-17T21:02:37.623+0200] {logging_mixin.py:190} INFO - [2026-09-17T21:02:37.623+0200] {dag.py:4180} INFO - Setting next_dagrun for example_xcom to 2021-01-01 00:00:00+00:00, run_after=2021-01-01 00:00:00+00:00
[2026-09-17T21:02:37.628+0200] {processor.py:208} INFO - Processing /Users/swarnalidatta/Desktop/AutoQueryChatbot/.airflow-venv/lib/python3.12/site-packages/airflow/example_dags/example_xcom.py took 0.072 seconds
[2026-09-17T21:03:40.889+0200] {processor.py:186} INFO - Started process (PID=89281) to work on /Users/swarnalidatta/Desktop/AutoQueryChatbot/.airflow-venv/lib/python3.12/site-packages/airflow/example_dags/example_xcom.py
[2026-09-17T21:03:40.889+0200] {processor.py:914} INFO - Processing file /Users/swarnalidatta/Desktop/AutoQueryChatbot/.airflow-venv/lib/python3.12/site-packages/airflow/example_dags/example_xcom.py for tasks to queue
[2026-09-17T21:03:40.889+0200] {logging_mixin.py:190} INFO - [2026-09-17T21:03:40.889+0200] {dagbag.py:588} INFO - Filling up the DagBag from /Users/swarnalidatta/Desktop/AutoQueryChatbot/.airflow-venv/lib/python3.12/site-packages/airflow/example_dags/example_xcom.py
[2026-09-17T21:03:40.902+0200] {processor.py:925} INFO - DAG(s) 'example_xcom' retrieved from /Users/swarnalidatta/Desktop/AutoQueryChatbot/.airflow-venv/lib/python3.12/site-packages/airflow/example_dags/example_xcom.py
[2026-09-17T21:03:40.950+0200] {logging_mixin.py:190} INFO - [2026-09-17T21:03:40.950+0200] {dag.py:3239} INFO - Sync 1 DAGs
[2026-09-17T21:03:40.955+0200] {logging_mixin.py:190} INFO - [2026-09-17T21:03:40.955+0200] {dag.py:4180} INFO - Setting next_dagrun for example_xcom to 2021-01-01 00:00:00+00:00, run_after=2021-01-01 00:00:00+00:00
[2026-09-17T21:03:40.960+0200] {processor.py:208} INFO - Processing /Users/swarnalidatta/Desktop/AutoQueryChatbot/.airflow-venv/lib/python3.12/site-packages/airflow/example_dags/example_xcom.py took 0.073 seconds
[2026-09-17T21:04:46.094+0200] {processor.py:186} INFO - Started process (PID=89450) to work on /Users/swarnalidatta/Desktop/AutoQueryChatbot/.airflow-venv/lib/python3.12/site-packages/airflow/example_dags/example_xcom.py
[2026-09-17T21:04:46.094+0200] {processor.py:914} INFO - Processing file /Users/swarnalidatta/Desktop/AutoQueryChatbot/.airflow-venv/lib/python3.12/site-packages/airflow/example_dags/example_xcom.py for tasks to queue
[2026-09-17T21:04:46.095+0200] {logging_mixin.py:190} INFO - [2026-09-17T21:04:46.095+0200] {dagbag.py:588} INFO - Filling up the DagBag from /Users/swarnalidatta/Desktop/AutoQueryChatbot/.airflow-venv/lib/python3.12/site-packages/airflow/example_dags/example_xcom.py
[2026-09-17T21:04:46.107+0200] {processor.py:925} INFO - DAG(s) 'example_xcom' retrieved from /Users/swarnalidatta/Desktop/AutoQueryChatbot/.airflow-venv/lib/python3.12/site-packages/airflow/example_dags/example_xcom.py
[2026-09-17T21:04:46.155+0200] {logging_mixin.py:190} INFO - [2026-09-17T21:04:46.154+0200] {dag.py:3239} INFO - Sync 1 DAGs
[2026-09-17T21:04:46.159+0200] {logging_mixin.py:190} INFO - [2026-09-17T21:04:46.159+0200] {dag.py:4180} INFO - Setting next_dagrun for example_xcom to 2021-01-01 00:00:00+00:00, run_after=2021-01-01 00:00:00+00:00
[2026-09-17T21:04:46.164+0200] {processor.py:208} INFO - Processing /Users/swarnalidatta/Desktop/AutoQueryChatbot/.airflow-venv/lib/python3.12/site-packages/airflow/example_dags/example_xcom.py took 0.071 seconds
[2026-09-17T21:05:51.058+0200] {processor.py:186} INFO - Started process (PID=89607) to work on /Users/swarnalidatta/Desktop/AutoQueryChatbot/.airflow-venv/lib/python3.12/site-packages/airflow/example_dags/example_xcom.py
[2026-09-17T21:05:51.058+0200] {processor.py:914} INFO - Processing file /Users/swarnalidatta/Desktop/AutoQueryChatbot/.airflow-venv/lib/python3.12/site-packages/airflow/example_dags/example_xcom.py for tasks to queue
[2026-09-17T21:05:51.059+0200] {logging_mixin.py:190} INFO - [2026-09-17T21:05:51.059+0200] {dagbag.py:588} INFO - Filling up the DagBag from /Users/swarnalidatta/Desktop/AutoQueryChatbot/.airflow-venv/lib/python3.12/site-packages/airflow/example_dags/example_xcom.py
[2026-09-17T21:05:51.071+0200] {processor.py:925} INFO - DAG(s) 'example_xcom' retrieved from /Users/swarnalidatta/Desktop/AutoQueryChatbot/.airflow-venv/lib/python3.12/site-packages/airflow/example_dags/example_xcom.py
[2026-09-17T21:05:51.117+0200] {logging_mixin.py:190} INFO - [2026-09-17T21:05:51.117+0200] {dag.py:3239} INFO - Sync 1 DAGs
[2026-09-17T21:05:51.122+0200] {logging_mixin.py:190} INFO - [2026-09-17T21:05:51.122+0200] {dag.py:4180} INFO - Setting next_dagrun for example_xcom to 2021-01-01 00:00:00+00:00, run_after=2021-01-01 00:00:00+00:00
[2026-09-17T21:05:51.127+0200] {processor.py:208} INFO - Processing /Users/swarnalidatta/Desktop/AutoQueryChatbot/.airflow-venv/lib/python3.12/site-packages/airflow/example_dags/example_xcom.py took 0.070 seconds
[2026-09-17T21:07:00.241+0200] {processor.py:186} INFO - Started process (PID=89767) to work on /Users/swarnalidatta/Desktop/AutoQueryChatbot/.airflow-venv/lib/python3.12/site-packages/airflow/example_dags/example_xcom.py
[2026-09-17T21:07:00.242+0200] {processor.py:914} INFO - Processing file /Users/swarnalidatta/Desktop/AutoQueryChatbot/.airflow-venv/lib/python3.12/site-packages/airflow/example_dags/example_xcom.py for tasks to queue
[2026-09-17T21:07:00.242+0200] {logging_mixin.py:190} INFO - [2026-09-17T21:07:00.242+0200] {dagbag.py:588} INFO - Filling up the DagBag from /Users/swarnalidatta/Desktop/AutoQueryChatbot/.airflow-venv/lib/python3.12/site-packages/airflow/example_dags/example_xcom.py
[2026-09-17T21:07:00.254+0200] {processor.py:925} INFO - DAG(s) 'example_xcom' retrieved from /Users/swarnalidatta/Desktop/AutoQueryChatbot/.airflow-venv/lib/python3.12/site-packages/airflow/example_dags/example_xcom.py
[2026-09-17T21:07:00.305+0200] {logging_mixin.py:190} INFO - [2026-09-17T21:07:00.304+0200] {dag.py:3239} INFO - Sync 1 DAGs
[2026-09-17T21:07:00.309+0200] {logging_mixin.py:190} INFO - [2026-09-17T21:07:00.309+0200] {dag.py:4180} INFO - Setting next_dagrun for example_xcom to 2021-01-01 00:00:00+00:00, run_after=2021-01-01 00:00:00+00:00
[2026-09-17T21:07:00.314+0200] {processor.py:208} INFO - Processing /Users/swarnalidatta/Desktop/AutoQueryChatbot/.airflow-venv/lib/python3.12/site-packages/airflow/example_dags/example_xcom.py took 0.073 seconds
[2026-09-17T21:08:08.507+0200] {processor.py:186} INFO - Started process (PID=89921) to work on /Users/swarnalidatta/Desktop/AutoQueryChatbot/.airflow-venv/lib/python3.12/site-packages/airflow/example_dags/example_xcom.py
[2026-09-17T21:08:08.507+0200] {processor.py:914} INFO - Processing file /Users/swarnalidatta/Desktop/AutoQueryChatbot/.airflow-venv/lib/python3.12/site-packages/airflow/example_dags/example_xcom.py for tasks to queue
[2026-09-17T21:08:08.507+0200] {logging_mixin.py:190} INFO - [2026-09-17T21:08:08.507+0200] {dagbag.py:588} INFO - Filling up the DagBag from /Users/swarnalidatta/Desktop/AutoQueryChatbot/.airflow-venv/lib/python3.12/site-packages/airflow/example_dags/example_xcom.py
[2026-09-17T21:08:08.520+0200] {processor.py:925} INFO - DAG(s) 'example_xcom' retrieved from /Users/swarnalidatta/Desktop/AutoQueryChatbot/.airflow-venv/lib/python3.12/site-packages/airflow/example_dags/example_xcom.py
[2026-09-17T21:08:08.566+0200] {logging_mixin.py:190} INFO - [2026-09-17T21:08:08.566+0200] {dag.py:3239} INFO - Sync 1 DAGs
[2026-09-17T21:08:08.571+0200] {logging_mixin.py:190} INFO - [2026-09-17T21:08:08.571+0200] {dag.py:4180} INFO - Setting next_dagrun for example_xcom to 2021-01-01 00:00:00+00:00, run_after=2021-01-01 00:00:00+00:00
[2026-09-17T21:08:08.576+0200] {processor.py:208} INFO - Processing /Users/swarnalidatta/Desktop/AutoQueryChatbot/.airflow-venv/lib/python3.12/site-packages/airflow/example_dags/example_xcom.py took 0.071 seconds
[2026-09-17T21:09:15.511+0200] {processor.py:186} INFO - Started process (PID=90071) to work on /Users/swarnalidatta/Desktop/AutoQueryChatbot/.airflow-venv/lib/python3.12/site-packages/airflow/example_dags/example_xcom.py
[2026-09-17T21:09:15.512+0200] {processor.py:914} INFO - Processing file /Users/swarnalidatta/Desktop/AutoQueryChatbot/.airflow-venv/lib/python3.12/site-packages/airflow/example_dags/example_xcom.py for tasks to queue
[2026-09-17T21:09:15.512+0200] {logging_mixin.py:190} INFO - [2026-09-17T21:09:15.512+0200] {dagbag.py:588} INFO - Filling up the DagBag from /Users/swarnalidatta/Desktop/AutoQueryChatbot/.airflow-venv/lib/python3.12/site-packages/airflow/example_dags/example_xcom.py
[2026-09-17T21:09:15.525+0200] {processor.py:925} INFO - DAG(s) 'example_xcom' retrieved from /Users/swarnalidatta/Desktop/AutoQueryChatbot/.airflow-venv/lib/python3.12/site-packages/airflow/example_dags/example_xcom.py
[2026-09-17T21:09:15.572+0200] {logging_mixin.py:190} INFO - [2026-09-17T21:09:15.572+0200] {dag.py:3239} INFO - Sync 1 DAGs
[2026-09-17T21:09:15.577+0200] {logging_mixin.py:190} INFO - [2026-09-17T21:09:15.577+0200] {dag.py:4180} INFO - Setting next_dagrun for example_xcom to 2021-01-01 00:00:00+00:00, run_after=2021-01-01 00:00:00+00:00
[2026-09-17T21:09:15.582+0200] {processor.py:208} INFO - Processing /Users/swarnalidatta/Desktop/AutoQueryChatbot/.airflow-venv/lib/python3.12/site-packages/airflow/example_dags/example_xcom.py took 0.072 seconds
[2026-09-17T21:10:24.950+0200] {processor.py:186} INFO - Started process (PID=90238) to work on /Users/swarnalidatta/Desktop/AutoQueryChatbot/.airflow-venv/lib/python3.12/site-packages/airflow/example_dags/example_xcom.py
[2026-09-17T21:10:24.950+0200] {processor.py:914} INFO - Processing file /Users/swarnalidatta/Desktop/AutoQueryChatbot/.airflow-venv/lib/python3.12/site-packages/airflow/example_dags/example_xcom.py for tasks to queue
[2026-09-17T21:10:24.951+0200] {logging_mixin.py:190} INFO - [2026-09-17T21:10:24.951+0200] {dagbag.py:588} INFO - Filling up the DagBag from /Users/swarnalidatta/Desktop/AutoQueryChatbot/.airflow-venv/lib/python3.12/site-packages/airflow/example_dags/example_xcom.py
[2026-09-17T21:10:24.964+0200] {processor.py:925} INFO - DAG(s) 'example_xcom' retrieved from /Users/swarnalidatta/Desktop/AutoQueryChatbot/.airflow-venv/lib/python3.12/site-packages/airflow/example_dags/example_xcom.py
[2026-09-17T21:10:25.012+0200] {logging_mixin.py:190} INFO - [2026-09-17T21:10:25.011+0200] {dag.py:3239} INFO - Sync 1 DAGs
[2026-09-17T21:10:25.016+0200] {logging_mixin.py:190} INFO - [2026-09-17T21:10:25.016+0200] {dag.py:4180} INFO - Setting next_dagrun for example_xcom to 2021-01-01 00:00:00+00:00, run_after=2021-01-01 00:00:00+00:00
[2026-09-17T21:10:25.021+0200] {processor.py:208} INFO - Processing /Users/swarnalidatta/Desktop/AutoQueryChatbot/.airflow-venv/lib/python3.12/site-packages/airflow/example_dags/example_xcom.py took 0.072 seconds
[2026-09-17T21:11:37.672+0200] {processor.py:186} INFO - Started process (PID=90630) to work on /Users/swarnalidatta/Desktop/AutoQueryChatbot/.airflow-venv/lib/python3.12/site-packages/airflow/example_dags/example_xcom.py
[2026-09-17T21:11:37.672+0200] {processor.py:914} INFO - Processing file /Users/swarnalidatta/Desktop/AutoQueryChatbot/.airflow-venv/lib/python3.12/site-packages/airflow/example_dags/example_xcom.py for tasks to queue
[2026-09-17T21:11:37.672+0200] {logging_mixin.py:190} INFO - [2026-09-17T21:11:37.672+0200] {dagbag.py:588} INFO - Filling up the DagBag from /Users/swarnalidatta/Desktop/AutoQueryChatbot/.airflow-venv/lib/python3.12/site-packages/airflow/example_dags/example_xcom.py
[2026-09-17T21:11:37.685+0200] {processor.py:925} INFO - DAG(s) 'example_xcom' retrieved from /Users/swarnalidatta/Desktop/AutoQueryChatbot/.airflow-venv/lib/python3.12/site-packages/airflow/example_dags/example_xcom.py
[2026-09-17T21:11:37.734+0200] {logging_mixin.py:190} INFO - [2026-09-17T21:11:37.734+0200] {dag.py:3239} INFO - Sync 1 DAGs
[2026-09-17T21:11:37.739+0200] {logging_mixin.py:190} INFO - [2026-09-17T21:11:37.739+0200] {dag.py:4180} INFO - Setting next_dagrun for example_xcom to 2021-01-01 00:00:00+00:00, run_after=2021-01-01 00:00:00+00:00
[2026-09-17T21:11:37.745+0200] {processor.py:208} INFO - Processing /Users/swarnalidatta/Desktop/AutoQueryChatbot/.airflow-venv/lib/python3.12/site-packages/airflow/example_dags/example_xcom.py took 0.074 seconds
[2026-09-17T21:12:53.909+0200] {processor.py:186} INFO - Started process (PID=90824) to work on /Users/swarnalidatta/Desktop/AutoQueryChatbot/.airflow-venv/lib/python3.12/site-packages/airflow/example_dags/example_xcom.py
[2026-09-17T21:12:53.910+0200] {processor.py:914} INFO - Processing file /Users/swarnalidatta/Desktop/AutoQueryChatbot/.airflow-venv/lib/python3.12/site-packages/airflow/example_dags/example_xcom.py for tasks to queue
[2026-09-17T21:12:53.910+0200] {logging_mixin.py:190} INFO - [2026-09-17T21:12:53.910+0200] {dagbag.py:588} INFO - Filling up the DagBag from /Users/swarnalidatta/Desktop/AutoQueryChatbot/.airflow-venv/lib/python3.12/site-packages/airflow/example_dags/example_xcom.py
[2026-09-17T21:12:53.922+0200] {processor.py:925} INFO - DAG(s) 'example_xcom' retrieved from /Users/swarnalidatta/Desktop/AutoQueryChatbot/.airflow-venv/lib/python3.12/site-packages/airflow/example_dags/example_xcom.py
[2026-09-17T21:12:53.970+0200] {logging_mixin.py:190} INFO - [2026-09-17T21:12:53.969+0200] {dag.py:3239} INFO - Sync 1 DAGs
[2026-09-17T21:12:53.974+0200] {logging_mixin.py:190} INFO - [2026-09-17T21:12:53.974+0200] {dag.py:4180} INFO - Setting next_dagrun for example_xcom to 2021-01-01 00:00:00+00:00, run_after=2021-01-01 00:00:00+00:00
[2026-09-17T21:12:53.980+0200] {processor.py:208} INFO - Processing /Users/swarnalidatta/Desktop/AutoQueryChatbot/.airflow-venv/lib/python3.12/site-packages/airflow/example_dags/example_xcom.py took 0.072 seconds
[2026-09-17T21:14:03.794+0200] {processor.py:186} INFO - Started process (PID=90984) to work on /Users/swarnalidatta/Desktop/AutoQueryChatbot/.airflow-venv/lib/python3.12/site-packages/airflow/example_dags/example_xcom.py
[2026-09-17T21:14:03.795+0200] {processor.py:914} INFO - Processing file /Users/swarnalidatta/Desktop/AutoQueryChatbot/.airflow-venv/lib/python3.12/site-packages/airflow/example_dags/example_xcom.py for tasks to queue
[2026-09-17T21:14:03.795+0200] {logging_mixin.py:190} INFO - [2026-09-17T21:14:03.795+0200] {dagbag.py:588} INFO - Filling up the DagBag from /Users/swarnalidatta/Desktop/AutoQueryChatbot/.airflow-venv/lib/python3.12/site-packages/airflow/example_dags/example_xcom.py
[2026-09-17T21:14:03.808+0200] {processor.py:925} INFO - DAG(s) 'example_xcom' retrieved from /Users/swarnalidatta/Desktop/AutoQueryChatbot/.airflow-venv/lib/python3.12/site-packages/airflow/example_dags/example_xcom.py
[2026-09-17T21:14:03.858+0200] {logging_mixin.py:190} INFO - [2026-09-17T21:14:03.858+0200] {dag.py:3239} INFO - Sync 1 DAGs
[2026-09-17T21:14:03.863+0200] {logging_mixin.py:190} INFO - [2026-09-17T21:14:03.863+0200] {dag.py:4180} INFO - Setting next_dagrun for example_xcom to 2021-01-01 00:00:00+00:00, run_after=2021-01-01 00:00:00+00:00
[2026-09-17T21:14:03.868+0200] {processor.py:208} INFO - Processing /Users/swarnalidatta/Desktop/AutoQueryChatbot/.airflow-venv/lib/python3.12/site-packages/airflow/example_dags/example_xcom.py took 0.075 seconds
[2026-09-17T21:15:30.560+0200] {processor.py:186} INFO - Started process (PID=91204) to work on /Users/swarnalidatta/Desktop/AutoQueryChatbot/.airflow-venv/lib/python3.12/site-packages/airflow/example_dags/example_xcom.py
[2026-09-17T21:15:30.560+0200] {processor.py:914} INFO - Processing file /Users/swarnalidatta/Desktop/AutoQueryChatbot/.airflow-venv/lib/python3.12/site-packages/airflow/example_dags/example_xcom.py for tasks to queue
[2026-09-17T21:15:30.560+0200] {logging_mixin.py:190} INFO - [2026-09-17T21:15:30.560+0200] {dagbag.py:588} INFO - Filling up the DagBag from /Users/swarnalidatta/Desktop/AutoQueryChatbot/.airflow-venv/lib/python3.12/site-packages/airflow/example_dags/example_xcom.py
[2026-09-17T21:15:30.573+0200] {processor.py:925} INFO - DAG(s) 'example_xcom' retrieved from /Users/swarnalidatta/Desktop/AutoQueryChatbot/.airflow-venv/lib/python3.12/site-packages/airflow/example_dags/example_xcom.py
[2026-09-17T21:15:30.621+0200] {logging_mixin.py:190} INFO - [2026-09-17T21:15:30.621+0200] {dag.py:3239} INFO - Sync 1 DAGs
[2026-09-17T21:15:30.626+0200] {logging_mixin.py:190} INFO - [2026-09-17T21:15:30.626+0200] {dag.py:4180} INFO - Setting next_dagrun for example_xcom to 2021-01-01 00:00:00+00:00, run_after=2021-01-01 00:00:00+00:00
[2026-09-17T21:15:30.632+0200] {processor.py:208} INFO - Processing /Users/swarnalidatta/Desktop/AutoQueryChatbot/.airflow-venv/lib/python3.12/site-packages/airflow/example_dags/example_xcom.py took 0.073 seconds
[2026-09-17T21:16:40.646+0200] {processor.py:186} INFO - Started process (PID=91390) to work on /Users/swarnalidatta/Desktop/AutoQueryChatbot/.airflow-venv/lib/python3.12/site-packages/airflow/example_dags/example_xcom.py
[2026-09-17T21:16:40.647+0200] {processor.py:914} INFO - Processing file /Users/swarnalidatta/Desktop/AutoQueryChatbot/.airflow-venv/lib/python3.12/site-packages/airflow/example_dags/example_xcom.py for tasks to queue
[2026-09-17T21:16:40.647+0200] {logging_mixin.py:190} INFO - [2026-09-17T21:16:40.647+0200] {dagbag.py:588} INFO - Filling up the DagBag from /Users/swarnalidatta/Desktop/AutoQueryChatbot/.airflow-venv/lib/python3.12/site-packages/airflow/example_dags/example_xcom.py
[2026-09-17T21:16:40.659+0200] {processor.py:925} INFO - DAG(s) 'example_xcom' retrieved from /Users/swarnalidatta/Desktop/AutoQueryChatbot/.airflow-venv/lib/python3.12/site-packages/airflow/example_dags/example_xcom.py
[2026-09-17T21:16:40.706+0200] {logging_mixin.py:190} INFO - [2026-09-17T21:16:40.706+0200] {dag.py:3239} INFO - Sync 1 DAGs
[2026-09-17T21:16:40.711+0200] {logging_mixin.py:190} INFO - [2026-09-17T21:16:40.711+0200] {dag.py:4180} INFO - Setting next_dagrun for example_xcom to 2021-01-01 00:00:00+00:00, run_after=2021-01-01 00:00:00+00:00
[2026-09-17T21:16:40.716+0200] {processor.py:208} INFO - Processing /Users/swarnalidatta/Desktop/AutoQueryChatbot/.airflow-venv/lib/python3.12/site-packages/airflow/example_dags/example_xcom.py took 0.071 seconds
[2026-09-17T21:17:51.993+0200] {processor.py:186} INFO - Started process (PID=91560) to work on /Users/swarnalidatta/Desktop/AutoQueryChatbot/.airflow-venv/lib/python3.12/site-packages/airflow/example_dags/example_xcom.py
[2026-09-17T21:17:51.994+0200] {processor.py:914} INFO - Processing file /Users/swarnalidatta/Desktop/AutoQueryChatbot/.airflow-venv/lib/python3.12/site-packages/airflow/example_dags/example_xcom.py for tasks to queue
[2026-09-17T21:17:51.994+0200] {logging_mixin.py:190} INFO - [2026-09-17T21:17:51.994+0200] {dagbag.py:588} INFO - Filling up the DagBag from /Users/swarnalidatta/Desktop/AutoQueryChatbot/.airflow-venv/lib/python3.12/site-packages/airflow/example_dags/example_xcom.py
[2026-09-17T21:17:52.006+0200] {processor.py:925} INFO - DAG(s) 'example_xcom' retrieved from /Users/swarnalidatta/Desktop/AutoQueryChatbot/.airflow-venv/lib/python3.12/site-packages/airflow/example_dags/example_xcom.py
[2026-09-17T21:17:52.053+0200] {logging_mixin.py:190} INFO - [2026-09-17T21:17:52.053+0200] {dag.py:3239} INFO - Sync 1 DAGs
[2026-09-17T21:17:52.058+0200] {logging_mixin.py:190} INFO - [2026-09-17T21:17:52.058+0200] {dag.py:4180} INFO - Setting next_dagrun for example_xcom to 2021-01-01 00:00:00+00:00, run_after=2021-01-01 00:00:00+00:00
[2026-09-17T21:17:52.063+0200] {processor.py:208} INFO - Processing /Users/swarnalidatta/Desktop/AutoQueryChatbot/.airflow-venv/lib/python3.12/site-packages/airflow/example_dags/example_xcom.py took 0.071 seconds
[2026-09-17T21:19:00.064+0200] {processor.py:186} INFO - Started process (PID=91710) to work on /Users/swarnalidatta/Desktop/AutoQueryChatbot/.airflow-venv/lib/python3.12/site-packages/airflow/example_dags/example_xcom.py
[2026-09-17T21:19:00.064+0200] {processor.py:914} INFO - Processing file /Users/swarnalidatta/Desktop/AutoQueryChatbot/.airflow-venv/lib/python3.12/site-packages/airflow/example_dags/example_xcom.py for tasks to queue
[2026-09-17T21:19:00.064+0200] {logging_mixin.py:190} INFO - [2026-09-17T21:19:00.064+0200] {dagbag.py:588} INFO - Filling up the DagBag from /Users/swarnalidatta/Desktop/AutoQueryChatbot/.airflow-venv/lib/python3.12/site-packages/airflow/example_dags/example_xcom.py
[2026-09-17T21:19:00.077+0200] {processor.py:925} INFO - DAG(s) 'example_xcom' retrieved from /Users/swarnalidatta/Desktop/AutoQueryChatbot/.airflow-venv/lib/python3.12/site-packages/airflow/example_dags/example_xcom.py
[2026-09-17T21:19:00.123+0200] {logging_mixin.py:190} INFO - [2026-09-17T21:19:00.123+0200] {dag.py:3239} INFO - Sync 1 DAGs
[2026-09-17T21:19:00.128+0200] {logging_mixin.py:190} INFO - [2026-09-17T21:19:00.128+0200] {dag.py:4180} INFO - Setting next_dagrun for example_xcom to 2021-01-01 00:00:00+00:00, run_after=2021-01-01 00:00:00+00:00
[2026-09-17T21:19:00.133+0200] {processor.py:208} INFO - Processing /Users/swarnalidatta/Desktop/AutoQueryChatbot/.airflow-venv/lib/python3.12/site-packages/airflow/example_dags/example_xcom.py took 0.070 seconds
[2026-09-17T21:20:11.367+0200] {processor.py:186} INFO - Started process (PID=92039) to work on /Users/swarnalidatta/Desktop/AutoQueryChatbot/.airflow-venv/lib/python3.12/site-packages/airflow/example_dags/example_xcom.py
[2026-09-17T21:20:11.367+0200] {processor.py:914} INFO - Processing file /Users/swarnalidatta/Desktop/AutoQueryChatbot/.airflow-venv/lib/python3.12/site-packages/airflow/example_dags/example_xcom.py for tasks to queue
[2026-09-17T21:20:11.368+0200] {logging_mixin.py:190} INFO - [2026-09-17T21:20:11.368+0200] {dagbag.py:588} INFO - Filling up the DagBag from /Users/swarnalidatta/Desktop/AutoQueryChatbot/.airflow-venv/lib/python3.12/site-packages/airflow/example_dags/example_xcom.py
[2026-09-17T21:20:11.381+0200] {processor.py:925} INFO - DAG(s) 'example_xcom' retrieved from /Users/swarnalidatta/Desktop/AutoQueryChatbot/.airflow-venv/lib/python3.12/site-packages/airflow/example_dags/example_xcom.py
[2026-09-17T21:20:11.429+0200] {logging_mixin.py:190} INFO - [2026-09-17T21:20:11.429+0200] {dag.py:3239} INFO - Sync 1 DAGs
[2026-09-17T21:20:11.434+0200] {logging_mixin.py:190} INFO - [2026-09-17T21:20:11.434+0200] {dag.py:4180} INFO - Setting next_dagrun for example_xcom to 2021-01-01 00:00:00+00:00, run_after=2021-01-01 00:00:00+00:00
[2026-09-17T21:20:11.439+0200] {processor.py:208} INFO - Processing /Users/swarnalidatta/Desktop/AutoQueryChatbot/.airflow-venv/lib/python3.12/site-packages/airflow/example_dags/example_xcom.py took 0.074 seconds
[2026-09-17T21:21:18.743+0200] {processor.py:186} INFO - Started process (PID=92462) to work on /Users/swarnalidatta/Desktop/AutoQueryChatbot/.airflow-venv/lib/python3.12/site-packages/airflow/example_dags/example_xcom.py
[2026-09-17T21:21:18.743+0200] {processor.py:914} INFO - Processing file /Users/swarnalidatta/Desktop/AutoQueryChatbot/.airflow-venv/lib/python3.12/site-packages/airflow/example_dags/example_xcom.py for tasks to queue
[2026-09-17T21:21:18.744+0200] {logging_mixin.py:190} INFO - [2026-09-17T21:21:18.744+0200] {dagbag.py:588} INFO - Filling up the DagBag from /Users/swarnalidatta/Desktop/AutoQueryChatbot/.airflow-venv/lib/python3.12/site-packages/airflow/example_dags/example_xcom.py
[2026-09-17T21:21:18.756+0200] {processor.py:925} INFO - DAG(s) 'example_xcom' retrieved from /Users/swarnalidatta/Desktop/AutoQueryChatbot/.airflow-venv/lib/python3.12/site-packages/airflow/example_dags/example_xcom.py
[2026-09-17T21:21:18.803+0200] {logging_mixin.py:190} INFO - [2026-09-17T21:21:18.802+0200] {dag.py:3239} INFO - Sync 1 DAGs
[2026-09-17T21:21:18.807+0200] {logging_mixin.py:190} INFO - [2026-09-17T21:21:18.807+0200] {dag.py:4180} INFO - Setting next_dagrun for example_xcom to 2021-01-01 00:00:00+00:00, run_after=2021-01-01 00:00:00+00:00
[2026-09-17T21:21:18.812+0200] {processor.py:208} INFO - Processing /Users/swarnalidatta/Desktop/AutoQueryChatbot/.airflow-venv/lib/python3.12/site-packages/airflow/example_dags/example_xcom.py took 0.071 seconds
[2026-09-17T21:22:22.559+0200] {processor.py:186} INFO - Started process (PID=92613) to work on /Users/swarnalidatta/Desktop/AutoQueryChatbot/.airflow-venv/lib/python3.12/site-packages/airflow/example_dags/example_xcom.py
[2026-09-17T21:22:22.559+0200] {processor.py:914} INFO - Processing file /Users/swarnalidatta/Desktop/AutoQueryChatbot/.airflow-venv/lib/python3.12/site-packages/airflow/example_dags/example_xcom.py for tasks to queue
[2026-09-17T21:22:22.560+0200] {logging_mixin.py:190} INFO - [2026-09-17T21:22:22.559+0200] {dagbag.py:588} INFO - Filling up the DagBag from /Users/swarnalidatta/Desktop/AutoQueryChatbot/.airflow-venv/lib/python3.12/site-packages/airflow/example_dags/example_xcom.py
[2026-09-17T21:22:22.572+0200] {processor.py:925} INFO - DAG(s) 'example_xcom' retrieved from /Users/swarnalidatta/Desktop/AutoQueryChatbot/.airflow-venv/lib/python3.12/site-packages/airflow/example_dags/example_xcom.py
[2026-09-17T21:22:22.621+0200] {logging_mixin.py:190} INFO - [2026-09-17T21:22:22.620+0200] {dag.py:3239} INFO - Sync 1 DAGs
[2026-09-17T21:22:22.625+0200] {logging_mixin.py:190} INFO - [2026-09-17T21:22:22.625+0200] {dag.py:4180} INFO - Setting next_dagrun for example_xcom to 2021-01-01 00:00:00+00:00, run_after=2021-01-01 00:00:00+00:00
[2026-09-17T21:22:22.631+0200] {processor.py:208} INFO - Processing /Users/swarnalidatta/Desktop/AutoQueryChatbot/.airflow-venv/lib/python3.12/site-packages/airflow/example_dags/example_xcom.py took 0.073 seconds
[2026-09-17T21:23:24.618+0200] {processor.py:186} INFO - Started process (PID=92765) to work on /Users/swarnalidatta/Desktop/AutoQueryChatbot/.airflow-venv/lib/python3.12/site-packages/airflow/example_dags/example_xcom.py
[2026-09-17T21:23:24.619+0200] {processor.py:914} INFO - Processing file /Users/swarnalidatta/Desktop/AutoQueryChatbot/.airflow-venv/lib/python3.12/site-packages/airflow/example_dags/example_xcom.py for tasks to queue
[2026-09-17T21:23:24.619+0200] {logging_mixin.py:190} INFO - [2026-09-17T21:23:24.619+0200] {dagbag.py:588} INFO - Filling up the DagBag from /Users/swarnalidatta/Desktop/AutoQueryChatbot/.airflow-venv/lib/python3.12/site-packages/airflow/example_dags/example_xcom.py
[2026-09-17T21:23:24.632+0200] {processor.py:925} INFO - DAG(s) 'example_xcom' retrieved from /Users/swarnalidatta/Desktop/AutoQueryChatbot/.airflow-venv/lib/python3.12/site-packages/airflow/example_dags/example_xcom.py
[2026-09-17T21:23:24.680+0200] {logging_mixin.py:190} INFO - [2026-09-17T21:23:24.679+0200] {dag.py:3239} INFO - Sync 1 DAGs
[2026-09-17T21:23:24.684+0200] {logging_mixin.py:190} INFO - [2026-09-17T21:23:24.684+0200] {dag.py:4180} INFO - Setting next_dagrun for example_xcom to 2021-01-01 00:00:00+00:00, run_after=2021-01-01 00:00:00+00:00
[2026-09-17T21:23:24.690+0200] {processor.py:208} INFO - Processing /Users/swarnalidatta/Desktop/AutoQueryChatbot/.airflow-venv/lib/python3.12/site-packages/airflow/example_dags/example_xcom.py took 0.072 seconds
[2026-09-17T21:24:27.916+0200] {processor.py:186} INFO - Started process (PID=92908) to work on /Users/swarnalidatta/Desktop/AutoQueryChatbot/.airflow-venv/lib/python3.12/site-packages/airflow/example_dags/example_xcom.py
[2026-09-17T21:24:27.916+0200] {processor.py:914} INFO - Processing file /Users/swarnalidatta/Desktop/AutoQueryChatbot/.airflow-venv/lib/python3.12/site-packages/airflow/example_dags/example_xcom.py for tasks to queue
[2026-09-17T21:24:27.916+0200] {logging_mixin.py:190} INFO - [2026-09-17T21:24:27.916+0200] {dagbag.py:588} INFO - Filling up the DagBag from /Users/swarnalidatta/Desktop/AutoQueryChatbot/.airflow-venv/lib/python3.12/site-packages/airflow/example_dags/example_xcom.py
[2026-09-17T21:24:27.929+0200] {processor.py:925} INFO - DAG(s) 'example_xcom' retrieved from /Users/swarnalidatta/Desktop/AutoQueryChatbot/.airflow-venv/lib/python3.12/site-packages/airflow/example_dags/example_xcom.py
[2026-09-17T21:24:27.978+0200] {logging_mixin.py:190} INFO - [2026-09-17T21:24:27.978+0200] {dag.py:3239} INFO - Sync 1 DAGs
[2026-09-17T21:24:27.983+0200] {logging_mixin.py:190} INFO - [2026-09-17T21:24:27.983+0200] {dag.py:4180} INFO - Setting next_dagrun for example_xcom to 2021-01-01 00:00:00+00:00, run_after=2021-01-01 00:00:00+00:00
[2026-09-17T21:24:27.988+0200] {processor.py:208} INFO - Processing /Users/swarnalidatta/Desktop/AutoQueryChatbot/.airflow-venv/lib/python3.12/site-packages/airflow/example_dags/example_xcom.py took 0.074 seconds
[2026-09-17T21:25:30.645+0200] {processor.py:186} INFO - Started process (PID=93057) to work on /Users/swarnalidatta/Desktop/AutoQueryChatbot/.airflow-venv/lib/python3.12/site-packages/airflow/example_dags/example_xcom.py
[2026-09-17T21:25:30.645+0200] {processor.py:914} INFO - Processing file /Users/swarnalidatta/Desktop/AutoQueryChatbot/.airflow-venv/lib/python3.12/site-packages/airflow/example_dags/example_xcom.py for tasks to queue
[2026-09-17T21:25:30.646+0200] {logging_mixin.py:190} INFO - [2026-09-17T21:25:30.646+0200] {dagbag.py:588} INFO - Filling up the DagBag from /Users/swarnalidatta/Desktop/AutoQueryChatbot/.airflow-venv/lib/python3.12/site-packages/airflow/example_dags/example_xcom.py
[2026-09-17T21:25:30.658+0200] {processor.py:925} INFO - DAG(s) 'example_xcom' retrieved from /Users/swarnalidatta/Desktop/AutoQueryChatbot/.airflow-venv/lib/python3.12/site-packages/airflow/example_dags/example_xcom.py
[2026-09-17T21:25:30.705+0200] {logging_mixin.py:190} INFO - [2026-09-17T21:25:30.705+0200] {dag.py:3239} INFO - Sync 1 DAGs
[2026-09-17T21:25:30.710+0200] {logging_mixin.py:190} INFO - [2026-09-17T21:25:30.710+0200] {dag.py:4180} INFO - Setting next_dagrun for example_xcom to 2021-01-01 00:00:00+00:00, run_after=2021-01-01 00:00:00+00:00
[2026-09-17T21:25:30.715+0200] {processor.py:208} INFO - Processing /Users/swarnalidatta/Desktop/AutoQueryChatbot/.airflow-venv/lib/python3.12/site-packages/airflow/example_dags/example_xcom.py took 0.071 seconds
[2026-09-17T21:26:37.202+0200] {processor.py:186} INFO - Started process (PID=93207) to work on /Users/swarnalidatta/Desktop/AutoQueryChatbot/.airflow-venv/lib/python3.12/site-packages/airflow/example_dags/example_xcom.py
[2026-09-17T21:26:37.203+0200] {processor.py:914} INFO - Processing file /Users/swarnalidatta/Desktop/AutoQueryChatbot/.airflow-venv/lib/python3.12/site-packages/airflow/example_dags/example_xcom.py for tasks to queue
[2026-09-17T21:26:37.203+0200] {logging_mixin.py:190} INFO - [2026-09-17T21:26:37.203+0200] {dagbag.py:588} INFO - Filling up the DagBag from /Users/swarnalidatta/Desktop/AutoQueryChatbot/.airflow-venv/lib/python3.12/site-packages/airflow/example_dags/example_xcom.py
[2026-09-17T21:26:37.216+0200] {processor.py:925} INFO - DAG(s) 'example_xcom' retrieved from /Users/swarnalidatta/Desktop/AutoQueryChatbot/.airflow-venv/lib/python3.12/site-packages/airflow/example_dags/example_xcom.py
[2026-09-17T21:26:37.264+0200] {logging_mixin.py:190} INFO - [2026-09-17T21:26:37.264+0200] {dag.py:3239} INFO - Sync 1 DAGs
[2026-09-17T21:26:37.269+0200] {logging_mixin.py:190} INFO - [2026-09-17T21:26:37.269+0200] {dag.py:4180} INFO - Setting next_dagrun for example_xcom to 2021-01-01 00:00:00+00:00, run_after=2021-01-01 00:00:00+00:00
[2026-09-17T21:26:37.274+0200] {processor.py:208} INFO - Processing /Users/swarnalidatta/Desktop/AutoQueryChatbot/.airflow-venv/lib/python3.12/site-packages/airflow/example_dags/example_xcom.py took 0.073 seconds
[2026-09-17T21:27:44.281+0200] {processor.py:186} INFO - Started process (PID=93373) to work on /Users/swarnalidatta/Desktop/AutoQueryChatbot/.airflow-venv/lib/python3.12/site-packages/airflow/example_dags/example_xcom.py
[2026-09-17T21:27:44.282+0200] {processor.py:914} INFO - Processing file /Users/swarnalidatta/Desktop/AutoQueryChatbot/.airflow-venv/lib/python3.12/site-packages/airflow/example_dags/example_xcom.py for tasks to queue
[2026-09-17T21:27:44.282+0200] {logging_mixin.py:190} INFO - [2026-09-17T21:27:44.282+0200] {dagbag.py:588} INFO - Filling up the DagBag from /Users/swarnalidatta/Desktop/AutoQueryChatbot/.airflow-venv/lib/python3.12/site-packages/airflow/example_dags/example_xcom.py
[2026-09-17T21:27:44.297+0200] {processor.py:925} INFO - DAG(s) 'example_xcom' retrieved from /Users/swarnalidatta/Desktop/AutoQueryChatbot/.airflow-venv/lib/python3.12/site-packages/airflow/example_dags/example_xcom.py
[2026-09-17T21:27:44.349+0200] {logging_mixin.py:190} INFO - [2026-09-17T21:27:44.349+0200] {dag.py:3239} INFO - Sync 1 DAGs
[2026-09-17T21:27:44.354+0200] {logging_mixin.py:190} INFO - [2026-09-17T21:27:44.354+0200] {dag.py:4180} INFO - Setting next_dagrun for example_xcom to 2021-01-01 00:00:00+00:00, run_after=2021-01-01 00:00:00+00:00
[2026-09-17T21:27:44.359+0200] {processor.py:208} INFO - Processing /Users/swarnalidatta/Desktop/AutoQueryChatbot/.airflow-venv/lib/python3.12/site-packages/airflow/example_dags/example_xcom.py took 0.079 seconds
[2026-09-17T21:28:48.726+0200] {processor.py:186} INFO - Started process (PID=93514) to work on /Users/swarnalidatta/Desktop/AutoQueryChatbot/.airflow-venv/lib/python3.12/site-packages/airflow/example_dags/example_xcom.py
[2026-09-17T21:28:48.726+0200] {processor.py:914} INFO - Processing file /Users/swarnalidatta/Desktop/AutoQueryChatbot/.airflow-venv/lib/python3.12/site-packages/airflow/example_dags/example_xcom.py for tasks to queue
[2026-09-17T21:28:48.727+0200] {logging_mixin.py:190} INFO - [2026-09-17T21:28:48.727+0200] {dagbag.py:588} INFO - Filling up the DagBag from /Users/swarnalidatta/Desktop/AutoQueryChatbot/.airflow-venv/lib/python3.12/site-packages/airflow/example_dags/example_xcom.py
[2026-09-17T21:28:48.742+0200] {processor.py:925} INFO - DAG(s) 'example_xcom' retrieved from /Users/swarnalidatta/Desktop/AutoQueryChatbot/.airflow-venv/lib/python3.12/site-packages/airflow/example_dags/example_xcom.py
[2026-09-17T21:28:48.794+0200] {logging_mixin.py:190} INFO - [2026-09-17T21:28:48.794+0200] {dag.py:3239} INFO - Sync 1 DAGs
[2026-09-17T21:28:48.799+0200] {logging_mixin.py:190} INFO - [2026-09-17T21:28:48.799+0200] {dag.py:4180} INFO - Setting next_dagrun for example_xcom to 2021-01-01 00:00:00+00:00, run_after=2021-01-01 00:00:00+00:00
[2026-09-17T21:28:48.805+0200] {processor.py:208} INFO - Processing /Users/swarnalidatta/Desktop/AutoQueryChatbot/.airflow-venv/lib/python3.12/site-packages/airflow/example_dags/example_xcom.py took 0.080 seconds
[2026-09-17T21:29:52.186+0200] {processor.py:186} INFO - Started process (PID=93667) to work on /Users/swarnalidatta/Desktop/AutoQueryChatbot/.airflow-venv/lib/python3.12/site-packages/airflow/example_dags/example_xcom.py
[2026-09-17T21:29:52.187+0200] {processor.py:914} INFO - Processing file /Users/swarnalidatta/Desktop/AutoQueryChatbot/.airflow-venv/lib/python3.12/site-packages/airflow/example_dags/example_xcom.py for tasks to queue
[2026-09-17T21:29:52.187+0200] {logging_mixin.py:190} INFO - [2026-09-17T21:29:52.187+0200] {dagbag.py:588} INFO - Filling up the DagBag from /Users/swarnalidatta/Desktop/AutoQueryChatbot/.airflow-venv/lib/python3.12/site-packages/airflow/example_dags/example_xcom.py
[2026-09-17T21:29:52.199+0200] {processor.py:925} INFO - DAG(s) 'example_xcom' retrieved from /Users/swarnalidatta/Desktop/AutoQueryChatbot/.airflow-venv/lib/python3.12/site-packages/airflow/example_dags/example_xcom.py
[2026-09-17T21:29:52.246+0200] {logging_mixin.py:190} INFO - [2026-09-17T21:29:52.246+0200] {dag.py:3239} INFO - Sync 1 DAGs
[2026-09-17T21:29:52.250+0200] {logging_mixin.py:190} INFO - [2026-09-17T21:29:52.250+0200] {dag.py:4180} INFO - Setting next_dagrun for example_xcom to 2021-01-01 00:00:00+00:00, run_after=2021-01-01 00:00:00+00:00
[2026-09-17T21:29:52.256+0200] {processor.py:208} INFO - Processing /Users/swarnalidatta/Desktop/AutoQueryChatbot/.airflow-venv/lib/python3.12/site-packages/airflow/example_dags/example_xcom.py took 0.070 seconds
[2026-09-17T21:30:58.776+0200] {processor.py:186} INFO - Started process (PID=93813) to work on /Users/swarnalidatta/Desktop/AutoQueryChatbot/.airflow-venv/lib/python3.12/site-packages/airflow/example_dags/example_xcom.py
[2026-09-17T21:30:58.776+0200] {processor.py:914} INFO - Processing file /Users/swarnalidatta/Desktop/AutoQueryChatbot/.airflow-venv/lib/python3.12/site-packages/airflow/example_dags/example_xcom.py for tasks to queue
[2026-09-17T21:30:58.777+0200] {logging_mixin.py:190} INFO - [2026-09-17T21:30:58.777+0200] {dagbag.py:588} INFO - Filling up the DagBag from /Users/swarnalidatta/Desktop/AutoQueryChatbot/.airflow-venv/lib/python3.12/site-packages/airflow/example_dags/example_xcom.py
[2026-09-17T21:30:58.789+0200] {processor.py:925} INFO - DAG(s) 'example_xcom' retrieved from /Users/swarnalidatta/Desktop/AutoQueryChatbot/.airflow-venv/lib/python3.12/site-packages/airflow/example_dags/example_xcom.py
[2026-09-17T21:30:58.836+0200] {logging_mixin.py:190} INFO - [2026-09-17T21:30:58.836+0200] {dag.py:3239} INFO - Sync 1 DAGs
[2026-09-17T21:30:58.841+0200] {logging_mixin.py:190} INFO - [2026-09-17T21:30:58.840+0200] {dag.py:4180} INFO - Setting next_dagrun for example_xcom to 2021-01-01 00:00:00+00:00, run_after=2021-01-01 00:00:00+00:00
[2026-09-17T21:30:58.845+0200] {processor.py:208} INFO - Processing /Users/swarnalidatta/Desktop/AutoQueryChatbot/.airflow-venv/lib/python3.12/site-packages/airflow/example_dags/example_xcom.py took 0.071 seconds
[2026-09-17T21:32:07.280+0200] {processor.py:186} INFO - Started process (PID=93987) to work on /Users/swarnalidatta/Desktop/AutoQueryChatbot/.airflow-venv/lib/python3.12/site-packages/airflow/example_dags/example_xcom.py
[2026-09-17T21:32:07.280+0200] {processor.py:914} INFO - Processing file /Users/swarnalidatta/Desktop/AutoQueryChatbot/.airflow-venv/lib/python3.12/site-packages/airflow/example_dags/example_xcom.py for tasks to queue
[2026-09-17T21:32:07.281+0200] {logging_mixin.py:190} INFO - [2026-09-17T21:32:07.281+0200] {dagbag.py:588} INFO - Filling up the DagBag from /Users/swarnalidatta/Desktop/AutoQueryChatbot/.airflow-venv/lib/python3.12/site-packages/airflow/example_dags/example_xcom.py
[2026-09-17T21:32:07.294+0200] {processor.py:925} INFO - DAG(s) 'example_xcom' retrieved from /Users/swarnalidatta/Desktop/AutoQueryChatbot/.airflow-venv/lib/python3.12/site-packages/airflow/example_dags/example_xcom.py
[2026-09-17T21:32:07.346+0200] {logging_mixin.py:190} INFO - [2026-09-17T21:32:07.346+0200] {dag.py:3239} INFO - Sync 1 DAGs
[2026-09-17T21:32:07.351+0200] {logging_mixin.py:190} INFO - [2026-09-17T21:32:07.351+0200] {dag.py:4180} INFO - Setting next_dagrun for example_xcom to 2021-01-01 00:00:00+00:00, run_after=2021-01-01 00:00:00+00:00
[2026-09-17T21:32:07.356+0200] {processor.py:208} INFO - Processing /Users/swarnalidatta/Desktop/AutoQueryChatbot/.airflow-venv/lib/python3.12/site-packages/airflow/example_dags/example_xcom.py took 0.077 seconds
[2026-09-17T21:33:12.166+0200] {processor.py:186} INFO - Started process (PID=94141) to work on /Users/swarnalidatta/Desktop/AutoQueryChatbot/.airflow-venv/lib/python3.12/site-packages/airflow/example_dags/example_xcom.py
[2026-09-17T21:33:12.166+0200] {processor.py:914} INFO - Processing file /Users/swarnalidatta/Desktop/AutoQueryChatbot/.airflow-venv/lib/python3.12/site-packages/airflow/example_dags/example_xcom.py for tasks to queue
[2026-09-17T21:33:12.166+0200] {logging_mixin.py:190} INFO - [2026-09-17T21:33:12.166+0200] {dagbag.py:588} INFO - Filling up the DagBag from /Users/swarnalidatta/Desktop/AutoQueryChatbot/.airflow-venv/lib/python3.12/site-packages/airflow/example_dags/example_xcom.py
[2026-09-17T21:33:12.179+0200] {processor.py:925} INFO - DAG(s) 'example_xcom' retrieved from /Users/swarnalidatta/Desktop/AutoQueryChatbot/.airflow-venv/lib/python3.12/site-packages/airflow/example_dags/example_xcom.py
[2026-09-17T21:33:12.228+0200] {logging_mixin.py:190} INFO - [2026-09-17T21:33:12.228+0200] {dag.py:3239} INFO - Sync 1 DAGs
[2026-09-17T21:33:12.233+0200] {logging_mixin.py:190} INFO - [2026-09-17T21:33:12.233+0200] {dag.py:4180} INFO - Setting next_dagrun for example_xcom to 2021-01-01 00:00:00+00:00, run_after=2021-01-01 00:00:00+00:00
[2026-09-17T21:33:12.238+0200] {processor.py:208} INFO - Processing /Users/swarnalidatta/Desktop/AutoQueryChatbot/.airflow-venv/lib/python3.12/site-packages/airflow/example_dags/example_xcom.py took 0.073 seconds
[2026-09-17T21:34:17.599+0200] {processor.py:186} INFO - Started process (PID=94294) to work on /Users/swarnalidatta/Desktop/AutoQueryChatbot/.airflow-venv/lib/python3.12/site-packages/airflow/example_dags/example_xcom.py
[2026-09-17T21:34:17.600+0200] {processor.py:914} INFO - Processing file /Users/swarnalidatta/Desktop/AutoQueryChatbot/.airflow-venv/lib/python3.12/site-packages/airflow/example_dags/example_xcom.py for tasks to queue
[2026-09-17T21:34:17.600+0200] {logging_mixin.py:190} INFO - [2026-09-17T21:34:17.600+0200] {dagbag.py:588} INFO - Filling up the DagBag from /Users/swarnalidatta/Desktop/AutoQueryChatbot/.airflow-venv/lib/python3.12/site-packages/airflow/example_dags/example_xcom.py
[2026-09-17T21:34:17.613+0200] {processor.py:925} INFO - DAG(s) 'example_xcom' retrieved from /Users/swarnalidatta/Desktop/AutoQueryChatbot/.airflow-venv/lib/python3.12/site-packages/airflow/example_dags/example_xcom.py
[2026-09-17T21:34:17.659+0200] {logging_mixin.py:190} INFO - [2026-09-17T21:34:17.659+0200] {dag.py:3239} INFO - Sync 1 DAGs
[2026-09-17T21:34:17.664+0200] {logging_mixin.py:190} INFO - [2026-09-17T21:34:17.664+0200] {dag.py:4180} INFO - Setting next_dagrun for example_xcom to 2021-01-01 00:00:00+00:00, run_after=2021-01-01 00:00:00+00:00
[2026-09-17T21:34:17.669+0200] {processor.py:208} INFO - Processing /Users/swarnalidatta/Desktop/AutoQueryChatbot/.airflow-venv/lib/python3.12/site-packages/airflow/example_dags/example_xcom.py took 0.071 seconds
[2026-09-17T21:35:22.563+0200] {processor.py:186} INFO - Started process (PID=94447) to work on /Users/swarnalidatta/Desktop/AutoQueryChatbot/.airflow-venv/lib/python3.12/site-packages/airflow/example_dags/example_xcom.py
[2026-09-17T21:35:22.564+0200] {processor.py:914} INFO - Processing file /Users/swarnalidatta/Desktop/AutoQueryChatbot/.airflow-venv/lib/python3.12/site-packages/airflow/example_dags/example_xcom.py for tasks to queue
[2026-09-17T21:35:22.564+0200] {logging_mixin.py:190} INFO - [2026-09-17T21:35:22.564+0200] {dagbag.py:588} INFO - Filling up the DagBag from /Users/swarnalidatta/Desktop/AutoQueryChatbot/.airflow-venv/lib/python3.12/site-packages/airflow/example_dags/example_xcom.py
[2026-09-17T21:35:22.577+0200] {processor.py:925} INFO - DAG(s) 'example_xcom' retrieved from /Users/swarnalidatta/Desktop/AutoQueryChatbot/.airflow-venv/lib/python3.12/site-packages/airflow/example_dags/example_xcom.py
[2026-09-17T21:35:22.627+0200] {logging_mixin.py:190} INFO - [2026-09-17T21:35:22.627+0200] {dag.py:3239} INFO - Sync 1 DAGs
[2026-09-17T21:35:22.632+0200] {logging_mixin.py:190} INFO - [2026-09-17T21:35:22.632+0200] {dag.py:4180} INFO - Setting next_dagrun for example_xcom to 2021-01-01 00:00:00+00:00, run_after=2021-01-01 00:00:00+00:00
[2026-09-17T21:35:22.637+0200] {processor.py:208} INFO - Processing /Users/swarnalidatta/Desktop/AutoQueryChatbot/.airflow-venv/lib/python3.12/site-packages/airflow/example_dags/example_xcom.py took 0.075 seconds
[2026-09-17T21:36:28.691+0200] {processor.py:186} INFO - Started process (PID=94603) to work on /Users/swarnalidatta/Desktop/AutoQueryChatbot/.airflow-venv/lib/python3.12/site-packages/airflow/example_dags/example_xcom.py
[2026-09-17T21:36:28.691+0200] {processor.py:914} INFO - Processing file /Users/swarnalidatta/Desktop/AutoQueryChatbot/.airflow-venv/lib/python3.12/site-packages/airflow/example_dags/example_xcom.py for tasks to queue
[2026-09-17T21:36:28.691+0200] {logging_mixin.py:190} INFO - [2026-09-17T21:36:28.691+0200] {dagbag.py:588} INFO - Filling up the DagBag from /Users/swarnalidatta/Desktop/AutoQueryChatbot/.airflow-venv/lib/python3.12/site-packages/airflow/example_dags/example_xcom.py
[2026-09-17T21:36:28.704+0200] {processor.py:925} INFO - DAG(s) 'example_xcom' retrieved from /Users/swarnalidatta/Desktop/AutoQueryChatbot/.airflow-venv/lib/python3.12/site-packages/airflow/example_dags/example_xcom.py
[2026-09-17T21:36:28.750+0200] {logging_mixin.py:190} INFO - [2026-09-17T21:36:28.750+0200] {dag.py:3239} INFO - Sync 1 DAGs
[2026-09-17T21:36:28.755+0200] {logging_mixin.py:190} INFO - [2026-09-17T21:36:28.755+0200] {dag.py:4180} INFO - Setting next_dagrun for example_xcom to 2021-01-01 00:00:00+00:00, run_after=2021-01-01 00:00:00+00:00
[2026-09-17T21:36:28.760+0200] {processor.py:208} INFO - Processing /Users/swarnalidatta/Desktop/AutoQueryChatbot/.airflow-venv/lib/python3.12/site-packages/airflow/example_dags/example_xcom.py took 0.070 seconds
[2026-09-17T21:37:33.270+0200] {processor.py:186} INFO - Started process (PID=94748) to work on /Users/swarnalidatta/Desktop/AutoQueryChatbot/.airflow-venv/lib/python3.12/site-packages/airflow/example_dags/example_xcom.py
[2026-09-17T21:37:33.271+0200] {processor.py:914} INFO - Processing file /Users/swarnalidatta/Desktop/AutoQueryChatbot/.airflow-venv/lib/python3.12/site-packages/airflow/example_dags/example_xcom.py for tasks to queue
[2026-09-17T21:37:33.271+0200] {logging_mixin.py:190} INFO - [2026-09-17T21:37:33.271+0200] {dagbag.py:588} INFO - Filling up the DagBag from /Users/swarnalidatta/Desktop/AutoQueryChatbot/.airflow-venv/lib/python3.12/site-packages/airflow/example_dags/example_xcom.py
[2026-09-17T21:37:33.283+0200] {processor.py:925} INFO - DAG(s) 'example_xcom' retrieved from /Users/swarnalidatta/Desktop/AutoQueryChatbot/.airflow-venv/lib/python3.12/site-packages/airflow/example_dags/example_xcom.py
[2026-09-17T21:37:33.330+0200] {logging_mixin.py:190} INFO - [2026-09-17T21:37:33.330+0200] {dag.py:3239} INFO - Sync 1 DAGs
[2026-09-17T21:37:33.334+0200] {logging_mixin.py:190} INFO - [2026-09-17T21:37:33.334+0200] {dag.py:4180} INFO - Setting next_dagrun for example_xcom to 2021-01-01 00:00:00+00:00, run_after=2021-01-01 00:00:00+00:00
[2026-09-17T21:37:33.339+0200] {processor.py:208} INFO - Processing /Users/swarnalidatta/Desktop/AutoQueryChatbot/.airflow-venv/lib/python3.12/site-packages/airflow/example_dags/example_xcom.py took 0.070 seconds
[2026-09-17T21:47:49.449+0200] {processor.py:186} INFO - Started process (PID=94910) to work on /Users/swarnalidatta/Desktop/AutoQueryChatbot/.airflow-venv/lib/python3.12/site-packages/airflow/example_dags/example_xcom.py
[2026-09-17T21:47:49.449+0200] {processor.py:914} INFO - Processing file /Users/swarnalidatta/Desktop/AutoQueryChatbot/.airflow-venv/lib/python3.12/site-packages/airflow/example_dags/example_xcom.py for tasks to queue
[2026-09-17T21:47:49.450+0200] {logging_mixin.py:190} INFO - [2026-09-17T21:47:49.450+0200] {dagbag.py:588} INFO - Filling up the DagBag from /Users/swarnalidatta/Desktop/AutoQueryChatbot/.airflow-venv/lib/python3.12/site-packages/airflow/example_dags/example_xcom.py
[2026-09-17T21:47:49.462+0200] {processor.py:925} INFO - DAG(s) 'example_xcom' retrieved from /Users/swarnalidatta/Desktop/AutoQueryChatbot/.airflow-venv/lib/python3.12/site-packages/airflow/example_dags/example_xcom.py
[2026-09-17T21:47:49.508+0200] {logging_mixin.py:190} INFO - [2026-09-17T21:47:49.507+0200] {dag.py:3239} INFO - Sync 1 DAGs
[2026-09-17T21:47:49.512+0200] {logging_mixin.py:190} INFO - [2026-09-17T21:47:49.512+0200] {dag.py:4180} INFO - Setting next_dagrun for example_xcom to 2021-01-01 00:00:00+00:00, run_after=2021-01-01 00:00:00+00:00
[2026-09-17T21:47:49.517+0200] {processor.py:208} INFO - Processing /Users/swarnalidatta/Desktop/AutoQueryChatbot/.airflow-venv/lib/python3.12/site-packages/airflow/example_dags/example_xcom.py took 0.069 seconds
[2026-09-17T21:48:51.369+0200] {processor.py:186} INFO - Started process (PID=95054) to work on /Users/swarnalidatta/Desktop/AutoQueryChatbot/.airflow-venv/lib/python3.12/site-packages/airflow/example_dags/example_xcom.py
[2026-09-17T21:48:51.370+0200] {processor.py:914} INFO - Processing file /Users/swarnalidatta/Desktop/AutoQueryChatbot/.airflow-venv/lib/python3.12/site-packages/airflow/example_dags/example_xcom.py for tasks to queue
[2026-09-17T21:48:51.370+0200] {logging_mixin.py:190} INFO - [2026-09-17T21:48:51.370+0200] {dagbag.py:588} INFO - Filling up the DagBag from /Users/swarnalidatta/Desktop/AutoQueryChatbot/.airflow-venv/lib/python3.12/site-packages/airflow/example_dags/example_xcom.py
[2026-09-17T21:48:51.382+0200] {processor.py:925} INFO - DAG(s) 'example_xcom' retrieved from /Users/swarnalidatta/Desktop/AutoQueryChatbot/.airflow-venv/lib/python3.12/site-packages/airflow/example_dags/example_xcom.py
[2026-09-17T21:48:51.428+0200] {logging_mixin.py:190} INFO - [2026-09-17T21:48:51.428+0200] {dag.py:3239} INFO - Sync 1 DAGs
[2026-09-17T21:48:51.433+0200] {logging_mixin.py:190} INFO - [2026-09-17T21:48:51.433+0200] {dag.py:4180} INFO - Setting next_dagrun for example_xcom to 2021-01-01 00:00:00+00:00, run_after=2021-01-01 00:00:00+00:00
[2026-09-17T21:48:51.438+0200] {processor.py:208} INFO - Processing /Users/swarnalidatta/Desktop/AutoQueryChatbot/.airflow-venv/lib/python3.12/site-packages/airflow/example_dags/example_xcom.py took 0.069 seconds
[2026-09-17T21:49:58.280+0200] {processor.py:186} INFO - Started process (PID=95205) to work on /Users/swarnalidatta/Desktop/AutoQueryChatbot/.airflow-venv/lib/python3.12/site-packages/airflow/example_dags/example_xcom.py
[2026-09-17T21:49:58.281+0200] {processor.py:914} INFO - Processing file /Users/swarnalidatta/Desktop/AutoQueryChatbot/.airflow-venv/lib/python3.12/site-packages/airflow/example_dags/example_xcom.py for tasks to queue
[2026-09-17T21:49:58.281+0200] {logging_mixin.py:190} INFO - [2026-09-17T21:49:58.281+0200] {dagbag.py:588} INFO - Filling up the DagBag from /Users/swarnalidatta/Desktop/AutoQueryChatbot/.airflow-venv/lib/python3.12/site-packages/airflow/example_dags/example_xcom.py
[2026-09-17T21:49:58.293+0200] {processor.py:925} INFO - DAG(s) 'example_xcom' retrieved from /Users/swarnalidatta/Desktop/AutoQueryChatbot/.airflow-venv/lib/python3.12/site-packages/airflow/example_dags/example_xcom.py
[2026-09-17T21:49:58.340+0200] {logging_mixin.py:190} INFO - [2026-09-17T21:49:58.340+0200] {dag.py:3239} INFO - Sync 1 DAGs
[2026-09-17T21:49:58.345+0200] {logging_mixin.py:190} INFO - [2026-09-17T21:49:58.345+0200] {dag.py:4180} INFO - Setting next_dagrun for example_xcom to 2021-01-01 00:00:00+00:00, run_after=2021-01-01 00:00:00+00:00
[2026-09-17T21:49:58.350+0200] {processor.py:208} INFO - Processing /Users/swarnalidatta/Desktop/AutoQueryChatbot/.airflow-venv/lib/python3.12/site-packages/airflow/example_dags/example_xcom.py took 0.070 seconds
[2026-09-17T21:51:03.197+0200] {processor.py:186} INFO - Started process (PID=95352) to work on /Users/swarnalidatta/Desktop/AutoQueryChatbot/.airflow-venv/lib/python3.12/site-packages/airflow/example_dags/example_xcom.py
[2026-09-17T21:51:03.197+0200] {processor.py:914} INFO - Processing file /Users/swarnalidatta/Desktop/AutoQueryChatbot/.airflow-venv/lib/python3.12/site-packages/airflow/example_dags/example_xcom.py for tasks to queue
[2026-09-17T21:51:03.198+0200] {logging_mixin.py:190} INFO - [2026-09-17T21:51:03.198+0200] {dagbag.py:588} INFO - Filling up the DagBag from /Users/swarnalidatta/Desktop/AutoQueryChatbot/.airflow-venv/lib/python3.12/site-packages/airflow/example_dags/example_xcom.py
[2026-09-17T21:51:03.210+0200] {processor.py:925} INFO - DAG(s) 'example_xcom' retrieved from /Users/swarnalidatta/Desktop/AutoQueryChatbot/.airflow-venv/lib/python3.12/site-packages/airflow/example_dags/example_xcom.py
[2026-09-17T21:51:03.259+0200] {logging_mixin.py:190} INFO - [2026-09-17T21:51:03.259+0200] {dag.py:3239} INFO - Sync 1 DAGs
[2026-09-17T21:51:03.264+0200] {logging_mixin.py:190} INFO - [2026-09-17T21:51:03.264+0200] {dag.py:4180} INFO - Setting next_dagrun for example_xcom to 2021-01-01 00:00:00+00:00, run_after=2021-01-01 00:00:00+00:00
[2026-09-17T21:51:03.269+0200] {processor.py:208} INFO - Processing /Users/swarnalidatta/Desktop/AutoQueryChatbot/.airflow-venv/lib/python3.12/site-packages/airflow/example_dags/example_xcom.py took 0.073 seconds
[2026-09-17T21:52:04.767+0200] {processor.py:186} INFO - Started process (PID=95492) to work on /Users/swarnalidatta/Desktop/AutoQueryChatbot/.airflow-venv/lib/python3.12/site-packages/airflow/example_dags/example_xcom.py
[2026-09-17T21:52:04.768+0200] {processor.py:914} INFO - Processing file /Users/swarnalidatta/Desktop/AutoQueryChatbot/.airflow-venv/lib/python3.12/site-packages/airflow/example_dags/example_xcom.py for tasks to queue
[2026-09-17T21:52:04.768+0200] {logging_mixin.py:190} INFO - [2026-09-17T21:52:04.768+0200] {dagbag.py:588} INFO - Filling up the DagBag from /Users/swarnalidatta/Desktop/AutoQueryChatbot/.airflow-venv/lib/python3.12/site-packages/airflow/example_dags/example_xcom.py
[2026-09-17T21:52:04.780+0200] {processor.py:925} INFO - DAG(s) 'example_xcom' retrieved from /Users/swarnalidatta/Desktop/AutoQueryChatbot/.airflow-venv/lib/python3.12/site-packages/airflow/example_dags/example_xcom.py
[2026-09-17T21:52:04.828+0200] {logging_mixin.py:190} INFO - [2026-09-17T21:52:04.828+0200] {dag.py:3239} INFO - Sync 1 DAGs
[2026-09-17T21:52:04.833+0200] {logging_mixin.py:190} INFO - [2026-09-17T21:52:04.833+0200] {dag.py:4180} INFO - Setting next_dagrun for example_xcom to 2021-01-01 00:00:00+00:00, run_after=2021-01-01 00:00:00+00:00
[2026-09-17T21:52:04.838+0200] {processor.py:208} INFO - Processing /Users/swarnalidatta/Desktop/AutoQueryChatbot/.airflow-venv/lib/python3.12/site-packages/airflow/example_dags/example_xcom.py took 0.071 seconds
[2026-09-17T21:53:09.016+0200] {processor.py:186} INFO - Started process (PID=95632) to work on /Users/swarnalidatta/Desktop/AutoQueryChatbot/.airflow-venv/lib/python3.12/site-packages/airflow/example_dags/example_xcom.py
[2026-09-17T21:53:09.016+0200] {processor.py:914} INFO - Processing file /Users/swarnalidatta/Desktop/AutoQueryChatbot/.airflow-venv/lib/python3.12/site-packages/airflow/example_dags/example_xcom.py for tasks to queue
[2026-09-17T21:53:09.017+0200] {logging_mixin.py:190} INFO - [2026-09-17T21:53:09.017+0200] {dagbag.py:588} INFO - Filling up the DagBag from /Users/swarnalidatta/Desktop/AutoQueryChatbot/.airflow-venv/lib/python3.12/site-packages/airflow/example_dags/example_xcom.py
[2026-09-17T21:53:09.029+0200] {processor.py:925} INFO - DAG(s) 'example_xcom' retrieved from /Users/swarnalidatta/Desktop/AutoQueryChatbot/.airflow-venv/lib/python3.12/site-packages/airflow/example_dags/example_xcom.py
[2026-09-17T21:53:09.077+0200] {logging_mixin.py:190} INFO - [2026-09-17T21:53:09.077+0200] {dag.py:3239} INFO - Sync 1 DAGs
[2026-09-17T21:53:09.082+0200] {logging_mixin.py:190} INFO - [2026-09-17T21:53:09.082+0200] {dag.py:4180} INFO - Setting next_dagrun for example_xcom to 2021-01-01 00:00:00+00:00, run_after=2021-01-01 00:00:00+00:00
[2026-09-17T21:53:09.087+0200] {processor.py:208} INFO - Processing /Users/swarnalidatta/Desktop/AutoQueryChatbot/.airflow-venv/lib/python3.12/site-packages/airflow/example_dags/example_xcom.py took 0.072 seconds
[2026-09-17T21:54:15.513+0200] {processor.py:186} INFO - Started process (PID=95783) to work on /Users/swarnalidatta/Desktop/AutoQueryChatbot/.airflow-venv/lib/python3.12/site-packages/airflow/example_dags/example_xcom.py
[2026-09-17T21:54:15.514+0200] {processor.py:914} INFO - Processing file /Users/swarnalidatta/Desktop/AutoQueryChatbot/.airflow-venv/lib/python3.12/site-packages/airflow/example_dags/example_xcom.py for tasks to queue
[2026-09-17T21:54:15.514+0200] {logging_mixin.py:190} INFO - [2026-09-17T21:54:15.514+0200] {dagbag.py:588} INFO - Filling up the DagBag from /Users/swarnalidatta/Desktop/AutoQueryChatbot/.airflow-venv/lib/python3.12/site-packages/airflow/example_dags/example_xcom.py
[2026-09-17T21:54:15.526+0200] {processor.py:925} INFO - DAG(s) 'example_xcom' retrieved from /Users/swarnalidatta/Desktop/AutoQueryChatbot/.airflow-venv/lib/python3.12/site-packages/airflow/example_dags/example_xcom.py
[2026-09-17T21:54:15.573+0200] {logging_mixin.py:190} INFO - [2026-09-17T21:54:15.573+0200] {dag.py:3239} INFO - Sync 1 DAGs
[2026-09-17T21:54:15.577+0200] {logging_mixin.py:190} INFO - [2026-09-17T21:54:15.577+0200] {dag.py:4180} INFO - Setting next_dagrun for example_xcom to 2021-01-01 00:00:00+00:00, run_after=2021-01-01 00:00:00+00:00
[2026-09-17T21:54:15.582+0200] {processor.py:208} INFO - Processing /Users/swarnalidatta/Desktop/AutoQueryChatbot/.airflow-venv/lib/python3.12/site-packages/airflow/example_dags/example_xcom.py took 0.070 seconds
[2026-09-17T21:55:18.856+0200] {processor.py:186} INFO - Started process (PID=95935) to work on /Users/swarnalidatta/Desktop/AutoQueryChatbot/.airflow-venv/lib/python3.12/site-packages/airflow/example_dags/example_xcom.py
[2026-09-17T21:55:18.856+0200] {processor.py:914} INFO - Processing file /Users/swarnalidatta/Desktop/AutoQueryChatbot/.airflow-venv/lib/python3.12/site-packages/airflow/example_dags/example_xcom.py for tasks to queue
[2026-09-17T21:55:18.856+0200] {logging_mixin.py:190} INFO - [2026-09-17T21:55:18.856+0200] {dagbag.py:588} INFO - Filling up the DagBag from /Users/swarnalidatta/Desktop/AutoQueryChatbot/.airflow-venv/lib/python3.12/site-packages/airflow/example_dags/example_xcom.py
[2026-09-17T21:55:18.869+0200] {processor.py:925} INFO - DAG(s) 'example_xcom' retrieved from /Users/swarnalidatta/Desktop/AutoQueryChatbot/.airflow-venv/lib/python3.12/site-packages/airflow/example_dags/example_xcom.py
[2026-09-17T21:55:18.917+0200] {logging_mixin.py:190} INFO - [2026-09-17T21:55:18.917+0200] {dag.py:3239} INFO - Sync 1 DAGs
[2026-09-17T21:55:18.922+0200] {logging_mixin.py:190} INFO - [2026-09-17T21:55:18.922+0200] {dag.py:4180} INFO - Setting next_dagrun for example_xcom to 2021-01-01 00:00:00+00:00, run_after=2021-01-01 00:00:00+00:00
[2026-09-17T21:55:18.927+0200] {processor.py:208} INFO - Processing /Users/swarnalidatta/Desktop/AutoQueryChatbot/.airflow-venv/lib/python3.12/site-packages/airflow/example_dags/example_xcom.py took 0.072 seconds
[2026-09-17T21:56:23.536+0200] {processor.py:186} INFO - Started process (PID=96079) to work on /Users/swarnalidatta/Desktop/AutoQueryChatbot/.airflow-venv/lib/python3.12/site-packages/airflow/example_dags/example_xcom.py
[2026-09-17T21:56:23.536+0200] {processor.py:914} INFO - Processing file /Users/swarnalidatta/Desktop/AutoQueryChatbot/.airflow-venv/lib/python3.12/site-packages/airflow/example_dags/example_xcom.py for tasks to queue
[2026-09-17T21:56:23.536+0200] {logging_mixin.py:190} INFO - [2026-09-17T21:56:23.536+0200] {dagbag.py:588} INFO - Filling up the DagBag from /Users/swarnalidatta/Desktop/AutoQueryChatbot/.airflow-venv/lib/python3.12/site-packages/airflow/example_dags/example_xcom.py
[2026-09-17T21:56:23.549+0200] {processor.py:925} INFO - DAG(s) 'example_xcom' retrieved from /Users/swarnalidatta/Desktop/AutoQueryChatbot/.airflow-venv/lib/python3.12/site-packages/airflow/example_dags/example_xcom.py
[2026-09-17T21:56:23.596+0200] {logging_mixin.py:190} INFO - [2026-09-17T21:56:23.596+0200] {dag.py:3239} INFO - Sync 1 DAGs
[2026-09-17T21:56:23.601+0200] {logging_mixin.py:190} INFO - [2026-09-17T21:56:23.601+0200] {dag.py:4180} INFO - Setting next_dagrun for example_xcom to 2021-01-01 00:00:00+00:00, run_after=2021-01-01 00:00:00+00:00
[2026-09-17T21:56:23.606+0200] {processor.py:208} INFO - Processing /Users/swarnalidatta/Desktop/AutoQueryChatbot/.airflow-venv/lib/python3.12/site-packages/airflow/example_dags/example_xcom.py took 0.071 seconds
[2026-09-17T21:57:28.213+0200] {processor.py:186} INFO - Started process (PID=96223) to work on /Users/swarnalidatta/Desktop/AutoQueryChatbot/.airflow-venv/lib/python3.12/site-packages/airflow/example_dags/example_xcom.py
[2026-09-17T21:57:28.214+0200] {processor.py:914} INFO - Processing file /Users/swarnalidatta/Desktop/AutoQueryChatbot/.airflow-venv/lib/python3.12/site-packages/airflow/example_dags/example_xcom.py for tasks to queue
[2026-09-17T21:57:28.214+0200] {logging_mixin.py:190} INFO - [2026-09-17T21:57:28.214+0200] {dagbag.py:588} INFO - Filling up the DagBag from /Users/swarnalidatta/Desktop/AutoQueryChatbot/.airflow-venv/lib/python3.12/site-packages/airflow/example_dags/example_xcom.py
[2026-09-17T21:57:28.228+0200] {processor.py:925} INFO - DAG(s) 'example_xcom' retrieved from /Users/swarnalidatta/Desktop/AutoQueryChatbot/.airflow-venv/lib/python3.12/site-packages/airflow/example_dags/example_xcom.py
[2026-09-17T21:57:28.278+0200] {logging_mixin.py:190} INFO - [2026-09-17T21:57:28.278+0200] {dag.py:3239} INFO - Sync 1 DAGs
[2026-09-17T21:57:28.283+0200] {logging_mixin.py:190} INFO - [2026-09-17T21:57:28.283+0200] {dag.py:4180} INFO - Setting next_dagrun for example_xcom to 2021-01-01 00:00:00+00:00, run_after=2021-01-01 00:00:00+00:00
[2026-09-17T21:57:28.288+0200] {processor.py:208} INFO - Processing /Users/swarnalidatta/Desktop/AutoQueryChatbot/.airflow-venv/lib/python3.12/site-packages/airflow/example_dags/example_xcom.py took 0.076 seconds
[2026-09-17T21:58:31.668+0200] {processor.py:186} INFO - Started process (PID=96368) to work on /Users/swarnalidatta/Desktop/AutoQueryChatbot/.airflow-venv/lib/python3.12/site-packages/airflow/example_dags/example_xcom.py
[2026-09-17T21:58:31.668+0200] {processor.py:914} INFO - Processing file /Users/swarnalidatta/Desktop/AutoQueryChatbot/.airflow-venv/lib/python3.12/site-packages/airflow/example_dags/example_xcom.py for tasks to queue
[2026-09-17T21:58:31.668+0200] {logging_mixin.py:190} INFO - [2026-09-17T21:58:31.668+0200] {dagbag.py:588} INFO - Filling up the DagBag from /Users/swarnalidatta/Desktop/AutoQueryChatbot/.airflow-venv/lib/python3.12/site-packages/airflow/example_dags/example_xcom.py
[2026-09-17T21:58:31.680+0200] {processor.py:925} INFO - DAG(s) 'example_xcom' retrieved from /Users/swarnalidatta/Desktop/AutoQueryChatbot/.airflow-venv/lib/python3.12/site-packages/airflow/example_dags/example_xcom.py
[2026-09-17T21:58:31.727+0200] {logging_mixin.py:190} INFO - [2026-09-17T21:58:31.727+0200] {dag.py:3239} INFO - Sync 1 DAGs
[2026-09-17T21:58:31.731+0200] {logging_mixin.py:190} INFO - [2026-09-17T21:58:31.731+0200] {dag.py:4180} INFO - Setting next_dagrun for example_xcom to 2021-01-01 00:00:00+00:00, run_after=2021-01-01 00:00:00+00:00
[2026-09-17T21:58:31.736+0200] {processor.py:208} INFO - Processing /Users/swarnalidatta/Desktop/AutoQueryChatbot/.airflow-venv/lib/python3.12/site-packages/airflow/example_dags/example_xcom.py took 0.070 seconds
[2026-09-17T21:59:35.831+0200] {processor.py:186} INFO - Started process (PID=96512) to work on /Users/swarnalidatta/Desktop/AutoQueryChatbot/.airflow-venv/lib/python3.12/site-packages/airflow/example_dags/example_xcom.py
[2026-09-17T21:59:35.831+0200] {processor.py:914} INFO - Processing file /Users/swarnalidatta/Desktop/AutoQueryChatbot/.airflow-venv/lib/python3.12/site-packages/airflow/example_dags/example_xcom.py for tasks to queue
[2026-09-17T21:59:35.832+0200] {logging_mixin.py:190} INFO - [2026-09-17T21:59:35.832+0200] {dagbag.py:588} INFO - Filling up the DagBag from /Users/swarnalidatta/Desktop/AutoQueryChatbot/.airflow-venv/lib/python3.12/site-packages/airflow/example_dags/example_xcom.py
[2026-09-17T21:59:35.844+0200] {processor.py:925} INFO - DAG(s) 'example_xcom' retrieved from /Users/swarnalidatta/Desktop/AutoQueryChatbot/.airflow-venv/lib/python3.12/site-packages/airflow/example_dags/example_xcom.py
[2026-09-17T21:59:35.893+0200] {logging_mixin.py:190} INFO - [2026-09-17T21:59:35.893+0200] {dag.py:3239} INFO - Sync 1 DAGs
[2026-09-17T21:59:35.898+0200] {logging_mixin.py:190} INFO - [2026-09-17T21:59:35.898+0200] {dag.py:4180} INFO - Setting next_dagrun for example_xcom to 2021-01-01 00:00:00+00:00, run_after=2021-01-01 00:00:00+00:00
[2026-09-17T21:59:35.903+0200] {processor.py:208} INFO - Processing /Users/swarnalidatta/Desktop/AutoQueryChatbot/.airflow-venv/lib/python3.12/site-packages/airflow/example_dags/example_xcom.py took 0.073 seconds
[2026-09-17T22:19:35.878+0200] {processor.py:186} INFO - Started process (PID=96688) to work on /Users/swarnalidatta/Desktop/AutoQueryChatbot/.airflow-venv/lib/python3.12/site-packages/airflow/example_dags/example_xcom.py
[2026-09-17T22:19:35.879+0200] {processor.py:914} INFO - Processing file /Users/swarnalidatta/Desktop/AutoQueryChatbot/.airflow-venv/lib/python3.12/site-packages/airflow/example_dags/example_xcom.py for tasks to queue
[2026-09-17T22:19:35.879+0200] {logging_mixin.py:190} INFO - [2026-09-17T22:19:35.879+0200] {dagbag.py:588} INFO - Filling up the DagBag from /Users/swarnalidatta/Desktop/AutoQueryChatbot/.airflow-venv/lib/python3.12/site-packages/airflow/example_dags/example_xcom.py
[2026-09-17T22:19:35.891+0200] {processor.py:925} INFO - DAG(s) 'example_xcom' retrieved from /Users/swarnalidatta/Desktop/AutoQueryChatbot/.airflow-venv/lib/python3.12/site-packages/airflow/example_dags/example_xcom.py
[2026-09-17T22:19:35.936+0200] {logging_mixin.py:190} INFO - [2026-09-17T22:19:35.936+0200] {dag.py:3239} INFO - Sync 1 DAGs
[2026-09-17T22:19:35.941+0200] {logging_mixin.py:190} INFO - [2026-09-17T22:19:35.940+0200] {dag.py:4180} INFO - Setting next_dagrun for example_xcom to 2021-01-01 00:00:00+00:00, run_after=2021-01-01 00:00:00+00:00
[2026-09-17T22:19:35.945+0200] {processor.py:208} INFO - Processing /Users/swarnalidatta/Desktop/AutoQueryChatbot/.airflow-venv/lib/python3.12/site-packages/airflow/example_dags/example_xcom.py took 0.068 seconds
[2026-09-17T22:36:20.113+0200] {processor.py:186} INFO - Started process (PID=96909) to work on /Users/swarnalidatta/Desktop/AutoQueryChatbot/.airflow-venv/lib/python3.12/site-packages/airflow/example_dags/example_xcom.py
[2026-09-17T22:36:20.114+0200] {processor.py:914} INFO - Processing file /Users/swarnalidatta/Desktop/AutoQueryChatbot/.airflow-venv/lib/python3.12/site-packages/airflow/example_dags/example_xcom.py for tasks to queue
[2026-09-17T22:36:20.114+0200] {logging_mixin.py:190} INFO - [2026-09-17T22:36:20.114+0200] {dagbag.py:588} INFO - Filling up the DagBag from /Users/swarnalidatta/Desktop/AutoQueryChatbot/.airflow-venv/lib/python3.12/site-packages/airflow/example_dags/example_xcom.py
[2026-09-17T22:36:20.127+0200] {processor.py:925} INFO - DAG(s) 'example_xcom' retrieved from /Users/swarnalidatta/Desktop/AutoQueryChatbot/.airflow-venv/lib/python3.12/site-packages/airflow/example_dags/example_xcom.py
[2026-09-17T22:36:20.175+0200] {logging_mixin.py:190} INFO - [2026-09-17T22:36:20.175+0200] {dag.py:3239} INFO - Sync 1 DAGs
[2026-09-17T22:36:20.179+0200] {logging_mixin.py:190} INFO - [2026-09-17T22:36:20.179+0200] {dag.py:4180} INFO - Setting next_dagrun for example_xcom to 2021-01-01 00:00:00+00:00, run_after=2021-01-01 00:00:00+00:00
[2026-09-17T22:36:20.184+0200] {processor.py:208} INFO - Processing /Users/swarnalidatta/Desktop/AutoQueryChatbot/.airflow-venv/lib/python3.12/site-packages/airflow/example_dags/example_xcom.py took 0.072 seconds
[2026-09-17T22:37:27.520+0200] {processor.py:186} INFO - Started process (PID=97101) to work on /Users/swarnalidatta/Desktop/AutoQueryChatbot/.airflow-venv/lib/python3.12/site-packages/airflow/example_dags/example_xcom.py
[2026-09-17T22:37:27.521+0200] {processor.py:914} INFO - Processing file /Users/swarnalidatta/Desktop/AutoQueryChatbot/.airflow-venv/lib/python3.12/site-packages/airflow/example_dags/example_xcom.py for tasks to queue
[2026-09-17T22:37:27.521+0200] {logging_mixin.py:190} INFO - [2026-09-17T22:37:27.521+0200] {dagbag.py:588} INFO - Filling up the DagBag from /Users/swarnalidatta/Desktop/AutoQueryChatbot/.airflow-venv/lib/python3.12/site-packages/airflow/example_dags/example_xcom.py
[2026-09-17T22:37:27.534+0200] {processor.py:925} INFO - DAG(s) 'example_xcom' retrieved from /Users/swarnalidatta/Desktop/AutoQueryChatbot/.airflow-venv/lib/python3.12/site-packages/airflow/example_dags/example_xcom.py
[2026-09-17T22:37:27.583+0200] {logging_mixin.py:190} INFO - [2026-09-17T22:37:27.583+0200] {dag.py:3239} INFO - Sync 1 DAGs
[2026-09-17T22:37:27.587+0200] {logging_mixin.py:190} INFO - [2026-09-17T22:37:27.587+0200] {dag.py:4180} INFO - Setting next_dagrun for example_xcom to 2021-01-01 00:00:00+00:00, run_after=2021-01-01 00:00:00+00:00
[2026-09-17T22:37:27.592+0200] {processor.py:208} INFO - Processing /Users/swarnalidatta/Desktop/AutoQueryChatbot/.airflow-venv/lib/python3.12/site-packages/airflow/example_dags/example_xcom.py took 0.073 seconds
[2026-09-17T22:38:34.247+0200] {processor.py:186} INFO - Started process (PID=97254) to work on /Users/swarnalidatta/Desktop/AutoQueryChatbot/.airflow-venv/lib/python3.12/site-packages/airflow/example_dags/example_xcom.py
[2026-09-17T22:38:34.248+0200] {processor.py:914} INFO - Processing file /Users/swarnalidatta/Desktop/AutoQueryChatbot/.airflow-venv/lib/python3.12/site-packages/airflow/example_dags/example_xcom.py for tasks to queue
[2026-09-17T22:38:34.248+0200] {logging_mixin.py:190} INFO - [2026-09-17T22:38:34.248+0200] {dagbag.py:588} INFO - Filling up the DagBag from /Users/swarnalidatta/Desktop/AutoQueryChatbot/.airflow-venv/lib/python3.12/site-packages/airflow/example_dags/example_xcom.py
[2026-09-17T22:38:34.260+0200] {processor.py:925} INFO - DAG(s) 'example_xcom' retrieved from /Users/swarnalidatta/Desktop/AutoQueryChatbot/.airflow-venv/lib/python3.12/site-packages/airflow/example_dags/example_xcom.py
[2026-09-17T22:38:34.307+0200] {logging_mixin.py:190} INFO - [2026-09-17T22:38:34.307+0200] {dag.py:3239} INFO - Sync 1 DAGs
[2026-09-17T22:38:34.311+0200] {logging_mixin.py:190} INFO - [2026-09-17T22:38:34.311+0200] {dag.py:4180} INFO - Setting next_dagrun for example_xcom to 2021-01-01 00:00:00+00:00, run_after=2021-01-01 00:00:00+00:00
[2026-09-17T22:38:34.316+0200] {processor.py:208} INFO - Processing /Users/swarnalidatta/Desktop/AutoQueryChatbot/.airflow-venv/lib/python3.12/site-packages/airflow/example_dags/example_xcom.py took 0.070 seconds
[2026-09-17T22:39:43.451+0200] {processor.py:186} INFO - Started process (PID=97418) to work on /Users/swarnalidatta/Desktop/AutoQueryChatbot/.airflow-venv/lib/python3.12/site-packages/airflow/example_dags/example_xcom.py
[2026-09-17T22:39:43.451+0200] {processor.py:914} INFO - Processing file /Users/swarnalidatta/Desktop/AutoQueryChatbot/.airflow-venv/lib/python3.12/site-packages/airflow/example_dags/example_xcom.py for tasks to queue
[2026-09-17T22:39:43.452+0200] {logging_mixin.py:190} INFO - [2026-09-17T22:39:43.452+0200] {dagbag.py:588} INFO - Filling up the DagBag from /Users/swarnalidatta/Desktop/AutoQueryChatbot/.airflow-venv/lib/python3.12/site-packages/airflow/example_dags/example_xcom.py
[2026-09-17T22:39:43.464+0200] {processor.py:925} INFO - DAG(s) 'example_xcom' retrieved from /Users/swarnalidatta/Desktop/AutoQueryChatbot/.airflow-venv/lib/python3.12/site-packages/airflow/example_dags/example_xcom.py
[2026-09-17T22:39:43.509+0200] {logging_mixin.py:190} INFO - [2026-09-17T22:39:43.509+0200] {dag.py:3239} INFO - Sync 1 DAGs
[2026-09-17T22:39:43.513+0200] {logging_mixin.py:190} INFO - [2026-09-17T22:39:43.513+0200] {dag.py:4180} INFO - Setting next_dagrun for example_xcom to 2021-01-01 00:00:00+00:00, run_after=2021-01-01 00:00:00+00:00
[2026-09-17T22:39:43.518+0200] {processor.py:208} INFO - Processing /Users/swarnalidatta/Desktop/AutoQueryChatbot/.airflow-venv/lib/python3.12/site-packages/airflow/example_dags/example_xcom.py took 0.068 seconds
[2026-09-17T22:40:49.148+0200] {processor.py:186} INFO - Started process (PID=97568) to work on /Users/swarnalidatta/Desktop/AutoQueryChatbot/.airflow-venv/lib/python3.12/site-packages/airflow/example_dags/example_xcom.py
[2026-09-17T22:40:49.148+0200] {processor.py:914} INFO - Processing file /Users/swarnalidatta/Desktop/AutoQueryChatbot/.airflow-venv/lib/python3.12/site-packages/airflow/example_dags/example_xcom.py for tasks to queue
[2026-09-17T22:40:49.149+0200] {logging_mixin.py:190} INFO - [2026-09-17T22:40:49.149+0200] {dagbag.py:588} INFO - Filling up the DagBag from /Users/swarnalidatta/Desktop/AutoQueryChatbot/.airflow-venv/lib/python3.12/site-packages/airflow/example_dags/example_xcom.py
[2026-09-17T22:40:49.161+0200] {processor.py:925} INFO - DAG(s) 'example_xcom' retrieved from /Users/swarnalidatta/Desktop/AutoQueryChatbot/.airflow-venv/lib/python3.12/site-packages/airflow/example_dags/example_xcom.py
[2026-09-17T22:40:49.207+0200] {logging_mixin.py:190} INFO - [2026-09-17T22:40:49.207+0200] {dag.py:3239} INFO - Sync 1 DAGs
[2026-09-17T22:40:49.212+0200] {logging_mixin.py:190} INFO - [2026-09-17T22:40:49.212+0200] {dag.py:4180} INFO - Setting next_dagrun for example_xcom to 2021-01-01 00:00:00+00:00, run_after=2021-01-01 00:00:00+00:00
[2026-09-17T22:40:49.217+0200] {processor.py:208} INFO - Processing /Users/swarnalidatta/Desktop/AutoQueryChatbot/.airflow-venv/lib/python3.12/site-packages/airflow/example_dags/example_xcom.py took 0.070 seconds
[2026-09-17T22:41:56.345+0200] {processor.py:186} INFO - Started process (PID=97719) to work on /Users/swarnalidatta/Desktop/AutoQueryChatbot/.airflow-venv/lib/python3.12/site-packages/airflow/example_dags/example_xcom.py
[2026-09-17T22:41:56.345+0200] {processor.py:914} INFO - Processing file /Users/swarnalidatta/Desktop/AutoQueryChatbot/.airflow-venv/lib/python3.12/site-packages/airflow/example_dags/example_xcom.py for tasks to queue
[2026-09-17T22:41:56.345+0200] {logging_mixin.py:190} INFO - [2026-09-17T22:41:56.345+0200] {dagbag.py:588} INFO - Filling up the DagBag from /Users/swarnalidatta/Desktop/AutoQueryChatbot/.airflow-venv/lib/python3.12/site-packages/airflow/example_dags/example_xcom.py
[2026-09-17T22:41:56.358+0200] {processor.py:925} INFO - DAG(s) 'example_xcom' retrieved from /Users/swarnalidatta/Desktop/AutoQueryChatbot/.airflow-venv/lib/python3.12/site-packages/airflow/example_dags/example_xcom.py
[2026-09-17T22:41:56.403+0200] {logging_mixin.py:190} INFO - [2026-09-17T22:41:56.403+0200] {dag.py:3239} INFO - Sync 1 DAGs
[2026-09-17T22:41:56.407+0200] {logging_mixin.py:190} INFO - [2026-09-17T22:41:56.407+0200] {dag.py:4180} INFO - Setting next_dagrun for example_xcom to 2021-01-01 00:00:00+00:00, run_after=2021-01-01 00:00:00+00:00
[2026-09-17T22:41:56.412+0200] {processor.py:208} INFO - Processing /Users/swarnalidatta/Desktop/AutoQueryChatbot/.airflow-venv/lib/python3.12/site-packages/airflow/example_dags/example_xcom.py took 0.069 seconds
[2026-09-17T22:43:00.142+0200] {processor.py:186} INFO - Started process (PID=97872) to work on /Users/swarnalidatta/Desktop/AutoQueryChatbot/.airflow-venv/lib/python3.12/site-packages/airflow/example_dags/example_xcom.py
[2026-09-17T22:43:00.143+0200] {processor.py:914} INFO - Processing file /Users/swarnalidatta/Desktop/AutoQueryChatbot/.airflow-venv/lib/python3.12/site-packages/airflow/example_dags/example_xcom.py for tasks to queue
[2026-09-17T22:43:00.143+0200] {logging_mixin.py:190} INFO - [2026-09-17T22:43:00.143+0200] {dagbag.py:588} INFO - Filling up the DagBag from /Users/swarnalidatta/Desktop/AutoQueryChatbot/.airflow-venv/lib/python3.12/site-packages/airflow/example_dags/example_xcom.py
[2026-09-17T22:43:00.155+0200] {processor.py:925} INFO - DAG(s) 'example_xcom' retrieved from /Users/swarnalidatta/Desktop/AutoQueryChatbot/.airflow-venv/lib/python3.12/site-packages/airflow/example_dags/example_xcom.py
[2026-09-17T22:43:00.201+0200] {logging_mixin.py:190} INFO - [2026-09-17T22:43:00.201+0200] {dag.py:3239} INFO - Sync 1 DAGs
[2026-09-17T22:43:00.206+0200] {logging_mixin.py:190} INFO - [2026-09-17T22:43:00.205+0200] {dag.py:4180} INFO - Setting next_dagrun for example_xcom to 2021-01-01 00:00:00+00:00, run_after=2021-01-01 00:00:00+00:00
[2026-09-17T22:43:00.210+0200] {processor.py:208} INFO - Processing /Users/swarnalidatta/Desktop/AutoQueryChatbot/.airflow-venv/lib/python3.12/site-packages/airflow/example_dags/example_xcom.py took 0.069 seconds
[2026-09-17T23:00:17.933+0200] {processor.py:186} INFO - Started process (PID=98032) to work on /Users/swarnalidatta/Desktop/AutoQueryChatbot/.airflow-venv/lib/python3.12/site-packages/airflow/example_dags/example_xcom.py
[2026-09-17T23:00:17.933+0200] {processor.py:914} INFO - Processing file /Users/swarnalidatta/Desktop/AutoQueryChatbot/.airflow-venv/lib/python3.12/site-packages/airflow/example_dags/example_xcom.py for tasks to queue
[2026-09-17T23:00:17.934+0200] {logging_mixin.py:190} INFO - [2026-09-17T23:00:17.934+0200] {dagbag.py:588} INFO - Filling up the DagBag from /Users/swarnalidatta/Desktop/AutoQueryChatbot/.airflow-venv/lib/python3.12/site-packages/airflow/example_dags/example_xcom.py
[2026-09-17T23:00:17.946+0200] {processor.py:925} INFO - DAG(s) 'example_xcom' retrieved from /Users/swarnalidatta/Desktop/AutoQueryChatbot/.airflow-venv/lib/python3.12/site-packages/airflow/example_dags/example_xcom.py
[2026-09-17T23:00:17.991+0200] {logging_mixin.py:190} INFO - [2026-09-17T23:00:17.991+0200] {dag.py:3239} INFO - Sync 1 DAGs
[2026-09-17T23:00:17.995+0200] {logging_mixin.py:190} INFO - [2026-09-17T23:00:17.995+0200] {dag.py:4180} INFO - Setting next_dagrun for example_xcom to 2021-01-01 00:00:00+00:00, run_after=2021-01-01 00:00:00+00:00
[2026-09-17T23:00:18.000+0200] {processor.py:208} INFO - Processing /Users/swarnalidatta/Desktop/AutoQueryChatbot/.airflow-venv/lib/python3.12/site-packages/airflow/example_dags/example_xcom.py took 0.068 seconds
[2026-09-17T23:32:21.140+0200] {processor.py:186} INFO - Started process (PID=98271) to work on /Users/swarnalidatta/Desktop/AutoQueryChatbot/.airflow-venv/lib/python3.12/site-packages/airflow/example_dags/example_xcom.py
[2026-09-17T23:32:21.140+0200] {processor.py:914} INFO - Processing file /Users/swarnalidatta/Desktop/AutoQueryChatbot/.airflow-venv/lib/python3.12/site-packages/airflow/example_dags/example_xcom.py for tasks to queue
[2026-09-17T23:32:21.140+0200] {logging_mixin.py:190} INFO - [2026-09-17T23:32:21.140+0200] {dagbag.py:588} INFO - Filling up the DagBag from /Users/swarnalidatta/Desktop/AutoQueryChatbot/.airflow-venv/lib/python3.12/site-packages/airflow/example_dags/example_xcom.py
[2026-09-17T23:32:21.153+0200] {processor.py:925} INFO - DAG(s) 'example_xcom' retrieved from /Users/swarnalidatta/Desktop/AutoQueryChatbot/.airflow-venv/lib/python3.12/site-packages/airflow/example_dags/example_xcom.py
[2026-09-17T23:32:21.198+0200] {logging_mixin.py:190} INFO - [2026-09-17T23:32:21.198+0200] {dag.py:3239} INFO - Sync 1 DAGs
[2026-09-17T23:32:21.203+0200] {logging_mixin.py:190} INFO - [2026-09-17T23:32:21.203+0200] {dag.py:4180} INFO - Setting next_dagrun for example_xcom to 2021-01-01 00:00:00+00:00, run_after=2021-01-01 00:00:00+00:00
[2026-09-17T23:32:21.208+0200] {processor.py:208} INFO - Processing /Users/swarnalidatta/Desktop/AutoQueryChatbot/.airflow-venv/lib/python3.12/site-packages/airflow/example_dags/example_xcom.py took 0.069 seconds
[2026-09-17T23:49:02.200+0200] {processor.py:186} INFO - Started process (PID=98424) to work on /Users/swarnalidatta/Desktop/AutoQueryChatbot/.airflow-venv/lib/python3.12/site-packages/airflow/example_dags/example_xcom.py
[2026-09-17T23:49:02.200+0200] {processor.py:914} INFO - Processing file /Users/swarnalidatta/Desktop/AutoQueryChatbot/.airflow-venv/lib/python3.12/site-packages/airflow/example_dags/example_xcom.py for tasks to queue
[2026-09-17T23:49:02.201+0200] {logging_mixin.py:190} INFO - [2026-09-17T23:49:02.201+0200] {dagbag.py:588} INFO - Filling up the DagBag from /Users/swarnalidatta/Desktop/AutoQueryChatbot/.airflow-venv/lib/python3.12/site-packages/airflow/example_dags/example_xcom.py
[2026-09-17T23:49:02.213+0200] {processor.py:925} INFO - DAG(s) 'example_xcom' retrieved from /Users/swarnalidatta/Desktop/AutoQueryChatbot/.airflow-venv/lib/python3.12/site-packages/airflow/example_dags/example_xcom.py
[2026-09-17T23:49:02.257+0200] {logging_mixin.py:190} INFO - [2026-09-17T23:49:02.257+0200] {dag.py:3239} INFO - Sync 1 DAGs
[2026-09-17T23:49:02.262+0200] {logging_mixin.py:190} INFO - [2026-09-17T23:49:02.262+0200] {dag.py:4180} INFO - Setting next_dagrun for example_xcom to 2021-01-01 00:00:00+00:00, run_after=2021-01-01 00:00:00+00:00
[2026-09-17T23:49:02.267+0200] {processor.py:208} INFO - Processing /Users/swarnalidatta/Desktop/AutoQueryChatbot/.airflow-venv/lib/python3.12/site-packages/airflow/example_dags/example_xcom.py took 0.068 seconds
[2026-09-18T00:10:22.239+0200] {processor.py:186} INFO - Started process (PID=98685) to work on /Users/swarnalidatta/Desktop/AutoQueryChatbot/.airflow-venv/lib/python3.12/site-packages/airflow/example_dags/example_xcom.py
[2026-09-18T00:10:22.240+0200] {processor.py:914} INFO - Processing file /Users/swarnalidatta/Desktop/AutoQueryChatbot/.airflow-venv/lib/python3.12/site-packages/airflow/example_dags/example_xcom.py for tasks to queue
[2026-09-18T00:10:22.240+0200] {logging_mixin.py:190} INFO - [2026-09-18T00:10:22.240+0200] {dagbag.py:588} INFO - Filling up the DagBag from /Users/swarnalidatta/Desktop/AutoQueryChatbot/.airflow-venv/lib/python3.12/site-packages/airflow/example_dags/example_xcom.py
[2026-09-18T00:10:22.252+0200] {processor.py:925} INFO - DAG(s) 'example_xcom' retrieved from /Users/swarnalidatta/Desktop/AutoQueryChatbot/.airflow-venv/lib/python3.12/site-packages/airflow/example_dags/example_xcom.py
[2026-09-18T00:10:22.297+0200] {logging_mixin.py:190} INFO - [2026-09-18T00:10:22.297+0200] {dag.py:3239} INFO - Sync 1 DAGs
[2026-09-18T00:10:22.301+0200] {logging_mixin.py:190} INFO - [2026-09-18T00:10:22.301+0200] {dag.py:4180} INFO - Setting next_dagrun for example_xcom to 2021-01-01 00:00:00+00:00, run_after=2021-01-01 00:00:00+00:00
[2026-09-18T00:10:22.306+0200] {processor.py:208} INFO - Processing /Users/swarnalidatta/Desktop/AutoQueryChatbot/.airflow-venv/lib/python3.12/site-packages/airflow/example_dags/example_xcom.py took 0.068 seconds
[2026-09-18T00:21:02.547+0200] {processor.py:186} INFO - Started process (PID=98838) to work on /Users/swarnalidatta/Desktop/AutoQueryChatbot/.airflow-venv/lib/python3.12/site-packages/airflow/example_dags/example_xcom.py
[2026-09-18T00:21:02.547+0200] {processor.py:914} INFO - Processing file /Users/swarnalidatta/Desktop/AutoQueryChatbot/.airflow-venv/lib/python3.12/site-packages/airflow/example_dags/example_xcom.py for tasks to queue
[2026-09-18T00:21:02.548+0200] {logging_mixin.py:190} INFO - [2026-09-18T00:21:02.548+0200] {dagbag.py:588} INFO - Filling up the DagBag from /Users/swarnalidatta/Desktop/AutoQueryChatbot/.airflow-venv/lib/python3.12/site-packages/airflow/example_dags/example_xcom.py
[2026-09-18T00:21:02.560+0200] {processor.py:925} INFO - DAG(s) 'example_xcom' retrieved from /Users/swarnalidatta/Desktop/AutoQueryChatbot/.airflow-venv/lib/python3.12/site-packages/airflow/example_dags/example_xcom.py
[2026-09-18T00:21:02.606+0200] {logging_mixin.py:190} INFO - [2026-09-18T00:21:02.606+0200] {dag.py:3239} INFO - Sync 1 DAGs
[2026-09-18T00:21:02.610+0200] {logging_mixin.py:190} INFO - [2026-09-18T00:21:02.610+0200] {dag.py:4180} INFO - Setting next_dagrun for example_xcom to 2021-01-01 00:00:00+00:00, run_after=2021-01-01 00:00:00+00:00
[2026-09-18T00:21:02.615+0200] {processor.py:208} INFO - Processing /Users/swarnalidatta/Desktop/AutoQueryChatbot/.airflow-venv/lib/python3.12/site-packages/airflow/example_dags/example_xcom.py took 0.069 seconds
[2026-09-18T00:26:37.010+0200] {processor.py:186} INFO - Started process (PID=99074) to work on /Users/swarnalidatta/Desktop/AutoQueryChatbot/.airflow-venv/lib/python3.12/site-packages/airflow/example_dags/example_xcom.py
[2026-09-18T00:26:37.011+0200] {processor.py:914} INFO - Processing file /Users/swarnalidatta/Desktop/AutoQueryChatbot/.airflow-venv/lib/python3.12/site-packages/airflow/example_dags/example_xcom.py for tasks to queue
[2026-09-18T00:26:37.011+0200] {logging_mixin.py:190} INFO - [2026-09-18T00:26:37.011+0200] {dagbag.py:588} INFO - Filling up the DagBag from /Users/swarnalidatta/Desktop/AutoQueryChatbot/.airflow-venv/lib/python3.12/site-packages/airflow/example_dags/example_xcom.py
[2026-09-18T00:26:37.023+0200] {processor.py:925} INFO - DAG(s) 'example_xcom' retrieved from /Users/swarnalidatta/Desktop/AutoQueryChatbot/.airflow-venv/lib/python3.12/site-packages/airflow/example_dags/example_xcom.py
[2026-09-18T00:26:37.068+0200] {logging_mixin.py:190} INFO - [2026-09-18T00:26:37.068+0200] {dag.py:3239} INFO - Sync 1 DAGs
[2026-09-18T00:26:37.073+0200] {logging_mixin.py:190} INFO - [2026-09-18T00:26:37.073+0200] {dag.py:4180} INFO - Setting next_dagrun for example_xcom to 2021-01-01 00:00:00+00:00, run_after=2021-01-01 00:00:00+00:00
[2026-09-18T00:26:37.077+0200] {processor.py:208} INFO - Processing /Users/swarnalidatta/Desktop/AutoQueryChatbot/.airflow-venv/lib/python3.12/site-packages/airflow/example_dags/example_xcom.py took 0.068 seconds
[2026-09-18T00:35:47.466+0200] {processor.py:186} INFO - Started process (PID=99244) to work on /Users/swarnalidatta/Desktop/AutoQueryChatbot/.airflow-venv/lib/python3.12/site-packages/airflow/example_dags/example_xcom.py
[2026-09-18T00:35:47.466+0200] {processor.py:914} INFO - Processing file /Users/swarnalidatta/Desktop/AutoQueryChatbot/.airflow-venv/lib/python3.12/site-packages/airflow/example_dags/example_xcom.py for tasks to queue
[2026-09-18T00:35:47.467+0200] {logging_mixin.py:190} INFO - [2026-09-18T00:35:47.467+0200] {dagbag.py:588} INFO - Filling up the DagBag from /Users/swarnalidatta/Desktop/AutoQueryChatbot/.airflow-venv/lib/python3.12/site-packages/airflow/example_dags/example_xcom.py
[2026-09-18T00:35:47.479+0200] {processor.py:925} INFO - DAG(s) 'example_xcom' retrieved from /Users/swarnalidatta/Desktop/AutoQueryChatbot/.airflow-venv/lib/python3.12/site-packages/airflow/example_dags/example_xcom.py
[2026-09-18T00:35:47.524+0200] {logging_mixin.py:190} INFO - [2026-09-18T00:35:47.524+0200] {dag.py:3239} INFO - Sync 1 DAGs
[2026-09-18T00:35:47.529+0200] {logging_mixin.py:190} INFO - [2026-09-18T00:35:47.529+0200] {dag.py:4180} INFO - Setting next_dagrun for example_xcom to 2021-01-01 00:00:00+00:00, run_after=2021-01-01 00:00:00+00:00
[2026-09-18T00:35:47.533+0200] {processor.py:208} INFO - Processing /Users/swarnalidatta/Desktop/AutoQueryChatbot/.airflow-venv/lib/python3.12/site-packages/airflow/example_dags/example_xcom.py took 0.068 seconds
[2026-09-18T00:41:01.693+0200] {processor.py:186} INFO - Started process (PID=99401) to work on /Users/swarnalidatta/Desktop/AutoQueryChatbot/.airflow-venv/lib/python3.12/site-packages/airflow/example_dags/example_xcom.py
[2026-09-18T00:41:01.694+0200] {processor.py:914} INFO - Processing file /Users/swarnalidatta/Desktop/AutoQueryChatbot/.airflow-venv/lib/python3.12/site-packages/airflow/example_dags/example_xcom.py for tasks to queue
[2026-09-18T00:41:01.694+0200] {logging_mixin.py:190} INFO - [2026-09-18T00:41:01.694+0200] {dagbag.py:588} INFO - Filling up the DagBag from /Users/swarnalidatta/Desktop/AutoQueryChatbot/.airflow-venv/lib/python3.12/site-packages/airflow/example_dags/example_xcom.py
[2026-09-18T00:41:01.706+0200] {processor.py:925} INFO - DAG(s) 'example_xcom' retrieved from /Users/swarnalidatta/Desktop/AutoQueryChatbot/.airflow-venv/lib/python3.12/site-packages/airflow/example_dags/example_xcom.py
[2026-09-18T00:41:01.752+0200] {logging_mixin.py:190} INFO - [2026-09-18T00:41:01.752+0200] {dag.py:3239} INFO - Sync 1 DAGs
[2026-09-18T00:41:01.757+0200] {logging_mixin.py:190} INFO - [2026-09-18T00:41:01.757+0200] {dag.py:4180} INFO - Setting next_dagrun for example_xcom to 2021-01-01 00:00:00+00:00, run_after=2021-01-01 00:00:00+00:00
[2026-09-18T00:41:01.762+0200] {processor.py:208} INFO - Processing /Users/swarnalidatta/Desktop/AutoQueryChatbot/.airflow-venv/lib/python3.12/site-packages/airflow/example_dags/example_xcom.py took 0.069 seconds
[2026-09-18T00:42:09.397+0200] {processor.py:186} INFO - Started process (PID=99567) to work on /Users/swarnalidatta/Desktop/AutoQueryChatbot/.airflow-venv/lib/python3.12/site-packages/airflow/example_dags/example_xcom.py
[2026-09-18T00:42:09.397+0200] {processor.py:914} INFO - Processing file /Users/swarnalidatta/Desktop/AutoQueryChatbot/.airflow-venv/lib/python3.12/site-packages/airflow/example_dags/example_xcom.py for tasks to queue
[2026-09-18T00:42:09.397+0200] {logging_mixin.py:190} INFO - [2026-09-18T00:42:09.397+0200] {dagbag.py:588} INFO - Filling up the DagBag from /Users/swarnalidatta/Desktop/AutoQueryChatbot/.airflow-venv/lib/python3.12/site-packages/airflow/example_dags/example_xcom.py
[2026-09-18T00:42:09.410+0200] {processor.py:925} INFO - DAG(s) 'example_xcom' retrieved from /Users/swarnalidatta/Desktop/AutoQueryChatbot/.airflow-venv/lib/python3.12/site-packages/airflow/example_dags/example_xcom.py
[2026-09-18T00:42:09.454+0200] {logging_mixin.py:190} INFO - [2026-09-18T00:42:09.454+0200] {dag.py:3239} INFO - Sync 1 DAGs
[2026-09-18T00:42:09.459+0200] {logging_mixin.py:190} INFO - [2026-09-18T00:42:09.459+0200] {dag.py:4180} INFO - Setting next_dagrun for example_xcom to 2021-01-01 00:00:00+00:00, run_after=2021-01-01 00:00:00+00:00
[2026-09-18T00:42:09.464+0200] {processor.py:208} INFO - Processing /Users/swarnalidatta/Desktop/AutoQueryChatbot/.airflow-venv/lib/python3.12/site-packages/airflow/example_dags/example_xcom.py took 0.068 seconds
[2026-09-18T00:46:40.175+0200] {processor.py:186} INFO - Started process (PID=99737) to work on /Users/swarnalidatta/Desktop/AutoQueryChatbot/.airflow-venv/lib/python3.12/site-packages/airflow/example_dags/example_xcom.py
[2026-09-18T00:46:40.175+0200] {processor.py:914} INFO - Processing file /Users/swarnalidatta/Desktop/AutoQueryChatbot/.airflow-venv/lib/python3.12/site-packages/airflow/example_dags/example_xcom.py for tasks to queue
[2026-09-18T00:46:40.175+0200] {logging_mixin.py:190} INFO - [2026-09-18T00:46:40.175+0200] {dagbag.py:588} INFO - Filling up the DagBag from /Users/swarnalidatta/Desktop/AutoQueryChatbot/.airflow-venv/lib/python3.12/site-packages/airflow/example_dags/example_xcom.py
[2026-09-18T00:46:40.188+0200] {processor.py:925} INFO - DAG(s) 'example_xcom' retrieved from /Users/swarnalidatta/Desktop/AutoQueryChatbot/.airflow-venv/lib/python3.12/site-packages/airflow/example_dags/example_xcom.py
[2026-09-18T00:46:40.234+0200] {logging_mixin.py:190} INFO - [2026-09-18T00:46:40.234+0200] {dag.py:3239} INFO - Sync 1 DAGs
[2026-09-18T00:46:40.238+0200] {logging_mixin.py:190} INFO - [2026-09-18T00:46:40.238+0200] {dag.py:4180} INFO - Setting next_dagrun for example_xcom to 2021-01-01 00:00:00+00:00, run_after=2021-01-01 00:00:00+00:00
[2026-09-18T00:46:40.243+0200] {processor.py:208} INFO - Processing /Users/swarnalidatta/Desktop/AutoQueryChatbot/.airflow-venv/lib/python3.12/site-packages/airflow/example_dags/example_xcom.py took 0.070 seconds
[2026-09-18T00:51:24.531+0200] {processor.py:186} INFO - Started process (PID=99890) to work on /Users/swarnalidatta/Desktop/AutoQueryChatbot/.airflow-venv/lib/python3.12/site-packages/airflow/example_dags/example_xcom.py
[2026-09-18T00:51:24.532+0200] {processor.py:914} INFO - Processing file /Users/swarnalidatta/Desktop/AutoQueryChatbot/.airflow-venv/lib/python3.12/site-packages/airflow/example_dags/example_xcom.py for tasks to queue
[2026-09-18T00:51:24.532+0200] {logging_mixin.py:190} INFO - [2026-09-18T00:51:24.532+0200] {dagbag.py:588} INFO - Filling up the DagBag from /Users/swarnalidatta/Desktop/AutoQueryChatbot/.airflow-venv/lib/python3.12/site-packages/airflow/example_dags/example_xcom.py
[2026-09-18T00:51:24.544+0200] {processor.py:925} INFO - DAG(s) 'example_xcom' retrieved from /Users/swarnalidatta/Desktop/AutoQueryChatbot/.airflow-venv/lib/python3.12/site-packages/airflow/example_dags/example_xcom.py
[2026-09-18T00:51:24.589+0200] {logging_mixin.py:190} INFO - [2026-09-18T00:51:24.589+0200] {dag.py:3239} INFO - Sync 1 DAGs
[2026-09-18T00:51:24.594+0200] {logging_mixin.py:190} INFO - [2026-09-18T00:51:24.594+0200] {dag.py:4180} INFO - Setting next_dagrun for example_xcom to 2021-01-01 00:00:00+00:00, run_after=2021-01-01 00:00:00+00:00
[2026-09-18T00:51:24.599+0200] {processor.py:208} INFO - Processing /Users/swarnalidatta/Desktop/AutoQueryChatbot/.airflow-venv/lib/python3.12/site-packages/airflow/example_dags/example_xcom.py took 0.068 seconds
[2026-09-18T00:52:47.338+0200] {processor.py:186} INFO - Started process (PID=158) to work on /Users/swarnalidatta/Desktop/AutoQueryChatbot/.airflow-venv/lib/python3.12/site-packages/airflow/example_dags/example_xcom.py
[2026-09-18T00:52:47.338+0200] {processor.py:914} INFO - Processing file /Users/swarnalidatta/Desktop/AutoQueryChatbot/.airflow-venv/lib/python3.12/site-packages/airflow/example_dags/example_xcom.py for tasks to queue
[2026-09-18T00:52:47.339+0200] {logging_mixin.py:190} INFO - [2026-09-18T00:52:47.339+0200] {dagbag.py:588} INFO - Filling up the DagBag from /Users/swarnalidatta/Desktop/AutoQueryChatbot/.airflow-venv/lib/python3.12/site-packages/airflow/example_dags/example_xcom.py
[2026-09-18T00:52:47.351+0200] {processor.py:925} INFO - DAG(s) 'example_xcom' retrieved from /Users/swarnalidatta/Desktop/AutoQueryChatbot/.airflow-venv/lib/python3.12/site-packages/airflow/example_dags/example_xcom.py
[2026-09-18T00:52:47.397+0200] {logging_mixin.py:190} INFO - [2026-09-18T00:52:47.396+0200] {dag.py:3239} INFO - Sync 1 DAGs
[2026-09-18T00:52:47.401+0200] {logging_mixin.py:190} INFO - [2026-09-18T00:52:47.401+0200] {dag.py:4180} INFO - Setting next_dagrun for example_xcom to 2021-01-01 00:00:00+00:00, run_after=2021-01-01 00:00:00+00:00
[2026-09-18T00:52:47.406+0200] {processor.py:208} INFO - Processing /Users/swarnalidatta/Desktop/AutoQueryChatbot/.airflow-venv/lib/python3.12/site-packages/airflow/example_dags/example_xcom.py took 0.069 seconds
[2026-09-18T00:56:17.184+0200] {processor.py:186} INFO - Started process (PID=307) to work on /Users/swarnalidatta/Desktop/AutoQueryChatbot/.airflow-venv/lib/python3.12/site-packages/airflow/example_dags/example_xcom.py
[2026-09-18T00:56:17.184+0200] {processor.py:914} INFO - Processing file /Users/swarnalidatta/Desktop/AutoQueryChatbot/.airflow-venv/lib/python3.12/site-packages/airflow/example_dags/example_xcom.py for tasks to queue
[2026-09-18T00:56:17.184+0200] {logging_mixin.py:190} INFO - [2026-09-18T00:56:17.184+0200] {dagbag.py:588} INFO - Filling up the DagBag from /Users/swarnalidatta/Desktop/AutoQueryChatbot/.airflow-venv/lib/python3.12/site-packages/airflow/example_dags/example_xcom.py
[2026-09-18T00:56:17.197+0200] {processor.py:925} INFO - DAG(s) 'example_xcom' retrieved from /Users/swarnalidatta/Desktop/AutoQueryChatbot/.airflow-venv/lib/python3.12/site-packages/airflow/example_dags/example_xcom.py
[2026-09-18T00:56:17.245+0200] {logging_mixin.py:190} INFO - [2026-09-18T00:56:17.245+0200] {dag.py:3239} INFO - Sync 1 DAGs
[2026-09-18T00:56:17.250+0200] {logging_mixin.py:190} INFO - [2026-09-18T00:56:17.250+0200] {dag.py:4180} INFO - Setting next_dagrun for example_xcom to 2021-01-01 00:00:00+00:00, run_after=2021-01-01 00:00:00+00:00
[2026-09-18T00:56:17.254+0200] {processor.py:208} INFO - Processing /Users/swarnalidatta/Desktop/AutoQueryChatbot/.airflow-venv/lib/python3.12/site-packages/airflow/example_dags/example_xcom.py took 0.072 seconds
[2026-09-18T01:01:03.135+0200] {processor.py:186} INFO - Started process (PID=511) to work on /Users/swarnalidatta/Desktop/AutoQueryChatbot/.airflow-venv/lib/python3.12/site-packages/airflow/example_dags/example_xcom.py
[2026-09-18T01:01:03.136+0200] {processor.py:914} INFO - Processing file /Users/swarnalidatta/Desktop/AutoQueryChatbot/.airflow-venv/lib/python3.12/site-packages/airflow/example_dags/example_xcom.py for tasks to queue
[2026-09-18T01:01:03.136+0200] {logging_mixin.py:190} INFO - [2026-09-18T01:01:03.136+0200] {dagbag.py:588} INFO - Filling up the DagBag from /Users/swarnalidatta/Desktop/AutoQueryChatbot/.airflow-venv/lib/python3.12/site-packages/airflow/example_dags/example_xcom.py
[2026-09-18T01:01:03.148+0200] {processor.py:925} INFO - DAG(s) 'example_xcom' retrieved from /Users/swarnalidatta/Desktop/AutoQueryChatbot/.airflow-venv/lib/python3.12/site-packages/airflow/example_dags/example_xcom.py
[2026-09-18T01:01:03.193+0200] {logging_mixin.py:190} INFO - [2026-09-18T01:01:03.193+0200] {dag.py:3239} INFO - Sync 1 DAGs
[2026-09-18T01:01:03.197+0200] {logging_mixin.py:190} INFO - [2026-09-18T01:01:03.197+0200] {dag.py:4180} INFO - Setting next_dagrun for example_xcom to 2021-01-01 00:00:00+00:00, run_after=2021-01-01 00:00:00+00:00
[2026-09-18T01:01:03.202+0200] {processor.py:208} INFO - Processing /Users/swarnalidatta/Desktop/AutoQueryChatbot/.airflow-venv/lib/python3.12/site-packages/airflow/example_dags/example_xcom.py took 0.068 seconds
[2026-09-18T01:06:19.556+0200] {processor.py:186} INFO - Started process (PID=666) to work on /Users/swarnalidatta/Desktop/AutoQueryChatbot/.airflow-venv/lib/python3.12/site-packages/airflow/example_dags/example_xcom.py
[2026-09-18T01:06:19.556+0200] {processor.py:914} INFO - Processing file /Users/swarnalidatta/Desktop/AutoQueryChatbot/.airflow-venv/lib/python3.12/site-packages/airflow/example_dags/example_xcom.py for tasks to queue
[2026-09-18T01:06:19.557+0200] {logging_mixin.py:190} INFO - [2026-09-18T01:06:19.556+0200] {dagbag.py:588} INFO - Filling up the DagBag from /Users/swarnalidatta/Desktop/AutoQueryChatbot/.airflow-venv/lib/python3.12/site-packages/airflow/example_dags/example_xcom.py
[2026-09-18T01:06:19.569+0200] {processor.py:925} INFO - DAG(s) 'example_xcom' retrieved from /Users/swarnalidatta/Desktop/AutoQueryChatbot/.airflow-venv/lib/python3.12/site-packages/airflow/example_dags/example_xcom.py
[2026-09-18T01:06:19.614+0200] {logging_mixin.py:190} INFO - [2026-09-18T01:06:19.614+0200] {dag.py:3239} INFO - Sync 1 DAGs
[2026-09-18T01:06:19.619+0200] {logging_mixin.py:190} INFO - [2026-09-18T01:06:19.619+0200] {dag.py:4180} INFO - Setting next_dagrun for example_xcom to 2021-01-01 00:00:00+00:00, run_after=2021-01-01 00:00:00+00:00
[2026-09-18T01:06:19.623+0200] {processor.py:208} INFO - Processing /Users/swarnalidatta/Desktop/AutoQueryChatbot/.airflow-venv/lib/python3.12/site-packages/airflow/example_dags/example_xcom.py took 0.069 seconds
[2026-09-18T01:07:37.433+0200] {processor.py:186} INFO - Started process (PID=940) to work on /Users/swarnalidatta/Desktop/AutoQueryChatbot/.airflow-venv/lib/python3.12/site-packages/airflow/example_dags/example_xcom.py
[2026-09-18T01:07:37.434+0200] {processor.py:914} INFO - Processing file /Users/swarnalidatta/Desktop/AutoQueryChatbot/.airflow-venv/lib/python3.12/site-packages/airflow/example_dags/example_xcom.py for tasks to queue
[2026-09-18T01:07:37.434+0200] {logging_mixin.py:190} INFO - [2026-09-18T01:07:37.434+0200] {dagbag.py:588} INFO - Filling up the DagBag from /Users/swarnalidatta/Desktop/AutoQueryChatbot/.airflow-venv/lib/python3.12/site-packages/airflow/example_dags/example_xcom.py
[2026-09-18T01:07:37.446+0200] {processor.py:925} INFO - DAG(s) 'example_xcom' retrieved from /Users/swarnalidatta/Desktop/AutoQueryChatbot/.airflow-venv/lib/python3.12/site-packages/airflow/example_dags/example_xcom.py
[2026-09-18T01:07:37.491+0200] {logging_mixin.py:190} INFO - [2026-09-18T01:07:37.491+0200] {dag.py:3239} INFO - Sync 1 DAGs
[2026-09-18T01:07:37.496+0200] {logging_mixin.py:190} INFO - [2026-09-18T01:07:37.496+0200] {dag.py:4180} INFO - Setting next_dagrun for example_xcom to 2021-01-01 00:00:00+00:00, run_after=2021-01-01 00:00:00+00:00
[2026-09-18T01:07:37.500+0200] {processor.py:208} INFO - Processing /Users/swarnalidatta/Desktop/AutoQueryChatbot/.airflow-venv/lib/python3.12/site-packages/airflow/example_dags/example_xcom.py took 0.069 seconds
[2026-09-18T01:08:43.465+0200] {processor.py:186} INFO - Started process (PID=1441) to work on /Users/swarnalidatta/Desktop/AutoQueryChatbot/.airflow-venv/lib/python3.12/site-packages/airflow/example_dags/example_xcom.py
[2026-09-18T01:08:43.465+0200] {processor.py:914} INFO - Processing file /Users/swarnalidatta/Desktop/AutoQueryChatbot/.airflow-venv/lib/python3.12/site-packages/airflow/example_dags/example_xcom.py for tasks to queue
[2026-09-18T01:08:43.466+0200] {logging_mixin.py:190} INFO - [2026-09-18T01:08:43.466+0200] {dagbag.py:588} INFO - Filling up the DagBag from /Users/swarnalidatta/Desktop/AutoQueryChatbot/.airflow-venv/lib/python3.12/site-packages/airflow/example_dags/example_xcom.py
[2026-09-18T01:08:43.478+0200] {processor.py:925} INFO - DAG(s) 'example_xcom' retrieved from /Users/swarnalidatta/Desktop/AutoQueryChatbot/.airflow-venv/lib/python3.12/site-packages/airflow/example_dags/example_xcom.py
[2026-09-18T01:08:43.523+0200] {logging_mixin.py:190} INFO - [2026-09-18T01:08:43.523+0200] {dag.py:3239} INFO - Sync 1 DAGs
[2026-09-18T01:08:43.528+0200] {logging_mixin.py:190} INFO - [2026-09-18T01:08:43.528+0200] {dag.py:4180} INFO - Setting next_dagrun for example_xcom to 2021-01-01 00:00:00+00:00, run_after=2021-01-01 00:00:00+00:00
[2026-09-18T01:08:43.532+0200] {processor.py:208} INFO - Processing /Users/swarnalidatta/Desktop/AutoQueryChatbot/.airflow-venv/lib/python3.12/site-packages/airflow/example_dags/example_xcom.py took 0.068 seconds
