[2026-09-17T19:22:40.647+0200] {processor.py:186} INFO - Started process (PID=74285) to work on /Users/swarnalidatta/Desktop/AutoQueryChatbot/.airflow-venv/lib/python3.12/site-packages/airflow/example_dags/example_subdag_operator.py
[2026-09-17T19:22:40.648+0200] {processor.py:914} INFO - Processing file /Users/swarnalidatta/Desktop/AutoQueryChatbot/.airflow-venv/lib/python3.12/site-packages/airflow/example_dags/example_subdag_operator.py for tasks to queue
[2026-09-17T19:22:40.648+0200] {logging_mixin.py:190} INFO - [2026-09-17T19:22:40.648+0200] {dagbag.py:588} INFO - Filling up the DagBag from /Users/swarnalidatta/Desktop/AutoQueryChatbot/.airflow-venv/lib/python3.12/site-packages/airflow/example_dags/example_subdag_operator.py
[2026-09-17T19:22:40.675+0200] {processor.py:925} INFO - DAG(s) 'example_subdag_operator.section-1', 'example_subdag_operator.section-2', 'example_subdag_operator' retrieved from /Users/swarnalidatta/Desktop/AutoQueryChatbot/.airflow-venv/lib/python3.12/site-packages/airflow/example_dags/example_subdag_operator.py
[2026-09-17T19:22:40.853+0200] {logging_mixin.py:190} INFO - [2026-09-17T19:22:40.853+0200] {dag.py:3239} INFO - Sync 3 DAGs
[2026-09-17T19:22:40.859+0200] {logging_mixin.py:190} INFO - [2026-09-17T19:22:40.859+0200] {dag.py:4180} INFO - Setting next_dagrun for example_subdag_operator to 2022-01-01 00:00:00+00:00, run_after=2022-01-01 00:00:00+00:00
[2026-09-17T19:22:40.860+0200] {logging_mixin.py:190} INFO - [2026-09-17T19:22:40.860+0200] {dag.py:4180} INFO - Setting next_dagrun for example_subdag_operator.section-1 to None, run_after=None
[2026-09-17T19:22:40.860+0200] {logging_mixin.py:190} INFO - [2026-09-17T19:22:40.860+0200] {dag.py:4180} INFO - Setting next_dagrun for example_subdag_operator.section-2 to None, run_after=None
[2026-09-17T19:22:40.862+0200] {logging_mixin.py:190} INFO - [2026-09-17T19:22:40.862+0200] {dag.py:3239} INFO - Sync 2 DAGs
[2026-09-17T19:22:40.863+0200] {logging_mixin.py:190} INFO - [2026-09-17T19:22:40.862+0200] {dag.py:4180} INFO - Setting next_dagrun for example_subdag_operator.section-1 to None, run_after=None
[2026-09-17T19:22:40.863+0200] {logging_mixin.py:190} INFO - [2026-09-17T19:22:40.863+0200] {dag.py:4180} INFO - Setting next_dagrun for example_subdag_operator.section-2 to None, run_after=None
[2026-09-17T19:22:40.866+0200] {processor.py:208} INFO - Processing /Users/swarnalidatta/Desktop/AutoQueryChatbot/.airflow-venv/lib/python3.12/site-packages/airflow/example_dags/example_subdag_operator.py took 0.219 seconds
[2026-09-17T19:24:14.790+0200] {processor.py:186} INFO - Started process (PID=74544) to work on /Users/swarnalidatta/Desktop/AutoQueryChatbot/.airflow-venv/lib/python3.12/site-packages/airflow/example_dags/example_subdag_operator.py
[2026-09-17T19:24:14.790+0200] {processor.py:914} INFO - Processing file /Users/swarnalidatta/Desktop/AutoQueryChatbot/.airflow-venv/lib/python3.12/site-packages/airflow/example_dags/example_subdag_operator.py for tasks to queue
[2026-09-17T19:24:14.790+0200] {logging_mixin.py:190} INFO - [2026-09-17T19:24:14.790+0200] {dagbag.py:588} INFO - Filling up the DagBag from /Users/swarnalidatta/Desktop/AutoQueryChatbot/.airflow-venv/lib/python3.12/site-packages/airflow/example_dags/example_subdag_operator.py
[2026-09-17T19:24:14.817+0200] {processor.py:925} INFO - DAG(s) 'example_subdag_operator.section-1', 'example_subdag_operator.section-2', 'example_subdag_operator' retrieved from /Users/swarnalidatta/Desktop/AutoQueryChatbot/.airflow-venv/lib/python3.12/site-packages/airflow/example_dags/example_subdag_operator.py
[2026-09-17T19:24:14.988+0200] {logging_mixin.py:190} INFO - [2026-09-17T19:24:14.988+0200] {dag.py:3239} INFO - Sync 3 DAGs
[2026-09-17T19:24:14.993+0200] {logging_mixin.py:190} INFO - [2026-09-17T19:24:14.993+0200] {dag.py:4180} INFO - Setting next_dagrun for example_subdag_operator to 2022-01-01 00:00:00+00:00, run_after=2022-01-01 00:00:00+00:00
[2026-09-17T19:24:14.994+0200] {logging_mixin.py:190} INFO - [2026-09-17T19:24:14.994+0200] {dag.py:4180} INFO - Setting next_dagrun for example_subdag_operator.section-1 to None, run_after=None
[2026-09-17T19:24:14.994+0200] {logging_mixin.py:190} INFO - [2026-09-17T19:24:14.994+0200] {dag.py:4180} INFO - Setting next_dagrun for example_subdag_operator.section-2 to None, run_after=None
[2026-09-17T19:24:14.996+0200] {logging_mixin.py:190} INFO - [2026-09-17T19:24:14.996+0200] {dag.py:3239} INFO - Sync 2 DAGs
[2026-09-17T19:24:14.997+0200] {logging_mixin.py:190} INFO - [2026-09-17T19:24:14.997+0200] {dag.py:4180} INFO - Setting next_dagrun for example_subdag_operator.section-1 to None, run_after=None
[2026-09-17T19:24:14.997+0200] {logging_mixin.py:190} INFO - [2026-09-17T19:24:14.997+0200] {dag.py:4180} INFO - Setting next_dagrun for example_subdag_operator.section-2 to None, run_after=None
[2026-09-17T19:24:15.000+0200] {processor.py:208} INFO - Processing /Users/swarnalidatta/Desktop/AutoQueryChatbot/.airflow-venv/lib/python3.12/site-packages/airflow/example_dags/example_subdag_operator.py took 0.211 seconds
[2026-09-17T19:25:24.641+0200] {processor.py:186} INFO - Started process (PID=74719) to work on /Users/swarnalidatta/Desktop/AutoQueryChatbot/.airflow-venv/lib/python3.12/site-packages/airflow/example_dags/example_subdag_operator.py
[2026-09-17T19:25:24.642+0200] {processor.py:914} INFO - Processing file /Users/swarnalidatta/Desktop/AutoQueryChatbot/.airflow-venv/lib/python3.12/site-packages/airflow/example_dags/example_subdag_operator.py for tasks to queue
[2026-09-17T19:25:24.642+0200] {logging_mixin.py:190} INFO - [2026-09-17T19:25:24.642+0200] {dagbag.py:588} INFO - Filling up the DagBag from /Users/swarnalidatta/Desktop/AutoQueryChatbot/.airflow-venv/lib/python3.12/site-packages/airflow/example_dags/example_subdag_operator.py
[2026-09-17T19:25:24.668+0200] {processor.py:925} INFO - DAG(s) 'example_subdag_operator.section-1', 'example_subdag_operator.section-2', 'example_subdag_operator' retrieved from /Users/swarnalidatta/Desktop/AutoQueryChatbot/.airflow-venv/lib/python3.12/site-packages/airflow/example_dags/example_subdag_operator.py
[2026-09-17T19:25:24.838+0200] {logging_mixin.py:190} INFO - [2026-09-17T19:25:24.838+0200] {dag.py:3239} INFO - Sync 3 DAGs
[2026-09-17T19:25:24.843+0200] {logging_mixin.py:190} INFO - [2026-09-17T19:25:24.843+0200] {dag.py:4180} INFO - Setting next_dagrun for example_subdag_operator to 2022-01-01 00:00:00+00:00, run_after=2022-01-01 00:00:00+00:00
[2026-09-17T19:25:24.844+0200] {logging_mixin.py:190} INFO - [2026-09-17T19:25:24.844+0200] {dag.py:4180} INFO - Setting next_dagrun for example_subdag_operator.section-1 to None, run_after=None
[2026-09-17T19:25:24.844+0200] {logging_mixin.py:190} INFO - [2026-09-17T19:25:24.844+0200] {dag.py:4180} INFO - Setting next_dagrun for example_subdag_operator.section-2 to None, run_after=None
[2026-09-17T19:25:24.846+0200] {logging_mixin.py:190} INFO - [2026-09-17T19:25:24.845+0200] {dag.py:3239} INFO - Sync 2 DAGs
[2026-09-17T19:25:24.846+0200] {logging_mixin.py:190} INFO - [2026-09-17T19:25:24.846+0200] {dag.py:4180} INFO - Setting next_dagrun for example_subdag_operator.section-1 to None, run_after=None
[2026-09-17T19:25:24.847+0200] {logging_mixin.py:190} INFO - [2026-09-17T19:25:24.847+0200] {dag.py:4180} INFO - Setting next_dagrun for example_subdag_operator.section-2 to None, run_after=None
[2026-09-17T19:25:24.850+0200] {processor.py:208} INFO - Processing /Users/swarnalidatta/Desktop/AutoQueryChatbot/.airflow-venv/lib/python3.12/site-packages/airflow/example_dags/example_subdag_operator.py took 0.209 seconds
[2026-09-17T19:26:34.328+0200] {processor.py:186} INFO - Started process (PID=74905) to work on /Users/swarnalidatta/Desktop/AutoQueryChatbot/.airflow-venv/lib/python3.12/site-packages/airflow/example_dags/example_subdag_operator.py
[2026-09-17T19:26:34.328+0200] {processor.py:914} INFO - Processing file /Users/swarnalidatta/Desktop/AutoQueryChatbot/.airflow-venv/lib/python3.12/site-packages/airflow/example_dags/example_subdag_operator.py for tasks to queue
[2026-09-17T19:26:34.329+0200] {logging_mixin.py:190} INFO - [2026-09-17T19:26:34.329+0200] {dagbag.py:588} INFO - Filling up the DagBag from /Users/swarnalidatta/Desktop/AutoQueryChatbot/.airflow-venv/lib/python3.12/site-packages/airflow/example_dags/example_subdag_operator.py
[2026-09-17T19:26:34.356+0200] {processor.py:925} INFO - DAG(s) 'example_subdag_operator.section-1', 'example_subdag_operator.section-2', 'example_subdag_operator' retrieved from /Users/swarnalidatta/Desktop/AutoQueryChatbot/.airflow-venv/lib/python3.12/site-packages/airflow/example_dags/example_subdag_operator.py
[2026-09-17T19:26:34.533+0200] {logging_mixin.py:190} INFO - [2026-09-17T19:26:34.533+0200] {dag.py:3239} INFO - Sync 3 DAGs
[2026-09-17T19:26:34.538+0200] {logging_mixin.py:190} INFO - [2026-09-17T19:26:34.538+0200] {dag.py:4180} INFO - Setting next_dagrun for example_subdag_operator to 2022-01-01 00:00:00+00:00, run_after=2022-01-01 00:00:00+00:00
[2026-09-17T19:26:34.539+0200] {logging_mixin.py:190} INFO - [2026-09-17T19:26:34.539+0200] {dag.py:4180} INFO - Setting next_dagrun for example_subdag_operator.section-1 to None, run_after=None
[2026-09-17T19:26:34.539+0200] {logging_mixin.py:190} INFO - [2026-09-17T19:26:34.539+0200] {dag.py:4180} INFO - Setting next_dagrun for example_subdag_operator.section-2 to None, run_after=None
[2026-09-17T19:26:34.541+0200] {logging_mixin.py:190} INFO - [2026-09-17T19:26:34.541+0200] {dag.py:3239} INFO - Sync 2 DAGs
[2026-09-17T19:26:34.542+0200] {logging_mixin.py:190} INFO - [2026-09-17T19:26:34.542+0200] {dag.py:4180} INFO - Setting next_dagrun for example_subdag_operator.section-1 to None, run_after=None
[2026-09-17T19:26:34.542+0200] {logging_mixin.py:190} INFO - [2026-09-17T19:26:34.542+0200] {dag.py:4180} INFO - Setting next_dagrun for example_subdag_operator.section-2 to None, run_after=None
[2026-09-17T19:26:34.545+0200] {processor.py:208} INFO - Processing /Users/swarnalidatta/Desktop/AutoQueryChatbot/.airflow-venv/lib/python3.12/site-packages/airflow/example_dags/example_subdag_operator.py took 0.218 seconds
[2026-09-17T19:27:38.960+0200] {processor.py:186} INFO - Started process (PID=75092) to work on /Users/swarnalidatta/Desktop/AutoQueryChatbot/.airflow-venv/lib/python3.12/site-packages/airflow/example_dags/example_subdag_operator.py
[2026-09-17T19:27:38.960+0200] {processor.py:914} INFO - Processing file /Users/swarnalidatta/Desktop/AutoQueryChatbot/.airflow-venv/lib/python3.12/site-packages/airflow/example_dags/example_subdag_operator.py for tasks to queue
[2026-09-17T19:27:38.961+0200] {logging_mixin.py:190} INFO - [2026-09-17T19:27:38.961+0200] {dagbag.py:588} INFO - Filling up the DagBag from /Users/swarnalidatta/Desktop/AutoQueryChatbot/.airflow-venv/lib/python3.12/site-packages/airflow/example_dags/example_subdag_operator.py
[2026-09-17T19:27:38.988+0200] {processor.py:925} INFO - DAG(s) 'example_subdag_operator.section-1', 'example_subdag_operator.section-2', 'example_subdag_operator' retrieved from /Users/swarnalidatta/Desktop/AutoQueryChatbot/.airflow-venv/lib/python3.12/site-packages/airflow/example_dags/example_subdag_operator.py
[2026-09-17T19:27:39.166+0200] {logging_mixin.py:190} INFO - [2026-09-17T19:27:39.166+0200] {dag.py:3239} INFO - Sync 3 DAGs
[2026-09-17T19:27:39.171+0200] {logging_mixin.py:190} INFO - [2026-09-17T19:27:39.171+0200] {dag.py:4180} INFO - Setting next_dagrun for example_subdag_operator to 2022-01-01 00:00:00+00:00, run_after=2022-01-01 00:00:00+00:00
[2026-09-17T19:27:39.172+0200] {logging_mixin.py:190} INFO - [2026-09-17T19:27:39.172+0200] {dag.py:4180} INFO - Setting next_dagrun for example_subdag_operator.section-1 to None, run_after=None
[2026-09-17T19:27:39.172+0200] {logging_mixin.py:190} INFO - [2026-09-17T19:27:39.172+0200] {dag.py:4180} INFO - Setting next_dagrun for example_subdag_operator.section-2 to None, run_after=None
[2026-09-17T19:27:39.174+0200] {logging_mixin.py:190} INFO - [2026-09-17T19:27:39.174+0200] {dag.py:3239} INFO - Sync 2 DAGs
[2026-09-17T19:27:39.175+0200] {logging_mixin.py:190} INFO - [2026-09-17T19:27:39.175+0200] {dag.py:4180} INFO - Setting next_dagrun for example_subdag_operator.section-1 to None, run_after=None
[2026-09-17T19:27:39.175+0200] {logging_mixin.py:190} INFO - [2026-09-17T19:27:39.175+0200] {dag.py:4180} INFO - Setting next_dagrun for example_subdag_operator.section-2 to None, run_after=None
[2026-09-17T19:27:39.178+0200] {processor.py:208} INFO - Processing /Users/swarnalidatta/Desktop/AutoQueryChatbot/.airflow-venv/lib/python3.12/site-packages/airflow/example_dags/example_subdag_operator.py took 0.219 seconds
[2026-09-17T19:28:46.036+0200] {processor.py:186} INFO - Started process (PID=75286) to work on /Users/swarnalidatta/Desktop/AutoQueryChatbot/.airflow-venv/lib/python3.12/site-packages/airflow/example_dags/example_subdag_operator.py
[2026-09-17T19:28:46.036+0200] {processor.py:914} INFO - Processing file /Users/swarnalidatta/Desktop/AutoQueryChatbot/.airflow-venv/lib/python3.12/site-packages/airflow/example_dags/example_subdag_operator.py for tasks to queue
[2026-09-17T19:28:46.036+0200] {logging_mixin.py:190} INFO - [2026-09-17T19:28:46.036+0200] {dagbag.py:588} INFO - Filling up the DagBag from /Users/swarnalidatta/Desktop/AutoQueryChatbot/.airflow-venv/lib/python3.12/site-packages/airflow/example_dags/example_subdag_operator.py
[2026-09-17T19:28:46.064+0200] {processor.py:925} INFO - DAG(s) 'example_subdag_operator.section-1', 'example_subdag_operator.section-2', 'example_subdag_operator' retrieved from /Users/swarnalidatta/Desktop/AutoQueryChatbot/.airflow-venv/lib/python3.12/site-packages/airflow/example_dags/example_subdag_operator.py
[2026-09-17T19:28:46.239+0200] {logging_mixin.py:190} INFO - [2026-09-17T19:28:46.239+0200] {dag.py:3239} INFO - Sync 3 DAGs
[2026-09-17T19:28:46.245+0200] {logging_mixin.py:190} INFO - [2026-09-17T19:28:46.245+0200] {dag.py:4180} INFO - Setting next_dagrun for example_subdag_operator to 2022-01-01 00:00:00+00:00, run_after=2022-01-01 00:00:00+00:00
[2026-09-17T19:28:46.245+0200] {logging_mixin.py:190} INFO - [2026-09-17T19:28:46.245+0200] {dag.py:4180} INFO - Setting next_dagrun for example_subdag_operator.section-1 to None, run_after=None
[2026-09-17T19:28:46.246+0200] {logging_mixin.py:190} INFO - [2026-09-17T19:28:46.246+0200] {dag.py:4180} INFO - Setting next_dagrun for example_subdag_operator.section-2 to None, run_after=None
[2026-09-17T19:28:46.247+0200] {logging_mixin.py:190} INFO - [2026-09-17T19:28:46.247+0200] {dag.py:3239} INFO - Sync 2 DAGs
[2026-09-17T19:28:46.248+0200] {logging_mixin.py:190} INFO - [2026-09-17T19:28:46.248+0200] {dag.py:4180} INFO - Setting next_dagrun for example_subdag_operator.section-1 to None, run_after=None
[2026-09-17T19:28:46.248+0200] {logging_mixin.py:190} INFO - [2026-09-17T19:28:46.248+0200] {dag.py:4180} INFO - Setting next_dagrun for example_subdag_operator.section-2 to None, run_after=None
[2026-09-17T19:28:46.251+0200] {processor.py:208} INFO - Processing /Users/swarnalidatta/Desktop/AutoQueryChatbot/.airflow-venv/lib/python3.12/site-packages/airflow/example_dags/example_subdag_operator.py took 0.217 seconds
[2026-09-17T19:29:57.284+0200] {processor.py:186} INFO - Started process (PID=75505) to work on /Users/swarnalidatta/Desktop/AutoQueryChatbot/.airflow-venv/lib/python3.12/site-packages/airflow/example_dags/example_subdag_operator.py
[2026-09-17T19:29:57.285+0200] {processor.py:914} INFO - Processing file /Users/swarnalidatta/Desktop/AutoQueryChatbot/.airflow-venv/lib/python3.12/site-packages/airflow/example_dags/example_subdag_operator.py for tasks to queue
[2026-09-17T19:29:57.285+0200] {logging_mixin.py:190} INFO - [2026-09-17T19:29:57.285+0200] {dagbag.py:588} INFO - Filling up the DagBag from /Users/swarnalidatta/Desktop/AutoQueryChatbot/.airflow-venv/lib/python3.12/site-packages/airflow/example_dags/example_subdag_operator.py
[2026-09-17T19:29:57.313+0200] {processor.py:925} INFO - DAG(s) 'example_subdag_operator.section-1', 'example_subdag_operator.section-2', 'example_subdag_operator' retrieved from /Users/swarnalidatta/Desktop/AutoQueryChatbot/.airflow-venv/lib/python3.12/site-packages/airflow/example_dags/example_subdag_operator.py
[2026-09-17T19:29:57.495+0200] {logging_mixin.py:190} INFO - [2026-09-17T19:29:57.495+0200] {dag.py:3239} INFO - Sync 3 DAGs
[2026-09-17T19:29:57.500+0200] {logging_mixin.py:190} INFO - [2026-09-17T19:29:57.500+0200] {dag.py:4180} INFO - Setting next_dagrun for example_subdag_operator to 2022-01-01 00:00:00+00:00, run_after=2022-01-01 00:00:00+00:00
[2026-09-17T19:29:57.501+0200] {logging_mixin.py:190} INFO - [2026-09-17T19:29:57.501+0200] {dag.py:4180} INFO - Setting next_dagrun for example_subdag_operator.section-1 to None, run_after=None
[2026-09-17T19:29:57.502+0200] {logging_mixin.py:190} INFO - [2026-09-17T19:29:57.502+0200] {dag.py:4180} INFO - Setting next_dagrun for example_subdag_operator.section-2 to None, run_after=None
[2026-09-17T19:29:57.503+0200] {logging_mixin.py:190} INFO - [2026-09-17T19:29:57.503+0200] {dag.py:3239} INFO - Sync 2 DAGs
[2026-09-17T19:29:57.504+0200] {logging_mixin.py:190} INFO - [2026-09-17T19:29:57.504+0200] {dag.py:4180} INFO - Setting next_dagrun for example_subdag_operator.section-1 to None, run_after=None
[2026-09-17T19:29:57.504+0200] {logging_mixin.py:190} INFO - [2026-09-17T19:29:57.504+0200] {dag.py:4180} INFO - Setting next_dagrun for example_subdag_operator.section-2 to None, run_after=None
[2026-09-17T19:29:57.507+0200] {processor.py:208} INFO - Processing /Users/swarnalidatta/Desktop/AutoQueryChatbot/.airflow-venv/lib/python3.12/site-packages/airflow/example_dags/example_subdag_operator.py took 0.224 seconds
[2026-09-17T19:31:10.648+0200] {processor.py:186} INFO - Started process (PID=75715) to work on /Users/swarnalidatta/Desktop/AutoQueryChatbot/.airflow-venv/lib/python3.12/site-packages/airflow/example_dags/example_subdag_operator.py
[2026-09-17T19:31:10.649+0200] {processor.py:914} INFO - Processing file /Users/swarnalidatta/Desktop/AutoQueryChatbot/.airflow-venv/lib/python3.12/site-packages/airflow/example_dags/example_subdag_operator.py for tasks to queue
[2026-09-17T19:31:10.649+0200] {logging_mixin.py:190} INFO - [2026-09-17T19:31:10.649+0200] {dagbag.py:588} INFO - Filling up the DagBag from /Users/swarnalidatta/Desktop/AutoQueryChatbot/.airflow-venv/lib/python3.12/site-packages/airflow/example_dags/example_subdag_operator.py
[2026-09-17T19:31:10.676+0200] {processor.py:925} INFO - DAG(s) 'example_subdag_operator.section-1', 'example_subdag_operator.section-2', 'example_subdag_operator' retrieved from /Users/swarnalidatta/Desktop/AutoQueryChatbot/.airflow-venv/lib/python3.12/site-packages/airflow/example_dags/example_subdag_operator.py
[2026-09-17T19:31:10.853+0200] {logging_mixin.py:190} INFO - [2026-09-17T19:31:10.853+0200] {dag.py:3239} INFO - Sync 3 DAGs
[2026-09-17T19:31:10.859+0200] {logging_mixin.py:190} INFO - [2026-09-17T19:31:10.858+0200] {dag.py:4180} INFO - Setting next_dagrun for example_subdag_operator to 2022-01-01 00:00:00+00:00, run_after=2022-01-01 00:00:00+00:00
[2026-09-17T19:31:10.859+0200] {logging_mixin.py:190} INFO - [2026-09-17T19:31:10.859+0200] {dag.py:4180} INFO - Setting next_dagrun for example_subdag_operator.section-1 to None, run_after=None
[2026-09-17T19:31:10.860+0200] {logging_mixin.py:190} INFO - [2026-09-17T19:31:10.860+0200] {dag.py:4180} INFO - Setting next_dagrun for example_subdag_operator.section-2 to None, run_after=None
[2026-09-17T19:31:10.861+0200] {logging_mixin.py:190} INFO - [2026-09-17T19:31:10.861+0200] {dag.py:3239} INFO - Sync 2 DAGs
[2026-09-17T19:31:10.862+0200] {logging_mixin.py:190} INFO - [2026-09-17T19:31:10.862+0200] {dag.py:4180} INFO - Setting next_dagrun for example_subdag_operator.section-1 to None, run_after=None
[2026-09-17T19:31:10.862+0200] {logging_mixin.py:190} INFO - [2026-09-17T19:31:10.862+0200] {dag.py:4180} INFO - Setting next_dagrun for example_subdag_operator.section-2 to None, run_after=None
[2026-09-17T19:31:10.865+0200] {processor.py:208} INFO - Processing /Users/swarnalidatta/Desktop/AutoQueryChatbot/.airflow-venv/lib/python3.12/site-packages/airflow/example_dags/example_subdag_operator.py took 0.218 seconds
[2026-09-17T19:32:22.682+0200] {processor.py:186} INFO - Started process (PID=75945) to work on /Users/swarnalidatta/Desktop/AutoQueryChatbot/.airflow-venv/lib/python3.12/site-packages/airflow/example_dags/example_subdag_operator.py
[2026-09-17T19:32:22.682+0200] {processor.py:914} INFO - Processing file /Users/swarnalidatta/Desktop/AutoQueryChatbot/.airflow-venv/lib/python3.12/site-packages/airflow/example_dags/example_subdag_operator.py for tasks to queue
[2026-09-17T19:32:22.683+0200] {logging_mixin.py:190} INFO - [2026-09-17T19:32:22.683+0200] {dagbag.py:588} INFO - Filling up the DagBag from /Users/swarnalidatta/Desktop/AutoQueryChatbot/.airflow-venv/lib/python3.12/site-packages/airflow/example_dags/example_subdag_operator.py
[2026-09-17T19:32:22.711+0200] {processor.py:925} INFO - DAG(s) 'example_subdag_operator.section-1', 'example_subdag_operator.section-2', 'example_subdag_operator' retrieved from /Users/swarnalidatta/Desktop/AutoQueryChatbot/.airflow-venv/lib/python3.12/site-packages/airflow/example_dags/example_subdag_operator.py
[2026-09-17T19:32:22.897+0200] {logging_mixin.py:190} INFO - [2026-09-17T19:32:22.897+0200] {dag.py:3239} INFO - Sync 3 DAGs
[2026-09-17T19:32:22.902+0200] {logging_mixin.py:190} INFO - [2026-09-17T19:32:22.902+0200] {dag.py:4180} INFO - Setting next_dagrun for example_subdag_operator to 2022-01-01 00:00:00+00:00, run_after=2022-01-01 00:00:00+00:00
[2026-09-17T19:32:22.903+0200] {logging_mixin.py:190} INFO - [2026-09-17T19:32:22.903+0200] {dag.py:4180} INFO - Setting next_dagrun for example_subdag_operator.section-1 to None, run_after=None
[2026-09-17T19:32:22.904+0200] {logging_mixin.py:190} INFO - [2026-09-17T19:32:22.904+0200] {dag.py:4180} INFO - Setting next_dagrun for example_subdag_operator.section-2 to None, run_after=None
[2026-09-17T19:32:22.905+0200] {logging_mixin.py:190} INFO - [2026-09-17T19:32:22.905+0200] {dag.py:3239} INFO - Sync 2 DAGs
[2026-09-17T19:32:22.906+0200] {logging_mixin.py:190} INFO - [2026-09-17T19:32:22.906+0200] {dag.py:4180} INFO - Setting next_dagrun for example_subdag_operator.section-1 to None, run_after=None
[2026-09-17T19:32:22.906+0200] {logging_mixin.py:190} INFO - [2026-09-17T19:32:22.906+0200] {dag.py:4180} INFO - Setting next_dagrun for example_subdag_operator.section-2 to None, run_after=None
[2026-09-17T19:32:22.909+0200] {processor.py:208} INFO - Processing /Users/swarnalidatta/Desktop/AutoQueryChatbot/.airflow-venv/lib/python3.12/site-packages/airflow/example_dags/example_subdag_operator.py took 0.229 seconds
[2026-09-17T19:33:36.674+0200] {processor.py:186} INFO - Started process (PID=76184) to work on /Users/swarnalidatta/Desktop/AutoQueryChatbot/.airflow-venv/lib/python3.12/site-packages/airflow/example_dags/example_subdag_operator.py
[2026-09-17T19:33:36.675+0200] {processor.py:914} INFO - Processing file /Users/swarnalidatta/Desktop/AutoQueryChatbot/.airflow-venv/lib/python3.12/site-packages/airflow/example_dags/example_subdag_operator.py for tasks to queue
[2026-09-17T19:33:36.675+0200] {logging_mixin.py:190} INFO - [2026-09-17T19:33:36.675+0200] {dagbag.py:588} INFO - Filling up the DagBag from /Users/swarnalidatta/Desktop/AutoQueryChatbot/.airflow-venv/lib/python3.12/site-packages/airflow/example_dags/example_subdag_operator.py
[2026-09-17T19:33:36.703+0200] {processor.py:925} INFO - DAG(s) 'example_subdag_operator.section-1', 'example_subdag_operator.section-2', 'example_subdag_operator' retrieved from /Users/swarnalidatta/Desktop/AutoQueryChatbot/.airflow-venv/lib/python3.12/site-packages/airflow/example_dags/example_subdag_operator.py
[2026-09-17T19:33:36.883+0200] {logging_mixin.py:190} INFO - [2026-09-17T19:33:36.883+0200] {dag.py:3239} INFO - Sync 3 DAGs
[2026-09-17T19:33:36.889+0200] {logging_mixin.py:190} INFO - [2026-09-17T19:33:36.889+0200] {dag.py:4180} INFO - Setting next_dagrun for example_subdag_operator to 2022-01-01 00:00:00+00:00, run_after=2022-01-01 00:00:00+00:00
[2026-09-17T19:33:36.890+0200] {logging_mixin.py:190} INFO - [2026-09-17T19:33:36.890+0200] {dag.py:4180} INFO - Setting next_dagrun for example_subdag_operator.section-1 to None, run_after=None
[2026-09-17T19:33:36.890+0200] {logging_mixin.py:190} INFO - [2026-09-17T19:33:36.890+0200] {dag.py:4180} INFO - Setting next_dagrun for example_subdag_operator.section-2 to None, run_after=None
[2026-09-17T19:33:36.891+0200] {logging_mixin.py:190} INFO - [2026-09-17T19:33:36.891+0200] {dag.py:3239} INFO - Sync 2 DAGs
[2026-09-17T19:33:36.892+0200] {logging_mixin.py:190} INFO - [2026-09-17T19:33:36.892+0200] {dag.py:4180} INFO - Setting next_dagrun for example_subdag_operator.section-1 to None, run_after=None
[2026-09-17T19:33:36.893+0200] {logging_mixin.py:190} INFO - [2026-09-17T19:33:36.892+0200] {dag.py:4180} INFO - Setting next_dagrun for example_subdag_operator.section-2 to None, run_after=None
[2026-09-17T19:33:36.896+0200] {processor.py:208} INFO - Processing /Users/swarnalidatta/Desktop/AutoQueryChatbot/.airflow-venv/lib/python3.12/site-packages/airflow/example_dags/example_subdag_operator.py took 0.222 seconds
[2026-09-17T19:34:52.146+0200] {processor.py:186} INFO - Started process (PID=76437) to work on /Users/swarnalidatta/Desktop/AutoQueryChatbot/.airflow-venv/lib/python3.12/site-packages/airflow/example_dags/example_subdag_operator.py
[2026-09-17T19:34:52.147+0200] {processor.py:914} INFO - Processing file /Users/swarnalidatta/Desktop/AutoQueryChatbot/.airflow-venv/lib/python3.12/site-packages/airflow/example_dags/example_subdag_operator.py for tasks to queue
[2026-09-17T19:34:52.147+0200] {logging_mixin.py:190} INFO - [2026-09-17T19:34:52.147+0200] {dagbag.py:588} INFO - Filling up the DagBag from /Users/swarnalidatta/Desktop/AutoQueryChatbot/.airflow-venv/lib/python3.12/site-packages/airflow/example_dags/example_subdag_operator.py
[2026-09-17T19:34:52.175+0200] {processor.py:925} INFO - DAG(s) 'example_subdag_operator.section-1', 'example_subdag_operator.section-2', 'example_subdag_operator' retrieved from /Users/swarnalidatta/Desktop/AutoQueryChatbot/.airflow-venv/lib/python3.12/site-packages/airflow/example_dags/example_subdag_operator.py
[2026-09-17T19:34:52.352+0200] {logging_mixin.py:190} INFO - [2026-09-17T19:34:52.352+0200] {dag.py:3239} INFO - Sync 3 DAGs
[2026-09-17T19:34:52.358+0200] {logging_mixin.py:190} INFO - [2026-09-17T19:34:52.358+0200] {dag.py:4180} INFO - Setting next_dagrun for example_subdag_operator to 2022-01-01 00:00:00+00:00, run_after=2022-01-01 00:00:00+00:00
[2026-09-17T19:34:52.358+0200] {logging_mixin.py:190} INFO - [2026-09-17T19:34:52.358+0200] {dag.py:4180} INFO - Setting next_dagrun for example_subdag_operator.section-1 to None, run_after=None
[2026-09-17T19:34:52.359+0200] {logging_mixin.py:190} INFO - [2026-09-17T19:34:52.359+0200] {dag.py:4180} INFO - Setting next_dagrun for example_subdag_operator.section-2 to None, run_after=None
[2026-09-17T19:34:52.360+0200] {logging_mixin.py:190} INFO - [2026-09-17T19:34:52.360+0200] {dag.py:3239} INFO - Sync 2 DAGs
[2026-09-17T19:34:52.361+0200] {logging_mixin.py:190} INFO - [2026-09-17T19:34:52.361+0200] {dag.py:4180} INFO - Setting next_dagrun for example_subdag_operator.section-1 to None, run_after=None
[2026-09-17T19:34:52.361+0200] {logging_mixin.py:190} INFO - [2026-09-17T19:34:52.361+0200] {dag.py:4180} INFO - Setting next_dagrun for example_subdag_operator.section-2 to None, run_after=None
[2026-09-17T19:34:52.364+0200] {processor.py:208} INFO - Processing /Users/swarnalidatta/Desktop/AutoQueryChatbot/.airflow-venv/lib/python3.12/site-packages/airflow/example_dags/example_subdag_operator.py took 0.219 seconds
[2026-09-17T19:36:13.469+0200] {processor.py:186} INFO - Started process (PID=76703) to work on /Users/swarnalidatta/Desktop/AutoQueryChatbot/.airflow-venv/lib/python3.12/site-packages/airflow/example_dags/example_subdag_operator.py
[2026-09-17T19:36:13.469+0200] {processor.py:914} INFO - Processing file /Users/swarnalidatta/Desktop/AutoQueryChatbot/.airflow-venv/lib/python3.12/site-packages/airflow/example_dags/example_subdag_operator.py for tasks to queue
[2026-09-17T19:36:13.470+0200] {logging_mixin.py:190} INFO - [2026-09-17T19:36:13.470+0200] {dagbag.py:588} INFO - Filling up the DagBag from /Users/swarnalidatta/Desktop/AutoQueryChatbot/.airflow-venv/lib/python3.12/site-packages/airflow/example_dags/example_subdag_operator.py
[2026-09-17T19:36:13.498+0200] {processor.py:925} INFO - DAG(s) 'example_subdag_operator.section-1', 'example_subdag_operator.section-2', 'example_subdag_operator' retrieved from /Users/swarnalidatta/Desktop/AutoQueryChatbot/.airflow-venv/lib/python3.12/site-packages/airflow/example_dags/example_subdag_operator.py
[2026-09-17T19:36:13.677+0200] {logging_mixin.py:190} INFO - [2026-09-17T19:36:13.677+0200] {dag.py:3239} INFO - Sync 3 DAGs
[2026-09-17T19:36:13.683+0200] {logging_mixin.py:190} INFO - [2026-09-17T19:36:13.682+0200] {dag.py:4180} INFO - Setting next_dagrun for example_subdag_operator to 2022-01-01 00:00:00+00:00, run_after=2022-01-01 00:00:00+00:00
[2026-09-17T19:36:13.683+0200] {logging_mixin.py:190} INFO - [2026-09-17T19:36:13.683+0200] {dag.py:4180} INFO - Setting next_dagrun for example_subdag_operator.section-1 to None, run_after=None
[2026-09-17T19:36:13.684+0200] {logging_mixin.py:190} INFO - [2026-09-17T19:36:13.684+0200] {dag.py:4180} INFO - Setting next_dagrun for example_subdag_operator.section-2 to None, run_after=None
[2026-09-17T19:36:13.685+0200] {logging_mixin.py:190} INFO - [2026-09-17T19:36:13.685+0200] {dag.py:3239} INFO - Sync 2 DAGs
[2026-09-17T19:36:13.686+0200] {logging_mixin.py:190} INFO - [2026-09-17T19:36:13.686+0200] {dag.py:4180} INFO - Setting next_dagrun for example_subdag_operator.section-1 to None, run_after=None
[2026-09-17T19:36:13.686+0200] {logging_mixin.py:190} INFO - [2026-09-17T19:36:13.686+0200] {dag.py:4180} INFO - Setting next_dagrun for example_subdag_operator.section-2 to None, run_after=None
[2026-09-17T19:36:13.689+0200] {processor.py:208} INFO - Processing /Users/swarnalidatta/Desktop/AutoQueryChatbot/.airflow-venv/lib/python3.12/site-packages/airflow/example_dags/example_subdag_operator.py took 0.221 seconds
[2026-09-17T19:37:36.959+0200] {processor.py:186} INFO - Started process (PID=76994) to work on /Users/swarnalidatta/Desktop/AutoQueryChatbot/.airflow-venv/lib/python3.12/site-packages/airflow/example_dags/example_subdag_operator.py
[2026-09-17T19:37:36.960+0200] {processor.py:914} INFO - Processing file /Users/swarnalidatta/Desktop/AutoQueryChatbot/.airflow-venv/lib/python3.12/site-packages/airflow/example_dags/example_subdag_operator.py for tasks to queue
[2026-09-17T19:37:36.960+0200] {logging_mixin.py:190} INFO - [2026-09-17T19:37:36.960+0200] {dagbag.py:588} INFO - Filling up the DagBag from /Users/swarnalidatta/Desktop/AutoQueryChatbot/.airflow-venv/lib/python3.12/site-packages/airflow/example_dags/example_subdag_operator.py
[2026-09-17T19:37:36.988+0200] {processor.py:925} INFO - DAG(s) 'example_subdag_operator.section-1', 'example_subdag_operator.section-2', 'example_subdag_operator' retrieved from /Users/swarnalidatta/Desktop/AutoQueryChatbot/.airflow-venv/lib/python3.12/site-packages/airflow/example_dags/example_subdag_operator.py
[2026-09-17T19:37:37.167+0200] {logging_mixin.py:190} INFO - [2026-09-17T19:37:37.167+0200] {dag.py:3239} INFO - Sync 3 DAGs
[2026-09-17T19:37:37.173+0200] {logging_mixin.py:190} INFO - [2026-09-17T19:37:37.173+0200] {dag.py:4180} INFO - Setting next_dagrun for example_subdag_operator to 2022-01-01 00:00:00+00:00, run_after=2022-01-01 00:00:00+00:00
[2026-09-17T19:37:37.174+0200] {logging_mixin.py:190} INFO - [2026-09-17T19:37:37.174+0200] {dag.py:4180} INFO - Setting next_dagrun for example_subdag_operator.section-1 to None, run_after=None
[2026-09-17T19:37:37.174+0200] {logging_mixin.py:190} INFO - [2026-09-17T19:37:37.174+0200] {dag.py:4180} INFO - Setting next_dagrun for example_subdag_operator.section-2 to None, run_after=None
[2026-09-17T19:37:37.175+0200] {logging_mixin.py:190} INFO - [2026-09-17T19:37:37.175+0200] {dag.py:3239} INFO - Sync 2 DAGs
[2026-09-17T19:37:37.176+0200] {logging_mixin.py:190} INFO - [2026-09-17T19:37:37.176+0200] {dag.py:4180} INFO - Setting next_dagrun for example_subdag_operator.section-1 to None, run_after=None
[2026-09-17T19:37:37.177+0200] {logging_mixin.py:190} INFO - [2026-09-17T19:37:37.177+0200] {dag.py:4180} INFO - Setting next_dagrun for example_subdag_operator.section-2 to None, run_after=None
[2026-09-17T19:37:37.180+0200] {processor.py:208} INFO - Processing /Users/swarnalidatta/Desktop/AutoQueryChatbot/.airflow-venv/lib/python3.12/site-packages/airflow/example_dags/example_subdag_operator.py took 0.221 seconds
[2026-09-17T19:38:57.174+0200] {processor.py:186} INFO - Started process (PID=77285) to work on /Users/swarnalidatta/Desktop/AutoQueryChatbot/.airflow-venv/lib/python3.12/site-packages/airflow/example_dags/example_subdag_operator.py
[2026-09-17T19:38:57.174+0200] {processor.py:914} INFO - Processing file /Users/swarnalidatta/Desktop/AutoQueryChatbot/.airflow-venv/lib/python3.12/site-packages/airflow/example_dags/example_subdag_operator.py for tasks to queue
[2026-09-17T19:38:57.175+0200] {logging_mixin.py:190} INFO - [2026-09-17T19:38:57.175+0200] {dagbag.py:588} INFO - Filling up the DagBag from /Users/swarnalidatta/Desktop/AutoQueryChatbot/.airflow-venv/lib/python3.12/site-packages/airflow/example_dags/example_subdag_operator.py
[2026-09-17T19:38:57.202+0200] {processor.py:925} INFO - DAG(s) 'example_subdag_operator.section-1', 'example_subdag_operator.section-2', 'example_subdag_operator' retrieved from /Users/swarnalidatta/Desktop/AutoQueryChatbot/.airflow-venv/lib/python3.12/site-packages/airflow/example_dags/example_subdag_operator.py
[2026-09-17T19:38:57.381+0200] {logging_mixin.py:190} INFO - [2026-09-17T19:38:57.381+0200] {dag.py:3239} INFO - Sync 3 DAGs
[2026-09-17T19:38:57.387+0200] {logging_mixin.py:190} INFO - [2026-09-17T19:38:57.386+0200] {dag.py:4180} INFO - Setting next_dagrun for example_subdag_operator to 2022-01-01 00:00:00+00:00, run_after=2022-01-01 00:00:00+00:00
[2026-09-17T19:38:57.387+0200] {logging_mixin.py:190} INFO - [2026-09-17T19:38:57.387+0200] {dag.py:4180} INFO - Setting next_dagrun for example_subdag_operator.section-1 to None, run_after=None
[2026-09-17T19:38:57.388+0200] {logging_mixin.py:190} INFO - [2026-09-17T19:38:57.388+0200] {dag.py:4180} INFO - Setting next_dagrun for example_subdag_operator.section-2 to None, run_after=None
[2026-09-17T19:38:57.389+0200] {logging_mixin.py:190} INFO - [2026-09-17T19:38:57.389+0200] {dag.py:3239} INFO - Sync 2 DAGs
[2026-09-17T19:38:57.390+0200] {logging_mixin.py:190} INFO - [2026-09-17T19:38:57.390+0200] {dag.py:4180} INFO - Setting next_dagrun for example_subdag_operator.section-1 to None, run_after=None
[2026-09-17T19:38:57.390+0200] {logging_mixin.py:190} INFO - [2026-09-17T19:38:57.390+0200] {dag.py:4180} INFO - Setting next_dagrun for example_subdag_operator.section-2 to None, run_after=None
[2026-09-17T19:38:57.393+0200] {processor.py:208} INFO - Processing /Users/swarnalidatta/Desktop/AutoQueryChatbot/.airflow-venv/lib/python3.12/site-packages/airflow/example_dags/example_subdag_operator.py took 0.221 seconds
[2026-09-17T19:40:14.525+0200] {processor.py:186} INFO - Started process (PID=77559) to work on /Users/swarnalidatta/Desktop/AutoQueryChatbot/.airflow-venv/lib/python3.12/site-packages/airflow/example_dags/example_subdag_operator.py
[2026-09-17T19:40:14.526+0200] {processor.py:914} INFO - Processing file /Users/swarnalidatta/Desktop/AutoQueryChatbot/.airflow-venv/lib/python3.12/site-packages/airflow/example_dags/example_subdag_operator.py for tasks to queue
[2026-09-17T19:40:14.526+0200] {logging_mixin.py:190} INFO - [2026-09-17T19:40:14.526+0200] {dagbag.py:588} INFO - Filling up the DagBag from /Users/swarnalidatta/Desktop/AutoQueryChatbot/.airflow-venv/lib/python3.12/site-packages/airflow/example_dags/example_subdag_operator.py
[2026-09-17T19:40:14.554+0200] {processor.py:925} INFO - DAG(s) 'example_subdag_operator.section-1', 'example_subdag_operator.section-2', 'example_subdag_operator' retrieved from /Users/swarnalidatta/Desktop/AutoQueryChatbot/.airflow-venv/lib/python3.12/site-packages/airflow/example_dags/example_subdag_operator.py
[2026-09-17T19:40:14.735+0200] {logging_mixin.py:190} INFO - [2026-09-17T19:40:14.735+0200] {dag.py:3239} INFO - Sync 3 DAGs
[2026-09-17T19:40:14.740+0200] {logging_mixin.py:190} INFO - [2026-09-17T19:40:14.740+0200] {dag.py:4180} INFO - Setting next_dagrun for example_subdag_operator to 2022-01-01 00:00:00+00:00, run_after=2022-01-01 00:00:00+00:00
[2026-09-17T19:40:14.741+0200] {logging_mixin.py:190} INFO - [2026-09-17T19:40:14.741+0200] {dag.py:4180} INFO - Setting next_dagrun for example_subdag_operator.section-1 to None, run_after=None
[2026-09-17T19:40:14.741+0200] {logging_mixin.py:190} INFO - [2026-09-17T19:40:14.741+0200] {dag.py:4180} INFO - Setting next_dagrun for example_subdag_operator.section-2 to None, run_after=None
[2026-09-17T19:40:14.743+0200] {logging_mixin.py:190} INFO - [2026-09-17T19:40:14.743+0200] {dag.py:3239} INFO - Sync 2 DAGs
[2026-09-17T19:40:14.744+0200] {logging_mixin.py:190} INFO - [2026-09-17T19:40:14.744+0200] {dag.py:4180} INFO - Setting next_dagrun for example_subdag_operator.section-1 to None, run_after=None
[2026-09-17T19:40:14.744+0200] {logging_mixin.py:190} INFO - [2026-09-17T19:40:14.744+0200] {dag.py:4180} INFO - Setting next_dagrun for example_subdag_operator.section-2 to None, run_after=None
[2026-09-17T19:40:14.747+0200] {processor.py:208} INFO - Processing /Users/swarnalidatta/Desktop/AutoQueryChatbot/.airflow-venv/lib/python3.12/site-packages/airflow/example_dags/example_subdag_operator.py took 0.223 seconds
[2026-09-17T19:41:31.730+0200] {processor.py:186} INFO - Started process (PID=77833) to work on /Users/swarnalidatta/Desktop/AutoQueryChatbot/.airflow-venv/lib/python3.12/site-packages/airflow/example_dags/example_subdag_operator.py
[2026-09-17T19:41:31.731+0200] {processor.py:914} INFO - Processing file /Users/swarnalidatta/Desktop/AutoQueryChatbot/.airflow-venv/lib/python3.12/site-packages/airflow/example_dags/example_subdag_operator.py for tasks to queue
[2026-09-17T19:41:31.731+0200] {logging_mixin.py:190} INFO - [2026-09-17T19:41:31.731+0200] {dagbag.py:588} INFO - Filling up the DagBag from /Users/swarnalidatta/Desktop/AutoQueryChatbot/.airflow-venv/lib/python3.12/site-packages/airflow/example_dags/example_subdag_operator.py
[2026-09-17T19:41:31.759+0200] {processor.py:925} INFO - DAG(s) 'example_subdag_operator.section-1', 'example_subdag_operator.section-2', 'example_subdag_operator' retrieved from /Users/swarnalidatta/Desktop/AutoQueryChatbot/.airflow-venv/lib/python3.12/site-packages/airflow/example_dags/example_subdag_operator.py
[2026-09-17T19:41:31.939+0200] {logging_mixin.py:190} INFO - [2026-09-17T19:41:31.939+0200] {dag.py:3239} INFO - Sync 3 DAGs
[2026-09-17T19:41:31.945+0200] {logging_mixin.py:190} INFO - [2026-09-17T19:41:31.944+0200] {dag.py:4180} INFO - Setting next_dagrun for example_subdag_operator to 2022-01-01 00:00:00+00:00, run_after=2022-01-01 00:00:00+00:00
[2026-09-17T19:41:31.945+0200] {logging_mixin.py:190} INFO - [2026-09-17T19:41:31.945+0200] {dag.py:4180} INFO - Setting next_dagrun for example_subdag_operator.section-1 to None, run_after=None
[2026-09-17T19:41:31.946+0200] {logging_mixin.py:190} INFO - [2026-09-17T19:41:31.946+0200] {dag.py:4180} INFO - Setting next_dagrun for example_subdag_operator.section-2 to None, run_after=None
[2026-09-17T19:41:31.947+0200] {logging_mixin.py:190} INFO - [2026-09-17T19:41:31.947+0200] {dag.py:3239} INFO - Sync 2 DAGs
[2026-09-17T19:41:31.948+0200] {logging_mixin.py:190} INFO - [2026-09-17T19:41:31.948+0200] {dag.py:4180} INFO - Setting next_dagrun for example_subdag_operator.section-1 to None, run_after=None
[2026-09-17T19:41:31.948+0200] {logging_mixin.py:190} INFO - [2026-09-17T19:41:31.948+0200] {dag.py:4180} INFO - Setting next_dagrun for example_subdag_operator.section-2 to None, run_after=None
[2026-09-17T19:41:31.951+0200] {processor.py:208} INFO - Processing /Users/swarnalidatta/Desktop/AutoQueryChatbot/.airflow-venv/lib/python3.12/site-packages/airflow/example_dags/example_subdag_operator.py took 0.222 seconds
[2026-09-17T19:43:12.436+0200] {processor.py:186} INFO - Started process (PID=78163) to work on /Users/swarnalidatta/Desktop/AutoQueryChatbot/.airflow-venv/lib/python3.12/site-packages/airflow/example_dags/example_subdag_operator.py
[2026-09-17T19:43:12.437+0200] {processor.py:914} INFO - Processing file /Users/swarnalidatta/Desktop/AutoQueryChatbot/.airflow-venv/lib/python3.12/site-packages/airflow/example_dags/example_subdag_operator.py for tasks to queue
[2026-09-17T19:43:12.437+0200] {logging_mixin.py:190} INFO - [2026-09-17T19:43:12.437+0200] {dagbag.py:588} INFO - Filling up the DagBag from /Users/swarnalidatta/Desktop/AutoQueryChatbot/.airflow-venv/lib/python3.12/site-packages/airflow/example_dags/example_subdag_operator.py
[2026-09-17T19:43:12.465+0200] {processor.py:925} INFO - DAG(s) 'example_subdag_operator.section-1', 'example_subdag_operator.section-2', 'example_subdag_operator' retrieved from /Users/swarnalidatta/Desktop/AutoQueryChatbot/.airflow-venv/lib/python3.12/site-packages/airflow/example_dags/example_subdag_operator.py
[2026-09-17T19:43:12.645+0200] {logging_mixin.py:190} INFO - [2026-09-17T19:43:12.644+0200] {dag.py:3239} INFO - Sync 3 DAGs
[2026-09-17T19:43:12.650+0200] {logging_mixin.py:190} INFO - [2026-09-17T19:43:12.650+0200] {dag.py:4180} INFO - Setting next_dagrun for example_subdag_operator to 2022-01-01 00:00:00+00:00, run_after=2022-01-01 00:00:00+00:00
[2026-09-17T19:43:12.651+0200] {logging_mixin.py:190} INFO - [2026-09-17T19:43:12.651+0200] {dag.py:4180} INFO - Setting next_dagrun for example_subdag_operator.section-1 to None, run_after=None
[2026-09-17T19:43:12.651+0200] {logging_mixin.py:190} INFO - [2026-09-17T19:43:12.651+0200] {dag.py:4180} INFO - Setting next_dagrun for example_subdag_operator.section-2 to None, run_after=None
[2026-09-17T19:43:12.653+0200] {logging_mixin.py:190} INFO - [2026-09-17T19:43:12.653+0200] {dag.py:3239} INFO - Sync 2 DAGs
[2026-09-17T19:43:12.654+0200] {logging_mixin.py:190} INFO - [2026-09-17T19:43:12.654+0200] {dag.py:4180} INFO - Setting next_dagrun for example_subdag_operator.section-1 to None, run_after=None
[2026-09-17T19:43:12.654+0200] {logging_mixin.py:190} INFO - [2026-09-17T19:43:12.654+0200] {dag.py:4180} INFO - Setting next_dagrun for example_subdag_operator.section-2 to None, run_after=None
[2026-09-17T19:43:12.657+0200] {processor.py:208} INFO - Processing /Users/swarnalidatta/Desktop/AutoQueryChatbot/.airflow-venv/lib/python3.12/site-packages/airflow/example_dags/example_subdag_operator.py took 0.222 seconds
[2026-09-17T19:45:03.337+0200] {processor.py:186} INFO - Started process (PID=78488) to work on /Users/swarnalidatta/Desktop/AutoQueryChatbot/.airflow-venv/lib/python3.12/site-packages/airflow/example_dags/example_subdag_operator.py
[2026-09-17T19:45:03.338+0200] {processor.py:914} INFO - Processing file /Users/swarnalidatta/Desktop/AutoQueryChatbot/.airflow-venv/lib/python3.12/site-packages/airflow/example_dags/example_subdag_operator.py for tasks to queue
[2026-09-17T19:45:03.339+0200] {logging_mixin.py:190} INFO - [2026-09-17T19:45:03.339+0200] {dagbag.py:588} INFO - Filling up the DagBag from /Users/swarnalidatta/Desktop/AutoQueryChatbot/.airflow-venv/lib/python3.12/site-packages/airflow/example_dags/example_subdag_operator.py
[2026-09-17T19:45:03.367+0200] {processor.py:925} INFO - DAG(s) 'example_subdag_operator.section-1', 'example_subdag_operator.section-2', 'example_subdag_operator' retrieved from /Users/swarnalidatta/Desktop/AutoQueryChatbot/.airflow-venv/lib/python3.12/site-packages/airflow/example_dags/example_subdag_operator.py
[2026-09-17T19:45:03.547+0200] {logging_mixin.py:190} INFO - [2026-09-17T19:45:03.547+0200] {dag.py:3239} INFO - Sync 3 DAGs
[2026-09-17T19:45:03.552+0200] {logging_mixin.py:190} INFO - [2026-09-17T19:45:03.552+0200] {dag.py:4180} INFO - Setting next_dagrun for example_subdag_operator to 2022-01-01 00:00:00+00:00, run_after=2022-01-01 00:00:00+00:00
[2026-09-17T19:45:03.553+0200] {logging_mixin.py:190} INFO - [2026-09-17T19:45:03.553+0200] {dag.py:4180} INFO - Setting next_dagrun for example_subdag_operator.section-1 to None, run_after=None
[2026-09-17T19:45:03.554+0200] {logging_mixin.py:190} INFO - [2026-09-17T19:45:03.554+0200] {dag.py:4180} INFO - Setting next_dagrun for example_subdag_operator.section-2 to None, run_after=None
[2026-09-17T19:45:03.555+0200] {logging_mixin.py:190} INFO - [2026-09-17T19:45:03.555+0200] {dag.py:3239} INFO - Sync 2 DAGs
[2026-09-17T19:45:03.556+0200] {logging_mixin.py:190} INFO - [2026-09-17T19:45:03.556+0200] {dag.py:4180} INFO - Setting next_dagrun for example_subdag_operator.section-1 to None, run_after=None
[2026-09-17T19:45:03.556+0200] {logging_mixin.py:190} INFO - [2026-09-17T19:45:03.556+0200] {dag.py:4180} INFO - Setting next_dagrun for example_subdag_operator.section-2 to None, run_after=None
[2026-09-17T19:45:03.560+0200] {processor.py:208} INFO - Processing /Users/swarnalidatta/Desktop/AutoQueryChatbot/.airflow-venv/lib/python3.12/site-packages/airflow/example_dags/example_subdag_operator.py took 0.223 seconds
[2026-09-17T19:46:21.998+0200] {processor.py:186} INFO - Started process (PID=78699) to work on /Users/swarnalidatta/Desktop/AutoQueryChatbot/.airflow-venv/lib/python3.12/site-packages/airflow/example_dags/example_subdag_operator.py
[2026-09-17T19:46:21.998+0200] {processor.py:914} INFO - Processing file /Users/swarnalidatta/Desktop/AutoQueryChatbot/.airflow-venv/lib/python3.12/site-packages/airflow/example_dags/example_subdag_operator.py for tasks to queue
[2026-09-17T19:46:21.998+0200] {logging_mixin.py:190} INFO - [2026-09-17T19:46:21.998+0200] {dagbag.py:588} INFO - Filling up the DagBag from /Users/swarnalidatta/Desktop/AutoQueryChatbot/.airflow-venv/lib/python3.12/site-packages/airflow/example_dags/example_subdag_operator.py
[2026-09-17T19:46:22.026+0200] {processor.py:925} INFO - DAG(s) 'example_subdag_operator.section-1', 'example_subdag_operator.section-2', 'example_subdag_operator' retrieved from /Users/swarnalidatta/Desktop/AutoQueryChatbot/.airflow-venv/lib/python3.12/site-packages/airflow/example_dags/example_subdag_operator.py
[2026-09-17T19:46:22.205+0200] {logging_mixin.py:190} INFO - [2026-09-17T19:46:22.205+0200] {dag.py:3239} INFO - Sync 3 DAGs
[2026-09-17T19:46:22.210+0200] {logging_mixin.py:190} INFO - [2026-09-17T19:46:22.210+0200] {dag.py:4180} INFO - Setting next_dagrun for example_subdag_operator to 2022-01-01 00:00:00+00:00, run_after=2022-01-01 00:00:00+00:00
[2026-09-17T19:46:22.211+0200] {logging_mixin.py:190} INFO - [2026-09-17T19:46:22.211+0200] {dag.py:4180} INFO - Setting next_dagrun for example_subdag_operator.section-1 to None, run_after=None
[2026-09-17T19:46:22.211+0200] {logging_mixin.py:190} INFO - [2026-09-17T19:46:22.211+0200] {dag.py:4180} INFO - Setting next_dagrun for example_subdag_operator.section-2 to None, run_after=None
[2026-09-17T19:46:22.213+0200] {logging_mixin.py:190} INFO - [2026-09-17T19:46:22.213+0200] {dag.py:3239} INFO - Sync 2 DAGs
[2026-09-17T19:46:22.214+0200] {logging_mixin.py:190} INFO - [2026-09-17T19:46:22.214+0200] {dag.py:4180} INFO - Setting next_dagrun for example_subdag_operator.section-1 to None, run_after=None
[2026-09-17T19:46:22.214+0200] {logging_mixin.py:190} INFO - [2026-09-17T19:46:22.214+0200] {dag.py:4180} INFO - Setting next_dagrun for example_subdag_operator.section-2 to None, run_after=None
[2026-09-17T19:46:22.217+0200] {processor.py:208} INFO - Processing /Users/swarnalidatta/Desktop/AutoQueryChatbot/.airflow-venv/lib/python3.12/site-packages/airflow/example_dags/example_subdag_operator.py took 0.221 seconds
[2026-09-17T19:47:30.820+0200] {processor.py:186} INFO - Started process (PID=78858) to work on /Users/swarnalidatta/Desktop/AutoQueryChatbot/.airflow-venv/lib/python3.12/site-packages/airflow/example_dags/example_subdag_operator.py
[2026-09-17T19:47:30.820+0200] {processor.py:914} INFO - Processing file /Users/swarnalidatta/Desktop/AutoQueryChatbot/.airflow-venv/lib/python3.12/site-packages/airflow/example_dags/example_subdag_operator.py for tasks to queue
[2026-09-17T19:47:30.821+0200] {logging_mixin.py:190} INFO - [2026-09-17T19:47:30.821+0200] {dagbag.py:588} INFO - Filling up the DagBag from /Users/swarnalidatta/Desktop/AutoQueryChatbot/.airflow-venv/lib/python3.12/site-packages/airflow/example_dags/example_subdag_operator.py
[2026-09-17T19:47:30.848+0200] {processor.py:925} INFO - DAG(s) 'example_subdag_operator.section-1', 'example_subdag_operator.section-2', 'example_subdag_operator' retrieved from /Users/swarnalidatta/Desktop/AutoQueryChatbot/.airflow-venv/lib/python3.12/site-packages/airflow/example_dags/example_subdag_operator.py
[2026-09-17T19:47:31.025+0200] {logging_mixin.py:190} INFO - [2026-09-17T19:47:31.025+0200] {dag.py:3239} INFO - Sync 3 DAGs
[2026-09-17T19:47:31.031+0200] {logging_mixin.py:190} INFO - [2026-09-17T19:47:31.031+0200] {dag.py:4180} INFO - Setting next_dagrun for example_subdag_operator to 2022-01-01 00:00:00+00:00, run_after=2022-01-01 00:00:00+00:00
[2026-09-17T19:47:31.032+0200] {logging_mixin.py:190} INFO - [2026-09-17T19:47:31.032+0200] {dag.py:4180} INFO - Setting next_dagrun for example_subdag_operator.section-1 to None, run_after=None
[2026-09-17T19:47:31.032+0200] {logging_mixin.py:190} INFO - [2026-09-17T19:47:31.032+0200] {dag.py:4180} INFO - Setting next_dagrun for example_subdag_operator.section-2 to None, run_after=None
[2026-09-17T19:47:31.034+0200] {logging_mixin.py:190} INFO - [2026-09-17T19:47:31.033+0200] {dag.py:3239} INFO - Sync 2 DAGs
[2026-09-17T19:47:31.034+0200] {logging_mixin.py:190} INFO - [2026-09-17T19:47:31.034+0200] {dag.py:4180} INFO - Setting next_dagrun for example_subdag_operator.section-1 to None, run_after=None
[2026-09-17T19:47:31.035+0200] {logging_mixin.py:190} INFO - [2026-09-17T19:47:31.035+0200] {dag.py:4180} INFO - Setting next_dagrun for example_subdag_operator.section-2 to None, run_after=None
[2026-09-17T19:47:31.038+0200] {processor.py:208} INFO - Processing /Users/swarnalidatta/Desktop/AutoQueryChatbot/.airflow-venv/lib/python3.12/site-packages/airflow/example_dags/example_subdag_operator.py took 0.219 seconds
[2026-09-17T19:48:41.677+0200] {processor.py:186} INFO - Started process (PID=79047) to work on /Users/swarnalidatta/Desktop/AutoQueryChatbot/.airflow-venv/lib/python3.12/site-packages/airflow/example_dags/example_subdag_operator.py
[2026-09-17T19:48:41.678+0200] {processor.py:914} INFO - Processing file /Users/swarnalidatta/Desktop/AutoQueryChatbot/.airflow-venv/lib/python3.12/site-packages/airflow/example_dags/example_subdag_operator.py for tasks to queue
[2026-09-17T19:48:41.678+0200] {logging_mixin.py:190} INFO - [2026-09-17T19:48:41.678+0200] {dagbag.py:588} INFO - Filling up the DagBag from /Users/swarnalidatta/Desktop/AutoQueryChatbot/.airflow-venv/lib/python3.12/site-packages/airflow/example_dags/example_subdag_operator.py
[2026-09-17T19:48:41.706+0200] {processor.py:925} INFO - DAG(s) 'example_subdag_operator.section-1', 'example_subdag_operator.section-2', 'example_subdag_operator' retrieved from /Users/swarnalidatta/Desktop/AutoQueryChatbot/.airflow-venv/lib/python3.12/site-packages/airflow/example_dags/example_subdag_operator.py
[2026-09-17T19:48:41.886+0200] {logging_mixin.py:190} INFO - [2026-09-17T19:48:41.886+0200] {dag.py:3239} INFO - Sync 3 DAGs
[2026-09-17T19:48:41.892+0200] {logging_mixin.py:190} INFO - [2026-09-17T19:48:41.892+0200] {dag.py:4180} INFO - Setting next_dagrun for example_subdag_operator to 2022-01-01 00:00:00+00:00, run_after=2022-01-01 00:00:00+00:00
[2026-09-17T19:48:41.892+0200] {logging_mixin.py:190} INFO - [2026-09-17T19:48:41.892+0200] {dag.py:4180} INFO - Setting next_dagrun for example_subdag_operator.section-1 to None, run_after=None
[2026-09-17T19:48:41.893+0200] {logging_mixin.py:190} INFO - [2026-09-17T19:48:41.893+0200] {dag.py:4180} INFO - Setting next_dagrun for example_subdag_operator.section-2 to None, run_after=None
[2026-09-17T19:48:41.894+0200] {logging_mixin.py:190} INFO - [2026-09-17T19:48:41.894+0200] {dag.py:3239} INFO - Sync 2 DAGs
[2026-09-17T19:48:41.895+0200] {logging_mixin.py:190} INFO - [2026-09-17T19:48:41.895+0200] {dag.py:4180} INFO - Setting next_dagrun for example_subdag_operator.section-1 to None, run_after=None
[2026-09-17T19:48:41.895+0200] {logging_mixin.py:190} INFO - [2026-09-17T19:48:41.895+0200] {dag.py:4180} INFO - Setting next_dagrun for example_subdag_operator.section-2 to None, run_after=None
[2026-09-17T19:48:41.898+0200] {processor.py:208} INFO - Processing /Users/swarnalidatta/Desktop/AutoQueryChatbot/.airflow-venv/lib/python3.12/site-packages/airflow/example_dags/example_subdag_operator.py took 0.222 seconds
[2026-09-17T19:49:51.531+0200] {processor.py:186} INFO - Started process (PID=79235) to work on /Users/swarnalidatta/Desktop/AutoQueryChatbot/.airflow-venv/lib/python3.12/site-packages/airflow/example_dags/example_subdag_operator.py
[2026-09-17T19:49:51.531+0200] {processor.py:914} INFO - Processing file /Users/swarnalidatta/Desktop/AutoQueryChatbot/.airflow-venv/lib/python3.12/site-packages/airflow/example_dags/example_subdag_operator.py for tasks to queue
[2026-09-17T19:49:51.531+0200] {logging_mixin.py:190} INFO - [2026-09-17T19:49:51.531+0200] {dagbag.py:588} INFO - Filling up the DagBag from /Users/swarnalidatta/Desktop/AutoQueryChatbot/.airflow-venv/lib/python3.12/site-packages/airflow/example_dags/example_subdag_operator.py
[2026-09-17T19:49:51.559+0200] {processor.py:925} INFO - DAG(s) 'example_subdag_operator.section-1', 'example_subdag_operator.section-2', 'example_subdag_operator' retrieved from /Users/swarnalidatta/Desktop/AutoQueryChatbot/.airflow-venv/lib/python3.12/site-packages/airflow/example_dags/example_subdag_operator.py
[2026-09-17T19:49:51.743+0200] {logging_mixin.py:190} INFO - [2026-09-17T19:49:51.743+0200] {dag.py:3239} INFO - Sync 3 DAGs
[2026-09-17T19:49:51.748+0200] {logging_mixin.py:190} INFO - [2026-09-17T19:49:51.748+0200] {dag.py:4180} INFO - Setting next_dagrun for example_subdag_operator to 2022-01-01 00:00:00+00:00, run_after=2022-01-01 00:00:00+00:00
[2026-09-17T19:49:51.749+0200] {logging_mixin.py:190} INFO - [2026-09-17T19:49:51.749+0200] {dag.py:4180} INFO - Setting next_dagrun for example_subdag_operator.section-1 to None, run_after=None
[2026-09-17T19:49:51.750+0200] {logging_mixin.py:190} INFO - [2026-09-17T19:49:51.750+0200] {dag.py:4180} INFO - Setting next_dagrun for example_subdag_operator.section-2 to None, run_after=None
[2026-09-17T19:49:51.751+0200] {logging_mixin.py:190} INFO - [2026-09-17T19:49:51.751+0200] {dag.py:3239} INFO - Sync 2 DAGs
[2026-09-17T19:49:51.752+0200] {logging_mixin.py:190} INFO - [2026-09-17T19:49:51.752+0200] {dag.py:4180} INFO - Setting next_dagrun for example_subdag_operator.section-1 to None, run_after=None
[2026-09-17T19:49:51.752+0200] {logging_mixin.py:190} INFO - [2026-09-17T19:49:51.752+0200] {dag.py:4180} INFO - Setting next_dagrun for example_subdag_operator.section-2 to None, run_after=None
[2026-09-17T19:49:51.755+0200] {processor.py:208} INFO - Processing /Users/swarnalidatta/Desktop/AutoQueryChatbot/.airflow-venv/lib/python3.12/site-packages/airflow/example_dags/example_subdag_operator.py took 0.226 seconds
[2026-09-17T19:50:59.598+0200] {processor.py:186} INFO - Started process (PID=79447) to work on /Users/swarnalidatta/Desktop/AutoQueryChatbot/.airflow-venv/lib/python3.12/site-packages/airflow/example_dags/example_subdag_operator.py
[2026-09-17T19:50:59.598+0200] {processor.py:914} INFO - Processing file /Users/swarnalidatta/Desktop/AutoQueryChatbot/.airflow-venv/lib/python3.12/site-packages/airflow/example_dags/example_subdag_operator.py for tasks to queue
[2026-09-17T19:50:59.598+0200] {logging_mixin.py:190} INFO - [2026-09-17T19:50:59.598+0200] {dagbag.py:588} INFO - Filling up the DagBag from /Users/swarnalidatta/Desktop/AutoQueryChatbot/.airflow-venv/lib/python3.12/site-packages/airflow/example_dags/example_subdag_operator.py
[2026-09-17T19:50:59.627+0200] {processor.py:925} INFO - DAG(s) 'example_subdag_operator.section-1', 'example_subdag_operator.section-2', 'example_subdag_operator' retrieved from /Users/swarnalidatta/Desktop/AutoQueryChatbot/.airflow-venv/lib/python3.12/site-packages/airflow/example_dags/example_subdag_operator.py
[2026-09-17T19:50:59.812+0200] {logging_mixin.py:190} INFO - [2026-09-17T19:50:59.811+0200] {dag.py:3239} INFO - Sync 3 DAGs
[2026-09-17T19:50:59.817+0200] {logging_mixin.py:190} INFO - [2026-09-17T19:50:59.817+0200] {dag.py:4180} INFO - Setting next_dagrun for example_subdag_operator to 2022-01-01 00:00:00+00:00, run_after=2022-01-01 00:00:00+00:00
[2026-09-17T19:50:59.818+0200] {logging_mixin.py:190} INFO - [2026-09-17T19:50:59.818+0200] {dag.py:4180} INFO - Setting next_dagrun for example_subdag_operator.section-1 to None, run_after=None
[2026-09-17T19:50:59.818+0200] {logging_mixin.py:190} INFO - [2026-09-17T19:50:59.818+0200] {dag.py:4180} INFO - Setting next_dagrun for example_subdag_operator.section-2 to None, run_after=None
[2026-09-17T19:50:59.820+0200] {logging_mixin.py:190} INFO - [2026-09-17T19:50:59.820+0200] {dag.py:3239} INFO - Sync 2 DAGs
[2026-09-17T19:50:59.821+0200] {logging_mixin.py:190} INFO - [2026-09-17T19:50:59.821+0200] {dag.py:4180} INFO - Setting next_dagrun for example_subdag_operator.section-1 to None, run_after=None
[2026-09-17T19:50:59.821+0200] {logging_mixin.py:190} INFO - [2026-09-17T19:50:59.821+0200] {dag.py:4180} INFO - Setting next_dagrun for example_subdag_operator.section-2 to None, run_after=None
[2026-09-17T19:50:59.824+0200] {processor.py:208} INFO - Processing /Users/swarnalidatta/Desktop/AutoQueryChatbot/.airflow-venv/lib/python3.12/site-packages/airflow/example_dags/example_subdag_operator.py took 0.228 seconds
[2026-09-17T19:52:07.034+0200] {processor.py:186} INFO - Started process (PID=79646) to work on /Users/swarnalidatta/Desktop/AutoQueryChatbot/.airflow-venv/lib/python3.12/site-packages/airflow/example_dags/example_subdag_operator.py
[2026-09-17T19:52:07.035+0200] {processor.py:914} INFO - Processing file /Users/swarnalidatta/Desktop/AutoQueryChatbot/.airflow-venv/lib/python3.12/site-packages/airflow/example_dags/example_subdag_operator.py for tasks to queue
[2026-09-17T19:52:07.035+0200] {logging_mixin.py:190} INFO - [2026-09-17T19:52:07.035+0200] {dagbag.py:588} INFO - Filling up the DagBag from /Users/swarnalidatta/Desktop/AutoQueryChatbot/.airflow-venv/lib/python3.12/site-packages/airflow/example_dags/example_subdag_operator.py
[2026-09-17T19:52:07.063+0200] {processor.py:925} INFO - DAG(s) 'example_subdag_operator.section-1', 'example_subdag_operator.section-2', 'example_subdag_operator' retrieved from /Users/swarnalidatta/Desktop/AutoQueryChatbot/.airflow-venv/lib/python3.12/site-packages/airflow/example_dags/example_subdag_operator.py
[2026-09-17T19:52:07.241+0200] {logging_mixin.py:190} INFO - [2026-09-17T19:52:07.241+0200] {dag.py:3239} INFO - Sync 3 DAGs
[2026-09-17T19:52:07.246+0200] {logging_mixin.py:190} INFO - [2026-09-17T19:52:07.246+0200] {dag.py:4180} INFO - Setting next_dagrun for example_subdag_operator to 2022-01-01 00:00:00+00:00, run_after=2022-01-01 00:00:00+00:00
[2026-09-17T19:52:07.247+0200] {logging_mixin.py:190} INFO - [2026-09-17T19:52:07.247+0200] {dag.py:4180} INFO - Setting next_dagrun for example_subdag_operator.section-1 to None, run_after=None
[2026-09-17T19:52:07.247+0200] {logging_mixin.py:190} INFO - [2026-09-17T19:52:07.247+0200] {dag.py:4180} INFO - Setting next_dagrun for example_subdag_operator.section-2 to None, run_after=None
[2026-09-17T19:52:07.249+0200] {logging_mixin.py:190} INFO - [2026-09-17T19:52:07.249+0200] {dag.py:3239} INFO - Sync 2 DAGs
[2026-09-17T19:52:07.250+0200] {logging_mixin.py:190} INFO - [2026-09-17T19:52:07.250+0200] {dag.py:4180} INFO - Setting next_dagrun for example_subdag_operator.section-1 to None, run_after=None
[2026-09-17T19:52:07.250+0200] {logging_mixin.py:190} INFO - [2026-09-17T19:52:07.250+0200] {dag.py:4180} INFO - Setting next_dagrun for example_subdag_operator.section-2 to None, run_after=None
[2026-09-17T19:52:07.253+0200] {processor.py:208} INFO - Processing /Users/swarnalidatta/Desktop/AutoQueryChatbot/.airflow-venv/lib/python3.12/site-packages/airflow/example_dags/example_subdag_operator.py took 0.220 seconds
[2026-09-17T19:53:16.944+0200] {processor.py:186} INFO - Started process (PID=79861) to work on /Users/swarnalidatta/Desktop/AutoQueryChatbot/.airflow-venv/lib/python3.12/site-packages/airflow/example_dags/example_subdag_operator.py
[2026-09-17T19:53:16.945+0200] {processor.py:914} INFO - Processing file /Users/swarnalidatta/Desktop/AutoQueryChatbot/.airflow-venv/lib/python3.12/site-packages/airflow/example_dags/example_subdag_operator.py for tasks to queue
[2026-09-17T19:53:16.945+0200] {logging_mixin.py:190} INFO - [2026-09-17T19:53:16.945+0200] {dagbag.py:588} INFO - Filling up the DagBag from /Users/swarnalidatta/Desktop/AutoQueryChatbot/.airflow-venv/lib/python3.12/site-packages/airflow/example_dags/example_subdag_operator.py
[2026-09-17T19:53:16.973+0200] {processor.py:925} INFO - DAG(s) 'example_subdag_operator.section-1', 'example_subdag_operator.section-2', 'example_subdag_operator' retrieved from /Users/swarnalidatta/Desktop/AutoQueryChatbot/.airflow-venv/lib/python3.12/site-packages/airflow/example_dags/example_subdag_operator.py
[2026-09-17T19:53:17.155+0200] {logging_mixin.py:190} INFO - [2026-09-17T19:53:17.155+0200] {dag.py:3239} INFO - Sync 3 DAGs
[2026-09-17T19:53:17.161+0200] {logging_mixin.py:190} INFO - [2026-09-17T19:53:17.161+0200] {dag.py:4180} INFO - Setting next_dagrun for example_subdag_operator to 2022-01-01 00:00:00+00:00, run_after=2022-01-01 00:00:00+00:00
[2026-09-17T19:53:17.162+0200] {logging_mixin.py:190} INFO - [2026-09-17T19:53:17.162+0200] {dag.py:4180} INFO - Setting next_dagrun for example_subdag_operator.section-1 to None, run_after=None
[2026-09-17T19:53:17.162+0200] {logging_mixin.py:190} INFO - [2026-09-17T19:53:17.162+0200] {dag.py:4180} INFO - Setting next_dagrun for example_subdag_operator.section-2 to None, run_after=None
[2026-09-17T19:53:17.163+0200] {logging_mixin.py:190} INFO - [2026-09-17T19:53:17.163+0200] {dag.py:3239} INFO - Sync 2 DAGs
[2026-09-17T19:53:17.164+0200] {logging_mixin.py:190} INFO - [2026-09-17T19:53:17.164+0200] {dag.py:4180} INFO - Setting next_dagrun for example_subdag_operator.section-1 to None, run_after=None
[2026-09-17T19:53:17.164+0200] {logging_mixin.py:190} INFO - [2026-09-17T19:53:17.164+0200] {dag.py:4180} INFO - Setting next_dagrun for example_subdag_operator.section-2 to None, run_after=None
[2026-09-17T19:53:17.168+0200] {processor.py:208} INFO - Processing /Users/swarnalidatta/Desktop/AutoQueryChatbot/.airflow-venv/lib/python3.12/site-packages/airflow/example_dags/example_subdag_operator.py took 0.224 seconds
[2026-09-17T19:54:27.675+0200] {processor.py:186} INFO - Started process (PID=80067) to work on /Users/swarnalidatta/Desktop/AutoQueryChatbot/.airflow-venv/lib/python3.12/site-packages/airflow/example_dags/example_subdag_operator.py
[2026-09-17T19:54:27.675+0200] {processor.py:914} INFO - Processing file /Users/swarnalidatta/Desktop/AutoQueryChatbot/.airflow-venv/lib/python3.12/site-packages/airflow/example_dags/example_subdag_operator.py for tasks to queue
[2026-09-17T19:54:27.675+0200] {logging_mixin.py:190} INFO - [2026-09-17T19:54:27.675+0200] {dagbag.py:588} INFO - Filling up the DagBag from /Users/swarnalidatta/Desktop/AutoQueryChatbot/.airflow-venv/lib/python3.12/site-packages/airflow/example_dags/example_subdag_operator.py
[2026-09-17T19:54:27.703+0200] {processor.py:925} INFO - DAG(s) 'example_subdag_operator.section-1', 'example_subdag_operator.section-2', 'example_subdag_operator' retrieved from /Users/swarnalidatta/Desktop/AutoQueryChatbot/.airflow-venv/lib/python3.12/site-packages/airflow/example_dags/example_subdag_operator.py
[2026-09-17T19:54:27.884+0200] {logging_mixin.py:190} INFO - [2026-09-17T19:54:27.884+0200] {dag.py:3239} INFO - Sync 3 DAGs
[2026-09-17T19:54:27.890+0200] {logging_mixin.py:190} INFO - [2026-09-17T19:54:27.890+0200] {dag.py:4180} INFO - Setting next_dagrun for example_subdag_operator to 2022-01-01 00:00:00+00:00, run_after=2022-01-01 00:00:00+00:00
[2026-09-17T19:54:27.890+0200] {logging_mixin.py:190} INFO - [2026-09-17T19:54:27.890+0200] {dag.py:4180} INFO - Setting next_dagrun for example_subdag_operator.section-1 to None, run_after=None
[2026-09-17T19:54:27.891+0200] {logging_mixin.py:190} INFO - [2026-09-17T19:54:27.891+0200] {dag.py:4180} INFO - Setting next_dagrun for example_subdag_operator.section-2 to None, run_after=None
[2026-09-17T19:54:27.892+0200] {logging_mixin.py:190} INFO - [2026-09-17T19:54:27.892+0200] {dag.py:3239} INFO - Sync 2 DAGs
[2026-09-17T19:54:27.893+0200] {logging_mixin.py:190} INFO - [2026-09-17T19:54:27.893+0200] {dag.py:4180} INFO - Setting next_dagrun for example_subdag_operator.section-1 to None, run_after=None
[2026-09-17T19:54:27.893+0200] {logging_mixin.py:190} INFO - [2026-09-17T19:54:27.893+0200] {dag.py:4180} INFO - Setting next_dagrun for example_subdag_operator.section-2 to None, run_after=None
[2026-09-17T19:54:27.897+0200] {processor.py:208} INFO - Processing /Users/swarnalidatta/Desktop/AutoQueryChatbot/.airflow-venv/lib/python3.12/site-packages/airflow/example_dags/example_subdag_operator.py took 0.223 seconds
[2026-09-17T20:06:34.258+0200] {processor.py:186} INFO - Started process (PID=80463) to work on /Users/swarnalidatta/Desktop/AutoQueryChatbot/.airflow-venv/lib/python3.12/site-packages/airflow/example_dags/example_subdag_operator.py
[2026-09-17T20:06:34.258+0200] {processor.py:914} INFO - Processing file /Users/swarnalidatta/Desktop/AutoQueryChatbot/.airflow-venv/lib/python3.12/site-packages/airflow/example_dags/example_subdag_operator.py for tasks to queue
[2026-09-17T20:06:34.259+0200] {logging_mixin.py:190} INFO - [2026-09-17T20:06:34.259+0200] {dagbag.py:588} INFO - Filling up the DagBag from /Users/swarnalidatta/Desktop/AutoQueryChatbot/.airflow-venv/lib/python3.12/site-packages/airflow/example_dags/example_subdag_operator.py
[2026-09-17T20:06:34.286+0200] {processor.py:925} INFO - DAG(s) 'example_subdag_operator.section-1', 'example_subdag_operator.section-2', 'example_subdag_operator' retrieved from /Users/swarnalidatta/Desktop/AutoQueryChatbot/.airflow-venv/lib/python3.12/site-packages/airflow/example_dags/example_subdag_operator.py
[2026-09-17T20:06:34.467+0200] {logging_mixin.py:190} INFO - [2026-09-17T20:06:34.466+0200] {dag.py:3239} INFO - Sync 3 DAGs
[2026-09-17T20:06:34.472+0200] {logging_mixin.py:190} INFO - [2026-09-17T20:06:34.472+0200] {dag.py:4180} INFO - Setting next_dagrun for example_subdag_operator to 2022-01-01 00:00:00+00:00, run_after=2022-01-01 00:00:00+00:00
[2026-09-17T20:06:34.473+0200] {logging_mixin.py:190} INFO - [2026-09-17T20:06:34.473+0200] {dag.py:4180} INFO - Setting next_dagrun for example_subdag_operator.section-1 to None, run_after=None
[2026-09-17T20:06:34.473+0200] {logging_mixin.py:190} INFO - [2026-09-17T20:06:34.473+0200] {dag.py:4180} INFO - Setting next_dagrun for example_subdag_operator.section-2 to None, run_after=None
[2026-09-17T20:06:34.475+0200] {logging_mixin.py:190} INFO - [2026-09-17T20:06:34.475+0200] {dag.py:3239} INFO - Sync 2 DAGs
[2026-09-17T20:06:34.476+0200] {logging_mixin.py:190} INFO - [2026-09-17T20:06:34.476+0200] {dag.py:4180} INFO - Setting next_dagrun for example_subdag_operator.section-1 to None, run_after=None
[2026-09-17T20:06:34.476+0200] {logging_mixin.py:190} INFO - [2026-09-17T20:06:34.476+0200] {dag.py:4180} INFO - Setting next_dagrun for example_subdag_operator.section-2 to None, run_after=None
[2026-09-17T20:06:34.479+0200] {processor.py:208} INFO - Processing /Users/swarnalidatta/Desktop/AutoQueryChatbot/.airflow-venv/lib/python3.12/site-packages/airflow/example_dags/example_subdag_operator.py took 0.222 seconds
[2026-09-17T20:08:24.061+0200] {processor.py:186} INFO - Started process (PID=81026) to work on /Users/swarnalidatta/Desktop/AutoQueryChatbot/.airflow-venv/lib/python3.12/site-packages/airflow/example_dags/example_subdag_operator.py
[2026-09-17T20:08:24.061+0200] {processor.py:914} INFO - Processing file /Users/swarnalidatta/Desktop/AutoQueryChatbot/.airflow-venv/lib/python3.12/site-packages/airflow/example_dags/example_subdag_operator.py for tasks to queue
[2026-09-17T20:08:24.061+0200] {logging_mixin.py:190} INFO - [2026-09-17T20:08:24.061+0200] {dagbag.py:588} INFO - Filling up the DagBag from /Users/swarnalidatta/Desktop/AutoQueryChatbot/.airflow-venv/lib/python3.12/site-packages/airflow/example_dags/example_subdag_operator.py
[2026-09-17T20:08:24.090+0200] {processor.py:925} INFO - DAG(s) 'example_subdag_operator.section-1', 'example_subdag_operator.section-2', 'example_subdag_operator' retrieved from /Users/swarnalidatta/Desktop/AutoQueryChatbot/.airflow-venv/lib/python3.12/site-packages/airflow/example_dags/example_subdag_operator.py
[2026-09-17T20:08:24.274+0200] {logging_mixin.py:190} INFO - [2026-09-17T20:08:24.274+0200] {dag.py:3239} INFO - Sync 3 DAGs
[2026-09-17T20:08:24.280+0200] {logging_mixin.py:190} INFO - [2026-09-17T20:08:24.280+0200] {dag.py:4180} INFO - Setting next_dagrun for example_subdag_operator to 2022-01-01 00:00:00+00:00, run_after=2022-01-01 00:00:00+00:00
[2026-09-17T20:08:24.281+0200] {logging_mixin.py:190} INFO - [2026-09-17T20:08:24.281+0200] {dag.py:4180} INFO - Setting next_dagrun for example_subdag_operator.section-1 to None, run_after=None
[2026-09-17T20:08:24.281+0200] {logging_mixin.py:190} INFO - [2026-09-17T20:08:24.281+0200] {dag.py:4180} INFO - Setting next_dagrun for example_subdag_operator.section-2 to None, run_after=None
[2026-09-17T20:08:24.282+0200] {logging_mixin.py:190} INFO - [2026-09-17T20:08:24.282+0200] {dag.py:3239} INFO - Sync 2 DAGs
[2026-09-17T20:08:24.283+0200] {logging_mixin.py:190} INFO - [2026-09-17T20:08:24.283+0200] {dag.py:4180} INFO - Setting next_dagrun for example_subdag_operator.section-1 to None, run_after=None
[2026-09-17T20:08:24.284+0200] {logging_mixin.py:190} INFO - [2026-09-17T20:08:24.284+0200] {dag.py:4180} INFO - Setting next_dagrun for example_subdag_operator.section-2 to None, run_after=None
[2026-09-17T20:08:24.287+0200] {processor.py:208} INFO - Processing /Users/swarnalidatta/Desktop/AutoQueryChatbot/.airflow-venv/lib/python3.12/site-packages/airflow/example_dags/example_subdag_operator.py took 0.227 seconds
[2026-09-17T20:09:58.029+0200] {processor.py:186} INFO - Started process (PID=81554) to work on /Users/swarnalidatta/Desktop/AutoQueryChatbot/.airflow-venv/lib/python3.12/site-packages/airflow/example_dags/example_subdag_operator.py
[2026-09-17T20:09:58.029+0200] {processor.py:914} INFO - Processing file /Users/swarnalidatta/Desktop/AutoQueryChatbot/.airflow-venv/lib/python3.12/site-packages/airflow/example_dags/example_subdag_operator.py for tasks to queue
[2026-09-17T20:09:58.029+0200] {logging_mixin.py:190} INFO - [2026-09-17T20:09:58.029+0200] {dagbag.py:588} INFO - Filling up the DagBag from /Users/swarnalidatta/Desktop/AutoQueryChatbot/.airflow-venv/lib/python3.12/site-packages/airflow/example_dags/example_subdag_operator.py
[2026-09-17T20:09:58.057+0200] {processor.py:925} INFO - DAG(s) 'example_subdag_operator.section-1', 'example_subdag_operator.section-2', 'example_subdag_operator' retrieved from /Users/swarnalidatta/Desktop/AutoQueryChatbot/.airflow-venv/lib/python3.12/site-packages/airflow/example_dags/example_subdag_operator.py
[2026-09-17T20:09:58.235+0200] {logging_mixin.py:190} INFO - [2026-09-17T20:09:58.235+0200] {dag.py:3239} INFO - Sync 3 DAGs
[2026-09-17T20:09:58.241+0200] {logging_mixin.py:190} INFO - [2026-09-17T20:09:58.241+0200] {dag.py:4180} INFO - Setting next_dagrun for example_subdag_operator to 2022-01-01 00:00:00+00:00, run_after=2022-01-01 00:00:00+00:00
[2026-09-17T20:09:58.242+0200] {logging_mixin.py:190} INFO - [2026-09-17T20:09:58.242+0200] {dag.py:4180} INFO - Setting next_dagrun for example_subdag_operator.section-1 to None, run_after=None
[2026-09-17T20:09:58.242+0200] {logging_mixin.py:190} INFO - [2026-09-17T20:09:58.242+0200] {dag.py:4180} INFO - Setting next_dagrun for example_subdag_operator.section-2 to None, run_after=None
[2026-09-17T20:09:58.243+0200] {logging_mixin.py:190} INFO - [2026-09-17T20:09:58.243+0200] {dag.py:3239} INFO - Sync 2 DAGs
[2026-09-17T20:09:58.244+0200] {logging_mixin.py:190} INFO - [2026-09-17T20:09:58.244+0200] {dag.py:4180} INFO - Setting next_dagrun for example_subdag_operator.section-1 to None, run_after=None
[2026-09-17T20:09:58.244+0200] {logging_mixin.py:190} INFO - [2026-09-17T20:09:58.244+0200] {dag.py:4180} INFO - Setting next_dagrun for example_subdag_operator.section-2 to None, run_after=None
[2026-09-17T20:09:58.248+0200] {processor.py:208} INFO - Processing /Users/swarnalidatta/Desktop/AutoQueryChatbot/.airflow-venv/lib/python3.12/site-packages/airflow/example_dags/example_subdag_operator.py took 0.220 seconds
[2026-09-17T20:12:38.394+0200] {processor.py:186} INFO - Started process (PID=82480) to work on /Users/swarnalidatta/Desktop/AutoQueryChatbot/.airflow-venv/lib/python3.12/site-packages/airflow/example_dags/example_subdag_operator.py
[2026-09-17T20:12:38.394+0200] {processor.py:914} INFO - Processing file /Users/swarnalidatta/Desktop/AutoQueryChatbot/.airflow-venv/lib/python3.12/site-packages/airflow/example_dags/example_subdag_operator.py for tasks to queue
[2026-09-17T20:12:38.394+0200] {logging_mixin.py:190} INFO - [2026-09-17T20:12:38.394+0200] {dagbag.py:588} INFO - Filling up the DagBag from /Users/swarnalidatta/Desktop/AutoQueryChatbot/.airflow-venv/lib/python3.12/site-packages/airflow/example_dags/example_subdag_operator.py
[2026-09-17T20:12:38.423+0200] {processor.py:925} INFO - DAG(s) 'example_subdag_operator.section-1', 'example_subdag_operator.section-2', 'example_subdag_operator' retrieved from /Users/swarnalidatta/Desktop/AutoQueryChatbot/.airflow-venv/lib/python3.12/site-packages/airflow/example_dags/example_subdag_operator.py
[2026-09-17T20:12:38.601+0200] {logging_mixin.py:190} INFO - [2026-09-17T20:12:38.601+0200] {dag.py:3239} INFO - Sync 3 DAGs
[2026-09-17T20:12:38.607+0200] {logging_mixin.py:190} INFO - [2026-09-17T20:12:38.607+0200] {dag.py:4180} INFO - Setting next_dagrun for example_subdag_operator to 2022-01-01 00:00:00+00:00, run_after=2022-01-01 00:00:00+00:00
[2026-09-17T20:12:38.607+0200] {logging_mixin.py:190} INFO - [2026-09-17T20:12:38.607+0200] {dag.py:4180} INFO - Setting next_dagrun for example_subdag_operator.section-1 to None, run_after=None
[2026-09-17T20:12:38.608+0200] {logging_mixin.py:190} INFO - [2026-09-17T20:12:38.608+0200] {dag.py:4180} INFO - Setting next_dagrun for example_subdag_operator.section-2 to None, run_after=None
[2026-09-17T20:12:38.609+0200] {logging_mixin.py:190} INFO - [2026-09-17T20:12:38.609+0200] {dag.py:3239} INFO - Sync 2 DAGs
[2026-09-17T20:12:38.610+0200] {logging_mixin.py:190} INFO - [2026-09-17T20:12:38.610+0200] {dag.py:4180} INFO - Setting next_dagrun for example_subdag_operator.section-1 to None, run_after=None
[2026-09-17T20:12:38.610+0200] {logging_mixin.py:190} INFO - [2026-09-17T20:12:38.610+0200] {dag.py:4180} INFO - Setting next_dagrun for example_subdag_operator.section-2 to None, run_after=None
[2026-09-17T20:12:38.613+0200] {processor.py:208} INFO - Processing /Users/swarnalidatta/Desktop/AutoQueryChatbot/.airflow-venv/lib/python3.12/site-packages/airflow/example_dags/example_subdag_operator.py took 0.221 seconds
[2026-09-17T20:14:49.449+0200] {processor.py:186} INFO - Started process (PID=82926) to work on /Users/swarnalidatta/Desktop/AutoQueryChatbot/.airflow-venv/lib/python3.12/site-packages/airflow/example_dags/example_subdag_operator.py
[2026-09-17T20:14:49.450+0200] {processor.py:914} INFO - Processing file /Users/swarnalidatta/Desktop/AutoQueryChatbot/.airflow-venv/lib/python3.12/site-packages/airflow/example_dags/example_subdag_operator.py for tasks to queue
[2026-09-17T20:14:49.450+0200] {logging_mixin.py:190} INFO - [2026-09-17T20:14:49.450+0200] {dagbag.py:588} INFO - Filling up the DagBag from /Users/swarnalidatta/Desktop/AutoQueryChatbot/.airflow-venv/lib/python3.12/site-packages/airflow/example_dags/example_subdag_operator.py
[2026-09-17T20:14:49.478+0200] {processor.py:925} INFO - DAG(s) 'example_subdag_operator.section-1', 'example_subdag_operator.section-2', 'example_subdag_operator' retrieved from /Users/swarnalidatta/Desktop/AutoQueryChatbot/.airflow-venv/lib/python3.12/site-packages/airflow/example_dags/example_subdag_operator.py
[2026-09-17T20:14:49.659+0200] {logging_mixin.py:190} INFO - [2026-09-17T20:14:49.659+0200] {dag.py:3239} INFO - Sync 3 DAGs
[2026-09-17T20:14:49.665+0200] {logging_mixin.py:190} INFO - [2026-09-17T20:14:49.664+0200] {dag.py:4180} INFO - Setting next_dagrun for example_subdag_operator to 2022-01-01 00:00:00+00:00, run_after=2022-01-01 00:00:00+00:00
[2026-09-17T20:14:49.665+0200] {logging_mixin.py:190} INFO - [2026-09-17T20:14:49.665+0200] {dag.py:4180} INFO - Setting next_dagrun for example_subdag_operator.section-1 to None, run_after=None
[2026-09-17T20:14:49.666+0200] {logging_mixin.py:190} INFO - [2026-09-17T20:14:49.666+0200] {dag.py:4180} INFO - Setting next_dagrun for example_subdag_operator.section-2 to None, run_after=None
[2026-09-17T20:14:49.667+0200] {logging_mixin.py:190} INFO - [2026-09-17T20:14:49.667+0200] {dag.py:3239} INFO - Sync 2 DAGs
[2026-09-17T20:14:49.668+0200] {logging_mixin.py:190} INFO - [2026-09-17T20:14:49.668+0200] {dag.py:4180} INFO - Setting next_dagrun for example_subdag_operator.section-1 to None, run_after=None
[2026-09-17T20:14:49.668+0200] {logging_mixin.py:190} INFO - [2026-09-17T20:14:49.668+0200] {dag.py:4180} INFO - Setting next_dagrun for example_subdag_operator.section-2 to None, run_after=None
[2026-09-17T20:14:49.671+0200] {processor.py:208} INFO - Processing /Users/swarnalidatta/Desktop/AutoQueryChatbot/.airflow-venv/lib/python3.12/site-packages/airflow/example_dags/example_subdag_operator.py took 0.223 seconds
[2026-09-17T20:16:16.567+0200] {processor.py:186} INFO - Started process (PID=83238) to work on /Users/swarnalidatta/Desktop/AutoQueryChatbot/.airflow-venv/lib/python3.12/site-packages/airflow/example_dags/example_subdag_operator.py
[2026-09-17T20:16:16.567+0200] {processor.py:914} INFO - Processing file /Users/swarnalidatta/Desktop/AutoQueryChatbot/.airflow-venv/lib/python3.12/site-packages/airflow/example_dags/example_subdag_operator.py for tasks to queue
[2026-09-17T20:16:16.568+0200] {logging_mixin.py:190} INFO - [2026-09-17T20:16:16.567+0200] {dagbag.py:588} INFO - Filling up the DagBag from /Users/swarnalidatta/Desktop/AutoQueryChatbot/.airflow-venv/lib/python3.12/site-packages/airflow/example_dags/example_subdag_operator.py
[2026-09-17T20:16:16.596+0200] {processor.py:925} INFO - DAG(s) 'example_subdag_operator.section-1', 'example_subdag_operator.section-2', 'example_subdag_operator' retrieved from /Users/swarnalidatta/Desktop/AutoQueryChatbot/.airflow-venv/lib/python3.12/site-packages/airflow/example_dags/example_subdag_operator.py
[2026-09-17T20:16:16.776+0200] {logging_mixin.py:190} INFO - [2026-09-17T20:16:16.776+0200] {dag.py:3239} INFO - Sync 3 DAGs
[2026-09-17T20:16:16.781+0200] {logging_mixin.py:190} INFO - [2026-09-17T20:16:16.781+0200] {dag.py:4180} INFO - Setting next_dagrun for example_subdag_operator to 2022-01-01 00:00:00+00:00, run_after=2022-01-01 00:00:00+00:00
[2026-09-17T20:16:16.782+0200] {logging_mixin.py:190} INFO - [2026-09-17T20:16:16.782+0200] {dag.py:4180} INFO - Setting next_dagrun for example_subdag_operator.section-1 to None, run_after=None
[2026-09-17T20:16:16.783+0200] {logging_mixin.py:190} INFO - [2026-09-17T20:16:16.782+0200] {dag.py:4180} INFO - Setting next_dagrun for example_subdag_operator.section-2 to None, run_after=None
[2026-09-17T20:16:16.784+0200] {logging_mixin.py:190} INFO - [2026-09-17T20:16:16.784+0200] {dag.py:3239} INFO - Sync 2 DAGs
[2026-09-17T20:16:16.785+0200] {logging_mixin.py:190} INFO - [2026-09-17T20:16:16.785+0200] {dag.py:4180} INFO - Setting next_dagrun for example_subdag_operator.section-1 to None, run_after=None
[2026-09-17T20:16:16.785+0200] {logging_mixin.py:190} INFO - [2026-09-17T20:16:16.785+0200] {dag.py:4180} INFO - Setting next_dagrun for example_subdag_operator.section-2 to None, run_after=None
[2026-09-17T20:16:16.788+0200] {processor.py:208} INFO - Processing /Users/swarnalidatta/Desktop/AutoQueryChatbot/.airflow-venv/lib/python3.12/site-packages/airflow/example_dags/example_subdag_operator.py took 0.223 seconds
[2026-09-17T20:18:03.517+0200] {processor.py:186} INFO - Started process (PID=83609) to work on /Users/swarnalidatta/Desktop/AutoQueryChatbot/.airflow-venv/lib/python3.12/site-packages/airflow/example_dags/example_subdag_operator.py
[2026-09-17T20:18:03.517+0200] {processor.py:914} INFO - Processing file /Users/swarnalidatta/Desktop/AutoQueryChatbot/.airflow-venv/lib/python3.12/site-packages/airflow/example_dags/example_subdag_operator.py for tasks to queue
[2026-09-17T20:18:03.517+0200] {logging_mixin.py:190} INFO - [2026-09-17T20:18:03.517+0200] {dagbag.py:588} INFO - Filling up the DagBag from /Users/swarnalidatta/Desktop/AutoQueryChatbot/.airflow-venv/lib/python3.12/site-packages/airflow/example_dags/example_subdag_operator.py
[2026-09-17T20:18:03.546+0200] {processor.py:925} INFO - DAG(s) 'example_subdag_operator.section-1', 'example_subdag_operator.section-2', 'example_subdag_operator' retrieved from /Users/swarnalidatta/Desktop/AutoQueryChatbot/.airflow-venv/lib/python3.12/site-packages/airflow/example_dags/example_subdag_operator.py
[2026-09-17T20:18:03.726+0200] {logging_mixin.py:190} INFO - [2026-09-17T20:18:03.726+0200] {dag.py:3239} INFO - Sync 3 DAGs
[2026-09-17T20:18:03.732+0200] {logging_mixin.py:190} INFO - [2026-09-17T20:18:03.732+0200] {dag.py:4180} INFO - Setting next_dagrun for example_subdag_operator to 2022-01-01 00:00:00+00:00, run_after=2022-01-01 00:00:00+00:00
[2026-09-17T20:18:03.733+0200] {logging_mixin.py:190} INFO - [2026-09-17T20:18:03.733+0200] {dag.py:4180} INFO - Setting next_dagrun for example_subdag_operator.section-1 to None, run_after=None
[2026-09-17T20:18:03.733+0200] {logging_mixin.py:190} INFO - [2026-09-17T20:18:03.733+0200] {dag.py:4180} INFO - Setting next_dagrun for example_subdag_operator.section-2 to None, run_after=None
[2026-09-17T20:18:03.734+0200] {logging_mixin.py:190} INFO - [2026-09-17T20:18:03.734+0200] {dag.py:3239} INFO - Sync 2 DAGs
[2026-09-17T20:18:03.735+0200] {logging_mixin.py:190} INFO - [2026-09-17T20:18:03.735+0200] {dag.py:4180} INFO - Setting next_dagrun for example_subdag_operator.section-1 to None, run_after=None
[2026-09-17T20:18:03.735+0200] {logging_mixin.py:190} INFO - [2026-09-17T20:18:03.735+0200] {dag.py:4180} INFO - Setting next_dagrun for example_subdag_operator.section-2 to None, run_after=None
[2026-09-17T20:18:03.739+0200] {processor.py:208} INFO - Processing /Users/swarnalidatta/Desktop/AutoQueryChatbot/.airflow-venv/lib/python3.12/site-packages/airflow/example_dags/example_subdag_operator.py took 0.223 seconds
[2026-09-17T20:20:17.839+0200] {processor.py:186} INFO - Started process (PID=84094) to work on /Users/swarnalidatta/Desktop/AutoQueryChatbot/.airflow-venv/lib/python3.12/site-packages/airflow/example_dags/example_subdag_operator.py
[2026-09-17T20:20:17.839+0200] {processor.py:914} INFO - Processing file /Users/swarnalidatta/Desktop/AutoQueryChatbot/.airflow-venv/lib/python3.12/site-packages/airflow/example_dags/example_subdag_operator.py for tasks to queue
[2026-09-17T20:20:17.840+0200] {logging_mixin.py:190} INFO - [2026-09-17T20:20:17.840+0200] {dagbag.py:588} INFO - Filling up the DagBag from /Users/swarnalidatta/Desktop/AutoQueryChatbot/.airflow-venv/lib/python3.12/site-packages/airflow/example_dags/example_subdag_operator.py
[2026-09-17T20:20:17.868+0200] {processor.py:925} INFO - DAG(s) 'example_subdag_operator.section-1', 'example_subdag_operator.section-2', 'example_subdag_operator' retrieved from /Users/swarnalidatta/Desktop/AutoQueryChatbot/.airflow-venv/lib/python3.12/site-packages/airflow/example_dags/example_subdag_operator.py
[2026-09-17T20:20:18.048+0200] {logging_mixin.py:190} INFO - [2026-09-17T20:20:18.047+0200] {dag.py:3239} INFO - Sync 3 DAGs
[2026-09-17T20:20:18.053+0200] {logging_mixin.py:190} INFO - [2026-09-17T20:20:18.053+0200] {dag.py:4180} INFO - Setting next_dagrun for example_subdag_operator to 2022-01-01 00:00:00+00:00, run_after=2022-01-01 00:00:00+00:00
[2026-09-17T20:20:18.054+0200] {logging_mixin.py:190} INFO - [2026-09-17T20:20:18.054+0200] {dag.py:4180} INFO - Setting next_dagrun for example_subdag_operator.section-1 to None, run_after=None
[2026-09-17T20:20:18.054+0200] {logging_mixin.py:190} INFO - [2026-09-17T20:20:18.054+0200] {dag.py:4180} INFO - Setting next_dagrun for example_subdag_operator.section-2 to None, run_after=None
[2026-09-17T20:20:18.056+0200] {logging_mixin.py:190} INFO - [2026-09-17T20:20:18.056+0200] {dag.py:3239} INFO - Sync 2 DAGs
[2026-09-17T20:20:18.057+0200] {logging_mixin.py:190} INFO - [2026-09-17T20:20:18.057+0200] {dag.py:4180} INFO - Setting next_dagrun for example_subdag_operator.section-1 to None, run_after=None
[2026-09-17T20:20:18.057+0200] {logging_mixin.py:190} INFO - [2026-09-17T20:20:18.057+0200] {dag.py:4180} INFO - Setting next_dagrun for example_subdag_operator.section-2 to None, run_after=None
[2026-09-17T20:20:18.060+0200] {processor.py:208} INFO - Processing /Users/swarnalidatta/Desktop/AutoQueryChatbot/.airflow-venv/lib/python3.12/site-packages/airflow/example_dags/example_subdag_operator.py took 0.222 seconds
[2026-09-17T20:21:37.938+0200] {processor.py:186} INFO - Started process (PID=84313) to work on /Users/swarnalidatta/Desktop/AutoQueryChatbot/.airflow-venv/lib/python3.12/site-packages/airflow/example_dags/example_subdag_operator.py
[2026-09-17T20:21:37.938+0200] {processor.py:914} INFO - Processing file /Users/swarnalidatta/Desktop/AutoQueryChatbot/.airflow-venv/lib/python3.12/site-packages/airflow/example_dags/example_subdag_operator.py for tasks to queue
[2026-09-17T20:21:37.938+0200] {logging_mixin.py:190} INFO - [2026-09-17T20:21:37.938+0200] {dagbag.py:588} INFO - Filling up the DagBag from /Users/swarnalidatta/Desktop/AutoQueryChatbot/.airflow-venv/lib/python3.12/site-packages/airflow/example_dags/example_subdag_operator.py
[2026-09-17T20:21:37.966+0200] {processor.py:925} INFO - DAG(s) 'example_subdag_operator.section-1', 'example_subdag_operator.section-2', 'example_subdag_operator' retrieved from /Users/swarnalidatta/Desktop/AutoQueryChatbot/.airflow-venv/lib/python3.12/site-packages/airflow/example_dags/example_subdag_operator.py
[2026-09-17T20:21:38.145+0200] {logging_mixin.py:190} INFO - [2026-09-17T20:21:38.145+0200] {dag.py:3239} INFO - Sync 3 DAGs
[2026-09-17T20:21:38.151+0200] {logging_mixin.py:190} INFO - [2026-09-17T20:21:38.151+0200] {dag.py:4180} INFO - Setting next_dagrun for example_subdag_operator to 2022-01-01 00:00:00+00:00, run_after=2022-01-01 00:00:00+00:00
[2026-09-17T20:21:38.152+0200] {logging_mixin.py:190} INFO - [2026-09-17T20:21:38.152+0200] {dag.py:4180} INFO - Setting next_dagrun for example_subdag_operator.section-1 to None, run_after=None
[2026-09-17T20:21:38.152+0200] {logging_mixin.py:190} INFO - [2026-09-17T20:21:38.152+0200] {dag.py:4180} INFO - Setting next_dagrun for example_subdag_operator.section-2 to None, run_after=None
[2026-09-17T20:21:38.153+0200] {logging_mixin.py:190} INFO - [2026-09-17T20:21:38.153+0200] {dag.py:3239} INFO - Sync 2 DAGs
[2026-09-17T20:21:38.154+0200] {logging_mixin.py:190} INFO - [2026-09-17T20:21:38.154+0200] {dag.py:4180} INFO - Setting next_dagrun for example_subdag_operator.section-1 to None, run_after=None
[2026-09-17T20:21:38.154+0200] {logging_mixin.py:190} INFO - [2026-09-17T20:21:38.154+0200] {dag.py:4180} INFO - Setting next_dagrun for example_subdag_operator.section-2 to None, run_after=None
[2026-09-17T20:21:38.158+0200] {processor.py:208} INFO - Processing /Users/swarnalidatta/Desktop/AutoQueryChatbot/.airflow-venv/lib/python3.12/site-packages/airflow/example_dags/example_subdag_operator.py took 0.221 seconds
[2026-09-17T20:23:04.609+0200] {processor.py:186} INFO - Started process (PID=84714) to work on /Users/swarnalidatta/Desktop/AutoQueryChatbot/.airflow-venv/lib/python3.12/site-packages/airflow/example_dags/example_subdag_operator.py
[2026-09-17T20:23:04.610+0200] {processor.py:914} INFO - Processing file /Users/swarnalidatta/Desktop/AutoQueryChatbot/.airflow-venv/lib/python3.12/site-packages/airflow/example_dags/example_subdag_operator.py for tasks to queue
[2026-09-17T20:23:04.610+0200] {logging_mixin.py:190} INFO - [2026-09-17T20:23:04.610+0200] {dagbag.py:588} INFO - Filling up the DagBag from /Users/swarnalidatta/Desktop/AutoQueryChatbot/.airflow-venv/lib/python3.12/site-packages/airflow/example_dags/example_subdag_operator.py
[2026-09-17T20:23:04.638+0200] {processor.py:925} INFO - DAG(s) 'example_subdag_operator.section-1', 'example_subdag_operator.section-2', 'example_subdag_operator' retrieved from /Users/swarnalidatta/Desktop/AutoQueryChatbot/.airflow-venv/lib/python3.12/site-packages/airflow/example_dags/example_subdag_operator.py
[2026-09-17T20:23:04.829+0200] {logging_mixin.py:190} INFO - [2026-09-17T20:23:04.829+0200] {dag.py:3239} INFO - Sync 3 DAGs
[2026-09-17T20:23:04.834+0200] {logging_mixin.py:190} INFO - [2026-09-17T20:23:04.834+0200] {dag.py:4180} INFO - Setting next_dagrun for example_subdag_operator to 2022-01-01 00:00:00+00:00, run_after=2022-01-01 00:00:00+00:00
[2026-09-17T20:23:04.835+0200] {logging_mixin.py:190} INFO - [2026-09-17T20:23:04.835+0200] {dag.py:4180} INFO - Setting next_dagrun for example_subdag_operator.section-1 to None, run_after=None
[2026-09-17T20:23:04.835+0200] {logging_mixin.py:190} INFO - [2026-09-17T20:23:04.835+0200] {dag.py:4180} INFO - Setting next_dagrun for example_subdag_operator.section-2 to None, run_after=None
[2026-09-17T20:23:04.837+0200] {logging_mixin.py:190} INFO - [2026-09-17T20:23:04.837+0200] {dag.py:3239} INFO - Sync 2 DAGs
[2026-09-17T20:23:04.838+0200] {logging_mixin.py:190} INFO - [2026-09-17T20:23:04.838+0200] {dag.py:4180} INFO - Setting next_dagrun for example_subdag_operator.section-1 to None, run_after=None
[2026-09-17T20:23:04.838+0200] {logging_mixin.py:190} INFO - [2026-09-17T20:23:04.838+0200] {dag.py:4180} INFO - Setting next_dagrun for example_subdag_operator.section-2 to None, run_after=None
[2026-09-17T20:23:04.841+0200] {processor.py:208} INFO - Processing /Users/swarnalidatta/Desktop/AutoQueryChatbot/.airflow-venv/lib/python3.12/site-packages/airflow/example_dags/example_subdag_operator.py took 0.233 seconds
[2026-09-17T20:24:29.792+0200] {processor.py:186} INFO - Started process (PID=84986) to work on /Users/swarnalidatta/Desktop/AutoQueryChatbot/.airflow-venv/lib/python3.12/site-packages/airflow/example_dags/example_subdag_operator.py
[2026-09-17T20:24:29.792+0200] {processor.py:914} INFO - Processing file /Users/swarnalidatta/Desktop/AutoQueryChatbot/.airflow-venv/lib/python3.12/site-packages/airflow/example_dags/example_subdag_operator.py for tasks to queue
[2026-09-17T20:24:29.793+0200] {logging_mixin.py:190} INFO - [2026-09-17T20:24:29.793+0200] {dagbag.py:588} INFO - Filling up the DagBag from /Users/swarnalidatta/Desktop/AutoQueryChatbot/.airflow-venv/lib/python3.12/site-packages/airflow/example_dags/example_subdag_operator.py
[2026-09-17T20:24:29.821+0200] {processor.py:925} INFO - DAG(s) 'example_subdag_operator.section-1', 'example_subdag_operator.section-2', 'example_subdag_operator' retrieved from /Users/swarnalidatta/Desktop/AutoQueryChatbot/.airflow-venv/lib/python3.12/site-packages/airflow/example_dags/example_subdag_operator.py
[2026-09-17T20:24:30.001+0200] {logging_mixin.py:190} INFO - [2026-09-17T20:24:30.001+0200] {dag.py:3239} INFO - Sync 3 DAGs
[2026-09-17T20:24:30.007+0200] {logging_mixin.py:190} INFO - [2026-09-17T20:24:30.007+0200] {dag.py:4180} INFO - Setting next_dagrun for example_subdag_operator to 2022-01-01 00:00:00+00:00, run_after=2022-01-01 00:00:00+00:00
[2026-09-17T20:24:30.008+0200] {logging_mixin.py:190} INFO - [2026-09-17T20:24:30.008+0200] {dag.py:4180} INFO - Setting next_dagrun for example_subdag_operator.section-1 to None, run_after=None
[2026-09-17T20:24:30.008+0200] {logging_mixin.py:190} INFO - [2026-09-17T20:24:30.008+0200] {dag.py:4180} INFO - Setting next_dagrun for example_subdag_operator.section-2 to None, run_after=None
[2026-09-17T20:24:30.009+0200] {logging_mixin.py:190} INFO - [2026-09-17T20:24:30.009+0200] {dag.py:3239} INFO - Sync 2 DAGs
[2026-09-17T20:24:30.010+0200] {logging_mixin.py:190} INFO - [2026-09-17T20:24:30.010+0200] {dag.py:4180} INFO - Setting next_dagrun for example_subdag_operator.section-1 to None, run_after=None
[2026-09-17T20:24:30.010+0200] {logging_mixin.py:190} INFO - [2026-09-17T20:24:30.010+0200] {dag.py:4180} INFO - Setting next_dagrun for example_subdag_operator.section-2 to None, run_after=None
[2026-09-17T20:24:30.014+0200] {processor.py:208} INFO - Processing /Users/swarnalidatta/Desktop/AutoQueryChatbot/.airflow-venv/lib/python3.12/site-packages/airflow/example_dags/example_subdag_operator.py took 0.223 seconds
[2026-09-17T20:26:20.056+0200] {processor.py:186} INFO - Started process (PID=85271) to work on /Users/swarnalidatta/Desktop/AutoQueryChatbot/.airflow-venv/lib/python3.12/site-packages/airflow/example_dags/example_subdag_operator.py
[2026-09-17T20:26:20.056+0200] {processor.py:914} INFO - Processing file /Users/swarnalidatta/Desktop/AutoQueryChatbot/.airflow-venv/lib/python3.12/site-packages/airflow/example_dags/example_subdag_operator.py for tasks to queue
[2026-09-17T20:26:20.056+0200] {logging_mixin.py:190} INFO - [2026-09-17T20:26:20.056+0200] {dagbag.py:588} INFO - Filling up the DagBag from /Users/swarnalidatta/Desktop/AutoQueryChatbot/.airflow-venv/lib/python3.12/site-packages/airflow/example_dags/example_subdag_operator.py
[2026-09-17T20:26:20.084+0200] {processor.py:925} INFO - DAG(s) 'example_subdag_operator.section-1', 'example_subdag_operator.section-2', 'example_subdag_operator' retrieved from /Users/swarnalidatta/Desktop/AutoQueryChatbot/.airflow-venv/lib/python3.12/site-packages/airflow/example_dags/example_subdag_operator.py
[2026-09-17T20:26:20.262+0200] {logging_mixin.py:190} INFO - [2026-09-17T20:26:20.262+0200] {dag.py:3239} INFO - Sync 3 DAGs
[2026-09-17T20:26:20.268+0200] {logging_mixin.py:190} INFO - [2026-09-17T20:26:20.268+0200] {dag.py:4180} INFO - Setting next_dagrun for example_subdag_operator to 2022-01-01 00:00:00+00:00, run_after=2022-01-01 00:00:00+00:00
[2026-09-17T20:26:20.269+0200] {logging_mixin.py:190} INFO - [2026-09-17T20:26:20.269+0200] {dag.py:4180} INFO - Setting next_dagrun for example_subdag_operator.section-1 to None, run_after=None
[2026-09-17T20:26:20.269+0200] {logging_mixin.py:190} INFO - [2026-09-17T20:26:20.269+0200] {dag.py:4180} INFO - Setting next_dagrun for example_subdag_operator.section-2 to None, run_after=None
[2026-09-17T20:26:20.270+0200] {logging_mixin.py:190} INFO - [2026-09-17T20:26:20.270+0200] {dag.py:3239} INFO - Sync 2 DAGs
[2026-09-17T20:26:20.271+0200] {logging_mixin.py:190} INFO - [2026-09-17T20:26:20.271+0200] {dag.py:4180} INFO - Setting next_dagrun for example_subdag_operator.section-1 to None, run_after=None
[2026-09-17T20:26:20.271+0200] {logging_mixin.py:190} INFO - [2026-09-17T20:26:20.271+0200] {dag.py:4180} INFO - Setting next_dagrun for example_subdag_operator.section-2 to None, run_after=None
[2026-09-17T20:26:20.275+0200] {processor.py:208} INFO - Processing /Users/swarnalidatta/Desktop/AutoQueryChatbot/.airflow-venv/lib/python3.12/site-packages/airflow/example_dags/example_subdag_operator.py took 0.220 seconds
[2026-09-17T20:27:30.856+0200] {processor.py:186} INFO - Started process (PID=85459) to work on /Users/swarnalidatta/Desktop/AutoQueryChatbot/.airflow-venv/lib/python3.12/site-packages/airflow/example_dags/example_subdag_operator.py
[2026-09-17T20:27:30.856+0200] {processor.py:914} INFO - Processing file /Users/swarnalidatta/Desktop/AutoQueryChatbot/.airflow-venv/lib/python3.12/site-packages/airflow/example_dags/example_subdag_operator.py for tasks to queue
[2026-09-17T20:27:30.857+0200] {logging_mixin.py:190} INFO - [2026-09-17T20:27:30.857+0200] {dagbag.py:588} INFO - Filling up the DagBag from /Users/swarnalidatta/Desktop/AutoQueryChatbot/.airflow-venv/lib/python3.12/site-packages/airflow/example_dags/example_subdag_operator.py
[2026-09-17T20:27:30.885+0200] {processor.py:925} INFO - DAG(s) 'example_subdag_operator.section-1', 'example_subdag_operator.section-2', 'example_subdag_operator' retrieved from /Users/swarnalidatta/Desktop/AutoQueryChatbot/.airflow-venv/lib/python3.12/site-packages/airflow/example_dags/example_subdag_operator.py
[2026-09-17T20:27:31.066+0200] {logging_mixin.py:190} INFO - [2026-09-17T20:27:31.066+0200] {dag.py:3239} INFO - Sync 3 DAGs
[2026-09-17T20:27:31.072+0200] {logging_mixin.py:190} INFO - [2026-09-17T20:27:31.072+0200] {dag.py:4180} INFO - Setting next_dagrun for example_subdag_operator to 2022-01-01 00:00:00+00:00, run_after=2022-01-01 00:00:00+00:00
[2026-09-17T20:27:31.073+0200] {logging_mixin.py:190} INFO - [2026-09-17T20:27:31.073+0200] {dag.py:4180} INFO - Setting next_dagrun for example_subdag_operator.section-1 to None, run_after=None
[2026-09-17T20:27:31.073+0200] {logging_mixin.py:190} INFO - [2026-09-17T20:27:31.073+0200] {dag.py:4180} INFO - Setting next_dagrun for example_subdag_operator.section-2 to None, run_after=None
[2026-09-17T20:27:31.074+0200] {logging_mixin.py:190} INFO - [2026-09-17T20:27:31.074+0200] {dag.py:3239} INFO - Sync 2 DAGs
[2026-09-17T20:27:31.075+0200] {logging_mixin.py:190} INFO - [2026-09-17T20:27:31.075+0200] {dag.py:4180} INFO - Setting next_dagrun for example_subdag_operator.section-1 to None, run_after=None
[2026-09-17T20:27:31.075+0200] {logging_mixin.py:190} INFO - [2026-09-17T20:27:31.075+0200] {dag.py:4180} INFO - Setting next_dagrun for example_subdag_operator.section-2 to None, run_after=None
[2026-09-17T20:27:31.079+0200] {processor.py:208} INFO - Processing /Users/swarnalidatta/Desktop/AutoQueryChatbot/.airflow-venv/lib/python3.12/site-packages/airflow/example_dags/example_subdag_operator.py took 0.224 seconds
[2026-09-17T20:28:46.456+0200] {processor.py:186} INFO - Started process (PID=85631) to work on /Users/swarnalidatta/Desktop/AutoQueryChatbot/.airflow-venv/lib/python3.12/site-packages/airflow/example_dags/example_subdag_operator.py
[2026-09-17T20:28:46.457+0200] {processor.py:914} INFO - Processing file /Users/swarnalidatta/Desktop/AutoQueryChatbot/.airflow-venv/lib/python3.12/site-packages/airflow/example_dags/example_subdag_operator.py for tasks to queue
[2026-09-17T20:28:46.457+0200] {logging_mixin.py:190} INFO - [2026-09-17T20:28:46.457+0200] {dagbag.py:588} INFO - Filling up the DagBag from /Users/swarnalidatta/Desktop/AutoQueryChatbot/.airflow-venv/lib/python3.12/site-packages/airflow/example_dags/example_subdag_operator.py
[2026-09-17T20:28:46.484+0200] {processor.py:925} INFO - DAG(s) 'example_subdag_operator.section-1', 'example_subdag_operator.section-2', 'example_subdag_operator' retrieved from /Users/swarnalidatta/Desktop/AutoQueryChatbot/.airflow-venv/lib/python3.12/site-packages/airflow/example_dags/example_subdag_operator.py
[2026-09-17T20:28:46.663+0200] {logging_mixin.py:190} INFO - [2026-09-17T20:28:46.663+0200] {dag.py:3239} INFO - Sync 3 DAGs
[2026-09-17T20:28:46.669+0200] {logging_mixin.py:190} INFO - [2026-09-17T20:28:46.669+0200] {dag.py:4180} INFO - Setting next_dagrun for example_subdag_operator to 2022-01-01 00:00:00+00:00, run_after=2022-01-01 00:00:00+00:00
[2026-09-17T20:28:46.669+0200] {logging_mixin.py:190} INFO - [2026-09-17T20:28:46.669+0200] {dag.py:4180} INFO - Setting next_dagrun for example_subdag_operator.section-1 to None, run_after=None
[2026-09-17T20:28:46.670+0200] {logging_mixin.py:190} INFO - [2026-09-17T20:28:46.670+0200] {dag.py:4180} INFO - Setting next_dagrun for example_subdag_operator.section-2 to None, run_after=None
[2026-09-17T20:28:46.671+0200] {logging_mixin.py:190} INFO - [2026-09-17T20:28:46.671+0200] {dag.py:3239} INFO - Sync 2 DAGs
[2026-09-17T20:28:46.672+0200] {logging_mixin.py:190} INFO - [2026-09-17T20:28:46.672+0200] {dag.py:4180} INFO - Setting next_dagrun for example_subdag_operator.section-1 to None, run_after=None
[2026-09-17T20:28:46.672+0200] {logging_mixin.py:190} INFO - [2026-09-17T20:28:46.672+0200] {dag.py:4180} INFO - Setting next_dagrun for example_subdag_operator.section-2 to None, run_after=None
[2026-09-17T20:28:46.675+0200] {processor.py:208} INFO - Processing /Users/swarnalidatta/Desktop/AutoQueryChatbot/.airflow-venv/lib/python3.12/site-packages/airflow/example_dags/example_subdag_operator.py took 0.220 seconds
[2026-09-17T20:30:01.290+0200] {processor.py:186} INFO - Started process (PID=85782) to work on /Users/swarnalidatta/Desktop/AutoQueryChatbot/.airflow-venv/lib/python3.12/site-packages/airflow/example_dags/example_subdag_operator.py
[2026-09-17T20:30:01.290+0200] {processor.py:914} INFO - Processing file /Users/swarnalidatta/Desktop/AutoQueryChatbot/.airflow-venv/lib/python3.12/site-packages/airflow/example_dags/example_subdag_operator.py for tasks to queue
[2026-09-17T20:30:01.290+0200] {logging_mixin.py:190} INFO - [2026-09-17T20:30:01.290+0200] {dagbag.py:588} INFO - Filling up the DagBag from /Users/swarnalidatta/Desktop/AutoQueryChatbot/.airflow-venv/lib/python3.12/site-packages/airflow/example_dags/example_subdag_operator.py
[2026-09-17T20:30:01.318+0200] {processor.py:925} INFO - DAG(s) 'example_subdag_operator.section-1', 'example_subdag_operator.section-2', 'example_subdag_operator' retrieved from /Users/swarnalidatta/Desktop/AutoQueryChatbot/.airflow-venv/lib/python3.12/site-packages/airflow/example_dags/example_subdag_operator.py
[2026-09-17T20:30:01.500+0200] {logging_mixin.py:190} INFO - [2026-09-17T20:30:01.499+0200] {dag.py:3239} INFO - Sync 3 DAGs
[2026-09-17T20:30:01.505+0200] {logging_mixin.py:190} INFO - [2026-09-17T20:30:01.505+0200] {dag.py:4180} INFO - Setting next_dagrun for example_subdag_operator to 2022-01-01 00:00:00+00:00, run_after=2022-01-01 00:00:00+00:00
[2026-09-17T20:30:01.506+0200] {logging_mixin.py:190} INFO - [2026-09-17T20:30:01.506+0200] {dag.py:4180} INFO - Setting next_dagrun for example_subdag_operator.section-1 to None, run_after=None
[2026-09-17T20:30:01.506+0200] {logging_mixin.py:190} INFO - [2026-09-17T20:30:01.506+0200] {dag.py:4180} INFO - Setting next_dagrun for example_subdag_operator.section-2 to None, run_after=None
[2026-09-17T20:30:01.508+0200] {logging_mixin.py:190} INFO - [2026-09-17T20:30:01.508+0200] {dag.py:3239} INFO - Sync 2 DAGs
[2026-09-17T20:30:01.509+0200] {logging_mixin.py:190} INFO - [2026-09-17T20:30:01.509+0200] {dag.py:4180} INFO - Setting next_dagrun for example_subdag_operator.section-1 to None, run_after=None
[2026-09-17T20:30:01.509+0200] {logging_mixin.py:190} INFO - [2026-09-17T20:30:01.509+0200] {dag.py:4180} INFO - Setting next_dagrun for example_subdag_operator.section-2 to None, run_after=None
[2026-09-17T20:30:01.512+0200] {processor.py:208} INFO - Processing /Users/swarnalidatta/Desktop/AutoQueryChatbot/.airflow-venv/lib/python3.12/site-packages/airflow/example_dags/example_subdag_operator.py took 0.223 seconds
[2026-09-17T20:31:27.897+0200] {processor.py:186} INFO - Started process (PID=86018) to work on /Users/swarnalidatta/Desktop/AutoQueryChatbot/.airflow-venv/lib/python3.12/site-packages/airflow/example_dags/example_subdag_operator.py
[2026-09-17T20:31:27.898+0200] {processor.py:914} INFO - Processing file /Users/swarnalidatta/Desktop/AutoQueryChatbot/.airflow-venv/lib/python3.12/site-packages/airflow/example_dags/example_subdag_operator.py for tasks to queue
[2026-09-17T20:31:27.898+0200] {logging_mixin.py:190} INFO - [2026-09-17T20:31:27.898+0200] {dagbag.py:588} INFO - Filling up the DagBag from /Users/swarnalidatta/Desktop/AutoQueryChatbot/.airflow-venv/lib/python3.12/site-packages/airflow/example_dags/example_subdag_operator.py
[2026-09-17T20:31:27.927+0200] {processor.py:925} INFO - DAG(s) 'example_subdag_operator.section-1', 'example_subdag_operator.section-2', 'example_subdag_operator' retrieved from /Users/swarnalidatta/Desktop/AutoQueryChatbot/.airflow-venv/lib/python3.12/site-packages/airflow/example_dags/example_subdag_operator.py
[2026-09-17T20:31:28.111+0200] {logging_mixin.py:190} INFO - [2026-09-17T20:31:28.111+0200] {dag.py:3239} INFO - Sync 3 DAGs
[2026-09-17T20:31:28.117+0200] {logging_mixin.py:190} INFO - [2026-09-17T20:31:28.117+0200] {dag.py:4180} INFO - Setting next_dagrun for example_subdag_operator to 2022-01-01 00:00:00+00:00, run_after=2022-01-01 00:00:00+00:00
[2026-09-17T20:31:28.118+0200] {logging_mixin.py:190} INFO - [2026-09-17T20:31:28.118+0200] {dag.py:4180} INFO - Setting next_dagrun for example_subdag_operator.section-1 to None, run_after=None
[2026-09-17T20:31:28.118+0200] {logging_mixin.py:190} INFO - [2026-09-17T20:31:28.118+0200] {dag.py:4180} INFO - Setting next_dagrun for example_subdag_operator.section-2 to None, run_after=None
[2026-09-17T20:31:28.119+0200] {logging_mixin.py:190} INFO - [2026-09-17T20:31:28.119+0200] {dag.py:3239} INFO - Sync 2 DAGs
[2026-09-17T20:31:28.120+0200] {logging_mixin.py:190} INFO - [2026-09-17T20:31:28.120+0200] {dag.py:4180} INFO - Setting next_dagrun for example_subdag_operator.section-1 to None, run_after=None
[2026-09-17T20:31:28.120+0200] {logging_mixin.py:190} INFO - [2026-09-17T20:31:28.120+0200] {dag.py:4180} INFO - Setting next_dagrun for example_subdag_operator.section-2 to None, run_after=None
[2026-09-17T20:31:28.124+0200] {processor.py:208} INFO - Processing /Users/swarnalidatta/Desktop/AutoQueryChatbot/.airflow-venv/lib/python3.12/site-packages/airflow/example_dags/example_subdag_operator.py took 0.227 seconds
[2026-09-17T20:32:39.626+0200] {processor.py:186} INFO - Started process (PID=86201) to work on /Users/swarnalidatta/Desktop/AutoQueryChatbot/.airflow-venv/lib/python3.12/site-packages/airflow/example_dags/example_subdag_operator.py
[2026-09-17T20:32:39.626+0200] {processor.py:914} INFO - Processing file /Users/swarnalidatta/Desktop/AutoQueryChatbot/.airflow-venv/lib/python3.12/site-packages/airflow/example_dags/example_subdag_operator.py for tasks to queue
[2026-09-17T20:32:39.627+0200] {logging_mixin.py:190} INFO - [2026-09-17T20:32:39.627+0200] {dagbag.py:588} INFO - Filling up the DagBag from /Users/swarnalidatta/Desktop/AutoQueryChatbot/.airflow-venv/lib/python3.12/site-packages/airflow/example_dags/example_subdag_operator.py
[2026-09-17T20:32:39.655+0200] {processor.py:925} INFO - DAG(s) 'example_subdag_operator.section-1', 'example_subdag_operator.section-2', 'example_subdag_operator' retrieved from /Users/swarnalidatta/Desktop/AutoQueryChatbot/.airflow-venv/lib/python3.12/site-packages/airflow/example_dags/example_subdag_operator.py
[2026-09-17T20:32:39.837+0200] {logging_mixin.py:190} INFO - [2026-09-17T20:32:39.837+0200] {dag.py:3239} INFO - Sync 3 DAGs
[2026-09-17T20:32:39.842+0200] {logging_mixin.py:190} INFO - [2026-09-17T20:32:39.842+0200] {dag.py:4180} INFO - Setting next_dagrun for example_subdag_operator to 2022-01-01 00:00:00+00:00, run_after=2022-01-01 00:00:00+00:00
[2026-09-17T20:32:39.843+0200] {logging_mixin.py:190} INFO - [2026-09-17T20:32:39.843+0200] {dag.py:4180} INFO - Setting next_dagrun for example_subdag_operator.section-1 to None, run_after=None
[2026-09-17T20:32:39.844+0200] {logging_mixin.py:190} INFO - [2026-09-17T20:32:39.844+0200] {dag.py:4180} INFO - Setting next_dagrun for example_subdag_operator.section-2 to None, run_after=None
[2026-09-17T20:32:39.845+0200] {logging_mixin.py:190} INFO - [2026-09-17T20:32:39.845+0200] {dag.py:3239} INFO - Sync 2 DAGs
[2026-09-17T20:32:39.846+0200] {logging_mixin.py:190} INFO - [2026-09-17T20:32:39.846+0200] {dag.py:4180} INFO - Setting next_dagrun for example_subdag_operator.section-1 to None, run_after=None
[2026-09-17T20:32:39.846+0200] {logging_mixin.py:190} INFO - [2026-09-17T20:32:39.846+0200] {dag.py:4180} INFO - Setting next_dagrun for example_subdag_operator.section-2 to None, run_after=None
[2026-09-17T20:32:39.849+0200] {processor.py:208} INFO - Processing /Users/swarnalidatta/Desktop/AutoQueryChatbot/.airflow-venv/lib/python3.12/site-packages/airflow/example_dags/example_subdag_operator.py took 0.225 seconds
[2026-09-17T20:34:46.124+0200] {processor.py:186} INFO - Started process (PID=86493) to work on /Users/swarnalidatta/Desktop/AutoQueryChatbot/.airflow-venv/lib/python3.12/site-packages/airflow/example_dags/example_subdag_operator.py
[2026-09-17T20:34:46.125+0200] {processor.py:914} INFO - Processing file /Users/swarnalidatta/Desktop/AutoQueryChatbot/.airflow-venv/lib/python3.12/site-packages/airflow/example_dags/example_subdag_operator.py for tasks to queue
[2026-09-17T20:34:46.125+0200] {logging_mixin.py:190} INFO - [2026-09-17T20:34:46.125+0200] {dagbag.py:588} INFO - Filling up the DagBag from /Users/swarnalidatta/Desktop/AutoQueryChatbot/.airflow-venv/lib/python3.12/site-packages/airflow/example_dags/example_subdag_operator.py
[2026-09-17T20:34:46.153+0200] {processor.py:925} INFO - DAG(s) 'example_subdag_operator.section-1', 'example_subdag_operator.section-2', 'example_subdag_operator' retrieved from /Users/swarnalidatta/Desktop/AutoQueryChatbot/.airflow-venv/lib/python3.12/site-packages/airflow/example_dags/example_subdag_operator.py
[2026-09-17T20:34:46.330+0200] {logging_mixin.py:190} INFO - [2026-09-17T20:34:46.330+0200] {dag.py:3239} INFO - Sync 3 DAGs
[2026-09-17T20:34:46.336+0200] {logging_mixin.py:190} INFO - [2026-09-17T20:34:46.336+0200] {dag.py:4180} INFO - Setting next_dagrun for example_subdag_operator to 2022-01-01 00:00:00+00:00, run_after=2022-01-01 00:00:00+00:00
[2026-09-17T20:34:46.337+0200] {logging_mixin.py:190} INFO - [2026-09-17T20:34:46.337+0200] {dag.py:4180} INFO - Setting next_dagrun for example_subdag_operator.section-1 to None, run_after=None
[2026-09-17T20:34:46.337+0200] {logging_mixin.py:190} INFO - [2026-09-17T20:34:46.337+0200] {dag.py:4180} INFO - Setting next_dagrun for example_subdag_operator.section-2 to None, run_after=None
[2026-09-17T20:34:46.338+0200] {logging_mixin.py:190} INFO - [2026-09-17T20:34:46.338+0200] {dag.py:3239} INFO - Sync 2 DAGs
[2026-09-17T20:34:46.339+0200] {logging_mixin.py:190} INFO - [2026-09-17T20:34:46.339+0200] {dag.py:4180} INFO - Setting next_dagrun for example_subdag_operator.section-1 to None, run_after=None
[2026-09-17T20:34:46.340+0200] {logging_mixin.py:190} INFO - [2026-09-17T20:34:46.339+0200] {dag.py:4180} INFO - Setting next_dagrun for example_subdag_operator.section-2 to None, run_after=None
[2026-09-17T20:34:46.343+0200] {processor.py:208} INFO - Processing /Users/swarnalidatta/Desktop/AutoQueryChatbot/.airflow-venv/lib/python3.12/site-packages/airflow/example_dags/example_subdag_operator.py took 0.220 seconds
[2026-09-17T20:35:50.009+0200] {processor.py:186} INFO - Started process (PID=86635) to work on /Users/swarnalidatta/Desktop/AutoQueryChatbot/.airflow-venv/lib/python3.12/site-packages/airflow/example_dags/example_subdag_operator.py
[2026-09-17T20:35:50.009+0200] {processor.py:914} INFO - Processing file /Users/swarnalidatta/Desktop/AutoQueryChatbot/.airflow-venv/lib/python3.12/site-packages/airflow/example_dags/example_subdag_operator.py for tasks to queue
[2026-09-17T20:35:50.009+0200] {logging_mixin.py:190} INFO - [2026-09-17T20:35:50.009+0200] {dagbag.py:588} INFO - Filling up the DagBag from /Users/swarnalidatta/Desktop/AutoQueryChatbot/.airflow-venv/lib/python3.12/site-packages/airflow/example_dags/example_subdag_operator.py
[2026-09-17T20:35:50.037+0200] {processor.py:925} INFO - DAG(s) 'example_subdag_operator.section-1', 'example_subdag_operator.section-2', 'example_subdag_operator' retrieved from /Users/swarnalidatta/Desktop/AutoQueryChatbot/.airflow-venv/lib/python3.12/site-packages/airflow/example_dags/example_subdag_operator.py
[2026-09-17T20:35:50.214+0200] {logging_mixin.py:190} INFO - [2026-09-17T20:35:50.214+0200] {dag.py:3239} INFO - Sync 3 DAGs
[2026-09-17T20:35:50.219+0200] {logging_mixin.py:190} INFO - [2026-09-17T20:35:50.219+0200] {dag.py:4180} INFO - Setting next_dagrun for example_subdag_operator to 2022-01-01 00:00:00+00:00, run_after=2022-01-01 00:00:00+00:00
[2026-09-17T20:35:50.220+0200] {logging_mixin.py:190} INFO - [2026-09-17T20:35:50.220+0200] {dag.py:4180} INFO - Setting next_dagrun for example_subdag_operator.section-1 to None, run_after=None
[2026-09-17T20:35:50.220+0200] {logging_mixin.py:190} INFO - [2026-09-17T20:35:50.220+0200] {dag.py:4180} INFO - Setting next_dagrun for example_subdag_operator.section-2 to None, run_after=None
[2026-09-17T20:35:50.222+0200] {logging_mixin.py:190} INFO - [2026-09-17T20:35:50.222+0200] {dag.py:3239} INFO - Sync 2 DAGs
[2026-09-17T20:35:50.223+0200] {logging_mixin.py:190} INFO - [2026-09-17T20:35:50.223+0200] {dag.py:4180} INFO - Setting next_dagrun for example_subdag_operator.section-1 to None, run_after=None
[2026-09-17T20:35:50.223+0200] {logging_mixin.py:190} INFO - [2026-09-17T20:35:50.223+0200] {dag.py:4180} INFO - Setting next_dagrun for example_subdag_operator.section-2 to None, run_after=None
[2026-09-17T20:35:50.226+0200] {processor.py:208} INFO - Processing /Users/swarnalidatta/Desktop/AutoQueryChatbot/.airflow-venv/lib/python3.12/site-packages/airflow/example_dags/example_subdag_operator.py took 0.218 seconds
[2026-09-17T20:48:13.607+0200] {processor.py:186} INFO - Started process (PID=86935) to work on /Users/swarnalidatta/Desktop/AutoQueryChatbot/.airflow-venv/lib/python3.12/site-packages/airflow/example_dags/example_subdag_operator.py
[2026-09-17T20:48:13.607+0200] {processor.py:914} INFO - Processing file /Users/swarnalidatta/Desktop/AutoQueryChatbot/.airflow-venv/lib/python3.12/site-packages/airflow/example_dags/example_subdag_operator.py for tasks to queue
[2026-09-17T20:48:13.608+0200] {logging_mixin.py:190} INFO - [2026-09-17T20:48:13.608+0200] {dagbag.py:588} INFO - Filling up the DagBag from /Users/swarnalidatta/Desktop/AutoQueryChatbot/.airflow-venv/lib/python3.12/site-packages/airflow/example_dags/example_subdag_operator.py
[2026-09-17T20:48:13.634+0200] {processor.py:925} INFO - DAG(s) 'example_subdag_operator.section-1', 'example_subdag_operator.section-2', 'example_subdag_operator' retrieved from /Users/swarnalidatta/Desktop/AutoQueryChatbot/.airflow-venv/lib/python3.12/site-packages/airflow/example_dags/example_subdag_operator.py
[2026-09-17T20:48:13.803+0200] {logging_mixin.py:190} INFO - [2026-09-17T20:48:13.802+0200] {dag.py:3239} INFO - Sync 3 DAGs
[2026-09-17T20:48:13.808+0200] {logging_mixin.py:190} INFO - [2026-09-17T20:48:13.808+0200] {dag.py:4180} INFO - Setting next_dagrun for example_subdag_operator to 2022-01-01 00:00:00+00:00, run_after=2022-01-01 00:00:00+00:00
[2026-09-17T20:48:13.809+0200] {logging_mixin.py:190} INFO - [2026-09-17T20:48:13.809+0200] {dag.py:4180} INFO - Setting next_dagrun for example_subdag_operator.section-1 to None, run_after=None
[2026-09-17T20:48:13.809+0200] {logging_mixin.py:190} INFO - [2026-09-17T20:48:13.809+0200] {dag.py:4180} INFO - Setting next_dagrun for example_subdag_operator.section-2 to None, run_after=None
[2026-09-17T20:48:13.810+0200] {logging_mixin.py:190} INFO - [2026-09-17T20:48:13.810+0200] {dag.py:3239} INFO - Sync 2 DAGs
[2026-09-17T20:48:13.811+0200] {logging_mixin.py:190} INFO - [2026-09-17T20:48:13.811+0200] {dag.py:4180} INFO - Setting next_dagrun for example_subdag_operator.section-1 to None, run_after=None
[2026-09-17T20:48:13.811+0200] {logging_mixin.py:190} INFO - [2026-09-17T20:48:13.811+0200] {dag.py:4180} INFO - Setting next_dagrun for example_subdag_operator.section-2 to None, run_after=None
[2026-09-17T20:48:13.814+0200] {processor.py:208} INFO - Processing /Users/swarnalidatta/Desktop/AutoQueryChatbot/.airflow-venv/lib/python3.12/site-packages/airflow/example_dags/example_subdag_operator.py took 0.209 seconds
[2026-09-17T20:49:44.251+0200] {processor.py:186} INFO - Started process (PID=87139) to work on /Users/swarnalidatta/Desktop/AutoQueryChatbot/.airflow-venv/lib/python3.12/site-packages/airflow/example_dags/example_subdag_operator.py
[2026-09-17T20:49:44.252+0200] {processor.py:914} INFO - Processing file /Users/swarnalidatta/Desktop/AutoQueryChatbot/.airflow-venv/lib/python3.12/site-packages/airflow/example_dags/example_subdag_operator.py for tasks to queue
[2026-09-17T20:49:44.252+0200] {logging_mixin.py:190} INFO - [2026-09-17T20:49:44.252+0200] {dagbag.py:588} INFO - Filling up the DagBag from /Users/swarnalidatta/Desktop/AutoQueryChatbot/.airflow-venv/lib/python3.12/site-packages/airflow/example_dags/example_subdag_operator.py
[2026-09-17T20:49:44.279+0200] {processor.py:925} INFO - DAG(s) 'example_subdag_operator.section-1', 'example_subdag_operator.section-2', 'example_subdag_operator' retrieved from /Users/swarnalidatta/Desktop/AutoQueryChatbot/.airflow-venv/lib/python3.12/site-packages/airflow/example_dags/example_subdag_operator.py
[2026-09-17T20:49:44.448+0200] {logging_mixin.py:190} INFO - [2026-09-17T20:49:44.448+0200] {dag.py:3239} INFO - Sync 3 DAGs
[2026-09-17T20:49:44.453+0200] {logging_mixin.py:190} INFO - [2026-09-17T20:49:44.453+0200] {dag.py:4180} INFO - Setting next_dagrun for example_subdag_operator to 2022-01-01 00:00:00+00:00, run_after=2022-01-01 00:00:00+00:00
[2026-09-17T20:49:44.454+0200] {logging_mixin.py:190} INFO - [2026-09-17T20:49:44.454+0200] {dag.py:4180} INFO - Setting next_dagrun for example_subdag_operator.section-1 to None, run_after=None
[2026-09-17T20:49:44.454+0200] {logging_mixin.py:190} INFO - [2026-09-17T20:49:44.454+0200] {dag.py:4180} INFO - Setting next_dagrun for example_subdag_operator.section-2 to None, run_after=None
[2026-09-17T20:49:44.456+0200] {logging_mixin.py:190} INFO - [2026-09-17T20:49:44.456+0200] {dag.py:3239} INFO - Sync 2 DAGs
[2026-09-17T20:49:44.457+0200] {logging_mixin.py:190} INFO - [2026-09-17T20:49:44.457+0200] {dag.py:4180} INFO - Setting next_dagrun for example_subdag_operator.section-1 to None, run_after=None
[2026-09-17T20:49:44.457+0200] {logging_mixin.py:190} INFO - [2026-09-17T20:49:44.457+0200] {dag.py:4180} INFO - Setting next_dagrun for example_subdag_operator.section-2 to None, run_after=None
[2026-09-17T20:49:44.460+0200] {processor.py:208} INFO - Processing /Users/swarnalidatta/Desktop/AutoQueryChatbot/.airflow-venv/lib/python3.12/site-packages/airflow/example_dags/example_subdag_operator.py took 0.209 seconds
[2026-09-17T20:50:49.754+0200] {processor.py:186} INFO - Started process (PID=87293) to work on /Users/swarnalidatta/Desktop/AutoQueryChatbot/.airflow-venv/lib/python3.12/site-packages/airflow/example_dags/example_subdag_operator.py
[2026-09-17T20:50:49.754+0200] {processor.py:914} INFO - Processing file /Users/swarnalidatta/Desktop/AutoQueryChatbot/.airflow-venv/lib/python3.12/site-packages/airflow/example_dags/example_subdag_operator.py for tasks to queue
[2026-09-17T20:50:49.755+0200] {logging_mixin.py:190} INFO - [2026-09-17T20:50:49.755+0200] {dagbag.py:588} INFO - Filling up the DagBag from /Users/swarnalidatta/Desktop/AutoQueryChatbot/.airflow-venv/lib/python3.12/site-packages/airflow/example_dags/example_subdag_operator.py
[2026-09-17T20:50:49.781+0200] {processor.py:925} INFO - DAG(s) 'example_subdag_operator.section-1', 'example_subdag_operator.section-2', 'example_subdag_operator' retrieved from /Users/swarnalidatta/Desktop/AutoQueryChatbot/.airflow-venv/lib/python3.12/site-packages/airflow/example_dags/example_subdag_operator.py
[2026-09-17T20:50:49.952+0200] {logging_mixin.py:190} INFO - [2026-09-17T20:50:49.952+0200] {dag.py:3239} INFO - Sync 3 DAGs
[2026-09-17T20:50:49.958+0200] {logging_mixin.py:190} INFO - [2026-09-17T20:50:49.958+0200] {dag.py:4180} INFO - Setting next_dagrun for example_subdag_operator to 2022-01-01 00:00:00+00:00, run_after=2022-01-01 00:00:00+00:00
[2026-09-17T20:50:49.958+0200] {logging_mixin.py:190} INFO - [2026-09-17T20:50:49.958+0200] {dag.py:4180} INFO - Setting next_dagrun for example_subdag_operator.section-1 to None, run_after=None
[2026-09-17T20:50:49.959+0200] {logging_mixin.py:190} INFO - [2026-09-17T20:50:49.959+0200] {dag.py:4180} INFO - Setting next_dagrun for example_subdag_operator.section-2 to None, run_after=None
[2026-09-17T20:50:49.960+0200] {logging_mixin.py:190} INFO - [2026-09-17T20:50:49.960+0200] {dag.py:3239} INFO - Sync 2 DAGs
[2026-09-17T20:50:49.961+0200] {logging_mixin.py:190} INFO - [2026-09-17T20:50:49.961+0200] {dag.py:4180} INFO - Setting next_dagrun for example_subdag_operator.section-1 to None, run_after=None
[2026-09-17T20:50:49.961+0200] {logging_mixin.py:190} INFO - [2026-09-17T20:50:49.961+0200] {dag.py:4180} INFO - Setting next_dagrun for example_subdag_operator.section-2 to None, run_after=None
[2026-09-17T20:50:49.964+0200] {processor.py:208} INFO - Processing /Users/swarnalidatta/Desktop/AutoQueryChatbot/.airflow-venv/lib/python3.12/site-packages/airflow/example_dags/example_subdag_operator.py took 0.211 seconds
[2026-09-17T20:51:55.588+0200] {processor.py:186} INFO - Started process (PID=87438) to work on /Users/swarnalidatta/Desktop/AutoQueryChatbot/.airflow-venv/lib/python3.12/site-packages/airflow/example_dags/example_subdag_operator.py
[2026-09-17T20:51:55.588+0200] {processor.py:914} INFO - Processing file /Users/swarnalidatta/Desktop/AutoQueryChatbot/.airflow-venv/lib/python3.12/site-packages/airflow/example_dags/example_subdag_operator.py for tasks to queue
[2026-09-17T20:51:55.589+0200] {logging_mixin.py:190} INFO - [2026-09-17T20:51:55.588+0200] {dagbag.py:588} INFO - Filling up the DagBag from /Users/swarnalidatta/Desktop/AutoQueryChatbot/.airflow-venv/lib/python3.12/site-packages/airflow/example_dags/example_subdag_operator.py
[2026-09-17T20:51:55.616+0200] {processor.py:925} INFO - DAG(s) 'example_subdag_operator.section-1', 'example_subdag_operator.section-2', 'example_subdag_operator' retrieved from /Users/swarnalidatta/Desktop/AutoQueryChatbot/.airflow-venv/lib/python3.12/site-packages/airflow/example_dags/example_subdag_operator.py
[2026-09-17T20:51:55.790+0200] {logging_mixin.py:190} INFO - [2026-09-17T20:51:55.790+0200] {dag.py:3239} INFO - Sync 3 DAGs
[2026-09-17T20:51:55.796+0200] {logging_mixin.py:190} INFO - [2026-09-17T20:51:55.796+0200] {dag.py:4180} INFO - Setting next_dagrun for example_subdag_operator to 2022-01-01 00:00:00+00:00, run_after=2022-01-01 00:00:00+00:00
[2026-09-17T20:51:55.797+0200] {logging_mixin.py:190} INFO - [2026-09-17T20:51:55.797+0200] {dag.py:4180} INFO - Setting next_dagrun for example_subdag_operator.section-1 to None, run_after=None
[2026-09-17T20:51:55.797+0200] {logging_mixin.py:190} INFO - [2026-09-17T20:51:55.797+0200] {dag.py:4180} INFO - Setting next_dagrun for example_subdag_operator.section-2 to None, run_after=None
[2026-09-17T20:51:55.798+0200] {logging_mixin.py:190} INFO - [2026-09-17T20:51:55.798+0200] {dag.py:3239} INFO - Sync 2 DAGs
[2026-09-17T20:51:55.799+0200] {logging_mixin.py:190} INFO - [2026-09-17T20:51:55.799+0200] {dag.py:4180} INFO - Setting next_dagrun for example_subdag_operator.section-1 to None, run_after=None
[2026-09-17T20:51:55.799+0200] {logging_mixin.py:190} INFO - [2026-09-17T20:51:55.799+0200] {dag.py:4180} INFO - Setting next_dagrun for example_subdag_operator.section-2 to None, run_after=None
[2026-09-17T20:51:55.802+0200] {processor.py:208} INFO - Processing /Users/swarnalidatta/Desktop/AutoQueryChatbot/.airflow-venv/lib/python3.12/site-packages/airflow/example_dags/example_subdag_operator.py took 0.216 seconds
[2026-09-17T20:54:03.515+0200] {processor.py:186} INFO - Started process (PID=87735) to work on /Users/swarnalidatta/Desktop/AutoQueryChatbot/.airflow-venv/lib/python3.12/site-packages/airflow/example_dags/example_subdag_operator.py
[2026-09-17T20:54:03.515+0200] {processor.py:914} INFO - Processing file /Users/swarnalidatta/Desktop/AutoQueryChatbot/.airflow-venv/lib/python3.12/site-packages/airflow/example_dags/example_subdag_operator.py for tasks to queue
[2026-09-17T20:54:03.515+0200] {logging_mixin.py:190} INFO - [2026-09-17T20:54:03.515+0200] {dagbag.py:588} INFO - Filling up the DagBag from /Users/swarnalidatta/Desktop/AutoQueryChatbot/.airflow-venv/lib/python3.12/site-packages/airflow/example_dags/example_subdag_operator.py
[2026-09-17T20:54:03.543+0200] {processor.py:925} INFO - DAG(s) 'example_subdag_operator.section-1', 'example_subdag_operator.section-2', 'example_subdag_operator' retrieved from /Users/swarnalidatta/Desktop/AutoQueryChatbot/.airflow-venv/lib/python3.12/site-packages/airflow/example_dags/example_subdag_operator.py
[2026-09-17T20:54:03.719+0200] {logging_mixin.py:190} INFO - [2026-09-17T20:54:03.719+0200] {dag.py:3239} INFO - Sync 3 DAGs
[2026-09-17T20:54:03.725+0200] {logging_mixin.py:190} INFO - [2026-09-17T20:54:03.725+0200] {dag.py:4180} INFO - Setting next_dagrun for example_subdag_operator to 2022-01-01 00:00:00+00:00, run_after=2022-01-01 00:00:00+00:00
[2026-09-17T20:54:03.726+0200] {logging_mixin.py:190} INFO - [2026-09-17T20:54:03.726+0200] {dag.py:4180} INFO - Setting next_dagrun for example_subdag_operator.section-1 to None, run_after=None
[2026-09-17T20:54:03.726+0200] {logging_mixin.py:190} INFO - [2026-09-17T20:54:03.726+0200] {dag.py:4180} INFO - Setting next_dagrun for example_subdag_operator.section-2 to None, run_after=None
[2026-09-17T20:54:03.728+0200] {logging_mixin.py:190} INFO - [2026-09-17T20:54:03.727+0200] {dag.py:3239} INFO - Sync 2 DAGs
[2026-09-17T20:54:03.728+0200] {logging_mixin.py:190} INFO - [2026-09-17T20:54:03.728+0200] {dag.py:4180} INFO - Setting next_dagrun for example_subdag_operator.section-1 to None, run_after=None
[2026-09-17T20:54:03.729+0200] {logging_mixin.py:190} INFO - [2026-09-17T20:54:03.729+0200] {dag.py:4180} INFO - Setting next_dagrun for example_subdag_operator.section-2 to None, run_after=None
[2026-09-17T20:54:03.732+0200] {processor.py:208} INFO - Processing /Users/swarnalidatta/Desktop/AutoQueryChatbot/.airflow-venv/lib/python3.12/site-packages/airflow/example_dags/example_subdag_operator.py took 0.218 seconds
[2026-09-17T20:55:12.677+0200] {processor.py:186} INFO - Started process (PID=87888) to work on /Users/swarnalidatta/Desktop/AutoQueryChatbot/.airflow-venv/lib/python3.12/site-packages/airflow/example_dags/example_subdag_operator.py
[2026-09-17T20:55:12.678+0200] {processor.py:914} INFO - Processing file /Users/swarnalidatta/Desktop/AutoQueryChatbot/.airflow-venv/lib/python3.12/site-packages/airflow/example_dags/example_subdag_operator.py for tasks to queue
[2026-09-17T20:55:12.678+0200] {logging_mixin.py:190} INFO - [2026-09-17T20:55:12.678+0200] {dagbag.py:588} INFO - Filling up the DagBag from /Users/swarnalidatta/Desktop/AutoQueryChatbot/.airflow-venv/lib/python3.12/site-packages/airflow/example_dags/example_subdag_operator.py
[2026-09-17T20:55:12.705+0200] {processor.py:925} INFO - DAG(s) 'example_subdag_operator.section-1', 'example_subdag_operator.section-2', 'example_subdag_operator' retrieved from /Users/swarnalidatta/Desktop/AutoQueryChatbot/.airflow-venv/lib/python3.12/site-packages/airflow/example_dags/example_subdag_operator.py
[2026-09-17T20:55:12.886+0200] {logging_mixin.py:190} INFO - [2026-09-17T20:55:12.886+0200] {dag.py:3239} INFO - Sync 3 DAGs
[2026-09-17T20:55:12.892+0200] {logging_mixin.py:190} INFO - [2026-09-17T20:55:12.892+0200] {dag.py:4180} INFO - Setting next_dagrun for example_subdag_operator to 2022-01-01 00:00:00+00:00, run_after=2022-01-01 00:00:00+00:00
[2026-09-17T20:55:12.893+0200] {logging_mixin.py:190} INFO - [2026-09-17T20:55:12.893+0200] {dag.py:4180} INFO - Setting next_dagrun for example_subdag_operator.section-1 to None, run_after=None
[2026-09-17T20:55:12.893+0200] {logging_mixin.py:190} INFO - [2026-09-17T20:55:12.893+0200] {dag.py:4180} INFO - Setting next_dagrun for example_subdag_operator.section-2 to None, run_after=None
[2026-09-17T20:55:12.895+0200] {logging_mixin.py:190} INFO - [2026-09-17T20:55:12.895+0200] {dag.py:3239} INFO - Sync 2 DAGs
[2026-09-17T20:55:12.896+0200] {logging_mixin.py:190} INFO - [2026-09-17T20:55:12.896+0200] {dag.py:4180} INFO - Setting next_dagrun for example_subdag_operator.section-1 to None, run_after=None
[2026-09-17T20:55:12.896+0200] {logging_mixin.py:190} INFO - [2026-09-17T20:55:12.896+0200] {dag.py:4180} INFO - Setting next_dagrun for example_subdag_operator.section-2 to None, run_after=None
[2026-09-17T20:55:12.899+0200] {processor.py:208} INFO - Processing /Users/swarnalidatta/Desktop/AutoQueryChatbot/.airflow-venv/lib/python3.12/site-packages/airflow/example_dags/example_subdag_operator.py took 0.223 seconds
[2026-09-17T20:56:21.359+0200] {processor.py:186} INFO - Started process (PID=88047) to work on /Users/swarnalidatta/Desktop/AutoQueryChatbot/.airflow-venv/lib/python3.12/site-packages/airflow/example_dags/example_subdag_operator.py
[2026-09-17T20:56:21.360+0200] {processor.py:914} INFO - Processing file /Users/swarnalidatta/Desktop/AutoQueryChatbot/.airflow-venv/lib/python3.12/site-packages/airflow/example_dags/example_subdag_operator.py for tasks to queue
[2026-09-17T20:56:21.360+0200] {logging_mixin.py:190} INFO - [2026-09-17T20:56:21.360+0200] {dagbag.py:588} INFO - Filling up the DagBag from /Users/swarnalidatta/Desktop/AutoQueryChatbot/.airflow-venv/lib/python3.12/site-packages/airflow/example_dags/example_subdag_operator.py
[2026-09-17T20:56:21.387+0200] {processor.py:925} INFO - DAG(s) 'example_subdag_operator.section-1', 'example_subdag_operator.section-2', 'example_subdag_operator' retrieved from /Users/swarnalidatta/Desktop/AutoQueryChatbot/.airflow-venv/lib/python3.12/site-packages/airflow/example_dags/example_subdag_operator.py
[2026-09-17T20:56:21.563+0200] {logging_mixin.py:190} INFO - [2026-09-17T20:56:21.563+0200] {dag.py:3239} INFO - Sync 3 DAGs
[2026-09-17T20:56:21.568+0200] {logging_mixin.py:190} INFO - [2026-09-17T20:56:21.568+0200] {dag.py:4180} INFO - Setting next_dagrun for example_subdag_operator to 2022-01-01 00:00:00+00:00, run_after=2022-01-01 00:00:00+00:00
[2026-09-17T20:56:21.569+0200] {logging_mixin.py:190} INFO - [2026-09-17T20:56:21.569+0200] {dag.py:4180} INFO - Setting next_dagrun for example_subdag_operator.section-1 to None, run_after=None
[2026-09-17T20:56:21.570+0200] {logging_mixin.py:190} INFO - [2026-09-17T20:56:21.569+0200] {dag.py:4180} INFO - Setting next_dagrun for example_subdag_operator.section-2 to None, run_after=None
[2026-09-17T20:56:21.571+0200] {logging_mixin.py:190} INFO - [2026-09-17T20:56:21.571+0200] {dag.py:3239} INFO - Sync 2 DAGs
[2026-09-17T20:56:21.572+0200] {logging_mixin.py:190} INFO - [2026-09-17T20:56:21.572+0200] {dag.py:4180} INFO - Setting next_dagrun for example_subdag_operator.section-1 to None, run_after=None
[2026-09-17T20:56:21.572+0200] {logging_mixin.py:190} INFO - [2026-09-17T20:56:21.572+0200] {dag.py:4180} INFO - Setting next_dagrun for example_subdag_operator.section-2 to None, run_after=None
[2026-09-17T20:56:21.575+0200] {processor.py:208} INFO - Processing /Users/swarnalidatta/Desktop/AutoQueryChatbot/.airflow-venv/lib/python3.12/site-packages/airflow/example_dags/example_subdag_operator.py took 0.217 seconds
[2026-09-17T20:57:28.999+0200] {processor.py:186} INFO - Started process (PID=88210) to work on /Users/swarnalidatta/Desktop/AutoQueryChatbot/.airflow-venv/lib/python3.12/site-packages/airflow/example_dags/example_subdag_operator.py
[2026-09-17T20:57:29.000+0200] {processor.py:914} INFO - Processing file /Users/swarnalidatta/Desktop/AutoQueryChatbot/.airflow-venv/lib/python3.12/site-packages/airflow/example_dags/example_subdag_operator.py for tasks to queue
[2026-09-17T20:57:29.000+0200] {logging_mixin.py:190} INFO - [2026-09-17T20:57:29.000+0200] {dagbag.py:588} INFO - Filling up the DagBag from /Users/swarnalidatta/Desktop/AutoQueryChatbot/.airflow-venv/lib/python3.12/site-packages/airflow/example_dags/example_subdag_operator.py
[2026-09-17T20:57:29.027+0200] {processor.py:925} INFO - DAG(s) 'example_subdag_operator.section-1', 'example_subdag_operator.section-2', 'example_subdag_operator' retrieved from /Users/swarnalidatta/Desktop/AutoQueryChatbot/.airflow-venv/lib/python3.12/site-packages/airflow/example_dags/example_subdag_operator.py
[2026-09-17T20:57:29.205+0200] {logging_mixin.py:190} INFO - [2026-09-17T20:57:29.205+0200] {dag.py:3239} INFO - Sync 3 DAGs
[2026-09-17T20:57:29.210+0200] {logging_mixin.py:190} INFO - [2026-09-17T20:57:29.210+0200] {dag.py:4180} INFO - Setting next_dagrun for example_subdag_operator to 2022-01-01 00:00:00+00:00, run_after=2022-01-01 00:00:00+00:00
[2026-09-17T20:57:29.211+0200] {logging_mixin.py:190} INFO - [2026-09-17T20:57:29.211+0200] {dag.py:4180} INFO - Setting next_dagrun for example_subdag_operator.section-1 to None, run_after=None
[2026-09-17T20:57:29.211+0200] {logging_mixin.py:190} INFO - [2026-09-17T20:57:29.211+0200] {dag.py:4180} INFO - Setting next_dagrun for example_subdag_operator.section-2 to None, run_after=None
[2026-09-17T20:57:29.213+0200] {logging_mixin.py:190} INFO - [2026-09-17T20:57:29.213+0200] {dag.py:3239} INFO - Sync 2 DAGs
[2026-09-17T20:57:29.214+0200] {logging_mixin.py:190} INFO - [2026-09-17T20:57:29.214+0200] {dag.py:4180} INFO - Setting next_dagrun for example_subdag_operator.section-1 to None, run_after=None
[2026-09-17T20:57:29.214+0200] {logging_mixin.py:190} INFO - [2026-09-17T20:57:29.214+0200] {dag.py:4180} INFO - Setting next_dagrun for example_subdag_operator.section-2 to None, run_after=None
[2026-09-17T20:57:29.217+0200] {processor.py:208} INFO - Processing /Users/swarnalidatta/Desktop/AutoQueryChatbot/.airflow-venv/lib/python3.12/site-packages/airflow/example_dags/example_subdag_operator.py took 0.219 seconds
[2026-09-17T20:59:37.371+0200] {processor.py:186} INFO - Started process (PID=88534) to work on /Users/swarnalidatta/Desktop/AutoQueryChatbot/.airflow-venv/lib/python3.12/site-packages/airflow/example_dags/example_subdag_operator.py
[2026-09-17T20:59:37.371+0200] {processor.py:914} INFO - Processing file /Users/swarnalidatta/Desktop/AutoQueryChatbot/.airflow-venv/lib/python3.12/site-packages/airflow/example_dags/example_subdag_operator.py for tasks to queue
[2026-09-17T20:59:37.371+0200] {logging_mixin.py:190} INFO - [2026-09-17T20:59:37.371+0200] {dagbag.py:588} INFO - Filling up the DagBag from /Users/swarnalidatta/Desktop/AutoQueryChatbot/.airflow-venv/lib/python3.12/site-packages/airflow/example_dags/example_subdag_operator.py
[2026-09-17T20:59:37.399+0200] {processor.py:925} INFO - DAG(s) 'example_subdag_operator.section-1', 'example_subdag_operator.section-2', 'example_subdag_operator' retrieved from /Users/swarnalidatta/Desktop/AutoQueryChatbot/.airflow-venv/lib/python3.12/site-packages/airflow/example_dags/example_subdag_operator.py
[2026-09-17T20:59:37.581+0200] {logging_mixin.py:190} INFO - [2026-09-17T20:59:37.581+0200] {dag.py:3239} INFO - Sync 3 DAGs
[2026-09-17T20:59:37.586+0200] {logging_mixin.py:190} INFO - [2026-09-17T20:59:37.586+0200] {dag.py:4180} INFO - Setting next_dagrun for example_subdag_operator to 2022-01-01 00:00:00+00:00, run_after=2022-01-01 00:00:00+00:00
[2026-09-17T20:59:37.587+0200] {logging_mixin.py:190} INFO - [2026-09-17T20:59:37.587+0200] {dag.py:4180} INFO - Setting next_dagrun for example_subdag_operator.section-1 to None, run_after=None
[2026-09-17T20:59:37.587+0200] {logging_mixin.py:190} INFO - [2026-09-17T20:59:37.587+0200] {dag.py:4180} INFO - Setting next_dagrun for example_subdag_operator.section-2 to None, run_after=None
[2026-09-17T20:59:37.589+0200] {logging_mixin.py:190} INFO - [2026-09-17T20:59:37.589+0200] {dag.py:3239} INFO - Sync 2 DAGs
[2026-09-17T20:59:37.590+0200] {logging_mixin.py:190} INFO - [2026-09-17T20:59:37.590+0200] {dag.py:4180} INFO - Setting next_dagrun for example_subdag_operator.section-1 to None, run_after=None
[2026-09-17T20:59:37.590+0200] {logging_mixin.py:190} INFO - [2026-09-17T20:59:37.590+0200] {dag.py:4180} INFO - Setting next_dagrun for example_subdag_operator.section-2 to None, run_after=None
[2026-09-17T20:59:37.593+0200] {processor.py:208} INFO - Processing /Users/swarnalidatta/Desktop/AutoQueryChatbot/.airflow-venv/lib/python3.12/site-packages/airflow/example_dags/example_subdag_operator.py took 0.224 seconds
[2026-09-17T21:00:41.860+0200] {processor.py:186} INFO - Started process (PID=88694) to work on /Users/swarnalidatta/Desktop/AutoQueryChatbot/.airflow-venv/lib/python3.12/site-packages/airflow/example_dags/example_subdag_operator.py
[2026-09-17T21:00:41.860+0200] {processor.py:914} INFO - Processing file /Users/swarnalidatta/Desktop/AutoQueryChatbot/.airflow-venv/lib/python3.12/site-packages/airflow/example_dags/example_subdag_operator.py for tasks to queue
[2026-09-17T21:00:41.861+0200] {logging_mixin.py:190} INFO - [2026-09-17T21:00:41.861+0200] {dagbag.py:588} INFO - Filling up the DagBag from /Users/swarnalidatta/Desktop/AutoQueryChatbot/.airflow-venv/lib/python3.12/site-packages/airflow/example_dags/example_subdag_operator.py
[2026-09-17T21:00:41.888+0200] {processor.py:925} INFO - DAG(s) 'example_subdag_operator.section-1', 'example_subdag_operator.section-2', 'example_subdag_operator' retrieved from /Users/swarnalidatta/Desktop/AutoQueryChatbot/.airflow-venv/lib/python3.12/site-packages/airflow/example_dags/example_subdag_operator.py
[2026-09-17T21:00:42.068+0200] {logging_mixin.py:190} INFO - [2026-09-17T21:00:42.068+0200] {dag.py:3239} INFO - Sync 3 DAGs
[2026-09-17T21:00:42.074+0200] {logging_mixin.py:190} INFO - [2026-09-17T21:00:42.074+0200] {dag.py:4180} INFO - Setting next_dagrun for example_subdag_operator to 2022-01-01 00:00:00+00:00, run_after=2022-01-01 00:00:00+00:00
[2026-09-17T21:00:42.075+0200] {logging_mixin.py:190} INFO - [2026-09-17T21:00:42.075+0200] {dag.py:4180} INFO - Setting next_dagrun for example_subdag_operator.section-1 to None, run_after=None
[2026-09-17T21:00:42.075+0200] {logging_mixin.py:190} INFO - [2026-09-17T21:00:42.075+0200] {dag.py:4180} INFO - Setting next_dagrun for example_subdag_operator.section-2 to None, run_after=None
[2026-09-17T21:00:42.077+0200] {logging_mixin.py:190} INFO - [2026-09-17T21:00:42.077+0200] {dag.py:3239} INFO - Sync 2 DAGs
[2026-09-17T21:00:42.078+0200] {logging_mixin.py:190} INFO - [2026-09-17T21:00:42.077+0200] {dag.py:4180} INFO - Setting next_dagrun for example_subdag_operator.section-1 to None, run_after=None
[2026-09-17T21:00:42.078+0200] {logging_mixin.py:190} INFO - [2026-09-17T21:00:42.078+0200] {dag.py:4180} INFO - Setting next_dagrun for example_subdag_operator.section-2 to None, run_after=None
[2026-09-17T21:00:42.081+0200] {processor.py:208} INFO - Processing /Users/swarnalidatta/Desktop/AutoQueryChatbot/.airflow-venv/lib/python3.12/site-packages/airflow/example_dags/example_subdag_operator.py took 0.222 seconds
[2026-09-17T21:01:46.614+0200] {processor.py:186} INFO - Started process (PID=89010) to work on /Users/swarnalidatta/Desktop/AutoQueryChatbot/.airflow-venv/lib/python3.12/site-packages/airflow/example_dags/example_subdag_operator.py
[2026-09-17T21:01:46.615+0200] {processor.py:914} INFO - Processing file /Users/swarnalidatta/Desktop/AutoQueryChatbot/.airflow-venv/lib/python3.12/site-packages/airflow/example_dags/example_subdag_operator.py for tasks to queue
[2026-09-17T21:01:46.615+0200] {logging_mixin.py:190} INFO - [2026-09-17T21:01:46.615+0200] {dagbag.py:588} INFO - Filling up the DagBag from /Users/swarnalidatta/Desktop/AutoQueryChatbot/.airflow-venv/lib/python3.12/site-packages/airflow/example_dags/example_subdag_operator.py
[2026-09-17T21:01:46.645+0200] {processor.py:925} INFO - DAG(s) 'example_subdag_operator.section-1', 'example_subdag_operator.section-2', 'example_subdag_operator' retrieved from /Users/swarnalidatta/Desktop/AutoQueryChatbot/.airflow-venv/lib/python3.12/site-packages/airflow/example_dags/example_subdag_operator.py
[2026-09-17T21:01:46.832+0200] {logging_mixin.py:190} INFO - [2026-09-17T21:01:46.832+0200] {dag.py:3239} INFO - Sync 3 DAGs
[2026-09-17T21:01:46.837+0200] {logging_mixin.py:190} INFO - [2026-09-17T21:01:46.837+0200] {dag.py:4180} INFO - Setting next_dagrun for example_subdag_operator to 2022-01-01 00:00:00+00:00, run_after=2022-01-01 00:00:00+00:00
[2026-09-17T21:01:46.838+0200] {logging_mixin.py:190} INFO - [2026-09-17T21:01:46.838+0200] {dag.py:4180} INFO - Setting next_dagrun for example_subdag_operator.section-1 to None, run_after=None
[2026-09-17T21:01:46.838+0200] {logging_mixin.py:190} INFO - [2026-09-17T21:01:46.838+0200] {dag.py:4180} INFO - Setting next_dagrun for example_subdag_operator.section-2 to None, run_after=None
[2026-09-17T21:01:46.840+0200] {logging_mixin.py:190} INFO - [2026-09-17T21:01:46.840+0200] {dag.py:3239} INFO - Sync 2 DAGs
[2026-09-17T21:01:46.841+0200] {logging_mixin.py:190} INFO - [2026-09-17T21:01:46.841+0200] {dag.py:4180} INFO - Setting next_dagrun for example_subdag_operator.section-1 to None, run_after=None
[2026-09-17T21:01:46.841+0200] {logging_mixin.py:190} INFO - [2026-09-17T21:01:46.841+0200] {dag.py:4180} INFO - Setting next_dagrun for example_subdag_operator.section-2 to None, run_after=None
[2026-09-17T21:01:46.845+0200] {processor.py:208} INFO - Processing /Users/swarnalidatta/Desktop/AutoQueryChatbot/.airflow-venv/lib/python3.12/site-packages/airflow/example_dags/example_subdag_operator.py took 0.232 seconds
[2026-09-17T21:03:52.011+0200] {processor.py:186} INFO - Started process (PID=89311) to work on /Users/swarnalidatta/Desktop/AutoQueryChatbot/.airflow-venv/lib/python3.12/site-packages/airflow/example_dags/example_subdag_operator.py
[2026-09-17T21:03:52.011+0200] {processor.py:914} INFO - Processing file /Users/swarnalidatta/Desktop/AutoQueryChatbot/.airflow-venv/lib/python3.12/site-packages/airflow/example_dags/example_subdag_operator.py for tasks to queue
[2026-09-17T21:03:52.012+0200] {logging_mixin.py:190} INFO - [2026-09-17T21:03:52.012+0200] {dagbag.py:588} INFO - Filling up the DagBag from /Users/swarnalidatta/Desktop/AutoQueryChatbot/.airflow-venv/lib/python3.12/site-packages/airflow/example_dags/example_subdag_operator.py
[2026-09-17T21:03:52.041+0200] {processor.py:925} INFO - DAG(s) 'example_subdag_operator.section-1', 'example_subdag_operator.section-2', 'example_subdag_operator' retrieved from /Users/swarnalidatta/Desktop/AutoQueryChatbot/.airflow-venv/lib/python3.12/site-packages/airflow/example_dags/example_subdag_operator.py
[2026-09-17T21:03:52.224+0200] {logging_mixin.py:190} INFO - [2026-09-17T21:03:52.223+0200] {dag.py:3239} INFO - Sync 3 DAGs
[2026-09-17T21:03:52.229+0200] {logging_mixin.py:190} INFO - [2026-09-17T21:03:52.229+0200] {dag.py:4180} INFO - Setting next_dagrun for example_subdag_operator to 2022-01-01 00:00:00+00:00, run_after=2022-01-01 00:00:00+00:00
[2026-09-17T21:03:52.230+0200] {logging_mixin.py:190} INFO - [2026-09-17T21:03:52.230+0200] {dag.py:4180} INFO - Setting next_dagrun for example_subdag_operator.section-1 to None, run_after=None
[2026-09-17T21:03:52.230+0200] {logging_mixin.py:190} INFO - [2026-09-17T21:03:52.230+0200] {dag.py:4180} INFO - Setting next_dagrun for example_subdag_operator.section-2 to None, run_after=None
[2026-09-17T21:03:52.232+0200] {logging_mixin.py:190} INFO - [2026-09-17T21:03:52.232+0200] {dag.py:3239} INFO - Sync 2 DAGs
[2026-09-17T21:03:52.233+0200] {logging_mixin.py:190} INFO - [2026-09-17T21:03:52.233+0200] {dag.py:4180} INFO - Setting next_dagrun for example_subdag_operator.section-1 to None, run_after=None
[2026-09-17T21:03:52.233+0200] {logging_mixin.py:190} INFO - [2026-09-17T21:03:52.233+0200] {dag.py:4180} INFO - Setting next_dagrun for example_subdag_operator.section-2 to None, run_after=None
[2026-09-17T21:03:52.236+0200] {processor.py:208} INFO - Processing /Users/swarnalidatta/Desktop/AutoQueryChatbot/.airflow-venv/lib/python3.12/site-packages/airflow/example_dags/example_subdag_operator.py took 0.226 seconds
[2026-09-17T21:04:57.175+0200] {processor.py:186} INFO - Started process (PID=89473) to work on /Users/swarnalidatta/Desktop/AutoQueryChatbot/.airflow-venv/lib/python3.12/site-packages/airflow/example_dags/example_subdag_operator.py
[2026-09-17T21:04:57.176+0200] {processor.py:914} INFO - Processing file /Users/swarnalidatta/Desktop/AutoQueryChatbot/.airflow-venv/lib/python3.12/site-packages/airflow/example_dags/example_subdag_operator.py for tasks to queue
[2026-09-17T21:04:57.176+0200] {logging_mixin.py:190} INFO - [2026-09-17T21:04:57.176+0200] {dagbag.py:588} INFO - Filling up the DagBag from /Users/swarnalidatta/Desktop/AutoQueryChatbot/.airflow-venv/lib/python3.12/site-packages/airflow/example_dags/example_subdag_operator.py
[2026-09-17T21:04:57.203+0200] {processor.py:925} INFO - DAG(s) 'example_subdag_operator.section-1', 'example_subdag_operator.section-2', 'example_subdag_operator' retrieved from /Users/swarnalidatta/Desktop/AutoQueryChatbot/.airflow-venv/lib/python3.12/site-packages/airflow/example_dags/example_subdag_operator.py
[2026-09-17T21:04:57.381+0200] {logging_mixin.py:190} INFO - [2026-09-17T21:04:57.381+0200] {dag.py:3239} INFO - Sync 3 DAGs
[2026-09-17T21:04:57.386+0200] {logging_mixin.py:190} INFO - [2026-09-17T21:04:57.386+0200] {dag.py:4180} INFO - Setting next_dagrun for example_subdag_operator to 2022-01-01 00:00:00+00:00, run_after=2022-01-01 00:00:00+00:00
[2026-09-17T21:04:57.387+0200] {logging_mixin.py:190} INFO - [2026-09-17T21:04:57.387+0200] {dag.py:4180} INFO - Setting next_dagrun for example_subdag_operator.section-1 to None, run_after=None
[2026-09-17T21:04:57.387+0200] {logging_mixin.py:190} INFO - [2026-09-17T21:04:57.387+0200] {dag.py:4180} INFO - Setting next_dagrun for example_subdag_operator.section-2 to None, run_after=None
[2026-09-17T21:04:57.389+0200] {logging_mixin.py:190} INFO - [2026-09-17T21:04:57.389+0200] {dag.py:3239} INFO - Sync 2 DAGs
[2026-09-17T21:04:57.390+0200] {logging_mixin.py:190} INFO - [2026-09-17T21:04:57.390+0200] {dag.py:4180} INFO - Setting next_dagrun for example_subdag_operator.section-1 to None, run_after=None
[2026-09-17T21:04:57.390+0200] {logging_mixin.py:190} INFO - [2026-09-17T21:04:57.390+0200] {dag.py:4180} INFO - Setting next_dagrun for example_subdag_operator.section-2 to None, run_after=None
[2026-09-17T21:04:57.393+0200] {processor.py:208} INFO - Processing /Users/swarnalidatta/Desktop/AutoQueryChatbot/.airflow-venv/lib/python3.12/site-packages/airflow/example_dags/example_subdag_operator.py took 0.219 seconds
[2026-09-17T21:06:01.790+0200] {processor.py:186} INFO - Started process (PID=89630) to work on /Users/swarnalidatta/Desktop/AutoQueryChatbot/.airflow-venv/lib/python3.12/site-packages/airflow/example_dags/example_subdag_operator.py
[2026-09-17T21:06:01.791+0200] {processor.py:914} INFO - Processing file /Users/swarnalidatta/Desktop/AutoQueryChatbot/.airflow-venv/lib/python3.12/site-packages/airflow/example_dags/example_subdag_operator.py for tasks to queue
[2026-09-17T21:06:01.791+0200] {logging_mixin.py:190} INFO - [2026-09-17T21:06:01.791+0200] {dagbag.py:588} INFO - Filling up the DagBag from /Users/swarnalidatta/Desktop/AutoQueryChatbot/.airflow-venv/lib/python3.12/site-packages/airflow/example_dags/example_subdag_operator.py
[2026-09-17T21:06:01.819+0200] {processor.py:925} INFO - DAG(s) 'example_subdag_operator.section-1', 'example_subdag_operator.section-2', 'example_subdag_operator' retrieved from /Users/swarnalidatta/Desktop/AutoQueryChatbot/.airflow-venv/lib/python3.12/site-packages/airflow/example_dags/example_subdag_operator.py
[2026-09-17T21:06:02.000+0200] {logging_mixin.py:190} INFO - [2026-09-17T21:06:02.000+0200] {dag.py:3239} INFO - Sync 3 DAGs
[2026-09-17T21:06:02.005+0200] {logging_mixin.py:190} INFO - [2026-09-17T21:06:02.005+0200] {dag.py:4180} INFO - Setting next_dagrun for example_subdag_operator to 2022-01-01 00:00:00+00:00, run_after=2022-01-01 00:00:00+00:00
[2026-09-17T21:06:02.006+0200] {logging_mixin.py:190} INFO - [2026-09-17T21:06:02.006+0200] {dag.py:4180} INFO - Setting next_dagrun for example_subdag_operator.section-1 to None, run_after=None
[2026-09-17T21:06:02.006+0200] {logging_mixin.py:190} INFO - [2026-09-17T21:06:02.006+0200] {dag.py:4180} INFO - Setting next_dagrun for example_subdag_operator.section-2 to None, run_after=None
[2026-09-17T21:06:02.008+0200] {logging_mixin.py:190} INFO - [2026-09-17T21:06:02.008+0200] {dag.py:3239} INFO - Sync 2 DAGs
[2026-09-17T21:06:02.009+0200] {logging_mixin.py:190} INFO - [2026-09-17T21:06:02.009+0200] {dag.py:4180} INFO - Setting next_dagrun for example_subdag_operator.section-1 to None, run_after=None
[2026-09-17T21:06:02.009+0200] {logging_mixin.py:190} INFO - [2026-09-17T21:06:02.009+0200] {dag.py:4180} INFO - Setting next_dagrun for example_subdag_operator.section-2 to None, run_after=None
[2026-09-17T21:06:02.012+0200] {processor.py:208} INFO - Processing /Users/swarnalidatta/Desktop/AutoQueryChatbot/.airflow-venv/lib/python3.12/site-packages/airflow/example_dags/example_subdag_operator.py took 0.223 seconds
[2026-09-17T21:07:10.743+0200] {processor.py:186} INFO - Started process (PID=89790) to work on /Users/swarnalidatta/Desktop/AutoQueryChatbot/.airflow-venv/lib/python3.12/site-packages/airflow/example_dags/example_subdag_operator.py
[2026-09-17T21:07:10.743+0200] {processor.py:914} INFO - Processing file /Users/swarnalidatta/Desktop/AutoQueryChatbot/.airflow-venv/lib/python3.12/site-packages/airflow/example_dags/example_subdag_operator.py for tasks to queue
[2026-09-17T21:07:10.743+0200] {logging_mixin.py:190} INFO - [2026-09-17T21:07:10.743+0200] {dagbag.py:588} INFO - Filling up the DagBag from /Users/swarnalidatta/Desktop/AutoQueryChatbot/.airflow-venv/lib/python3.12/site-packages/airflow/example_dags/example_subdag_operator.py
[2026-09-17T21:07:10.771+0200] {processor.py:925} INFO - DAG(s) 'example_subdag_operator.section-1', 'example_subdag_operator.section-2', 'example_subdag_operator' retrieved from /Users/swarnalidatta/Desktop/AutoQueryChatbot/.airflow-venv/lib/python3.12/site-packages/airflow/example_dags/example_subdag_operator.py
[2026-09-17T21:07:10.952+0200] {logging_mixin.py:190} INFO - [2026-09-17T21:07:10.951+0200] {dag.py:3239} INFO - Sync 3 DAGs
[2026-09-17T21:07:10.957+0200] {logging_mixin.py:190} INFO - [2026-09-17T21:07:10.957+0200] {dag.py:4180} INFO - Setting next_dagrun for example_subdag_operator to 2022-01-01 00:00:00+00:00, run_after=2022-01-01 00:00:00+00:00
[2026-09-17T21:07:10.958+0200] {logging_mixin.py:190} INFO - [2026-09-17T21:07:10.958+0200] {dag.py:4180} INFO - Setting next_dagrun for example_subdag_operator.section-1 to None, run_after=None
[2026-09-17T21:07:10.958+0200] {logging_mixin.py:190} INFO - [2026-09-17T21:07:10.958+0200] {dag.py:4180} INFO - Setting next_dagrun for example_subdag_operator.section-2 to None, run_after=None
[2026-09-17T21:07:10.960+0200] {logging_mixin.py:190} INFO - [2026-09-17T21:07:10.960+0200] {dag.py:3239} INFO - Sync 2 DAGs
[2026-09-17T21:07:10.961+0200] {logging_mixin.py:190} INFO - [2026-09-17T21:07:10.961+0200] {dag.py:4180} INFO - Setting next_dagrun for example_subdag_operator.section-1 to None, run_after=None
[2026-09-17T21:07:10.961+0200] {logging_mixin.py:190} INFO - [2026-09-17T21:07:10.961+0200] {dag.py:4180} INFO - Setting next_dagrun for example_subdag_operator.section-2 to None, run_after=None
[2026-09-17T21:07:10.964+0200] {processor.py:208} INFO - Processing /Users/swarnalidatta/Desktop/AutoQueryChatbot/.airflow-venv/lib/python3.12/site-packages/airflow/example_dags/example_subdag_operator.py took 0.223 seconds
[2026-09-17T21:08:19.232+0200] {processor.py:186} INFO - Started process (PID=89944) to work on /Users/swarnalidatta/Desktop/AutoQueryChatbot/.airflow-venv/lib/python3.12/site-packages/airflow/example_dags/example_subdag_operator.py
[2026-09-17T21:08:19.232+0200] {processor.py:914} INFO - Processing file /Users/swarnalidatta/Desktop/AutoQueryChatbot/.airflow-venv/lib/python3.12/site-packages/airflow/example_dags/example_subdag_operator.py for tasks to queue
[2026-09-17T21:08:19.232+0200] {logging_mixin.py:190} INFO - [2026-09-17T21:08:19.232+0200] {dagbag.py:588} INFO - Filling up the DagBag from /Users/swarnalidatta/Desktop/AutoQueryChatbot/.airflow-venv/lib/python3.12/site-packages/airflow/example_dags/example_subdag_operator.py
[2026-09-17T21:08:19.260+0200] {processor.py:925} INFO - DAG(s) 'example_subdag_operator.section-1', 'example_subdag_operator.section-2', 'example_subdag_operator' retrieved from /Users/swarnalidatta/Desktop/AutoQueryChatbot/.airflow-venv/lib/python3.12/site-packages/airflow/example_dags/example_subdag_operator.py
[2026-09-17T21:08:19.439+0200] {logging_mixin.py:190} INFO - [2026-09-17T21:08:19.439+0200] {dag.py:3239} INFO - Sync 3 DAGs
[2026-09-17T21:08:19.445+0200] {logging_mixin.py:190} INFO - [2026-09-17T21:08:19.444+0200] {dag.py:4180} INFO - Setting next_dagrun for example_subdag_operator to 2022-01-01 00:00:00+00:00, run_after=2022-01-01 00:00:00+00:00
[2026-09-17T21:08:19.445+0200] {logging_mixin.py:190} INFO - [2026-09-17T21:08:19.445+0200] {dag.py:4180} INFO - Setting next_dagrun for example_subdag_operator.section-1 to None, run_after=None
[2026-09-17T21:08:19.446+0200] {logging_mixin.py:190} INFO - [2026-09-17T21:08:19.446+0200] {dag.py:4180} INFO - Setting next_dagrun for example_subdag_operator.section-2 to None, run_after=None
[2026-09-17T21:08:19.447+0200] {logging_mixin.py:190} INFO - [2026-09-17T21:08:19.447+0200] {dag.py:3239} INFO - Sync 2 DAGs
[2026-09-17T21:08:19.448+0200] {logging_mixin.py:190} INFO - [2026-09-17T21:08:19.448+0200] {dag.py:4180} INFO - Setting next_dagrun for example_subdag_operator.section-1 to None, run_after=None
[2026-09-17T21:08:19.448+0200] {logging_mixin.py:190} INFO - [2026-09-17T21:08:19.448+0200] {dag.py:4180} INFO - Setting next_dagrun for example_subdag_operator.section-2 to None, run_after=None
[2026-09-17T21:08:19.451+0200] {processor.py:208} INFO - Processing /Users/swarnalidatta/Desktop/AutoQueryChatbot/.airflow-venv/lib/python3.12/site-packages/airflow/example_dags/example_subdag_operator.py took 0.221 seconds
[2026-09-17T21:09:27.962+0200] {processor.py:186} INFO - Started process (PID=90102) to work on /Users/swarnalidatta/Desktop/AutoQueryChatbot/.airflow-venv/lib/python3.12/site-packages/airflow/example_dags/example_subdag_operator.py
[2026-09-17T21:09:27.962+0200] {processor.py:914} INFO - Processing file /Users/swarnalidatta/Desktop/AutoQueryChatbot/.airflow-venv/lib/python3.12/site-packages/airflow/example_dags/example_subdag_operator.py for tasks to queue
[2026-09-17T21:09:27.962+0200] {logging_mixin.py:190} INFO - [2026-09-17T21:09:27.962+0200] {dagbag.py:588} INFO - Filling up the DagBag from /Users/swarnalidatta/Desktop/AutoQueryChatbot/.airflow-venv/lib/python3.12/site-packages/airflow/example_dags/example_subdag_operator.py
[2026-09-17T21:09:27.990+0200] {processor.py:925} INFO - DAG(s) 'example_subdag_operator.section-1', 'example_subdag_operator.section-2', 'example_subdag_operator' retrieved from /Users/swarnalidatta/Desktop/AutoQueryChatbot/.airflow-venv/lib/python3.12/site-packages/airflow/example_dags/example_subdag_operator.py
[2026-09-17T21:09:28.168+0200] {logging_mixin.py:190} INFO - [2026-09-17T21:09:28.168+0200] {dag.py:3239} INFO - Sync 3 DAGs
[2026-09-17T21:09:28.174+0200] {logging_mixin.py:190} INFO - [2026-09-17T21:09:28.173+0200] {dag.py:4180} INFO - Setting next_dagrun for example_subdag_operator to 2022-01-01 00:00:00+00:00, run_after=2022-01-01 00:00:00+00:00
[2026-09-17T21:09:28.174+0200] {logging_mixin.py:190} INFO - [2026-09-17T21:09:28.174+0200] {dag.py:4180} INFO - Setting next_dagrun for example_subdag_operator.section-1 to None, run_after=None
[2026-09-17T21:09:28.175+0200] {logging_mixin.py:190} INFO - [2026-09-17T21:09:28.175+0200] {dag.py:4180} INFO - Setting next_dagrun for example_subdag_operator.section-2 to None, run_after=None
[2026-09-17T21:09:28.176+0200] {logging_mixin.py:190} INFO - [2026-09-17T21:09:28.176+0200] {dag.py:3239} INFO - Sync 2 DAGs
[2026-09-17T21:09:28.177+0200] {logging_mixin.py:190} INFO - [2026-09-17T21:09:28.177+0200] {dag.py:4180} INFO - Setting next_dagrun for example_subdag_operator.section-1 to None, run_after=None
[2026-09-17T21:09:28.177+0200] {logging_mixin.py:190} INFO - [2026-09-17T21:09:28.177+0200] {dag.py:4180} INFO - Setting next_dagrun for example_subdag_operator.section-2 to None, run_after=None
[2026-09-17T21:09:28.180+0200] {processor.py:208} INFO - Processing /Users/swarnalidatta/Desktop/AutoQueryChatbot/.airflow-venv/lib/python3.12/site-packages/airflow/example_dags/example_subdag_operator.py took 0.220 seconds
[2026-09-17T21:10:37.591+0200] {processor.py:186} INFO - Started process (PID=90275) to work on /Users/swarnalidatta/Desktop/AutoQueryChatbot/.airflow-venv/lib/python3.12/site-packages/airflow/example_dags/example_subdag_operator.py
[2026-09-17T21:10:37.591+0200] {processor.py:914} INFO - Processing file /Users/swarnalidatta/Desktop/AutoQueryChatbot/.airflow-venv/lib/python3.12/site-packages/airflow/example_dags/example_subdag_operator.py for tasks to queue
[2026-09-17T21:10:37.592+0200] {logging_mixin.py:190} INFO - [2026-09-17T21:10:37.592+0200] {dagbag.py:588} INFO - Filling up the DagBag from /Users/swarnalidatta/Desktop/AutoQueryChatbot/.airflow-venv/lib/python3.12/site-packages/airflow/example_dags/example_subdag_operator.py
[2026-09-17T21:10:37.621+0200] {processor.py:925} INFO - DAG(s) 'example_subdag_operator.section-1', 'example_subdag_operator.section-2', 'example_subdag_operator' retrieved from /Users/swarnalidatta/Desktop/AutoQueryChatbot/.airflow-venv/lib/python3.12/site-packages/airflow/example_dags/example_subdag_operator.py
[2026-09-17T21:10:37.817+0200] {logging_mixin.py:190} INFO - [2026-09-17T21:10:37.817+0200] {dag.py:3239} INFO - Sync 3 DAGs
[2026-09-17T21:10:37.823+0200] {logging_mixin.py:190} INFO - [2026-09-17T21:10:37.823+0200] {dag.py:4180} INFO - Setting next_dagrun for example_subdag_operator to 2022-01-01 00:00:00+00:00, run_after=2022-01-01 00:00:00+00:00
[2026-09-17T21:10:37.824+0200] {logging_mixin.py:190} INFO - [2026-09-17T21:10:37.824+0200] {dag.py:4180} INFO - Setting next_dagrun for example_subdag_operator.section-1 to None, run_after=None
[2026-09-17T21:10:37.824+0200] {logging_mixin.py:190} INFO - [2026-09-17T21:10:37.824+0200] {dag.py:4180} INFO - Setting next_dagrun for example_subdag_operator.section-2 to None, run_after=None
[2026-09-17T21:10:37.826+0200] {logging_mixin.py:190} INFO - [2026-09-17T21:10:37.826+0200] {dag.py:3239} INFO - Sync 2 DAGs
[2026-09-17T21:10:37.827+0200] {logging_mixin.py:190} INFO - [2026-09-17T21:10:37.827+0200] {dag.py:4180} INFO - Setting next_dagrun for example_subdag_operator.section-1 to None, run_after=None
[2026-09-17T21:10:37.827+0200] {logging_mixin.py:190} INFO - [2026-09-17T21:10:37.827+0200] {dag.py:4180} INFO - Setting next_dagrun for example_subdag_operator.section-2 to None, run_after=None
[2026-09-17T21:10:37.830+0200] {processor.py:208} INFO - Processing /Users/swarnalidatta/Desktop/AutoQueryChatbot/.airflow-venv/lib/python3.12/site-packages/airflow/example_dags/example_subdag_operator.py took 0.241 seconds
[2026-09-17T21:11:48.462+0200] {processor.py:186} INFO - Started process (PID=90657) to work on /Users/swarnalidatta/Desktop/AutoQueryChatbot/.airflow-venv/lib/python3.12/site-packages/airflow/example_dags/example_subdag_operator.py
[2026-09-17T21:11:48.462+0200] {processor.py:914} INFO - Processing file /Users/swarnalidatta/Desktop/AutoQueryChatbot/.airflow-venv/lib/python3.12/site-packages/airflow/example_dags/example_subdag_operator.py for tasks to queue
[2026-09-17T21:11:48.462+0200] {logging_mixin.py:190} INFO - [2026-09-17T21:11:48.462+0200] {dagbag.py:588} INFO - Filling up the DagBag from /Users/swarnalidatta/Desktop/AutoQueryChatbot/.airflow-venv/lib/python3.12/site-packages/airflow/example_dags/example_subdag_operator.py
[2026-09-17T21:11:48.490+0200] {processor.py:925} INFO - DAG(s) 'example_subdag_operator.section-1', 'example_subdag_operator.section-2', 'example_subdag_operator' retrieved from /Users/swarnalidatta/Desktop/AutoQueryChatbot/.airflow-venv/lib/python3.12/site-packages/airflow/example_dags/example_subdag_operator.py
[2026-09-17T21:11:48.673+0200] {logging_mixin.py:190} INFO - [2026-09-17T21:11:48.673+0200] {dag.py:3239} INFO - Sync 3 DAGs
[2026-09-17T21:11:48.678+0200] {logging_mixin.py:190} INFO - [2026-09-17T21:11:48.678+0200] {dag.py:4180} INFO - Setting next_dagrun for example_subdag_operator to 2022-01-01 00:00:00+00:00, run_after=2022-01-01 00:00:00+00:00
[2026-09-17T21:11:48.679+0200] {logging_mixin.py:190} INFO - [2026-09-17T21:11:48.679+0200] {dag.py:4180} INFO - Setting next_dagrun for example_subdag_operator.section-1 to None, run_after=None
[2026-09-17T21:11:48.679+0200] {logging_mixin.py:190} INFO - [2026-09-17T21:11:48.679+0200] {dag.py:4180} INFO - Setting next_dagrun for example_subdag_operator.section-2 to None, run_after=None
[2026-09-17T21:11:48.681+0200] {logging_mixin.py:190} INFO - [2026-09-17T21:11:48.681+0200] {dag.py:3239} INFO - Sync 2 DAGs
[2026-09-17T21:11:48.682+0200] {logging_mixin.py:190} INFO - [2026-09-17T21:11:48.682+0200] {dag.py:4180} INFO - Setting next_dagrun for example_subdag_operator.section-1 to None, run_after=None
[2026-09-17T21:11:48.682+0200] {logging_mixin.py:190} INFO - [2026-09-17T21:11:48.682+0200] {dag.py:4180} INFO - Setting next_dagrun for example_subdag_operator.section-2 to None, run_after=None
[2026-09-17T21:11:48.685+0200] {processor.py:208} INFO - Processing /Users/swarnalidatta/Desktop/AutoQueryChatbot/.airflow-venv/lib/python3.12/site-packages/airflow/example_dags/example_subdag_operator.py took 0.224 seconds
[2026-09-17T21:13:05.673+0200] {processor.py:186} INFO - Started process (PID=90854) to work on /Users/swarnalidatta/Desktop/AutoQueryChatbot/.airflow-venv/lib/python3.12/site-packages/airflow/example_dags/example_subdag_operator.py
[2026-09-17T21:13:05.674+0200] {processor.py:914} INFO - Processing file /Users/swarnalidatta/Desktop/AutoQueryChatbot/.airflow-venv/lib/python3.12/site-packages/airflow/example_dags/example_subdag_operator.py for tasks to queue
[2026-09-17T21:13:05.674+0200] {logging_mixin.py:190} INFO - [2026-09-17T21:13:05.674+0200] {dagbag.py:588} INFO - Filling up the DagBag from /Users/swarnalidatta/Desktop/AutoQueryChatbot/.airflow-venv/lib/python3.12/site-packages/airflow/example_dags/example_subdag_operator.py
[2026-09-17T21:13:05.701+0200] {processor.py:925} INFO - DAG(s) 'example_subdag_operator.section-1', 'example_subdag_operator.section-2', 'example_subdag_operator' retrieved from /Users/swarnalidatta/Desktop/AutoQueryChatbot/.airflow-venv/lib/python3.12/site-packages/airflow/example_dags/example_subdag_operator.py
[2026-09-17T21:13:05.880+0200] {logging_mixin.py:190} INFO - [2026-09-17T21:13:05.880+0200] {dag.py:3239} INFO - Sync 3 DAGs
[2026-09-17T21:13:05.885+0200] {logging_mixin.py:190} INFO - [2026-09-17T21:13:05.885+0200] {dag.py:4180} INFO - Setting next_dagrun for example_subdag_operator to 2022-01-01 00:00:00+00:00, run_after=2022-01-01 00:00:00+00:00
[2026-09-17T21:13:05.886+0200] {logging_mixin.py:190} INFO - [2026-09-17T21:13:05.886+0200] {dag.py:4180} INFO - Setting next_dagrun for example_subdag_operator.section-1 to None, run_after=None
[2026-09-17T21:13:05.886+0200] {logging_mixin.py:190} INFO - [2026-09-17T21:13:05.886+0200] {dag.py:4180} INFO - Setting next_dagrun for example_subdag_operator.section-2 to None, run_after=None
[2026-09-17T21:13:05.888+0200] {logging_mixin.py:190} INFO - [2026-09-17T21:13:05.888+0200] {dag.py:3239} INFO - Sync 2 DAGs
[2026-09-17T21:13:05.889+0200] {logging_mixin.py:190} INFO - [2026-09-17T21:13:05.889+0200] {dag.py:4180} INFO - Setting next_dagrun for example_subdag_operator.section-1 to None, run_after=None
[2026-09-17T21:13:05.889+0200] {logging_mixin.py:190} INFO - [2026-09-17T21:13:05.889+0200] {dag.py:4180} INFO - Setting next_dagrun for example_subdag_operator.section-2 to None, run_after=None
[2026-09-17T21:13:05.892+0200] {processor.py:208} INFO - Processing /Users/swarnalidatta/Desktop/AutoQueryChatbot/.airflow-venv/lib/python3.12/site-packages/airflow/example_dags/example_subdag_operator.py took 0.220 seconds
[2026-09-17T21:14:15.323+0200] {processor.py:186} INFO - Started process (PID=91007) to work on /Users/swarnalidatta/Desktop/AutoQueryChatbot/.airflow-venv/lib/python3.12/site-packages/airflow/example_dags/example_subdag_operator.py
[2026-09-17T21:14:15.324+0200] {processor.py:914} INFO - Processing file /Users/swarnalidatta/Desktop/AutoQueryChatbot/.airflow-venv/lib/python3.12/site-packages/airflow/example_dags/example_subdag_operator.py for tasks to queue
[2026-09-17T21:14:15.324+0200] {logging_mixin.py:190} INFO - [2026-09-17T21:14:15.324+0200] {dagbag.py:588} INFO - Filling up the DagBag from /Users/swarnalidatta/Desktop/AutoQueryChatbot/.airflow-venv/lib/python3.12/site-packages/airflow/example_dags/example_subdag_operator.py
[2026-09-17T21:14:15.352+0200] {processor.py:925} INFO - DAG(s) 'example_subdag_operator.section-1', 'example_subdag_operator.section-2', 'example_subdag_operator' retrieved from /Users/swarnalidatta/Desktop/AutoQueryChatbot/.airflow-venv/lib/python3.12/site-packages/airflow/example_dags/example_subdag_operator.py
[2026-09-17T21:14:15.532+0200] {logging_mixin.py:190} INFO - [2026-09-17T21:14:15.532+0200] {dag.py:3239} INFO - Sync 3 DAGs
[2026-09-17T21:14:15.537+0200] {logging_mixin.py:190} INFO - [2026-09-17T21:14:15.537+0200] {dag.py:4180} INFO - Setting next_dagrun for example_subdag_operator to 2022-01-01 00:00:00+00:00, run_after=2022-01-01 00:00:00+00:00
[2026-09-17T21:14:15.538+0200] {logging_mixin.py:190} INFO - [2026-09-17T21:14:15.538+0200] {dag.py:4180} INFO - Setting next_dagrun for example_subdag_operator.section-1 to None, run_after=None
[2026-09-17T21:14:15.538+0200] {logging_mixin.py:190} INFO - [2026-09-17T21:14:15.538+0200] {dag.py:4180} INFO - Setting next_dagrun for example_subdag_operator.section-2 to None, run_after=None
[2026-09-17T21:14:15.540+0200] {logging_mixin.py:190} INFO - [2026-09-17T21:14:15.540+0200] {dag.py:3239} INFO - Sync 2 DAGs
[2026-09-17T21:14:15.541+0200] {logging_mixin.py:190} INFO - [2026-09-17T21:14:15.541+0200] {dag.py:4180} INFO - Setting next_dagrun for example_subdag_operator.section-1 to None, run_after=None
[2026-09-17T21:14:15.541+0200] {logging_mixin.py:190} INFO - [2026-09-17T21:14:15.541+0200] {dag.py:4180} INFO - Setting next_dagrun for example_subdag_operator.section-2 to None, run_after=None
[2026-09-17T21:14:15.544+0200] {processor.py:208} INFO - Processing /Users/swarnalidatta/Desktop/AutoQueryChatbot/.airflow-venv/lib/python3.12/site-packages/airflow/example_dags/example_subdag_operator.py took 0.222 seconds
[2026-09-17T21:15:41.123+0200] {processor.py:186} INFO - Started process (PID=91227) to work on /Users/swarnalidatta/Desktop/AutoQueryChatbot/.airflow-venv/lib/python3.12/site-packages/airflow/example_dags/example_subdag_operator.py
[2026-09-17T21:15:41.124+0200] {processor.py:914} INFO - Processing file /Users/swarnalidatta/Desktop/AutoQueryChatbot/.airflow-venv/lib/python3.12/site-packages/airflow/example_dags/example_subdag_operator.py for tasks to queue
[2026-09-17T21:15:41.124+0200] {logging_mixin.py:190} INFO - [2026-09-17T21:15:41.124+0200] {dagbag.py:588} INFO - Filling up the DagBag from /Users/swarnalidatta/Desktop/AutoQueryChatbot/.airflow-venv/lib/python3.12/site-packages/airflow/example_dags/example_subdag_operator.py
[2026-09-17T21:15:41.152+0200] {processor.py:925} INFO - DAG(s) 'example_subdag_operator.section-1', 'example_subdag_operator.section-2', 'example_subdag_operator' retrieved from /Users/swarnalidatta/Desktop/AutoQueryChatbot/.airflow-venv/lib/python3.12/site-packages/airflow/example_dags/example_subdag_operator.py
[2026-09-17T21:15:41.334+0200] {logging_mixin.py:190} INFO - [2026-09-17T21:15:41.334+0200] {dag.py:3239} INFO - Sync 3 DAGs
[2026-09-17T21:15:41.340+0200] {logging_mixin.py:190} INFO - [2026-09-17T21:15:41.339+0200] {dag.py:4180} INFO - Setting next_dagrun for example_subdag_operator to 2022-01-01 00:00:00+00:00, run_after=2022-01-01 00:00:00+00:00
[2026-09-17T21:15:41.340+0200] {logging_mixin.py:190} INFO - [2026-09-17T21:15:41.340+0200] {dag.py:4180} INFO - Setting next_dagrun for example_subdag_operator.section-1 to None, run_after=None
[2026-09-17T21:15:41.341+0200] {logging_mixin.py:190} INFO - [2026-09-17T21:15:41.341+0200] {dag.py:4180} INFO - Setting next_dagrun for example_subdag_operator.section-2 to None, run_after=None
[2026-09-17T21:15:41.342+0200] {logging_mixin.py:190} INFO - [2026-09-17T21:15:41.342+0200] {dag.py:3239} INFO - Sync 2 DAGs
[2026-09-17T21:15:41.343+0200] {logging_mixin.py:190} INFO - [2026-09-17T21:15:41.343+0200] {dag.py:4180} INFO - Setting next_dagrun for example_subdag_operator.section-1 to None, run_after=None
[2026-09-17T21:15:41.343+0200] {logging_mixin.py:190} INFO - [2026-09-17T21:15:41.343+0200] {dag.py:4180} INFO - Setting next_dagrun for example_subdag_operator.section-2 to None, run_after=None
[2026-09-17T21:15:41.346+0200] {processor.py:208} INFO - Processing /Users/swarnalidatta/Desktop/AutoQueryChatbot/.airflow-venv/lib/python3.12/site-packages/airflow/example_dags/example_subdag_operator.py took 0.224 seconds
[2026-09-17T21:16:51.773+0200] {processor.py:186} INFO - Started process (PID=91417) to work on /Users/swarnalidatta/Desktop/AutoQueryChatbot/.airflow-venv/lib/python3.12/site-packages/airflow/example_dags/example_subdag_operator.py
[2026-09-17T21:16:51.774+0200] {processor.py:914} INFO - Processing file /Users/swarnalidatta/Desktop/AutoQueryChatbot/.airflow-venv/lib/python3.12/site-packages/airflow/example_dags/example_subdag_operator.py for tasks to queue
[2026-09-17T21:16:51.774+0200] {logging_mixin.py:190} INFO - [2026-09-17T21:16:51.774+0200] {dagbag.py:588} INFO - Filling up the DagBag from /Users/swarnalidatta/Desktop/AutoQueryChatbot/.airflow-venv/lib/python3.12/site-packages/airflow/example_dags/example_subdag_operator.py
[2026-09-17T21:16:51.802+0200] {processor.py:925} INFO - DAG(s) 'example_subdag_operator.section-1', 'example_subdag_operator.section-2', 'example_subdag_operator' retrieved from /Users/swarnalidatta/Desktop/AutoQueryChatbot/.airflow-venv/lib/python3.12/site-packages/airflow/example_dags/example_subdag_operator.py
[2026-09-17T21:16:51.979+0200] {logging_mixin.py:190} INFO - [2026-09-17T21:16:51.979+0200] {dag.py:3239} INFO - Sync 3 DAGs
[2026-09-17T21:16:51.985+0200] {logging_mixin.py:190} INFO - [2026-09-17T21:16:51.985+0200] {dag.py:4180} INFO - Setting next_dagrun for example_subdag_operator to 2022-01-01 00:00:00+00:00, run_after=2022-01-01 00:00:00+00:00
[2026-09-17T21:16:51.986+0200] {logging_mixin.py:190} INFO - [2026-09-17T21:16:51.986+0200] {dag.py:4180} INFO - Setting next_dagrun for example_subdag_operator.section-1 to None, run_after=None
[2026-09-17T21:16:51.986+0200] {logging_mixin.py:190} INFO - [2026-09-17T21:16:51.986+0200] {dag.py:4180} INFO - Setting next_dagrun for example_subdag_operator.section-2 to None, run_after=None
[2026-09-17T21:16:51.987+0200] {logging_mixin.py:190} INFO - [2026-09-17T21:16:51.987+0200] {dag.py:3239} INFO - Sync 2 DAGs
[2026-09-17T21:16:51.988+0200] {logging_mixin.py:190} INFO - [2026-09-17T21:16:51.988+0200] {dag.py:4180} INFO - Setting next_dagrun for example_subdag_operator.section-1 to None, run_after=None
[2026-09-17T21:16:51.988+0200] {logging_mixin.py:190} INFO - [2026-09-17T21:16:51.988+0200] {dag.py:4180} INFO - Setting next_dagrun for example_subdag_operator.section-2 to None, run_after=None
[2026-09-17T21:16:51.992+0200] {processor.py:208} INFO - Processing /Users/swarnalidatta/Desktop/AutoQueryChatbot/.airflow-venv/lib/python3.12/site-packages/airflow/example_dags/example_subdag_operator.py took 0.219 seconds
[2026-09-17T21:18:04.434+0200] {processor.py:186} INFO - Started process (PID=91587) to work on /Users/swarnalidatta/Desktop/AutoQueryChatbot/.airflow-venv/lib/python3.12/site-packages/airflow/example_dags/example_subdag_operator.py
[2026-09-17T21:18:04.435+0200] {processor.py:914} INFO - Processing file /Users/swarnalidatta/Desktop/AutoQueryChatbot/.airflow-venv/lib/python3.12/site-packages/airflow/example_dags/example_subdag_operator.py for tasks to queue
[2026-09-17T21:18:04.435+0200] {logging_mixin.py:190} INFO - [2026-09-17T21:18:04.435+0200] {dagbag.py:588} INFO - Filling up the DagBag from /Users/swarnalidatta/Desktop/AutoQueryChatbot/.airflow-venv/lib/python3.12/site-packages/airflow/example_dags/example_subdag_operator.py
[2026-09-17T21:18:04.462+0200] {processor.py:925} INFO - DAG(s) 'example_subdag_operator.section-1', 'example_subdag_operator.section-2', 'example_subdag_operator' retrieved from /Users/swarnalidatta/Desktop/AutoQueryChatbot/.airflow-venv/lib/python3.12/site-packages/airflow/example_dags/example_subdag_operator.py
[2026-09-17T21:18:04.639+0200] {logging_mixin.py:190} INFO - [2026-09-17T21:18:04.639+0200] {dag.py:3239} INFO - Sync 3 DAGs
[2026-09-17T21:18:04.645+0200] {logging_mixin.py:190} INFO - [2026-09-17T21:18:04.645+0200] {dag.py:4180} INFO - Setting next_dagrun for example_subdag_operator to 2022-01-01 00:00:00+00:00, run_after=2022-01-01 00:00:00+00:00
[2026-09-17T21:18:04.646+0200] {logging_mixin.py:190} INFO - [2026-09-17T21:18:04.646+0200] {dag.py:4180} INFO - Setting next_dagrun for example_subdag_operator.section-1 to None, run_after=None
[2026-09-17T21:18:04.646+0200] {logging_mixin.py:190} INFO - [2026-09-17T21:18:04.646+0200] {dag.py:4180} INFO - Setting next_dagrun for example_subdag_operator.section-2 to None, run_after=None
[2026-09-17T21:18:04.647+0200] {logging_mixin.py:190} INFO - [2026-09-17T21:18:04.647+0200] {dag.py:3239} INFO - Sync 2 DAGs
[2026-09-17T21:18:04.648+0200] {logging_mixin.py:190} INFO - [2026-09-17T21:18:04.648+0200] {dag.py:4180} INFO - Setting next_dagrun for example_subdag_operator.section-1 to None, run_after=None
[2026-09-17T21:18:04.648+0200] {logging_mixin.py:190} INFO - [2026-09-17T21:18:04.648+0200] {dag.py:4180} INFO - Setting next_dagrun for example_subdag_operator.section-2 to None, run_after=None
[2026-09-17T21:18:04.652+0200] {processor.py:208} INFO - Processing /Users/swarnalidatta/Desktop/AutoQueryChatbot/.airflow-venv/lib/python3.12/site-packages/airflow/example_dags/example_subdag_operator.py took 0.218 seconds
[2026-09-17T21:19:12.302+0200] {processor.py:186} INFO - Started process (PID=91734) to work on /Users/swarnalidatta/Desktop/AutoQueryChatbot/.airflow-venv/lib/python3.12/site-packages/airflow/example_dags/example_subdag_operator.py
[2026-09-17T21:19:12.302+0200] {processor.py:914} INFO - Processing file /Users/swarnalidatta/Desktop/AutoQueryChatbot/.airflow-venv/lib/python3.12/site-packages/airflow/example_dags/example_subdag_operator.py for tasks to queue
[2026-09-17T21:19:12.303+0200] {logging_mixin.py:190} INFO - [2026-09-17T21:19:12.303+0200] {dagbag.py:588} INFO - Filling up the DagBag from /Users/swarnalidatta/Desktop/AutoQueryChatbot/.airflow-venv/lib/python3.12/site-packages/airflow/example_dags/example_subdag_operator.py
[2026-09-17T21:19:12.330+0200] {processor.py:925} INFO - DAG(s) 'example_subdag_operator.section-1', 'example_subdag_operator.section-2', 'example_subdag_operator' retrieved from /Users/swarnalidatta/Desktop/AutoQueryChatbot/.airflow-venv/lib/python3.12/site-packages/airflow/example_dags/example_subdag_operator.py
[2026-09-17T21:19:12.507+0200] {logging_mixin.py:190} INFO - [2026-09-17T21:19:12.507+0200] {dag.py:3239} INFO - Sync 3 DAGs
[2026-09-17T21:19:12.512+0200] {logging_mixin.py:190} INFO - [2026-09-17T21:19:12.512+0200] {dag.py:4180} INFO - Setting next_dagrun for example_subdag_operator to 2022-01-01 00:00:00+00:00, run_after=2022-01-01 00:00:00+00:00
[2026-09-17T21:19:12.513+0200] {logging_mixin.py:190} INFO - [2026-09-17T21:19:12.513+0200] {dag.py:4180} INFO - Setting next_dagrun for example_subdag_operator.section-1 to None, run_after=None
[2026-09-17T21:19:12.513+0200] {logging_mixin.py:190} INFO - [2026-09-17T21:19:12.513+0200] {dag.py:4180} INFO - Setting next_dagrun for example_subdag_operator.section-2 to None, run_after=None
[2026-09-17T21:19:12.515+0200] {logging_mixin.py:190} INFO - [2026-09-17T21:19:12.515+0200] {dag.py:3239} INFO - Sync 2 DAGs
[2026-09-17T21:19:12.516+0200] {logging_mixin.py:190} INFO - [2026-09-17T21:19:12.516+0200] {dag.py:4180} INFO - Setting next_dagrun for example_subdag_operator.section-1 to None, run_after=None
[2026-09-17T21:19:12.516+0200] {logging_mixin.py:190} INFO - [2026-09-17T21:19:12.516+0200] {dag.py:4180} INFO - Setting next_dagrun for example_subdag_operator.section-2 to None, run_after=None
[2026-09-17T21:19:12.519+0200] {processor.py:208} INFO - Processing /Users/swarnalidatta/Desktop/AutoQueryChatbot/.airflow-venv/lib/python3.12/site-packages/airflow/example_dags/example_subdag_operator.py took 0.218 seconds
[2026-09-17T21:20:23.858+0200] {processor.py:186} INFO - Started process (PID=92121) to work on /Users/swarnalidatta/Desktop/AutoQueryChatbot/.airflow-venv/lib/python3.12/site-packages/airflow/example_dags/example_subdag_operator.py
[2026-09-17T21:20:23.858+0200] {processor.py:914} INFO - Processing file /Users/swarnalidatta/Desktop/AutoQueryChatbot/.airflow-venv/lib/python3.12/site-packages/airflow/example_dags/example_subdag_operator.py for tasks to queue
[2026-09-17T21:20:23.858+0200] {logging_mixin.py:190} INFO - [2026-09-17T21:20:23.858+0200] {dagbag.py:588} INFO - Filling up the DagBag from /Users/swarnalidatta/Desktop/AutoQueryChatbot/.airflow-venv/lib/python3.12/site-packages/airflow/example_dags/example_subdag_operator.py
[2026-09-17T21:20:23.887+0200] {processor.py:925} INFO - DAG(s) 'example_subdag_operator.section-1', 'example_subdag_operator.section-2', 'example_subdag_operator' retrieved from /Users/swarnalidatta/Desktop/AutoQueryChatbot/.airflow-venv/lib/python3.12/site-packages/airflow/example_dags/example_subdag_operator.py
[2026-09-17T21:20:24.067+0200] {logging_mixin.py:190} INFO - [2026-09-17T21:20:24.067+0200] {dag.py:3239} INFO - Sync 3 DAGs
[2026-09-17T21:20:24.072+0200] {logging_mixin.py:190} INFO - [2026-09-17T21:20:24.072+0200] {dag.py:4180} INFO - Setting next_dagrun for example_subdag_operator to 2022-01-01 00:00:00+00:00, run_after=2022-01-01 00:00:00+00:00
[2026-09-17T21:20:24.073+0200] {logging_mixin.py:190} INFO - [2026-09-17T21:20:24.073+0200] {dag.py:4180} INFO - Setting next_dagrun for example_subdag_operator.section-1 to None, run_after=None
[2026-09-17T21:20:24.074+0200] {logging_mixin.py:190} INFO - [2026-09-17T21:20:24.074+0200] {dag.py:4180} INFO - Setting next_dagrun for example_subdag_operator.section-2 to None, run_after=None
[2026-09-17T21:20:24.075+0200] {logging_mixin.py:190} INFO - [2026-09-17T21:20:24.075+0200] {dag.py:3239} INFO - Sync 2 DAGs
[2026-09-17T21:20:24.076+0200] {logging_mixin.py:190} INFO - [2026-09-17T21:20:24.076+0200] {dag.py:4180} INFO - Setting next_dagrun for example_subdag_operator.section-1 to None, run_after=None
[2026-09-17T21:20:24.076+0200] {logging_mixin.py:190} INFO - [2026-09-17T21:20:24.076+0200] {dag.py:4180} INFO - Setting next_dagrun for example_subdag_operator.section-2 to None, run_after=None
[2026-09-17T21:20:24.079+0200] {processor.py:208} INFO - Processing /Users/swarnalidatta/Desktop/AutoQueryChatbot/.airflow-venv/lib/python3.12/site-packages/airflow/example_dags/example_subdag_operator.py took 0.223 seconds
[2026-09-17T21:21:31.304+0200] {processor.py:186} INFO - Started process (PID=92496) to work on /Users/swarnalidatta/Desktop/AutoQueryChatbot/.airflow-venv/lib/python3.12/site-packages/airflow/example_dags/example_subdag_operator.py
[2026-09-17T21:21:31.305+0200] {processor.py:914} INFO - Processing file /Users/swarnalidatta/Desktop/AutoQueryChatbot/.airflow-venv/lib/python3.12/site-packages/airflow/example_dags/example_subdag_operator.py for tasks to queue
[2026-09-17T21:21:31.305+0200] {logging_mixin.py:190} INFO - [2026-09-17T21:21:31.305+0200] {dagbag.py:588} INFO - Filling up the DagBag from /Users/swarnalidatta/Desktop/AutoQueryChatbot/.airflow-venv/lib/python3.12/site-packages/airflow/example_dags/example_subdag_operator.py
[2026-09-17T21:21:31.333+0200] {processor.py:925} INFO - DAG(s) 'example_subdag_operator.section-1', 'example_subdag_operator.section-2', 'example_subdag_operator' retrieved from /Users/swarnalidatta/Desktop/AutoQueryChatbot/.airflow-venv/lib/python3.12/site-packages/airflow/example_dags/example_subdag_operator.py
[2026-09-17T21:21:31.513+0200] {logging_mixin.py:190} INFO - [2026-09-17T21:21:31.513+0200] {dag.py:3239} INFO - Sync 3 DAGs
[2026-09-17T21:21:31.519+0200] {logging_mixin.py:190} INFO - [2026-09-17T21:21:31.519+0200] {dag.py:4180} INFO - Setting next_dagrun for example_subdag_operator to 2022-01-01 00:00:00+00:00, run_after=2022-01-01 00:00:00+00:00
[2026-09-17T21:21:31.520+0200] {logging_mixin.py:190} INFO - [2026-09-17T21:21:31.520+0200] {dag.py:4180} INFO - Setting next_dagrun for example_subdag_operator.section-1 to None, run_after=None
[2026-09-17T21:21:31.520+0200] {logging_mixin.py:190} INFO - [2026-09-17T21:21:31.520+0200] {dag.py:4180} INFO - Setting next_dagrun for example_subdag_operator.section-2 to None, run_after=None
[2026-09-17T21:21:31.522+0200] {logging_mixin.py:190} INFO - [2026-09-17T21:21:31.522+0200] {dag.py:3239} INFO - Sync 2 DAGs
[2026-09-17T21:21:31.523+0200] {logging_mixin.py:190} INFO - [2026-09-17T21:21:31.523+0200] {dag.py:4180} INFO - Setting next_dagrun for example_subdag_operator.section-1 to None, run_after=None
[2026-09-17T21:21:31.523+0200] {logging_mixin.py:190} INFO - [2026-09-17T21:21:31.523+0200] {dag.py:4180} INFO - Setting next_dagrun for example_subdag_operator.section-2 to None, run_after=None
[2026-09-17T21:21:31.526+0200] {processor.py:208} INFO - Processing /Users/swarnalidatta/Desktop/AutoQueryChatbot/.airflow-venv/lib/python3.12/site-packages/airflow/example_dags/example_subdag_operator.py took 0.223 seconds
[2026-09-17T21:23:37.161+0200] {processor.py:186} INFO - Started process (PID=92793) to work on /Users/swarnalidatta/Desktop/AutoQueryChatbot/.airflow-venv/lib/python3.12/site-packages/airflow/example_dags/example_subdag_operator.py
[2026-09-17T21:23:37.162+0200] {processor.py:914} INFO - Processing file /Users/swarnalidatta/Desktop/AutoQueryChatbot/.airflow-venv/lib/python3.12/site-packages/airflow/example_dags/example_subdag_operator.py for tasks to queue
[2026-09-17T21:23:37.162+0200] {logging_mixin.py:190} INFO - [2026-09-17T21:23:37.162+0200] {dagbag.py:588} INFO - Filling up the DagBag from /Users/swarnalidatta/Desktop/AutoQueryChatbot/.airflow-venv/lib/python3.12/site-packages/airflow/example_dags/example_subdag_operator.py
[2026-09-17T21:23:37.191+0200] {processor.py:925} INFO - DAG(s) 'example_subdag_operator.section-1', 'example_subdag_operator.section-2', 'example_subdag_operator' retrieved from /Users/swarnalidatta/Desktop/AutoQueryChatbot/.airflow-venv/lib/python3.12/site-packages/airflow/example_dags/example_subdag_operator.py
[2026-09-17T21:23:37.378+0200] {logging_mixin.py:190} INFO - [2026-09-17T21:23:37.378+0200] {dag.py:3239} INFO - Sync 3 DAGs
[2026-09-17T21:23:37.384+0200] {logging_mixin.py:190} INFO - [2026-09-17T21:23:37.384+0200] {dag.py:4180} INFO - Setting next_dagrun for example_subdag_operator to 2022-01-01 00:00:00+00:00, run_after=2022-01-01 00:00:00+00:00
[2026-09-17T21:23:37.385+0200] {logging_mixin.py:190} INFO - [2026-09-17T21:23:37.385+0200] {dag.py:4180} INFO - Setting next_dagrun for example_subdag_operator.section-1 to None, run_after=None
[2026-09-17T21:23:37.385+0200] {logging_mixin.py:190} INFO - [2026-09-17T21:23:37.385+0200] {dag.py:4180} INFO - Setting next_dagrun for example_subdag_operator.section-2 to None, run_after=None
[2026-09-17T21:23:37.386+0200] {logging_mixin.py:190} INFO - [2026-09-17T21:23:37.386+0200] {dag.py:3239} INFO - Sync 2 DAGs
[2026-09-17T21:23:37.387+0200] {logging_mixin.py:190} INFO - [2026-09-17T21:23:37.387+0200] {dag.py:4180} INFO - Setting next_dagrun for example_subdag_operator.section-1 to None, run_after=None
[2026-09-17T21:23:37.387+0200] {logging_mixin.py:190} INFO - [2026-09-17T21:23:37.387+0200] {dag.py:4180} INFO - Setting next_dagrun for example_subdag_operator.section-2 to None, run_after=None
[2026-09-17T21:23:37.391+0200] {processor.py:208} INFO - Processing /Users/swarnalidatta/Desktop/AutoQueryChatbot/.airflow-venv/lib/python3.12/site-packages/airflow/example_dags/example_subdag_operator.py took 0.230 seconds
[2026-09-17T21:25:42.660+0200] {processor.py:186} INFO - Started process (PID=93084) to work on /Users/swarnalidatta/Desktop/AutoQueryChatbot/.airflow-venv/lib/python3.12/site-packages/airflow/example_dags/example_subdag_operator.py
[2026-09-17T21:25:42.661+0200] {processor.py:914} INFO - Processing file /Users/swarnalidatta/Desktop/AutoQueryChatbot/.airflow-venv/lib/python3.12/site-packages/airflow/example_dags/example_subdag_operator.py for tasks to queue
[2026-09-17T21:25:42.661+0200] {logging_mixin.py:190} INFO - [2026-09-17T21:25:42.661+0200] {dagbag.py:588} INFO - Filling up the DagBag from /Users/swarnalidatta/Desktop/AutoQueryChatbot/.airflow-venv/lib/python3.12/site-packages/airflow/example_dags/example_subdag_operator.py
[2026-09-17T21:25:42.688+0200] {processor.py:925} INFO - DAG(s) 'example_subdag_operator.section-1', 'example_subdag_operator.section-2', 'example_subdag_operator' retrieved from /Users/swarnalidatta/Desktop/AutoQueryChatbot/.airflow-venv/lib/python3.12/site-packages/airflow/example_dags/example_subdag_operator.py
[2026-09-17T21:25:42.866+0200] {logging_mixin.py:190} INFO - [2026-09-17T21:25:42.866+0200] {dag.py:3239} INFO - Sync 3 DAGs
[2026-09-17T21:25:42.872+0200] {logging_mixin.py:190} INFO - [2026-09-17T21:25:42.872+0200] {dag.py:4180} INFO - Setting next_dagrun for example_subdag_operator to 2022-01-01 00:00:00+00:00, run_after=2022-01-01 00:00:00+00:00
[2026-09-17T21:25:42.873+0200] {logging_mixin.py:190} INFO - [2026-09-17T21:25:42.873+0200] {dag.py:4180} INFO - Setting next_dagrun for example_subdag_operator.section-1 to None, run_after=None
[2026-09-17T21:25:42.873+0200] {logging_mixin.py:190} INFO - [2026-09-17T21:25:42.873+0200] {dag.py:4180} INFO - Setting next_dagrun for example_subdag_operator.section-2 to None, run_after=None
[2026-09-17T21:25:42.874+0200] {logging_mixin.py:190} INFO - [2026-09-17T21:25:42.874+0200] {dag.py:3239} INFO - Sync 2 DAGs
[2026-09-17T21:25:42.875+0200] {logging_mixin.py:190} INFO - [2026-09-17T21:25:42.875+0200] {dag.py:4180} INFO - Setting next_dagrun for example_subdag_operator.section-1 to None, run_after=None
[2026-09-17T21:25:42.875+0200] {logging_mixin.py:190} INFO - [2026-09-17T21:25:42.875+0200] {dag.py:4180} INFO - Setting next_dagrun for example_subdag_operator.section-2 to None, run_after=None
[2026-09-17T21:25:42.878+0200] {processor.py:208} INFO - Processing /Users/swarnalidatta/Desktop/AutoQueryChatbot/.airflow-venv/lib/python3.12/site-packages/airflow/example_dags/example_subdag_operator.py took 0.219 seconds
[2026-09-17T21:26:49.601+0200] {processor.py:186} INFO - Started process (PID=93240) to work on /Users/swarnalidatta/Desktop/AutoQueryChatbot/.airflow-venv/lib/python3.12/site-packages/airflow/example_dags/example_subdag_operator.py
[2026-09-17T21:26:49.601+0200] {processor.py:914} INFO - Processing file /Users/swarnalidatta/Desktop/AutoQueryChatbot/.airflow-venv/lib/python3.12/site-packages/airflow/example_dags/example_subdag_operator.py for tasks to queue
[2026-09-17T21:26:49.601+0200] {logging_mixin.py:190} INFO - [2026-09-17T21:26:49.601+0200] {dagbag.py:588} INFO - Filling up the DagBag from /Users/swarnalidatta/Desktop/AutoQueryChatbot/.airflow-venv/lib/python3.12/site-packages/airflow/example_dags/example_subdag_operator.py
[2026-09-17T21:26:49.630+0200] {processor.py:925} INFO - DAG(s) 'example_subdag_operator.section-1', 'example_subdag_operator.section-2', 'example_subdag_operator' retrieved from /Users/swarnalidatta/Desktop/AutoQueryChatbot/.airflow-venv/lib/python3.12/site-packages/airflow/example_dags/example_subdag_operator.py
[2026-09-17T21:26:49.812+0200] {logging_mixin.py:190} INFO - [2026-09-17T21:26:49.811+0200] {dag.py:3239} INFO - Sync 3 DAGs
[2026-09-17T21:26:49.817+0200] {logging_mixin.py:190} INFO - [2026-09-17T21:26:49.817+0200] {dag.py:4180} INFO - Setting next_dagrun for example_subdag_operator to 2022-01-01 00:00:00+00:00, run_after=2022-01-01 00:00:00+00:00
[2026-09-17T21:26:49.818+0200] {logging_mixin.py:190} INFO - [2026-09-17T21:26:49.818+0200] {dag.py:4180} INFO - Setting next_dagrun for example_subdag_operator.section-1 to None, run_after=None
[2026-09-17T21:26:49.818+0200] {logging_mixin.py:190} INFO - [2026-09-17T21:26:49.818+0200] {dag.py:4180} INFO - Setting next_dagrun for example_subdag_operator.section-2 to None, run_after=None
[2026-09-17T21:26:49.820+0200] {logging_mixin.py:190} INFO - [2026-09-17T21:26:49.820+0200] {dag.py:3239} INFO - Sync 2 DAGs
[2026-09-17T21:26:49.821+0200] {logging_mixin.py:190} INFO - [2026-09-17T21:26:49.821+0200] {dag.py:4180} INFO - Setting next_dagrun for example_subdag_operator.section-1 to None, run_after=None
[2026-09-17T21:26:49.821+0200] {logging_mixin.py:190} INFO - [2026-09-17T21:26:49.821+0200] {dag.py:4180} INFO - Setting next_dagrun for example_subdag_operator.section-2 to None, run_after=None
[2026-09-17T21:26:49.824+0200] {processor.py:208} INFO - Processing /Users/swarnalidatta/Desktop/AutoQueryChatbot/.airflow-venv/lib/python3.12/site-packages/airflow/example_dags/example_subdag_operator.py took 0.224 seconds
[2026-09-17T21:27:56.549+0200] {processor.py:186} INFO - Started process (PID=93400) to work on /Users/swarnalidatta/Desktop/AutoQueryChatbot/.airflow-venv/lib/python3.12/site-packages/airflow/example_dags/example_subdag_operator.py
[2026-09-17T21:27:56.549+0200] {processor.py:914} INFO - Processing file /Users/swarnalidatta/Desktop/AutoQueryChatbot/.airflow-venv/lib/python3.12/site-packages/airflow/example_dags/example_subdag_operator.py for tasks to queue
[2026-09-17T21:27:56.549+0200] {logging_mixin.py:190} INFO - [2026-09-17T21:27:56.549+0200] {dagbag.py:588} INFO - Filling up the DagBag from /Users/swarnalidatta/Desktop/AutoQueryChatbot/.airflow-venv/lib/python3.12/site-packages/airflow/example_dags/example_subdag_operator.py
[2026-09-17T21:27:56.577+0200] {processor.py:925} INFO - DAG(s) 'example_subdag_operator.section-1', 'example_subdag_operator.section-2', 'example_subdag_operator' retrieved from /Users/swarnalidatta/Desktop/AutoQueryChatbot/.airflow-venv/lib/python3.12/site-packages/airflow/example_dags/example_subdag_operator.py
[2026-09-17T21:27:56.757+0200] {logging_mixin.py:190} INFO - [2026-09-17T21:27:56.757+0200] {dag.py:3239} INFO - Sync 3 DAGs
[2026-09-17T21:27:56.763+0200] {logging_mixin.py:190} INFO - [2026-09-17T21:27:56.762+0200] {dag.py:4180} INFO - Setting next_dagrun for example_subdag_operator to 2022-01-01 00:00:00+00:00, run_after=2022-01-01 00:00:00+00:00
[2026-09-17T21:27:56.763+0200] {logging_mixin.py:190} INFO - [2026-09-17T21:27:56.763+0200] {dag.py:4180} INFO - Setting next_dagrun for example_subdag_operator.section-1 to None, run_after=None
[2026-09-17T21:27:56.764+0200] {logging_mixin.py:190} INFO - [2026-09-17T21:27:56.764+0200] {dag.py:4180} INFO - Setting next_dagrun for example_subdag_operator.section-2 to None, run_after=None
[2026-09-17T21:27:56.765+0200] {logging_mixin.py:190} INFO - [2026-09-17T21:27:56.765+0200] {dag.py:3239} INFO - Sync 2 DAGs
[2026-09-17T21:27:56.766+0200] {logging_mixin.py:190} INFO - [2026-09-17T21:27:56.766+0200] {dag.py:4180} INFO - Setting next_dagrun for example_subdag_operator.section-1 to None, run_after=None
[2026-09-17T21:27:56.766+0200] {logging_mixin.py:190} INFO - [2026-09-17T21:27:56.766+0200] {dag.py:4180} INFO - Setting next_dagrun for example_subdag_operator.section-2 to None, run_after=None
[2026-09-17T21:27:56.769+0200] {processor.py:208} INFO - Processing /Users/swarnalidatta/Desktop/AutoQueryChatbot/.airflow-venv/lib/python3.12/site-packages/airflow/example_dags/example_subdag_operator.py took 0.222 seconds
[2026-09-17T21:30:04.747+0200] {processor.py:186} INFO - Started process (PID=93694) to work on /Users/swarnalidatta/Desktop/AutoQueryChatbot/.airflow-venv/lib/python3.12/site-packages/airflow/example_dags/example_subdag_operator.py
[2026-09-17T21:30:04.748+0200] {processor.py:914} INFO - Processing file /Users/swarnalidatta/Desktop/AutoQueryChatbot/.airflow-venv/lib/python3.12/site-packages/airflow/example_dags/example_subdag_operator.py for tasks to queue
[2026-09-17T21:30:04.748+0200] {logging_mixin.py:190} INFO - [2026-09-17T21:30:04.748+0200] {dagbag.py:588} INFO - Filling up the DagBag from /Users/swarnalidatta/Desktop/AutoQueryChatbot/.airflow-venv/lib/python3.12/site-packages/airflow/example_dags/example_subdag_operator.py
[2026-09-17T21:30:04.775+0200] {processor.py:925} INFO - DAG(s) 'example_subdag_operator.section-1', 'example_subdag_operator.section-2', 'example_subdag_operator' retrieved from /Users/swarnalidatta/Desktop/AutoQueryChatbot/.airflow-venv/lib/python3.12/site-packages/airflow/example_dags/example_subdag_operator.py
[2026-09-17T21:30:04.953+0200] {logging_mixin.py:190} INFO - [2026-09-17T21:30:04.953+0200] {dag.py:3239} INFO - Sync 3 DAGs
[2026-09-17T21:30:04.958+0200] {logging_mixin.py:190} INFO - [2026-09-17T21:30:04.958+0200] {dag.py:4180} INFO - Setting next_dagrun for example_subdag_operator to 2022-01-01 00:00:00+00:00, run_after=2022-01-01 00:00:00+00:00
[2026-09-17T21:30:04.959+0200] {logging_mixin.py:190} INFO - [2026-09-17T21:30:04.959+0200] {dag.py:4180} INFO - Setting next_dagrun for example_subdag_operator.section-1 to None, run_after=None
[2026-09-17T21:30:04.959+0200] {logging_mixin.py:190} INFO - [2026-09-17T21:30:04.959+0200] {dag.py:4180} INFO - Setting next_dagrun for example_subdag_operator.section-2 to None, run_after=None
[2026-09-17T21:30:04.961+0200] {logging_mixin.py:190} INFO - [2026-09-17T21:30:04.961+0200] {dag.py:3239} INFO - Sync 2 DAGs
[2026-09-17T21:30:04.962+0200] {logging_mixin.py:190} INFO - [2026-09-17T21:30:04.962+0200] {dag.py:4180} INFO - Setting next_dagrun for example_subdag_operator.section-1 to None, run_after=None
[2026-09-17T21:30:04.962+0200] {logging_mixin.py:190} INFO - [2026-09-17T21:30:04.962+0200] {dag.py:4180} INFO - Setting next_dagrun for example_subdag_operator.section-2 to None, run_after=None
[2026-09-17T21:30:04.965+0200] {processor.py:208} INFO - Processing /Users/swarnalidatta/Desktop/AutoQueryChatbot/.airflow-venv/lib/python3.12/site-packages/airflow/example_dags/example_subdag_operator.py took 0.219 seconds
[2026-09-17T21:31:11.071+0200] {processor.py:186} INFO - Started process (PID=93849) to work on /Users/swarnalidatta/Desktop/AutoQueryChatbot/.airflow-venv/lib/python3.12/site-packages/airflow/example_dags/example_subdag_operator.py
[2026-09-17T21:31:11.072+0200] {processor.py:914} INFO - Processing file /Users/swarnalidatta/Desktop/AutoQueryChatbot/.airflow-venv/lib/python3.12/site-packages/airflow/example_dags/example_subdag_operator.py for tasks to queue
[2026-09-17T21:31:11.072+0200] {logging_mixin.py:190} INFO - [2026-09-17T21:31:11.072+0200] {dagbag.py:588} INFO - Filling up the DagBag from /Users/swarnalidatta/Desktop/AutoQueryChatbot/.airflow-venv/lib/python3.12/site-packages/airflow/example_dags/example_subdag_operator.py
[2026-09-17T21:31:11.100+0200] {processor.py:925} INFO - DAG(s) 'example_subdag_operator.section-1', 'example_subdag_operator.section-2', 'example_subdag_operator' retrieved from /Users/swarnalidatta/Desktop/AutoQueryChatbot/.airflow-venv/lib/python3.12/site-packages/airflow/example_dags/example_subdag_operator.py
[2026-09-17T21:31:11.280+0200] {logging_mixin.py:190} INFO - [2026-09-17T21:31:11.280+0200] {dag.py:3239} INFO - Sync 3 DAGs
[2026-09-17T21:31:11.286+0200] {logging_mixin.py:190} INFO - [2026-09-17T21:31:11.286+0200] {dag.py:4180} INFO - Setting next_dagrun for example_subdag_operator to 2022-01-01 00:00:00+00:00, run_after=2022-01-01 00:00:00+00:00
[2026-09-17T21:31:11.286+0200] {logging_mixin.py:190} INFO - [2026-09-17T21:31:11.286+0200] {dag.py:4180} INFO - Setting next_dagrun for example_subdag_operator.section-1 to None, run_after=None
[2026-09-17T21:31:11.287+0200] {logging_mixin.py:190} INFO - [2026-09-17T21:31:11.287+0200] {dag.py:4180} INFO - Setting next_dagrun for example_subdag_operator.section-2 to None, run_after=None
[2026-09-17T21:31:11.288+0200] {logging_mixin.py:190} INFO - [2026-09-17T21:31:11.288+0200] {dag.py:3239} INFO - Sync 2 DAGs
[2026-09-17T21:31:11.289+0200] {logging_mixin.py:190} INFO - [2026-09-17T21:31:11.289+0200] {dag.py:4180} INFO - Setting next_dagrun for example_subdag_operator.section-1 to None, run_after=None
[2026-09-17T21:31:11.289+0200] {logging_mixin.py:190} INFO - [2026-09-17T21:31:11.289+0200] {dag.py:4180} INFO - Setting next_dagrun for example_subdag_operator.section-2 to None, run_after=None
[2026-09-17T21:31:11.293+0200] {processor.py:208} INFO - Processing /Users/swarnalidatta/Desktop/AutoQueryChatbot/.airflow-venv/lib/python3.12/site-packages/airflow/example_dags/example_subdag_operator.py took 0.222 seconds
[2026-09-17T21:32:17.996+0200] {processor.py:186} INFO - Started process (PID=94010) to work on /Users/swarnalidatta/Desktop/AutoQueryChatbot/.airflow-venv/lib/python3.12/site-packages/airflow/example_dags/example_subdag_operator.py
[2026-09-17T21:32:17.996+0200] {processor.py:914} INFO - Processing file /Users/swarnalidatta/Desktop/AutoQueryChatbot/.airflow-venv/lib/python3.12/site-packages/airflow/example_dags/example_subdag_operator.py for tasks to queue
[2026-09-17T21:32:17.996+0200] {logging_mixin.py:190} INFO - [2026-09-17T21:32:17.996+0200] {dagbag.py:588} INFO - Filling up the DagBag from /Users/swarnalidatta/Desktop/AutoQueryChatbot/.airflow-venv/lib/python3.12/site-packages/airflow/example_dags/example_subdag_operator.py
[2026-09-17T21:32:18.027+0200] {processor.py:925} INFO - DAG(s) 'example_subdag_operator.section-1', 'example_subdag_operator.section-2', 'example_subdag_operator' retrieved from /Users/swarnalidatta/Desktop/AutoQueryChatbot/.airflow-venv/lib/python3.12/site-packages/airflow/example_dags/example_subdag_operator.py
[2026-09-17T21:32:18.210+0200] {logging_mixin.py:190} INFO - [2026-09-17T21:32:18.210+0200] {dag.py:3239} INFO - Sync 3 DAGs
[2026-09-17T21:32:18.215+0200] {logging_mixin.py:190} INFO - [2026-09-17T21:32:18.215+0200] {dag.py:4180} INFO - Setting next_dagrun for example_subdag_operator to 2022-01-01 00:00:00+00:00, run_after=2022-01-01 00:00:00+00:00
[2026-09-17T21:32:18.216+0200] {logging_mixin.py:190} INFO - [2026-09-17T21:32:18.216+0200] {dag.py:4180} INFO - Setting next_dagrun for example_subdag_operator.section-1 to None, run_after=None
[2026-09-17T21:32:18.217+0200] {logging_mixin.py:190} INFO - [2026-09-17T21:32:18.217+0200] {dag.py:4180} INFO - Setting next_dagrun for example_subdag_operator.section-2 to None, run_after=None
[2026-09-17T21:32:18.218+0200] {logging_mixin.py:190} INFO - [2026-09-17T21:32:18.218+0200] {dag.py:3239} INFO - Sync 2 DAGs
[2026-09-17T21:32:18.219+0200] {logging_mixin.py:190} INFO - [2026-09-17T21:32:18.219+0200] {dag.py:4180} INFO - Setting next_dagrun for example_subdag_operator.section-1 to None, run_after=None
[2026-09-17T21:32:18.219+0200] {logging_mixin.py:190} INFO - [2026-09-17T21:32:18.219+0200] {dag.py:4180} INFO - Setting next_dagrun for example_subdag_operator.section-2 to None, run_after=None
[2026-09-17T21:32:18.223+0200] {processor.py:208} INFO - Processing /Users/swarnalidatta/Desktop/AutoQueryChatbot/.airflow-venv/lib/python3.12/site-packages/airflow/example_dags/example_subdag_operator.py took 0.228 seconds
[2026-09-17T21:33:23.392+0200] {processor.py:186} INFO - Started process (PID=94173) to work on /Users/swarnalidatta/Desktop/AutoQueryChatbot/.airflow-venv/lib/python3.12/site-packages/airflow/example_dags/example_subdag_operator.py
[2026-09-17T21:33:23.393+0200] {processor.py:914} INFO - Processing file /Users/swarnalidatta/Desktop/AutoQueryChatbot/.airflow-venv/lib/python3.12/site-packages/airflow/example_dags/example_subdag_operator.py for tasks to queue
[2026-09-17T21:33:23.393+0200] {logging_mixin.py:190} INFO - [2026-09-17T21:33:23.393+0200] {dagbag.py:588} INFO - Filling up the DagBag from /Users/swarnalidatta/Desktop/AutoQueryChatbot/.airflow-venv/lib/python3.12/site-packages/airflow/example_dags/example_subdag_operator.py
[2026-09-17T21:33:23.421+0200] {processor.py:925} INFO - DAG(s) 'example_subdag_operator.section-1', 'example_subdag_operator.section-2', 'example_subdag_operator' retrieved from /Users/swarnalidatta/Desktop/AutoQueryChatbot/.airflow-venv/lib/python3.12/site-packages/airflow/example_dags/example_subdag_operator.py
[2026-09-17T21:33:23.599+0200] {logging_mixin.py:190} INFO - [2026-09-17T21:33:23.598+0200] {dag.py:3239} INFO - Sync 3 DAGs
[2026-09-17T21:33:23.604+0200] {logging_mixin.py:190} INFO - [2026-09-17T21:33:23.604+0200] {dag.py:4180} INFO - Setting next_dagrun for example_subdag_operator to 2022-01-01 00:00:00+00:00, run_after=2022-01-01 00:00:00+00:00
[2026-09-17T21:33:23.605+0200] {logging_mixin.py:190} INFO - [2026-09-17T21:33:23.605+0200] {dag.py:4180} INFO - Setting next_dagrun for example_subdag_operator.section-1 to None, run_after=None
[2026-09-17T21:33:23.605+0200] {logging_mixin.py:190} INFO - [2026-09-17T21:33:23.605+0200] {dag.py:4180} INFO - Setting next_dagrun for example_subdag_operator.section-2 to None, run_after=None
[2026-09-17T21:33:23.607+0200] {logging_mixin.py:190} INFO - [2026-09-17T21:33:23.607+0200] {dag.py:3239} INFO - Sync 2 DAGs
[2026-09-17T21:33:23.608+0200] {logging_mixin.py:190} INFO - [2026-09-17T21:33:23.608+0200] {dag.py:4180} INFO - Setting next_dagrun for example_subdag_operator.section-1 to None, run_after=None
[2026-09-17T21:33:23.608+0200] {logging_mixin.py:190} INFO - [2026-09-17T21:33:23.608+0200] {dag.py:4180} INFO - Setting next_dagrun for example_subdag_operator.section-2 to None, run_after=None
[2026-09-17T21:33:23.611+0200] {processor.py:208} INFO - Processing /Users/swarnalidatta/Desktop/AutoQueryChatbot/.airflow-venv/lib/python3.12/site-packages/airflow/example_dags/example_subdag_operator.py took 0.220 seconds
[2026-09-17T21:34:28.342+0200] {processor.py:186} INFO - Started process (PID=94320) to work on /Users/swarnalidatta/Desktop/AutoQueryChatbot/.airflow-venv/lib/python3.12/site-packages/airflow/example_dags/example_subdag_operator.py
[2026-09-17T21:34:28.342+0200] {processor.py:914} INFO - Processing file /Users/swarnalidatta/Desktop/AutoQueryChatbot/.airflow-venv/lib/python3.12/site-packages/airflow/example_dags/example_subdag_operator.py for tasks to queue
[2026-09-17T21:34:28.343+0200] {logging_mixin.py:190} INFO - [2026-09-17T21:34:28.343+0200] {dagbag.py:588} INFO - Filling up the DagBag from /Users/swarnalidatta/Desktop/AutoQueryChatbot/.airflow-venv/lib/python3.12/site-packages/airflow/example_dags/example_subdag_operator.py
[2026-09-17T21:34:28.370+0200] {processor.py:925} INFO - DAG(s) 'example_subdag_operator.section-1', 'example_subdag_operator.section-2', 'example_subdag_operator' retrieved from /Users/swarnalidatta/Desktop/AutoQueryChatbot/.airflow-venv/lib/python3.12/site-packages/airflow/example_dags/example_subdag_operator.py
[2026-09-17T21:34:28.547+0200] {logging_mixin.py:190} INFO - [2026-09-17T21:34:28.547+0200] {dag.py:3239} INFO - Sync 3 DAGs
[2026-09-17T21:34:28.552+0200] {logging_mixin.py:190} INFO - [2026-09-17T21:34:28.552+0200] {dag.py:4180} INFO - Setting next_dagrun for example_subdag_operator to 2022-01-01 00:00:00+00:00, run_after=2022-01-01 00:00:00+00:00
[2026-09-17T21:34:28.553+0200] {logging_mixin.py:190} INFO - [2026-09-17T21:34:28.553+0200] {dag.py:4180} INFO - Setting next_dagrun for example_subdag_operator.section-1 to None, run_after=None
[2026-09-17T21:34:28.554+0200] {logging_mixin.py:190} INFO - [2026-09-17T21:34:28.553+0200] {dag.py:4180} INFO - Setting next_dagrun for example_subdag_operator.section-2 to None, run_after=None
[2026-09-17T21:34:28.555+0200] {logging_mixin.py:190} INFO - [2026-09-17T21:34:28.555+0200] {dag.py:3239} INFO - Sync 2 DAGs
[2026-09-17T21:34:28.556+0200] {logging_mixin.py:190} INFO - [2026-09-17T21:34:28.556+0200] {dag.py:4180} INFO - Setting next_dagrun for example_subdag_operator.section-1 to None, run_after=None
[2026-09-17T21:34:28.556+0200] {logging_mixin.py:190} INFO - [2026-09-17T21:34:28.556+0200] {dag.py:4180} INFO - Setting next_dagrun for example_subdag_operator.section-2 to None, run_after=None
[2026-09-17T21:34:28.559+0200] {processor.py:208} INFO - Processing /Users/swarnalidatta/Desktop/AutoQueryChatbot/.airflow-venv/lib/python3.12/site-packages/airflow/example_dags/example_subdag_operator.py took 0.218 seconds
[2026-09-17T21:35:34.071+0200] {processor.py:186} INFO - Started process (PID=94475) to work on /Users/swarnalidatta/Desktop/AutoQueryChatbot/.airflow-venv/lib/python3.12/site-packages/airflow/example_dags/example_subdag_operator.py
[2026-09-17T21:35:34.072+0200] {processor.py:914} INFO - Processing file /Users/swarnalidatta/Desktop/AutoQueryChatbot/.airflow-venv/lib/python3.12/site-packages/airflow/example_dags/example_subdag_operator.py for tasks to queue
[2026-09-17T21:35:34.072+0200] {logging_mixin.py:190} INFO - [2026-09-17T21:35:34.072+0200] {dagbag.py:588} INFO - Filling up the DagBag from /Users/swarnalidatta/Desktop/AutoQueryChatbot/.airflow-venv/lib/python3.12/site-packages/airflow/example_dags/example_subdag_operator.py
[2026-09-17T21:35:34.099+0200] {processor.py:925} INFO - DAG(s) 'example_subdag_operator.section-1', 'example_subdag_operator.section-2', 'example_subdag_operator' retrieved from /Users/swarnalidatta/Desktop/AutoQueryChatbot/.airflow-venv/lib/python3.12/site-packages/airflow/example_dags/example_subdag_operator.py
[2026-09-17T21:35:34.277+0200] {logging_mixin.py:190} INFO - [2026-09-17T21:35:34.277+0200] {dag.py:3239} INFO - Sync 3 DAGs
[2026-09-17T21:35:34.282+0200] {logging_mixin.py:190} INFO - [2026-09-17T21:35:34.282+0200] {dag.py:4180} INFO - Setting next_dagrun for example_subdag_operator to 2022-01-01 00:00:00+00:00, run_after=2022-01-01 00:00:00+00:00
[2026-09-17T21:35:34.283+0200] {logging_mixin.py:190} INFO - [2026-09-17T21:35:34.283+0200] {dag.py:4180} INFO - Setting next_dagrun for example_subdag_operator.section-1 to None, run_after=None
[2026-09-17T21:35:34.283+0200] {logging_mixin.py:190} INFO - [2026-09-17T21:35:34.283+0200] {dag.py:4180} INFO - Setting next_dagrun for example_subdag_operator.section-2 to None, run_after=None
[2026-09-17T21:35:34.285+0200] {logging_mixin.py:190} INFO - [2026-09-17T21:35:34.285+0200] {dag.py:3239} INFO - Sync 2 DAGs
[2026-09-17T21:35:34.286+0200] {logging_mixin.py:190} INFO - [2026-09-17T21:35:34.286+0200] {dag.py:4180} INFO - Setting next_dagrun for example_subdag_operator.section-1 to None, run_after=None
[2026-09-17T21:35:34.286+0200] {logging_mixin.py:190} INFO - [2026-09-17T21:35:34.286+0200] {dag.py:4180} INFO - Setting next_dagrun for example_subdag_operator.section-2 to None, run_after=None
[2026-09-17T21:35:34.289+0200] {processor.py:208} INFO - Processing /Users/swarnalidatta/Desktop/AutoQueryChatbot/.airflow-venv/lib/python3.12/site-packages/airflow/example_dags/example_subdag_operator.py took 0.219 seconds
[2026-09-17T21:36:39.749+0200] {processor.py:186} INFO - Started process (PID=94626) to work on /Users/swarnalidatta/Desktop/AutoQueryChatbot/.airflow-venv/lib/python3.12/site-packages/airflow/example_dags/example_subdag_operator.py
[2026-09-17T21:36:39.750+0200] {processor.py:914} INFO - Processing file /Users/swarnalidatta/Desktop/AutoQueryChatbot/.airflow-venv/lib/python3.12/site-packages/airflow/example_dags/example_subdag_operator.py for tasks to queue
[2026-09-17T21:36:39.750+0200] {logging_mixin.py:190} INFO - [2026-09-17T21:36:39.750+0200] {dagbag.py:588} INFO - Filling up the DagBag from /Users/swarnalidatta/Desktop/AutoQueryChatbot/.airflow-venv/lib/python3.12/site-packages/airflow/example_dags/example_subdag_operator.py
[2026-09-17T21:36:39.777+0200] {processor.py:925} INFO - DAG(s) 'example_subdag_operator.section-1', 'example_subdag_operator.section-2', 'example_subdag_operator' retrieved from /Users/swarnalidatta/Desktop/AutoQueryChatbot/.airflow-venv/lib/python3.12/site-packages/airflow/example_dags/example_subdag_operator.py
[2026-09-17T21:36:39.954+0200] {logging_mixin.py:190} INFO - [2026-09-17T21:36:39.954+0200] {dag.py:3239} INFO - Sync 3 DAGs
[2026-09-17T21:36:39.959+0200] {logging_mixin.py:190} INFO - [2026-09-17T21:36:39.959+0200] {dag.py:4180} INFO - Setting next_dagrun for example_subdag_operator to 2022-01-01 00:00:00+00:00, run_after=2022-01-01 00:00:00+00:00
[2026-09-17T21:36:39.960+0200] {logging_mixin.py:190} INFO - [2026-09-17T21:36:39.960+0200] {dag.py:4180} INFO - Setting next_dagrun for example_subdag_operator.section-1 to None, run_after=None
[2026-09-17T21:36:39.960+0200] {logging_mixin.py:190} INFO - [2026-09-17T21:36:39.960+0200] {dag.py:4180} INFO - Setting next_dagrun for example_subdag_operator.section-2 to None, run_after=None
[2026-09-17T21:36:39.962+0200] {logging_mixin.py:190} INFO - [2026-09-17T21:36:39.962+0200] {dag.py:3239} INFO - Sync 2 DAGs
[2026-09-17T21:36:39.963+0200] {logging_mixin.py:190} INFO - [2026-09-17T21:36:39.963+0200] {dag.py:4180} INFO - Setting next_dagrun for example_subdag_operator.section-1 to None, run_after=None
[2026-09-17T21:36:39.963+0200] {logging_mixin.py:190} INFO - [2026-09-17T21:36:39.963+0200] {dag.py:4180} INFO - Setting next_dagrun for example_subdag_operator.section-2 to None, run_after=None
[2026-09-17T21:36:39.966+0200] {processor.py:208} INFO - Processing /Users/swarnalidatta/Desktop/AutoQueryChatbot/.airflow-venv/lib/python3.12/site-packages/airflow/example_dags/example_subdag_operator.py took 0.217 seconds
[2026-09-17T21:37:44.329+0200] {processor.py:186} INFO - Started process (PID=94771) to work on /Users/swarnalidatta/Desktop/AutoQueryChatbot/.airflow-venv/lib/python3.12/site-packages/airflow/example_dags/example_subdag_operator.py
[2026-09-17T21:37:44.330+0200] {processor.py:914} INFO - Processing file /Users/swarnalidatta/Desktop/AutoQueryChatbot/.airflow-venv/lib/python3.12/site-packages/airflow/example_dags/example_subdag_operator.py for tasks to queue
[2026-09-17T21:37:44.330+0200] {logging_mixin.py:190} INFO - [2026-09-17T21:37:44.330+0200] {dagbag.py:588} INFO - Filling up the DagBag from /Users/swarnalidatta/Desktop/AutoQueryChatbot/.airflow-venv/lib/python3.12/site-packages/airflow/example_dags/example_subdag_operator.py
[2026-09-17T21:37:44.358+0200] {processor.py:925} INFO - DAG(s) 'example_subdag_operator.section-1', 'example_subdag_operator.section-2', 'example_subdag_operator' retrieved from /Users/swarnalidatta/Desktop/AutoQueryChatbot/.airflow-venv/lib/python3.12/site-packages/airflow/example_dags/example_subdag_operator.py
[2026-09-17T21:37:44.534+0200] {logging_mixin.py:190} INFO - [2026-09-17T21:37:44.534+0200] {dag.py:3239} INFO - Sync 3 DAGs
[2026-09-17T21:37:44.539+0200] {logging_mixin.py:190} INFO - [2026-09-17T21:37:44.539+0200] {dag.py:4180} INFO - Setting next_dagrun for example_subdag_operator to 2022-01-01 00:00:00+00:00, run_after=2022-01-01 00:00:00+00:00
[2026-09-17T21:37:44.540+0200] {logging_mixin.py:190} INFO - [2026-09-17T21:37:44.540+0200] {dag.py:4180} INFO - Setting next_dagrun for example_subdag_operator.section-1 to None, run_after=None
[2026-09-17T21:37:44.540+0200] {logging_mixin.py:190} INFO - [2026-09-17T21:37:44.540+0200] {dag.py:4180} INFO - Setting next_dagrun for example_subdag_operator.section-2 to None, run_after=None
[2026-09-17T21:37:44.542+0200] {logging_mixin.py:190} INFO - [2026-09-17T21:37:44.542+0200] {dag.py:3239} INFO - Sync 2 DAGs
[2026-09-17T21:37:44.543+0200] {logging_mixin.py:190} INFO - [2026-09-17T21:37:44.543+0200] {dag.py:4180} INFO - Setting next_dagrun for example_subdag_operator.section-1 to None, run_after=None
[2026-09-17T21:37:44.543+0200] {logging_mixin.py:190} INFO - [2026-09-17T21:37:44.543+0200] {dag.py:4180} INFO - Setting next_dagrun for example_subdag_operator.section-2 to None, run_after=None
[2026-09-17T21:37:44.546+0200] {processor.py:208} INFO - Processing /Users/swarnalidatta/Desktop/AutoQueryChatbot/.airflow-venv/lib/python3.12/site-packages/airflow/example_dags/example_subdag_operator.py took 0.218 seconds
[2026-09-17T21:49:03.748+0200] {processor.py:186} INFO - Started process (PID=95077) to work on /Users/swarnalidatta/Desktop/AutoQueryChatbot/.airflow-venv/lib/python3.12/site-packages/airflow/example_dags/example_subdag_operator.py
[2026-09-17T21:49:03.748+0200] {processor.py:914} INFO - Processing file /Users/swarnalidatta/Desktop/AutoQueryChatbot/.airflow-venv/lib/python3.12/site-packages/airflow/example_dags/example_subdag_operator.py for tasks to queue
[2026-09-17T21:49:03.749+0200] {logging_mixin.py:190} INFO - [2026-09-17T21:49:03.748+0200] {dagbag.py:588} INFO - Filling up the DagBag from /Users/swarnalidatta/Desktop/AutoQueryChatbot/.airflow-venv/lib/python3.12/site-packages/airflow/example_dags/example_subdag_operator.py
[2026-09-17T21:49:03.775+0200] {processor.py:925} INFO - DAG(s) 'example_subdag_operator.section-1', 'example_subdag_operator.section-2', 'example_subdag_operator' retrieved from /Users/swarnalidatta/Desktop/AutoQueryChatbot/.airflow-venv/lib/python3.12/site-packages/airflow/example_dags/example_subdag_operator.py
[2026-09-17T21:49:03.948+0200] {logging_mixin.py:190} INFO - [2026-09-17T21:49:03.948+0200] {dag.py:3239} INFO - Sync 3 DAGs
[2026-09-17T21:49:03.955+0200] {logging_mixin.py:190} INFO - [2026-09-17T21:49:03.955+0200] {dag.py:4180} INFO - Setting next_dagrun for example_subdag_operator to 2022-01-01 00:00:00+00:00, run_after=2022-01-01 00:00:00+00:00
[2026-09-17T21:49:03.956+0200] {logging_mixin.py:190} INFO - [2026-09-17T21:49:03.956+0200] {dag.py:4180} INFO - Setting next_dagrun for example_subdag_operator.section-1 to None, run_after=None
[2026-09-17T21:49:03.956+0200] {logging_mixin.py:190} INFO - [2026-09-17T21:49:03.956+0200] {dag.py:4180} INFO - Setting next_dagrun for example_subdag_operator.section-2 to None, run_after=None
[2026-09-17T21:49:03.958+0200] {logging_mixin.py:190} INFO - [2026-09-17T21:49:03.958+0200] {dag.py:3239} INFO - Sync 2 DAGs
[2026-09-17T21:49:03.959+0200] {logging_mixin.py:190} INFO - [2026-09-17T21:49:03.959+0200] {dag.py:4180} INFO - Setting next_dagrun for example_subdag_operator.section-1 to None, run_after=None
[2026-09-17T21:49:03.960+0200] {logging_mixin.py:190} INFO - [2026-09-17T21:49:03.960+0200] {dag.py:4180} INFO - Setting next_dagrun for example_subdag_operator.section-2 to None, run_after=None
[2026-09-17T21:49:03.963+0200] {processor.py:208} INFO - Processing /Users/swarnalidatta/Desktop/AutoQueryChatbot/.airflow-venv/lib/python3.12/site-packages/airflow/example_dags/example_subdag_operator.py took 0.217 seconds
[2026-09-17T21:50:09.321+0200] {processor.py:186} INFO - Started process (PID=95228) to work on /Users/swarnalidatta/Desktop/AutoQueryChatbot/.airflow-venv/lib/python3.12/site-packages/airflow/example_dags/example_subdag_operator.py
[2026-09-17T21:50:09.322+0200] {processor.py:914} INFO - Processing file /Users/swarnalidatta/Desktop/AutoQueryChatbot/.airflow-venv/lib/python3.12/site-packages/airflow/example_dags/example_subdag_operator.py for tasks to queue
[2026-09-17T21:50:09.322+0200] {logging_mixin.py:190} INFO - [2026-09-17T21:50:09.322+0200] {dagbag.py:588} INFO - Filling up the DagBag from /Users/swarnalidatta/Desktop/AutoQueryChatbot/.airflow-venv/lib/python3.12/site-packages/airflow/example_dags/example_subdag_operator.py
[2026-09-17T21:50:09.349+0200] {processor.py:925} INFO - DAG(s) 'example_subdag_operator.section-1', 'example_subdag_operator.section-2', 'example_subdag_operator' retrieved from /Users/swarnalidatta/Desktop/AutoQueryChatbot/.airflow-venv/lib/python3.12/site-packages/airflow/example_dags/example_subdag_operator.py
[2026-09-17T21:50:09.521+0200] {logging_mixin.py:190} INFO - [2026-09-17T21:50:09.521+0200] {dag.py:3239} INFO - Sync 3 DAGs
[2026-09-17T21:50:09.527+0200] {logging_mixin.py:190} INFO - [2026-09-17T21:50:09.527+0200] {dag.py:4180} INFO - Setting next_dagrun for example_subdag_operator to 2022-01-01 00:00:00+00:00, run_after=2022-01-01 00:00:00+00:00
[2026-09-17T21:50:09.527+0200] {logging_mixin.py:190} INFO - [2026-09-17T21:50:09.527+0200] {dag.py:4180} INFO - Setting next_dagrun for example_subdag_operator.section-1 to None, run_after=None
[2026-09-17T21:50:09.528+0200] {logging_mixin.py:190} INFO - [2026-09-17T21:50:09.528+0200] {dag.py:4180} INFO - Setting next_dagrun for example_subdag_operator.section-2 to None, run_after=None
[2026-09-17T21:50:09.529+0200] {logging_mixin.py:190} INFO - [2026-09-17T21:50:09.529+0200] {dag.py:3239} INFO - Sync 2 DAGs
[2026-09-17T21:50:09.530+0200] {logging_mixin.py:190} INFO - [2026-09-17T21:50:09.530+0200] {dag.py:4180} INFO - Setting next_dagrun for example_subdag_operator.section-1 to None, run_after=None
[2026-09-17T21:50:09.530+0200] {logging_mixin.py:190} INFO - [2026-09-17T21:50:09.530+0200] {dag.py:4180} INFO - Setting next_dagrun for example_subdag_operator.section-2 to None, run_after=None
[2026-09-17T21:50:09.533+0200] {processor.py:208} INFO - Processing /Users/swarnalidatta/Desktop/AutoQueryChatbot/.airflow-venv/lib/python3.12/site-packages/airflow/example_dags/example_subdag_operator.py took 0.213 seconds
[2026-09-17T21:51:13.950+0200] {processor.py:186} INFO - Started process (PID=95375) to work on /Users/swarnalidatta/Desktop/AutoQueryChatbot/.airflow-venv/lib/python3.12/site-packages/airflow/example_dags/example_subdag_operator.py
[2026-09-17T21:51:13.950+0200] {processor.py:914} INFO - Processing file /Users/swarnalidatta/Desktop/AutoQueryChatbot/.airflow-venv/lib/python3.12/site-packages/airflow/example_dags/example_subdag_operator.py for tasks to queue
[2026-09-17T21:51:13.951+0200] {logging_mixin.py:190} INFO - [2026-09-17T21:51:13.950+0200] {dagbag.py:588} INFO - Filling up the DagBag from /Users/swarnalidatta/Desktop/AutoQueryChatbot/.airflow-venv/lib/python3.12/site-packages/airflow/example_dags/example_subdag_operator.py
[2026-09-17T21:51:13.978+0200] {processor.py:925} INFO - DAG(s) 'example_subdag_operator.section-1', 'example_subdag_operator.section-2', 'example_subdag_operator' retrieved from /Users/swarnalidatta/Desktop/AutoQueryChatbot/.airflow-venv/lib/python3.12/site-packages/airflow/example_dags/example_subdag_operator.py
[2026-09-17T21:51:14.161+0200] {logging_mixin.py:190} INFO - [2026-09-17T21:51:14.160+0200] {dag.py:3239} INFO - Sync 3 DAGs
[2026-09-17T21:51:14.166+0200] {logging_mixin.py:190} INFO - [2026-09-17T21:51:14.166+0200] {dag.py:4180} INFO - Setting next_dagrun for example_subdag_operator to 2022-01-01 00:00:00+00:00, run_after=2022-01-01 00:00:00+00:00
[2026-09-17T21:51:14.167+0200] {logging_mixin.py:190} INFO - [2026-09-17T21:51:14.167+0200] {dag.py:4180} INFO - Setting next_dagrun for example_subdag_operator.section-1 to None, run_after=None
[2026-09-17T21:51:14.167+0200] {logging_mixin.py:190} INFO - [2026-09-17T21:51:14.167+0200] {dag.py:4180} INFO - Setting next_dagrun for example_subdag_operator.section-2 to None, run_after=None
[2026-09-17T21:51:14.169+0200] {logging_mixin.py:190} INFO - [2026-09-17T21:51:14.169+0200] {dag.py:3239} INFO - Sync 2 DAGs
[2026-09-17T21:51:14.170+0200] {logging_mixin.py:190} INFO - [2026-09-17T21:51:14.170+0200] {dag.py:4180} INFO - Setting next_dagrun for example_subdag_operator.section-1 to None, run_after=None
[2026-09-17T21:51:14.170+0200] {logging_mixin.py:190} INFO - [2026-09-17T21:51:14.170+0200] {dag.py:4180} INFO - Setting next_dagrun for example_subdag_operator.section-2 to None, run_after=None
[2026-09-17T21:51:14.173+0200] {processor.py:208} INFO - Processing /Users/swarnalidatta/Desktop/AutoQueryChatbot/.airflow-venv/lib/python3.12/site-packages/airflow/example_dags/example_subdag_operator.py took 0.224 seconds
[2026-09-17T21:53:19.717+0200] {processor.py:186} INFO - Started process (PID=95658) to work on /Users/swarnalidatta/Desktop/AutoQueryChatbot/.airflow-venv/lib/python3.12/site-packages/airflow/example_dags/example_subdag_operator.py
[2026-09-17T21:53:19.717+0200] {processor.py:914} INFO - Processing file /Users/swarnalidatta/Desktop/AutoQueryChatbot/.airflow-venv/lib/python3.12/site-packages/airflow/example_dags/example_subdag_operator.py for tasks to queue
[2026-09-17T21:53:19.718+0200] {logging_mixin.py:190} INFO - [2026-09-17T21:53:19.718+0200] {dagbag.py:588} INFO - Filling up the DagBag from /Users/swarnalidatta/Desktop/AutoQueryChatbot/.airflow-venv/lib/python3.12/site-packages/airflow/example_dags/example_subdag_operator.py
[2026-09-17T21:53:19.746+0200] {processor.py:925} INFO - DAG(s) 'example_subdag_operator.section-1', 'example_subdag_operator.section-2', 'example_subdag_operator' retrieved from /Users/swarnalidatta/Desktop/AutoQueryChatbot/.airflow-venv/lib/python3.12/site-packages/airflow/example_dags/example_subdag_operator.py
[2026-09-17T21:53:19.930+0200] {logging_mixin.py:190} INFO - [2026-09-17T21:53:19.930+0200] {dag.py:3239} INFO - Sync 3 DAGs
[2026-09-17T21:53:19.935+0200] {logging_mixin.py:190} INFO - [2026-09-17T21:53:19.935+0200] {dag.py:4180} INFO - Setting next_dagrun for example_subdag_operator to 2022-01-01 00:00:00+00:00, run_after=2022-01-01 00:00:00+00:00
[2026-09-17T21:53:19.936+0200] {logging_mixin.py:190} INFO - [2026-09-17T21:53:19.936+0200] {dag.py:4180} INFO - Setting next_dagrun for example_subdag_operator.section-1 to None, run_after=None
[2026-09-17T21:53:19.937+0200] {logging_mixin.py:190} INFO - [2026-09-17T21:53:19.937+0200] {dag.py:4180} INFO - Setting next_dagrun for example_subdag_operator.section-2 to None, run_after=None
[2026-09-17T21:53:19.938+0200] {logging_mixin.py:190} INFO - [2026-09-17T21:53:19.938+0200] {dag.py:3239} INFO - Sync 2 DAGs
[2026-09-17T21:53:19.939+0200] {logging_mixin.py:190} INFO - [2026-09-17T21:53:19.939+0200] {dag.py:4180} INFO - Setting next_dagrun for example_subdag_operator.section-1 to None, run_after=None
[2026-09-17T21:53:19.939+0200] {logging_mixin.py:190} INFO - [2026-09-17T21:53:19.939+0200] {dag.py:4180} INFO - Setting next_dagrun for example_subdag_operator.section-2 to None, run_after=None
[2026-09-17T21:53:19.942+0200] {processor.py:208} INFO - Processing /Users/swarnalidatta/Desktop/AutoQueryChatbot/.airflow-venv/lib/python3.12/site-packages/airflow/example_dags/example_subdag_operator.py took 0.226 seconds
[2026-09-17T21:54:26.211+0200] {processor.py:186} INFO - Started process (PID=95810) to work on /Users/swarnalidatta/Desktop/AutoQueryChatbot/.airflow-venv/lib/python3.12/site-packages/airflow/example_dags/example_subdag_operator.py
[2026-09-17T21:54:26.211+0200] {processor.py:914} INFO - Processing file /Users/swarnalidatta/Desktop/AutoQueryChatbot/.airflow-venv/lib/python3.12/site-packages/airflow/example_dags/example_subdag_operator.py for tasks to queue
[2026-09-17T21:54:26.212+0200] {logging_mixin.py:190} INFO - [2026-09-17T21:54:26.212+0200] {dagbag.py:588} INFO - Filling up the DagBag from /Users/swarnalidatta/Desktop/AutoQueryChatbot/.airflow-venv/lib/python3.12/site-packages/airflow/example_dags/example_subdag_operator.py
[2026-09-17T21:54:26.239+0200] {processor.py:925} INFO - DAG(s) 'example_subdag_operator.section-1', 'example_subdag_operator.section-2', 'example_subdag_operator' retrieved from /Users/swarnalidatta/Desktop/AutoQueryChatbot/.airflow-venv/lib/python3.12/site-packages/airflow/example_dags/example_subdag_operator.py
[2026-09-17T21:54:26.411+0200] {logging_mixin.py:190} INFO - [2026-09-17T21:54:26.411+0200] {dag.py:3239} INFO - Sync 3 DAGs
[2026-09-17T21:54:26.416+0200] {logging_mixin.py:190} INFO - [2026-09-17T21:54:26.416+0200] {dag.py:4180} INFO - Setting next_dagrun for example_subdag_operator to 2022-01-01 00:00:00+00:00, run_after=2022-01-01 00:00:00+00:00
[2026-09-17T21:54:26.417+0200] {logging_mixin.py:190} INFO - [2026-09-17T21:54:26.417+0200] {dag.py:4180} INFO - Setting next_dagrun for example_subdag_operator.section-1 to None, run_after=None
[2026-09-17T21:54:26.418+0200] {logging_mixin.py:190} INFO - [2026-09-17T21:54:26.417+0200] {dag.py:4180} INFO - Setting next_dagrun for example_subdag_operator.section-2 to None, run_after=None
[2026-09-17T21:54:26.419+0200] {logging_mixin.py:190} INFO - [2026-09-17T21:54:26.419+0200] {dag.py:3239} INFO - Sync 2 DAGs
[2026-09-17T21:54:26.420+0200] {logging_mixin.py:190} INFO - [2026-09-17T21:54:26.420+0200] {dag.py:4180} INFO - Setting next_dagrun for example_subdag_operator.section-1 to None, run_after=None
[2026-09-17T21:54:26.420+0200] {logging_mixin.py:190} INFO - [2026-09-17T21:54:26.420+0200] {dag.py:4180} INFO - Setting next_dagrun for example_subdag_operator.section-2 to None, run_after=None
[2026-09-17T21:54:26.423+0200] {processor.py:208} INFO - Processing /Users/swarnalidatta/Desktop/AutoQueryChatbot/.airflow-venv/lib/python3.12/site-packages/airflow/example_dags/example_subdag_operator.py took 0.213 seconds
[2026-09-17T21:55:29.525+0200] {processor.py:186} INFO - Started process (PID=95958) to work on /Users/swarnalidatta/Desktop/AutoQueryChatbot/.airflow-venv/lib/python3.12/site-packages/airflow/example_dags/example_subdag_operator.py
[2026-09-17T21:55:29.525+0200] {processor.py:914} INFO - Processing file /Users/swarnalidatta/Desktop/AutoQueryChatbot/.airflow-venv/lib/python3.12/site-packages/airflow/example_dags/example_subdag_operator.py for tasks to queue
[2026-09-17T21:55:29.526+0200] {logging_mixin.py:190} INFO - [2026-09-17T21:55:29.526+0200] {dagbag.py:588} INFO - Filling up the DagBag from /Users/swarnalidatta/Desktop/AutoQueryChatbot/.airflow-venv/lib/python3.12/site-packages/airflow/example_dags/example_subdag_operator.py
[2026-09-17T21:55:29.553+0200] {processor.py:925} INFO - DAG(s) 'example_subdag_operator.section-1', 'example_subdag_operator.section-2', 'example_subdag_operator' retrieved from /Users/swarnalidatta/Desktop/AutoQueryChatbot/.airflow-venv/lib/python3.12/site-packages/airflow/example_dags/example_subdag_operator.py
[2026-09-17T21:55:29.730+0200] {logging_mixin.py:190} INFO - [2026-09-17T21:55:29.730+0200] {dag.py:3239} INFO - Sync 3 DAGs
[2026-09-17T21:55:29.736+0200] {logging_mixin.py:190} INFO - [2026-09-17T21:55:29.736+0200] {dag.py:4180} INFO - Setting next_dagrun for example_subdag_operator to 2022-01-01 00:00:00+00:00, run_after=2022-01-01 00:00:00+00:00
[2026-09-17T21:55:29.737+0200] {logging_mixin.py:190} INFO - [2026-09-17T21:55:29.737+0200] {dag.py:4180} INFO - Setting next_dagrun for example_subdag_operator.section-1 to None, run_after=None
[2026-09-17T21:55:29.737+0200] {logging_mixin.py:190} INFO - [2026-09-17T21:55:29.737+0200] {dag.py:4180} INFO - Setting next_dagrun for example_subdag_operator.section-2 to None, run_after=None
[2026-09-17T21:55:29.738+0200] {logging_mixin.py:190} INFO - [2026-09-17T21:55:29.738+0200] {dag.py:3239} INFO - Sync 2 DAGs
[2026-09-17T21:55:29.739+0200] {logging_mixin.py:190} INFO - [2026-09-17T21:55:29.739+0200] {dag.py:4180} INFO - Setting next_dagrun for example_subdag_operator.section-1 to None, run_after=None
[2026-09-17T21:55:29.739+0200] {logging_mixin.py:190} INFO - [2026-09-17T21:55:29.739+0200] {dag.py:4180} INFO - Setting next_dagrun for example_subdag_operator.section-2 to None, run_after=None
[2026-09-17T21:55:29.743+0200] {processor.py:208} INFO - Processing /Users/swarnalidatta/Desktop/AutoQueryChatbot/.airflow-venv/lib/python3.12/site-packages/airflow/example_dags/example_subdag_operator.py took 0.218 seconds
[2026-09-17T21:56:34.242+0200] {processor.py:186} INFO - Started process (PID=96103) to work on /Users/swarnalidatta/Desktop/AutoQueryChatbot/.airflow-venv/lib/python3.12/site-packages/airflow/example_dags/example_subdag_operator.py
[2026-09-17T21:56:34.243+0200] {processor.py:914} INFO - Processing file /Users/swarnalidatta/Desktop/AutoQueryChatbot/.airflow-venv/lib/python3.12/site-packages/airflow/example_dags/example_subdag_operator.py for tasks to queue
[2026-09-17T21:56:34.243+0200] {logging_mixin.py:190} INFO - [2026-09-17T21:56:34.243+0200] {dagbag.py:588} INFO - Filling up the DagBag from /Users/swarnalidatta/Desktop/AutoQueryChatbot/.airflow-venv/lib/python3.12/site-packages/airflow/example_dags/example_subdag_operator.py
[2026-09-17T21:56:34.271+0200] {processor.py:925} INFO - DAG(s) 'example_subdag_operator.section-1', 'example_subdag_operator.section-2', 'example_subdag_operator' retrieved from /Users/swarnalidatta/Desktop/AutoQueryChatbot/.airflow-venv/lib/python3.12/site-packages/airflow/example_dags/example_subdag_operator.py
[2026-09-17T21:56:34.448+0200] {logging_mixin.py:190} INFO - [2026-09-17T21:56:34.448+0200] {dag.py:3239} INFO - Sync 3 DAGs
[2026-09-17T21:56:34.453+0200] {logging_mixin.py:190} INFO - [2026-09-17T21:56:34.453+0200] {dag.py:4180} INFO - Setting next_dagrun for example_subdag_operator to 2022-01-01 00:00:00+00:00, run_after=2022-01-01 00:00:00+00:00
[2026-09-17T21:56:34.454+0200] {logging_mixin.py:190} INFO - [2026-09-17T21:56:34.454+0200] {dag.py:4180} INFO - Setting next_dagrun for example_subdag_operator.section-1 to None, run_after=None
[2026-09-17T21:56:34.455+0200] {logging_mixin.py:190} INFO - [2026-09-17T21:56:34.455+0200] {dag.py:4180} INFO - Setting next_dagrun for example_subdag_operator.section-2 to None, run_after=None
[2026-09-17T21:56:34.456+0200] {logging_mixin.py:190} INFO - [2026-09-17T21:56:34.456+0200] {dag.py:3239} INFO - Sync 2 DAGs
[2026-09-17T21:56:34.457+0200] {logging_mixin.py:190} INFO - [2026-09-17T21:56:34.457+0200] {dag.py:4180} INFO - Setting next_dagrun for example_subdag_operator.section-1 to None, run_after=None
[2026-09-17T21:56:34.457+0200] {logging_mixin.py:190} INFO - [2026-09-17T21:56:34.457+0200] {dag.py:4180} INFO - Setting next_dagrun for example_subdag_operator.section-2 to None, run_after=None
[2026-09-17T21:56:34.460+0200] {processor.py:208} INFO - Processing /Users/swarnalidatta/Desktop/AutoQueryChatbot/.airflow-venv/lib/python3.12/site-packages/airflow/example_dags/example_subdag_operator.py took 0.219 seconds
[2026-09-17T21:57:39.922+0200] {processor.py:186} INFO - Started process (PID=96250) to work on /Users/swarnalidatta/Desktop/AutoQueryChatbot/.airflow-venv/lib/python3.12/site-packages/airflow/example_dags/example_subdag_operator.py
[2026-09-17T21:57:39.923+0200] {processor.py:914} INFO - Processing file /Users/swarnalidatta/Desktop/AutoQueryChatbot/.airflow-venv/lib/python3.12/site-packages/airflow/example_dags/example_subdag_operator.py for tasks to queue
[2026-09-17T21:57:39.923+0200] {logging_mixin.py:190} INFO - [2026-09-17T21:57:39.923+0200] {dagbag.py:588} INFO - Filling up the DagBag from /Users/swarnalidatta/Desktop/AutoQueryChatbot/.airflow-venv/lib/python3.12/site-packages/airflow/example_dags/example_subdag_operator.py
[2026-09-17T21:57:39.951+0200] {processor.py:925} INFO - DAG(s) 'example_subdag_operator.section-1', 'example_subdag_operator.section-2', 'example_subdag_operator' retrieved from /Users/swarnalidatta/Desktop/AutoQueryChatbot/.airflow-venv/lib/python3.12/site-packages/airflow/example_dags/example_subdag_operator.py
[2026-09-17T21:57:40.129+0200] {logging_mixin.py:190} INFO - [2026-09-17T21:57:40.129+0200] {dag.py:3239} INFO - Sync 3 DAGs
[2026-09-17T21:57:40.135+0200] {logging_mixin.py:190} INFO - [2026-09-17T21:57:40.135+0200] {dag.py:4180} INFO - Setting next_dagrun for example_subdag_operator to 2022-01-01 00:00:00+00:00, run_after=2022-01-01 00:00:00+00:00
[2026-09-17T21:57:40.136+0200] {logging_mixin.py:190} INFO - [2026-09-17T21:57:40.136+0200] {dag.py:4180} INFO - Setting next_dagrun for example_subdag_operator.section-1 to None, run_after=None
[2026-09-17T21:57:40.136+0200] {logging_mixin.py:190} INFO - [2026-09-17T21:57:40.136+0200] {dag.py:4180} INFO - Setting next_dagrun for example_subdag_operator.section-2 to None, run_after=None
[2026-09-17T21:57:40.137+0200] {logging_mixin.py:190} INFO - [2026-09-17T21:57:40.137+0200] {dag.py:3239} INFO - Sync 2 DAGs
[2026-09-17T21:57:40.138+0200] {logging_mixin.py:190} INFO - [2026-09-17T21:57:40.138+0200] {dag.py:4180} INFO - Setting next_dagrun for example_subdag_operator.section-1 to None, run_after=None
[2026-09-17T21:57:40.138+0200] {logging_mixin.py:190} INFO - [2026-09-17T21:57:40.138+0200] {dag.py:4180} INFO - Setting next_dagrun for example_subdag_operator.section-2 to None, run_after=None
[2026-09-17T21:57:40.141+0200] {processor.py:208} INFO - Processing /Users/swarnalidatta/Desktop/AutoQueryChatbot/.airflow-venv/lib/python3.12/site-packages/airflow/example_dags/example_subdag_operator.py took 0.220 seconds
[2026-09-17T21:59:46.885+0200] {processor.py:186} INFO - Started process (PID=96536) to work on /Users/swarnalidatta/Desktop/AutoQueryChatbot/.airflow-venv/lib/python3.12/site-packages/airflow/example_dags/example_subdag_operator.py
[2026-09-17T21:59:46.885+0200] {processor.py:914} INFO - Processing file /Users/swarnalidatta/Desktop/AutoQueryChatbot/.airflow-venv/lib/python3.12/site-packages/airflow/example_dags/example_subdag_operator.py for tasks to queue
[2026-09-17T21:59:46.885+0200] {logging_mixin.py:190} INFO - [2026-09-17T21:59:46.885+0200] {dagbag.py:588} INFO - Filling up the DagBag from /Users/swarnalidatta/Desktop/AutoQueryChatbot/.airflow-venv/lib/python3.12/site-packages/airflow/example_dags/example_subdag_operator.py
[2026-09-17T21:59:46.913+0200] {processor.py:925} INFO - DAG(s) 'example_subdag_operator.section-1', 'example_subdag_operator.section-2', 'example_subdag_operator' retrieved from /Users/swarnalidatta/Desktop/AutoQueryChatbot/.airflow-venv/lib/python3.12/site-packages/airflow/example_dags/example_subdag_operator.py
[2026-09-17T21:59:47.090+0200] {logging_mixin.py:190} INFO - [2026-09-17T21:59:47.090+0200] {dag.py:3239} INFO - Sync 3 DAGs
[2026-09-17T21:59:47.096+0200] {logging_mixin.py:190} INFO - [2026-09-17T21:59:47.096+0200] {dag.py:4180} INFO - Setting next_dagrun for example_subdag_operator to 2022-01-01 00:00:00+00:00, run_after=2022-01-01 00:00:00+00:00
[2026-09-17T21:59:47.097+0200] {logging_mixin.py:190} INFO - [2026-09-17T21:59:47.097+0200] {dag.py:4180} INFO - Setting next_dagrun for example_subdag_operator.section-1 to None, run_after=None
[2026-09-17T21:59:47.097+0200] {logging_mixin.py:190} INFO - [2026-09-17T21:59:47.097+0200] {dag.py:4180} INFO - Setting next_dagrun for example_subdag_operator.section-2 to None, run_after=None
[2026-09-17T21:59:47.098+0200] {logging_mixin.py:190} INFO - [2026-09-17T21:59:47.098+0200] {dag.py:3239} INFO - Sync 2 DAGs
[2026-09-17T21:59:47.099+0200] {logging_mixin.py:190} INFO - [2026-09-17T21:59:47.099+0200] {dag.py:4180} INFO - Setting next_dagrun for example_subdag_operator.section-1 to None, run_after=None
[2026-09-17T21:59:47.099+0200] {logging_mixin.py:190} INFO - [2026-09-17T21:59:47.099+0200] {dag.py:4180} INFO - Setting next_dagrun for example_subdag_operator.section-2 to None, run_after=None
[2026-09-17T21:59:47.102+0200] {processor.py:208} INFO - Processing /Users/swarnalidatta/Desktop/AutoQueryChatbot/.airflow-venv/lib/python3.12/site-packages/airflow/example_dags/example_subdag_operator.py took 0.219 seconds
[2026-09-17T22:19:48.060+0200] {processor.py:186} INFO - Started process (PID=96739) to work on /Users/swarnalidatta/Desktop/AutoQueryChatbot/.airflow-venv/lib/python3.12/site-packages/airflow/example_dags/example_subdag_operator.py
[2026-09-17T22:19:48.061+0200] {processor.py:914} INFO - Processing file /Users/swarnalidatta/Desktop/AutoQueryChatbot/.airflow-venv/lib/python3.12/site-packages/airflow/example_dags/example_subdag_operator.py for tasks to queue
[2026-09-17T22:19:48.061+0200] {logging_mixin.py:190} INFO - [2026-09-17T22:19:48.061+0200] {dagbag.py:588} INFO - Filling up the DagBag from /Users/swarnalidatta/Desktop/AutoQueryChatbot/.airflow-venv/lib/python3.12/site-packages/airflow/example_dags/example_subdag_operator.py
[2026-09-17T22:19:48.089+0200] {processor.py:925} INFO - DAG(s) 'example_subdag_operator.section-1', 'example_subdag_operator.section-2', 'example_subdag_operator' retrieved from /Users/swarnalidatta/Desktop/AutoQueryChatbot/.airflow-venv/lib/python3.12/site-packages/airflow/example_dags/example_subdag_operator.py
[2026-09-17T22:19:48.270+0200] {logging_mixin.py:190} INFO - [2026-09-17T22:19:48.269+0200] {dag.py:3239} INFO - Sync 3 DAGs
[2026-09-17T22:19:48.276+0200] {logging_mixin.py:190} INFO - [2026-09-17T22:19:48.276+0200] {dag.py:4180} INFO - Setting next_dagrun for example_subdag_operator to 2022-01-01 00:00:00+00:00, run_after=2022-01-01 00:00:00+00:00
[2026-09-17T22:19:48.277+0200] {logging_mixin.py:190} INFO - [2026-09-17T22:19:48.277+0200] {dag.py:4180} INFO - Setting next_dagrun for example_subdag_operator.section-1 to None, run_after=None
[2026-09-17T22:19:48.277+0200] {logging_mixin.py:190} INFO - [2026-09-17T22:19:48.277+0200] {dag.py:4180} INFO - Setting next_dagrun for example_subdag_operator.section-2 to None, run_after=None
[2026-09-17T22:19:48.279+0200] {logging_mixin.py:190} INFO - [2026-09-17T22:19:48.279+0200] {dag.py:3239} INFO - Sync 2 DAGs
[2026-09-17T22:19:48.280+0200] {logging_mixin.py:190} INFO - [2026-09-17T22:19:48.280+0200] {dag.py:4180} INFO - Setting next_dagrun for example_subdag_operator.section-1 to None, run_after=None
[2026-09-17T22:19:48.280+0200] {logging_mixin.py:190} INFO - [2026-09-17T22:19:48.280+0200] {dag.py:4180} INFO - Setting next_dagrun for example_subdag_operator.section-2 to None, run_after=None
[2026-09-17T22:19:48.283+0200] {processor.py:208} INFO - Processing /Users/swarnalidatta/Desktop/AutoQueryChatbot/.airflow-venv/lib/python3.12/site-packages/airflow/example_dags/example_subdag_operator.py took 0.224 seconds
[2026-09-17T22:36:31.464+0200] {processor.py:186} INFO - Started process (PID=96955) to work on /Users/swarnalidatta/Desktop/AutoQueryChatbot/.airflow-venv/lib/python3.12/site-packages/airflow/example_dags/example_subdag_operator.py
[2026-09-17T22:36:31.464+0200] {processor.py:914} INFO - Processing file /Users/swarnalidatta/Desktop/AutoQueryChatbot/.airflow-venv/lib/python3.12/site-packages/airflow/example_dags/example_subdag_operator.py for tasks to queue
[2026-09-17T22:36:31.465+0200] {logging_mixin.py:190} INFO - [2026-09-17T22:36:31.465+0200] {dagbag.py:588} INFO - Filling up the DagBag from /Users/swarnalidatta/Desktop/AutoQueryChatbot/.airflow-venv/lib/python3.12/site-packages/airflow/example_dags/example_subdag_operator.py
[2026-09-17T22:36:31.494+0200] {processor.py:925} INFO - DAG(s) 'example_subdag_operator.section-1', 'example_subdag_operator.section-2', 'example_subdag_operator' retrieved from /Users/swarnalidatta/Desktop/AutoQueryChatbot/.airflow-venv/lib/python3.12/site-packages/airflow/example_dags/example_subdag_operator.py
[2026-09-17T22:36:31.683+0200] {logging_mixin.py:190} INFO - [2026-09-17T22:36:31.683+0200] {dag.py:3239} INFO - Sync 3 DAGs
[2026-09-17T22:36:31.688+0200] {logging_mixin.py:190} INFO - [2026-09-17T22:36:31.688+0200] {dag.py:4180} INFO - Setting next_dagrun for example_subdag_operator to 2022-01-01 00:00:00+00:00, run_after=2022-01-01 00:00:00+00:00
[2026-09-17T22:36:31.689+0200] {logging_mixin.py:190} INFO - [2026-09-17T22:36:31.689+0200] {dag.py:4180} INFO - Setting next_dagrun for example_subdag_operator.section-1 to None, run_after=None
[2026-09-17T22:36:31.690+0200] {logging_mixin.py:190} INFO - [2026-09-17T22:36:31.690+0200] {dag.py:4180} INFO - Setting next_dagrun for example_subdag_operator.section-2 to None, run_after=None
[2026-09-17T22:36:31.691+0200] {logging_mixin.py:190} INFO - [2026-09-17T22:36:31.691+0200] {dag.py:3239} INFO - Sync 2 DAGs
[2026-09-17T22:36:31.692+0200] {logging_mixin.py:190} INFO - [2026-09-17T22:36:31.692+0200] {dag.py:4180} INFO - Setting next_dagrun for example_subdag_operator.section-1 to None, run_after=None
[2026-09-17T22:36:31.692+0200] {logging_mixin.py:190} INFO - [2026-09-17T22:36:31.692+0200] {dag.py:4180} INFO - Setting next_dagrun for example_subdag_operator.section-2 to None, run_after=None
[2026-09-17T22:36:31.695+0200] {processor.py:208} INFO - Processing /Users/swarnalidatta/Desktop/AutoQueryChatbot/.airflow-venv/lib/python3.12/site-packages/airflow/example_dags/example_subdag_operator.py took 0.232 seconds
[2026-09-17T22:37:38.985+0200] {processor.py:186} INFO - Started process (PID=97129) to work on /Users/swarnalidatta/Desktop/AutoQueryChatbot/.airflow-venv/lib/python3.12/site-packages/airflow/example_dags/example_subdag_operator.py
[2026-09-17T22:37:38.986+0200] {processor.py:914} INFO - Processing file /Users/swarnalidatta/Desktop/AutoQueryChatbot/.airflow-venv/lib/python3.12/site-packages/airflow/example_dags/example_subdag_operator.py for tasks to queue
[2026-09-17T22:37:38.986+0200] {logging_mixin.py:190} INFO - [2026-09-17T22:37:38.986+0200] {dagbag.py:588} INFO - Filling up the DagBag from /Users/swarnalidatta/Desktop/AutoQueryChatbot/.airflow-venv/lib/python3.12/site-packages/airflow/example_dags/example_subdag_operator.py
[2026-09-17T22:37:39.014+0200] {processor.py:925} INFO - DAG(s) 'example_subdag_operator.section-1', 'example_subdag_operator.section-2', 'example_subdag_operator' retrieved from /Users/swarnalidatta/Desktop/AutoQueryChatbot/.airflow-venv/lib/python3.12/site-packages/airflow/example_dags/example_subdag_operator.py
[2026-09-17T22:37:39.193+0200] {logging_mixin.py:190} INFO - [2026-09-17T22:37:39.193+0200] {dag.py:3239} INFO - Sync 3 DAGs
[2026-09-17T22:37:39.199+0200] {logging_mixin.py:190} INFO - [2026-09-17T22:37:39.199+0200] {dag.py:4180} INFO - Setting next_dagrun for example_subdag_operator to 2022-01-01 00:00:00+00:00, run_after=2022-01-01 00:00:00+00:00
[2026-09-17T22:37:39.200+0200] {logging_mixin.py:190} INFO - [2026-09-17T22:37:39.199+0200] {dag.py:4180} INFO - Setting next_dagrun for example_subdag_operator.section-1 to None, run_after=None
[2026-09-17T22:37:39.200+0200] {logging_mixin.py:190} INFO - [2026-09-17T22:37:39.200+0200] {dag.py:4180} INFO - Setting next_dagrun for example_subdag_operator.section-2 to None, run_after=None
[2026-09-17T22:37:39.201+0200] {logging_mixin.py:190} INFO - [2026-09-17T22:37:39.201+0200] {dag.py:3239} INFO - Sync 2 DAGs
[2026-09-17T22:37:39.202+0200] {logging_mixin.py:190} INFO - [2026-09-17T22:37:39.202+0200] {dag.py:4180} INFO - Setting next_dagrun for example_subdag_operator.section-1 to None, run_after=None
[2026-09-17T22:37:39.202+0200] {logging_mixin.py:190} INFO - [2026-09-17T22:37:39.202+0200] {dag.py:4180} INFO - Setting next_dagrun for example_subdag_operator.section-2 to None, run_after=None
[2026-09-17T22:37:39.205+0200] {processor.py:208} INFO - Processing /Users/swarnalidatta/Desktop/AutoQueryChatbot/.airflow-venv/lib/python3.12/site-packages/airflow/example_dags/example_subdag_operator.py took 0.221 seconds
[2026-09-17T22:38:46.313+0200] {processor.py:186} INFO - Started process (PID=97288) to work on /Users/swarnalidatta/Desktop/AutoQueryChatbot/.airflow-venv/lib/python3.12/site-packages/airflow/example_dags/example_subdag_operator.py
[2026-09-17T22:38:46.313+0200] {processor.py:914} INFO - Processing file /Users/swarnalidatta/Desktop/AutoQueryChatbot/.airflow-venv/lib/python3.12/site-packages/airflow/example_dags/example_subdag_operator.py for tasks to queue
[2026-09-17T22:38:46.314+0200] {logging_mixin.py:190} INFO - [2026-09-17T22:38:46.314+0200] {dagbag.py:588} INFO - Filling up the DagBag from /Users/swarnalidatta/Desktop/AutoQueryChatbot/.airflow-venv/lib/python3.12/site-packages/airflow/example_dags/example_subdag_operator.py
[2026-09-17T22:38:46.340+0200] {processor.py:925} INFO - DAG(s) 'example_subdag_operator.section-1', 'example_subdag_operator.section-2', 'example_subdag_operator' retrieved from /Users/swarnalidatta/Desktop/AutoQueryChatbot/.airflow-venv/lib/python3.12/site-packages/airflow/example_dags/example_subdag_operator.py
[2026-09-17T22:38:46.509+0200] {logging_mixin.py:190} INFO - [2026-09-17T22:38:46.509+0200] {dag.py:3239} INFO - Sync 3 DAGs
[2026-09-17T22:38:46.514+0200] {logging_mixin.py:190} INFO - [2026-09-17T22:38:46.514+0200] {dag.py:4180} INFO - Setting next_dagrun for example_subdag_operator to 2022-01-01 00:00:00+00:00, run_after=2022-01-01 00:00:00+00:00
[2026-09-17T22:38:46.515+0200] {logging_mixin.py:190} INFO - [2026-09-17T22:38:46.515+0200] {dag.py:4180} INFO - Setting next_dagrun for example_subdag_operator.section-1 to None, run_after=None
[2026-09-17T22:38:46.515+0200] {logging_mixin.py:190} INFO - [2026-09-17T22:38:46.515+0200] {dag.py:4180} INFO - Setting next_dagrun for example_subdag_operator.section-2 to None, run_after=None
[2026-09-17T22:38:46.517+0200] {logging_mixin.py:190} INFO - [2026-09-17T22:38:46.517+0200] {dag.py:3239} INFO - Sync 2 DAGs
[2026-09-17T22:38:46.518+0200] {logging_mixin.py:190} INFO - [2026-09-17T22:38:46.518+0200] {dag.py:4180} INFO - Setting next_dagrun for example_subdag_operator.section-1 to None, run_after=None
[2026-09-17T22:38:46.518+0200] {logging_mixin.py:190} INFO - [2026-09-17T22:38:46.518+0200] {dag.py:4180} INFO - Setting next_dagrun for example_subdag_operator.section-2 to None, run_after=None
[2026-09-17T22:38:46.521+0200] {processor.py:208} INFO - Processing /Users/swarnalidatta/Desktop/AutoQueryChatbot/.airflow-venv/lib/python3.12/site-packages/airflow/example_dags/example_subdag_operator.py took 0.209 seconds
[2026-09-17T22:39:55.806+0200] {processor.py:186} INFO - Started process (PID=97444) to work on /Users/swarnalidatta/Desktop/AutoQueryChatbot/.airflow-venv/lib/python3.12/site-packages/airflow/example_dags/example_subdag_operator.py
[2026-09-17T22:39:55.806+0200] {processor.py:914} INFO - Processing file /Users/swarnalidatta/Desktop/AutoQueryChatbot/.airflow-venv/lib/python3.12/site-packages/airflow/example_dags/example_subdag_operator.py for tasks to queue
[2026-09-17T22:39:55.807+0200] {logging_mixin.py:190} INFO - [2026-09-17T22:39:55.806+0200] {dagbag.py:588} INFO - Filling up the DagBag from /Users/swarnalidatta/Desktop/AutoQueryChatbot/.airflow-venv/lib/python3.12/site-packages/airflow/example_dags/example_subdag_operator.py
[2026-09-17T22:39:55.833+0200] {processor.py:925} INFO - DAG(s) 'example_subdag_operator.section-1', 'example_subdag_operator.section-2', 'example_subdag_operator' retrieved from /Users/swarnalidatta/Desktop/AutoQueryChatbot/.airflow-venv/lib/python3.12/site-packages/airflow/example_dags/example_subdag_operator.py
[2026-09-17T22:39:56.002+0200] {logging_mixin.py:190} INFO - [2026-09-17T22:39:56.002+0200] {dag.py:3239} INFO - Sync 3 DAGs
[2026-09-17T22:39:56.007+0200] {logging_mixin.py:190} INFO - [2026-09-17T22:39:56.007+0200] {dag.py:4180} INFO - Setting next_dagrun for example_subdag_operator to 2022-01-01 00:00:00+00:00, run_after=2022-01-01 00:00:00+00:00
[2026-09-17T22:39:56.008+0200] {logging_mixin.py:190} INFO - [2026-09-17T22:39:56.008+0200] {dag.py:4180} INFO - Setting next_dagrun for example_subdag_operator.section-1 to None, run_after=None
[2026-09-17T22:39:56.008+0200] {logging_mixin.py:190} INFO - [2026-09-17T22:39:56.008+0200] {dag.py:4180} INFO - Setting next_dagrun for example_subdag_operator.section-2 to None, run_after=None
[2026-09-17T22:39:56.010+0200] {logging_mixin.py:190} INFO - [2026-09-17T22:39:56.010+0200] {dag.py:3239} INFO - Sync 2 DAGs
[2026-09-17T22:39:56.011+0200] {logging_mixin.py:190} INFO - [2026-09-17T22:39:56.011+0200] {dag.py:4180} INFO - Setting next_dagrun for example_subdag_operator.section-1 to None, run_after=None
[2026-09-17T22:39:56.011+0200] {logging_mixin.py:190} INFO - [2026-09-17T22:39:56.011+0200] {dag.py:4180} INFO - Setting next_dagrun for example_subdag_operator.section-2 to None, run_after=None
[2026-09-17T22:39:56.014+0200] {processor.py:208} INFO - Processing /Users/swarnalidatta/Desktop/AutoQueryChatbot/.airflow-venv/lib/python3.12/site-packages/airflow/example_dags/example_subdag_operator.py took 0.209 seconds
[2026-09-17T22:41:00.956+0200] {processor.py:186} INFO - Started process (PID=97594) to work on /Users/swarnalidatta/Desktop/AutoQueryChatbot/.airflow-venv/lib/python3.12/site-packages/airflow/example_dags/example_subdag_operator.py
[2026-09-17T22:41:00.956+0200] {processor.py:914} INFO - Processing file /Users/swarnalidatta/Desktop/AutoQueryChatbot/.airflow-venv/lib/python3.12/site-packages/airflow/example_dags/example_subdag_operator.py for tasks to queue
[2026-09-17T22:41:00.956+0200] {logging_mixin.py:190} INFO - [2026-09-17T22:41:00.956+0200] {dagbag.py:588} INFO - Filling up the DagBag from /Users/swarnalidatta/Desktop/AutoQueryChatbot/.airflow-venv/lib/python3.12/site-packages/airflow/example_dags/example_subdag_operator.py
[2026-09-17T22:41:00.983+0200] {processor.py:925} INFO - DAG(s) 'example_subdag_operator.section-1', 'example_subdag_operator.section-2', 'example_subdag_operator' retrieved from /Users/swarnalidatta/Desktop/AutoQueryChatbot/.airflow-venv/lib/python3.12/site-packages/airflow/example_dags/example_subdag_operator.py
[2026-09-17T22:41:01.151+0200] {logging_mixin.py:190} INFO - [2026-09-17T22:41:01.151+0200] {dag.py:3239} INFO - Sync 3 DAGs
[2026-09-17T22:41:01.156+0200] {logging_mixin.py:190} INFO - [2026-09-17T22:41:01.156+0200] {dag.py:4180} INFO - Setting next_dagrun for example_subdag_operator to 2022-01-01 00:00:00+00:00, run_after=2022-01-01 00:00:00+00:00
[2026-09-17T22:41:01.157+0200] {logging_mixin.py:190} INFO - [2026-09-17T22:41:01.157+0200] {dag.py:4180} INFO - Setting next_dagrun for example_subdag_operator.section-1 to None, run_after=None
[2026-09-17T22:41:01.158+0200] {logging_mixin.py:190} INFO - [2026-09-17T22:41:01.157+0200] {dag.py:4180} INFO - Setting next_dagrun for example_subdag_operator.section-2 to None, run_after=None
[2026-09-17T22:41:01.159+0200] {logging_mixin.py:190} INFO - [2026-09-17T22:41:01.159+0200] {dag.py:3239} INFO - Sync 2 DAGs
[2026-09-17T22:41:01.160+0200] {logging_mixin.py:190} INFO - [2026-09-17T22:41:01.160+0200] {dag.py:4180} INFO - Setting next_dagrun for example_subdag_operator.section-1 to None, run_after=None
[2026-09-17T22:41:01.160+0200] {logging_mixin.py:190} INFO - [2026-09-17T22:41:01.160+0200] {dag.py:4180} INFO - Setting next_dagrun for example_subdag_operator.section-2 to None, run_after=None
[2026-09-17T22:41:01.163+0200] {processor.py:208} INFO - Processing /Users/swarnalidatta/Desktop/AutoQueryChatbot/.airflow-venv/lib/python3.12/site-packages/airflow/example_dags/example_subdag_operator.py took 0.208 seconds
[2026-09-17T22:42:08.607+0200] {processor.py:186} INFO - Started process (PID=97746) to work on /Users/swarnalidatta/Desktop/AutoQueryChatbot/.airflow-venv/lib/python3.12/site-packages/airflow/example_dags/example_subdag_operator.py
[2026-09-17T22:42:08.608+0200] {processor.py:914} INFO - Processing file /Users/swarnalidatta/Desktop/AutoQueryChatbot/.airflow-venv/lib/python3.12/site-packages/airflow/example_dags/example_subdag_operator.py for tasks to queue
[2026-09-17T22:42:08.608+0200] {logging_mixin.py:190} INFO - [2026-09-17T22:42:08.608+0200] {dagbag.py:588} INFO - Filling up the DagBag from /Users/swarnalidatta/Desktop/AutoQueryChatbot/.airflow-venv/lib/python3.12/site-packages/airflow/example_dags/example_subdag_operator.py
[2026-09-17T22:42:08.634+0200] {processor.py:925} INFO - DAG(s) 'example_subdag_operator.section-1', 'example_subdag_operator.section-2', 'example_subdag_operator' retrieved from /Users/swarnalidatta/Desktop/AutoQueryChatbot/.airflow-venv/lib/python3.12/site-packages/airflow/example_dags/example_subdag_operator.py
[2026-09-17T22:42:08.802+0200] {logging_mixin.py:190} INFO - [2026-09-17T22:42:08.802+0200] {dag.py:3239} INFO - Sync 3 DAGs
[2026-09-17T22:42:08.808+0200] {logging_mixin.py:190} INFO - [2026-09-17T22:42:08.807+0200] {dag.py:4180} INFO - Setting next_dagrun for example_subdag_operator to 2022-01-01 00:00:00+00:00, run_after=2022-01-01 00:00:00+00:00
[2026-09-17T22:42:08.808+0200] {logging_mixin.py:190} INFO - [2026-09-17T22:42:08.808+0200] {dag.py:4180} INFO - Setting next_dagrun for example_subdag_operator.section-1 to None, run_after=None
[2026-09-17T22:42:08.809+0200] {logging_mixin.py:190} INFO - [2026-09-17T22:42:08.809+0200] {dag.py:4180} INFO - Setting next_dagrun for example_subdag_operator.section-2 to None, run_after=None
[2026-09-17T22:42:08.810+0200] {logging_mixin.py:190} INFO - [2026-09-17T22:42:08.810+0200] {dag.py:3239} INFO - Sync 2 DAGs
[2026-09-17T22:42:08.811+0200] {logging_mixin.py:190} INFO - [2026-09-17T22:42:08.811+0200] {dag.py:4180} INFO - Setting next_dagrun for example_subdag_operator.section-1 to None, run_after=None
[2026-09-17T22:42:08.811+0200] {logging_mixin.py:190} INFO - [2026-09-17T22:42:08.811+0200] {dag.py:4180} INFO - Setting next_dagrun for example_subdag_operator.section-2 to None, run_after=None
[2026-09-17T22:42:08.814+0200] {processor.py:208} INFO - Processing /Users/swarnalidatta/Desktop/AutoQueryChatbot/.airflow-venv/lib/python3.12/site-packages/airflow/example_dags/example_subdag_operator.py took 0.208 seconds
[2026-09-17T22:43:12.466+0200] {processor.py:186} INFO - Started process (PID=97903) to work on /Users/swarnalidatta/Desktop/AutoQueryChatbot/.airflow-venv/lib/python3.12/site-packages/airflow/example_dags/example_subdag_operator.py
[2026-09-17T22:43:12.466+0200] {processor.py:914} INFO - Processing file /Users/swarnalidatta/Desktop/AutoQueryChatbot/.airflow-venv/lib/python3.12/site-packages/airflow/example_dags/example_subdag_operator.py for tasks to queue
[2026-09-17T22:43:12.467+0200] {logging_mixin.py:190} INFO - [2026-09-17T22:43:12.467+0200] {dagbag.py:588} INFO - Filling up the DagBag from /Users/swarnalidatta/Desktop/AutoQueryChatbot/.airflow-venv/lib/python3.12/site-packages/airflow/example_dags/example_subdag_operator.py
[2026-09-17T22:43:12.494+0200] {processor.py:925} INFO - DAG(s) 'example_subdag_operator.section-1', 'example_subdag_operator.section-2', 'example_subdag_operator' retrieved from /Users/swarnalidatta/Desktop/AutoQueryChatbot/.airflow-venv/lib/python3.12/site-packages/airflow/example_dags/example_subdag_operator.py
[2026-09-17T22:43:12.665+0200] {logging_mixin.py:190} INFO - [2026-09-17T22:43:12.665+0200] {dag.py:3239} INFO - Sync 3 DAGs
[2026-09-17T22:43:12.670+0200] {logging_mixin.py:190} INFO - [2026-09-17T22:43:12.670+0200] {dag.py:4180} INFO - Setting next_dagrun for example_subdag_operator to 2022-01-01 00:00:00+00:00, run_after=2022-01-01 00:00:00+00:00
[2026-09-17T22:43:12.671+0200] {logging_mixin.py:190} INFO - [2026-09-17T22:43:12.671+0200] {dag.py:4180} INFO - Setting next_dagrun for example_subdag_operator.section-1 to None, run_after=None
[2026-09-17T22:43:12.671+0200] {logging_mixin.py:190} INFO - [2026-09-17T22:43:12.671+0200] {dag.py:4180} INFO - Setting next_dagrun for example_subdag_operator.section-2 to None, run_after=None
[2026-09-17T22:43:12.673+0200] {logging_mixin.py:190} INFO - [2026-09-17T22:43:12.673+0200] {dag.py:3239} INFO - Sync 2 DAGs
[2026-09-17T22:43:12.674+0200] {logging_mixin.py:190} INFO - [2026-09-17T22:43:12.674+0200] {dag.py:4180} INFO - Setting next_dagrun for example_subdag_operator.section-1 to None, run_after=None
[2026-09-17T22:43:12.674+0200] {logging_mixin.py:190} INFO - [2026-09-17T22:43:12.674+0200] {dag.py:4180} INFO - Setting next_dagrun for example_subdag_operator.section-2 to None, run_after=None
[2026-09-17T22:43:12.677+0200] {processor.py:208} INFO - Processing /Users/swarnalidatta/Desktop/AutoQueryChatbot/.airflow-venv/lib/python3.12/site-packages/airflow/example_dags/example_subdag_operator.py took 0.212 seconds
[2026-09-17T23:00:30.159+0200] {processor.py:186} INFO - Started process (PID=98059) to work on /Users/swarnalidatta/Desktop/AutoQueryChatbot/.airflow-venv/lib/python3.12/site-packages/airflow/example_dags/example_subdag_operator.py
[2026-09-17T23:00:30.159+0200] {processor.py:914} INFO - Processing file /Users/swarnalidatta/Desktop/AutoQueryChatbot/.airflow-venv/lib/python3.12/site-packages/airflow/example_dags/example_subdag_operator.py for tasks to queue
[2026-09-17T23:00:30.159+0200] {logging_mixin.py:190} INFO - [2026-09-17T23:00:30.159+0200] {dagbag.py:588} INFO - Filling up the DagBag from /Users/swarnalidatta/Desktop/AutoQueryChatbot/.airflow-venv/lib/python3.12/site-packages/airflow/example_dags/example_subdag_operator.py
[2026-09-17T23:00:30.185+0200] {processor.py:925} INFO - DAG(s) 'example_subdag_operator.section-1', 'example_subdag_operator.section-2', 'example_subdag_operator' retrieved from /Users/swarnalidatta/Desktop/AutoQueryChatbot/.airflow-venv/lib/python3.12/site-packages/airflow/example_dags/example_subdag_operator.py
[2026-09-17T23:00:30.355+0200] {logging_mixin.py:190} INFO - [2026-09-17T23:00:30.355+0200] {dag.py:3239} INFO - Sync 3 DAGs
[2026-09-17T23:00:30.360+0200] {logging_mixin.py:190} INFO - [2026-09-17T23:00:30.360+0200] {dag.py:4180} INFO - Setting next_dagrun for example_subdag_operator to 2022-01-01 00:00:00+00:00, run_after=2022-01-01 00:00:00+00:00
[2026-09-17T23:00:30.361+0200] {logging_mixin.py:190} INFO - [2026-09-17T23:00:30.361+0200] {dag.py:4180} INFO - Setting next_dagrun for example_subdag_operator.section-1 to None, run_after=None
[2026-09-17T23:00:30.361+0200] {logging_mixin.py:190} INFO - [2026-09-17T23:00:30.361+0200] {dag.py:4180} INFO - Setting next_dagrun for example_subdag_operator.section-2 to None, run_after=None
[2026-09-17T23:00:30.362+0200] {logging_mixin.py:190} INFO - [2026-09-17T23:00:30.362+0200] {dag.py:3239} INFO - Sync 2 DAGs
[2026-09-17T23:00:30.363+0200] {logging_mixin.py:190} INFO - [2026-09-17T23:00:30.363+0200] {dag.py:4180} INFO - Setting next_dagrun for example_subdag_operator.section-1 to None, run_after=None
[2026-09-17T23:00:30.363+0200] {logging_mixin.py:190} INFO - [2026-09-17T23:00:30.363+0200] {dag.py:4180} INFO - Setting next_dagrun for example_subdag_operator.section-2 to None, run_after=None
[2026-09-17T23:00:30.366+0200] {processor.py:208} INFO - Processing /Users/swarnalidatta/Desktop/AutoQueryChatbot/.airflow-venv/lib/python3.12/site-packages/airflow/example_dags/example_subdag_operator.py took 0.209 seconds
[2026-09-17T23:32:33.395+0200] {processor.py:186} INFO - Started process (PID=98302) to work on /Users/swarnalidatta/Desktop/AutoQueryChatbot/.airflow-venv/lib/python3.12/site-packages/airflow/example_dags/example_subdag_operator.py
[2026-09-17T23:32:33.395+0200] {processor.py:914} INFO - Processing file /Users/swarnalidatta/Desktop/AutoQueryChatbot/.airflow-venv/lib/python3.12/site-packages/airflow/example_dags/example_subdag_operator.py for tasks to queue
[2026-09-17T23:32:33.395+0200] {logging_mixin.py:190} INFO - [2026-09-17T23:32:33.395+0200] {dagbag.py:588} INFO - Filling up the DagBag from /Users/swarnalidatta/Desktop/AutoQueryChatbot/.airflow-venv/lib/python3.12/site-packages/airflow/example_dags/example_subdag_operator.py
[2026-09-17T23:32:33.421+0200] {processor.py:925} INFO - DAG(s) 'example_subdag_operator.section-1', 'example_subdag_operator.section-2', 'example_subdag_operator' retrieved from /Users/swarnalidatta/Desktop/AutoQueryChatbot/.airflow-venv/lib/python3.12/site-packages/airflow/example_dags/example_subdag_operator.py
[2026-09-17T23:32:33.587+0200] {logging_mixin.py:190} INFO - [2026-09-17T23:32:33.587+0200] {dag.py:3239} INFO - Sync 3 DAGs
[2026-09-17T23:32:33.592+0200] {logging_mixin.py:190} INFO - [2026-09-17T23:32:33.592+0200] {dag.py:4180} INFO - Setting next_dagrun for example_subdag_operator to 2022-01-01 00:00:00+00:00, run_after=2022-01-01 00:00:00+00:00
[2026-09-17T23:32:33.593+0200] {logging_mixin.py:190} INFO - [2026-09-17T23:32:33.593+0200] {dag.py:4180} INFO - Setting next_dagrun for example_subdag_operator.section-1 to None, run_after=None
[2026-09-17T23:32:33.593+0200] {logging_mixin.py:190} INFO - [2026-09-17T23:32:33.593+0200] {dag.py:4180} INFO - Setting next_dagrun for example_subdag_operator.section-2 to None, run_after=None
[2026-09-17T23:32:33.595+0200] {logging_mixin.py:190} INFO - [2026-09-17T23:32:33.595+0200] {dag.py:3239} INFO - Sync 2 DAGs
[2026-09-17T23:32:33.596+0200] {logging_mixin.py:190} INFO - [2026-09-17T23:32:33.596+0200] {dag.py:4180} INFO - Setting next_dagrun for example_subdag_operator.section-1 to None, run_after=None
[2026-09-17T23:32:33.596+0200] {logging_mixin.py:190} INFO - [2026-09-17T23:32:33.596+0200] {dag.py:4180} INFO - Setting next_dagrun for example_subdag_operator.section-2 to None, run_after=None
[2026-09-17T23:32:33.599+0200] {processor.py:208} INFO - Processing /Users/swarnalidatta/Desktop/AutoQueryChatbot/.airflow-venv/lib/python3.12/site-packages/airflow/example_dags/example_subdag_operator.py took 0.205 seconds
[2026-09-17T23:49:14.342+0200] {processor.py:186} INFO - Started process (PID=98455) to work on /Users/swarnalidatta/Desktop/AutoQueryChatbot/.airflow-venv/lib/python3.12/site-packages/airflow/example_dags/example_subdag_operator.py
[2026-09-17T23:49:14.342+0200] {processor.py:914} INFO - Processing file /Users/swarnalidatta/Desktop/AutoQueryChatbot/.airflow-venv/lib/python3.12/site-packages/airflow/example_dags/example_subdag_operator.py for tasks to queue
[2026-09-17T23:49:14.343+0200] {logging_mixin.py:190} INFO - [2026-09-17T23:49:14.342+0200] {dagbag.py:588} INFO - Filling up the DagBag from /Users/swarnalidatta/Desktop/AutoQueryChatbot/.airflow-venv/lib/python3.12/site-packages/airflow/example_dags/example_subdag_operator.py
[2026-09-17T23:49:14.369+0200] {processor.py:925} INFO - DAG(s) 'example_subdag_operator.section-1', 'example_subdag_operator.section-2', 'example_subdag_operator' retrieved from /Users/swarnalidatta/Desktop/AutoQueryChatbot/.airflow-venv/lib/python3.12/site-packages/airflow/example_dags/example_subdag_operator.py
[2026-09-17T23:49:14.535+0200] {logging_mixin.py:190} INFO - [2026-09-17T23:49:14.535+0200] {dag.py:3239} INFO - Sync 3 DAGs
[2026-09-17T23:49:14.540+0200] {logging_mixin.py:190} INFO - [2026-09-17T23:49:14.540+0200] {dag.py:4180} INFO - Setting next_dagrun for example_subdag_operator to 2022-01-01 00:00:00+00:00, run_after=2022-01-01 00:00:00+00:00
[2026-09-17T23:49:14.541+0200] {logging_mixin.py:190} INFO - [2026-09-17T23:49:14.541+0200] {dag.py:4180} INFO - Setting next_dagrun for example_subdag_operator.section-1 to None, run_after=None
[2026-09-17T23:49:14.541+0200] {logging_mixin.py:190} INFO - [2026-09-17T23:49:14.541+0200] {dag.py:4180} INFO - Setting next_dagrun for example_subdag_operator.section-2 to None, run_after=None
[2026-09-17T23:49:14.542+0200] {logging_mixin.py:190} INFO - [2026-09-17T23:49:14.542+0200] {dag.py:3239} INFO - Sync 2 DAGs
[2026-09-17T23:49:14.543+0200] {logging_mixin.py:190} INFO - [2026-09-17T23:49:14.543+0200] {dag.py:4180} INFO - Setting next_dagrun for example_subdag_operator.section-1 to None, run_after=None
[2026-09-17T23:49:14.543+0200] {logging_mixin.py:190} INFO - [2026-09-17T23:49:14.543+0200] {dag.py:4180} INFO - Setting next_dagrun for example_subdag_operator.section-2 to None, run_after=None
[2026-09-17T23:49:14.547+0200] {processor.py:208} INFO - Processing /Users/swarnalidatta/Desktop/AutoQueryChatbot/.airflow-venv/lib/python3.12/site-packages/airflow/example_dags/example_subdag_operator.py took 0.206 seconds
[2026-09-18T00:10:34.491+0200] {processor.py:186} INFO - Started process (PID=98710) to work on /Users/swarnalidatta/Desktop/AutoQueryChatbot/.airflow-venv/lib/python3.12/site-packages/airflow/example_dags/example_subdag_operator.py
[2026-09-18T00:10:34.491+0200] {processor.py:914} INFO - Processing file /Users/swarnalidatta/Desktop/AutoQueryChatbot/.airflow-venv/lib/python3.12/site-packages/airflow/example_dags/example_subdag_operator.py for tasks to queue
[2026-09-18T00:10:34.492+0200] {logging_mixin.py:190} INFO - [2026-09-18T00:10:34.492+0200] {dagbag.py:588} INFO - Filling up the DagBag from /Users/swarnalidatta/Desktop/AutoQueryChatbot/.airflow-venv/lib/python3.12/site-packages/airflow/example_dags/example_subdag_operator.py
[2026-09-18T00:10:34.520+0200] {processor.py:925} INFO - DAG(s) 'example_subdag_operator.section-1', 'example_subdag_operator.section-2', 'example_subdag_operator' retrieved from /Users/swarnalidatta/Desktop/AutoQueryChatbot/.airflow-venv/lib/python3.12/site-packages/airflow/example_dags/example_subdag_operator.py
[2026-09-18T00:10:34.700+0200] {logging_mixin.py:190} INFO - [2026-09-18T00:10:34.700+0200] {dag.py:3239} INFO - Sync 3 DAGs
[2026-09-18T00:10:34.705+0200] {logging_mixin.py:190} INFO - [2026-09-18T00:10:34.705+0200] {dag.py:4180} INFO - Setting next_dagrun for example_subdag_operator to 2022-01-01 00:00:00+00:00, run_after=2022-01-01 00:00:00+00:00
[2026-09-18T00:10:34.706+0200] {logging_mixin.py:190} INFO - [2026-09-18T00:10:34.706+0200] {dag.py:4180} INFO - Setting next_dagrun for example_subdag_operator.section-1 to None, run_after=None
[2026-09-18T00:10:34.706+0200] {logging_mixin.py:190} INFO - [2026-09-18T00:10:34.706+0200] {dag.py:4180} INFO - Setting next_dagrun for example_subdag_operator.section-2 to None, run_after=None
[2026-09-18T00:10:34.708+0200] {logging_mixin.py:190} INFO - [2026-09-18T00:10:34.708+0200] {dag.py:3239} INFO - Sync 2 DAGs
[2026-09-18T00:10:34.709+0200] {logging_mixin.py:190} INFO - [2026-09-18T00:10:34.709+0200] {dag.py:4180} INFO - Setting next_dagrun for example_subdag_operator.section-1 to None, run_after=None
[2026-09-18T00:10:34.709+0200] {logging_mixin.py:190} INFO - [2026-09-18T00:10:34.709+0200] {dag.py:4180} INFO - Setting next_dagrun for example_subdag_operator.section-2 to None, run_after=None
[2026-09-18T00:10:34.713+0200] {processor.py:208} INFO - Processing /Users/swarnalidatta/Desktop/AutoQueryChatbot/.airflow-venv/lib/python3.12/site-packages/airflow/example_dags/example_subdag_operator.py took 0.223 seconds
[2026-09-18T00:21:14.781+0200] {processor.py:186} INFO - Started process (PID=98865) to work on /Users/swarnalidatta/Desktop/AutoQueryChatbot/.airflow-venv/lib/python3.12/site-packages/airflow/example_dags/example_subdag_operator.py
[2026-09-18T00:21:14.781+0200] {processor.py:914} INFO - Processing file /Users/swarnalidatta/Desktop/AutoQueryChatbot/.airflow-venv/lib/python3.12/site-packages/airflow/example_dags/example_subdag_operator.py for tasks to queue
[2026-09-18T00:21:14.781+0200] {logging_mixin.py:190} INFO - [2026-09-18T00:21:14.781+0200] {dagbag.py:588} INFO - Filling up the DagBag from /Users/swarnalidatta/Desktop/AutoQueryChatbot/.airflow-venv/lib/python3.12/site-packages/airflow/example_dags/example_subdag_operator.py
[2026-09-18T00:21:14.808+0200] {processor.py:925} INFO - DAG(s) 'example_subdag_operator.section-1', 'example_subdag_operator.section-2', 'example_subdag_operator' retrieved from /Users/swarnalidatta/Desktop/AutoQueryChatbot/.airflow-venv/lib/python3.12/site-packages/airflow/example_dags/example_subdag_operator.py
[2026-09-18T00:21:14.977+0200] {logging_mixin.py:190} INFO - [2026-09-18T00:21:14.976+0200] {dag.py:3239} INFO - Sync 3 DAGs
[2026-09-18T00:21:14.982+0200] {logging_mixin.py:190} INFO - [2026-09-18T00:21:14.982+0200] {dag.py:4180} INFO - Setting next_dagrun for example_subdag_operator to 2022-01-01 00:00:00+00:00, run_after=2022-01-01 00:00:00+00:00
[2026-09-18T00:21:14.983+0200] {logging_mixin.py:190} INFO - [2026-09-18T00:21:14.983+0200] {dag.py:4180} INFO - Setting next_dagrun for example_subdag_operator.section-1 to None, run_after=None
[2026-09-18T00:21:14.983+0200] {logging_mixin.py:190} INFO - [2026-09-18T00:21:14.983+0200] {dag.py:4180} INFO - Setting next_dagrun for example_subdag_operator.section-2 to None, run_after=None
[2026-09-18T00:21:14.984+0200] {logging_mixin.py:190} INFO - [2026-09-18T00:21:14.984+0200] {dag.py:3239} INFO - Sync 2 DAGs
[2026-09-18T00:21:14.985+0200] {logging_mixin.py:190} INFO - [2026-09-18T00:21:14.985+0200] {dag.py:4180} INFO - Setting next_dagrun for example_subdag_operator.section-1 to None, run_after=None
[2026-09-18T00:21:14.985+0200] {logging_mixin.py:190} INFO - [2026-09-18T00:21:14.985+0200] {dag.py:4180} INFO - Setting next_dagrun for example_subdag_operator.section-2 to None, run_after=None
[2026-09-18T00:21:14.988+0200] {processor.py:208} INFO - Processing /Users/swarnalidatta/Desktop/AutoQueryChatbot/.airflow-venv/lib/python3.12/site-packages/airflow/example_dags/example_subdag_operator.py took 0.209 seconds
[2026-09-18T00:30:44.478+0200] {processor.py:186} INFO - Started process (PID=99102) to work on /Users/swarnalidatta/Desktop/AutoQueryChatbot/.airflow-venv/lib/python3.12/site-packages/airflow/example_dags/example_subdag_operator.py
[2026-09-18T00:30:44.478+0200] {processor.py:914} INFO - Processing file /Users/swarnalidatta/Desktop/AutoQueryChatbot/.airflow-venv/lib/python3.12/site-packages/airflow/example_dags/example_subdag_operator.py for tasks to queue
[2026-09-18T00:30:44.479+0200] {logging_mixin.py:190} INFO - [2026-09-18T00:30:44.479+0200] {dagbag.py:588} INFO - Filling up the DagBag from /Users/swarnalidatta/Desktop/AutoQueryChatbot/.airflow-venv/lib/python3.12/site-packages/airflow/example_dags/example_subdag_operator.py
[2026-09-18T00:30:44.506+0200] {processor.py:925} INFO - DAG(s) 'example_subdag_operator.section-1', 'example_subdag_operator.section-2', 'example_subdag_operator' retrieved from /Users/swarnalidatta/Desktop/AutoQueryChatbot/.airflow-venv/lib/python3.12/site-packages/airflow/example_dags/example_subdag_operator.py
[2026-09-18T00:30:44.676+0200] {logging_mixin.py:190} INFO - [2026-09-18T00:30:44.676+0200] {dag.py:3239} INFO - Sync 3 DAGs
[2026-09-18T00:30:44.681+0200] {logging_mixin.py:190} INFO - [2026-09-18T00:30:44.681+0200] {dag.py:4180} INFO - Setting next_dagrun for example_subdag_operator to 2022-01-01 00:00:00+00:00, run_after=2022-01-01 00:00:00+00:00
[2026-09-18T00:30:44.682+0200] {logging_mixin.py:190} INFO - [2026-09-18T00:30:44.682+0200] {dag.py:4180} INFO - Setting next_dagrun for example_subdag_operator.section-1 to None, run_after=None
[2026-09-18T00:30:44.682+0200] {logging_mixin.py:190} INFO - [2026-09-18T00:30:44.682+0200] {dag.py:4180} INFO - Setting next_dagrun for example_subdag_operator.section-2 to None, run_after=None
[2026-09-18T00:30:44.684+0200] {logging_mixin.py:190} INFO - [2026-09-18T00:30:44.684+0200] {dag.py:3239} INFO - Sync 2 DAGs
[2026-09-18T00:30:44.685+0200] {logging_mixin.py:190} INFO - [2026-09-18T00:30:44.685+0200] {dag.py:4180} INFO - Setting next_dagrun for example_subdag_operator.section-1 to None, run_after=None
[2026-09-18T00:30:44.685+0200] {logging_mixin.py:190} INFO - [2026-09-18T00:30:44.685+0200] {dag.py:4180} INFO - Setting next_dagrun for example_subdag_operator.section-2 to None, run_after=None
[2026-09-18T00:30:44.688+0200] {processor.py:208} INFO - Processing /Users/swarnalidatta/Desktop/AutoQueryChatbot/.airflow-venv/lib/python3.12/site-packages/airflow/example_dags/example_subdag_operator.py took 0.211 seconds
[2026-09-18T00:41:13.930+0200] {processor.py:186} INFO - Started process (PID=99427) to work on /Users/swarnalidatta/Desktop/AutoQueryChatbot/.airflow-venv/lib/python3.12/site-packages/airflow/example_dags/example_subdag_operator.py
[2026-09-18T00:41:13.931+0200] {processor.py:914} INFO - Processing file /Users/swarnalidatta/Desktop/AutoQueryChatbot/.airflow-venv/lib/python3.12/site-packages/airflow/example_dags/example_subdag_operator.py for tasks to queue
[2026-09-18T00:41:13.931+0200] {logging_mixin.py:190} INFO - [2026-09-18T00:41:13.931+0200] {dagbag.py:588} INFO - Filling up the DagBag from /Users/swarnalidatta/Desktop/AutoQueryChatbot/.airflow-venv/lib/python3.12/site-packages/airflow/example_dags/example_subdag_operator.py
[2026-09-18T00:41:13.958+0200] {processor.py:925} INFO - DAG(s) 'example_subdag_operator.section-1', 'example_subdag_operator.section-2', 'example_subdag_operator' retrieved from /Users/swarnalidatta/Desktop/AutoQueryChatbot/.airflow-venv/lib/python3.12/site-packages/airflow/example_dags/example_subdag_operator.py
[2026-09-18T00:41:14.126+0200] {logging_mixin.py:190} INFO - [2026-09-18T00:41:14.126+0200] {dag.py:3239} INFO - Sync 3 DAGs
[2026-09-18T00:41:14.131+0200] {logging_mixin.py:190} INFO - [2026-09-18T00:41:14.131+0200] {dag.py:4180} INFO - Setting next_dagrun for example_subdag_operator to 2022-01-01 00:00:00+00:00, run_after=2022-01-01 00:00:00+00:00
[2026-09-18T00:41:14.132+0200] {logging_mixin.py:190} INFO - [2026-09-18T00:41:14.132+0200] {dag.py:4180} INFO - Setting next_dagrun for example_subdag_operator.section-1 to None, run_after=None
[2026-09-18T00:41:14.132+0200] {logging_mixin.py:190} INFO - [2026-09-18T00:41:14.132+0200] {dag.py:4180} INFO - Setting next_dagrun for example_subdag_operator.section-2 to None, run_after=None
[2026-09-18T00:41:14.134+0200] {logging_mixin.py:190} INFO - [2026-09-18T00:41:14.134+0200] {dag.py:3239} INFO - Sync 2 DAGs
[2026-09-18T00:41:14.135+0200] {logging_mixin.py:190} INFO - [2026-09-18T00:41:14.135+0200] {dag.py:4180} INFO - Setting next_dagrun for example_subdag_operator.section-1 to None, run_after=None
[2026-09-18T00:41:14.135+0200] {logging_mixin.py:190} INFO - [2026-09-18T00:41:14.135+0200] {dag.py:4180} INFO - Setting next_dagrun for example_subdag_operator.section-2 to None, run_after=None
[2026-09-18T00:41:14.138+0200] {processor.py:208} INFO - Processing /Users/swarnalidatta/Desktop/AutoQueryChatbot/.airflow-venv/lib/python3.12/site-packages/airflow/example_dags/example_subdag_operator.py took 0.208 seconds
[2026-09-18T00:45:43.731+0200] {processor.py:186} INFO - Started process (PID=99604) to work on /Users/swarnalidatta/Desktop/AutoQueryChatbot/.airflow-venv/lib/python3.12/site-packages/airflow/example_dags/example_subdag_operator.py
[2026-09-18T00:45:43.731+0200] {processor.py:914} INFO - Processing file /Users/swarnalidatta/Desktop/AutoQueryChatbot/.airflow-venv/lib/python3.12/site-packages/airflow/example_dags/example_subdag_operator.py for tasks to queue
[2026-09-18T00:45:43.732+0200] {logging_mixin.py:190} INFO - [2026-09-18T00:45:43.732+0200] {dagbag.py:588} INFO - Filling up the DagBag from /Users/swarnalidatta/Desktop/AutoQueryChatbot/.airflow-venv/lib/python3.12/site-packages/airflow/example_dags/example_subdag_operator.py
[2026-09-18T00:45:43.758+0200] {processor.py:925} INFO - DAG(s) 'example_subdag_operator.section-1', 'example_subdag_operator.section-2', 'example_subdag_operator' retrieved from /Users/swarnalidatta/Desktop/AutoQueryChatbot/.airflow-venv/lib/python3.12/site-packages/airflow/example_dags/example_subdag_operator.py
[2026-09-18T00:45:43.925+0200] {logging_mixin.py:190} INFO - [2026-09-18T00:45:43.925+0200] {dag.py:3239} INFO - Sync 3 DAGs
[2026-09-18T00:45:43.930+0200] {logging_mixin.py:190} INFO - [2026-09-18T00:45:43.930+0200] {dag.py:4180} INFO - Setting next_dagrun for example_subdag_operator to 2022-01-01 00:00:00+00:00, run_after=2022-01-01 00:00:00+00:00
[2026-09-18T00:45:43.931+0200] {logging_mixin.py:190} INFO - [2026-09-18T00:45:43.931+0200] {dag.py:4180} INFO - Setting next_dagrun for example_subdag_operator.section-1 to None, run_after=None
[2026-09-18T00:45:43.931+0200] {logging_mixin.py:190} INFO - [2026-09-18T00:45:43.931+0200] {dag.py:4180} INFO - Setting next_dagrun for example_subdag_operator.section-2 to None, run_after=None
[2026-09-18T00:45:43.933+0200] {logging_mixin.py:190} INFO - [2026-09-18T00:45:43.933+0200] {dag.py:3239} INFO - Sync 2 DAGs
[2026-09-18T00:45:43.934+0200] {logging_mixin.py:190} INFO - [2026-09-18T00:45:43.934+0200] {dag.py:4180} INFO - Setting next_dagrun for example_subdag_operator.section-1 to None, run_after=None
[2026-09-18T00:45:43.934+0200] {logging_mixin.py:190} INFO - [2026-09-18T00:45:43.934+0200] {dag.py:4180} INFO - Setting next_dagrun for example_subdag_operator.section-2 to None, run_after=None
[2026-09-18T00:45:43.937+0200] {processor.py:208} INFO - Processing /Users/swarnalidatta/Desktop/AutoQueryChatbot/.airflow-venv/lib/python3.12/site-packages/airflow/example_dags/example_subdag_operator.py took 0.207 seconds
[2026-09-18T00:46:52.491+0200] {processor.py:186} INFO - Started process (PID=99774) to work on /Users/swarnalidatta/Desktop/AutoQueryChatbot/.airflow-venv/lib/python3.12/site-packages/airflow/example_dags/example_subdag_operator.py
[2026-09-18T00:46:52.491+0200] {processor.py:914} INFO - Processing file /Users/swarnalidatta/Desktop/AutoQueryChatbot/.airflow-venv/lib/python3.12/site-packages/airflow/example_dags/example_subdag_operator.py for tasks to queue
[2026-09-18T00:46:52.492+0200] {logging_mixin.py:190} INFO - [2026-09-18T00:46:52.492+0200] {dagbag.py:588} INFO - Filling up the DagBag from /Users/swarnalidatta/Desktop/AutoQueryChatbot/.airflow-venv/lib/python3.12/site-packages/airflow/example_dags/example_subdag_operator.py
[2026-09-18T00:46:52.518+0200] {processor.py:925} INFO - DAG(s) 'example_subdag_operator.section-1', 'example_subdag_operator.section-2', 'example_subdag_operator' retrieved from /Users/swarnalidatta/Desktop/AutoQueryChatbot/.airflow-venv/lib/python3.12/site-packages/airflow/example_dags/example_subdag_operator.py
[2026-09-18T00:46:52.685+0200] {logging_mixin.py:190} INFO - [2026-09-18T00:46:52.685+0200] {dag.py:3239} INFO - Sync 3 DAGs
[2026-09-18T00:46:52.690+0200] {logging_mixin.py:190} INFO - [2026-09-18T00:46:52.690+0200] {dag.py:4180} INFO - Setting next_dagrun for example_subdag_operator to 2022-01-01 00:00:00+00:00, run_after=2022-01-01 00:00:00+00:00
[2026-09-18T00:46:52.691+0200] {logging_mixin.py:190} INFO - [2026-09-18T00:46:52.691+0200] {dag.py:4180} INFO - Setting next_dagrun for example_subdag_operator.section-1 to None, run_after=None
[2026-09-18T00:46:52.691+0200] {logging_mixin.py:190} INFO - [2026-09-18T00:46:52.691+0200] {dag.py:4180} INFO - Setting next_dagrun for example_subdag_operator.section-2 to None, run_after=None
[2026-09-18T00:46:52.692+0200] {logging_mixin.py:190} INFO - [2026-09-18T00:46:52.692+0200] {dag.py:3239} INFO - Sync 2 DAGs
[2026-09-18T00:46:52.693+0200] {logging_mixin.py:190} INFO - [2026-09-18T00:46:52.693+0200] {dag.py:4180} INFO - Setting next_dagrun for example_subdag_operator.section-1 to None, run_after=None
[2026-09-18T00:46:52.693+0200] {logging_mixin.py:190} INFO - [2026-09-18T00:46:52.693+0200] {dag.py:4180} INFO - Setting next_dagrun for example_subdag_operator.section-2 to None, run_after=None
[2026-09-18T00:46:52.696+0200] {processor.py:208} INFO - Processing /Users/swarnalidatta/Desktop/AutoQueryChatbot/.airflow-venv/lib/python3.12/site-packages/airflow/example_dags/example_subdag_operator.py took 0.206 seconds
[2026-09-18T00:51:52.173+0200] {processor.py:186} INFO - Started process (PID=99936) to work on /Users/swarnalidatta/Desktop/AutoQueryChatbot/.airflow-venv/lib/python3.12/site-packages/airflow/example_dags/example_subdag_operator.py
[2026-09-18T00:51:52.173+0200] {processor.py:914} INFO - Processing file /Users/swarnalidatta/Desktop/AutoQueryChatbot/.airflow-venv/lib/python3.12/site-packages/airflow/example_dags/example_subdag_operator.py for tasks to queue
[2026-09-18T00:51:52.174+0200] {logging_mixin.py:190} INFO - [2026-09-18T00:51:52.174+0200] {dagbag.py:588} INFO - Filling up the DagBag from /Users/swarnalidatta/Desktop/AutoQueryChatbot/.airflow-venv/lib/python3.12/site-packages/airflow/example_dags/example_subdag_operator.py
[2026-09-18T00:51:52.200+0200] {processor.py:925} INFO - DAG(s) 'example_subdag_operator.section-1', 'example_subdag_operator.section-2', 'example_subdag_operator' retrieved from /Users/swarnalidatta/Desktop/AutoQueryChatbot/.airflow-venv/lib/python3.12/site-packages/airflow/example_dags/example_subdag_operator.py
[2026-09-18T00:51:52.367+0200] {logging_mixin.py:190} INFO - [2026-09-18T00:51:52.366+0200] {dag.py:3239} INFO - Sync 3 DAGs
[2026-09-18T00:51:52.372+0200] {logging_mixin.py:190} INFO - [2026-09-18T00:51:52.372+0200] {dag.py:4180} INFO - Setting next_dagrun for example_subdag_operator to 2022-01-01 00:00:00+00:00, run_after=2022-01-01 00:00:00+00:00
[2026-09-18T00:51:52.372+0200] {logging_mixin.py:190} INFO - [2026-09-18T00:51:52.372+0200] {dag.py:4180} INFO - Setting next_dagrun for example_subdag_operator.section-1 to None, run_after=None
[2026-09-18T00:51:52.373+0200] {logging_mixin.py:190} INFO - [2026-09-18T00:51:52.373+0200] {dag.py:4180} INFO - Setting next_dagrun for example_subdag_operator.section-2 to None, run_after=None
[2026-09-18T00:51:52.374+0200] {logging_mixin.py:190} INFO - [2026-09-18T00:51:52.374+0200] {dag.py:3239} INFO - Sync 2 DAGs
[2026-09-18T00:51:52.375+0200] {logging_mixin.py:190} INFO - [2026-09-18T00:51:52.375+0200] {dag.py:4180} INFO - Setting next_dagrun for example_subdag_operator.section-1 to None, run_after=None
[2026-09-18T00:51:52.375+0200] {logging_mixin.py:190} INFO - [2026-09-18T00:51:52.375+0200] {dag.py:4180} INFO - Setting next_dagrun for example_subdag_operator.section-2 to None, run_after=None
[2026-09-18T00:51:52.378+0200] {processor.py:208} INFO - Processing /Users/swarnalidatta/Desktop/AutoQueryChatbot/.airflow-venv/lib/python3.12/site-packages/airflow/example_dags/example_subdag_operator.py took 0.206 seconds
[2026-09-18T00:52:58.296+0200] {processor.py:186} INFO - Started process (PID=185) to work on /Users/swarnalidatta/Desktop/AutoQueryChatbot/.airflow-venv/lib/python3.12/site-packages/airflow/example_dags/example_subdag_operator.py
[2026-09-18T00:52:58.297+0200] {processor.py:914} INFO - Processing file /Users/swarnalidatta/Desktop/AutoQueryChatbot/.airflow-venv/lib/python3.12/site-packages/airflow/example_dags/example_subdag_operator.py for tasks to queue
[2026-09-18T00:52:58.297+0200] {logging_mixin.py:190} INFO - [2026-09-18T00:52:58.297+0200] {dagbag.py:588} INFO - Filling up the DagBag from /Users/swarnalidatta/Desktop/AutoQueryChatbot/.airflow-venv/lib/python3.12/site-packages/airflow/example_dags/example_subdag_operator.py
[2026-09-18T00:52:58.324+0200] {processor.py:925} INFO - DAG(s) 'example_subdag_operator.section-1', 'example_subdag_operator.section-2', 'example_subdag_operator' retrieved from /Users/swarnalidatta/Desktop/AutoQueryChatbot/.airflow-venv/lib/python3.12/site-packages/airflow/example_dags/example_subdag_operator.py
[2026-09-18T00:52:58.494+0200] {logging_mixin.py:190} INFO - [2026-09-18T00:52:58.494+0200] {dag.py:3239} INFO - Sync 3 DAGs
[2026-09-18T00:52:58.499+0200] {logging_mixin.py:190} INFO - [2026-09-18T00:52:58.499+0200] {dag.py:4180} INFO - Setting next_dagrun for example_subdag_operator to 2022-01-01 00:00:00+00:00, run_after=2022-01-01 00:00:00+00:00
[2026-09-18T00:52:58.500+0200] {logging_mixin.py:190} INFO - [2026-09-18T00:52:58.500+0200] {dag.py:4180} INFO - Setting next_dagrun for example_subdag_operator.section-1 to None, run_after=None
[2026-09-18T00:52:58.500+0200] {logging_mixin.py:190} INFO - [2026-09-18T00:52:58.500+0200] {dag.py:4180} INFO - Setting next_dagrun for example_subdag_operator.section-2 to None, run_after=None
[2026-09-18T00:52:58.501+0200] {logging_mixin.py:190} INFO - [2026-09-18T00:52:58.501+0200] {dag.py:3239} INFO - Sync 2 DAGs
[2026-09-18T00:52:58.502+0200] {logging_mixin.py:190} INFO - [2026-09-18T00:52:58.502+0200] {dag.py:4180} INFO - Setting next_dagrun for example_subdag_operator.section-1 to None, run_after=None
[2026-09-18T00:52:58.502+0200] {logging_mixin.py:190} INFO - [2026-09-18T00:52:58.502+0200] {dag.py:4180} INFO - Setting next_dagrun for example_subdag_operator.section-2 to None, run_after=None
[2026-09-18T00:52:58.505+0200] {processor.py:208} INFO - Processing /Users/swarnalidatta/Desktop/AutoQueryChatbot/.airflow-venv/lib/python3.12/site-packages/airflow/example_dags/example_subdag_operator.py took 0.210 seconds
[2026-09-18T00:56:29.554+0200] {processor.py:186} INFO - Started process (PID=332) to work on /Users/swarnalidatta/Desktop/AutoQueryChatbot/.airflow-venv/lib/python3.12/site-packages/airflow/example_dags/example_subdag_operator.py
[2026-09-18T00:56:29.555+0200] {processor.py:914} INFO - Processing file /Users/swarnalidatta/Desktop/AutoQueryChatbot/.airflow-venv/lib/python3.12/site-packages/airflow/example_dags/example_subdag_operator.py for tasks to queue
[2026-09-18T00:56:29.555+0200] {logging_mixin.py:190} INFO - [2026-09-18T00:56:29.555+0200] {dagbag.py:588} INFO - Filling up the DagBag from /Users/swarnalidatta/Desktop/AutoQueryChatbot/.airflow-venv/lib/python3.12/site-packages/airflow/example_dags/example_subdag_operator.py
[2026-09-18T00:56:29.582+0200] {processor.py:925} INFO - DAG(s) 'example_subdag_operator.section-1', 'example_subdag_operator.section-2', 'example_subdag_operator' retrieved from /Users/swarnalidatta/Desktop/AutoQueryChatbot/.airflow-venv/lib/python3.12/site-packages/airflow/example_dags/example_subdag_operator.py
[2026-09-18T00:56:29.755+0200] {logging_mixin.py:190} INFO - [2026-09-18T00:56:29.755+0200] {dag.py:3239} INFO - Sync 3 DAGs
[2026-09-18T00:56:29.760+0200] {logging_mixin.py:190} INFO - [2026-09-18T00:56:29.760+0200] {dag.py:4180} INFO - Setting next_dagrun for example_subdag_operator to 2022-01-01 00:00:00+00:00, run_after=2022-01-01 00:00:00+00:00
[2026-09-18T00:56:29.761+0200] {logging_mixin.py:190} INFO - [2026-09-18T00:56:29.761+0200] {dag.py:4180} INFO - Setting next_dagrun for example_subdag_operator.section-1 to None, run_after=None
[2026-09-18T00:56:29.761+0200] {logging_mixin.py:190} INFO - [2026-09-18T00:56:29.761+0200] {dag.py:4180} INFO - Setting next_dagrun for example_subdag_operator.section-2 to None, run_after=None
[2026-09-18T00:56:29.763+0200] {logging_mixin.py:190} INFO - [2026-09-18T00:56:29.762+0200] {dag.py:3239} INFO - Sync 2 DAGs
[2026-09-18T00:56:29.763+0200] {logging_mixin.py:190} INFO - [2026-09-18T00:56:29.763+0200] {dag.py:4180} INFO - Setting next_dagrun for example_subdag_operator.section-1 to None, run_after=None
[2026-09-18T00:56:29.764+0200] {logging_mixin.py:190} INFO - [2026-09-18T00:56:29.763+0200] {dag.py:4180} INFO - Setting next_dagrun for example_subdag_operator.section-2 to None, run_after=None
[2026-09-18T00:56:29.766+0200] {processor.py:208} INFO - Processing /Users/swarnalidatta/Desktop/AutoQueryChatbot/.airflow-venv/lib/python3.12/site-packages/airflow/example_dags/example_subdag_operator.py took 0.213 seconds
[2026-09-18T01:01:15.411+0200] {processor.py:186} INFO - Started process (PID=539) to work on /Users/swarnalidatta/Desktop/AutoQueryChatbot/.airflow-venv/lib/python3.12/site-packages/airflow/example_dags/example_subdag_operator.py
[2026-09-18T01:01:15.412+0200] {processor.py:914} INFO - Processing file /Users/swarnalidatta/Desktop/AutoQueryChatbot/.airflow-venv/lib/python3.12/site-packages/airflow/example_dags/example_subdag_operator.py for tasks to queue
[2026-09-18T01:01:15.412+0200] {logging_mixin.py:190} INFO - [2026-09-18T01:01:15.412+0200] {dagbag.py:588} INFO - Filling up the DagBag from /Users/swarnalidatta/Desktop/AutoQueryChatbot/.airflow-venv/lib/python3.12/site-packages/airflow/example_dags/example_subdag_operator.py
[2026-09-18T01:01:15.438+0200] {processor.py:925} INFO - DAG(s) 'example_subdag_operator.section-1', 'example_subdag_operator.section-2', 'example_subdag_operator' retrieved from /Users/swarnalidatta/Desktop/AutoQueryChatbot/.airflow-venv/lib/python3.12/site-packages/airflow/example_dags/example_subdag_operator.py
[2026-09-18T01:01:15.610+0200] {logging_mixin.py:190} INFO - [2026-09-18T01:01:15.610+0200] {dag.py:3239} INFO - Sync 3 DAGs
[2026-09-18T01:01:15.615+0200] {logging_mixin.py:190} INFO - [2026-09-18T01:01:15.615+0200] {dag.py:4180} INFO - Setting next_dagrun for example_subdag_operator to 2022-01-01 00:00:00+00:00, run_after=2022-01-01 00:00:00+00:00
[2026-09-18T01:01:15.616+0200] {logging_mixin.py:190} INFO - [2026-09-18T01:01:15.616+0200] {dag.py:4180} INFO - Setting next_dagrun for example_subdag_operator.section-1 to None, run_after=None
[2026-09-18T01:01:15.616+0200] {logging_mixin.py:190} INFO - [2026-09-18T01:01:15.616+0200] {dag.py:4180} INFO - Setting next_dagrun for example_subdag_operator.section-2 to None, run_after=None
[2026-09-18T01:01:15.617+0200] {logging_mixin.py:190} INFO - [2026-09-18T01:01:15.617+0200] {dag.py:3239} INFO - Sync 2 DAGs
[2026-09-18T01:01:15.618+0200] {logging_mixin.py:190} INFO - [2026-09-18T01:01:15.618+0200] {dag.py:4180} INFO - Setting next_dagrun for example_subdag_operator.section-1 to None, run_after=None
[2026-09-18T01:01:15.618+0200] {logging_mixin.py:190} INFO - [2026-09-18T01:01:15.618+0200] {dag.py:4180} INFO - Setting next_dagrun for example_subdag_operator.section-2 to None, run_after=None
[2026-09-18T01:01:15.622+0200] {processor.py:208} INFO - Processing /Users/swarnalidatta/Desktop/AutoQueryChatbot/.airflow-venv/lib/python3.12/site-packages/airflow/example_dags/example_subdag_operator.py took 0.211 seconds
[2026-09-18T01:06:30.533+0200] {processor.py:186} INFO - Started process (PID=689) to work on /Users/swarnalidatta/Desktop/AutoQueryChatbot/.airflow-venv/lib/python3.12/site-packages/airflow/example_dags/example_subdag_operator.py
[2026-09-18T01:06:30.533+0200] {processor.py:914} INFO - Processing file /Users/swarnalidatta/Desktop/AutoQueryChatbot/.airflow-venv/lib/python3.12/site-packages/airflow/example_dags/example_subdag_operator.py for tasks to queue
[2026-09-18T01:06:30.534+0200] {logging_mixin.py:190} INFO - [2026-09-18T01:06:30.534+0200] {dagbag.py:588} INFO - Filling up the DagBag from /Users/swarnalidatta/Desktop/AutoQueryChatbot/.airflow-venv/lib/python3.12/site-packages/airflow/example_dags/example_subdag_operator.py
[2026-09-18T01:06:30.561+0200] {processor.py:925} INFO - DAG(s) 'example_subdag_operator.section-1', 'example_subdag_operator.section-2', 'example_subdag_operator' retrieved from /Users/swarnalidatta/Desktop/AutoQueryChatbot/.airflow-venv/lib/python3.12/site-packages/airflow/example_dags/example_subdag_operator.py
[2026-09-18T01:06:30.731+0200] {logging_mixin.py:190} INFO - [2026-09-18T01:06:30.731+0200] {dag.py:3239} INFO - Sync 3 DAGs
[2026-09-18T01:06:30.736+0200] {logging_mixin.py:190} INFO - [2026-09-18T01:06:30.736+0200] {dag.py:4180} INFO - Setting next_dagrun for example_subdag_operator to 2022-01-01 00:00:00+00:00, run_after=2022-01-01 00:00:00+00:00
[2026-09-18T01:06:30.737+0200] {logging_mixin.py:190} INFO - [2026-09-18T01:06:30.737+0200] {dag.py:4180} INFO - Setting next_dagrun for example_subdag_operator.section-1 to None, run_after=None
[2026-09-18T01:06:30.737+0200] {logging_mixin.py:190} INFO - [2026-09-18T01:06:30.737+0200] {dag.py:4180} INFO - Setting next_dagrun for example_subdag_operator.section-2 to None, run_after=None
[2026-09-18T01:06:30.738+0200] {logging_mixin.py:190} INFO - [2026-09-18T01:06:30.738+0200] {dag.py:3239} INFO - Sync 2 DAGs
[2026-09-18T01:06:30.739+0200] {logging_mixin.py:190} INFO - [2026-09-18T01:06:30.739+0200] {dag.py:4180} INFO - Setting next_dagrun for example_subdag_operator.section-1 to None, run_after=None
[2026-09-18T01:06:30.739+0200] {logging_mixin.py:190} INFO - [2026-09-18T01:06:30.739+0200] {dag.py:4180} INFO - Setting next_dagrun for example_subdag_operator.section-2 to None, run_after=None
[2026-09-18T01:06:30.742+0200] {processor.py:208} INFO - Processing /Users/swarnalidatta/Desktop/AutoQueryChatbot/.airflow-venv/lib/python3.12/site-packages/airflow/example_dags/example_subdag_operator.py took 0.210 seconds
[2026-09-18T01:07:49.718+0200] {processor.py:186} INFO - Started process (PID=1004) to work on /Users/swarnalidatta/Desktop/AutoQueryChatbot/.airflow-venv/lib/python3.12/site-packages/airflow/example_dags/example_subdag_operator.py
[2026-09-18T01:07:49.718+0200] {processor.py:914} INFO - Processing file /Users/swarnalidatta/Desktop/AutoQueryChatbot/.airflow-venv/lib/python3.12/site-packages/airflow/example_dags/example_subdag_operator.py for tasks to queue
[2026-09-18T01:07:49.719+0200] {logging_mixin.py:190} INFO - [2026-09-18T01:07:49.719+0200] {dagbag.py:588} INFO - Filling up the DagBag from /Users/swarnalidatta/Desktop/AutoQueryChatbot/.airflow-venv/lib/python3.12/site-packages/airflow/example_dags/example_subdag_operator.py
[2026-09-18T01:07:49.745+0200] {processor.py:925} INFO - DAG(s) 'example_subdag_operator.section-1', 'example_subdag_operator.section-2', 'example_subdag_operator' retrieved from /Users/swarnalidatta/Desktop/AutoQueryChatbot/.airflow-venv/lib/python3.12/site-packages/airflow/example_dags/example_subdag_operator.py
[2026-09-18T01:07:49.916+0200] {logging_mixin.py:190} INFO - [2026-09-18T01:07:49.916+0200] {dag.py:3239} INFO - Sync 3 DAGs
[2026-09-18T01:07:49.921+0200] {logging_mixin.py:190} INFO - [2026-09-18T01:07:49.921+0200] {dag.py:4180} INFO - Setting next_dagrun for example_subdag_operator to 2022-01-01 00:00:00+00:00, run_after=2022-01-01 00:00:00+00:00
[2026-09-18T01:07:49.922+0200] {logging_mixin.py:190} INFO - [2026-09-18T01:07:49.922+0200] {dag.py:4180} INFO - Setting next_dagrun for example_subdag_operator.section-1 to None, run_after=None
[2026-09-18T01:07:49.922+0200] {logging_mixin.py:190} INFO - [2026-09-18T01:07:49.922+0200] {dag.py:4180} INFO - Setting next_dagrun for example_subdag_operator.section-2 to None, run_after=None
[2026-09-18T01:07:49.924+0200] {logging_mixin.py:190} INFO - [2026-09-18T01:07:49.924+0200] {dag.py:3239} INFO - Sync 2 DAGs
[2026-09-18T01:07:49.925+0200] {logging_mixin.py:190} INFO - [2026-09-18T01:07:49.925+0200] {dag.py:4180} INFO - Setting next_dagrun for example_subdag_operator.section-1 to None, run_after=None
[2026-09-18T01:07:49.925+0200] {logging_mixin.py:190} INFO - [2026-09-18T01:07:49.925+0200] {dag.py:4180} INFO - Setting next_dagrun for example_subdag_operator.section-2 to None, run_after=None
[2026-09-18T01:07:49.928+0200] {processor.py:208} INFO - Processing /Users/swarnalidatta/Desktop/AutoQueryChatbot/.airflow-venv/lib/python3.12/site-packages/airflow/example_dags/example_subdag_operator.py took 0.211 seconds
[2026-09-18T01:08:54.503+0200] {processor.py:186} INFO - Started process (PID=1489) to work on /Users/swarnalidatta/Desktop/AutoQueryChatbot/.airflow-venv/lib/python3.12/site-packages/airflow/example_dags/example_subdag_operator.py
[2026-09-18T01:08:54.503+0200] {processor.py:914} INFO - Processing file /Users/swarnalidatta/Desktop/AutoQueryChatbot/.airflow-venv/lib/python3.12/site-packages/airflow/example_dags/example_subdag_operator.py for tasks to queue
[2026-09-18T01:08:54.503+0200] {logging_mixin.py:190} INFO - [2026-09-18T01:08:54.503+0200] {dagbag.py:588} INFO - Filling up the DagBag from /Users/swarnalidatta/Desktop/AutoQueryChatbot/.airflow-venv/lib/python3.12/site-packages/airflow/example_dags/example_subdag_operator.py
[2026-09-18T01:08:54.530+0200] {processor.py:925} INFO - DAG(s) 'example_subdag_operator.section-1', 'example_subdag_operator.section-2', 'example_subdag_operator' retrieved from /Users/swarnalidatta/Desktop/AutoQueryChatbot/.airflow-venv/lib/python3.12/site-packages/airflow/example_dags/example_subdag_operator.py
[2026-09-18T01:08:54.700+0200] {logging_mixin.py:190} INFO - [2026-09-18T01:08:54.700+0200] {dag.py:3239} INFO - Sync 3 DAGs
[2026-09-18T01:08:54.705+0200] {logging_mixin.py:190} INFO - [2026-09-18T01:08:54.705+0200] {dag.py:4180} INFO - Setting next_dagrun for example_subdag_operator to 2022-01-01 00:00:00+00:00, run_after=2022-01-01 00:00:00+00:00
[2026-09-18T01:08:54.706+0200] {logging_mixin.py:190} INFO - [2026-09-18T01:08:54.706+0200] {dag.py:4180} INFO - Setting next_dagrun for example_subdag_operator.section-1 to None, run_after=None
[2026-09-18T01:08:54.707+0200] {logging_mixin.py:190} INFO - [2026-09-18T01:08:54.707+0200] {dag.py:4180} INFO - Setting next_dagrun for example_subdag_operator.section-2 to None, run_after=None
[2026-09-18T01:08:54.708+0200] {logging_mixin.py:190} INFO - [2026-09-18T01:08:54.708+0200] {dag.py:3239} INFO - Sync 2 DAGs
[2026-09-18T01:08:54.709+0200] {logging_mixin.py:190} INFO - [2026-09-18T01:08:54.709+0200] {dag.py:4180} INFO - Setting next_dagrun for example_subdag_operator.section-1 to None, run_after=None
[2026-09-18T01:08:54.709+0200] {logging_mixin.py:190} INFO - [2026-09-18T01:08:54.709+0200] {dag.py:4180} INFO - Setting next_dagrun for example_subdag_operator.section-2 to None, run_after=None
[2026-09-18T01:08:54.712+0200] {processor.py:208} INFO - Processing /Users/swarnalidatta/Desktop/AutoQueryChatbot/.airflow-venv/lib/python3.12/site-packages/airflow/example_dags/example_subdag_operator.py took 0.211 seconds
