[2026-09-17T19:23:38.162+0200] {processor.py:186} INFO - Started process (PID=74418) to work on /Users/swarnalidatta/Desktop/AutoQueryChatbot/.airflow-venv/lib/python3.12/site-packages/airflow/example_dags/example_branch_datetime_operator.py
[2026-09-17T19:23:38.162+0200] {processor.py:914} INFO - Processing file /Users/swarnalidatta/Desktop/AutoQueryChatbot/.airflow-venv/lib/python3.12/site-packages/airflow/example_dags/example_branch_datetime_operator.py for tasks to queue
[2026-09-17T19:23:38.163+0200] {logging_mixin.py:190} INFO - [2026-09-17T19:23:38.163+0200] {dagbag.py:588} INFO - Filling up the DagBag from /Users/swarnalidatta/Desktop/AutoQueryChatbot/.airflow-venv/lib/python3.12/site-packages/airflow/example_dags/example_branch_datetime_operator.py
[2026-09-17T19:23:38.166+0200] {processor.py:925} INFO - DAG(s) 'example_branch_datetime_operator_3', 'example_branch_datetime_operator', 'example_branch_datetime_operator_2' retrieved from /Users/swarnalidatta/Desktop/AutoQueryChatbot/.airflow-venv/lib/python3.12/site-packages/airflow/example_dags/example_branch_datetime_operator.py
[2026-09-17T19:23:38.194+0200] {logging_mixin.py:190} INFO - [2026-09-17T19:23:38.194+0200] {dag.py:3239} INFO - Sync 3 DAGs
[2026-09-17T19:23:38.199+0200] {logging_mixin.py:190} INFO - [2026-09-17T19:23:38.199+0200] {dag.py:4180} INFO - Setting next_dagrun for example_branch_datetime_operator to 2026-09-16 00:00:00+00:00, run_after=2026-09-17 00:00:00+00:00
[2026-09-17T19:23:38.200+0200] {logging_mixin.py:190} INFO - [2026-09-17T19:23:38.200+0200] {dag.py:4180} INFO - Setting next_dagrun for example_branch_datetime_operator_2 to 2026-09-16 00:00:00+00:00, run_after=2026-09-17 00:00:00+00:00
[2026-09-17T19:23:38.201+0200] {logging_mixin.py:190} INFO - [2026-09-17T19:23:38.201+0200] {dag.py:4180} INFO - Setting next_dagrun for example_branch_datetime_operator_3 to 2026-09-16 00:00:00+00:00, run_after=2026-09-17 00:00:00+00:00
[2026-09-17T19:23:38.226+0200] {processor.py:208} INFO - Processing /Users/swarnalidatta/Desktop/AutoQueryChatbot/.airflow-venv/lib/python3.12/site-packages/airflow/example_dags/example_branch_datetime_operator.py took 0.065 seconds
[2026-09-17T19:25:55.166+0200] {processor.py:186} INFO - Started process (PID=74801) to work on /Users/swarnalidatta/Desktop/AutoQueryChatbot/.airflow-venv/lib/python3.12/site-packages/airflow/example_dags/example_branch_datetime_operator.py
[2026-09-17T19:25:55.166+0200] {processor.py:914} INFO - Processing file /Users/swarnalidatta/Desktop/AutoQueryChatbot/.airflow-venv/lib/python3.12/site-packages/airflow/example_dags/example_branch_datetime_operator.py for tasks to queue
[2026-09-17T19:25:55.167+0200] {logging_mixin.py:190} INFO - [2026-09-17T19:25:55.166+0200] {dagbag.py:588} INFO - Filling up the DagBag from /Users/swarnalidatta/Desktop/AutoQueryChatbot/.airflow-venv/lib/python3.12/site-packages/airflow/example_dags/example_branch_datetime_operator.py
[2026-09-17T19:25:55.170+0200] {processor.py:925} INFO - DAG(s) 'example_branch_datetime_operator_2', 'example_branch_datetime_operator_3', 'example_branch_datetime_operator' retrieved from /Users/swarnalidatta/Desktop/AutoQueryChatbot/.airflow-venv/lib/python3.12/site-packages/airflow/example_dags/example_branch_datetime_operator.py
[2026-09-17T19:25:55.198+0200] {logging_mixin.py:190} INFO - [2026-09-17T19:25:55.198+0200] {dag.py:3239} INFO - Sync 3 DAGs
[2026-09-17T19:25:55.203+0200] {logging_mixin.py:190} INFO - [2026-09-17T19:25:55.203+0200] {dag.py:4180} INFO - Setting next_dagrun for example_branch_datetime_operator to 2026-09-16 00:00:00+00:00, run_after=2026-09-17 00:00:00+00:00
[2026-09-17T19:25:55.204+0200] {logging_mixin.py:190} INFO - [2026-09-17T19:25:55.204+0200] {dag.py:4180} INFO - Setting next_dagrun for example_branch_datetime_operator_2 to 2026-09-16 00:00:00+00:00, run_after=2026-09-17 00:00:00+00:00
[2026-09-17T19:25:55.204+0200] {logging_mixin.py:190} INFO - [2026-09-17T19:25:55.204+0200] {dag.py:4180} INFO - Setting next_dagrun for example_branch_datetime_operator_3 to 2026-09-16 00:00:00+00:00, run_after=2026-09-17 00:00:00+00:00
[2026-09-17T19:25:55.230+0200] {processor.py:208} INFO - Processing /Users/swarnalidatta/Desktop/AutoQueryChatbot/.airflow-venv/lib/python3.12/site-packages/airflow/example_dags/example_branch_datetime_operator.py took 0.065 seconds
[2026-09-17T19:28:07.229+0200] {processor.py:186} INFO - Started process (PID=75171) to work on /Users/swarnalidatta/Desktop/AutoQueryChatbot/.airflow-venv/lib/python3.12/site-packages/airflow/example_dags/example_branch_datetime_operator.py
[2026-09-17T19:28:07.230+0200] {processor.py:914} INFO - Processing file /Users/swarnalidatta/Desktop/AutoQueryChatbot/.airflow-venv/lib/python3.12/site-packages/airflow/example_dags/example_branch_datetime_operator.py for tasks to queue
[2026-09-17T19:28:07.230+0200] {logging_mixin.py:190} INFO - [2026-09-17T19:28:07.230+0200] {dagbag.py:588} INFO - Filling up the DagBag from /Users/swarnalidatta/Desktop/AutoQueryChatbot/.airflow-venv/lib/python3.12/site-packages/airflow/example_dags/example_branch_datetime_operator.py
[2026-09-17T19:28:07.234+0200] {processor.py:925} INFO - DAG(s) 'example_branch_datetime_operator_2', 'example_branch_datetime_operator', 'example_branch_datetime_operator_3' retrieved from /Users/swarnalidatta/Desktop/AutoQueryChatbot/.airflow-venv/lib/python3.12/site-packages/airflow/example_dags/example_branch_datetime_operator.py
[2026-09-17T19:28:07.262+0200] {logging_mixin.py:190} INFO - [2026-09-17T19:28:07.262+0200] {dag.py:3239} INFO - Sync 3 DAGs
[2026-09-17T19:28:07.267+0200] {logging_mixin.py:190} INFO - [2026-09-17T19:28:07.267+0200] {dag.py:4180} INFO - Setting next_dagrun for example_branch_datetime_operator to 2026-09-16 00:00:00+00:00, run_after=2026-09-17 00:00:00+00:00
[2026-09-17T19:28:07.268+0200] {logging_mixin.py:190} INFO - [2026-09-17T19:28:07.268+0200] {dag.py:4180} INFO - Setting next_dagrun for example_branch_datetime_operator_2 to 2026-09-16 00:00:00+00:00, run_after=2026-09-17 00:00:00+00:00
[2026-09-17T19:28:07.269+0200] {logging_mixin.py:190} INFO - [2026-09-17T19:28:07.269+0200] {dag.py:4180} INFO - Setting next_dagrun for example_branch_datetime_operator_3 to 2026-09-16 00:00:00+00:00, run_after=2026-09-17 00:00:00+00:00
[2026-09-17T19:28:07.294+0200] {processor.py:208} INFO - Processing /Users/swarnalidatta/Desktop/AutoQueryChatbot/.airflow-venv/lib/python3.12/site-packages/airflow/example_dags/example_branch_datetime_operator.py took 0.066 seconds
[2026-09-17T19:30:29.739+0200] {processor.py:186} INFO - Started process (PID=75596) to work on /Users/swarnalidatta/Desktop/AutoQueryChatbot/.airflow-venv/lib/python3.12/site-packages/airflow/example_dags/example_branch_datetime_operator.py
[2026-09-17T19:30:29.740+0200] {processor.py:914} INFO - Processing file /Users/swarnalidatta/Desktop/AutoQueryChatbot/.airflow-venv/lib/python3.12/site-packages/airflow/example_dags/example_branch_datetime_operator.py for tasks to queue
[2026-09-17T19:30:29.740+0200] {logging_mixin.py:190} INFO - [2026-09-17T19:30:29.740+0200] {dagbag.py:588} INFO - Filling up the DagBag from /Users/swarnalidatta/Desktop/AutoQueryChatbot/.airflow-venv/lib/python3.12/site-packages/airflow/example_dags/example_branch_datetime_operator.py
[2026-09-17T19:30:29.744+0200] {processor.py:925} INFO - DAG(s) 'example_branch_datetime_operator_3', 'example_branch_datetime_operator_2', 'example_branch_datetime_operator' retrieved from /Users/swarnalidatta/Desktop/AutoQueryChatbot/.airflow-venv/lib/python3.12/site-packages/airflow/example_dags/example_branch_datetime_operator.py
[2026-09-17T19:30:29.773+0200] {logging_mixin.py:190} INFO - [2026-09-17T19:30:29.773+0200] {dag.py:3239} INFO - Sync 3 DAGs
[2026-09-17T19:30:29.778+0200] {logging_mixin.py:190} INFO - [2026-09-17T19:30:29.778+0200] {dag.py:4180} INFO - Setting next_dagrun for example_branch_datetime_operator to 2026-09-16 00:00:00+00:00, run_after=2026-09-17 00:00:00+00:00
[2026-09-17T19:30:29.779+0200] {logging_mixin.py:190} INFO - [2026-09-17T19:30:29.779+0200] {dag.py:4180} INFO - Setting next_dagrun for example_branch_datetime_operator_2 to 2026-09-16 00:00:00+00:00, run_after=2026-09-17 00:00:00+00:00
[2026-09-17T19:30:29.780+0200] {logging_mixin.py:190} INFO - [2026-09-17T19:30:29.780+0200] {dag.py:4180} INFO - Setting next_dagrun for example_branch_datetime_operator_3 to 2026-09-16 00:00:00+00:00, run_after=2026-09-17 00:00:00+00:00
[2026-09-17T19:30:29.806+0200] {processor.py:208} INFO - Processing /Users/swarnalidatta/Desktop/AutoQueryChatbot/.airflow-venv/lib/python3.12/site-packages/airflow/example_dags/example_branch_datetime_operator.py took 0.068 seconds
[2026-09-17T19:32:54.394+0200] {processor.py:186} INFO - Started process (PID=76045) to work on /Users/swarnalidatta/Desktop/AutoQueryChatbot/.airflow-venv/lib/python3.12/site-packages/airflow/example_dags/example_branch_datetime_operator.py
[2026-09-17T19:32:54.395+0200] {processor.py:914} INFO - Processing file /Users/swarnalidatta/Desktop/AutoQueryChatbot/.airflow-venv/lib/python3.12/site-packages/airflow/example_dags/example_branch_datetime_operator.py for tasks to queue
[2026-09-17T19:32:54.395+0200] {logging_mixin.py:190} INFO - [2026-09-17T19:32:54.395+0200] {dagbag.py:588} INFO - Filling up the DagBag from /Users/swarnalidatta/Desktop/AutoQueryChatbot/.airflow-venv/lib/python3.12/site-packages/airflow/example_dags/example_branch_datetime_operator.py
[2026-09-17T19:32:54.399+0200] {processor.py:925} INFO - DAG(s) 'example_branch_datetime_operator', 'example_branch_datetime_operator_3', 'example_branch_datetime_operator_2' retrieved from /Users/swarnalidatta/Desktop/AutoQueryChatbot/.airflow-venv/lib/python3.12/site-packages/airflow/example_dags/example_branch_datetime_operator.py
[2026-09-17T19:32:54.428+0200] {logging_mixin.py:190} INFO - [2026-09-17T19:32:54.427+0200] {dag.py:3239} INFO - Sync 3 DAGs
[2026-09-17T19:32:54.433+0200] {logging_mixin.py:190} INFO - [2026-09-17T19:32:54.433+0200] {dag.py:4180} INFO - Setting next_dagrun for example_branch_datetime_operator to 2026-09-16 00:00:00+00:00, run_after=2026-09-17 00:00:00+00:00
[2026-09-17T19:32:54.434+0200] {logging_mixin.py:190} INFO - [2026-09-17T19:32:54.434+0200] {dag.py:4180} INFO - Setting next_dagrun for example_branch_datetime_operator_2 to 2026-09-16 00:00:00+00:00, run_after=2026-09-17 00:00:00+00:00
[2026-09-17T19:32:54.434+0200] {logging_mixin.py:190} INFO - [2026-09-17T19:32:54.434+0200] {dag.py:4180} INFO - Setting next_dagrun for example_branch_datetime_operator_3 to 2026-09-16 00:00:00+00:00, run_after=2026-09-17 00:00:00+00:00
[2026-09-17T19:32:54.461+0200] {processor.py:208} INFO - Processing /Users/swarnalidatta/Desktop/AutoQueryChatbot/.airflow-venv/lib/python3.12/site-packages/airflow/example_dags/example_branch_datetime_operator.py took 0.067 seconds
[2026-09-17T19:35:28.652+0200] {processor.py:186} INFO - Started process (PID=76553) to work on /Users/swarnalidatta/Desktop/AutoQueryChatbot/.airflow-venv/lib/python3.12/site-packages/airflow/example_dags/example_branch_datetime_operator.py
[2026-09-17T19:35:28.652+0200] {processor.py:914} INFO - Processing file /Users/swarnalidatta/Desktop/AutoQueryChatbot/.airflow-venv/lib/python3.12/site-packages/airflow/example_dags/example_branch_datetime_operator.py for tasks to queue
[2026-09-17T19:35:28.653+0200] {logging_mixin.py:190} INFO - [2026-09-17T19:35:28.653+0200] {dagbag.py:588} INFO - Filling up the DagBag from /Users/swarnalidatta/Desktop/AutoQueryChatbot/.airflow-venv/lib/python3.12/site-packages/airflow/example_dags/example_branch_datetime_operator.py
[2026-09-17T19:35:28.656+0200] {processor.py:925} INFO - DAG(s) 'example_branch_datetime_operator_2', 'example_branch_datetime_operator', 'example_branch_datetime_operator_3' retrieved from /Users/swarnalidatta/Desktop/AutoQueryChatbot/.airflow-venv/lib/python3.12/site-packages/airflow/example_dags/example_branch_datetime_operator.py
[2026-09-17T19:35:28.685+0200] {logging_mixin.py:190} INFO - [2026-09-17T19:35:28.685+0200] {dag.py:3239} INFO - Sync 3 DAGs
[2026-09-17T19:35:28.691+0200] {logging_mixin.py:190} INFO - [2026-09-17T19:35:28.691+0200] {dag.py:4180} INFO - Setting next_dagrun for example_branch_datetime_operator to 2026-09-16 00:00:00+00:00, run_after=2026-09-17 00:00:00+00:00
[2026-09-17T19:35:28.692+0200] {logging_mixin.py:190} INFO - [2026-09-17T19:35:28.692+0200] {dag.py:4180} INFO - Setting next_dagrun for example_branch_datetime_operator_2 to 2026-09-16 00:00:00+00:00, run_after=2026-09-17 00:00:00+00:00
[2026-09-17T19:35:28.692+0200] {logging_mixin.py:190} INFO - [2026-09-17T19:35:28.692+0200] {dag.py:4180} INFO - Setting next_dagrun for example_branch_datetime_operator_3 to 2026-09-16 00:00:00+00:00, run_after=2026-09-17 00:00:00+00:00
[2026-09-17T19:35:28.719+0200] {processor.py:208} INFO - Processing /Users/swarnalidatta/Desktop/AutoQueryChatbot/.airflow-venv/lib/python3.12/site-packages/airflow/example_dags/example_branch_datetime_operator.py took 0.068 seconds
[2026-09-17T19:38:14.472+0200] {processor.py:186} INFO - Started process (PID=77135) to work on /Users/swarnalidatta/Desktop/AutoQueryChatbot/.airflow-venv/lib/python3.12/site-packages/airflow/example_dags/example_branch_datetime_operator.py
[2026-09-17T19:38:14.472+0200] {processor.py:914} INFO - Processing file /Users/swarnalidatta/Desktop/AutoQueryChatbot/.airflow-venv/lib/python3.12/site-packages/airflow/example_dags/example_branch_datetime_operator.py for tasks to queue
[2026-09-17T19:38:14.473+0200] {logging_mixin.py:190} INFO - [2026-09-17T19:38:14.473+0200] {dagbag.py:588} INFO - Filling up the DagBag from /Users/swarnalidatta/Desktop/AutoQueryChatbot/.airflow-venv/lib/python3.12/site-packages/airflow/example_dags/example_branch_datetime_operator.py
[2026-09-17T19:38:14.476+0200] {processor.py:925} INFO - DAG(s) 'example_branch_datetime_operator_2', 'example_branch_datetime_operator', 'example_branch_datetime_operator_3' retrieved from /Users/swarnalidatta/Desktop/AutoQueryChatbot/.airflow-venv/lib/python3.12/site-packages/airflow/example_dags/example_branch_datetime_operator.py
[2026-09-17T19:38:14.505+0200] {logging_mixin.py:190} INFO - [2026-09-17T19:38:14.505+0200] {dag.py:3239} INFO - Sync 3 DAGs
[2026-09-17T19:38:14.510+0200] {logging_mixin.py:190} INFO - [2026-09-17T19:38:14.510+0200] {dag.py:4180} INFO - Setting next_dagrun for example_branch_datetime_operator to 2026-09-16 00:00:00+00:00, run_after=2026-09-17 00:00:00+00:00
[2026-09-17T19:38:14.511+0200] {logging_mixin.py:190} INFO - [2026-09-17T19:38:14.511+0200] {dag.py:4180} INFO - Setting next_dagrun for example_branch_datetime_operator_2 to 2026-09-16 00:00:00+00:00, run_after=2026-09-17 00:00:00+00:00
[2026-09-17T19:38:14.512+0200] {logging_mixin.py:190} INFO - [2026-09-17T19:38:14.512+0200] {dag.py:4180} INFO - Setting next_dagrun for example_branch_datetime_operator_3 to 2026-09-16 00:00:00+00:00, run_after=2026-09-17 00:00:00+00:00
[2026-09-17T19:38:14.538+0200] {processor.py:208} INFO - Processing /Users/swarnalidatta/Desktop/AutoQueryChatbot/.airflow-venv/lib/python3.12/site-packages/airflow/example_dags/example_branch_datetime_operator.py took 0.067 seconds
[2026-09-17T19:40:50.177+0200] {processor.py:186} INFO - Started process (PID=77687) to work on /Users/swarnalidatta/Desktop/AutoQueryChatbot/.airflow-venv/lib/python3.12/site-packages/airflow/example_dags/example_branch_datetime_operator.py
[2026-09-17T19:40:50.177+0200] {processor.py:914} INFO - Processing file /Users/swarnalidatta/Desktop/AutoQueryChatbot/.airflow-venv/lib/python3.12/site-packages/airflow/example_dags/example_branch_datetime_operator.py for tasks to queue
[2026-09-17T19:40:50.177+0200] {logging_mixin.py:190} INFO - [2026-09-17T19:40:50.177+0200] {dagbag.py:588} INFO - Filling up the DagBag from /Users/swarnalidatta/Desktop/AutoQueryChatbot/.airflow-venv/lib/python3.12/site-packages/airflow/example_dags/example_branch_datetime_operator.py
[2026-09-17T19:40:50.181+0200] {processor.py:925} INFO - DAG(s) 'example_branch_datetime_operator_3', 'example_branch_datetime_operator', 'example_branch_datetime_operator_2' retrieved from /Users/swarnalidatta/Desktop/AutoQueryChatbot/.airflow-venv/lib/python3.12/site-packages/airflow/example_dags/example_branch_datetime_operator.py
[2026-09-17T19:40:50.211+0200] {logging_mixin.py:190} INFO - [2026-09-17T19:40:50.211+0200] {dag.py:3239} INFO - Sync 3 DAGs
[2026-09-17T19:40:50.216+0200] {logging_mixin.py:190} INFO - [2026-09-17T19:40:50.216+0200] {dag.py:4180} INFO - Setting next_dagrun for example_branch_datetime_operator to 2026-09-16 00:00:00+00:00, run_after=2026-09-17 00:00:00+00:00
[2026-09-17T19:40:50.217+0200] {logging_mixin.py:190} INFO - [2026-09-17T19:40:50.217+0200] {dag.py:4180} INFO - Setting next_dagrun for example_branch_datetime_operator_2 to 2026-09-16 00:00:00+00:00, run_after=2026-09-17 00:00:00+00:00
[2026-09-17T19:40:50.218+0200] {logging_mixin.py:190} INFO - [2026-09-17T19:40:50.218+0200] {dag.py:4180} INFO - Setting next_dagrun for example_branch_datetime_operator_3 to 2026-09-16 00:00:00+00:00, run_after=2026-09-17 00:00:00+00:00
[2026-09-17T19:40:50.244+0200] {processor.py:208} INFO - Processing /Users/swarnalidatta/Desktop/AutoQueryChatbot/.airflow-venv/lib/python3.12/site-packages/airflow/example_dags/example_branch_datetime_operator.py took 0.069 seconds
[2026-09-17T19:44:24.715+0200] {processor.py:186} INFO - Started process (PID=78390) to work on /Users/swarnalidatta/Desktop/AutoQueryChatbot/.airflow-venv/lib/python3.12/site-packages/airflow/example_dags/example_branch_datetime_operator.py
[2026-09-17T19:44:24.715+0200] {processor.py:914} INFO - Processing file /Users/swarnalidatta/Desktop/AutoQueryChatbot/.airflow-venv/lib/python3.12/site-packages/airflow/example_dags/example_branch_datetime_operator.py for tasks to queue
[2026-09-17T19:44:24.716+0200] {logging_mixin.py:190} INFO - [2026-09-17T19:44:24.716+0200] {dagbag.py:588} INFO - Filling up the DagBag from /Users/swarnalidatta/Desktop/AutoQueryChatbot/.airflow-venv/lib/python3.12/site-packages/airflow/example_dags/example_branch_datetime_operator.py
[2026-09-17T19:44:24.719+0200] {processor.py:925} INFO - DAG(s) 'example_branch_datetime_operator_3', 'example_branch_datetime_operator_2', 'example_branch_datetime_operator' retrieved from /Users/swarnalidatta/Desktop/AutoQueryChatbot/.airflow-venv/lib/python3.12/site-packages/airflow/example_dags/example_branch_datetime_operator.py
[2026-09-17T19:44:24.749+0200] {logging_mixin.py:190} INFO - [2026-09-17T19:44:24.749+0200] {dag.py:3239} INFO - Sync 3 DAGs
[2026-09-17T19:44:24.754+0200] {logging_mixin.py:190} INFO - [2026-09-17T19:44:24.754+0200] {dag.py:4180} INFO - Setting next_dagrun for example_branch_datetime_operator to 2026-09-16 00:00:00+00:00, run_after=2026-09-17 00:00:00+00:00
[2026-09-17T19:44:24.755+0200] {logging_mixin.py:190} INFO - [2026-09-17T19:44:24.755+0200] {dag.py:4180} INFO - Setting next_dagrun for example_branch_datetime_operator_2 to 2026-09-16 00:00:00+00:00, run_after=2026-09-17 00:00:00+00:00
[2026-09-17T19:44:24.756+0200] {logging_mixin.py:190} INFO - [2026-09-17T19:44:24.756+0200] {dag.py:4180} INFO - Setting next_dagrun for example_branch_datetime_operator_3 to 2026-09-16 00:00:00+00:00, run_after=2026-09-17 00:00:00+00:00
[2026-09-17T19:44:24.784+0200] {processor.py:208} INFO - Processing /Users/swarnalidatta/Desktop/AutoQueryChatbot/.airflow-venv/lib/python3.12/site-packages/airflow/example_dags/example_branch_datetime_operator.py took 0.070 seconds
[2026-09-17T19:46:50.486+0200] {processor.py:186} INFO - Started process (PID=78766) to work on /Users/swarnalidatta/Desktop/AutoQueryChatbot/.airflow-venv/lib/python3.12/site-packages/airflow/example_dags/example_branch_datetime_operator.py
[2026-09-17T19:46:50.487+0200] {processor.py:914} INFO - Processing file /Users/swarnalidatta/Desktop/AutoQueryChatbot/.airflow-venv/lib/python3.12/site-packages/airflow/example_dags/example_branch_datetime_operator.py for tasks to queue
[2026-09-17T19:46:50.487+0200] {logging_mixin.py:190} INFO - [2026-09-17T19:46:50.487+0200] {dagbag.py:588} INFO - Filling up the DagBag from /Users/swarnalidatta/Desktop/AutoQueryChatbot/.airflow-venv/lib/python3.12/site-packages/airflow/example_dags/example_branch_datetime_operator.py
[2026-09-17T19:46:50.491+0200] {processor.py:925} INFO - DAG(s) 'example_branch_datetime_operator_3', 'example_branch_datetime_operator', 'example_branch_datetime_operator_2' retrieved from /Users/swarnalidatta/Desktop/AutoQueryChatbot/.airflow-venv/lib/python3.12/site-packages/airflow/example_dags/example_branch_datetime_operator.py
[2026-09-17T19:46:50.519+0200] {logging_mixin.py:190} INFO - [2026-09-17T19:46:50.519+0200] {dag.py:3239} INFO - Sync 3 DAGs
[2026-09-17T19:46:50.524+0200] {logging_mixin.py:190} INFO - [2026-09-17T19:46:50.524+0200] {dag.py:4180} INFO - Setting next_dagrun for example_branch_datetime_operator to 2026-09-16 00:00:00+00:00, run_after=2026-09-17 00:00:00+00:00
[2026-09-17T19:46:50.526+0200] {logging_mixin.py:190} INFO - [2026-09-17T19:46:50.526+0200] {dag.py:4180} INFO - Setting next_dagrun for example_branch_datetime_operator_2 to 2026-09-16 00:00:00+00:00, run_after=2026-09-17 00:00:00+00:00
[2026-09-17T19:46:50.526+0200] {logging_mixin.py:190} INFO - [2026-09-17T19:46:50.526+0200] {dag.py:4180} INFO - Setting next_dagrun for example_branch_datetime_operator_3 to 2026-09-16 00:00:00+00:00, run_after=2026-09-17 00:00:00+00:00
[2026-09-17T19:46:50.551+0200] {processor.py:208} INFO - Processing /Users/swarnalidatta/Desktop/AutoQueryChatbot/.airflow-venv/lib/python3.12/site-packages/airflow/example_dags/example_branch_datetime_operator.py took 0.066 seconds
[2026-09-17T19:49:12.974+0200] {processor.py:186} INFO - Started process (PID=79132) to work on /Users/swarnalidatta/Desktop/AutoQueryChatbot/.airflow-venv/lib/python3.12/site-packages/airflow/example_dags/example_branch_datetime_operator.py
[2026-09-17T19:49:12.974+0200] {processor.py:914} INFO - Processing file /Users/swarnalidatta/Desktop/AutoQueryChatbot/.airflow-venv/lib/python3.12/site-packages/airflow/example_dags/example_branch_datetime_operator.py for tasks to queue
[2026-09-17T19:49:12.974+0200] {logging_mixin.py:190} INFO - [2026-09-17T19:49:12.974+0200] {dagbag.py:588} INFO - Filling up the DagBag from /Users/swarnalidatta/Desktop/AutoQueryChatbot/.airflow-venv/lib/python3.12/site-packages/airflow/example_dags/example_branch_datetime_operator.py
[2026-09-17T19:49:12.978+0200] {processor.py:925} INFO - DAG(s) 'example_branch_datetime_operator_3', 'example_branch_datetime_operator', 'example_branch_datetime_operator_2' retrieved from /Users/swarnalidatta/Desktop/AutoQueryChatbot/.airflow-venv/lib/python3.12/site-packages/airflow/example_dags/example_branch_datetime_operator.py
[2026-09-17T19:49:13.007+0200] {logging_mixin.py:190} INFO - [2026-09-17T19:49:13.007+0200] {dag.py:3239} INFO - Sync 3 DAGs
[2026-09-17T19:49:13.012+0200] {logging_mixin.py:190} INFO - [2026-09-17T19:49:13.012+0200] {dag.py:4180} INFO - Setting next_dagrun for example_branch_datetime_operator to 2026-09-16 00:00:00+00:00, run_after=2026-09-17 00:00:00+00:00
[2026-09-17T19:49:13.013+0200] {logging_mixin.py:190} INFO - [2026-09-17T19:49:13.013+0200] {dag.py:4180} INFO - Setting next_dagrun for example_branch_datetime_operator_2 to 2026-09-16 00:00:00+00:00, run_after=2026-09-17 00:00:00+00:00
[2026-09-17T19:49:13.013+0200] {logging_mixin.py:190} INFO - [2026-09-17T19:49:13.013+0200] {dag.py:4180} INFO - Setting next_dagrun for example_branch_datetime_operator_3 to 2026-09-16 00:00:00+00:00, run_after=2026-09-17 00:00:00+00:00
[2026-09-17T19:49:13.039+0200] {processor.py:208} INFO - Processing /Users/swarnalidatta/Desktop/AutoQueryChatbot/.airflow-venv/lib/python3.12/site-packages/airflow/example_dags/example_branch_datetime_operator.py took 0.067 seconds
[2026-09-17T19:51:28.494+0200] {processor.py:186} INFO - Started process (PID=79535) to work on /Users/swarnalidatta/Desktop/AutoQueryChatbot/.airflow-venv/lib/python3.12/site-packages/airflow/example_dags/example_branch_datetime_operator.py
[2026-09-17T19:51:28.494+0200] {processor.py:914} INFO - Processing file /Users/swarnalidatta/Desktop/AutoQueryChatbot/.airflow-venv/lib/python3.12/site-packages/airflow/example_dags/example_branch_datetime_operator.py for tasks to queue
[2026-09-17T19:51:28.495+0200] {logging_mixin.py:190} INFO - [2026-09-17T19:51:28.495+0200] {dagbag.py:588} INFO - Filling up the DagBag from /Users/swarnalidatta/Desktop/AutoQueryChatbot/.airflow-venv/lib/python3.12/site-packages/airflow/example_dags/example_branch_datetime_operator.py
[2026-09-17T19:51:28.498+0200] {processor.py:925} INFO - DAG(s) 'example_branch_datetime_operator_3', 'example_branch_datetime_operator', 'example_branch_datetime_operator_2' retrieved from /Users/swarnalidatta/Desktop/AutoQueryChatbot/.airflow-venv/lib/python3.12/site-packages/airflow/example_dags/example_branch_datetime_operator.py
[2026-09-17T19:51:28.529+0200] {logging_mixin.py:190} INFO - [2026-09-17T19:51:28.528+0200] {dag.py:3239} INFO - Sync 3 DAGs
[2026-09-17T19:51:28.534+0200] {logging_mixin.py:190} INFO - [2026-09-17T19:51:28.534+0200] {dag.py:4180} INFO - Setting next_dagrun for example_branch_datetime_operator to 2026-09-16 00:00:00+00:00, run_after=2026-09-17 00:00:00+00:00
[2026-09-17T19:51:28.535+0200] {logging_mixin.py:190} INFO - [2026-09-17T19:51:28.535+0200] {dag.py:4180} INFO - Setting next_dagrun for example_branch_datetime_operator_2 to 2026-09-16 00:00:00+00:00, run_after=2026-09-17 00:00:00+00:00
[2026-09-17T19:51:28.536+0200] {logging_mixin.py:190} INFO - [2026-09-17T19:51:28.536+0200] {dag.py:4180} INFO - Setting next_dagrun for example_branch_datetime_operator_3 to 2026-09-16 00:00:00+00:00, run_after=2026-09-17 00:00:00+00:00
[2026-09-17T19:51:28.563+0200] {processor.py:208} INFO - Processing /Users/swarnalidatta/Desktop/AutoQueryChatbot/.airflow-venv/lib/python3.12/site-packages/airflow/example_dags/example_branch_datetime_operator.py took 0.070 seconds
[2026-09-17T19:53:48.438+0200] {processor.py:186} INFO - Started process (PID=79951) to work on /Users/swarnalidatta/Desktop/AutoQueryChatbot/.airflow-venv/lib/python3.12/site-packages/airflow/example_dags/example_branch_datetime_operator.py
[2026-09-17T19:53:48.438+0200] {processor.py:914} INFO - Processing file /Users/swarnalidatta/Desktop/AutoQueryChatbot/.airflow-venv/lib/python3.12/site-packages/airflow/example_dags/example_branch_datetime_operator.py for tasks to queue
[2026-09-17T19:53:48.439+0200] {logging_mixin.py:190} INFO - [2026-09-17T19:53:48.438+0200] {dagbag.py:588} INFO - Filling up the DagBag from /Users/swarnalidatta/Desktop/AutoQueryChatbot/.airflow-venv/lib/python3.12/site-packages/airflow/example_dags/example_branch_datetime_operator.py
[2026-09-17T19:53:48.442+0200] {processor.py:925} INFO - DAG(s) 'example_branch_datetime_operator_2', 'example_branch_datetime_operator_3', 'example_branch_datetime_operator' retrieved from /Users/swarnalidatta/Desktop/AutoQueryChatbot/.airflow-venv/lib/python3.12/site-packages/airflow/example_dags/example_branch_datetime_operator.py
[2026-09-17T19:53:48.471+0200] {logging_mixin.py:190} INFO - [2026-09-17T19:53:48.471+0200] {dag.py:3239} INFO - Sync 3 DAGs
[2026-09-17T19:53:48.476+0200] {logging_mixin.py:190} INFO - [2026-09-17T19:53:48.476+0200] {dag.py:4180} INFO - Setting next_dagrun for example_branch_datetime_operator to 2026-09-16 00:00:00+00:00, run_after=2026-09-17 00:00:00+00:00
[2026-09-17T19:53:48.478+0200] {logging_mixin.py:190} INFO - [2026-09-17T19:53:48.477+0200] {dag.py:4180} INFO - Setting next_dagrun for example_branch_datetime_operator_2 to 2026-09-16 00:00:00+00:00, run_after=2026-09-17 00:00:00+00:00
[2026-09-17T19:53:48.478+0200] {logging_mixin.py:190} INFO - [2026-09-17T19:53:48.478+0200] {dag.py:4180} INFO - Setting next_dagrun for example_branch_datetime_operator_3 to 2026-09-16 00:00:00+00:00, run_after=2026-09-17 00:00:00+00:00
[2026-09-17T19:53:48.505+0200] {processor.py:208} INFO - Processing /Users/swarnalidatta/Desktop/AutoQueryChatbot/.airflow-venv/lib/python3.12/site-packages/airflow/example_dags/example_branch_datetime_operator.py took 0.068 seconds
[2026-09-17T20:07:31.472+0200] {processor.py:186} INFO - Started process (PID=80842) to work on /Users/swarnalidatta/Desktop/AutoQueryChatbot/.airflow-venv/lib/python3.12/site-packages/airflow/example_dags/example_branch_datetime_operator.py
[2026-09-17T20:07:31.473+0200] {processor.py:914} INFO - Processing file /Users/swarnalidatta/Desktop/AutoQueryChatbot/.airflow-venv/lib/python3.12/site-packages/airflow/example_dags/example_branch_datetime_operator.py for tasks to queue
[2026-09-17T20:07:31.473+0200] {logging_mixin.py:190} INFO - [2026-09-17T20:07:31.473+0200] {dagbag.py:588} INFO - Filling up the DagBag from /Users/swarnalidatta/Desktop/AutoQueryChatbot/.airflow-venv/lib/python3.12/site-packages/airflow/example_dags/example_branch_datetime_operator.py
[2026-09-17T20:07:31.477+0200] {processor.py:925} INFO - DAG(s) 'example_branch_datetime_operator_3', 'example_branch_datetime_operator_2', 'example_branch_datetime_operator' retrieved from /Users/swarnalidatta/Desktop/AutoQueryChatbot/.airflow-venv/lib/python3.12/site-packages/airflow/example_dags/example_branch_datetime_operator.py
[2026-09-17T20:07:31.505+0200] {logging_mixin.py:190} INFO - [2026-09-17T20:07:31.505+0200] {dag.py:3239} INFO - Sync 3 DAGs
[2026-09-17T20:07:31.510+0200] {logging_mixin.py:190} INFO - [2026-09-17T20:07:31.510+0200] {dag.py:4180} INFO - Setting next_dagrun for example_branch_datetime_operator to 2026-09-16 00:00:00+00:00, run_after=2026-09-17 00:00:00+00:00
[2026-09-17T20:07:31.511+0200] {logging_mixin.py:190} INFO - [2026-09-17T20:07:31.511+0200] {dag.py:4180} INFO - Setting next_dagrun for example_branch_datetime_operator_2 to 2026-09-16 00:00:00+00:00, run_after=2026-09-17 00:00:00+00:00
[2026-09-17T20:07:31.512+0200] {logging_mixin.py:190} INFO - [2026-09-17T20:07:31.512+0200] {dag.py:4180} INFO - Setting next_dagrun for example_branch_datetime_operator_3 to 2026-09-16 00:00:00+00:00, run_after=2026-09-17 00:00:00+00:00
[2026-09-17T20:07:31.537+0200] {processor.py:208} INFO - Processing /Users/swarnalidatta/Desktop/AutoQueryChatbot/.airflow-venv/lib/python3.12/site-packages/airflow/example_dags/example_branch_datetime_operator.py took 0.066 seconds
[2026-09-17T20:10:39.482+0200] {processor.py:186} INFO - Started process (PID=81891) to work on /Users/swarnalidatta/Desktop/AutoQueryChatbot/.airflow-venv/lib/python3.12/site-packages/airflow/example_dags/example_branch_datetime_operator.py
[2026-09-17T20:10:39.482+0200] {processor.py:914} INFO - Processing file /Users/swarnalidatta/Desktop/AutoQueryChatbot/.airflow-venv/lib/python3.12/site-packages/airflow/example_dags/example_branch_datetime_operator.py for tasks to queue
[2026-09-17T20:10:39.483+0200] {logging_mixin.py:190} INFO - [2026-09-17T20:10:39.483+0200] {dagbag.py:588} INFO - Filling up the DagBag from /Users/swarnalidatta/Desktop/AutoQueryChatbot/.airflow-venv/lib/python3.12/site-packages/airflow/example_dags/example_branch_datetime_operator.py
[2026-09-17T20:10:39.487+0200] {processor.py:925} INFO - DAG(s) 'example_branch_datetime_operator_2', 'example_branch_datetime_operator', 'example_branch_datetime_operator_3' retrieved from /Users/swarnalidatta/Desktop/AutoQueryChatbot/.airflow-venv/lib/python3.12/site-packages/airflow/example_dags/example_branch_datetime_operator.py
[2026-09-17T20:10:39.516+0200] {logging_mixin.py:190} INFO - [2026-09-17T20:10:39.516+0200] {dag.py:3239} INFO - Sync 3 DAGs
[2026-09-17T20:10:39.522+0200] {logging_mixin.py:190} INFO - [2026-09-17T20:10:39.522+0200] {dag.py:4180} INFO - Setting next_dagrun for example_branch_datetime_operator to 2026-09-16 00:00:00+00:00, run_after=2026-09-17 00:00:00+00:00
[2026-09-17T20:10:39.523+0200] {logging_mixin.py:190} INFO - [2026-09-17T20:10:39.523+0200] {dag.py:4180} INFO - Setting next_dagrun for example_branch_datetime_operator_2 to 2026-09-16 00:00:00+00:00, run_after=2026-09-17 00:00:00+00:00
[2026-09-17T20:10:39.523+0200] {logging_mixin.py:190} INFO - [2026-09-17T20:10:39.523+0200] {dag.py:4180} INFO - Setting next_dagrun for example_branch_datetime_operator_3 to 2026-09-16 00:00:00+00:00, run_after=2026-09-17 00:00:00+00:00
[2026-09-17T20:10:39.552+0200] {processor.py:208} INFO - Processing /Users/swarnalidatta/Desktop/AutoQueryChatbot/.airflow-venv/lib/python3.12/site-packages/airflow/example_dags/example_branch_datetime_operator.py took 0.071 seconds
[2026-09-17T20:13:55.766+0200] {processor.py:186} INFO - Started process (PID=82742) to work on /Users/swarnalidatta/Desktop/AutoQueryChatbot/.airflow-venv/lib/python3.12/site-packages/airflow/example_dags/example_branch_datetime_operator.py
[2026-09-17T20:13:55.766+0200] {processor.py:914} INFO - Processing file /Users/swarnalidatta/Desktop/AutoQueryChatbot/.airflow-venv/lib/python3.12/site-packages/airflow/example_dags/example_branch_datetime_operator.py for tasks to queue
[2026-09-17T20:13:55.767+0200] {logging_mixin.py:190} INFO - [2026-09-17T20:13:55.767+0200] {dagbag.py:588} INFO - Filling up the DagBag from /Users/swarnalidatta/Desktop/AutoQueryChatbot/.airflow-venv/lib/python3.12/site-packages/airflow/example_dags/example_branch_datetime_operator.py
[2026-09-17T20:13:55.771+0200] {processor.py:925} INFO - DAG(s) 'example_branch_datetime_operator', 'example_branch_datetime_operator_2', 'example_branch_datetime_operator_3' retrieved from /Users/swarnalidatta/Desktop/AutoQueryChatbot/.airflow-venv/lib/python3.12/site-packages/airflow/example_dags/example_branch_datetime_operator.py
[2026-09-17T20:13:55.799+0200] {logging_mixin.py:190} INFO - [2026-09-17T20:13:55.799+0200] {dag.py:3239} INFO - Sync 3 DAGs
[2026-09-17T20:13:55.805+0200] {logging_mixin.py:190} INFO - [2026-09-17T20:13:55.804+0200] {dag.py:4180} INFO - Setting next_dagrun for example_branch_datetime_operator to 2026-09-16 00:00:00+00:00, run_after=2026-09-17 00:00:00+00:00
[2026-09-17T20:13:55.806+0200] {logging_mixin.py:190} INFO - [2026-09-17T20:13:55.806+0200] {dag.py:4180} INFO - Setting next_dagrun for example_branch_datetime_operator_2 to 2026-09-16 00:00:00+00:00, run_after=2026-09-17 00:00:00+00:00
[2026-09-17T20:13:55.806+0200] {logging_mixin.py:190} INFO - [2026-09-17T20:13:55.806+0200] {dag.py:4180} INFO - Setting next_dagrun for example_branch_datetime_operator_3 to 2026-09-16 00:00:00+00:00, run_after=2026-09-17 00:00:00+00:00
[2026-09-17T20:13:55.832+0200] {processor.py:208} INFO - Processing /Users/swarnalidatta/Desktop/AutoQueryChatbot/.airflow-venv/lib/python3.12/site-packages/airflow/example_dags/example_branch_datetime_operator.py took 0.068 seconds
[2026-09-17T20:17:14.511+0200] {processor.py:186} INFO - Started process (PID=83440) to work on /Users/swarnalidatta/Desktop/AutoQueryChatbot/.airflow-venv/lib/python3.12/site-packages/airflow/example_dags/example_branch_datetime_operator.py
[2026-09-17T20:17:14.511+0200] {processor.py:914} INFO - Processing file /Users/swarnalidatta/Desktop/AutoQueryChatbot/.airflow-venv/lib/python3.12/site-packages/airflow/example_dags/example_branch_datetime_operator.py for tasks to queue
[2026-09-17T20:17:14.511+0200] {logging_mixin.py:190} INFO - [2026-09-17T20:17:14.511+0200] {dagbag.py:588} INFO - Filling up the DagBag from /Users/swarnalidatta/Desktop/AutoQueryChatbot/.airflow-venv/lib/python3.12/site-packages/airflow/example_dags/example_branch_datetime_operator.py
[2026-09-17T20:17:14.515+0200] {processor.py:925} INFO - DAG(s) 'example_branch_datetime_operator_3', 'example_branch_datetime_operator', 'example_branch_datetime_operator_2' retrieved from /Users/swarnalidatta/Desktop/AutoQueryChatbot/.airflow-venv/lib/python3.12/site-packages/airflow/example_dags/example_branch_datetime_operator.py
[2026-09-17T20:17:14.544+0200] {logging_mixin.py:190} INFO - [2026-09-17T20:17:14.544+0200] {dag.py:3239} INFO - Sync 3 DAGs
[2026-09-17T20:17:14.549+0200] {logging_mixin.py:190} INFO - [2026-09-17T20:17:14.549+0200] {dag.py:4180} INFO - Setting next_dagrun for example_branch_datetime_operator to 2026-09-16 00:00:00+00:00, run_after=2026-09-17 00:00:00+00:00
[2026-09-17T20:17:14.550+0200] {logging_mixin.py:190} INFO - [2026-09-17T20:17:14.550+0200] {dag.py:4180} INFO - Setting next_dagrun for example_branch_datetime_operator_2 to 2026-09-16 00:00:00+00:00, run_after=2026-09-17 00:00:00+00:00
[2026-09-17T20:17:14.551+0200] {logging_mixin.py:190} INFO - [2026-09-17T20:17:14.551+0200] {dag.py:4180} INFO - Setting next_dagrun for example_branch_datetime_operator_3 to 2026-09-16 00:00:00+00:00, run_after=2026-09-17 00:00:00+00:00
[2026-09-17T20:17:14.577+0200] {processor.py:208} INFO - Processing /Users/swarnalidatta/Desktop/AutoQueryChatbot/.airflow-venv/lib/python3.12/site-packages/airflow/example_dags/example_branch_datetime_operator.py took 0.068 seconds
[2026-09-17T20:20:55.045+0200] {processor.py:186} INFO - Started process (PID=84202) to work on /Users/swarnalidatta/Desktop/AutoQueryChatbot/.airflow-venv/lib/python3.12/site-packages/airflow/example_dags/example_branch_datetime_operator.py
[2026-09-17T20:20:55.046+0200] {processor.py:914} INFO - Processing file /Users/swarnalidatta/Desktop/AutoQueryChatbot/.airflow-venv/lib/python3.12/site-packages/airflow/example_dags/example_branch_datetime_operator.py for tasks to queue
[2026-09-17T20:20:55.046+0200] {logging_mixin.py:190} INFO - [2026-09-17T20:20:55.046+0200] {dagbag.py:588} INFO - Filling up the DagBag from /Users/swarnalidatta/Desktop/AutoQueryChatbot/.airflow-venv/lib/python3.12/site-packages/airflow/example_dags/example_branch_datetime_operator.py
[2026-09-17T20:20:55.050+0200] {processor.py:925} INFO - DAG(s) 'example_branch_datetime_operator_3', 'example_branch_datetime_operator_2', 'example_branch_datetime_operator' retrieved from /Users/swarnalidatta/Desktop/AutoQueryChatbot/.airflow-venv/lib/python3.12/site-packages/airflow/example_dags/example_branch_datetime_operator.py
[2026-09-17T20:20:55.079+0200] {logging_mixin.py:190} INFO - [2026-09-17T20:20:55.079+0200] {dag.py:3239} INFO - Sync 3 DAGs
[2026-09-17T20:20:55.084+0200] {logging_mixin.py:190} INFO - [2026-09-17T20:20:55.084+0200] {dag.py:4180} INFO - Setting next_dagrun for example_branch_datetime_operator to 2026-09-16 00:00:00+00:00, run_after=2026-09-17 00:00:00+00:00
[2026-09-17T20:20:55.085+0200] {logging_mixin.py:190} INFO - [2026-09-17T20:20:55.085+0200] {dag.py:4180} INFO - Setting next_dagrun for example_branch_datetime_operator_2 to 2026-09-16 00:00:00+00:00, run_after=2026-09-17 00:00:00+00:00
[2026-09-17T20:20:55.085+0200] {logging_mixin.py:190} INFO - [2026-09-17T20:20:55.085+0200] {dag.py:4180} INFO - Setting next_dagrun for example_branch_datetime_operator_3 to 2026-09-16 00:00:00+00:00, run_after=2026-09-17 00:00:00+00:00
[2026-09-17T20:20:55.111+0200] {processor.py:208} INFO - Processing /Users/swarnalidatta/Desktop/AutoQueryChatbot/.airflow-venv/lib/python3.12/site-packages/airflow/example_dags/example_branch_datetime_operator.py took 0.067 seconds
[2026-09-17T20:23:42.402+0200] {processor.py:186} INFO - Started process (PID=84823) to work on /Users/swarnalidatta/Desktop/AutoQueryChatbot/.airflow-venv/lib/python3.12/site-packages/airflow/example_dags/example_branch_datetime_operator.py
[2026-09-17T20:23:42.402+0200] {processor.py:914} INFO - Processing file /Users/swarnalidatta/Desktop/AutoQueryChatbot/.airflow-venv/lib/python3.12/site-packages/airflow/example_dags/example_branch_datetime_operator.py for tasks to queue
[2026-09-17T20:23:42.403+0200] {logging_mixin.py:190} INFO - [2026-09-17T20:23:42.403+0200] {dagbag.py:588} INFO - Filling up the DagBag from /Users/swarnalidatta/Desktop/AutoQueryChatbot/.airflow-venv/lib/python3.12/site-packages/airflow/example_dags/example_branch_datetime_operator.py
[2026-09-17T20:23:42.406+0200] {processor.py:925} INFO - DAG(s) 'example_branch_datetime_operator_3', 'example_branch_datetime_operator_2', 'example_branch_datetime_operator' retrieved from /Users/swarnalidatta/Desktop/AutoQueryChatbot/.airflow-venv/lib/python3.12/site-packages/airflow/example_dags/example_branch_datetime_operator.py
[2026-09-17T20:23:42.435+0200] {logging_mixin.py:190} INFO - [2026-09-17T20:23:42.435+0200] {dag.py:3239} INFO - Sync 3 DAGs
[2026-09-17T20:23:42.440+0200] {logging_mixin.py:190} INFO - [2026-09-17T20:23:42.440+0200] {dag.py:4180} INFO - Setting next_dagrun for example_branch_datetime_operator to 2026-09-16 00:00:00+00:00, run_after=2026-09-17 00:00:00+00:00
[2026-09-17T20:23:42.441+0200] {logging_mixin.py:190} INFO - [2026-09-17T20:23:42.441+0200] {dag.py:4180} INFO - Setting next_dagrun for example_branch_datetime_operator_2 to 2026-09-16 00:00:00+00:00, run_after=2026-09-17 00:00:00+00:00
[2026-09-17T20:23:42.442+0200] {logging_mixin.py:190} INFO - [2026-09-17T20:23:42.442+0200] {dag.py:4180} INFO - Setting next_dagrun for example_branch_datetime_operator_3 to 2026-09-16 00:00:00+00:00, run_after=2026-09-17 00:00:00+00:00
[2026-09-17T20:23:42.469+0200] {processor.py:208} INFO - Processing /Users/swarnalidatta/Desktop/AutoQueryChatbot/.airflow-venv/lib/python3.12/site-packages/airflow/example_dags/example_branch_datetime_operator.py took 0.068 seconds
[2026-09-17T20:26:54.778+0200] {processor.py:186} INFO - Started process (PID=85371) to work on /Users/swarnalidatta/Desktop/AutoQueryChatbot/.airflow-venv/lib/python3.12/site-packages/airflow/example_dags/example_branch_datetime_operator.py
[2026-09-17T20:26:54.778+0200] {processor.py:914} INFO - Processing file /Users/swarnalidatta/Desktop/AutoQueryChatbot/.airflow-venv/lib/python3.12/site-packages/airflow/example_dags/example_branch_datetime_operator.py for tasks to queue
[2026-09-17T20:26:54.778+0200] {logging_mixin.py:190} INFO - [2026-09-17T20:26:54.778+0200] {dagbag.py:588} INFO - Filling up the DagBag from /Users/swarnalidatta/Desktop/AutoQueryChatbot/.airflow-venv/lib/python3.12/site-packages/airflow/example_dags/example_branch_datetime_operator.py
[2026-09-17T20:26:54.782+0200] {processor.py:925} INFO - DAG(s) 'example_branch_datetime_operator', 'example_branch_datetime_operator_2', 'example_branch_datetime_operator_3' retrieved from /Users/swarnalidatta/Desktop/AutoQueryChatbot/.airflow-venv/lib/python3.12/site-packages/airflow/example_dags/example_branch_datetime_operator.py
[2026-09-17T20:26:54.811+0200] {logging_mixin.py:190} INFO - [2026-09-17T20:26:54.811+0200] {dag.py:3239} INFO - Sync 3 DAGs
[2026-09-17T20:26:54.817+0200] {logging_mixin.py:190} INFO - [2026-09-17T20:26:54.817+0200] {dag.py:4180} INFO - Setting next_dagrun for example_branch_datetime_operator to 2026-09-16 00:00:00+00:00, run_after=2026-09-17 00:00:00+00:00
[2026-09-17T20:26:54.818+0200] {logging_mixin.py:190} INFO - [2026-09-17T20:26:54.818+0200] {dag.py:4180} INFO - Setting next_dagrun for example_branch_datetime_operator_2 to 2026-09-16 00:00:00+00:00, run_after=2026-09-17 00:00:00+00:00
[2026-09-17T20:26:54.818+0200] {logging_mixin.py:190} INFO - [2026-09-17T20:26:54.818+0200] {dag.py:4180} INFO - Setting next_dagrun for example_branch_datetime_operator_3 to 2026-09-16 00:00:00+00:00, run_after=2026-09-17 00:00:00+00:00
[2026-09-17T20:26:54.845+0200] {processor.py:208} INFO - Processing /Users/swarnalidatta/Desktop/AutoQueryChatbot/.airflow-venv/lib/python3.12/site-packages/airflow/example_dags/example_branch_datetime_operator.py took 0.068 seconds
[2026-09-17T20:29:18.180+0200] {processor.py:186} INFO - Started process (PID=85695) to work on /Users/swarnalidatta/Desktop/AutoQueryChatbot/.airflow-venv/lib/python3.12/site-packages/airflow/example_dags/example_branch_datetime_operator.py
[2026-09-17T20:29:18.180+0200] {processor.py:914} INFO - Processing file /Users/swarnalidatta/Desktop/AutoQueryChatbot/.airflow-venv/lib/python3.12/site-packages/airflow/example_dags/example_branch_datetime_operator.py for tasks to queue
[2026-09-17T20:29:18.181+0200] {logging_mixin.py:190} INFO - [2026-09-17T20:29:18.181+0200] {dagbag.py:588} INFO - Filling up the DagBag from /Users/swarnalidatta/Desktop/AutoQueryChatbot/.airflow-venv/lib/python3.12/site-packages/airflow/example_dags/example_branch_datetime_operator.py
[2026-09-17T20:29:18.184+0200] {processor.py:925} INFO - DAG(s) 'example_branch_datetime_operator_2', 'example_branch_datetime_operator', 'example_branch_datetime_operator_3' retrieved from /Users/swarnalidatta/Desktop/AutoQueryChatbot/.airflow-venv/lib/python3.12/site-packages/airflow/example_dags/example_branch_datetime_operator.py
[2026-09-17T20:29:18.213+0200] {logging_mixin.py:190} INFO - [2026-09-17T20:29:18.213+0200] {dag.py:3239} INFO - Sync 3 DAGs
[2026-09-17T20:29:18.219+0200] {logging_mixin.py:190} INFO - [2026-09-17T20:29:18.219+0200] {dag.py:4180} INFO - Setting next_dagrun for example_branch_datetime_operator to 2026-09-16 00:00:00+00:00, run_after=2026-09-17 00:00:00+00:00
[2026-09-17T20:29:18.220+0200] {logging_mixin.py:190} INFO - [2026-09-17T20:29:18.220+0200] {dag.py:4180} INFO - Setting next_dagrun for example_branch_datetime_operator_2 to 2026-09-16 00:00:00+00:00, run_after=2026-09-17 00:00:00+00:00
[2026-09-17T20:29:18.221+0200] {logging_mixin.py:190} INFO - [2026-09-17T20:29:18.221+0200] {dag.py:4180} INFO - Setting next_dagrun for example_branch_datetime_operator_3 to 2026-09-16 00:00:00+00:00, run_after=2026-09-17 00:00:00+00:00
[2026-09-17T20:29:18.248+0200] {processor.py:208} INFO - Processing /Users/swarnalidatta/Desktop/AutoQueryChatbot/.airflow-venv/lib/python3.12/site-packages/airflow/example_dags/example_branch_datetime_operator.py took 0.069 seconds
[2026-09-17T20:31:58.156+0200] {processor.py:186} INFO - Started process (PID=86090) to work on /Users/swarnalidatta/Desktop/AutoQueryChatbot/.airflow-venv/lib/python3.12/site-packages/airflow/example_dags/example_branch_datetime_operator.py
[2026-09-17T20:31:58.157+0200] {processor.py:914} INFO - Processing file /Users/swarnalidatta/Desktop/AutoQueryChatbot/.airflow-venv/lib/python3.12/site-packages/airflow/example_dags/example_branch_datetime_operator.py for tasks to queue
[2026-09-17T20:31:58.158+0200] {logging_mixin.py:190} INFO - [2026-09-17T20:31:58.158+0200] {dagbag.py:588} INFO - Filling up the DagBag from /Users/swarnalidatta/Desktop/AutoQueryChatbot/.airflow-venv/lib/python3.12/site-packages/airflow/example_dags/example_branch_datetime_operator.py
[2026-09-17T20:31:58.161+0200] {processor.py:925} INFO - DAG(s) 'example_branch_datetime_operator_3', 'example_branch_datetime_operator', 'example_branch_datetime_operator_2' retrieved from /Users/swarnalidatta/Desktop/AutoQueryChatbot/.airflow-venv/lib/python3.12/site-packages/airflow/example_dags/example_branch_datetime_operator.py
[2026-09-17T20:31:58.190+0200] {logging_mixin.py:190} INFO - [2026-09-17T20:31:58.190+0200] {dag.py:3239} INFO - Sync 3 DAGs
[2026-09-17T20:31:58.196+0200] {logging_mixin.py:190} INFO - [2026-09-17T20:31:58.195+0200] {dag.py:4180} INFO - Setting next_dagrun for example_branch_datetime_operator to 2026-09-16 00:00:00+00:00, run_after=2026-09-17 00:00:00+00:00
[2026-09-17T20:31:58.197+0200] {logging_mixin.py:190} INFO - [2026-09-17T20:31:58.197+0200] {dag.py:4180} INFO - Setting next_dagrun for example_branch_datetime_operator_2 to 2026-09-16 00:00:00+00:00, run_after=2026-09-17 00:00:00+00:00
[2026-09-17T20:31:58.197+0200] {logging_mixin.py:190} INFO - [2026-09-17T20:31:58.197+0200] {dag.py:4180} INFO - Setting next_dagrun for example_branch_datetime_operator_3 to 2026-09-16 00:00:00+00:00, run_after=2026-09-17 00:00:00+00:00
[2026-09-17T20:31:58.225+0200] {processor.py:208} INFO - Processing /Users/swarnalidatta/Desktop/AutoQueryChatbot/.airflow-venv/lib/python3.12/site-packages/airflow/example_dags/example_branch_datetime_operator.py took 0.070 seconds
[2026-09-17T20:34:08.786+0200] {processor.py:186} INFO - Started process (PID=86403) to work on /Users/swarnalidatta/Desktop/AutoQueryChatbot/.airflow-venv/lib/python3.12/site-packages/airflow/example_dags/example_branch_datetime_operator.py
[2026-09-17T20:34:08.787+0200] {processor.py:914} INFO - Processing file /Users/swarnalidatta/Desktop/AutoQueryChatbot/.airflow-venv/lib/python3.12/site-packages/airflow/example_dags/example_branch_datetime_operator.py for tasks to queue
[2026-09-17T20:34:08.787+0200] {logging_mixin.py:190} INFO - [2026-09-17T20:34:08.787+0200] {dagbag.py:588} INFO - Filling up the DagBag from /Users/swarnalidatta/Desktop/AutoQueryChatbot/.airflow-venv/lib/python3.12/site-packages/airflow/example_dags/example_branch_datetime_operator.py
[2026-09-17T20:34:08.790+0200] {processor.py:925} INFO - DAG(s) 'example_branch_datetime_operator_3', 'example_branch_datetime_operator_2', 'example_branch_datetime_operator' retrieved from /Users/swarnalidatta/Desktop/AutoQueryChatbot/.airflow-venv/lib/python3.12/site-packages/airflow/example_dags/example_branch_datetime_operator.py
[2026-09-17T20:34:08.819+0200] {logging_mixin.py:190} INFO - [2026-09-17T20:34:08.819+0200] {dag.py:3239} INFO - Sync 3 DAGs
[2026-09-17T20:34:08.824+0200] {logging_mixin.py:190} INFO - [2026-09-17T20:34:08.824+0200] {dag.py:4180} INFO - Setting next_dagrun for example_branch_datetime_operator to 2026-09-16 00:00:00+00:00, run_after=2026-09-17 00:00:00+00:00
[2026-09-17T20:34:08.826+0200] {logging_mixin.py:190} INFO - [2026-09-17T20:34:08.825+0200] {dag.py:4180} INFO - Setting next_dagrun for example_branch_datetime_operator_2 to 2026-09-16 00:00:00+00:00, run_after=2026-09-17 00:00:00+00:00
[2026-09-17T20:34:08.826+0200] {logging_mixin.py:190} INFO - [2026-09-17T20:34:08.826+0200] {dag.py:4180} INFO - Setting next_dagrun for example_branch_datetime_operator_3 to 2026-09-16 00:00:00+00:00, run_after=2026-09-17 00:00:00+00:00
[2026-09-17T20:34:08.851+0200] {processor.py:208} INFO - Processing /Users/swarnalidatta/Desktop/AutoQueryChatbot/.airflow-venv/lib/python3.12/site-packages/airflow/example_dags/example_branch_datetime_operator.py took 0.067 seconds
[2026-09-17T20:36:15.485+0200] {processor.py:186} INFO - Started process (PID=86693) to work on /Users/swarnalidatta/Desktop/AutoQueryChatbot/.airflow-venv/lib/python3.12/site-packages/airflow/example_dags/example_branch_datetime_operator.py
[2026-09-17T20:36:15.485+0200] {processor.py:914} INFO - Processing file /Users/swarnalidatta/Desktop/AutoQueryChatbot/.airflow-venv/lib/python3.12/site-packages/airflow/example_dags/example_branch_datetime_operator.py for tasks to queue
[2026-09-17T20:36:15.486+0200] {logging_mixin.py:190} INFO - [2026-09-17T20:36:15.486+0200] {dagbag.py:588} INFO - Filling up the DagBag from /Users/swarnalidatta/Desktop/AutoQueryChatbot/.airflow-venv/lib/python3.12/site-packages/airflow/example_dags/example_branch_datetime_operator.py
[2026-09-17T20:36:15.489+0200] {processor.py:925} INFO - DAG(s) 'example_branch_datetime_operator', 'example_branch_datetime_operator_2', 'example_branch_datetime_operator_3' retrieved from /Users/swarnalidatta/Desktop/AutoQueryChatbot/.airflow-venv/lib/python3.12/site-packages/airflow/example_dags/example_branch_datetime_operator.py
[2026-09-17T20:36:15.518+0200] {logging_mixin.py:190} INFO - [2026-09-17T20:36:15.518+0200] {dag.py:3239} INFO - Sync 3 DAGs
[2026-09-17T20:36:15.523+0200] {logging_mixin.py:190} INFO - [2026-09-17T20:36:15.523+0200] {dag.py:4180} INFO - Setting next_dagrun for example_branch_datetime_operator to 2026-09-16 00:00:00+00:00, run_after=2026-09-17 00:00:00+00:00
[2026-09-17T20:36:15.524+0200] {logging_mixin.py:190} INFO - [2026-09-17T20:36:15.524+0200] {dag.py:4180} INFO - Setting next_dagrun for example_branch_datetime_operator_2 to 2026-09-16 00:00:00+00:00, run_after=2026-09-17 00:00:00+00:00
[2026-09-17T20:36:15.525+0200] {logging_mixin.py:190} INFO - [2026-09-17T20:36:15.525+0200] {dag.py:4180} INFO - Setting next_dagrun for example_branch_datetime_operator_3 to 2026-09-16 00:00:00+00:00, run_after=2026-09-17 00:00:00+00:00
[2026-09-17T20:36:15.550+0200] {processor.py:208} INFO - Processing /Users/swarnalidatta/Desktop/AutoQueryChatbot/.airflow-venv/lib/python3.12/site-packages/airflow/example_dags/example_branch_datetime_operator.py took 0.065 seconds
[2026-09-17T20:49:05.417+0200] {processor.py:186} INFO - Started process (PID=87052) to work on /Users/swarnalidatta/Desktop/AutoQueryChatbot/.airflow-venv/lib/python3.12/site-packages/airflow/example_dags/example_branch_datetime_operator.py
[2026-09-17T20:49:05.418+0200] {processor.py:914} INFO - Processing file /Users/swarnalidatta/Desktop/AutoQueryChatbot/.airflow-venv/lib/python3.12/site-packages/airflow/example_dags/example_branch_datetime_operator.py for tasks to queue
[2026-09-17T20:49:05.418+0200] {logging_mixin.py:190} INFO - [2026-09-17T20:49:05.418+0200] {dagbag.py:588} INFO - Filling up the DagBag from /Users/swarnalidatta/Desktop/AutoQueryChatbot/.airflow-venv/lib/python3.12/site-packages/airflow/example_dags/example_branch_datetime_operator.py
[2026-09-17T20:49:05.422+0200] {processor.py:925} INFO - DAG(s) 'example_branch_datetime_operator_3', 'example_branch_datetime_operator', 'example_branch_datetime_operator_2' retrieved from /Users/swarnalidatta/Desktop/AutoQueryChatbot/.airflow-venv/lib/python3.12/site-packages/airflow/example_dags/example_branch_datetime_operator.py
[2026-09-17T20:49:05.449+0200] {logging_mixin.py:190} INFO - [2026-09-17T20:49:05.449+0200] {dag.py:3239} INFO - Sync 3 DAGs
[2026-09-17T20:49:05.455+0200] {logging_mixin.py:190} INFO - [2026-09-17T20:49:05.454+0200] {dag.py:4180} INFO - Setting next_dagrun for example_branch_datetime_operator to 2026-09-16 00:00:00+00:00, run_after=2026-09-17 00:00:00+00:00
[2026-09-17T20:49:05.456+0200] {logging_mixin.py:190} INFO - [2026-09-17T20:49:05.456+0200] {dag.py:4180} INFO - Setting next_dagrun for example_branch_datetime_operator_2 to 2026-09-16 00:00:00+00:00, run_after=2026-09-17 00:00:00+00:00
[2026-09-17T20:49:05.456+0200] {logging_mixin.py:190} INFO - [2026-09-17T20:49:05.456+0200] {dag.py:4180} INFO - Setting next_dagrun for example_branch_datetime_operator_3 to 2026-09-16 00:00:00+00:00, run_after=2026-09-17 00:00:00+00:00
[2026-09-17T20:49:05.481+0200] {processor.py:208} INFO - Processing /Users/swarnalidatta/Desktop/AutoQueryChatbot/.airflow-venv/lib/python3.12/site-packages/airflow/example_dags/example_branch_datetime_operator.py took 0.065 seconds
[2026-09-17T20:51:17.000+0200] {processor.py:186} INFO - Started process (PID=87353) to work on /Users/swarnalidatta/Desktop/AutoQueryChatbot/.airflow-venv/lib/python3.12/site-packages/airflow/example_dags/example_branch_datetime_operator.py
[2026-09-17T20:51:17.001+0200] {processor.py:914} INFO - Processing file /Users/swarnalidatta/Desktop/AutoQueryChatbot/.airflow-venv/lib/python3.12/site-packages/airflow/example_dags/example_branch_datetime_operator.py for tasks to queue
[2026-09-17T20:51:17.001+0200] {logging_mixin.py:190} INFO - [2026-09-17T20:51:17.001+0200] {dagbag.py:588} INFO - Filling up the DagBag from /Users/swarnalidatta/Desktop/AutoQueryChatbot/.airflow-venv/lib/python3.12/site-packages/airflow/example_dags/example_branch_datetime_operator.py
[2026-09-17T20:51:17.005+0200] {processor.py:925} INFO - DAG(s) 'example_branch_datetime_operator_3', 'example_branch_datetime_operator_2', 'example_branch_datetime_operator' retrieved from /Users/swarnalidatta/Desktop/AutoQueryChatbot/.airflow-venv/lib/python3.12/site-packages/airflow/example_dags/example_branch_datetime_operator.py
[2026-09-17T20:51:17.033+0200] {logging_mixin.py:190} INFO - [2026-09-17T20:51:17.033+0200] {dag.py:3239} INFO - Sync 3 DAGs
[2026-09-17T20:51:17.038+0200] {logging_mixin.py:190} INFO - [2026-09-17T20:51:17.038+0200] {dag.py:4180} INFO - Setting next_dagrun for example_branch_datetime_operator to 2026-09-16 00:00:00+00:00, run_after=2026-09-17 00:00:00+00:00
[2026-09-17T20:51:17.039+0200] {logging_mixin.py:190} INFO - [2026-09-17T20:51:17.039+0200] {dag.py:4180} INFO - Setting next_dagrun for example_branch_datetime_operator_2 to 2026-09-16 00:00:00+00:00, run_after=2026-09-17 00:00:00+00:00
[2026-09-17T20:51:17.040+0200] {logging_mixin.py:190} INFO - [2026-09-17T20:51:17.040+0200] {dag.py:4180} INFO - Setting next_dagrun for example_branch_datetime_operator_3 to 2026-09-16 00:00:00+00:00, run_after=2026-09-17 00:00:00+00:00
[2026-09-17T20:51:17.065+0200] {processor.py:208} INFO - Processing /Users/swarnalidatta/Desktop/AutoQueryChatbot/.airflow-venv/lib/python3.12/site-packages/airflow/example_dags/example_branch_datetime_operator.py took 0.066 seconds
[2026-09-17T20:53:24.398+0200] {processor.py:186} INFO - Started process (PID=87647) to work on /Users/swarnalidatta/Desktop/AutoQueryChatbot/.airflow-venv/lib/python3.12/site-packages/airflow/example_dags/example_branch_datetime_operator.py
[2026-09-17T20:53:24.399+0200] {processor.py:914} INFO - Processing file /Users/swarnalidatta/Desktop/AutoQueryChatbot/.airflow-venv/lib/python3.12/site-packages/airflow/example_dags/example_branch_datetime_operator.py for tasks to queue
[2026-09-17T20:53:24.399+0200] {logging_mixin.py:190} INFO - [2026-09-17T20:53:24.399+0200] {dagbag.py:588} INFO - Filling up the DagBag from /Users/swarnalidatta/Desktop/AutoQueryChatbot/.airflow-venv/lib/python3.12/site-packages/airflow/example_dags/example_branch_datetime_operator.py
[2026-09-17T20:53:24.403+0200] {processor.py:925} INFO - DAG(s) 'example_branch_datetime_operator', 'example_branch_datetime_operator_3', 'example_branch_datetime_operator_2' retrieved from /Users/swarnalidatta/Desktop/AutoQueryChatbot/.airflow-venv/lib/python3.12/site-packages/airflow/example_dags/example_branch_datetime_operator.py
[2026-09-17T20:53:24.431+0200] {logging_mixin.py:190} INFO - [2026-09-17T20:53:24.431+0200] {dag.py:3239} INFO - Sync 3 DAGs
[2026-09-17T20:53:24.436+0200] {logging_mixin.py:190} INFO - [2026-09-17T20:53:24.436+0200] {dag.py:4180} INFO - Setting next_dagrun for example_branch_datetime_operator to 2026-09-16 00:00:00+00:00, run_after=2026-09-17 00:00:00+00:00
[2026-09-17T20:53:24.437+0200] {logging_mixin.py:190} INFO - [2026-09-17T20:53:24.437+0200] {dag.py:4180} INFO - Setting next_dagrun for example_branch_datetime_operator_2 to 2026-09-16 00:00:00+00:00, run_after=2026-09-17 00:00:00+00:00
[2026-09-17T20:53:24.438+0200] {logging_mixin.py:190} INFO - [2026-09-17T20:53:24.438+0200] {dag.py:4180} INFO - Setting next_dagrun for example_branch_datetime_operator_3 to 2026-09-16 00:00:00+00:00, run_after=2026-09-17 00:00:00+00:00
[2026-09-17T20:53:24.463+0200] {processor.py:208} INFO - Processing /Users/swarnalidatta/Desktop/AutoQueryChatbot/.airflow-venv/lib/python3.12/site-packages/airflow/example_dags/example_branch_datetime_operator.py took 0.065 seconds
[2026-09-17T20:55:42.674+0200] {processor.py:186} INFO - Started process (PID=87957) to work on /Users/swarnalidatta/Desktop/AutoQueryChatbot/.airflow-venv/lib/python3.12/site-packages/airflow/example_dags/example_branch_datetime_operator.py
[2026-09-17T20:55:42.674+0200] {processor.py:914} INFO - Processing file /Users/swarnalidatta/Desktop/AutoQueryChatbot/.airflow-venv/lib/python3.12/site-packages/airflow/example_dags/example_branch_datetime_operator.py for tasks to queue
[2026-09-17T20:55:42.675+0200] {logging_mixin.py:190} INFO - [2026-09-17T20:55:42.675+0200] {dagbag.py:588} INFO - Filling up the DagBag from /Users/swarnalidatta/Desktop/AutoQueryChatbot/.airflow-venv/lib/python3.12/site-packages/airflow/example_dags/example_branch_datetime_operator.py
[2026-09-17T20:55:42.678+0200] {processor.py:925} INFO - DAG(s) 'example_branch_datetime_operator_2', 'example_branch_datetime_operator', 'example_branch_datetime_operator_3' retrieved from /Users/swarnalidatta/Desktop/AutoQueryChatbot/.airflow-venv/lib/python3.12/site-packages/airflow/example_dags/example_branch_datetime_operator.py
[2026-09-17T20:55:42.707+0200] {logging_mixin.py:190} INFO - [2026-09-17T20:55:42.706+0200] {dag.py:3239} INFO - Sync 3 DAGs
[2026-09-17T20:55:42.712+0200] {logging_mixin.py:190} INFO - [2026-09-17T20:55:42.712+0200] {dag.py:4180} INFO - Setting next_dagrun for example_branch_datetime_operator to 2026-09-16 00:00:00+00:00, run_after=2026-09-17 00:00:00+00:00
[2026-09-17T20:55:42.713+0200] {logging_mixin.py:190} INFO - [2026-09-17T20:55:42.713+0200] {dag.py:4180} INFO - Setting next_dagrun for example_branch_datetime_operator_2 to 2026-09-16 00:00:00+00:00, run_after=2026-09-17 00:00:00+00:00
[2026-09-17T20:55:42.713+0200] {logging_mixin.py:190} INFO - [2026-09-17T20:55:42.713+0200] {dag.py:4180} INFO - Setting next_dagrun for example_branch_datetime_operator_3 to 2026-09-16 00:00:00+00:00, run_after=2026-09-17 00:00:00+00:00
[2026-09-17T20:55:42.739+0200] {processor.py:208} INFO - Processing /Users/swarnalidatta/Desktop/AutoQueryChatbot/.airflow-venv/lib/python3.12/site-packages/airflow/example_dags/example_branch_datetime_operator.py took 0.066 seconds
[2026-09-17T20:57:53.543+0200] {processor.py:186} INFO - Started process (PID=88269) to work on /Users/swarnalidatta/Desktop/AutoQueryChatbot/.airflow-venv/lib/python3.12/site-packages/airflow/example_dags/example_branch_datetime_operator.py
[2026-09-17T20:57:53.543+0200] {processor.py:914} INFO - Processing file /Users/swarnalidatta/Desktop/AutoQueryChatbot/.airflow-venv/lib/python3.12/site-packages/airflow/example_dags/example_branch_datetime_operator.py for tasks to queue
[2026-09-17T20:57:53.543+0200] {logging_mixin.py:190} INFO - [2026-09-17T20:57:53.543+0200] {dagbag.py:588} INFO - Filling up the DagBag from /Users/swarnalidatta/Desktop/AutoQueryChatbot/.airflow-venv/lib/python3.12/site-packages/airflow/example_dags/example_branch_datetime_operator.py
[2026-09-17T20:57:53.547+0200] {processor.py:925} INFO - DAG(s) 'example_branch_datetime_operator', 'example_branch_datetime_operator_3', 'example_branch_datetime_operator_2' retrieved from /Users/swarnalidatta/Desktop/AutoQueryChatbot/.airflow-venv/lib/python3.12/site-packages/airflow/example_dags/example_branch_datetime_operator.py
[2026-09-17T20:57:53.575+0200] {logging_mixin.py:190} INFO - [2026-09-17T20:57:53.575+0200] {dag.py:3239} INFO - Sync 3 DAGs
[2026-09-17T20:57:53.580+0200] {logging_mixin.py:190} INFO - [2026-09-17T20:57:53.580+0200] {dag.py:4180} INFO - Setting next_dagrun for example_branch_datetime_operator to 2026-09-16 00:00:00+00:00, run_after=2026-09-17 00:00:00+00:00
[2026-09-17T20:57:53.581+0200] {logging_mixin.py:190} INFO - [2026-09-17T20:57:53.581+0200] {dag.py:4180} INFO - Setting next_dagrun for example_branch_datetime_operator_2 to 2026-09-16 00:00:00+00:00, run_after=2026-09-17 00:00:00+00:00
[2026-09-17T20:57:53.582+0200] {logging_mixin.py:190} INFO - [2026-09-17T20:57:53.582+0200] {dag.py:4180} INFO - Setting next_dagrun for example_branch_datetime_operator_3 to 2026-09-16 00:00:00+00:00, run_after=2026-09-17 00:00:00+00:00
[2026-09-17T20:57:53.607+0200] {processor.py:208} INFO - Processing /Users/swarnalidatta/Desktop/AutoQueryChatbot/.airflow-venv/lib/python3.12/site-packages/airflow/example_dags/example_branch_datetime_operator.py took 0.065 seconds
[2026-09-17T21:00:05.606+0200] {processor.py:186} INFO - Started process (PID=88609) to work on /Users/swarnalidatta/Desktop/AutoQueryChatbot/.airflow-venv/lib/python3.12/site-packages/airflow/example_dags/example_branch_datetime_operator.py
[2026-09-17T21:00:05.606+0200] {processor.py:914} INFO - Processing file /Users/swarnalidatta/Desktop/AutoQueryChatbot/.airflow-venv/lib/python3.12/site-packages/airflow/example_dags/example_branch_datetime_operator.py for tasks to queue
[2026-09-17T21:00:05.607+0200] {logging_mixin.py:190} INFO - [2026-09-17T21:00:05.607+0200] {dagbag.py:588} INFO - Filling up the DagBag from /Users/swarnalidatta/Desktop/AutoQueryChatbot/.airflow-venv/lib/python3.12/site-packages/airflow/example_dags/example_branch_datetime_operator.py
[2026-09-17T21:00:05.610+0200] {processor.py:925} INFO - DAG(s) 'example_branch_datetime_operator_3', 'example_branch_datetime_operator_2', 'example_branch_datetime_operator' retrieved from /Users/swarnalidatta/Desktop/AutoQueryChatbot/.airflow-venv/lib/python3.12/site-packages/airflow/example_dags/example_branch_datetime_operator.py
[2026-09-17T21:00:05.640+0200] {logging_mixin.py:190} INFO - [2026-09-17T21:00:05.640+0200] {dag.py:3239} INFO - Sync 3 DAGs
[2026-09-17T21:00:05.645+0200] {logging_mixin.py:190} INFO - [2026-09-17T21:00:05.645+0200] {dag.py:4180} INFO - Setting next_dagrun for example_branch_datetime_operator to 2026-09-16 00:00:00+00:00, run_after=2026-09-17 00:00:00+00:00
[2026-09-17T21:00:05.646+0200] {logging_mixin.py:190} INFO - [2026-09-17T21:00:05.646+0200] {dag.py:4180} INFO - Setting next_dagrun for example_branch_datetime_operator_2 to 2026-09-16 00:00:00+00:00, run_after=2026-09-17 00:00:00+00:00
[2026-09-17T21:00:05.647+0200] {logging_mixin.py:190} INFO - [2026-09-17T21:00:05.647+0200] {dag.py:4180} INFO - Setting next_dagrun for example_branch_datetime_operator_3 to 2026-09-16 00:00:00+00:00, run_after=2026-09-17 00:00:00+00:00
[2026-09-17T21:00:05.674+0200] {processor.py:208} INFO - Processing /Users/swarnalidatta/Desktop/AutoQueryChatbot/.airflow-venv/lib/python3.12/site-packages/airflow/example_dags/example_branch_datetime_operator.py took 0.069 seconds
[2026-09-17T21:02:12.351+0200] {processor.py:186} INFO - Started process (PID=89070) to work on /Users/swarnalidatta/Desktop/AutoQueryChatbot/.airflow-venv/lib/python3.12/site-packages/airflow/example_dags/example_branch_datetime_operator.py
[2026-09-17T21:02:12.351+0200] {processor.py:914} INFO - Processing file /Users/swarnalidatta/Desktop/AutoQueryChatbot/.airflow-venv/lib/python3.12/site-packages/airflow/example_dags/example_branch_datetime_operator.py for tasks to queue
[2026-09-17T21:02:12.351+0200] {logging_mixin.py:190} INFO - [2026-09-17T21:02:12.351+0200] {dagbag.py:588} INFO - Filling up the DagBag from /Users/swarnalidatta/Desktop/AutoQueryChatbot/.airflow-venv/lib/python3.12/site-packages/airflow/example_dags/example_branch_datetime_operator.py
[2026-09-17T21:02:12.355+0200] {processor.py:925} INFO - DAG(s) 'example_branch_datetime_operator_2', 'example_branch_datetime_operator', 'example_branch_datetime_operator_3' retrieved from /Users/swarnalidatta/Desktop/AutoQueryChatbot/.airflow-venv/lib/python3.12/site-packages/airflow/example_dags/example_branch_datetime_operator.py
[2026-09-17T21:02:12.384+0200] {logging_mixin.py:190} INFO - [2026-09-17T21:02:12.384+0200] {dag.py:3239} INFO - Sync 3 DAGs
[2026-09-17T21:02:12.390+0200] {logging_mixin.py:190} INFO - [2026-09-17T21:02:12.389+0200] {dag.py:4180} INFO - Setting next_dagrun for example_branch_datetime_operator to 2026-09-16 00:00:00+00:00, run_after=2026-09-17 00:00:00+00:00
[2026-09-17T21:02:12.391+0200] {logging_mixin.py:190} INFO - [2026-09-17T21:02:12.391+0200] {dag.py:4180} INFO - Setting next_dagrun for example_branch_datetime_operator_2 to 2026-09-16 00:00:00+00:00, run_after=2026-09-17 00:00:00+00:00
[2026-09-17T21:02:12.391+0200] {logging_mixin.py:190} INFO - [2026-09-17T21:02:12.391+0200] {dag.py:4180} INFO - Setting next_dagrun for example_branch_datetime_operator_3 to 2026-09-16 00:00:00+00:00, run_after=2026-09-17 00:00:00+00:00
[2026-09-17T21:02:12.417+0200] {processor.py:208} INFO - Processing /Users/swarnalidatta/Desktop/AutoQueryChatbot/.airflow-venv/lib/python3.12/site-packages/airflow/example_dags/example_branch_datetime_operator.py took 0.067 seconds
[2026-09-17T21:04:19.235+0200] {processor.py:186} INFO - Started process (PID=89379) to work on /Users/swarnalidatta/Desktop/AutoQueryChatbot/.airflow-venv/lib/python3.12/site-packages/airflow/example_dags/example_branch_datetime_operator.py
[2026-09-17T21:04:19.235+0200] {processor.py:914} INFO - Processing file /Users/swarnalidatta/Desktop/AutoQueryChatbot/.airflow-venv/lib/python3.12/site-packages/airflow/example_dags/example_branch_datetime_operator.py for tasks to queue
[2026-09-17T21:04:19.236+0200] {logging_mixin.py:190} INFO - [2026-09-17T21:04:19.236+0200] {dagbag.py:588} INFO - Filling up the DagBag from /Users/swarnalidatta/Desktop/AutoQueryChatbot/.airflow-venv/lib/python3.12/site-packages/airflow/example_dags/example_branch_datetime_operator.py
[2026-09-17T21:04:19.239+0200] {processor.py:925} INFO - DAG(s) 'example_branch_datetime_operator_2', 'example_branch_datetime_operator_3', 'example_branch_datetime_operator' retrieved from /Users/swarnalidatta/Desktop/AutoQueryChatbot/.airflow-venv/lib/python3.12/site-packages/airflow/example_dags/example_branch_datetime_operator.py
[2026-09-17T21:04:19.268+0200] {logging_mixin.py:190} INFO - [2026-09-17T21:04:19.268+0200] {dag.py:3239} INFO - Sync 3 DAGs
[2026-09-17T21:04:19.273+0200] {logging_mixin.py:190} INFO - [2026-09-17T21:04:19.273+0200] {dag.py:4180} INFO - Setting next_dagrun for example_branch_datetime_operator to 2026-09-16 00:00:00+00:00, run_after=2026-09-17 00:00:00+00:00
[2026-09-17T21:04:19.275+0200] {logging_mixin.py:190} INFO - [2026-09-17T21:04:19.275+0200] {dag.py:4180} INFO - Setting next_dagrun for example_branch_datetime_operator_2 to 2026-09-16 00:00:00+00:00, run_after=2026-09-17 00:00:00+00:00
[2026-09-17T21:04:19.275+0200] {logging_mixin.py:190} INFO - [2026-09-17T21:04:19.275+0200] {dag.py:4180} INFO - Setting next_dagrun for example_branch_datetime_operator_3 to 2026-09-16 00:00:00+00:00, run_after=2026-09-17 00:00:00+00:00
[2026-09-17T21:04:19.301+0200] {processor.py:208} INFO - Processing /Users/swarnalidatta/Desktop/AutoQueryChatbot/.airflow-venv/lib/python3.12/site-packages/airflow/example_dags/example_branch_datetime_operator.py took 0.067 seconds
[2026-09-17T21:06:32.821+0200] {processor.py:186} INFO - Started process (PID=89698) to work on /Users/swarnalidatta/Desktop/AutoQueryChatbot/.airflow-venv/lib/python3.12/site-packages/airflow/example_dags/example_branch_datetime_operator.py
[2026-09-17T21:06:32.821+0200] {processor.py:914} INFO - Processing file /Users/swarnalidatta/Desktop/AutoQueryChatbot/.airflow-venv/lib/python3.12/site-packages/airflow/example_dags/example_branch_datetime_operator.py for tasks to queue
[2026-09-17T21:06:32.822+0200] {logging_mixin.py:190} INFO - [2026-09-17T21:06:32.822+0200] {dagbag.py:588} INFO - Filling up the DagBag from /Users/swarnalidatta/Desktop/AutoQueryChatbot/.airflow-venv/lib/python3.12/site-packages/airflow/example_dags/example_branch_datetime_operator.py
[2026-09-17T21:06:32.825+0200] {processor.py:925} INFO - DAG(s) 'example_branch_datetime_operator', 'example_branch_datetime_operator_2', 'example_branch_datetime_operator_3' retrieved from /Users/swarnalidatta/Desktop/AutoQueryChatbot/.airflow-venv/lib/python3.12/site-packages/airflow/example_dags/example_branch_datetime_operator.py
[2026-09-17T21:06:32.854+0200] {logging_mixin.py:190} INFO - [2026-09-17T21:06:32.854+0200] {dag.py:3239} INFO - Sync 3 DAGs
[2026-09-17T21:06:32.859+0200] {logging_mixin.py:190} INFO - [2026-09-17T21:06:32.859+0200] {dag.py:4180} INFO - Setting next_dagrun for example_branch_datetime_operator to 2026-09-16 00:00:00+00:00, run_after=2026-09-17 00:00:00+00:00
[2026-09-17T21:06:32.860+0200] {logging_mixin.py:190} INFO - [2026-09-17T21:06:32.860+0200] {dag.py:4180} INFO - Setting next_dagrun for example_branch_datetime_operator_2 to 2026-09-16 00:00:00+00:00, run_after=2026-09-17 00:00:00+00:00
[2026-09-17T21:06:32.861+0200] {logging_mixin.py:190} INFO - [2026-09-17T21:06:32.861+0200] {dag.py:4180} INFO - Setting next_dagrun for example_branch_datetime_operator_3 to 2026-09-16 00:00:00+00:00, run_after=2026-09-17 00:00:00+00:00
[2026-09-17T21:06:32.886+0200] {processor.py:208} INFO - Processing /Users/swarnalidatta/Desktop/AutoQueryChatbot/.airflow-venv/lib/python3.12/site-packages/airflow/example_dags/example_branch_datetime_operator.py took 0.066 seconds
[2026-09-17T21:08:48.871+0200] {processor.py:186} INFO - Started process (PID=90011) to work on /Users/swarnalidatta/Desktop/AutoQueryChatbot/.airflow-venv/lib/python3.12/site-packages/airflow/example_dags/example_branch_datetime_operator.py
[2026-09-17T21:08:48.872+0200] {processor.py:914} INFO - Processing file /Users/swarnalidatta/Desktop/AutoQueryChatbot/.airflow-venv/lib/python3.12/site-packages/airflow/example_dags/example_branch_datetime_operator.py for tasks to queue
[2026-09-17T21:08:48.872+0200] {logging_mixin.py:190} INFO - [2026-09-17T21:08:48.872+0200] {dagbag.py:588} INFO - Filling up the DagBag from /Users/swarnalidatta/Desktop/AutoQueryChatbot/.airflow-venv/lib/python3.12/site-packages/airflow/example_dags/example_branch_datetime_operator.py
[2026-09-17T21:08:48.875+0200] {processor.py:925} INFO - DAG(s) 'example_branch_datetime_operator_3', 'example_branch_datetime_operator_2', 'example_branch_datetime_operator' retrieved from /Users/swarnalidatta/Desktop/AutoQueryChatbot/.airflow-venv/lib/python3.12/site-packages/airflow/example_dags/example_branch_datetime_operator.py
[2026-09-17T21:08:48.904+0200] {logging_mixin.py:190} INFO - [2026-09-17T21:08:48.904+0200] {dag.py:3239} INFO - Sync 3 DAGs
[2026-09-17T21:08:48.909+0200] {logging_mixin.py:190} INFO - [2026-09-17T21:08:48.909+0200] {dag.py:4180} INFO - Setting next_dagrun for example_branch_datetime_operator to 2026-09-16 00:00:00+00:00, run_after=2026-09-17 00:00:00+00:00
[2026-09-17T21:08:48.910+0200] {logging_mixin.py:190} INFO - [2026-09-17T21:08:48.910+0200] {dag.py:4180} INFO - Setting next_dagrun for example_branch_datetime_operator_2 to 2026-09-16 00:00:00+00:00, run_after=2026-09-17 00:00:00+00:00
[2026-09-17T21:08:48.911+0200] {logging_mixin.py:190} INFO - [2026-09-17T21:08:48.911+0200] {dag.py:4180} INFO - Setting next_dagrun for example_branch_datetime_operator_3 to 2026-09-16 00:00:00+00:00, run_after=2026-09-17 00:00:00+00:00
[2026-09-17T21:08:48.936+0200] {processor.py:208} INFO - Processing /Users/swarnalidatta/Desktop/AutoQueryChatbot/.airflow-venv/lib/python3.12/site-packages/airflow/example_dags/example_branch_datetime_operator.py took 0.066 seconds
[2026-09-17T21:11:09.335+0200] {processor.py:186} INFO - Started process (PID=90362) to work on /Users/swarnalidatta/Desktop/AutoQueryChatbot/.airflow-venv/lib/python3.12/site-packages/airflow/example_dags/example_branch_datetime_operator.py
[2026-09-17T21:11:09.336+0200] {processor.py:914} INFO - Processing file /Users/swarnalidatta/Desktop/AutoQueryChatbot/.airflow-venv/lib/python3.12/site-packages/airflow/example_dags/example_branch_datetime_operator.py for tasks to queue
[2026-09-17T21:11:09.336+0200] {logging_mixin.py:190} INFO - [2026-09-17T21:11:09.336+0200] {dagbag.py:588} INFO - Filling up the DagBag from /Users/swarnalidatta/Desktop/AutoQueryChatbot/.airflow-venv/lib/python3.12/site-packages/airflow/example_dags/example_branch_datetime_operator.py
[2026-09-17T21:11:09.339+0200] {processor.py:925} INFO - DAG(s) 'example_branch_datetime_operator', 'example_branch_datetime_operator_3', 'example_branch_datetime_operator_2' retrieved from /Users/swarnalidatta/Desktop/AutoQueryChatbot/.airflow-venv/lib/python3.12/site-packages/airflow/example_dags/example_branch_datetime_operator.py
[2026-09-17T21:11:09.368+0200] {logging_mixin.py:190} INFO - [2026-09-17T21:11:09.368+0200] {dag.py:3239} INFO - Sync 3 DAGs
[2026-09-17T21:11:09.373+0200] {logging_mixin.py:190} INFO - [2026-09-17T21:11:09.373+0200] {dag.py:4180} INFO - Setting next_dagrun for example_branch_datetime_operator to 2026-09-16 00:00:00+00:00, run_after=2026-09-17 00:00:00+00:00
[2026-09-17T21:11:09.374+0200] {logging_mixin.py:190} INFO - [2026-09-17T21:11:09.374+0200] {dag.py:4180} INFO - Setting next_dagrun for example_branch_datetime_operator_2 to 2026-09-16 00:00:00+00:00, run_after=2026-09-17 00:00:00+00:00
[2026-09-17T21:11:09.375+0200] {logging_mixin.py:190} INFO - [2026-09-17T21:11:09.375+0200] {dag.py:4180} INFO - Setting next_dagrun for example_branch_datetime_operator_3 to 2026-09-16 00:00:00+00:00, run_after=2026-09-17 00:00:00+00:00
[2026-09-17T21:11:09.400+0200] {processor.py:208} INFO - Processing /Users/swarnalidatta/Desktop/AutoQueryChatbot/.airflow-venv/lib/python3.12/site-packages/airflow/example_dags/example_branch_datetime_operator.py took 0.065 seconds
[2026-09-17T21:13:36.912+0200] {processor.py:186} INFO - Started process (PID=90926) to work on /Users/swarnalidatta/Desktop/AutoQueryChatbot/.airflow-venv/lib/python3.12/site-packages/airflow/example_dags/example_branch_datetime_operator.py
[2026-09-17T21:13:36.913+0200] {processor.py:914} INFO - Processing file /Users/swarnalidatta/Desktop/AutoQueryChatbot/.airflow-venv/lib/python3.12/site-packages/airflow/example_dags/example_branch_datetime_operator.py for tasks to queue
[2026-09-17T21:13:36.913+0200] {logging_mixin.py:190} INFO - [2026-09-17T21:13:36.913+0200] {dagbag.py:588} INFO - Filling up the DagBag from /Users/swarnalidatta/Desktop/AutoQueryChatbot/.airflow-venv/lib/python3.12/site-packages/airflow/example_dags/example_branch_datetime_operator.py
[2026-09-17T21:13:36.917+0200] {processor.py:925} INFO - DAG(s) 'example_branch_datetime_operator_2', 'example_branch_datetime_operator_3', 'example_branch_datetime_operator' retrieved from /Users/swarnalidatta/Desktop/AutoQueryChatbot/.airflow-venv/lib/python3.12/site-packages/airflow/example_dags/example_branch_datetime_operator.py
[2026-09-17T21:13:36.946+0200] {logging_mixin.py:190} INFO - [2026-09-17T21:13:36.946+0200] {dag.py:3239} INFO - Sync 3 DAGs
[2026-09-17T21:13:36.952+0200] {logging_mixin.py:190} INFO - [2026-09-17T21:13:36.952+0200] {dag.py:4180} INFO - Setting next_dagrun for example_branch_datetime_operator to 2026-09-16 00:00:00+00:00, run_after=2026-09-17 00:00:00+00:00
[2026-09-17T21:13:36.953+0200] {logging_mixin.py:190} INFO - [2026-09-17T21:13:36.953+0200] {dag.py:4180} INFO - Setting next_dagrun for example_branch_datetime_operator_2 to 2026-09-16 00:00:00+00:00, run_after=2026-09-17 00:00:00+00:00
[2026-09-17T21:13:36.953+0200] {logging_mixin.py:190} INFO - [2026-09-17T21:13:36.953+0200] {dag.py:4180} INFO - Setting next_dagrun for example_branch_datetime_operator_3 to 2026-09-16 00:00:00+00:00, run_after=2026-09-17 00:00:00+00:00
[2026-09-17T21:13:36.981+0200] {processor.py:208} INFO - Processing /Users/swarnalidatta/Desktop/AutoQueryChatbot/.airflow-venv/lib/python3.12/site-packages/airflow/example_dags/example_branch_datetime_operator.py took 0.070 seconds
[2026-09-17T21:16:17.973+0200] {processor.py:186} INFO - Started process (PID=91340) to work on /Users/swarnalidatta/Desktop/AutoQueryChatbot/.airflow-venv/lib/python3.12/site-packages/airflow/example_dags/example_branch_datetime_operator.py
[2026-09-17T21:16:17.974+0200] {processor.py:914} INFO - Processing file /Users/swarnalidatta/Desktop/AutoQueryChatbot/.airflow-venv/lib/python3.12/site-packages/airflow/example_dags/example_branch_datetime_operator.py for tasks to queue
[2026-09-17T21:16:17.974+0200] {logging_mixin.py:190} INFO - [2026-09-17T21:16:17.974+0200] {dagbag.py:588} INFO - Filling up the DagBag from /Users/swarnalidatta/Desktop/AutoQueryChatbot/.airflow-venv/lib/python3.12/site-packages/airflow/example_dags/example_branch_datetime_operator.py
[2026-09-17T21:16:17.978+0200] {processor.py:925} INFO - DAG(s) 'example_branch_datetime_operator_2', 'example_branch_datetime_operator', 'example_branch_datetime_operator_3' retrieved from /Users/swarnalidatta/Desktop/AutoQueryChatbot/.airflow-venv/lib/python3.12/site-packages/airflow/example_dags/example_branch_datetime_operator.py
[2026-09-17T21:16:18.007+0200] {logging_mixin.py:190} INFO - [2026-09-17T21:16:18.006+0200] {dag.py:3239} INFO - Sync 3 DAGs
[2026-09-17T21:16:18.012+0200] {logging_mixin.py:190} INFO - [2026-09-17T21:16:18.012+0200] {dag.py:4180} INFO - Setting next_dagrun for example_branch_datetime_operator to 2026-09-16 00:00:00+00:00, run_after=2026-09-17 00:00:00+00:00
[2026-09-17T21:16:18.013+0200] {logging_mixin.py:190} INFO - [2026-09-17T21:16:18.013+0200] {dag.py:4180} INFO - Setting next_dagrun for example_branch_datetime_operator_2 to 2026-09-16 00:00:00+00:00, run_after=2026-09-17 00:00:00+00:00
[2026-09-17T21:16:18.013+0200] {logging_mixin.py:190} INFO - [2026-09-17T21:16:18.013+0200] {dag.py:4180} INFO - Setting next_dagrun for example_branch_datetime_operator_3 to 2026-09-16 00:00:00+00:00, run_after=2026-09-17 00:00:00+00:00
[2026-09-17T21:16:18.039+0200] {processor.py:208} INFO - Processing /Users/swarnalidatta/Desktop/AutoQueryChatbot/.airflow-venv/lib/python3.12/site-packages/airflow/example_dags/example_branch_datetime_operator.py took 0.067 seconds
[2026-09-17T21:18:32.190+0200] {processor.py:186} INFO - Started process (PID=91648) to work on /Users/swarnalidatta/Desktop/AutoQueryChatbot/.airflow-venv/lib/python3.12/site-packages/airflow/example_dags/example_branch_datetime_operator.py
[2026-09-17T21:18:32.191+0200] {processor.py:914} INFO - Processing file /Users/swarnalidatta/Desktop/AutoQueryChatbot/.airflow-venv/lib/python3.12/site-packages/airflow/example_dags/example_branch_datetime_operator.py for tasks to queue
[2026-09-17T21:18:32.191+0200] {logging_mixin.py:190} INFO - [2026-09-17T21:18:32.191+0200] {dagbag.py:588} INFO - Filling up the DagBag from /Users/swarnalidatta/Desktop/AutoQueryChatbot/.airflow-venv/lib/python3.12/site-packages/airflow/example_dags/example_branch_datetime_operator.py
[2026-09-17T21:18:32.195+0200] {processor.py:925} INFO - DAG(s) 'example_branch_datetime_operator_2', 'example_branch_datetime_operator_3', 'example_branch_datetime_operator' retrieved from /Users/swarnalidatta/Desktop/AutoQueryChatbot/.airflow-venv/lib/python3.12/site-packages/airflow/example_dags/example_branch_datetime_operator.py
[2026-09-17T21:18:32.223+0200] {logging_mixin.py:190} INFO - [2026-09-17T21:18:32.223+0200] {dag.py:3239} INFO - Sync 3 DAGs
[2026-09-17T21:18:32.228+0200] {logging_mixin.py:190} INFO - [2026-09-17T21:18:32.228+0200] {dag.py:4180} INFO - Setting next_dagrun for example_branch_datetime_operator to 2026-09-16 00:00:00+00:00, run_after=2026-09-17 00:00:00+00:00
[2026-09-17T21:18:32.229+0200] {logging_mixin.py:190} INFO - [2026-09-17T21:18:32.229+0200] {dag.py:4180} INFO - Setting next_dagrun for example_branch_datetime_operator_2 to 2026-09-16 00:00:00+00:00, run_after=2026-09-17 00:00:00+00:00
[2026-09-17T21:18:32.230+0200] {logging_mixin.py:190} INFO - [2026-09-17T21:18:32.230+0200] {dag.py:4180} INFO - Setting next_dagrun for example_branch_datetime_operator_3 to 2026-09-16 00:00:00+00:00, run_after=2026-09-17 00:00:00+00:00
[2026-09-17T21:18:32.255+0200] {processor.py:208} INFO - Processing /Users/swarnalidatta/Desktop/AutoQueryChatbot/.airflow-venv/lib/python3.12/site-packages/airflow/example_dags/example_branch_datetime_operator.py took 0.065 seconds
[2026-09-17T21:20:50.703+0200] {processor.py:186} INFO - Started process (PID=92399) to work on /Users/swarnalidatta/Desktop/AutoQueryChatbot/.airflow-venv/lib/python3.12/site-packages/airflow/example_dags/example_branch_datetime_operator.py
[2026-09-17T21:20:50.703+0200] {processor.py:914} INFO - Processing file /Users/swarnalidatta/Desktop/AutoQueryChatbot/.airflow-venv/lib/python3.12/site-packages/airflow/example_dags/example_branch_datetime_operator.py for tasks to queue
[2026-09-17T21:20:50.704+0200] {logging_mixin.py:190} INFO - [2026-09-17T21:20:50.704+0200] {dagbag.py:588} INFO - Filling up the DagBag from /Users/swarnalidatta/Desktop/AutoQueryChatbot/.airflow-venv/lib/python3.12/site-packages/airflow/example_dags/example_branch_datetime_operator.py
[2026-09-17T21:20:50.707+0200] {processor.py:925} INFO - DAG(s) 'example_branch_datetime_operator_2', 'example_branch_datetime_operator', 'example_branch_datetime_operator_3' retrieved from /Users/swarnalidatta/Desktop/AutoQueryChatbot/.airflow-venv/lib/python3.12/site-packages/airflow/example_dags/example_branch_datetime_operator.py
[2026-09-17T21:20:50.736+0200] {logging_mixin.py:190} INFO - [2026-09-17T21:20:50.736+0200] {dag.py:3239} INFO - Sync 3 DAGs
[2026-09-17T21:20:50.741+0200] {logging_mixin.py:190} INFO - [2026-09-17T21:20:50.741+0200] {dag.py:4180} INFO - Setting next_dagrun for example_branch_datetime_operator to 2026-09-16 00:00:00+00:00, run_after=2026-09-17 00:00:00+00:00
[2026-09-17T21:20:50.742+0200] {logging_mixin.py:190} INFO - [2026-09-17T21:20:50.742+0200] {dag.py:4180} INFO - Setting next_dagrun for example_branch_datetime_operator_2 to 2026-09-16 00:00:00+00:00, run_after=2026-09-17 00:00:00+00:00
[2026-09-17T21:20:50.743+0200] {logging_mixin.py:190} INFO - [2026-09-17T21:20:50.743+0200] {dag.py:4180} INFO - Setting next_dagrun for example_branch_datetime_operator_3 to 2026-09-16 00:00:00+00:00, run_after=2026-09-17 00:00:00+00:00
[2026-09-17T21:20:50.768+0200] {processor.py:208} INFO - Processing /Users/swarnalidatta/Desktop/AutoQueryChatbot/.airflow-venv/lib/python3.12/site-packages/airflow/example_dags/example_branch_datetime_operator.py took 0.067 seconds
[2026-09-17T21:23:00.327+0200] {processor.py:186} INFO - Started process (PID=92707) to work on /Users/swarnalidatta/Desktop/AutoQueryChatbot/.airflow-venv/lib/python3.12/site-packages/airflow/example_dags/example_branch_datetime_operator.py
[2026-09-17T21:23:00.327+0200] {processor.py:914} INFO - Processing file /Users/swarnalidatta/Desktop/AutoQueryChatbot/.airflow-venv/lib/python3.12/site-packages/airflow/example_dags/example_branch_datetime_operator.py for tasks to queue
[2026-09-17T21:23:00.328+0200] {logging_mixin.py:190} INFO - [2026-09-17T21:23:00.328+0200] {dagbag.py:588} INFO - Filling up the DagBag from /Users/swarnalidatta/Desktop/AutoQueryChatbot/.airflow-venv/lib/python3.12/site-packages/airflow/example_dags/example_branch_datetime_operator.py
[2026-09-17T21:23:00.331+0200] {processor.py:925} INFO - DAG(s) 'example_branch_datetime_operator_3', 'example_branch_datetime_operator_2', 'example_branch_datetime_operator' retrieved from /Users/swarnalidatta/Desktop/AutoQueryChatbot/.airflow-venv/lib/python3.12/site-packages/airflow/example_dags/example_branch_datetime_operator.py
[2026-09-17T21:23:00.360+0200] {logging_mixin.py:190} INFO - [2026-09-17T21:23:00.360+0200] {dag.py:3239} INFO - Sync 3 DAGs
[2026-09-17T21:23:00.365+0200] {logging_mixin.py:190} INFO - [2026-09-17T21:23:00.365+0200] {dag.py:4180} INFO - Setting next_dagrun for example_branch_datetime_operator to 2026-09-16 00:00:00+00:00, run_after=2026-09-17 00:00:00+00:00
[2026-09-17T21:23:00.366+0200] {logging_mixin.py:190} INFO - [2026-09-17T21:23:00.366+0200] {dag.py:4180} INFO - Setting next_dagrun for example_branch_datetime_operator_2 to 2026-09-16 00:00:00+00:00, run_after=2026-09-17 00:00:00+00:00
[2026-09-17T21:23:00.367+0200] {logging_mixin.py:190} INFO - [2026-09-17T21:23:00.367+0200] {dag.py:4180} INFO - Setting next_dagrun for example_branch_datetime_operator_3 to 2026-09-16 00:00:00+00:00, run_after=2026-09-17 00:00:00+00:00
[2026-09-17T21:23:00.393+0200] {processor.py:208} INFO - Processing /Users/swarnalidatta/Desktop/AutoQueryChatbot/.airflow-venv/lib/python3.12/site-packages/airflow/example_dags/example_branch_datetime_operator.py took 0.068 seconds
[2026-09-17T21:25:03.900+0200] {processor.py:186} INFO - Started process (PID=92997) to work on /Users/swarnalidatta/Desktop/AutoQueryChatbot/.airflow-venv/lib/python3.12/site-packages/airflow/example_dags/example_branch_datetime_operator.py
[2026-09-17T21:25:03.900+0200] {processor.py:914} INFO - Processing file /Users/swarnalidatta/Desktop/AutoQueryChatbot/.airflow-venv/lib/python3.12/site-packages/airflow/example_dags/example_branch_datetime_operator.py for tasks to queue
[2026-09-17T21:25:03.900+0200] {logging_mixin.py:190} INFO - [2026-09-17T21:25:03.900+0200] {dagbag.py:588} INFO - Filling up the DagBag from /Users/swarnalidatta/Desktop/AutoQueryChatbot/.airflow-venv/lib/python3.12/site-packages/airflow/example_dags/example_branch_datetime_operator.py
[2026-09-17T21:25:03.904+0200] {processor.py:925} INFO - DAG(s) 'example_branch_datetime_operator_3', 'example_branch_datetime_operator', 'example_branch_datetime_operator_2' retrieved from /Users/swarnalidatta/Desktop/AutoQueryChatbot/.airflow-venv/lib/python3.12/site-packages/airflow/example_dags/example_branch_datetime_operator.py
[2026-09-17T21:25:03.932+0200] {logging_mixin.py:190} INFO - [2026-09-17T21:25:03.932+0200] {dag.py:3239} INFO - Sync 3 DAGs
[2026-09-17T21:25:03.938+0200] {logging_mixin.py:190} INFO - [2026-09-17T21:25:03.938+0200] {dag.py:4180} INFO - Setting next_dagrun for example_branch_datetime_operator to 2026-09-16 00:00:00+00:00, run_after=2026-09-17 00:00:00+00:00
[2026-09-17T21:25:03.939+0200] {logging_mixin.py:190} INFO - [2026-09-17T21:25:03.939+0200] {dag.py:4180} INFO - Setting next_dagrun for example_branch_datetime_operator_2 to 2026-09-16 00:00:00+00:00, run_after=2026-09-17 00:00:00+00:00
[2026-09-17T21:25:03.939+0200] {logging_mixin.py:190} INFO - [2026-09-17T21:25:03.939+0200] {dag.py:4180} INFO - Setting next_dagrun for example_branch_datetime_operator_3 to 2026-09-16 00:00:00+00:00, run_after=2026-09-17 00:00:00+00:00
[2026-09-17T21:25:03.964+0200] {processor.py:208} INFO - Processing /Users/swarnalidatta/Desktop/AutoQueryChatbot/.airflow-venv/lib/python3.12/site-packages/airflow/example_dags/example_branch_datetime_operator.py took 0.066 seconds
[2026-09-17T21:27:16.887+0200] {processor.py:186} INFO - Started process (PID=93296) to work on /Users/swarnalidatta/Desktop/AutoQueryChatbot/.airflow-venv/lib/python3.12/site-packages/airflow/example_dags/example_branch_datetime_operator.py
[2026-09-17T21:27:16.887+0200] {processor.py:914} INFO - Processing file /Users/swarnalidatta/Desktop/AutoQueryChatbot/.airflow-venv/lib/python3.12/site-packages/airflow/example_dags/example_branch_datetime_operator.py for tasks to queue
[2026-09-17T21:27:16.887+0200] {logging_mixin.py:190} INFO - [2026-09-17T21:27:16.887+0200] {dagbag.py:588} INFO - Filling up the DagBag from /Users/swarnalidatta/Desktop/AutoQueryChatbot/.airflow-venv/lib/python3.12/site-packages/airflow/example_dags/example_branch_datetime_operator.py
[2026-09-17T21:27:16.891+0200] {processor.py:925} INFO - DAG(s) 'example_branch_datetime_operator_2', 'example_branch_datetime_operator_3', 'example_branch_datetime_operator' retrieved from /Users/swarnalidatta/Desktop/AutoQueryChatbot/.airflow-venv/lib/python3.12/site-packages/airflow/example_dags/example_branch_datetime_operator.py
[2026-09-17T21:27:16.921+0200] {logging_mixin.py:190} INFO - [2026-09-17T21:27:16.921+0200] {dag.py:3239} INFO - Sync 3 DAGs
[2026-09-17T21:27:16.926+0200] {logging_mixin.py:190} INFO - [2026-09-17T21:27:16.926+0200] {dag.py:4180} INFO - Setting next_dagrun for example_branch_datetime_operator to 2026-09-16 00:00:00+00:00, run_after=2026-09-17 00:00:00+00:00
[2026-09-17T21:27:16.927+0200] {logging_mixin.py:190} INFO - [2026-09-17T21:27:16.927+0200] {dag.py:4180} INFO - Setting next_dagrun for example_branch_datetime_operator_2 to 2026-09-16 00:00:00+00:00, run_after=2026-09-17 00:00:00+00:00
[2026-09-17T21:27:16.928+0200] {logging_mixin.py:190} INFO - [2026-09-17T21:27:16.928+0200] {dag.py:4180} INFO - Setting next_dagrun for example_branch_datetime_operator_3 to 2026-09-16 00:00:00+00:00, run_after=2026-09-17 00:00:00+00:00
[2026-09-17T21:27:16.954+0200] {processor.py:208} INFO - Processing /Users/swarnalidatta/Desktop/AutoQueryChatbot/.airflow-venv/lib/python3.12/site-packages/airflow/example_dags/example_branch_datetime_operator.py took 0.068 seconds
[2026-09-17T21:29:26.193+0200] {processor.py:186} INFO - Started process (PID=93608) to work on /Users/swarnalidatta/Desktop/AutoQueryChatbot/.airflow-venv/lib/python3.12/site-packages/airflow/example_dags/example_branch_datetime_operator.py
[2026-09-17T21:29:26.194+0200] {processor.py:914} INFO - Processing file /Users/swarnalidatta/Desktop/AutoQueryChatbot/.airflow-venv/lib/python3.12/site-packages/airflow/example_dags/example_branch_datetime_operator.py for tasks to queue
[2026-09-17T21:29:26.194+0200] {logging_mixin.py:190} INFO - [2026-09-17T21:29:26.194+0200] {dagbag.py:588} INFO - Filling up the DagBag from /Users/swarnalidatta/Desktop/AutoQueryChatbot/.airflow-venv/lib/python3.12/site-packages/airflow/example_dags/example_branch_datetime_operator.py
[2026-09-17T21:29:26.197+0200] {processor.py:925} INFO - DAG(s) 'example_branch_datetime_operator', 'example_branch_datetime_operator_3', 'example_branch_datetime_operator_2' retrieved from /Users/swarnalidatta/Desktop/AutoQueryChatbot/.airflow-venv/lib/python3.12/site-packages/airflow/example_dags/example_branch_datetime_operator.py
[2026-09-17T21:29:26.226+0200] {logging_mixin.py:190} INFO - [2026-09-17T21:29:26.226+0200] {dag.py:3239} INFO - Sync 3 DAGs
[2026-09-17T21:29:26.231+0200] {logging_mixin.py:190} INFO - [2026-09-17T21:29:26.231+0200] {dag.py:4180} INFO - Setting next_dagrun for example_branch_datetime_operator to 2026-09-16 00:00:00+00:00, run_after=2026-09-17 00:00:00+00:00
[2026-09-17T21:29:26.232+0200] {logging_mixin.py:190} INFO - [2026-09-17T21:29:26.232+0200] {dag.py:4180} INFO - Setting next_dagrun for example_branch_datetime_operator_2 to 2026-09-16 00:00:00+00:00, run_after=2026-09-17 00:00:00+00:00
[2026-09-17T21:29:26.233+0200] {logging_mixin.py:190} INFO - [2026-09-17T21:29:26.233+0200] {dag.py:4180} INFO - Setting next_dagrun for example_branch_datetime_operator_3 to 2026-09-16 00:00:00+00:00, run_after=2026-09-17 00:00:00+00:00
[2026-09-17T21:29:26.258+0200] {processor.py:208} INFO - Processing /Users/swarnalidatta/Desktop/AutoQueryChatbot/.airflow-venv/lib/python3.12/site-packages/airflow/example_dags/example_branch_datetime_operator.py took 0.066 seconds
[2026-09-17T21:31:40.426+0200] {processor.py:186} INFO - Started process (PID=93918) to work on /Users/swarnalidatta/Desktop/AutoQueryChatbot/.airflow-venv/lib/python3.12/site-packages/airflow/example_dags/example_branch_datetime_operator.py
[2026-09-17T21:31:40.427+0200] {processor.py:914} INFO - Processing file /Users/swarnalidatta/Desktop/AutoQueryChatbot/.airflow-venv/lib/python3.12/site-packages/airflow/example_dags/example_branch_datetime_operator.py for tasks to queue
[2026-09-17T21:31:40.427+0200] {logging_mixin.py:190} INFO - [2026-09-17T21:31:40.427+0200] {dagbag.py:588} INFO - Filling up the DagBag from /Users/swarnalidatta/Desktop/AutoQueryChatbot/.airflow-venv/lib/python3.12/site-packages/airflow/example_dags/example_branch_datetime_operator.py
[2026-09-17T21:31:40.431+0200] {processor.py:925} INFO - DAG(s) 'example_branch_datetime_operator_2', 'example_branch_datetime_operator', 'example_branch_datetime_operator_3' retrieved from /Users/swarnalidatta/Desktop/AutoQueryChatbot/.airflow-venv/lib/python3.12/site-packages/airflow/example_dags/example_branch_datetime_operator.py
[2026-09-17T21:31:40.459+0200] {logging_mixin.py:190} INFO - [2026-09-17T21:31:40.459+0200] {dag.py:3239} INFO - Sync 3 DAGs
[2026-09-17T21:31:40.464+0200] {logging_mixin.py:190} INFO - [2026-09-17T21:31:40.464+0200] {dag.py:4180} INFO - Setting next_dagrun for example_branch_datetime_operator to 2026-09-16 00:00:00+00:00, run_after=2026-09-17 00:00:00+00:00
[2026-09-17T21:31:40.466+0200] {logging_mixin.py:190} INFO - [2026-09-17T21:31:40.466+0200] {dag.py:4180} INFO - Setting next_dagrun for example_branch_datetime_operator_2 to 2026-09-16 00:00:00+00:00, run_after=2026-09-17 00:00:00+00:00
[2026-09-17T21:31:40.466+0200] {logging_mixin.py:190} INFO - [2026-09-17T21:31:40.466+0200] {dag.py:4180} INFO - Setting next_dagrun for example_branch_datetime_operator_3 to 2026-09-16 00:00:00+00:00, run_after=2026-09-17 00:00:00+00:00
[2026-09-17T21:31:40.491+0200] {processor.py:208} INFO - Processing /Users/swarnalidatta/Desktop/AutoQueryChatbot/.airflow-venv/lib/python3.12/site-packages/airflow/example_dags/example_branch_datetime_operator.py took 0.066 seconds
[2026-09-17T21:33:53.127+0200] {processor.py:186} INFO - Started process (PID=94236) to work on /Users/swarnalidatta/Desktop/AutoQueryChatbot/.airflow-venv/lib/python3.12/site-packages/airflow/example_dags/example_branch_datetime_operator.py
[2026-09-17T21:33:53.127+0200] {processor.py:914} INFO - Processing file /Users/swarnalidatta/Desktop/AutoQueryChatbot/.airflow-venv/lib/python3.12/site-packages/airflow/example_dags/example_branch_datetime_operator.py for tasks to queue
[2026-09-17T21:33:53.128+0200] {logging_mixin.py:190} INFO - [2026-09-17T21:33:53.127+0200] {dagbag.py:588} INFO - Filling up the DagBag from /Users/swarnalidatta/Desktop/AutoQueryChatbot/.airflow-venv/lib/python3.12/site-packages/airflow/example_dags/example_branch_datetime_operator.py
[2026-09-17T21:33:53.131+0200] {processor.py:925} INFO - DAG(s) 'example_branch_datetime_operator', 'example_branch_datetime_operator_2', 'example_branch_datetime_operator_3' retrieved from /Users/swarnalidatta/Desktop/AutoQueryChatbot/.airflow-venv/lib/python3.12/site-packages/airflow/example_dags/example_branch_datetime_operator.py
[2026-09-17T21:33:53.159+0200] {logging_mixin.py:190} INFO - [2026-09-17T21:33:53.159+0200] {dag.py:3239} INFO - Sync 3 DAGs
[2026-09-17T21:33:53.165+0200] {logging_mixin.py:190} INFO - [2026-09-17T21:33:53.165+0200] {dag.py:4180} INFO - Setting next_dagrun for example_branch_datetime_operator to 2026-09-16 00:00:00+00:00, run_after=2026-09-17 00:00:00+00:00
[2026-09-17T21:33:53.166+0200] {logging_mixin.py:190} INFO - [2026-09-17T21:33:53.166+0200] {dag.py:4180} INFO - Setting next_dagrun for example_branch_datetime_operator_2 to 2026-09-16 00:00:00+00:00, run_after=2026-09-17 00:00:00+00:00
[2026-09-17T21:33:53.166+0200] {logging_mixin.py:190} INFO - [2026-09-17T21:33:53.166+0200] {dag.py:4180} INFO - Setting next_dagrun for example_branch_datetime_operator_3 to 2026-09-16 00:00:00+00:00, run_after=2026-09-17 00:00:00+00:00
[2026-09-17T21:33:53.192+0200] {processor.py:208} INFO - Processing /Users/swarnalidatta/Desktop/AutoQueryChatbot/.airflow-venv/lib/python3.12/site-packages/airflow/example_dags/example_branch_datetime_operator.py took 0.066 seconds
[2026-09-17T21:36:03.261+0200] {processor.py:186} INFO - Started process (PID=94543) to work on /Users/swarnalidatta/Desktop/AutoQueryChatbot/.airflow-venv/lib/python3.12/site-packages/airflow/example_dags/example_branch_datetime_operator.py
[2026-09-17T21:36:03.261+0200] {processor.py:914} INFO - Processing file /Users/swarnalidatta/Desktop/AutoQueryChatbot/.airflow-venv/lib/python3.12/site-packages/airflow/example_dags/example_branch_datetime_operator.py for tasks to queue
[2026-09-17T21:36:03.262+0200] {logging_mixin.py:190} INFO - [2026-09-17T21:36:03.262+0200] {dagbag.py:588} INFO - Filling up the DagBag from /Users/swarnalidatta/Desktop/AutoQueryChatbot/.airflow-venv/lib/python3.12/site-packages/airflow/example_dags/example_branch_datetime_operator.py
[2026-09-17T21:36:03.265+0200] {processor.py:925} INFO - DAG(s) 'example_branch_datetime_operator_3', 'example_branch_datetime_operator', 'example_branch_datetime_operator_2' retrieved from /Users/swarnalidatta/Desktop/AutoQueryChatbot/.airflow-venv/lib/python3.12/site-packages/airflow/example_dags/example_branch_datetime_operator.py
[2026-09-17T21:36:03.294+0200] {logging_mixin.py:190} INFO - [2026-09-17T21:36:03.293+0200] {dag.py:3239} INFO - Sync 3 DAGs
[2026-09-17T21:36:03.299+0200] {logging_mixin.py:190} INFO - [2026-09-17T21:36:03.299+0200] {dag.py:4180} INFO - Setting next_dagrun for example_branch_datetime_operator to 2026-09-16 00:00:00+00:00, run_after=2026-09-17 00:00:00+00:00
[2026-09-17T21:36:03.300+0200] {logging_mixin.py:190} INFO - [2026-09-17T21:36:03.300+0200] {dag.py:4180} INFO - Setting next_dagrun for example_branch_datetime_operator_2 to 2026-09-16 00:00:00+00:00, run_after=2026-09-17 00:00:00+00:00
[2026-09-17T21:36:03.301+0200] {logging_mixin.py:190} INFO - [2026-09-17T21:36:03.300+0200] {dag.py:4180} INFO - Setting next_dagrun for example_branch_datetime_operator_3 to 2026-09-16 00:00:00+00:00, run_after=2026-09-17 00:00:00+00:00
[2026-09-17T21:36:03.326+0200] {processor.py:208} INFO - Processing /Users/swarnalidatta/Desktop/AutoQueryChatbot/.airflow-venv/lib/python3.12/site-packages/airflow/example_dags/example_branch_datetime_operator.py took 0.066 seconds
[2026-09-17T21:38:10.761+0200] {processor.py:186} INFO - Started process (PID=94833) to work on /Users/swarnalidatta/Desktop/AutoQueryChatbot/.airflow-venv/lib/python3.12/site-packages/airflow/example_dags/example_branch_datetime_operator.py
[2026-09-17T21:38:10.762+0200] {processor.py:914} INFO - Processing file /Users/swarnalidatta/Desktop/AutoQueryChatbot/.airflow-venv/lib/python3.12/site-packages/airflow/example_dags/example_branch_datetime_operator.py for tasks to queue
[2026-09-17T21:38:10.762+0200] {logging_mixin.py:190} INFO - [2026-09-17T21:38:10.762+0200] {dagbag.py:588} INFO - Filling up the DagBag from /Users/swarnalidatta/Desktop/AutoQueryChatbot/.airflow-venv/lib/python3.12/site-packages/airflow/example_dags/example_branch_datetime_operator.py
[2026-09-17T21:38:10.766+0200] {processor.py:925} INFO - DAG(s) 'example_branch_datetime_operator', 'example_branch_datetime_operator_3', 'example_branch_datetime_operator_2' retrieved from /Users/swarnalidatta/Desktop/AutoQueryChatbot/.airflow-venv/lib/python3.12/site-packages/airflow/example_dags/example_branch_datetime_operator.py
[2026-09-17T21:38:10.794+0200] {logging_mixin.py:190} INFO - [2026-09-17T21:38:10.794+0200] {dag.py:3239} INFO - Sync 3 DAGs
[2026-09-17T21:38:10.799+0200] {logging_mixin.py:190} INFO - [2026-09-17T21:38:10.799+0200] {dag.py:4180} INFO - Setting next_dagrun for example_branch_datetime_operator to 2026-09-16 00:00:00+00:00, run_after=2026-09-17 00:00:00+00:00
[2026-09-17T21:38:10.800+0200] {logging_mixin.py:190} INFO - [2026-09-17T21:38:10.800+0200] {dag.py:4180} INFO - Setting next_dagrun for example_branch_datetime_operator_2 to 2026-09-16 00:00:00+00:00, run_after=2026-09-17 00:00:00+00:00
[2026-09-17T21:38:10.801+0200] {logging_mixin.py:190} INFO - [2026-09-17T21:38:10.801+0200] {dag.py:4180} INFO - Setting next_dagrun for example_branch_datetime_operator_3 to 2026-09-16 00:00:00+00:00, run_after=2026-09-17 00:00:00+00:00
[2026-09-17T21:38:10.826+0200] {processor.py:208} INFO - Processing /Users/swarnalidatta/Desktop/AutoQueryChatbot/.airflow-venv/lib/python3.12/site-packages/airflow/example_dags/example_branch_datetime_operator.py took 0.065 seconds
[2026-09-17T21:49:31.156+0200] {processor.py:186} INFO - Started process (PID=95143) to work on /Users/swarnalidatta/Desktop/AutoQueryChatbot/.airflow-venv/lib/python3.12/site-packages/airflow/example_dags/example_branch_datetime_operator.py
[2026-09-17T21:49:31.156+0200] {processor.py:914} INFO - Processing file /Users/swarnalidatta/Desktop/AutoQueryChatbot/.airflow-venv/lib/python3.12/site-packages/airflow/example_dags/example_branch_datetime_operator.py for tasks to queue
[2026-09-17T21:49:31.156+0200] {logging_mixin.py:190} INFO - [2026-09-17T21:49:31.156+0200] {dagbag.py:588} INFO - Filling up the DagBag from /Users/swarnalidatta/Desktop/AutoQueryChatbot/.airflow-venv/lib/python3.12/site-packages/airflow/example_dags/example_branch_datetime_operator.py
[2026-09-17T21:49:31.160+0200] {processor.py:925} INFO - DAG(s) 'example_branch_datetime_operator_2', 'example_branch_datetime_operator', 'example_branch_datetime_operator_3' retrieved from /Users/swarnalidatta/Desktop/AutoQueryChatbot/.airflow-venv/lib/python3.12/site-packages/airflow/example_dags/example_branch_datetime_operator.py
[2026-09-17T21:49:31.188+0200] {logging_mixin.py:190} INFO - [2026-09-17T21:49:31.188+0200] {dag.py:3239} INFO - Sync 3 DAGs
[2026-09-17T21:49:31.193+0200] {logging_mixin.py:190} INFO - [2026-09-17T21:49:31.193+0200] {dag.py:4180} INFO - Setting next_dagrun for example_branch_datetime_operator to 2026-09-16 00:00:00+00:00, run_after=2026-09-17 00:00:00+00:00
[2026-09-17T21:49:31.194+0200] {logging_mixin.py:190} INFO - [2026-09-17T21:49:31.194+0200] {dag.py:4180} INFO - Setting next_dagrun for example_branch_datetime_operator_2 to 2026-09-16 00:00:00+00:00, run_after=2026-09-17 00:00:00+00:00
[2026-09-17T21:49:31.195+0200] {logging_mixin.py:190} INFO - [2026-09-17T21:49:31.195+0200] {dag.py:4180} INFO - Setting next_dagrun for example_branch_datetime_operator_3 to 2026-09-16 00:00:00+00:00, run_after=2026-09-17 00:00:00+00:00
[2026-09-17T21:49:31.221+0200] {processor.py:208} INFO - Processing /Users/swarnalidatta/Desktop/AutoQueryChatbot/.airflow-venv/lib/python3.12/site-packages/airflow/example_dags/example_branch_datetime_operator.py took 0.066 seconds
[2026-09-17T21:51:39.290+0200] {processor.py:186} INFO - Started process (PID=95432) to work on /Users/swarnalidatta/Desktop/AutoQueryChatbot/.airflow-venv/lib/python3.12/site-packages/airflow/example_dags/example_branch_datetime_operator.py
[2026-09-17T21:51:39.291+0200] {processor.py:914} INFO - Processing file /Users/swarnalidatta/Desktop/AutoQueryChatbot/.airflow-venv/lib/python3.12/site-packages/airflow/example_dags/example_branch_datetime_operator.py for tasks to queue
[2026-09-17T21:51:39.291+0200] {logging_mixin.py:190} INFO - [2026-09-17T21:51:39.291+0200] {dagbag.py:588} INFO - Filling up the DagBag from /Users/swarnalidatta/Desktop/AutoQueryChatbot/.airflow-venv/lib/python3.12/site-packages/airflow/example_dags/example_branch_datetime_operator.py
[2026-09-17T21:51:39.294+0200] {processor.py:925} INFO - DAG(s) 'example_branch_datetime_operator', 'example_branch_datetime_operator_2', 'example_branch_datetime_operator_3' retrieved from /Users/swarnalidatta/Desktop/AutoQueryChatbot/.airflow-venv/lib/python3.12/site-packages/airflow/example_dags/example_branch_datetime_operator.py
[2026-09-17T21:51:39.323+0200] {logging_mixin.py:190} INFO - [2026-09-17T21:51:39.322+0200] {dag.py:3239} INFO - Sync 3 DAGs
[2026-09-17T21:51:39.328+0200] {logging_mixin.py:190} INFO - [2026-09-17T21:51:39.328+0200] {dag.py:4180} INFO - Setting next_dagrun for example_branch_datetime_operator to 2026-09-16 00:00:00+00:00, run_after=2026-09-17 00:00:00+00:00
[2026-09-17T21:51:39.329+0200] {logging_mixin.py:190} INFO - [2026-09-17T21:51:39.329+0200] {dag.py:4180} INFO - Setting next_dagrun for example_branch_datetime_operator_2 to 2026-09-16 00:00:00+00:00, run_after=2026-09-17 00:00:00+00:00
[2026-09-17T21:51:39.329+0200] {logging_mixin.py:190} INFO - [2026-09-17T21:51:39.329+0200] {dag.py:4180} INFO - Setting next_dagrun for example_branch_datetime_operator_3 to 2026-09-16 00:00:00+00:00, run_after=2026-09-17 00:00:00+00:00
[2026-09-17T21:51:39.355+0200] {processor.py:208} INFO - Processing /Users/swarnalidatta/Desktop/AutoQueryChatbot/.airflow-venv/lib/python3.12/site-packages/airflow/example_dags/example_branch_datetime_operator.py took 0.066 seconds
[2026-09-17T21:53:48.046+0200] {processor.py:186} INFO - Started process (PID=95724) to work on /Users/swarnalidatta/Desktop/AutoQueryChatbot/.airflow-venv/lib/python3.12/site-packages/airflow/example_dags/example_branch_datetime_operator.py
[2026-09-17T21:53:48.046+0200] {processor.py:914} INFO - Processing file /Users/swarnalidatta/Desktop/AutoQueryChatbot/.airflow-venv/lib/python3.12/site-packages/airflow/example_dags/example_branch_datetime_operator.py for tasks to queue
[2026-09-17T21:53:48.047+0200] {logging_mixin.py:190} INFO - [2026-09-17T21:53:48.046+0200] {dagbag.py:588} INFO - Filling up the DagBag from /Users/swarnalidatta/Desktop/AutoQueryChatbot/.airflow-venv/lib/python3.12/site-packages/airflow/example_dags/example_branch_datetime_operator.py
[2026-09-17T21:53:48.050+0200] {processor.py:925} INFO - DAG(s) 'example_branch_datetime_operator_3', 'example_branch_datetime_operator', 'example_branch_datetime_operator_2' retrieved from /Users/swarnalidatta/Desktop/AutoQueryChatbot/.airflow-venv/lib/python3.12/site-packages/airflow/example_dags/example_branch_datetime_operator.py
[2026-09-17T21:53:48.078+0200] {logging_mixin.py:190} INFO - [2026-09-17T21:53:48.078+0200] {dag.py:3239} INFO - Sync 3 DAGs
[2026-09-17T21:53:48.083+0200] {logging_mixin.py:190} INFO - [2026-09-17T21:53:48.083+0200] {dag.py:4180} INFO - Setting next_dagrun for example_branch_datetime_operator to 2026-09-16 00:00:00+00:00, run_after=2026-09-17 00:00:00+00:00
[2026-09-17T21:53:48.084+0200] {logging_mixin.py:190} INFO - [2026-09-17T21:53:48.084+0200] {dag.py:4180} INFO - Setting next_dagrun for example_branch_datetime_operator_2 to 2026-09-16 00:00:00+00:00, run_after=2026-09-17 00:00:00+00:00
[2026-09-17T21:53:48.085+0200] {logging_mixin.py:190} INFO - [2026-09-17T21:53:48.085+0200] {dag.py:4180} INFO - Setting next_dagrun for example_branch_datetime_operator_3 to 2026-09-16 00:00:00+00:00, run_after=2026-09-17 00:00:00+00:00
[2026-09-17T21:53:48.110+0200] {processor.py:208} INFO - Processing /Users/swarnalidatta/Desktop/AutoQueryChatbot/.airflow-venv/lib/python3.12/site-packages/airflow/example_dags/example_branch_datetime_operator.py took 0.065 seconds
[2026-09-17T21:55:55.961+0200] {processor.py:186} INFO - Started process (PID=96018) to work on /Users/swarnalidatta/Desktop/AutoQueryChatbot/.airflow-venv/lib/python3.12/site-packages/airflow/example_dags/example_branch_datetime_operator.py
[2026-09-17T21:55:55.961+0200] {processor.py:914} INFO - Processing file /Users/swarnalidatta/Desktop/AutoQueryChatbot/.airflow-venv/lib/python3.12/site-packages/airflow/example_dags/example_branch_datetime_operator.py for tasks to queue
[2026-09-17T21:55:55.962+0200] {logging_mixin.py:190} INFO - [2026-09-17T21:55:55.961+0200] {dagbag.py:588} INFO - Filling up the DagBag from /Users/swarnalidatta/Desktop/AutoQueryChatbot/.airflow-venv/lib/python3.12/site-packages/airflow/example_dags/example_branch_datetime_operator.py
[2026-09-17T21:55:55.965+0200] {processor.py:925} INFO - DAG(s) 'example_branch_datetime_operator_3', 'example_branch_datetime_operator', 'example_branch_datetime_operator_2' retrieved from /Users/swarnalidatta/Desktop/AutoQueryChatbot/.airflow-venv/lib/python3.12/site-packages/airflow/example_dags/example_branch_datetime_operator.py
[2026-09-17T21:55:55.993+0200] {logging_mixin.py:190} INFO - [2026-09-17T21:55:55.993+0200] {dag.py:3239} INFO - Sync 3 DAGs
[2026-09-17T21:55:55.999+0200] {logging_mixin.py:190} INFO - [2026-09-17T21:55:55.999+0200] {dag.py:4180} INFO - Setting next_dagrun for example_branch_datetime_operator to 2026-09-16 00:00:00+00:00, run_after=2026-09-17 00:00:00+00:00
[2026-09-17T21:55:56.000+0200] {logging_mixin.py:190} INFO - [2026-09-17T21:55:56.000+0200] {dag.py:4180} INFO - Setting next_dagrun for example_branch_datetime_operator_2 to 2026-09-16 00:00:00+00:00, run_after=2026-09-17 00:00:00+00:00
[2026-09-17T21:55:56.000+0200] {logging_mixin.py:190} INFO - [2026-09-17T21:55:56.000+0200] {dag.py:4180} INFO - Setting next_dagrun for example_branch_datetime_operator_3 to 2026-09-16 00:00:00+00:00, run_after=2026-09-17 00:00:00+00:00
[2026-09-17T21:55:56.025+0200] {processor.py:208} INFO - Processing /Users/swarnalidatta/Desktop/AutoQueryChatbot/.airflow-venv/lib/python3.12/site-packages/airflow/example_dags/example_branch_datetime_operator.py took 0.065 seconds
[2026-09-17T21:58:05.614+0200] {processor.py:186} INFO - Started process (PID=96309) to work on /Users/swarnalidatta/Desktop/AutoQueryChatbot/.airflow-venv/lib/python3.12/site-packages/airflow/example_dags/example_branch_datetime_operator.py
[2026-09-17T21:58:05.615+0200] {processor.py:914} INFO - Processing file /Users/swarnalidatta/Desktop/AutoQueryChatbot/.airflow-venv/lib/python3.12/site-packages/airflow/example_dags/example_branch_datetime_operator.py for tasks to queue
[2026-09-17T21:58:05.615+0200] {logging_mixin.py:190} INFO - [2026-09-17T21:58:05.615+0200] {dagbag.py:588} INFO - Filling up the DagBag from /Users/swarnalidatta/Desktop/AutoQueryChatbot/.airflow-venv/lib/python3.12/site-packages/airflow/example_dags/example_branch_datetime_operator.py
[2026-09-17T21:58:05.619+0200] {processor.py:925} INFO - DAG(s) 'example_branch_datetime_operator', 'example_branch_datetime_operator_2', 'example_branch_datetime_operator_3' retrieved from /Users/swarnalidatta/Desktop/AutoQueryChatbot/.airflow-venv/lib/python3.12/site-packages/airflow/example_dags/example_branch_datetime_operator.py
[2026-09-17T21:58:05.647+0200] {logging_mixin.py:190} INFO - [2026-09-17T21:58:05.647+0200] {dag.py:3239} INFO - Sync 3 DAGs
[2026-09-17T21:58:05.652+0200] {logging_mixin.py:190} INFO - [2026-09-17T21:58:05.652+0200] {dag.py:4180} INFO - Setting next_dagrun for example_branch_datetime_operator to 2026-09-16 00:00:00+00:00, run_after=2026-09-17 00:00:00+00:00
[2026-09-17T21:58:05.653+0200] {logging_mixin.py:190} INFO - [2026-09-17T21:58:05.653+0200] {dag.py:4180} INFO - Setting next_dagrun for example_branch_datetime_operator_2 to 2026-09-16 00:00:00+00:00, run_after=2026-09-17 00:00:00+00:00
[2026-09-17T21:58:05.654+0200] {logging_mixin.py:190} INFO - [2026-09-17T21:58:05.654+0200] {dag.py:4180} INFO - Setting next_dagrun for example_branch_datetime_operator_3 to 2026-09-16 00:00:00+00:00, run_after=2026-09-17 00:00:00+00:00
[2026-09-17T21:58:05.679+0200] {processor.py:208} INFO - Processing /Users/swarnalidatta/Desktop/AutoQueryChatbot/.airflow-venv/lib/python3.12/site-packages/airflow/example_dags/example_branch_datetime_operator.py took 0.066 seconds
[2026-09-17T22:00:14.672+0200] {processor.py:186} INFO - Started process (PID=96604) to work on /Users/swarnalidatta/Desktop/AutoQueryChatbot/.airflow-venv/lib/python3.12/site-packages/airflow/example_dags/example_branch_datetime_operator.py
[2026-09-17T22:00:14.672+0200] {processor.py:914} INFO - Processing file /Users/swarnalidatta/Desktop/AutoQueryChatbot/.airflow-venv/lib/python3.12/site-packages/airflow/example_dags/example_branch_datetime_operator.py for tasks to queue
[2026-09-17T22:00:14.673+0200] {logging_mixin.py:190} INFO - [2026-09-17T22:00:14.673+0200] {dagbag.py:588} INFO - Filling up the DagBag from /Users/swarnalidatta/Desktop/AutoQueryChatbot/.airflow-venv/lib/python3.12/site-packages/airflow/example_dags/example_branch_datetime_operator.py
[2026-09-17T22:00:14.676+0200] {processor.py:925} INFO - DAG(s) 'example_branch_datetime_operator_2', 'example_branch_datetime_operator', 'example_branch_datetime_operator_3' retrieved from /Users/swarnalidatta/Desktop/AutoQueryChatbot/.airflow-venv/lib/python3.12/site-packages/airflow/example_dags/example_branch_datetime_operator.py
[2026-09-17T22:00:14.705+0200] {logging_mixin.py:190} INFO - [2026-09-17T22:00:14.704+0200] {dag.py:3239} INFO - Sync 3 DAGs
[2026-09-17T22:00:14.710+0200] {logging_mixin.py:190} INFO - [2026-09-17T22:00:14.710+0200] {dag.py:4180} INFO - Setting next_dagrun for example_branch_datetime_operator to 2026-09-16 00:00:00+00:00, run_after=2026-09-17 00:00:00+00:00
[2026-09-17T22:00:14.711+0200] {logging_mixin.py:190} INFO - [2026-09-17T22:00:14.711+0200] {dag.py:4180} INFO - Setting next_dagrun for example_branch_datetime_operator_2 to 2026-09-16 00:00:00+00:00, run_after=2026-09-17 00:00:00+00:00
[2026-09-17T22:00:14.711+0200] {logging_mixin.py:190} INFO - [2026-09-17T22:00:14.711+0200] {dag.py:4180} INFO - Setting next_dagrun for example_branch_datetime_operator_3 to 2026-09-16 00:00:00+00:00, run_after=2026-09-17 00:00:00+00:00
[2026-09-17T22:00:14.736+0200] {processor.py:208} INFO - Processing /Users/swarnalidatta/Desktop/AutoQueryChatbot/.airflow-venv/lib/python3.12/site-packages/airflow/example_dags/example_branch_datetime_operator.py took 0.065 seconds
[2026-09-17T22:37:01.595+0200] {processor.py:186} INFO - Started process (PID=97041) to work on /Users/swarnalidatta/Desktop/AutoQueryChatbot/.airflow-venv/lib/python3.12/site-packages/airflow/example_dags/example_branch_datetime_operator.py
[2026-09-17T22:37:01.596+0200] {processor.py:914} INFO - Processing file /Users/swarnalidatta/Desktop/AutoQueryChatbot/.airflow-venv/lib/python3.12/site-packages/airflow/example_dags/example_branch_datetime_operator.py for tasks to queue
[2026-09-17T22:37:01.596+0200] {logging_mixin.py:190} INFO - [2026-09-17T22:37:01.596+0200] {dagbag.py:588} INFO - Filling up the DagBag from /Users/swarnalidatta/Desktop/AutoQueryChatbot/.airflow-venv/lib/python3.12/site-packages/airflow/example_dags/example_branch_datetime_operator.py
[2026-09-17T22:37:01.600+0200] {processor.py:925} INFO - DAG(s) 'example_branch_datetime_operator_3', 'example_branch_datetime_operator_2', 'example_branch_datetime_operator' retrieved from /Users/swarnalidatta/Desktop/AutoQueryChatbot/.airflow-venv/lib/python3.12/site-packages/airflow/example_dags/example_branch_datetime_operator.py
[2026-09-17T22:37:01.628+0200] {logging_mixin.py:190} INFO - [2026-09-17T22:37:01.628+0200] {dag.py:3239} INFO - Sync 3 DAGs
[2026-09-17T22:37:01.633+0200] {logging_mixin.py:190} INFO - [2026-09-17T22:37:01.633+0200] {dag.py:4180} INFO - Setting next_dagrun for example_branch_datetime_operator to 2026-09-16 00:00:00+00:00, run_after=2026-09-17 00:00:00+00:00
[2026-09-17T22:37:01.634+0200] {logging_mixin.py:190} INFO - [2026-09-17T22:37:01.634+0200] {dag.py:4180} INFO - Setting next_dagrun for example_branch_datetime_operator_2 to 2026-09-16 00:00:00+00:00, run_after=2026-09-17 00:00:00+00:00
[2026-09-17T22:37:01.635+0200] {logging_mixin.py:190} INFO - [2026-09-17T22:37:01.634+0200] {dag.py:4180} INFO - Setting next_dagrun for example_branch_datetime_operator_3 to 2026-09-16 00:00:00+00:00, run_after=2026-09-17 00:00:00+00:00
[2026-09-17T22:37:01.659+0200] {processor.py:208} INFO - Processing /Users/swarnalidatta/Desktop/AutoQueryChatbot/.airflow-venv/lib/python3.12/site-packages/airflow/example_dags/example_branch_datetime_operator.py took 0.065 seconds
[2026-09-17T22:39:15.875+0200] {processor.py:186} INFO - Started process (PID=97360) to work on /Users/swarnalidatta/Desktop/AutoQueryChatbot/.airflow-venv/lib/python3.12/site-packages/airflow/example_dags/example_branch_datetime_operator.py
[2026-09-17T22:39:15.875+0200] {processor.py:914} INFO - Processing file /Users/swarnalidatta/Desktop/AutoQueryChatbot/.airflow-venv/lib/python3.12/site-packages/airflow/example_dags/example_branch_datetime_operator.py for tasks to queue
[2026-09-17T22:39:15.875+0200] {logging_mixin.py:190} INFO - [2026-09-17T22:39:15.875+0200] {dagbag.py:588} INFO - Filling up the DagBag from /Users/swarnalidatta/Desktop/AutoQueryChatbot/.airflow-venv/lib/python3.12/site-packages/airflow/example_dags/example_branch_datetime_operator.py
[2026-09-17T22:39:15.879+0200] {processor.py:925} INFO - DAG(s) 'example_branch_datetime_operator', 'example_branch_datetime_operator_2', 'example_branch_datetime_operator_3' retrieved from /Users/swarnalidatta/Desktop/AutoQueryChatbot/.airflow-venv/lib/python3.12/site-packages/airflow/example_dags/example_branch_datetime_operator.py
[2026-09-17T22:39:15.906+0200] {logging_mixin.py:190} INFO - [2026-09-17T22:39:15.906+0200] {dag.py:3239} INFO - Sync 3 DAGs
[2026-09-17T22:39:15.911+0200] {logging_mixin.py:190} INFO - [2026-09-17T22:39:15.911+0200] {dag.py:4180} INFO - Setting next_dagrun for example_branch_datetime_operator to 2026-09-16 00:00:00+00:00, run_after=2026-09-17 00:00:00+00:00
[2026-09-17T22:39:15.912+0200] {logging_mixin.py:190} INFO - [2026-09-17T22:39:15.912+0200] {dag.py:4180} INFO - Setting next_dagrun for example_branch_datetime_operator_2 to 2026-09-16 00:00:00+00:00, run_after=2026-09-17 00:00:00+00:00
[2026-09-17T22:39:15.912+0200] {logging_mixin.py:190} INFO - [2026-09-17T22:39:15.912+0200] {dag.py:4180} INFO - Setting next_dagrun for example_branch_datetime_operator_3 to 2026-09-16 00:00:00+00:00, run_after=2026-09-17 00:00:00+00:00
[2026-09-17T22:39:15.937+0200] {processor.py:208} INFO - Processing /Users/swarnalidatta/Desktop/AutoQueryChatbot/.airflow-venv/lib/python3.12/site-packages/airflow/example_dags/example_branch_datetime_operator.py took 0.063 seconds
[2026-09-17T22:41:28.783+0200] {processor.py:186} INFO - Started process (PID=97658) to work on /Users/swarnalidatta/Desktop/AutoQueryChatbot/.airflow-venv/lib/python3.12/site-packages/airflow/example_dags/example_branch_datetime_operator.py
[2026-09-17T22:41:28.784+0200] {processor.py:914} INFO - Processing file /Users/swarnalidatta/Desktop/AutoQueryChatbot/.airflow-venv/lib/python3.12/site-packages/airflow/example_dags/example_branch_datetime_operator.py for tasks to queue
[2026-09-17T22:41:28.784+0200] {logging_mixin.py:190} INFO - [2026-09-17T22:41:28.784+0200] {dagbag.py:588} INFO - Filling up the DagBag from /Users/swarnalidatta/Desktop/AutoQueryChatbot/.airflow-venv/lib/python3.12/site-packages/airflow/example_dags/example_branch_datetime_operator.py
[2026-09-17T22:41:28.788+0200] {processor.py:925} INFO - DAG(s) 'example_branch_datetime_operator', 'example_branch_datetime_operator_2', 'example_branch_datetime_operator_3' retrieved from /Users/swarnalidatta/Desktop/AutoQueryChatbot/.airflow-venv/lib/python3.12/site-packages/airflow/example_dags/example_branch_datetime_operator.py
[2026-09-17T22:41:28.815+0200] {logging_mixin.py:190} INFO - [2026-09-17T22:41:28.815+0200] {dag.py:3239} INFO - Sync 3 DAGs
[2026-09-17T22:41:28.820+0200] {logging_mixin.py:190} INFO - [2026-09-17T22:41:28.820+0200] {dag.py:4180} INFO - Setting next_dagrun for example_branch_datetime_operator to 2026-09-16 00:00:00+00:00, run_after=2026-09-17 00:00:00+00:00
[2026-09-17T22:41:28.821+0200] {logging_mixin.py:190} INFO - [2026-09-17T22:41:28.821+0200] {dag.py:4180} INFO - Setting next_dagrun for example_branch_datetime_operator_2 to 2026-09-16 00:00:00+00:00, run_after=2026-09-17 00:00:00+00:00
[2026-09-17T22:41:28.822+0200] {logging_mixin.py:190} INFO - [2026-09-17T22:41:28.822+0200] {dag.py:4180} INFO - Setting next_dagrun for example_branch_datetime_operator_3 to 2026-09-16 00:00:00+00:00, run_after=2026-09-17 00:00:00+00:00
[2026-09-17T22:41:28.846+0200] {processor.py:208} INFO - Processing /Users/swarnalidatta/Desktop/AutoQueryChatbot/.airflow-venv/lib/python3.12/site-packages/airflow/example_dags/example_branch_datetime_operator.py took 0.064 seconds
[2026-09-17T22:59:54.068+0200] {processor.py:186} INFO - Started process (PID=97958) to work on /Users/swarnalidatta/Desktop/AutoQueryChatbot/.airflow-venv/lib/python3.12/site-packages/airflow/example_dags/example_branch_datetime_operator.py
[2026-09-17T22:59:54.068+0200] {processor.py:914} INFO - Processing file /Users/swarnalidatta/Desktop/AutoQueryChatbot/.airflow-venv/lib/python3.12/site-packages/airflow/example_dags/example_branch_datetime_operator.py for tasks to queue
[2026-09-17T22:59:54.068+0200] {logging_mixin.py:190} INFO - [2026-09-17T22:59:54.068+0200] {dagbag.py:588} INFO - Filling up the DagBag from /Users/swarnalidatta/Desktop/AutoQueryChatbot/.airflow-venv/lib/python3.12/site-packages/airflow/example_dags/example_branch_datetime_operator.py
[2026-09-17T22:59:54.072+0200] {processor.py:925} INFO - DAG(s) 'example_branch_datetime_operator', 'example_branch_datetime_operator_2', 'example_branch_datetime_operator_3' retrieved from /Users/swarnalidatta/Desktop/AutoQueryChatbot/.airflow-venv/lib/python3.12/site-packages/airflow/example_dags/example_branch_datetime_operator.py
[2026-09-17T22:59:54.100+0200] {logging_mixin.py:190} INFO - [2026-09-17T22:59:54.100+0200] {dag.py:3239} INFO - Sync 3 DAGs
[2026-09-17T22:59:54.105+0200] {logging_mixin.py:190} INFO - [2026-09-17T22:59:54.105+0200] {dag.py:4180} INFO - Setting next_dagrun for example_branch_datetime_operator to 2026-09-16 00:00:00+00:00, run_after=2026-09-17 00:00:00+00:00
[2026-09-17T22:59:54.106+0200] {logging_mixin.py:190} INFO - [2026-09-17T22:59:54.106+0200] {dag.py:4180} INFO - Setting next_dagrun for example_branch_datetime_operator_2 to 2026-09-16 00:00:00+00:00, run_after=2026-09-17 00:00:00+00:00
[2026-09-17T22:59:54.107+0200] {logging_mixin.py:190} INFO - [2026-09-17T22:59:54.107+0200] {dag.py:4180} INFO - Setting next_dagrun for example_branch_datetime_operator_3 to 2026-09-16 00:00:00+00:00, run_after=2026-09-17 00:00:00+00:00
[2026-09-17T22:59:54.134+0200] {processor.py:208} INFO - Processing /Users/swarnalidatta/Desktop/AutoQueryChatbot/.airflow-venv/lib/python3.12/site-packages/airflow/example_dags/example_branch_datetime_operator.py took 0.068 seconds
[2026-09-17T23:33:00.231+0200] {processor.py:186} INFO - Started process (PID=98368) to work on /Users/swarnalidatta/Desktop/AutoQueryChatbot/.airflow-venv/lib/python3.12/site-packages/airflow/example_dags/example_branch_datetime_operator.py
[2026-09-17T23:33:00.232+0200] {processor.py:914} INFO - Processing file /Users/swarnalidatta/Desktop/AutoQueryChatbot/.airflow-venv/lib/python3.12/site-packages/airflow/example_dags/example_branch_datetime_operator.py for tasks to queue
[2026-09-17T23:33:00.232+0200] {logging_mixin.py:190} INFO - [2026-09-17T23:33:00.232+0200] {dagbag.py:588} INFO - Filling up the DagBag from /Users/swarnalidatta/Desktop/AutoQueryChatbot/.airflow-venv/lib/python3.12/site-packages/airflow/example_dags/example_branch_datetime_operator.py
[2026-09-17T23:33:00.235+0200] {processor.py:925} INFO - DAG(s) 'example_branch_datetime_operator_3', 'example_branch_datetime_operator_2', 'example_branch_datetime_operator' retrieved from /Users/swarnalidatta/Desktop/AutoQueryChatbot/.airflow-venv/lib/python3.12/site-packages/airflow/example_dags/example_branch_datetime_operator.py
[2026-09-17T23:33:00.262+0200] {logging_mixin.py:190} INFO - [2026-09-17T23:33:00.262+0200] {dag.py:3239} INFO - Sync 3 DAGs
[2026-09-17T23:33:00.267+0200] {logging_mixin.py:190} INFO - [2026-09-17T23:33:00.267+0200] {dag.py:4180} INFO - Setting next_dagrun for example_branch_datetime_operator to 2026-09-16 00:00:00+00:00, run_after=2026-09-17 00:00:00+00:00
[2026-09-17T23:33:00.268+0200] {logging_mixin.py:190} INFO - [2026-09-17T23:33:00.268+0200] {dag.py:4180} INFO - Setting next_dagrun for example_branch_datetime_operator_2 to 2026-09-16 00:00:00+00:00, run_after=2026-09-17 00:00:00+00:00
[2026-09-17T23:33:00.269+0200] {logging_mixin.py:190} INFO - [2026-09-17T23:33:00.269+0200] {dag.py:4180} INFO - Setting next_dagrun for example_branch_datetime_operator_3 to 2026-09-16 00:00:00+00:00, run_after=2026-09-17 00:00:00+00:00
[2026-09-17T23:33:00.294+0200] {processor.py:208} INFO - Processing /Users/swarnalidatta/Desktop/AutoQueryChatbot/.airflow-venv/lib/python3.12/site-packages/airflow/example_dags/example_branch_datetime_operator.py took 0.064 seconds
[2026-09-18T00:00:43.968+0200] {processor.py:186} INFO - Started process (PID=98609) to work on /Users/swarnalidatta/Desktop/AutoQueryChatbot/.airflow-venv/lib/python3.12/site-packages/airflow/example_dags/example_branch_datetime_operator.py
[2026-09-18T00:00:43.968+0200] {processor.py:914} INFO - Processing file /Users/swarnalidatta/Desktop/AutoQueryChatbot/.airflow-venv/lib/python3.12/site-packages/airflow/example_dags/example_branch_datetime_operator.py for tasks to queue
[2026-09-18T00:00:43.969+0200] {logging_mixin.py:190} INFO - [2026-09-18T00:00:43.969+0200] {dagbag.py:588} INFO - Filling up the DagBag from /Users/swarnalidatta/Desktop/AutoQueryChatbot/.airflow-venv/lib/python3.12/site-packages/airflow/example_dags/example_branch_datetime_operator.py
[2026-09-18T00:00:43.972+0200] {processor.py:925} INFO - DAG(s) 'example_branch_datetime_operator', 'example_branch_datetime_operator_3', 'example_branch_datetime_operator_2' retrieved from /Users/swarnalidatta/Desktop/AutoQueryChatbot/.airflow-venv/lib/python3.12/site-packages/airflow/example_dags/example_branch_datetime_operator.py
[2026-09-18T00:00:43.999+0200] {logging_mixin.py:190} INFO - [2026-09-18T00:00:43.999+0200] {dag.py:3239} INFO - Sync 3 DAGs
[2026-09-18T00:00:44.004+0200] {logging_mixin.py:190} INFO - [2026-09-18T00:00:44.004+0200] {dag.py:4180} INFO - Setting next_dagrun for example_branch_datetime_operator to 2026-09-16 00:00:00+00:00, run_after=2026-09-17 00:00:00+00:00
[2026-09-18T00:00:44.005+0200] {logging_mixin.py:190} INFO - [2026-09-18T00:00:44.005+0200] {dag.py:4180} INFO - Setting next_dagrun for example_branch_datetime_operator_2 to 2026-09-16 00:00:00+00:00, run_after=2026-09-17 00:00:00+00:00
[2026-09-18T00:00:44.005+0200] {logging_mixin.py:190} INFO - [2026-09-18T00:00:44.005+0200] {dag.py:4180} INFO - Setting next_dagrun for example_branch_datetime_operator_3 to 2026-09-16 00:00:00+00:00, run_after=2026-09-17 00:00:00+00:00
[2026-09-18T00:00:44.030+0200] {processor.py:208} INFO - Processing /Users/swarnalidatta/Desktop/AutoQueryChatbot/.airflow-venv/lib/python3.12/site-packages/airflow/example_dags/example_branch_datetime_operator.py took 0.063 seconds
[2026-09-18T00:26:09.476+0200] {processor.py:186} INFO - Started process (PID=99010) to work on /Users/swarnalidatta/Desktop/AutoQueryChatbot/.airflow-venv/lib/python3.12/site-packages/airflow/example_dags/example_branch_datetime_operator.py
[2026-09-18T00:26:09.477+0200] {processor.py:914} INFO - Processing file /Users/swarnalidatta/Desktop/AutoQueryChatbot/.airflow-venv/lib/python3.12/site-packages/airflow/example_dags/example_branch_datetime_operator.py for tasks to queue
[2026-09-18T00:26:09.477+0200] {logging_mixin.py:190} INFO - [2026-09-18T00:26:09.477+0200] {dagbag.py:588} INFO - Filling up the DagBag from /Users/swarnalidatta/Desktop/AutoQueryChatbot/.airflow-venv/lib/python3.12/site-packages/airflow/example_dags/example_branch_datetime_operator.py
[2026-09-18T00:26:09.481+0200] {processor.py:925} INFO - DAG(s) 'example_branch_datetime_operator_2', 'example_branch_datetime_operator_3', 'example_branch_datetime_operator' retrieved from /Users/swarnalidatta/Desktop/AutoQueryChatbot/.airflow-venv/lib/python3.12/site-packages/airflow/example_dags/example_branch_datetime_operator.py
[2026-09-18T00:26:09.507+0200] {logging_mixin.py:190} INFO - [2026-09-18T00:26:09.507+0200] {dag.py:3239} INFO - Sync 3 DAGs
[2026-09-18T00:26:09.512+0200] {logging_mixin.py:190} INFO - [2026-09-18T00:26:09.512+0200] {dag.py:4180} INFO - Setting next_dagrun for example_branch_datetime_operator to 2026-09-16 00:00:00+00:00, run_after=2026-09-17 00:00:00+00:00
[2026-09-18T00:26:09.513+0200] {logging_mixin.py:190} INFO - [2026-09-18T00:26:09.513+0200] {dag.py:4180} INFO - Setting next_dagrun for example_branch_datetime_operator_2 to 2026-09-16 00:00:00+00:00, run_after=2026-09-17 00:00:00+00:00
[2026-09-18T00:26:09.514+0200] {logging_mixin.py:190} INFO - [2026-09-18T00:26:09.514+0200] {dag.py:4180} INFO - Setting next_dagrun for example_branch_datetime_operator_3 to 2026-09-16 00:00:00+00:00, run_after=2026-09-17 00:00:00+00:00
[2026-09-18T00:26:09.538+0200] {processor.py:208} INFO - Processing /Users/swarnalidatta/Desktop/AutoQueryChatbot/.airflow-venv/lib/python3.12/site-packages/airflow/example_dags/example_branch_datetime_operator.py took 0.063 seconds
[2026-09-18T00:36:23.015+0200] {processor.py:186} INFO - Started process (PID=99328) to work on /Users/swarnalidatta/Desktop/AutoQueryChatbot/.airflow-venv/lib/python3.12/site-packages/airflow/example_dags/example_branch_datetime_operator.py
[2026-09-18T00:36:23.015+0200] {processor.py:914} INFO - Processing file /Users/swarnalidatta/Desktop/AutoQueryChatbot/.airflow-venv/lib/python3.12/site-packages/airflow/example_dags/example_branch_datetime_operator.py for tasks to queue
[2026-09-18T00:36:23.016+0200] {logging_mixin.py:190} INFO - [2026-09-18T00:36:23.016+0200] {dagbag.py:588} INFO - Filling up the DagBag from /Users/swarnalidatta/Desktop/AutoQueryChatbot/.airflow-venv/lib/python3.12/site-packages/airflow/example_dags/example_branch_datetime_operator.py
[2026-09-18T00:36:23.019+0200] {processor.py:925} INFO - DAG(s) 'example_branch_datetime_operator_2', 'example_branch_datetime_operator_3', 'example_branch_datetime_operator' retrieved from /Users/swarnalidatta/Desktop/AutoQueryChatbot/.airflow-venv/lib/python3.12/site-packages/airflow/example_dags/example_branch_datetime_operator.py
[2026-09-18T00:36:23.046+0200] {logging_mixin.py:190} INFO - [2026-09-18T00:36:23.046+0200] {dag.py:3239} INFO - Sync 3 DAGs
[2026-09-18T00:36:23.051+0200] {logging_mixin.py:190} INFO - [2026-09-18T00:36:23.051+0200] {dag.py:4180} INFO - Setting next_dagrun for example_branch_datetime_operator to 2026-09-16 00:00:00+00:00, run_after=2026-09-17 00:00:00+00:00
[2026-09-18T00:36:23.052+0200] {logging_mixin.py:190} INFO - [2026-09-18T00:36:23.052+0200] {dag.py:4180} INFO - Setting next_dagrun for example_branch_datetime_operator_2 to 2026-09-16 00:00:00+00:00, run_after=2026-09-17 00:00:00+00:00
[2026-09-18T00:36:23.052+0200] {logging_mixin.py:190} INFO - [2026-09-18T00:36:23.052+0200] {dag.py:4180} INFO - Setting next_dagrun for example_branch_datetime_operator_3 to 2026-09-16 00:00:00+00:00, run_after=2026-09-17 00:00:00+00:00
[2026-09-18T00:36:23.077+0200] {processor.py:208} INFO - Processing /Users/swarnalidatta/Desktop/AutoQueryChatbot/.airflow-venv/lib/python3.12/site-packages/airflow/example_dags/example_branch_datetime_operator.py took 0.063 seconds
[2026-09-18T00:46:12.854+0200] {processor.py:186} INFO - Started process (PID=99671) to work on /Users/swarnalidatta/Desktop/AutoQueryChatbot/.airflow-venv/lib/python3.12/site-packages/airflow/example_dags/example_branch_datetime_operator.py
[2026-09-18T00:46:12.854+0200] {processor.py:914} INFO - Processing file /Users/swarnalidatta/Desktop/AutoQueryChatbot/.airflow-venv/lib/python3.12/site-packages/airflow/example_dags/example_branch_datetime_operator.py for tasks to queue
[2026-09-18T00:46:12.855+0200] {logging_mixin.py:190} INFO - [2026-09-18T00:46:12.855+0200] {dagbag.py:588} INFO - Filling up the DagBag from /Users/swarnalidatta/Desktop/AutoQueryChatbot/.airflow-venv/lib/python3.12/site-packages/airflow/example_dags/example_branch_datetime_operator.py
[2026-09-18T00:46:12.858+0200] {processor.py:925} INFO - DAG(s) 'example_branch_datetime_operator', 'example_branch_datetime_operator_2', 'example_branch_datetime_operator_3' retrieved from /Users/swarnalidatta/Desktop/AutoQueryChatbot/.airflow-venv/lib/python3.12/site-packages/airflow/example_dags/example_branch_datetime_operator.py
[2026-09-18T00:46:12.885+0200] {logging_mixin.py:190} INFO - [2026-09-18T00:46:12.885+0200] {dag.py:3239} INFO - Sync 3 DAGs
[2026-09-18T00:46:12.890+0200] {logging_mixin.py:190} INFO - [2026-09-18T00:46:12.890+0200] {dag.py:4180} INFO - Setting next_dagrun for example_branch_datetime_operator to 2026-09-16 00:00:00+00:00, run_after=2026-09-17 00:00:00+00:00
[2026-09-18T00:46:12.891+0200] {logging_mixin.py:190} INFO - [2026-09-18T00:46:12.891+0200] {dag.py:4180} INFO - Setting next_dagrun for example_branch_datetime_operator_2 to 2026-09-16 00:00:00+00:00, run_after=2026-09-17 00:00:00+00:00
[2026-09-18T00:46:12.891+0200] {logging_mixin.py:190} INFO - [2026-09-18T00:46:12.891+0200] {dag.py:4180} INFO - Setting next_dagrun for example_branch_datetime_operator_3 to 2026-09-16 00:00:00+00:00, run_after=2026-09-17 00:00:00+00:00
[2026-09-18T00:46:12.916+0200] {processor.py:208} INFO - Processing /Users/swarnalidatta/Desktop/AutoQueryChatbot/.airflow-venv/lib/python3.12/site-packages/airflow/example_dags/example_branch_datetime_operator.py took 0.063 seconds
[2026-09-18T00:52:22.646+0200] {processor.py:186} INFO - Started process (PID=103) to work on /Users/swarnalidatta/Desktop/AutoQueryChatbot/.airflow-venv/lib/python3.12/site-packages/airflow/example_dags/example_branch_datetime_operator.py
[2026-09-18T00:52:22.646+0200] {processor.py:914} INFO - Processing file /Users/swarnalidatta/Desktop/AutoQueryChatbot/.airflow-venv/lib/python3.12/site-packages/airflow/example_dags/example_branch_datetime_operator.py for tasks to queue
[2026-09-18T00:52:22.647+0200] {logging_mixin.py:190} INFO - [2026-09-18T00:52:22.647+0200] {dagbag.py:588} INFO - Filling up the DagBag from /Users/swarnalidatta/Desktop/AutoQueryChatbot/.airflow-venv/lib/python3.12/site-packages/airflow/example_dags/example_branch_datetime_operator.py
[2026-09-18T00:52:22.650+0200] {processor.py:925} INFO - DAG(s) 'example_branch_datetime_operator_3', 'example_branch_datetime_operator', 'example_branch_datetime_operator_2' retrieved from /Users/swarnalidatta/Desktop/AutoQueryChatbot/.airflow-venv/lib/python3.12/site-packages/airflow/example_dags/example_branch_datetime_operator.py
[2026-09-18T00:52:22.678+0200] {logging_mixin.py:190} INFO - [2026-09-18T00:52:22.677+0200] {dag.py:3239} INFO - Sync 3 DAGs
[2026-09-18T00:52:22.682+0200] {logging_mixin.py:190} INFO - [2026-09-18T00:52:22.682+0200] {dag.py:4180} INFO - Setting next_dagrun for example_branch_datetime_operator to 2026-09-16 00:00:00+00:00, run_after=2026-09-17 00:00:00+00:00
[2026-09-18T00:52:22.683+0200] {logging_mixin.py:190} INFO - [2026-09-18T00:52:22.683+0200] {dag.py:4180} INFO - Setting next_dagrun for example_branch_datetime_operator_2 to 2026-09-16 00:00:00+00:00, run_after=2026-09-17 00:00:00+00:00
[2026-09-18T00:52:22.684+0200] {logging_mixin.py:190} INFO - [2026-09-18T00:52:22.684+0200] {dag.py:4180} INFO - Setting next_dagrun for example_branch_datetime_operator_3 to 2026-09-16 00:00:00+00:00, run_after=2026-09-17 00:00:00+00:00
[2026-09-18T00:52:22.709+0200] {processor.py:208} INFO - Processing /Users/swarnalidatta/Desktop/AutoQueryChatbot/.airflow-venv/lib/python3.12/site-packages/airflow/example_dags/example_branch_datetime_operator.py took 0.064 seconds
[2026-09-18T00:57:11.159+0200] {processor.py:186} INFO - Started process (PID=442) to work on /Users/swarnalidatta/Desktop/AutoQueryChatbot/.airflow-venv/lib/python3.12/site-packages/airflow/example_dags/example_branch_datetime_operator.py
[2026-09-18T00:57:11.159+0200] {processor.py:914} INFO - Processing file /Users/swarnalidatta/Desktop/AutoQueryChatbot/.airflow-venv/lib/python3.12/site-packages/airflow/example_dags/example_branch_datetime_operator.py for tasks to queue
[2026-09-18T00:57:11.160+0200] {logging_mixin.py:190} INFO - [2026-09-18T00:57:11.160+0200] {dagbag.py:588} INFO - Filling up the DagBag from /Users/swarnalidatta/Desktop/AutoQueryChatbot/.airflow-venv/lib/python3.12/site-packages/airflow/example_dags/example_branch_datetime_operator.py
[2026-09-18T00:57:11.163+0200] {processor.py:925} INFO - DAG(s) 'example_branch_datetime_operator', 'example_branch_datetime_operator_2', 'example_branch_datetime_operator_3' retrieved from /Users/swarnalidatta/Desktop/AutoQueryChatbot/.airflow-venv/lib/python3.12/site-packages/airflow/example_dags/example_branch_datetime_operator.py
[2026-09-18T00:57:11.192+0200] {logging_mixin.py:190} INFO - [2026-09-18T00:57:11.192+0200] {dag.py:3239} INFO - Sync 3 DAGs
[2026-09-18T00:57:11.197+0200] {logging_mixin.py:190} INFO - [2026-09-18T00:57:11.197+0200] {dag.py:4180} INFO - Setting next_dagrun for example_branch_datetime_operator to 2026-09-16 00:00:00+00:00, run_after=2026-09-17 00:00:00+00:00
[2026-09-18T00:57:11.198+0200] {logging_mixin.py:190} INFO - [2026-09-18T00:57:11.198+0200] {dag.py:4180} INFO - Setting next_dagrun for example_branch_datetime_operator_2 to 2026-09-16 00:00:00+00:00, run_after=2026-09-17 00:00:00+00:00
[2026-09-18T00:57:11.199+0200] {logging_mixin.py:190} INFO - [2026-09-18T00:57:11.199+0200] {dag.py:4180} INFO - Setting next_dagrun for example_branch_datetime_operator_3 to 2026-09-16 00:00:00+00:00, run_after=2026-09-17 00:00:00+00:00
[2026-09-18T00:57:11.224+0200] {processor.py:208} INFO - Processing /Users/swarnalidatta/Desktop/AutoQueryChatbot/.airflow-venv/lib/python3.12/site-packages/airflow/example_dags/example_branch_datetime_operator.py took 0.066 seconds
[2026-09-18T01:07:11.058+0200] {processor.py:186} INFO - Started process (PID=800) to work on /Users/swarnalidatta/Desktop/AutoQueryChatbot/.airflow-venv/lib/python3.12/site-packages/airflow/example_dags/example_branch_datetime_operator.py
[2026-09-18T01:07:11.058+0200] {processor.py:914} INFO - Processing file /Users/swarnalidatta/Desktop/AutoQueryChatbot/.airflow-venv/lib/python3.12/site-packages/airflow/example_dags/example_branch_datetime_operator.py for tasks to queue
[2026-09-18T01:07:11.059+0200] {logging_mixin.py:190} INFO - [2026-09-18T01:07:11.059+0200] {dagbag.py:588} INFO - Filling up the DagBag from /Users/swarnalidatta/Desktop/AutoQueryChatbot/.airflow-venv/lib/python3.12/site-packages/airflow/example_dags/example_branch_datetime_operator.py
[2026-09-18T01:07:11.062+0200] {processor.py:925} INFO - DAG(s) 'example_branch_datetime_operator', 'example_branch_datetime_operator_3', 'example_branch_datetime_operator_2' retrieved from /Users/swarnalidatta/Desktop/AutoQueryChatbot/.airflow-venv/lib/python3.12/site-packages/airflow/example_dags/example_branch_datetime_operator.py
[2026-09-18T01:07:11.090+0200] {logging_mixin.py:190} INFO - [2026-09-18T01:07:11.089+0200] {dag.py:3239} INFO - Sync 3 DAGs
[2026-09-18T01:07:11.094+0200] {logging_mixin.py:190} INFO - [2026-09-18T01:07:11.094+0200] {dag.py:4180} INFO - Setting next_dagrun for example_branch_datetime_operator to 2026-09-16 00:00:00+00:00, run_after=2026-09-17 00:00:00+00:00
[2026-09-18T01:07:11.096+0200] {logging_mixin.py:190} INFO - [2026-09-18T01:07:11.095+0200] {dag.py:4180} INFO - Setting next_dagrun for example_branch_datetime_operator_2 to 2026-09-16 00:00:00+00:00, run_after=2026-09-17 00:00:00+00:00
[2026-09-18T01:07:11.096+0200] {logging_mixin.py:190} INFO - [2026-09-18T01:07:11.096+0200] {dag.py:4180} INFO - Setting next_dagrun for example_branch_datetime_operator_3 to 2026-09-16 00:00:00+00:00, run_after=2026-09-17 00:00:00+00:00
[2026-09-18T01:07:11.121+0200] {processor.py:208} INFO - Processing /Users/swarnalidatta/Desktop/AutoQueryChatbot/.airflow-venv/lib/python3.12/site-packages/airflow/example_dags/example_branch_datetime_operator.py took 0.064 seconds
