[2026-09-17T19:22:45.006+0200] {processor.py:186} INFO - Started process (PID=74295) to work on /Users/swarnalidatta/Desktop/AutoQueryChatbot/.airflow-venv/lib/python3.12/site-packages/airflow/example_dags/example_short_circuit_operator.py
[2026-09-17T19:22:45.006+0200] {processor.py:914} INFO - Processing file /Users/swarnalidatta/Desktop/AutoQueryChatbot/.airflow-venv/lib/python3.12/site-packages/airflow/example_dags/example_short_circuit_operator.py for tasks to queue
[2026-09-17T19:22:45.007+0200] {logging_mixin.py:190} INFO - [2026-09-17T19:22:45.006+0200] {dagbag.py:588} INFO - Filling up the DagBag from /Users/swarnalidatta/Desktop/AutoQueryChatbot/.airflow-venv/lib/python3.12/site-packages/airflow/example_dags/example_short_circuit_operator.py
[2026-09-17T19:22:45.016+0200] {processor.py:925} INFO - DAG(s) 'example_short_circuit_operator' retrieved from /Users/swarnalidatta/Desktop/AutoQueryChatbot/.airflow-venv/lib/python3.12/site-packages/airflow/example_dags/example_short_circuit_operator.py
[2026-09-17T19:22:45.043+0200] {logging_mixin.py:190} INFO - [2026-09-17T19:22:45.043+0200] {dag.py:3239} INFO - Sync 1 DAGs
[2026-09-17T19:22:45.068+0200] {logging_mixin.py:190} INFO - [2026-09-17T19:22:45.068+0200] {dag.py:4180} INFO - Setting next_dagrun for example_short_circuit_operator to None, run_after=None
[2026-09-17T19:22:45.073+0200] {processor.py:208} INFO - Processing /Users/swarnalidatta/Desktop/AutoQueryChatbot/.airflow-venv/lib/python3.12/site-packages/airflow/example_dags/example_short_circuit_operator.py took 0.068 seconds
[2026-09-17T19:24:19.882+0200] {processor.py:186} INFO - Started process (PID=74556) to work on /Users/swarnalidatta/Desktop/AutoQueryChatbot/.airflow-venv/lib/python3.12/site-packages/airflow/example_dags/example_short_circuit_operator.py
[2026-09-17T19:24:19.882+0200] {processor.py:914} INFO - Processing file /Users/swarnalidatta/Desktop/AutoQueryChatbot/.airflow-venv/lib/python3.12/site-packages/airflow/example_dags/example_short_circuit_operator.py for tasks to queue
[2026-09-17T19:24:19.882+0200] {logging_mixin.py:190} INFO - [2026-09-17T19:24:19.882+0200] {dagbag.py:588} INFO - Filling up the DagBag from /Users/swarnalidatta/Desktop/AutoQueryChatbot/.airflow-venv/lib/python3.12/site-packages/airflow/example_dags/example_short_circuit_operator.py
[2026-09-17T19:24:19.891+0200] {processor.py:925} INFO - DAG(s) 'example_short_circuit_operator' retrieved from /Users/swarnalidatta/Desktop/AutoQueryChatbot/.airflow-venv/lib/python3.12/site-packages/airflow/example_dags/example_short_circuit_operator.py
[2026-09-17T19:24:19.918+0200] {logging_mixin.py:190} INFO - [2026-09-17T19:24:19.918+0200] {dag.py:3239} INFO - Sync 1 DAGs
[2026-09-17T19:24:19.941+0200] {logging_mixin.py:190} INFO - [2026-09-17T19:24:19.941+0200] {dag.py:4180} INFO - Setting next_dagrun for example_short_circuit_operator to None, run_after=None
[2026-09-17T19:24:19.946+0200] {processor.py:208} INFO - Processing /Users/swarnalidatta/Desktop/AutoQueryChatbot/.airflow-venv/lib/python3.12/site-packages/airflow/example_dags/example_short_circuit_operator.py took 0.065 seconds
[2026-09-17T19:25:30.031+0200] {processor.py:186} INFO - Started process (PID=74736) to work on /Users/swarnalidatta/Desktop/AutoQueryChatbot/.airflow-venv/lib/python3.12/site-packages/airflow/example_dags/example_short_circuit_operator.py
[2026-09-17T19:25:30.032+0200] {processor.py:914} INFO - Processing file /Users/swarnalidatta/Desktop/AutoQueryChatbot/.airflow-venv/lib/python3.12/site-packages/airflow/example_dags/example_short_circuit_operator.py for tasks to queue
[2026-09-17T19:25:30.032+0200] {logging_mixin.py:190} INFO - [2026-09-17T19:25:30.032+0200] {dagbag.py:588} INFO - Filling up the DagBag from /Users/swarnalidatta/Desktop/AutoQueryChatbot/.airflow-venv/lib/python3.12/site-packages/airflow/example_dags/example_short_circuit_operator.py
[2026-09-17T19:25:30.041+0200] {processor.py:925} INFO - DAG(s) 'example_short_circuit_operator' retrieved from /Users/swarnalidatta/Desktop/AutoQueryChatbot/.airflow-venv/lib/python3.12/site-packages/airflow/example_dags/example_short_circuit_operator.py
[2026-09-17T19:25:30.068+0200] {logging_mixin.py:190} INFO - [2026-09-17T19:25:30.068+0200] {dag.py:3239} INFO - Sync 1 DAGs
[2026-09-17T19:25:30.092+0200] {logging_mixin.py:190} INFO - [2026-09-17T19:25:30.092+0200] {dag.py:4180} INFO - Setting next_dagrun for example_short_circuit_operator to None, run_after=None
[2026-09-17T19:25:30.098+0200] {processor.py:208} INFO - Processing /Users/swarnalidatta/Desktop/AutoQueryChatbot/.airflow-venv/lib/python3.12/site-packages/airflow/example_dags/example_short_circuit_operator.py took 0.067 seconds
[2026-09-17T19:27:42.177+0200] {processor.py:186} INFO - Started process (PID=75097) to work on /Users/swarnalidatta/Desktop/AutoQueryChatbot/.airflow-venv/lib/python3.12/site-packages/airflow/example_dags/example_short_circuit_operator.py
[2026-09-17T19:27:42.178+0200] {processor.py:914} INFO - Processing file /Users/swarnalidatta/Desktop/AutoQueryChatbot/.airflow-venv/lib/python3.12/site-packages/airflow/example_dags/example_short_circuit_operator.py for tasks to queue
[2026-09-17T19:27:42.178+0200] {logging_mixin.py:190} INFO - [2026-09-17T19:27:42.178+0200] {dagbag.py:588} INFO - Filling up the DagBag from /Users/swarnalidatta/Desktop/AutoQueryChatbot/.airflow-venv/lib/python3.12/site-packages/airflow/example_dags/example_short_circuit_operator.py
[2026-09-17T19:27:42.187+0200] {processor.py:925} INFO - DAG(s) 'example_short_circuit_operator' retrieved from /Users/swarnalidatta/Desktop/AutoQueryChatbot/.airflow-venv/lib/python3.12/site-packages/airflow/example_dags/example_short_circuit_operator.py
[2026-09-17T19:27:42.213+0200] {logging_mixin.py:190} INFO - [2026-09-17T19:27:42.213+0200] {dag.py:3239} INFO - Sync 1 DAGs
[2026-09-17T19:27:42.237+0200] {logging_mixin.py:190} INFO - [2026-09-17T19:27:42.237+0200] {dag.py:4180} INFO - Setting next_dagrun for example_short_circuit_operator to None, run_after=None
[2026-09-17T19:27:42.242+0200] {processor.py:208} INFO - Processing /Users/swarnalidatta/Desktop/AutoQueryChatbot/.airflow-venv/lib/python3.12/site-packages/airflow/example_dags/example_short_circuit_operator.py took 0.066 seconds
[2026-09-17T19:30:02.846+0200] {processor.py:186} INFO - Started process (PID=75520) to work on /Users/swarnalidatta/Desktop/AutoQueryChatbot/.airflow-venv/lib/python3.12/site-packages/airflow/example_dags/example_short_circuit_operator.py
[2026-09-17T19:30:02.847+0200] {processor.py:914} INFO - Processing file /Users/swarnalidatta/Desktop/AutoQueryChatbot/.airflow-venv/lib/python3.12/site-packages/airflow/example_dags/example_short_circuit_operator.py for tasks to queue
[2026-09-17T19:30:02.847+0200] {logging_mixin.py:190} INFO - [2026-09-17T19:30:02.847+0200] {dagbag.py:588} INFO - Filling up the DagBag from /Users/swarnalidatta/Desktop/AutoQueryChatbot/.airflow-venv/lib/python3.12/site-packages/airflow/example_dags/example_short_circuit_operator.py
[2026-09-17T19:30:02.857+0200] {processor.py:925} INFO - DAG(s) 'example_short_circuit_operator' retrieved from /Users/swarnalidatta/Desktop/AutoQueryChatbot/.airflow-venv/lib/python3.12/site-packages/airflow/example_dags/example_short_circuit_operator.py
[2026-09-17T19:30:02.886+0200] {logging_mixin.py:190} INFO - [2026-09-17T19:30:02.886+0200] {dag.py:3239} INFO - Sync 1 DAGs
[2026-09-17T19:30:02.915+0200] {logging_mixin.py:190} INFO - [2026-09-17T19:30:02.915+0200] {dag.py:4180} INFO - Setting next_dagrun for example_short_circuit_operator to None, run_after=None
[2026-09-17T19:30:02.920+0200] {processor.py:208} INFO - Processing /Users/swarnalidatta/Desktop/AutoQueryChatbot/.airflow-venv/lib/python3.12/site-packages/airflow/example_dags/example_short_circuit_operator.py took 0.075 seconds
[2026-09-17T19:31:16.235+0200] {processor.py:186} INFO - Started process (PID=75736) to work on /Users/swarnalidatta/Desktop/AutoQueryChatbot/.airflow-venv/lib/python3.12/site-packages/airflow/example_dags/example_short_circuit_operator.py
[2026-09-17T19:31:16.235+0200] {processor.py:914} INFO - Processing file /Users/swarnalidatta/Desktop/AutoQueryChatbot/.airflow-venv/lib/python3.12/site-packages/airflow/example_dags/example_short_circuit_operator.py for tasks to queue
[2026-09-17T19:31:16.236+0200] {logging_mixin.py:190} INFO - [2026-09-17T19:31:16.236+0200] {dagbag.py:588} INFO - Filling up the DagBag from /Users/swarnalidatta/Desktop/AutoQueryChatbot/.airflow-venv/lib/python3.12/site-packages/airflow/example_dags/example_short_circuit_operator.py
[2026-09-17T19:31:16.245+0200] {processor.py:925} INFO - DAG(s) 'example_short_circuit_operator' retrieved from /Users/swarnalidatta/Desktop/AutoQueryChatbot/.airflow-venv/lib/python3.12/site-packages/airflow/example_dags/example_short_circuit_operator.py
[2026-09-17T19:31:16.272+0200] {logging_mixin.py:190} INFO - [2026-09-17T19:31:16.272+0200] {dag.py:3239} INFO - Sync 1 DAGs
[2026-09-17T19:31:16.296+0200] {logging_mixin.py:190} INFO - [2026-09-17T19:31:16.295+0200] {dag.py:4180} INFO - Setting next_dagrun for example_short_circuit_operator to None, run_after=None
[2026-09-17T19:31:16.301+0200] {processor.py:208} INFO - Processing /Users/swarnalidatta/Desktop/AutoQueryChatbot/.airflow-venv/lib/python3.12/site-packages/airflow/example_dags/example_short_circuit_operator.py took 0.067 seconds
[2026-09-17T19:32:27.545+0200] {processor.py:186} INFO - Started process (PID=75963) to work on /Users/swarnalidatta/Desktop/AutoQueryChatbot/.airflow-venv/lib/python3.12/site-packages/airflow/example_dags/example_short_circuit_operator.py
[2026-09-17T19:32:27.545+0200] {processor.py:914} INFO - Processing file /Users/swarnalidatta/Desktop/AutoQueryChatbot/.airflow-venv/lib/python3.12/site-packages/airflow/example_dags/example_short_circuit_operator.py for tasks to queue
[2026-09-17T19:32:27.545+0200] {logging_mixin.py:190} INFO - [2026-09-17T19:32:27.545+0200] {dagbag.py:588} INFO - Filling up the DagBag from /Users/swarnalidatta/Desktop/AutoQueryChatbot/.airflow-venv/lib/python3.12/site-packages/airflow/example_dags/example_short_circuit_operator.py
[2026-09-17T19:32:27.555+0200] {processor.py:925} INFO - DAG(s) 'example_short_circuit_operator' retrieved from /Users/swarnalidatta/Desktop/AutoQueryChatbot/.airflow-venv/lib/python3.12/site-packages/airflow/example_dags/example_short_circuit_operator.py
[2026-09-17T19:32:27.582+0200] {logging_mixin.py:190} INFO - [2026-09-17T19:32:27.581+0200] {dag.py:3239} INFO - Sync 1 DAGs
[2026-09-17T19:32:27.607+0200] {logging_mixin.py:190} INFO - [2026-09-17T19:32:27.607+0200] {dag.py:4180} INFO - Setting next_dagrun for example_short_circuit_operator to None, run_after=None
[2026-09-17T19:32:27.612+0200] {processor.py:208} INFO - Processing /Users/swarnalidatta/Desktop/AutoQueryChatbot/.airflow-venv/lib/python3.12/site-packages/airflow/example_dags/example_short_circuit_operator.py took 0.068 seconds
[2026-09-17T19:33:42.384+0200] {processor.py:186} INFO - Started process (PID=76200) to work on /Users/swarnalidatta/Desktop/AutoQueryChatbot/.airflow-venv/lib/python3.12/site-packages/airflow/example_dags/example_short_circuit_operator.py
[2026-09-17T19:33:42.384+0200] {processor.py:914} INFO - Processing file /Users/swarnalidatta/Desktop/AutoQueryChatbot/.airflow-venv/lib/python3.12/site-packages/airflow/example_dags/example_short_circuit_operator.py for tasks to queue
[2026-09-17T19:33:42.384+0200] {logging_mixin.py:190} INFO - [2026-09-17T19:33:42.384+0200] {dagbag.py:588} INFO - Filling up the DagBag from /Users/swarnalidatta/Desktop/AutoQueryChatbot/.airflow-venv/lib/python3.12/site-packages/airflow/example_dags/example_short_circuit_operator.py
[2026-09-17T19:33:42.394+0200] {processor.py:925} INFO - DAG(s) 'example_short_circuit_operator' retrieved from /Users/swarnalidatta/Desktop/AutoQueryChatbot/.airflow-venv/lib/python3.12/site-packages/airflow/example_dags/example_short_circuit_operator.py
[2026-09-17T19:33:42.423+0200] {logging_mixin.py:190} INFO - [2026-09-17T19:33:42.423+0200] {dag.py:3239} INFO - Sync 1 DAGs
[2026-09-17T19:33:42.454+0200] {logging_mixin.py:190} INFO - [2026-09-17T19:33:42.454+0200] {dag.py:4180} INFO - Setting next_dagrun for example_short_circuit_operator to None, run_after=None
[2026-09-17T19:33:42.459+0200] {processor.py:208} INFO - Processing /Users/swarnalidatta/Desktop/AutoQueryChatbot/.airflow-venv/lib/python3.12/site-packages/airflow/example_dags/example_short_circuit_operator.py took 0.076 seconds
[2026-09-17T19:34:56.761+0200] {processor.py:186} INFO - Started process (PID=76452) to work on /Users/swarnalidatta/Desktop/AutoQueryChatbot/.airflow-venv/lib/python3.12/site-packages/airflow/example_dags/example_short_circuit_operator.py
[2026-09-17T19:34:56.762+0200] {processor.py:914} INFO - Processing file /Users/swarnalidatta/Desktop/AutoQueryChatbot/.airflow-venv/lib/python3.12/site-packages/airflow/example_dags/example_short_circuit_operator.py for tasks to queue
[2026-09-17T19:34:56.762+0200] {logging_mixin.py:190} INFO - [2026-09-17T19:34:56.762+0200] {dagbag.py:588} INFO - Filling up the DagBag from /Users/swarnalidatta/Desktop/AutoQueryChatbot/.airflow-venv/lib/python3.12/site-packages/airflow/example_dags/example_short_circuit_operator.py
[2026-09-17T19:34:56.771+0200] {processor.py:925} INFO - DAG(s) 'example_short_circuit_operator' retrieved from /Users/swarnalidatta/Desktop/AutoQueryChatbot/.airflow-venv/lib/python3.12/site-packages/airflow/example_dags/example_short_circuit_operator.py
[2026-09-17T19:34:56.798+0200] {logging_mixin.py:190} INFO - [2026-09-17T19:34:56.798+0200] {dag.py:3239} INFO - Sync 1 DAGs
[2026-09-17T19:34:56.822+0200] {logging_mixin.py:190} INFO - [2026-09-17T19:34:56.822+0200] {dag.py:4180} INFO - Setting next_dagrun for example_short_circuit_operator to None, run_after=None
[2026-09-17T19:34:56.828+0200] {processor.py:208} INFO - Processing /Users/swarnalidatta/Desktop/AutoQueryChatbot/.airflow-venv/lib/python3.12/site-packages/airflow/example_dags/example_short_circuit_operator.py took 0.067 seconds
[2026-09-17T19:36:21.466+0200] {processor.py:186} INFO - Started process (PID=76734) to work on /Users/swarnalidatta/Desktop/AutoQueryChatbot/.airflow-venv/lib/python3.12/site-packages/airflow/example_dags/example_short_circuit_operator.py
[2026-09-17T19:36:21.466+0200] {processor.py:914} INFO - Processing file /Users/swarnalidatta/Desktop/AutoQueryChatbot/.airflow-venv/lib/python3.12/site-packages/airflow/example_dags/example_short_circuit_operator.py for tasks to queue
[2026-09-17T19:36:21.466+0200] {logging_mixin.py:190} INFO - [2026-09-17T19:36:21.466+0200] {dagbag.py:588} INFO - Filling up the DagBag from /Users/swarnalidatta/Desktop/AutoQueryChatbot/.airflow-venv/lib/python3.12/site-packages/airflow/example_dags/example_short_circuit_operator.py
[2026-09-17T19:36:21.476+0200] {processor.py:925} INFO - DAG(s) 'example_short_circuit_operator' retrieved from /Users/swarnalidatta/Desktop/AutoQueryChatbot/.airflow-venv/lib/python3.12/site-packages/airflow/example_dags/example_short_circuit_operator.py
[2026-09-17T19:36:21.503+0200] {logging_mixin.py:190} INFO - [2026-09-17T19:36:21.502+0200] {dag.py:3239} INFO - Sync 1 DAGs
[2026-09-17T19:36:21.527+0200] {logging_mixin.py:190} INFO - [2026-09-17T19:36:21.527+0200] {dag.py:4180} INFO - Setting next_dagrun for example_short_circuit_operator to None, run_after=None
[2026-09-17T19:36:21.533+0200] {processor.py:208} INFO - Processing /Users/swarnalidatta/Desktop/AutoQueryChatbot/.airflow-venv/lib/python3.12/site-packages/airflow/example_dags/example_short_circuit_operator.py took 0.068 seconds
[2026-09-17T19:37:43.809+0200] {processor.py:186} INFO - Started process (PID=77017) to work on /Users/swarnalidatta/Desktop/AutoQueryChatbot/.airflow-venv/lib/python3.12/site-packages/airflow/example_dags/example_short_circuit_operator.py
[2026-09-17T19:37:43.809+0200] {processor.py:914} INFO - Processing file /Users/swarnalidatta/Desktop/AutoQueryChatbot/.airflow-venv/lib/python3.12/site-packages/airflow/example_dags/example_short_circuit_operator.py for tasks to queue
[2026-09-17T19:37:43.810+0200] {logging_mixin.py:190} INFO - [2026-09-17T19:37:43.810+0200] {dagbag.py:588} INFO - Filling up the DagBag from /Users/swarnalidatta/Desktop/AutoQueryChatbot/.airflow-venv/lib/python3.12/site-packages/airflow/example_dags/example_short_circuit_operator.py
[2026-09-17T19:37:43.819+0200] {processor.py:925} INFO - DAG(s) 'example_short_circuit_operator' retrieved from /Users/swarnalidatta/Desktop/AutoQueryChatbot/.airflow-venv/lib/python3.12/site-packages/airflow/example_dags/example_short_circuit_operator.py
[2026-09-17T19:37:43.846+0200] {logging_mixin.py:190} INFO - [2026-09-17T19:37:43.846+0200] {dag.py:3239} INFO - Sync 1 DAGs
[2026-09-17T19:37:43.870+0200] {logging_mixin.py:190} INFO - [2026-09-17T19:37:43.870+0200] {dag.py:4180} INFO - Setting next_dagrun for example_short_circuit_operator to None, run_after=None
[2026-09-17T19:37:43.875+0200] {processor.py:208} INFO - Processing /Users/swarnalidatta/Desktop/AutoQueryChatbot/.airflow-venv/lib/python3.12/site-packages/airflow/example_dags/example_short_circuit_operator.py took 0.067 seconds
[2026-09-17T19:39:02.815+0200] {processor.py:186} INFO - Started process (PID=77309) to work on /Users/swarnalidatta/Desktop/AutoQueryChatbot/.airflow-venv/lib/python3.12/site-packages/airflow/example_dags/example_short_circuit_operator.py
[2026-09-17T19:39:02.816+0200] {processor.py:914} INFO - Processing file /Users/swarnalidatta/Desktop/AutoQueryChatbot/.airflow-venv/lib/python3.12/site-packages/airflow/example_dags/example_short_circuit_operator.py for tasks to queue
[2026-09-17T19:39:02.816+0200] {logging_mixin.py:190} INFO - [2026-09-17T19:39:02.816+0200] {dagbag.py:588} INFO - Filling up the DagBag from /Users/swarnalidatta/Desktop/AutoQueryChatbot/.airflow-venv/lib/python3.12/site-packages/airflow/example_dags/example_short_circuit_operator.py
[2026-09-17T19:39:02.826+0200] {processor.py:925} INFO - DAG(s) 'example_short_circuit_operator' retrieved from /Users/swarnalidatta/Desktop/AutoQueryChatbot/.airflow-venv/lib/python3.12/site-packages/airflow/example_dags/example_short_circuit_operator.py
[2026-09-17T19:39:02.852+0200] {logging_mixin.py:190} INFO - [2026-09-17T19:39:02.852+0200] {dag.py:3239} INFO - Sync 1 DAGs
[2026-09-17T19:39:02.877+0200] {logging_mixin.py:190} INFO - [2026-09-17T19:39:02.877+0200] {dag.py:4180} INFO - Setting next_dagrun for example_short_circuit_operator to None, run_after=None
[2026-09-17T19:39:02.882+0200] {processor.py:208} INFO - Processing /Users/swarnalidatta/Desktop/AutoQueryChatbot/.airflow-venv/lib/python3.12/site-packages/airflow/example_dags/example_short_circuit_operator.py took 0.068 seconds
[2026-09-17T19:40:20.337+0200] {processor.py:186} INFO - Started process (PID=77579) to work on /Users/swarnalidatta/Desktop/AutoQueryChatbot/.airflow-venv/lib/python3.12/site-packages/airflow/example_dags/example_short_circuit_operator.py
[2026-09-17T19:40:20.337+0200] {processor.py:914} INFO - Processing file /Users/swarnalidatta/Desktop/AutoQueryChatbot/.airflow-venv/lib/python3.12/site-packages/airflow/example_dags/example_short_circuit_operator.py for tasks to queue
[2026-09-17T19:40:20.337+0200] {logging_mixin.py:190} INFO - [2026-09-17T19:40:20.337+0200] {dagbag.py:588} INFO - Filling up the DagBag from /Users/swarnalidatta/Desktop/AutoQueryChatbot/.airflow-venv/lib/python3.12/site-packages/airflow/example_dags/example_short_circuit_operator.py
[2026-09-17T19:40:20.347+0200] {processor.py:925} INFO - DAG(s) 'example_short_circuit_operator' retrieved from /Users/swarnalidatta/Desktop/AutoQueryChatbot/.airflow-venv/lib/python3.12/site-packages/airflow/example_dags/example_short_circuit_operator.py
[2026-09-17T19:40:20.374+0200] {logging_mixin.py:190} INFO - [2026-09-17T19:40:20.374+0200] {dag.py:3239} INFO - Sync 1 DAGs
[2026-09-17T19:40:20.401+0200] {logging_mixin.py:190} INFO - [2026-09-17T19:40:20.401+0200] {dag.py:4180} INFO - Setting next_dagrun for example_short_circuit_operator to None, run_after=None
[2026-09-17T19:40:20.407+0200] {processor.py:208} INFO - Processing /Users/swarnalidatta/Desktop/AutoQueryChatbot/.airflow-venv/lib/python3.12/site-packages/airflow/example_dags/example_short_circuit_operator.py took 0.072 seconds
[2026-09-17T19:41:37.377+0200] {processor.py:186} INFO - Started process (PID=77852) to work on /Users/swarnalidatta/Desktop/AutoQueryChatbot/.airflow-venv/lib/python3.12/site-packages/airflow/example_dags/example_short_circuit_operator.py
[2026-09-17T19:41:37.378+0200] {processor.py:914} INFO - Processing file /Users/swarnalidatta/Desktop/AutoQueryChatbot/.airflow-venv/lib/python3.12/site-packages/airflow/example_dags/example_short_circuit_operator.py for tasks to queue
[2026-09-17T19:41:37.378+0200] {logging_mixin.py:190} INFO - [2026-09-17T19:41:37.378+0200] {dagbag.py:588} INFO - Filling up the DagBag from /Users/swarnalidatta/Desktop/AutoQueryChatbot/.airflow-venv/lib/python3.12/site-packages/airflow/example_dags/example_short_circuit_operator.py
[2026-09-17T19:41:37.388+0200] {processor.py:925} INFO - DAG(s) 'example_short_circuit_operator' retrieved from /Users/swarnalidatta/Desktop/AutoQueryChatbot/.airflow-venv/lib/python3.12/site-packages/airflow/example_dags/example_short_circuit_operator.py
[2026-09-17T19:41:37.414+0200] {logging_mixin.py:190} INFO - [2026-09-17T19:41:37.414+0200] {dag.py:3239} INFO - Sync 1 DAGs
[2026-09-17T19:41:37.440+0200] {logging_mixin.py:190} INFO - [2026-09-17T19:41:37.440+0200] {dag.py:4180} INFO - Setting next_dagrun for example_short_circuit_operator to None, run_after=None
[2026-09-17T19:41:37.446+0200] {processor.py:208} INFO - Processing /Users/swarnalidatta/Desktop/AutoQueryChatbot/.airflow-venv/lib/python3.12/site-packages/airflow/example_dags/example_short_circuit_operator.py took 0.069 seconds
[2026-09-17T19:43:19.093+0200] {processor.py:186} INFO - Started process (PID=78180) to work on /Users/swarnalidatta/Desktop/AutoQueryChatbot/.airflow-venv/lib/python3.12/site-packages/airflow/example_dags/example_short_circuit_operator.py
[2026-09-17T19:43:19.094+0200] {processor.py:914} INFO - Processing file /Users/swarnalidatta/Desktop/AutoQueryChatbot/.airflow-venv/lib/python3.12/site-packages/airflow/example_dags/example_short_circuit_operator.py for tasks to queue
[2026-09-17T19:43:19.094+0200] {logging_mixin.py:190} INFO - [2026-09-17T19:43:19.094+0200] {dagbag.py:588} INFO - Filling up the DagBag from /Users/swarnalidatta/Desktop/AutoQueryChatbot/.airflow-venv/lib/python3.12/site-packages/airflow/example_dags/example_short_circuit_operator.py
[2026-09-17T19:43:19.104+0200] {processor.py:925} INFO - DAG(s) 'example_short_circuit_operator' retrieved from /Users/swarnalidatta/Desktop/AutoQueryChatbot/.airflow-venv/lib/python3.12/site-packages/airflow/example_dags/example_short_circuit_operator.py
[2026-09-17T19:43:19.131+0200] {logging_mixin.py:190} INFO - [2026-09-17T19:43:19.131+0200] {dag.py:3239} INFO - Sync 1 DAGs
[2026-09-17T19:43:19.156+0200] {logging_mixin.py:190} INFO - [2026-09-17T19:43:19.156+0200] {dag.py:4180} INFO - Setting next_dagrun for example_short_circuit_operator to None, run_after=None
[2026-09-17T19:43:19.161+0200] {processor.py:208} INFO - Processing /Users/swarnalidatta/Desktop/AutoQueryChatbot/.airflow-venv/lib/python3.12/site-packages/airflow/example_dags/example_short_circuit_operator.py took 0.069 seconds
[2026-09-17T19:45:08.392+0200] {processor.py:186} INFO - Started process (PID=78498) to work on /Users/swarnalidatta/Desktop/AutoQueryChatbot/.airflow-venv/lib/python3.12/site-packages/airflow/example_dags/example_short_circuit_operator.py
[2026-09-17T19:45:08.393+0200] {processor.py:914} INFO - Processing file /Users/swarnalidatta/Desktop/AutoQueryChatbot/.airflow-venv/lib/python3.12/site-packages/airflow/example_dags/example_short_circuit_operator.py for tasks to queue
[2026-09-17T19:45:08.394+0200] {logging_mixin.py:190} INFO - [2026-09-17T19:45:08.394+0200] {dagbag.py:588} INFO - Filling up the DagBag from /Users/swarnalidatta/Desktop/AutoQueryChatbot/.airflow-venv/lib/python3.12/site-packages/airflow/example_dags/example_short_circuit_operator.py
[2026-09-17T19:45:08.404+0200] {processor.py:925} INFO - DAG(s) 'example_short_circuit_operator' retrieved from /Users/swarnalidatta/Desktop/AutoQueryChatbot/.airflow-venv/lib/python3.12/site-packages/airflow/example_dags/example_short_circuit_operator.py
[2026-09-17T19:45:08.431+0200] {logging_mixin.py:190} INFO - [2026-09-17T19:45:08.431+0200] {dag.py:3239} INFO - Sync 1 DAGs
[2026-09-17T19:45:08.455+0200] {logging_mixin.py:190} INFO - [2026-09-17T19:45:08.455+0200] {dag.py:4180} INFO - Setting next_dagrun for example_short_circuit_operator to None, run_after=None
[2026-09-17T19:45:08.461+0200] {processor.py:208} INFO - Processing /Users/swarnalidatta/Desktop/AutoQueryChatbot/.airflow-venv/lib/python3.12/site-packages/airflow/example_dags/example_short_circuit_operator.py took 0.070 seconds
[2026-09-17T19:46:26.339+0200] {processor.py:186} INFO - Started process (PID=78710) to work on /Users/swarnalidatta/Desktop/AutoQueryChatbot/.airflow-venv/lib/python3.12/site-packages/airflow/example_dags/example_short_circuit_operator.py
[2026-09-17T19:46:26.340+0200] {processor.py:914} INFO - Processing file /Users/swarnalidatta/Desktop/AutoQueryChatbot/.airflow-venv/lib/python3.12/site-packages/airflow/example_dags/example_short_circuit_operator.py for tasks to queue
[2026-09-17T19:46:26.340+0200] {logging_mixin.py:190} INFO - [2026-09-17T19:46:26.340+0200] {dagbag.py:588} INFO - Filling up the DagBag from /Users/swarnalidatta/Desktop/AutoQueryChatbot/.airflow-venv/lib/python3.12/site-packages/airflow/example_dags/example_short_circuit_operator.py
[2026-09-17T19:46:26.349+0200] {processor.py:925} INFO - DAG(s) 'example_short_circuit_operator' retrieved from /Users/swarnalidatta/Desktop/AutoQueryChatbot/.airflow-venv/lib/python3.12/site-packages/airflow/example_dags/example_short_circuit_operator.py
[2026-09-17T19:46:26.376+0200] {logging_mixin.py:190} INFO - [2026-09-17T19:46:26.376+0200] {dag.py:3239} INFO - Sync 1 DAGs
[2026-09-17T19:46:26.400+0200] {logging_mixin.py:190} INFO - [2026-09-17T19:46:26.400+0200] {dag.py:4180} INFO - Setting next_dagrun for example_short_circuit_operator to None, run_after=None
[2026-09-17T19:46:26.405+0200] {processor.py:208} INFO - Processing /Users/swarnalidatta/Desktop/AutoQueryChatbot/.airflow-venv/lib/python3.12/site-packages/airflow/example_dags/example_short_circuit_operator.py took 0.067 seconds
[2026-09-17T19:48:47.189+0200] {processor.py:186} INFO - Started process (PID=79064) to work on /Users/swarnalidatta/Desktop/AutoQueryChatbot/.airflow-venv/lib/python3.12/site-packages/airflow/example_dags/example_short_circuit_operator.py
[2026-09-17T19:48:47.189+0200] {processor.py:914} INFO - Processing file /Users/swarnalidatta/Desktop/AutoQueryChatbot/.airflow-venv/lib/python3.12/site-packages/airflow/example_dags/example_short_circuit_operator.py for tasks to queue
[2026-09-17T19:48:47.189+0200] {logging_mixin.py:190} INFO - [2026-09-17T19:48:47.189+0200] {dagbag.py:588} INFO - Filling up the DagBag from /Users/swarnalidatta/Desktop/AutoQueryChatbot/.airflow-venv/lib/python3.12/site-packages/airflow/example_dags/example_short_circuit_operator.py
[2026-09-17T19:48:47.198+0200] {processor.py:925} INFO - DAG(s) 'example_short_circuit_operator' retrieved from /Users/swarnalidatta/Desktop/AutoQueryChatbot/.airflow-venv/lib/python3.12/site-packages/airflow/example_dags/example_short_circuit_operator.py
[2026-09-17T19:48:47.225+0200] {logging_mixin.py:190} INFO - [2026-09-17T19:48:47.225+0200] {dag.py:3239} INFO - Sync 1 DAGs
[2026-09-17T19:48:47.249+0200] {logging_mixin.py:190} INFO - [2026-09-17T19:48:47.249+0200] {dag.py:4180} INFO - Setting next_dagrun for example_short_circuit_operator to None, run_after=None
[2026-09-17T19:48:47.254+0200] {processor.py:208} INFO - Processing /Users/swarnalidatta/Desktop/AutoQueryChatbot/.airflow-venv/lib/python3.12/site-packages/airflow/example_dags/example_short_circuit_operator.py took 0.066 seconds
[2026-09-17T19:49:56.516+0200] {processor.py:186} INFO - Started process (PID=79249) to work on /Users/swarnalidatta/Desktop/AutoQueryChatbot/.airflow-venv/lib/python3.12/site-packages/airflow/example_dags/example_short_circuit_operator.py
[2026-09-17T19:49:56.517+0200] {processor.py:914} INFO - Processing file /Users/swarnalidatta/Desktop/AutoQueryChatbot/.airflow-venv/lib/python3.12/site-packages/airflow/example_dags/example_short_circuit_operator.py for tasks to queue
[2026-09-17T19:49:56.517+0200] {logging_mixin.py:190} INFO - [2026-09-17T19:49:56.517+0200] {dagbag.py:588} INFO - Filling up the DagBag from /Users/swarnalidatta/Desktop/AutoQueryChatbot/.airflow-venv/lib/python3.12/site-packages/airflow/example_dags/example_short_circuit_operator.py
[2026-09-17T19:49:56.527+0200] {processor.py:925} INFO - DAG(s) 'example_short_circuit_operator' retrieved from /Users/swarnalidatta/Desktop/AutoQueryChatbot/.airflow-venv/lib/python3.12/site-packages/airflow/example_dags/example_short_circuit_operator.py
[2026-09-17T19:49:56.555+0200] {logging_mixin.py:190} INFO - [2026-09-17T19:49:56.554+0200] {dag.py:3239} INFO - Sync 1 DAGs
[2026-09-17T19:49:56.580+0200] {logging_mixin.py:190} INFO - [2026-09-17T19:49:56.580+0200] {dag.py:4180} INFO - Setting next_dagrun for example_short_circuit_operator to None, run_after=None
[2026-09-17T19:49:56.586+0200] {processor.py:208} INFO - Processing /Users/swarnalidatta/Desktop/AutoQueryChatbot/.airflow-venv/lib/python3.12/site-packages/airflow/example_dags/example_short_circuit_operator.py took 0.070 seconds
[2026-09-17T19:52:10.777+0200] {processor.py:186} INFO - Started process (PID=79661) to work on /Users/swarnalidatta/Desktop/AutoQueryChatbot/.airflow-venv/lib/python3.12/site-packages/airflow/example_dags/example_short_circuit_operator.py
[2026-09-17T19:52:10.777+0200] {processor.py:914} INFO - Processing file /Users/swarnalidatta/Desktop/AutoQueryChatbot/.airflow-venv/lib/python3.12/site-packages/airflow/example_dags/example_short_circuit_operator.py for tasks to queue
[2026-09-17T19:52:10.778+0200] {logging_mixin.py:190} INFO - [2026-09-17T19:52:10.778+0200] {dagbag.py:588} INFO - Filling up the DagBag from /Users/swarnalidatta/Desktop/AutoQueryChatbot/.airflow-venv/lib/python3.12/site-packages/airflow/example_dags/example_short_circuit_operator.py
[2026-09-17T19:52:10.787+0200] {processor.py:925} INFO - DAG(s) 'example_short_circuit_operator' retrieved from /Users/swarnalidatta/Desktop/AutoQueryChatbot/.airflow-venv/lib/python3.12/site-packages/airflow/example_dags/example_short_circuit_operator.py
[2026-09-17T19:52:10.814+0200] {logging_mixin.py:190} INFO - [2026-09-17T19:52:10.814+0200] {dag.py:3239} INFO - Sync 1 DAGs
[2026-09-17T19:52:10.839+0200] {logging_mixin.py:190} INFO - [2026-09-17T19:52:10.838+0200] {dag.py:4180} INFO - Setting next_dagrun for example_short_circuit_operator to None, run_after=None
[2026-09-17T19:52:10.844+0200] {processor.py:208} INFO - Processing /Users/swarnalidatta/Desktop/AutoQueryChatbot/.airflow-venv/lib/python3.12/site-packages/airflow/example_dags/example_short_circuit_operator.py took 0.068 seconds
[2026-09-17T19:53:21.980+0200] {processor.py:186} INFO - Started process (PID=79875) to work on /Users/swarnalidatta/Desktop/AutoQueryChatbot/.airflow-venv/lib/python3.12/site-packages/airflow/example_dags/example_short_circuit_operator.py
[2026-09-17T19:53:21.981+0200] {processor.py:914} INFO - Processing file /Users/swarnalidatta/Desktop/AutoQueryChatbot/.airflow-venv/lib/python3.12/site-packages/airflow/example_dags/example_short_circuit_operator.py for tasks to queue
[2026-09-17T19:53:21.981+0200] {logging_mixin.py:190} INFO - [2026-09-17T19:53:21.981+0200] {dagbag.py:588} INFO - Filling up the DagBag from /Users/swarnalidatta/Desktop/AutoQueryChatbot/.airflow-venv/lib/python3.12/site-packages/airflow/example_dags/example_short_circuit_operator.py
[2026-09-17T19:53:21.991+0200] {processor.py:925} INFO - DAG(s) 'example_short_circuit_operator' retrieved from /Users/swarnalidatta/Desktop/AutoQueryChatbot/.airflow-venv/lib/python3.12/site-packages/airflow/example_dags/example_short_circuit_operator.py
[2026-09-17T19:53:22.018+0200] {logging_mixin.py:190} INFO - [2026-09-17T19:53:22.018+0200] {dag.py:3239} INFO - Sync 1 DAGs
[2026-09-17T19:53:22.043+0200] {logging_mixin.py:190} INFO - [2026-09-17T19:53:22.043+0200] {dag.py:4180} INFO - Setting next_dagrun for example_short_circuit_operator to None, run_after=None
[2026-09-17T19:53:22.049+0200] {processor.py:208} INFO - Processing /Users/swarnalidatta/Desktop/AutoQueryChatbot/.airflow-venv/lib/python3.12/site-packages/airflow/example_dags/example_short_circuit_operator.py took 0.069 seconds
[2026-09-17T19:54:33.487+0200] {processor.py:186} INFO - Started process (PID=80089) to work on /Users/swarnalidatta/Desktop/AutoQueryChatbot/.airflow-venv/lib/python3.12/site-packages/airflow/example_dags/example_short_circuit_operator.py
[2026-09-17T19:54:33.488+0200] {processor.py:914} INFO - Processing file /Users/swarnalidatta/Desktop/AutoQueryChatbot/.airflow-venv/lib/python3.12/site-packages/airflow/example_dags/example_short_circuit_operator.py for tasks to queue
[2026-09-17T19:54:33.488+0200] {logging_mixin.py:190} INFO - [2026-09-17T19:54:33.488+0200] {dagbag.py:588} INFO - Filling up the DagBag from /Users/swarnalidatta/Desktop/AutoQueryChatbot/.airflow-venv/lib/python3.12/site-packages/airflow/example_dags/example_short_circuit_operator.py
[2026-09-17T19:54:33.498+0200] {processor.py:925} INFO - DAG(s) 'example_short_circuit_operator' retrieved from /Users/swarnalidatta/Desktop/AutoQueryChatbot/.airflow-venv/lib/python3.12/site-packages/airflow/example_dags/example_short_circuit_operator.py
[2026-09-17T19:54:33.525+0200] {logging_mixin.py:190} INFO - [2026-09-17T19:54:33.525+0200] {dag.py:3239} INFO - Sync 1 DAGs
[2026-09-17T19:54:33.549+0200] {logging_mixin.py:190} INFO - [2026-09-17T19:54:33.549+0200] {dag.py:4180} INFO - Setting next_dagrun for example_short_circuit_operator to None, run_after=None
[2026-09-17T19:54:33.555+0200] {processor.py:208} INFO - Processing /Users/swarnalidatta/Desktop/AutoQueryChatbot/.airflow-venv/lib/python3.12/site-packages/airflow/example_dags/example_short_circuit_operator.py took 0.068 seconds
[2026-09-17T20:06:42.220+0200] {processor.py:186} INFO - Started process (PID=80491) to work on /Users/swarnalidatta/Desktop/AutoQueryChatbot/.airflow-venv/lib/python3.12/site-packages/airflow/example_dags/example_short_circuit_operator.py
[2026-09-17T20:06:42.220+0200] {processor.py:914} INFO - Processing file /Users/swarnalidatta/Desktop/AutoQueryChatbot/.airflow-venv/lib/python3.12/site-packages/airflow/example_dags/example_short_circuit_operator.py for tasks to queue
[2026-09-17T20:06:42.221+0200] {logging_mixin.py:190} INFO - [2026-09-17T20:06:42.220+0200] {dagbag.py:588} INFO - Filling up the DagBag from /Users/swarnalidatta/Desktop/AutoQueryChatbot/.airflow-venv/lib/python3.12/site-packages/airflow/example_dags/example_short_circuit_operator.py
[2026-09-17T20:06:42.230+0200] {processor.py:925} INFO - DAG(s) 'example_short_circuit_operator' retrieved from /Users/swarnalidatta/Desktop/AutoQueryChatbot/.airflow-venv/lib/python3.12/site-packages/airflow/example_dags/example_short_circuit_operator.py
[2026-09-17T20:06:42.257+0200] {logging_mixin.py:190} INFO - [2026-09-17T20:06:42.257+0200] {dag.py:3239} INFO - Sync 1 DAGs
[2026-09-17T20:06:42.287+0200] {logging_mixin.py:190} INFO - [2026-09-17T20:06:42.287+0200] {dag.py:4180} INFO - Setting next_dagrun for example_short_circuit_operator to None, run_after=None
[2026-09-17T20:06:42.292+0200] {processor.py:208} INFO - Processing /Users/swarnalidatta/Desktop/AutoQueryChatbot/.airflow-venv/lib/python3.12/site-packages/airflow/example_dags/example_short_circuit_operator.py took 0.073 seconds
[2026-09-17T20:08:29.691+0200] {processor.py:186} INFO - Started process (PID=81043) to work on /Users/swarnalidatta/Desktop/AutoQueryChatbot/.airflow-venv/lib/python3.12/site-packages/airflow/example_dags/example_short_circuit_operator.py
[2026-09-17T20:08:29.692+0200] {processor.py:914} INFO - Processing file /Users/swarnalidatta/Desktop/AutoQueryChatbot/.airflow-venv/lib/python3.12/site-packages/airflow/example_dags/example_short_circuit_operator.py for tasks to queue
[2026-09-17T20:08:29.692+0200] {logging_mixin.py:190} INFO - [2026-09-17T20:08:29.692+0200] {dagbag.py:588} INFO - Filling up the DagBag from /Users/swarnalidatta/Desktop/AutoQueryChatbot/.airflow-venv/lib/python3.12/site-packages/airflow/example_dags/example_short_circuit_operator.py
[2026-09-17T20:08:29.702+0200] {processor.py:925} INFO - DAG(s) 'example_short_circuit_operator' retrieved from /Users/swarnalidatta/Desktop/AutoQueryChatbot/.airflow-venv/lib/python3.12/site-packages/airflow/example_dags/example_short_circuit_operator.py
[2026-09-17T20:08:29.729+0200] {logging_mixin.py:190} INFO - [2026-09-17T20:08:29.728+0200] {dag.py:3239} INFO - Sync 1 DAGs
[2026-09-17T20:08:29.753+0200] {logging_mixin.py:190} INFO - [2026-09-17T20:08:29.752+0200] {dag.py:4180} INFO - Setting next_dagrun for example_short_circuit_operator to None, run_after=None
[2026-09-17T20:08:29.758+0200] {processor.py:208} INFO - Processing /Users/swarnalidatta/Desktop/AutoQueryChatbot/.airflow-venv/lib/python3.12/site-packages/airflow/example_dags/example_short_circuit_operator.py took 0.068 seconds
[2026-09-17T20:10:01.922+0200] {processor.py:186} INFO - Started process (PID=81565) to work on /Users/swarnalidatta/Desktop/AutoQueryChatbot/.airflow-venv/lib/python3.12/site-packages/airflow/example_dags/example_short_circuit_operator.py
[2026-09-17T20:10:01.922+0200] {processor.py:914} INFO - Processing file /Users/swarnalidatta/Desktop/AutoQueryChatbot/.airflow-venv/lib/python3.12/site-packages/airflow/example_dags/example_short_circuit_operator.py for tasks to queue
[2026-09-17T20:10:01.923+0200] {logging_mixin.py:190} INFO - [2026-09-17T20:10:01.923+0200] {dagbag.py:588} INFO - Filling up the DagBag from /Users/swarnalidatta/Desktop/AutoQueryChatbot/.airflow-venv/lib/python3.12/site-packages/airflow/example_dags/example_short_circuit_operator.py
[2026-09-17T20:10:01.932+0200] {processor.py:925} INFO - DAG(s) 'example_short_circuit_operator' retrieved from /Users/swarnalidatta/Desktop/AutoQueryChatbot/.airflow-venv/lib/python3.12/site-packages/airflow/example_dags/example_short_circuit_operator.py
[2026-09-17T20:10:01.959+0200] {logging_mixin.py:190} INFO - [2026-09-17T20:10:01.959+0200] {dag.py:3239} INFO - Sync 1 DAGs
[2026-09-17T20:10:01.984+0200] {logging_mixin.py:190} INFO - [2026-09-17T20:10:01.984+0200] {dag.py:4180} INFO - Setting next_dagrun for example_short_circuit_operator to None, run_after=None
[2026-09-17T20:10:01.989+0200] {processor.py:208} INFO - Processing /Users/swarnalidatta/Desktop/AutoQueryChatbot/.airflow-venv/lib/python3.12/site-packages/airflow/example_dags/example_short_circuit_operator.py took 0.069 seconds
[2026-09-17T20:12:43.234+0200] {processor.py:186} INFO - Started process (PID=82491) to work on /Users/swarnalidatta/Desktop/AutoQueryChatbot/.airflow-venv/lib/python3.12/site-packages/airflow/example_dags/example_short_circuit_operator.py
[2026-09-17T20:12:43.235+0200] {processor.py:914} INFO - Processing file /Users/swarnalidatta/Desktop/AutoQueryChatbot/.airflow-venv/lib/python3.12/site-packages/airflow/example_dags/example_short_circuit_operator.py for tasks to queue
[2026-09-17T20:12:43.235+0200] {logging_mixin.py:190} INFO - [2026-09-17T20:12:43.235+0200] {dagbag.py:588} INFO - Filling up the DagBag from /Users/swarnalidatta/Desktop/AutoQueryChatbot/.airflow-venv/lib/python3.12/site-packages/airflow/example_dags/example_short_circuit_operator.py
[2026-09-17T20:12:43.244+0200] {processor.py:925} INFO - DAG(s) 'example_short_circuit_operator' retrieved from /Users/swarnalidatta/Desktop/AutoQueryChatbot/.airflow-venv/lib/python3.12/site-packages/airflow/example_dags/example_short_circuit_operator.py
[2026-09-17T20:12:43.271+0200] {logging_mixin.py:190} INFO - [2026-09-17T20:12:43.271+0200] {dag.py:3239} INFO - Sync 1 DAGs
[2026-09-17T20:12:43.296+0200] {logging_mixin.py:190} INFO - [2026-09-17T20:12:43.296+0200] {dag.py:4180} INFO - Setting next_dagrun for example_short_circuit_operator to None, run_after=None
[2026-09-17T20:12:43.301+0200] {processor.py:208} INFO - Processing /Users/swarnalidatta/Desktop/AutoQueryChatbot/.airflow-venv/lib/python3.12/site-packages/airflow/example_dags/example_short_circuit_operator.py took 0.068 seconds
[2026-09-17T20:14:55.165+0200] {processor.py:186} INFO - Started process (PID=82943) to work on /Users/swarnalidatta/Desktop/AutoQueryChatbot/.airflow-venv/lib/python3.12/site-packages/airflow/example_dags/example_short_circuit_operator.py
[2026-09-17T20:14:55.167+0200] {processor.py:914} INFO - Processing file /Users/swarnalidatta/Desktop/AutoQueryChatbot/.airflow-venv/lib/python3.12/site-packages/airflow/example_dags/example_short_circuit_operator.py for tasks to queue
[2026-09-17T20:14:55.167+0200] {logging_mixin.py:190} INFO - [2026-09-17T20:14:55.167+0200] {dagbag.py:588} INFO - Filling up the DagBag from /Users/swarnalidatta/Desktop/AutoQueryChatbot/.airflow-venv/lib/python3.12/site-packages/airflow/example_dags/example_short_circuit_operator.py
[2026-09-17T20:14:55.176+0200] {processor.py:925} INFO - DAG(s) 'example_short_circuit_operator' retrieved from /Users/swarnalidatta/Desktop/AutoQueryChatbot/.airflow-venv/lib/python3.12/site-packages/airflow/example_dags/example_short_circuit_operator.py
[2026-09-17T20:14:55.203+0200] {logging_mixin.py:190} INFO - [2026-09-17T20:14:55.203+0200] {dag.py:3239} INFO - Sync 1 DAGs
[2026-09-17T20:14:55.228+0200] {logging_mixin.py:190} INFO - [2026-09-17T20:14:55.228+0200] {dag.py:4180} INFO - Setting next_dagrun for example_short_circuit_operator to None, run_after=None
[2026-09-17T20:14:55.234+0200] {processor.py:208} INFO - Processing /Users/swarnalidatta/Desktop/AutoQueryChatbot/.airflow-venv/lib/python3.12/site-packages/airflow/example_dags/example_short_circuit_operator.py took 0.069 seconds
[2026-09-17T20:16:33.081+0200] {processor.py:186} INFO - Started process (PID=83300) to work on /Users/swarnalidatta/Desktop/AutoQueryChatbot/.airflow-venv/lib/python3.12/site-packages/airflow/example_dags/example_short_circuit_operator.py
[2026-09-17T20:16:33.081+0200] {processor.py:914} INFO - Processing file /Users/swarnalidatta/Desktop/AutoQueryChatbot/.airflow-venv/lib/python3.12/site-packages/airflow/example_dags/example_short_circuit_operator.py for tasks to queue
[2026-09-17T20:16:33.082+0200] {logging_mixin.py:190} INFO - [2026-09-17T20:16:33.082+0200] {dagbag.py:588} INFO - Filling up the DagBag from /Users/swarnalidatta/Desktop/AutoQueryChatbot/.airflow-venv/lib/python3.12/site-packages/airflow/example_dags/example_short_circuit_operator.py
[2026-09-17T20:16:33.092+0200] {processor.py:925} INFO - DAG(s) 'example_short_circuit_operator' retrieved from /Users/swarnalidatta/Desktop/AutoQueryChatbot/.airflow-venv/lib/python3.12/site-packages/airflow/example_dags/example_short_circuit_operator.py
[2026-09-17T20:16:33.119+0200] {logging_mixin.py:190} INFO - [2026-09-17T20:16:33.119+0200] {dag.py:3239} INFO - Sync 1 DAGs
[2026-09-17T20:16:33.145+0200] {logging_mixin.py:190} INFO - [2026-09-17T20:16:33.145+0200] {dag.py:4180} INFO - Setting next_dagrun for example_short_circuit_operator to None, run_after=None
[2026-09-17T20:16:33.151+0200] {processor.py:208} INFO - Processing /Users/swarnalidatta/Desktop/AutoQueryChatbot/.airflow-venv/lib/python3.12/site-packages/airflow/example_dags/example_short_circuit_operator.py took 0.071 seconds
[2026-09-17T20:18:09.202+0200] {processor.py:186} INFO - Started process (PID=83626) to work on /Users/swarnalidatta/Desktop/AutoQueryChatbot/.airflow-venv/lib/python3.12/site-packages/airflow/example_dags/example_short_circuit_operator.py
[2026-09-17T20:18:09.203+0200] {processor.py:914} INFO - Processing file /Users/swarnalidatta/Desktop/AutoQueryChatbot/.airflow-venv/lib/python3.12/site-packages/airflow/example_dags/example_short_circuit_operator.py for tasks to queue
[2026-09-17T20:18:09.203+0200] {logging_mixin.py:190} INFO - [2026-09-17T20:18:09.203+0200] {dagbag.py:588} INFO - Filling up the DagBag from /Users/swarnalidatta/Desktop/AutoQueryChatbot/.airflow-venv/lib/python3.12/site-packages/airflow/example_dags/example_short_circuit_operator.py
[2026-09-17T20:18:09.213+0200] {processor.py:925} INFO - DAG(s) 'example_short_circuit_operator' retrieved from /Users/swarnalidatta/Desktop/AutoQueryChatbot/.airflow-venv/lib/python3.12/site-packages/airflow/example_dags/example_short_circuit_operator.py
[2026-09-17T20:18:09.240+0200] {logging_mixin.py:190} INFO - [2026-09-17T20:18:09.240+0200] {dag.py:3239} INFO - Sync 1 DAGs
[2026-09-17T20:18:09.266+0200] {logging_mixin.py:190} INFO - [2026-09-17T20:18:09.265+0200] {dag.py:4180} INFO - Setting next_dagrun for example_short_circuit_operator to None, run_after=None
[2026-09-17T20:18:09.271+0200] {processor.py:208} INFO - Processing /Users/swarnalidatta/Desktop/AutoQueryChatbot/.airflow-venv/lib/python3.12/site-packages/airflow/example_dags/example_short_circuit_operator.py took 0.070 seconds
[2026-09-17T20:20:22.865+0200] {processor.py:186} INFO - Started process (PID=84110) to work on /Users/swarnalidatta/Desktop/AutoQueryChatbot/.airflow-venv/lib/python3.12/site-packages/airflow/example_dags/example_short_circuit_operator.py
[2026-09-17T20:20:22.866+0200] {processor.py:914} INFO - Processing file /Users/swarnalidatta/Desktop/AutoQueryChatbot/.airflow-venv/lib/python3.12/site-packages/airflow/example_dags/example_short_circuit_operator.py for tasks to queue
[2026-09-17T20:20:22.866+0200] {logging_mixin.py:190} INFO - [2026-09-17T20:20:22.866+0200] {dagbag.py:588} INFO - Filling up the DagBag from /Users/swarnalidatta/Desktop/AutoQueryChatbot/.airflow-venv/lib/python3.12/site-packages/airflow/example_dags/example_short_circuit_operator.py
[2026-09-17T20:20:22.876+0200] {processor.py:925} INFO - DAG(s) 'example_short_circuit_operator' retrieved from /Users/swarnalidatta/Desktop/AutoQueryChatbot/.airflow-venv/lib/python3.12/site-packages/airflow/example_dags/example_short_circuit_operator.py
[2026-09-17T20:20:22.902+0200] {logging_mixin.py:190} INFO - [2026-09-17T20:20:22.902+0200] {dag.py:3239} INFO - Sync 1 DAGs
[2026-09-17T20:20:22.927+0200] {logging_mixin.py:190} INFO - [2026-09-17T20:20:22.927+0200] {dag.py:4180} INFO - Setting next_dagrun for example_short_circuit_operator to None, run_after=None
[2026-09-17T20:20:22.933+0200] {processor.py:208} INFO - Processing /Users/swarnalidatta/Desktop/AutoQueryChatbot/.airflow-venv/lib/python3.12/site-packages/airflow/example_dags/example_short_circuit_operator.py took 0.068 seconds
[2026-09-17T20:21:46.080+0200] {processor.py:186} INFO - Started process (PID=84350) to work on /Users/swarnalidatta/Desktop/AutoQueryChatbot/.airflow-venv/lib/python3.12/site-packages/airflow/example_dags/example_short_circuit_operator.py
[2026-09-17T20:21:46.080+0200] {processor.py:914} INFO - Processing file /Users/swarnalidatta/Desktop/AutoQueryChatbot/.airflow-venv/lib/python3.12/site-packages/airflow/example_dags/example_short_circuit_operator.py for tasks to queue
[2026-09-17T20:21:46.080+0200] {logging_mixin.py:190} INFO - [2026-09-17T20:21:46.080+0200] {dagbag.py:588} INFO - Filling up the DagBag from /Users/swarnalidatta/Desktop/AutoQueryChatbot/.airflow-venv/lib/python3.12/site-packages/airflow/example_dags/example_short_circuit_operator.py
[2026-09-17T20:21:46.090+0200] {processor.py:925} INFO - DAG(s) 'example_short_circuit_operator' retrieved from /Users/swarnalidatta/Desktop/AutoQueryChatbot/.airflow-venv/lib/python3.12/site-packages/airflow/example_dags/example_short_circuit_operator.py
[2026-09-17T20:21:46.117+0200] {logging_mixin.py:190} INFO - [2026-09-17T20:21:46.117+0200] {dag.py:3239} INFO - Sync 1 DAGs
[2026-09-17T20:21:46.142+0200] {logging_mixin.py:190} INFO - [2026-09-17T20:21:46.142+0200] {dag.py:4180} INFO - Setting next_dagrun for example_short_circuit_operator to None, run_after=None
[2026-09-17T20:21:46.148+0200] {processor.py:208} INFO - Processing /Users/swarnalidatta/Desktop/AutoQueryChatbot/.airflow-venv/lib/python3.12/site-packages/airflow/example_dags/example_short_circuit_operator.py took 0.069 seconds
[2026-09-17T20:23:10.192+0200] {processor.py:186} INFO - Started process (PID=84728) to work on /Users/swarnalidatta/Desktop/AutoQueryChatbot/.airflow-venv/lib/python3.12/site-packages/airflow/example_dags/example_short_circuit_operator.py
[2026-09-17T20:23:10.193+0200] {processor.py:914} INFO - Processing file /Users/swarnalidatta/Desktop/AutoQueryChatbot/.airflow-venv/lib/python3.12/site-packages/airflow/example_dags/example_short_circuit_operator.py for tasks to queue
[2026-09-17T20:23:10.193+0200] {logging_mixin.py:190} INFO - [2026-09-17T20:23:10.193+0200] {dagbag.py:588} INFO - Filling up the DagBag from /Users/swarnalidatta/Desktop/AutoQueryChatbot/.airflow-venv/lib/python3.12/site-packages/airflow/example_dags/example_short_circuit_operator.py
[2026-09-17T20:23:10.202+0200] {processor.py:925} INFO - DAG(s) 'example_short_circuit_operator' retrieved from /Users/swarnalidatta/Desktop/AutoQueryChatbot/.airflow-venv/lib/python3.12/site-packages/airflow/example_dags/example_short_circuit_operator.py
[2026-09-17T20:23:10.229+0200] {logging_mixin.py:190} INFO - [2026-09-17T20:23:10.229+0200] {dag.py:3239} INFO - Sync 1 DAGs
[2026-09-17T20:23:10.254+0200] {logging_mixin.py:190} INFO - [2026-09-17T20:23:10.254+0200] {dag.py:4180} INFO - Setting next_dagrun for example_short_circuit_operator to None, run_after=None
[2026-09-17T20:23:10.260+0200] {processor.py:208} INFO - Processing /Users/swarnalidatta/Desktop/AutoQueryChatbot/.airflow-venv/lib/python3.12/site-packages/airflow/example_dags/example_short_circuit_operator.py took 0.069 seconds
[2026-09-17T20:24:37.756+0200] {processor.py:186} INFO - Started process (PID=85012) to work on /Users/swarnalidatta/Desktop/AutoQueryChatbot/.airflow-venv/lib/python3.12/site-packages/airflow/example_dags/example_short_circuit_operator.py
[2026-09-17T20:24:37.757+0200] {processor.py:914} INFO - Processing file /Users/swarnalidatta/Desktop/AutoQueryChatbot/.airflow-venv/lib/python3.12/site-packages/airflow/example_dags/example_short_circuit_operator.py for tasks to queue
[2026-09-17T20:24:37.757+0200] {logging_mixin.py:190} INFO - [2026-09-17T20:24:37.757+0200] {dagbag.py:588} INFO - Filling up the DagBag from /Users/swarnalidatta/Desktop/AutoQueryChatbot/.airflow-venv/lib/python3.12/site-packages/airflow/example_dags/example_short_circuit_operator.py
[2026-09-17T20:24:37.767+0200] {processor.py:925} INFO - DAG(s) 'example_short_circuit_operator' retrieved from /Users/swarnalidatta/Desktop/AutoQueryChatbot/.airflow-venv/lib/python3.12/site-packages/airflow/example_dags/example_short_circuit_operator.py
[2026-09-17T20:24:37.794+0200] {logging_mixin.py:190} INFO - [2026-09-17T20:24:37.794+0200] {dag.py:3239} INFO - Sync 1 DAGs
[2026-09-17T20:24:37.818+0200] {logging_mixin.py:190} INFO - [2026-09-17T20:24:37.818+0200] {dag.py:4180} INFO - Setting next_dagrun for example_short_circuit_operator to None, run_after=None
[2026-09-17T20:24:37.824+0200] {processor.py:208} INFO - Processing /Users/swarnalidatta/Desktop/AutoQueryChatbot/.airflow-venv/lib/python3.12/site-packages/airflow/example_dags/example_short_circuit_operator.py took 0.069 seconds
[2026-09-17T20:27:35.378+0200] {processor.py:186} INFO - Started process (PID=85470) to work on /Users/swarnalidatta/Desktop/AutoQueryChatbot/.airflow-venv/lib/python3.12/site-packages/airflow/example_dags/example_short_circuit_operator.py
[2026-09-17T20:27:35.379+0200] {processor.py:914} INFO - Processing file /Users/swarnalidatta/Desktop/AutoQueryChatbot/.airflow-venv/lib/python3.12/site-packages/airflow/example_dags/example_short_circuit_operator.py for tasks to queue
[2026-09-17T20:27:35.379+0200] {logging_mixin.py:190} INFO - [2026-09-17T20:27:35.379+0200] {dagbag.py:588} INFO - Filling up the DagBag from /Users/swarnalidatta/Desktop/AutoQueryChatbot/.airflow-venv/lib/python3.12/site-packages/airflow/example_dags/example_short_circuit_operator.py
[2026-09-17T20:27:35.389+0200] {processor.py:925} INFO - DAG(s) 'example_short_circuit_operator' retrieved from /Users/swarnalidatta/Desktop/AutoQueryChatbot/.airflow-venv/lib/python3.12/site-packages/airflow/example_dags/example_short_circuit_operator.py
[2026-09-17T20:27:35.416+0200] {logging_mixin.py:190} INFO - [2026-09-17T20:27:35.416+0200] {dag.py:3239} INFO - Sync 1 DAGs
[2026-09-17T20:27:35.444+0200] {logging_mixin.py:190} INFO - [2026-09-17T20:27:35.444+0200] {dag.py:4180} INFO - Setting next_dagrun for example_short_circuit_operator to None, run_after=None
[2026-09-17T20:27:35.450+0200] {processor.py:208} INFO - Processing /Users/swarnalidatta/Desktop/AutoQueryChatbot/.airflow-venv/lib/python3.12/site-packages/airflow/example_dags/example_short_circuit_operator.py took 0.072 seconds
[2026-09-17T20:28:51.821+0200] {processor.py:186} INFO - Started process (PID=85641) to work on /Users/swarnalidatta/Desktop/AutoQueryChatbot/.airflow-venv/lib/python3.12/site-packages/airflow/example_dags/example_short_circuit_operator.py
[2026-09-17T20:28:51.822+0200] {processor.py:914} INFO - Processing file /Users/swarnalidatta/Desktop/AutoQueryChatbot/.airflow-venv/lib/python3.12/site-packages/airflow/example_dags/example_short_circuit_operator.py for tasks to queue
[2026-09-17T20:28:51.822+0200] {logging_mixin.py:190} INFO - [2026-09-17T20:28:51.822+0200] {dagbag.py:588} INFO - Filling up the DagBag from /Users/swarnalidatta/Desktop/AutoQueryChatbot/.airflow-venv/lib/python3.12/site-packages/airflow/example_dags/example_short_circuit_operator.py
[2026-09-17T20:28:51.831+0200] {processor.py:925} INFO - DAG(s) 'example_short_circuit_operator' retrieved from /Users/swarnalidatta/Desktop/AutoQueryChatbot/.airflow-venv/lib/python3.12/site-packages/airflow/example_dags/example_short_circuit_operator.py
[2026-09-17T20:28:51.858+0200] {logging_mixin.py:190} INFO - [2026-09-17T20:28:51.858+0200] {dag.py:3239} INFO - Sync 1 DAGs
[2026-09-17T20:28:51.881+0200] {logging_mixin.py:190} INFO - [2026-09-17T20:28:51.881+0200] {dag.py:4180} INFO - Setting next_dagrun for example_short_circuit_operator to None, run_after=None
[2026-09-17T20:28:51.886+0200] {processor.py:208} INFO - Processing /Users/swarnalidatta/Desktop/AutoQueryChatbot/.airflow-venv/lib/python3.12/site-packages/airflow/example_dags/example_short_circuit_operator.py took 0.066 seconds
[2026-09-17T20:30:05.981+0200] {processor.py:186} INFO - Started process (PID=85796) to work on /Users/swarnalidatta/Desktop/AutoQueryChatbot/.airflow-venv/lib/python3.12/site-packages/airflow/example_dags/example_short_circuit_operator.py
[2026-09-17T20:30:05.982+0200] {processor.py:914} INFO - Processing file /Users/swarnalidatta/Desktop/AutoQueryChatbot/.airflow-venv/lib/python3.12/site-packages/airflow/example_dags/example_short_circuit_operator.py for tasks to queue
[2026-09-17T20:30:05.982+0200] {logging_mixin.py:190} INFO - [2026-09-17T20:30:05.982+0200] {dagbag.py:588} INFO - Filling up the DagBag from /Users/swarnalidatta/Desktop/AutoQueryChatbot/.airflow-venv/lib/python3.12/site-packages/airflow/example_dags/example_short_circuit_operator.py
[2026-09-17T20:30:05.991+0200] {processor.py:925} INFO - DAG(s) 'example_short_circuit_operator' retrieved from /Users/swarnalidatta/Desktop/AutoQueryChatbot/.airflow-venv/lib/python3.12/site-packages/airflow/example_dags/example_short_circuit_operator.py
[2026-09-17T20:30:06.019+0200] {logging_mixin.py:190} INFO - [2026-09-17T20:30:06.018+0200] {dag.py:3239} INFO - Sync 1 DAGs
[2026-09-17T20:30:06.043+0200] {logging_mixin.py:190} INFO - [2026-09-17T20:30:06.043+0200] {dag.py:4180} INFO - Setting next_dagrun for example_short_circuit_operator to None, run_after=None
[2026-09-17T20:30:06.048+0200] {processor.py:208} INFO - Processing /Users/swarnalidatta/Desktop/AutoQueryChatbot/.airflow-venv/lib/python3.12/site-packages/airflow/example_dags/example_short_circuit_operator.py took 0.068 seconds
[2026-09-17T20:31:32.909+0200] {processor.py:186} INFO - Started process (PID=86031) to work on /Users/swarnalidatta/Desktop/AutoQueryChatbot/.airflow-venv/lib/python3.12/site-packages/airflow/example_dags/example_short_circuit_operator.py
[2026-09-17T20:31:32.910+0200] {processor.py:914} INFO - Processing file /Users/swarnalidatta/Desktop/AutoQueryChatbot/.airflow-venv/lib/python3.12/site-packages/airflow/example_dags/example_short_circuit_operator.py for tasks to queue
[2026-09-17T20:31:32.911+0200] {logging_mixin.py:190} INFO - [2026-09-17T20:31:32.910+0200] {dagbag.py:588} INFO - Filling up the DagBag from /Users/swarnalidatta/Desktop/AutoQueryChatbot/.airflow-venv/lib/python3.12/site-packages/airflow/example_dags/example_short_circuit_operator.py
[2026-09-17T20:31:32.920+0200] {processor.py:925} INFO - DAG(s) 'example_short_circuit_operator' retrieved from /Users/swarnalidatta/Desktop/AutoQueryChatbot/.airflow-venv/lib/python3.12/site-packages/airflow/example_dags/example_short_circuit_operator.py
[2026-09-17T20:31:32.947+0200] {logging_mixin.py:190} INFO - [2026-09-17T20:31:32.947+0200] {dag.py:3239} INFO - Sync 1 DAGs
[2026-09-17T20:31:32.971+0200] {logging_mixin.py:190} INFO - [2026-09-17T20:31:32.971+0200] {dag.py:4180} INFO - Setting next_dagrun for example_short_circuit_operator to None, run_after=None
[2026-09-17T20:31:32.977+0200] {processor.py:208} INFO - Processing /Users/swarnalidatta/Desktop/AutoQueryChatbot/.airflow-venv/lib/python3.12/site-packages/airflow/example_dags/example_short_circuit_operator.py took 0.069 seconds
[2026-09-17T20:33:42.220+0200] {processor.py:186} INFO - Started process (PID=86343) to work on /Users/swarnalidatta/Desktop/AutoQueryChatbot/.airflow-venv/lib/python3.12/site-packages/airflow/example_dags/example_short_circuit_operator.py
[2026-09-17T20:33:42.220+0200] {processor.py:914} INFO - Processing file /Users/swarnalidatta/Desktop/AutoQueryChatbot/.airflow-venv/lib/python3.12/site-packages/airflow/example_dags/example_short_circuit_operator.py for tasks to queue
[2026-09-17T20:33:42.221+0200] {logging_mixin.py:190} INFO - [2026-09-17T20:33:42.220+0200] {dagbag.py:588} INFO - Filling up the DagBag from /Users/swarnalidatta/Desktop/AutoQueryChatbot/.airflow-venv/lib/python3.12/site-packages/airflow/example_dags/example_short_circuit_operator.py
[2026-09-17T20:33:42.230+0200] {processor.py:925} INFO - DAG(s) 'example_short_circuit_operator' retrieved from /Users/swarnalidatta/Desktop/AutoQueryChatbot/.airflow-venv/lib/python3.12/site-packages/airflow/example_dags/example_short_circuit_operator.py
[2026-09-17T20:33:42.258+0200] {logging_mixin.py:190} INFO - [2026-09-17T20:33:42.258+0200] {dag.py:3239} INFO - Sync 1 DAGs
[2026-09-17T20:33:42.282+0200] {logging_mixin.py:190} INFO - [2026-09-17T20:33:42.282+0200] {dag.py:4180} INFO - Setting next_dagrun for example_short_circuit_operator to None, run_after=None
[2026-09-17T20:33:42.288+0200] {processor.py:208} INFO - Processing /Users/swarnalidatta/Desktop/AutoQueryChatbot/.airflow-venv/lib/python3.12/site-packages/airflow/example_dags/example_short_circuit_operator.py took 0.069 seconds
[2026-09-17T20:34:51.513+0200] {processor.py:186} INFO - Started process (PID=86504) to work on /Users/swarnalidatta/Desktop/AutoQueryChatbot/.airflow-venv/lib/python3.12/site-packages/airflow/example_dags/example_short_circuit_operator.py
[2026-09-17T20:34:51.513+0200] {processor.py:914} INFO - Processing file /Users/swarnalidatta/Desktop/AutoQueryChatbot/.airflow-venv/lib/python3.12/site-packages/airflow/example_dags/example_short_circuit_operator.py for tasks to queue
[2026-09-17T20:34:51.514+0200] {logging_mixin.py:190} INFO - [2026-09-17T20:34:51.514+0200] {dagbag.py:588} INFO - Filling up the DagBag from /Users/swarnalidatta/Desktop/AutoQueryChatbot/.airflow-venv/lib/python3.12/site-packages/airflow/example_dags/example_short_circuit_operator.py
[2026-09-17T20:34:51.523+0200] {processor.py:925} INFO - DAG(s) 'example_short_circuit_operator' retrieved from /Users/swarnalidatta/Desktop/AutoQueryChatbot/.airflow-venv/lib/python3.12/site-packages/airflow/example_dags/example_short_circuit_operator.py
[2026-09-17T20:34:51.550+0200] {logging_mixin.py:190} INFO - [2026-09-17T20:34:51.549+0200] {dag.py:3239} INFO - Sync 1 DAGs
[2026-09-17T20:34:51.573+0200] {logging_mixin.py:190} INFO - [2026-09-17T20:34:51.573+0200] {dag.py:4180} INFO - Setting next_dagrun for example_short_circuit_operator to None, run_after=None
[2026-09-17T20:34:51.578+0200] {processor.py:208} INFO - Processing /Users/swarnalidatta/Desktop/AutoQueryChatbot/.airflow-venv/lib/python3.12/site-packages/airflow/example_dags/example_short_circuit_operator.py took 0.066 seconds
[2026-09-17T20:36:54.200+0200] {processor.py:186} INFO - Started process (PID=86783) to work on /Users/swarnalidatta/Desktop/AutoQueryChatbot/.airflow-venv/lib/python3.12/site-packages/airflow/example_dags/example_short_circuit_operator.py
[2026-09-17T20:36:54.201+0200] {processor.py:914} INFO - Processing file /Users/swarnalidatta/Desktop/AutoQueryChatbot/.airflow-venv/lib/python3.12/site-packages/airflow/example_dags/example_short_circuit_operator.py for tasks to queue
[2026-09-17T20:36:54.201+0200] {logging_mixin.py:190} INFO - [2026-09-17T20:36:54.201+0200] {dagbag.py:588} INFO - Filling up the DagBag from /Users/swarnalidatta/Desktop/AutoQueryChatbot/.airflow-venv/lib/python3.12/site-packages/airflow/example_dags/example_short_circuit_operator.py
[2026-09-17T20:36:54.210+0200] {processor.py:925} INFO - DAG(s) 'example_short_circuit_operator' retrieved from /Users/swarnalidatta/Desktop/AutoQueryChatbot/.airflow-venv/lib/python3.12/site-packages/airflow/example_dags/example_short_circuit_operator.py
[2026-09-17T20:36:54.237+0200] {logging_mixin.py:190} INFO - [2026-09-17T20:36:54.237+0200] {dag.py:3239} INFO - Sync 1 DAGs
[2026-09-17T20:36:54.260+0200] {logging_mixin.py:190} INFO - [2026-09-17T20:36:54.260+0200] {dag.py:4180} INFO - Setting next_dagrun for example_short_circuit_operator to None, run_after=None
[2026-09-17T20:36:54.265+0200] {processor.py:208} INFO - Processing /Users/swarnalidatta/Desktop/AutoQueryChatbot/.airflow-venv/lib/python3.12/site-packages/airflow/example_dags/example_short_circuit_operator.py took 0.066 seconds
[2026-09-17T20:48:17.948+0200] {processor.py:186} INFO - Started process (PID=86945) to work on /Users/swarnalidatta/Desktop/AutoQueryChatbot/.airflow-venv/lib/python3.12/site-packages/airflow/example_dags/example_short_circuit_operator.py
[2026-09-17T20:48:17.948+0200] {processor.py:914} INFO - Processing file /Users/swarnalidatta/Desktop/AutoQueryChatbot/.airflow-venv/lib/python3.12/site-packages/airflow/example_dags/example_short_circuit_operator.py for tasks to queue
[2026-09-17T20:48:17.949+0200] {logging_mixin.py:190} INFO - [2026-09-17T20:48:17.948+0200] {dagbag.py:588} INFO - Filling up the DagBag from /Users/swarnalidatta/Desktop/AutoQueryChatbot/.airflow-venv/lib/python3.12/site-packages/airflow/example_dags/example_short_circuit_operator.py
[2026-09-17T20:48:17.957+0200] {processor.py:925} INFO - DAG(s) 'example_short_circuit_operator' retrieved from /Users/swarnalidatta/Desktop/AutoQueryChatbot/.airflow-venv/lib/python3.12/site-packages/airflow/example_dags/example_short_circuit_operator.py
[2026-09-17T20:48:17.983+0200] {logging_mixin.py:190} INFO - [2026-09-17T20:48:17.983+0200] {dag.py:3239} INFO - Sync 1 DAGs
[2026-09-17T20:48:18.006+0200] {logging_mixin.py:190} INFO - [2026-09-17T20:48:18.006+0200] {dag.py:4180} INFO - Setting next_dagrun for example_short_circuit_operator to None, run_after=None
[2026-09-17T20:48:18.011+0200] {processor.py:208} INFO - Processing /Users/swarnalidatta/Desktop/AutoQueryChatbot/.airflow-venv/lib/python3.12/site-packages/airflow/example_dags/example_short_circuit_operator.py took 0.064 seconds
[2026-09-17T20:49:49.612+0200] {processor.py:186} INFO - Started process (PID=87153) to work on /Users/swarnalidatta/Desktop/AutoQueryChatbot/.airflow-venv/lib/python3.12/site-packages/airflow/example_dags/example_short_circuit_operator.py
[2026-09-17T20:49:49.613+0200] {processor.py:914} INFO - Processing file /Users/swarnalidatta/Desktop/AutoQueryChatbot/.airflow-venv/lib/python3.12/site-packages/airflow/example_dags/example_short_circuit_operator.py for tasks to queue
[2026-09-17T20:49:49.613+0200] {logging_mixin.py:190} INFO - [2026-09-17T20:49:49.613+0200] {dagbag.py:588} INFO - Filling up the DagBag from /Users/swarnalidatta/Desktop/AutoQueryChatbot/.airflow-venv/lib/python3.12/site-packages/airflow/example_dags/example_short_circuit_operator.py
[2026-09-17T20:49:49.622+0200] {processor.py:925} INFO - DAG(s) 'example_short_circuit_operator' retrieved from /Users/swarnalidatta/Desktop/AutoQueryChatbot/.airflow-venv/lib/python3.12/site-packages/airflow/example_dags/example_short_circuit_operator.py
[2026-09-17T20:49:49.648+0200] {logging_mixin.py:190} INFO - [2026-09-17T20:49:49.648+0200] {dag.py:3239} INFO - Sync 1 DAGs
[2026-09-17T20:49:49.672+0200] {logging_mixin.py:190} INFO - [2026-09-17T20:49:49.672+0200] {dag.py:4180} INFO - Setting next_dagrun for example_short_circuit_operator to None, run_after=None
[2026-09-17T20:49:49.677+0200] {processor.py:208} INFO - Processing /Users/swarnalidatta/Desktop/AutoQueryChatbot/.airflow-venv/lib/python3.12/site-packages/airflow/example_dags/example_short_circuit_operator.py took 0.065 seconds
[2026-09-17T20:52:00.934+0200] {processor.py:186} INFO - Started process (PID=87452) to work on /Users/swarnalidatta/Desktop/AutoQueryChatbot/.airflow-venv/lib/python3.12/site-packages/airflow/example_dags/example_short_circuit_operator.py
[2026-09-17T20:52:00.935+0200] {processor.py:914} INFO - Processing file /Users/swarnalidatta/Desktop/AutoQueryChatbot/.airflow-venv/lib/python3.12/site-packages/airflow/example_dags/example_short_circuit_operator.py for tasks to queue
[2026-09-17T20:52:00.935+0200] {logging_mixin.py:190} INFO - [2026-09-17T20:52:00.935+0200] {dagbag.py:588} INFO - Filling up the DagBag from /Users/swarnalidatta/Desktop/AutoQueryChatbot/.airflow-venv/lib/python3.12/site-packages/airflow/example_dags/example_short_circuit_operator.py
[2026-09-17T20:52:00.944+0200] {processor.py:925} INFO - DAG(s) 'example_short_circuit_operator' retrieved from /Users/swarnalidatta/Desktop/AutoQueryChatbot/.airflow-venv/lib/python3.12/site-packages/airflow/example_dags/example_short_circuit_operator.py
[2026-09-17T20:52:00.970+0200] {logging_mixin.py:190} INFO - [2026-09-17T20:52:00.970+0200] {dag.py:3239} INFO - Sync 1 DAGs
[2026-09-17T20:52:00.993+0200] {logging_mixin.py:190} INFO - [2026-09-17T20:52:00.993+0200] {dag.py:4180} INFO - Setting next_dagrun for example_short_circuit_operator to None, run_after=None
[2026-09-17T20:52:00.999+0200] {processor.py:208} INFO - Processing /Users/swarnalidatta/Desktop/AutoQueryChatbot/.airflow-venv/lib/python3.12/site-packages/airflow/example_dags/example_short_circuit_operator.py took 0.065 seconds
[2026-09-17T20:54:08.855+0200] {processor.py:186} INFO - Started process (PID=87745) to work on /Users/swarnalidatta/Desktop/AutoQueryChatbot/.airflow-venv/lib/python3.12/site-packages/airflow/example_dags/example_short_circuit_operator.py
[2026-09-17T20:54:08.855+0200] {processor.py:914} INFO - Processing file /Users/swarnalidatta/Desktop/AutoQueryChatbot/.airflow-venv/lib/python3.12/site-packages/airflow/example_dags/example_short_circuit_operator.py for tasks to queue
[2026-09-17T20:54:08.855+0200] {logging_mixin.py:190} INFO - [2026-09-17T20:54:08.855+0200] {dagbag.py:588} INFO - Filling up the DagBag from /Users/swarnalidatta/Desktop/AutoQueryChatbot/.airflow-venv/lib/python3.12/site-packages/airflow/example_dags/example_short_circuit_operator.py
[2026-09-17T20:54:08.864+0200] {processor.py:925} INFO - DAG(s) 'example_short_circuit_operator' retrieved from /Users/swarnalidatta/Desktop/AutoQueryChatbot/.airflow-venv/lib/python3.12/site-packages/airflow/example_dags/example_short_circuit_operator.py
[2026-09-17T20:54:08.892+0200] {logging_mixin.py:190} INFO - [2026-09-17T20:54:08.891+0200] {dag.py:3239} INFO - Sync 1 DAGs
[2026-09-17T20:54:08.916+0200] {logging_mixin.py:190} INFO - [2026-09-17T20:54:08.915+0200] {dag.py:4180} INFO - Setting next_dagrun for example_short_circuit_operator to None, run_after=None
[2026-09-17T20:54:08.921+0200] {processor.py:208} INFO - Processing /Users/swarnalidatta/Desktop/AutoQueryChatbot/.airflow-venv/lib/python3.12/site-packages/airflow/example_dags/example_short_circuit_operator.py took 0.067 seconds
[2026-09-17T20:56:25.777+0200] {processor.py:186} INFO - Started process (PID=88059) to work on /Users/swarnalidatta/Desktop/AutoQueryChatbot/.airflow-venv/lib/python3.12/site-packages/airflow/example_dags/example_short_circuit_operator.py
[2026-09-17T20:56:25.777+0200] {processor.py:914} INFO - Processing file /Users/swarnalidatta/Desktop/AutoQueryChatbot/.airflow-venv/lib/python3.12/site-packages/airflow/example_dags/example_short_circuit_operator.py for tasks to queue
[2026-09-17T20:56:25.777+0200] {logging_mixin.py:190} INFO - [2026-09-17T20:56:25.777+0200] {dagbag.py:588} INFO - Filling up the DagBag from /Users/swarnalidatta/Desktop/AutoQueryChatbot/.airflow-venv/lib/python3.12/site-packages/airflow/example_dags/example_short_circuit_operator.py
[2026-09-17T20:56:25.786+0200] {processor.py:925} INFO - DAG(s) 'example_short_circuit_operator' retrieved from /Users/swarnalidatta/Desktop/AutoQueryChatbot/.airflow-venv/lib/python3.12/site-packages/airflow/example_dags/example_short_circuit_operator.py
[2026-09-17T20:56:25.813+0200] {logging_mixin.py:190} INFO - [2026-09-17T20:56:25.813+0200] {dag.py:3239} INFO - Sync 1 DAGs
[2026-09-17T20:56:25.836+0200] {logging_mixin.py:190} INFO - [2026-09-17T20:56:25.836+0200] {dag.py:4180} INFO - Setting next_dagrun for example_short_circuit_operator to None, run_after=None
[2026-09-17T20:56:25.841+0200] {processor.py:208} INFO - Processing /Users/swarnalidatta/Desktop/AutoQueryChatbot/.airflow-venv/lib/python3.12/site-packages/airflow/example_dags/example_short_circuit_operator.py took 0.066 seconds
[2026-09-17T20:58:37.752+0200] {processor.py:186} INFO - Started process (PID=88385) to work on /Users/swarnalidatta/Desktop/AutoQueryChatbot/.airflow-venv/lib/python3.12/site-packages/airflow/example_dags/example_short_circuit_operator.py
[2026-09-17T20:58:37.752+0200] {processor.py:914} INFO - Processing file /Users/swarnalidatta/Desktop/AutoQueryChatbot/.airflow-venv/lib/python3.12/site-packages/airflow/example_dags/example_short_circuit_operator.py for tasks to queue
[2026-09-17T20:58:37.753+0200] {logging_mixin.py:190} INFO - [2026-09-17T20:58:37.753+0200] {dagbag.py:588} INFO - Filling up the DagBag from /Users/swarnalidatta/Desktop/AutoQueryChatbot/.airflow-venv/lib/python3.12/site-packages/airflow/example_dags/example_short_circuit_operator.py
[2026-09-17T20:58:37.763+0200] {processor.py:925} INFO - DAG(s) 'example_short_circuit_operator' retrieved from /Users/swarnalidatta/Desktop/AutoQueryChatbot/.airflow-venv/lib/python3.12/site-packages/airflow/example_dags/example_short_circuit_operator.py
[2026-09-17T20:58:37.793+0200] {logging_mixin.py:190} INFO - [2026-09-17T20:58:37.793+0200] {dag.py:3239} INFO - Sync 1 DAGs
[2026-09-17T20:58:37.820+0200] {logging_mixin.py:190} INFO - [2026-09-17T20:58:37.820+0200] {dag.py:4180} INFO - Setting next_dagrun for example_short_circuit_operator to None, run_after=None
[2026-09-17T20:58:37.826+0200] {processor.py:208} INFO - Processing /Users/swarnalidatta/Desktop/AutoQueryChatbot/.airflow-venv/lib/python3.12/site-packages/airflow/example_dags/example_short_circuit_operator.py took 0.075 seconds
[2026-09-17T21:00:46.433+0200] {processor.py:186} INFO - Started process (PID=88705) to work on /Users/swarnalidatta/Desktop/AutoQueryChatbot/.airflow-venv/lib/python3.12/site-packages/airflow/example_dags/example_short_circuit_operator.py
[2026-09-17T21:00:46.434+0200] {processor.py:914} INFO - Processing file /Users/swarnalidatta/Desktop/AutoQueryChatbot/.airflow-venv/lib/python3.12/site-packages/airflow/example_dags/example_short_circuit_operator.py for tasks to queue
[2026-09-17T21:00:46.434+0200] {logging_mixin.py:190} INFO - [2026-09-17T21:00:46.434+0200] {dagbag.py:588} INFO - Filling up the DagBag from /Users/swarnalidatta/Desktop/AutoQueryChatbot/.airflow-venv/lib/python3.12/site-packages/airflow/example_dags/example_short_circuit_operator.py
[2026-09-17T21:00:46.443+0200] {processor.py:925} INFO - DAG(s) 'example_short_circuit_operator' retrieved from /Users/swarnalidatta/Desktop/AutoQueryChatbot/.airflow-venv/lib/python3.12/site-packages/airflow/example_dags/example_short_circuit_operator.py
[2026-09-17T21:00:46.470+0200] {logging_mixin.py:190} INFO - [2026-09-17T21:00:46.470+0200] {dag.py:3239} INFO - Sync 1 DAGs
[2026-09-17T21:00:46.494+0200] {logging_mixin.py:190} INFO - [2026-09-17T21:00:46.494+0200] {dag.py:4180} INFO - Setting next_dagrun for example_short_circuit_operator to None, run_after=None
[2026-09-17T21:00:46.499+0200] {processor.py:208} INFO - Processing /Users/swarnalidatta/Desktop/AutoQueryChatbot/.airflow-venv/lib/python3.12/site-packages/airflow/example_dags/example_short_circuit_operator.py took 0.067 seconds
[2026-09-17T21:02:51.106+0200] {processor.py:186} INFO - Started process (PID=89160) to work on /Users/swarnalidatta/Desktop/AutoQueryChatbot/.airflow-venv/lib/python3.12/site-packages/airflow/example_dags/example_short_circuit_operator.py
[2026-09-17T21:02:51.107+0200] {processor.py:914} INFO - Processing file /Users/swarnalidatta/Desktop/AutoQueryChatbot/.airflow-venv/lib/python3.12/site-packages/airflow/example_dags/example_short_circuit_operator.py for tasks to queue
[2026-09-17T21:02:51.107+0200] {logging_mixin.py:190} INFO - [2026-09-17T21:02:51.107+0200] {dagbag.py:588} INFO - Filling up the DagBag from /Users/swarnalidatta/Desktop/AutoQueryChatbot/.airflow-venv/lib/python3.12/site-packages/airflow/example_dags/example_short_circuit_operator.py
[2026-09-17T21:02:51.117+0200] {processor.py:925} INFO - DAG(s) 'example_short_circuit_operator' retrieved from /Users/swarnalidatta/Desktop/AutoQueryChatbot/.airflow-venv/lib/python3.12/site-packages/airflow/example_dags/example_short_circuit_operator.py
[2026-09-17T21:02:51.145+0200] {logging_mixin.py:190} INFO - [2026-09-17T21:02:51.145+0200] {dag.py:3239} INFO - Sync 1 DAGs
[2026-09-17T21:02:51.180+0200] {logging_mixin.py:190} INFO - [2026-09-17T21:02:51.180+0200] {dag.py:4180} INFO - Setting next_dagrun for example_short_circuit_operator to None, run_after=None
[2026-09-17T21:02:51.185+0200] {processor.py:208} INFO - Processing /Users/swarnalidatta/Desktop/AutoQueryChatbot/.airflow-venv/lib/python3.12/site-packages/airflow/example_dags/example_short_circuit_operator.py took 0.080 seconds
[2026-09-17T21:04:59.982+0200] {processor.py:186} INFO - Started process (PID=89482) to work on /Users/swarnalidatta/Desktop/AutoQueryChatbot/.airflow-venv/lib/python3.12/site-packages/airflow/example_dags/example_short_circuit_operator.py
[2026-09-17T21:04:59.982+0200] {processor.py:914} INFO - Processing file /Users/swarnalidatta/Desktop/AutoQueryChatbot/.airflow-venv/lib/python3.12/site-packages/airflow/example_dags/example_short_circuit_operator.py for tasks to queue
[2026-09-17T21:04:59.983+0200] {logging_mixin.py:190} INFO - [2026-09-17T21:04:59.983+0200] {dagbag.py:588} INFO - Filling up the DagBag from /Users/swarnalidatta/Desktop/AutoQueryChatbot/.airflow-venv/lib/python3.12/site-packages/airflow/example_dags/example_short_circuit_operator.py
[2026-09-17T21:04:59.992+0200] {processor.py:925} INFO - DAG(s) 'example_short_circuit_operator' retrieved from /Users/swarnalidatta/Desktop/AutoQueryChatbot/.airflow-venv/lib/python3.12/site-packages/airflow/example_dags/example_short_circuit_operator.py
[2026-09-17T21:05:00.019+0200] {logging_mixin.py:190} INFO - [2026-09-17T21:05:00.019+0200] {dag.py:3239} INFO - Sync 1 DAGs
[2026-09-17T21:05:00.042+0200] {logging_mixin.py:190} INFO - [2026-09-17T21:05:00.042+0200] {dag.py:4180} INFO - Setting next_dagrun for example_short_circuit_operator to None, run_after=None
[2026-09-17T21:05:00.048+0200] {processor.py:208} INFO - Processing /Users/swarnalidatta/Desktop/AutoQueryChatbot/.airflow-venv/lib/python3.12/site-packages/airflow/example_dags/example_short_circuit_operator.py took 0.067 seconds
[2026-09-17T21:07:16.142+0200] {processor.py:186} INFO - Started process (PID=89801) to work on /Users/swarnalidatta/Desktop/AutoQueryChatbot/.airflow-venv/lib/python3.12/site-packages/airflow/example_dags/example_short_circuit_operator.py
[2026-09-17T21:07:16.143+0200] {processor.py:914} INFO - Processing file /Users/swarnalidatta/Desktop/AutoQueryChatbot/.airflow-venv/lib/python3.12/site-packages/airflow/example_dags/example_short_circuit_operator.py for tasks to queue
[2026-09-17T21:07:16.143+0200] {logging_mixin.py:190} INFO - [2026-09-17T21:07:16.143+0200] {dagbag.py:588} INFO - Filling up the DagBag from /Users/swarnalidatta/Desktop/AutoQueryChatbot/.airflow-venv/lib/python3.12/site-packages/airflow/example_dags/example_short_circuit_operator.py
[2026-09-17T21:07:16.152+0200] {processor.py:925} INFO - DAG(s) 'example_short_circuit_operator' retrieved from /Users/swarnalidatta/Desktop/AutoQueryChatbot/.airflow-venv/lib/python3.12/site-packages/airflow/example_dags/example_short_circuit_operator.py
[2026-09-17T21:07:16.179+0200] {logging_mixin.py:190} INFO - [2026-09-17T21:07:16.179+0200] {dag.py:3239} INFO - Sync 1 DAGs
[2026-09-17T21:07:16.202+0200] {logging_mixin.py:190} INFO - [2026-09-17T21:07:16.202+0200] {dag.py:4180} INFO - Setting next_dagrun for example_short_circuit_operator to None, run_after=None
[2026-09-17T21:07:16.207+0200] {processor.py:208} INFO - Processing /Users/swarnalidatta/Desktop/AutoQueryChatbot/.airflow-venv/lib/python3.12/site-packages/airflow/example_dags/example_short_circuit_operator.py took 0.066 seconds
[2026-09-17T21:09:33.342+0200] {processor.py:186} INFO - Started process (PID=90112) to work on /Users/swarnalidatta/Desktop/AutoQueryChatbot/.airflow-venv/lib/python3.12/site-packages/airflow/example_dags/example_short_circuit_operator.py
[2026-09-17T21:09:33.342+0200] {processor.py:914} INFO - Processing file /Users/swarnalidatta/Desktop/AutoQueryChatbot/.airflow-venv/lib/python3.12/site-packages/airflow/example_dags/example_short_circuit_operator.py for tasks to queue
[2026-09-17T21:09:33.343+0200] {logging_mixin.py:190} INFO - [2026-09-17T21:09:33.343+0200] {dagbag.py:588} INFO - Filling up the DagBag from /Users/swarnalidatta/Desktop/AutoQueryChatbot/.airflow-venv/lib/python3.12/site-packages/airflow/example_dags/example_short_circuit_operator.py
[2026-09-17T21:09:33.352+0200] {processor.py:925} INFO - DAG(s) 'example_short_circuit_operator' retrieved from /Users/swarnalidatta/Desktop/AutoQueryChatbot/.airflow-venv/lib/python3.12/site-packages/airflow/example_dags/example_short_circuit_operator.py
[2026-09-17T21:09:33.379+0200] {logging_mixin.py:190} INFO - [2026-09-17T21:09:33.378+0200] {dag.py:3239} INFO - Sync 1 DAGs
[2026-09-17T21:09:33.402+0200] {logging_mixin.py:190} INFO - [2026-09-17T21:09:33.402+0200] {dag.py:4180} INFO - Setting next_dagrun for example_short_circuit_operator to None, run_after=None
[2026-09-17T21:09:33.407+0200] {processor.py:208} INFO - Processing /Users/swarnalidatta/Desktop/AutoQueryChatbot/.airflow-venv/lib/python3.12/site-packages/airflow/example_dags/example_short_circuit_operator.py took 0.066 seconds
[2026-09-17T21:11:53.707+0200] {processor.py:186} INFO - Started process (PID=90667) to work on /Users/swarnalidatta/Desktop/AutoQueryChatbot/.airflow-venv/lib/python3.12/site-packages/airflow/example_dags/example_short_circuit_operator.py
[2026-09-17T21:11:53.708+0200] {processor.py:914} INFO - Processing file /Users/swarnalidatta/Desktop/AutoQueryChatbot/.airflow-venv/lib/python3.12/site-packages/airflow/example_dags/example_short_circuit_operator.py for tasks to queue
[2026-09-17T21:11:53.708+0200] {logging_mixin.py:190} INFO - [2026-09-17T21:11:53.708+0200] {dagbag.py:588} INFO - Filling up the DagBag from /Users/swarnalidatta/Desktop/AutoQueryChatbot/.airflow-venv/lib/python3.12/site-packages/airflow/example_dags/example_short_circuit_operator.py
[2026-09-17T21:11:53.717+0200] {processor.py:925} INFO - DAG(s) 'example_short_circuit_operator' retrieved from /Users/swarnalidatta/Desktop/AutoQueryChatbot/.airflow-venv/lib/python3.12/site-packages/airflow/example_dags/example_short_circuit_operator.py
[2026-09-17T21:11:53.744+0200] {logging_mixin.py:190} INFO - [2026-09-17T21:11:53.744+0200] {dag.py:3239} INFO - Sync 1 DAGs
[2026-09-17T21:11:53.767+0200] {logging_mixin.py:190} INFO - [2026-09-17T21:11:53.767+0200] {dag.py:4180} INFO - Setting next_dagrun for example_short_circuit_operator to None, run_after=None
[2026-09-17T21:11:53.772+0200] {processor.py:208} INFO - Processing /Users/swarnalidatta/Desktop/AutoQueryChatbot/.airflow-venv/lib/python3.12/site-packages/airflow/example_dags/example_short_circuit_operator.py took 0.066 seconds
[2026-09-17T21:13:10.770+0200] {processor.py:186} INFO - Started process (PID=90865) to work on /Users/swarnalidatta/Desktop/AutoQueryChatbot/.airflow-venv/lib/python3.12/site-packages/airflow/example_dags/example_short_circuit_operator.py
[2026-09-17T21:13:10.770+0200] {processor.py:914} INFO - Processing file /Users/swarnalidatta/Desktop/AutoQueryChatbot/.airflow-venv/lib/python3.12/site-packages/airflow/example_dags/example_short_circuit_operator.py for tasks to queue
[2026-09-17T21:13:10.770+0200] {logging_mixin.py:190} INFO - [2026-09-17T21:13:10.770+0200] {dagbag.py:588} INFO - Filling up the DagBag from /Users/swarnalidatta/Desktop/AutoQueryChatbot/.airflow-venv/lib/python3.12/site-packages/airflow/example_dags/example_short_circuit_operator.py
[2026-09-17T21:13:10.780+0200] {processor.py:925} INFO - DAG(s) 'example_short_circuit_operator' retrieved from /Users/swarnalidatta/Desktop/AutoQueryChatbot/.airflow-venv/lib/python3.12/site-packages/airflow/example_dags/example_short_circuit_operator.py
[2026-09-17T21:13:10.807+0200] {logging_mixin.py:190} INFO - [2026-09-17T21:13:10.807+0200] {dag.py:3239} INFO - Sync 1 DAGs
[2026-09-17T21:13:10.831+0200] {logging_mixin.py:190} INFO - [2026-09-17T21:13:10.831+0200] {dag.py:4180} INFO - Setting next_dagrun for example_short_circuit_operator to None, run_after=None
[2026-09-17T21:13:10.836+0200] {processor.py:208} INFO - Processing /Users/swarnalidatta/Desktop/AutoQueryChatbot/.airflow-venv/lib/python3.12/site-packages/airflow/example_dags/example_short_circuit_operator.py took 0.067 seconds
[2026-09-17T21:15:43.045+0200] {processor.py:186} INFO - Started process (PID=91233) to work on /Users/swarnalidatta/Desktop/AutoQueryChatbot/.airflow-venv/lib/python3.12/site-packages/airflow/example_dags/example_short_circuit_operator.py
[2026-09-17T21:15:43.046+0200] {processor.py:914} INFO - Processing file /Users/swarnalidatta/Desktop/AutoQueryChatbot/.airflow-venv/lib/python3.12/site-packages/airflow/example_dags/example_short_circuit_operator.py for tasks to queue
[2026-09-17T21:15:43.046+0200] {logging_mixin.py:190} INFO - [2026-09-17T21:15:43.046+0200] {dagbag.py:588} INFO - Filling up the DagBag from /Users/swarnalidatta/Desktop/AutoQueryChatbot/.airflow-venv/lib/python3.12/site-packages/airflow/example_dags/example_short_circuit_operator.py
[2026-09-17T21:15:43.055+0200] {processor.py:925} INFO - DAG(s) 'example_short_circuit_operator' retrieved from /Users/swarnalidatta/Desktop/AutoQueryChatbot/.airflow-venv/lib/python3.12/site-packages/airflow/example_dags/example_short_circuit_operator.py
[2026-09-17T21:15:43.082+0200] {logging_mixin.py:190} INFO - [2026-09-17T21:15:43.082+0200] {dag.py:3239} INFO - Sync 1 DAGs
[2026-09-17T21:15:43.107+0200] {logging_mixin.py:190} INFO - [2026-09-17T21:15:43.107+0200] {dag.py:4180} INFO - Setting next_dagrun for example_short_circuit_operator to None, run_after=None
[2026-09-17T21:15:43.113+0200] {processor.py:208} INFO - Processing /Users/swarnalidatta/Desktop/AutoQueryChatbot/.airflow-venv/lib/python3.12/site-packages/airflow/example_dags/example_short_circuit_operator.py took 0.069 seconds
[2026-09-17T21:16:55.770+0200] {processor.py:186} INFO - Started process (PID=91427) to work on /Users/swarnalidatta/Desktop/AutoQueryChatbot/.airflow-venv/lib/python3.12/site-packages/airflow/example_dags/example_short_circuit_operator.py
[2026-09-17T21:16:55.770+0200] {processor.py:914} INFO - Processing file /Users/swarnalidatta/Desktop/AutoQueryChatbot/.airflow-venv/lib/python3.12/site-packages/airflow/example_dags/example_short_circuit_operator.py for tasks to queue
[2026-09-17T21:16:55.770+0200] {logging_mixin.py:190} INFO - [2026-09-17T21:16:55.770+0200] {dagbag.py:588} INFO - Filling up the DagBag from /Users/swarnalidatta/Desktop/AutoQueryChatbot/.airflow-venv/lib/python3.12/site-packages/airflow/example_dags/example_short_circuit_operator.py
[2026-09-17T21:16:55.779+0200] {processor.py:925} INFO - DAG(s) 'example_short_circuit_operator' retrieved from /Users/swarnalidatta/Desktop/AutoQueryChatbot/.airflow-venv/lib/python3.12/site-packages/airflow/example_dags/example_short_circuit_operator.py
[2026-09-17T21:16:55.806+0200] {logging_mixin.py:190} INFO - [2026-09-17T21:16:55.806+0200] {dag.py:3239} INFO - Sync 1 DAGs
[2026-09-17T21:16:55.830+0200] {logging_mixin.py:190} INFO - [2026-09-17T21:16:55.830+0200] {dag.py:4180} INFO - Setting next_dagrun for example_short_circuit_operator to None, run_after=None
[2026-09-17T21:16:55.835+0200] {processor.py:208} INFO - Processing /Users/swarnalidatta/Desktop/AutoQueryChatbot/.airflow-venv/lib/python3.12/site-packages/airflow/example_dags/example_short_circuit_operator.py took 0.066 seconds
[2026-09-17T21:18:09.660+0200] {processor.py:186} INFO - Started process (PID=91597) to work on /Users/swarnalidatta/Desktop/AutoQueryChatbot/.airflow-venv/lib/python3.12/site-packages/airflow/example_dags/example_short_circuit_operator.py
[2026-09-17T21:18:09.660+0200] {processor.py:914} INFO - Processing file /Users/swarnalidatta/Desktop/AutoQueryChatbot/.airflow-venv/lib/python3.12/site-packages/airflow/example_dags/example_short_circuit_operator.py for tasks to queue
[2026-09-17T21:18:09.661+0200] {logging_mixin.py:190} INFO - [2026-09-17T21:18:09.660+0200] {dagbag.py:588} INFO - Filling up the DagBag from /Users/swarnalidatta/Desktop/AutoQueryChatbot/.airflow-venv/lib/python3.12/site-packages/airflow/example_dags/example_short_circuit_operator.py
[2026-09-17T21:18:09.669+0200] {processor.py:925} INFO - DAG(s) 'example_short_circuit_operator' retrieved from /Users/swarnalidatta/Desktop/AutoQueryChatbot/.airflow-venv/lib/python3.12/site-packages/airflow/example_dags/example_short_circuit_operator.py
[2026-09-17T21:18:09.696+0200] {logging_mixin.py:190} INFO - [2026-09-17T21:18:09.696+0200] {dag.py:3239} INFO - Sync 1 DAGs
[2026-09-17T21:18:09.719+0200] {logging_mixin.py:190} INFO - [2026-09-17T21:18:09.719+0200] {dag.py:4180} INFO - Setting next_dagrun for example_short_circuit_operator to None, run_after=None
[2026-09-17T21:18:09.724+0200] {processor.py:208} INFO - Processing /Users/swarnalidatta/Desktop/AutoQueryChatbot/.airflow-venv/lib/python3.12/site-packages/airflow/example_dags/example_short_circuit_operator.py took 0.066 seconds
[2026-09-17T21:20:29.205+0200] {processor.py:186} INFO - Started process (PID=92132) to work on /Users/swarnalidatta/Desktop/AutoQueryChatbot/.airflow-venv/lib/python3.12/site-packages/airflow/example_dags/example_short_circuit_operator.py
[2026-09-17T21:20:29.205+0200] {processor.py:914} INFO - Processing file /Users/swarnalidatta/Desktop/AutoQueryChatbot/.airflow-venv/lib/python3.12/site-packages/airflow/example_dags/example_short_circuit_operator.py for tasks to queue
[2026-09-17T21:20:29.206+0200] {logging_mixin.py:190} INFO - [2026-09-17T21:20:29.206+0200] {dagbag.py:588} INFO - Filling up the DagBag from /Users/swarnalidatta/Desktop/AutoQueryChatbot/.airflow-venv/lib/python3.12/site-packages/airflow/example_dags/example_short_circuit_operator.py
[2026-09-17T21:20:29.215+0200] {processor.py:925} INFO - DAG(s) 'example_short_circuit_operator' retrieved from /Users/swarnalidatta/Desktop/AutoQueryChatbot/.airflow-venv/lib/python3.12/site-packages/airflow/example_dags/example_short_circuit_operator.py
[2026-09-17T21:20:29.243+0200] {logging_mixin.py:190} INFO - [2026-09-17T21:20:29.243+0200] {dag.py:3239} INFO - Sync 1 DAGs
[2026-09-17T21:20:29.268+0200] {logging_mixin.py:190} INFO - [2026-09-17T21:20:29.268+0200] {dag.py:4180} INFO - Setting next_dagrun for example_short_circuit_operator to None, run_after=None
[2026-09-17T21:20:29.274+0200] {processor.py:208} INFO - Processing /Users/swarnalidatta/Desktop/AutoQueryChatbot/.airflow-venv/lib/python3.12/site-packages/airflow/example_dags/example_short_circuit_operator.py took 0.070 seconds
[2026-09-17T21:22:38.406+0200] {processor.py:186} INFO - Started process (PID=92661) to work on /Users/swarnalidatta/Desktop/AutoQueryChatbot/.airflow-venv/lib/python3.12/site-packages/airflow/example_dags/example_short_circuit_operator.py
[2026-09-17T21:22:38.406+0200] {processor.py:914} INFO - Processing file /Users/swarnalidatta/Desktop/AutoQueryChatbot/.airflow-venv/lib/python3.12/site-packages/airflow/example_dags/example_short_circuit_operator.py for tasks to queue
[2026-09-17T21:22:38.406+0200] {logging_mixin.py:190} INFO - [2026-09-17T21:22:38.406+0200] {dagbag.py:588} INFO - Filling up the DagBag from /Users/swarnalidatta/Desktop/AutoQueryChatbot/.airflow-venv/lib/python3.12/site-packages/airflow/example_dags/example_short_circuit_operator.py
[2026-09-17T21:22:38.416+0200] {processor.py:925} INFO - DAG(s) 'example_short_circuit_operator' retrieved from /Users/swarnalidatta/Desktop/AutoQueryChatbot/.airflow-venv/lib/python3.12/site-packages/airflow/example_dags/example_short_circuit_operator.py
[2026-09-17T21:22:38.443+0200] {logging_mixin.py:190} INFO - [2026-09-17T21:22:38.443+0200] {dag.py:3239} INFO - Sync 1 DAGs
[2026-09-17T21:22:38.469+0200] {logging_mixin.py:190} INFO - [2026-09-17T21:22:38.469+0200] {dag.py:4180} INFO - Setting next_dagrun for example_short_circuit_operator to None, run_after=None
[2026-09-17T21:22:38.474+0200] {processor.py:208} INFO - Processing /Users/swarnalidatta/Desktop/AutoQueryChatbot/.airflow-venv/lib/python3.12/site-packages/airflow/example_dags/example_short_circuit_operator.py took 0.070 seconds
[2026-09-17T21:24:41.303+0200] {processor.py:186} INFO - Started process (PID=92950) to work on /Users/swarnalidatta/Desktop/AutoQueryChatbot/.airflow-venv/lib/python3.12/site-packages/airflow/example_dags/example_short_circuit_operator.py
[2026-09-17T21:24:41.303+0200] {processor.py:914} INFO - Processing file /Users/swarnalidatta/Desktop/AutoQueryChatbot/.airflow-venv/lib/python3.12/site-packages/airflow/example_dags/example_short_circuit_operator.py for tasks to queue
[2026-09-17T21:24:41.303+0200] {logging_mixin.py:190} INFO - [2026-09-17T21:24:41.303+0200] {dagbag.py:588} INFO - Filling up the DagBag from /Users/swarnalidatta/Desktop/AutoQueryChatbot/.airflow-venv/lib/python3.12/site-packages/airflow/example_dags/example_short_circuit_operator.py
[2026-09-17T21:24:41.313+0200] {processor.py:925} INFO - DAG(s) 'example_short_circuit_operator' retrieved from /Users/swarnalidatta/Desktop/AutoQueryChatbot/.airflow-venv/lib/python3.12/site-packages/airflow/example_dags/example_short_circuit_operator.py
[2026-09-17T21:24:41.342+0200] {logging_mixin.py:190} INFO - [2026-09-17T21:24:41.342+0200] {dag.py:3239} INFO - Sync 1 DAGs
[2026-09-17T21:24:41.377+0200] {logging_mixin.py:190} INFO - [2026-09-17T21:24:41.377+0200] {dag.py:4180} INFO - Setting next_dagrun for example_short_circuit_operator to None, run_after=None
[2026-09-17T21:24:41.382+0200] {processor.py:208} INFO - Processing /Users/swarnalidatta/Desktop/AutoQueryChatbot/.airflow-venv/lib/python3.12/site-packages/airflow/example_dags/example_short_circuit_operator.py took 0.081 seconds
[2026-09-17T21:26:54.994+0200] {processor.py:186} INFO - Started process (PID=93250) to work on /Users/swarnalidatta/Desktop/AutoQueryChatbot/.airflow-venv/lib/python3.12/site-packages/airflow/example_dags/example_short_circuit_operator.py
[2026-09-17T21:26:54.994+0200] {processor.py:914} INFO - Processing file /Users/swarnalidatta/Desktop/AutoQueryChatbot/.airflow-venv/lib/python3.12/site-packages/airflow/example_dags/example_short_circuit_operator.py for tasks to queue
[2026-09-17T21:26:54.995+0200] {logging_mixin.py:190} INFO - [2026-09-17T21:26:54.995+0200] {dagbag.py:588} INFO - Filling up the DagBag from /Users/swarnalidatta/Desktop/AutoQueryChatbot/.airflow-venv/lib/python3.12/site-packages/airflow/example_dags/example_short_circuit_operator.py
[2026-09-17T21:26:55.004+0200] {processor.py:925} INFO - DAG(s) 'example_short_circuit_operator' retrieved from /Users/swarnalidatta/Desktop/AutoQueryChatbot/.airflow-venv/lib/python3.12/site-packages/airflow/example_dags/example_short_circuit_operator.py
[2026-09-17T21:26:55.031+0200] {logging_mixin.py:190} INFO - [2026-09-17T21:26:55.030+0200] {dag.py:3239} INFO - Sync 1 DAGs
[2026-09-17T21:26:55.055+0200] {logging_mixin.py:190} INFO - [2026-09-17T21:26:55.055+0200] {dag.py:4180} INFO - Setting next_dagrun for example_short_circuit_operator to None, run_after=None
[2026-09-17T21:26:55.060+0200] {processor.py:208} INFO - Processing /Users/swarnalidatta/Desktop/AutoQueryChatbot/.airflow-venv/lib/python3.12/site-packages/airflow/example_dags/example_short_circuit_operator.py took 0.068 seconds
[2026-09-17T21:29:04.789+0200] {processor.py:186} INFO - Started process (PID=93560) to work on /Users/swarnalidatta/Desktop/AutoQueryChatbot/.airflow-venv/lib/python3.12/site-packages/airflow/example_dags/example_short_circuit_operator.py
[2026-09-17T21:29:04.790+0200] {processor.py:914} INFO - Processing file /Users/swarnalidatta/Desktop/AutoQueryChatbot/.airflow-venv/lib/python3.12/site-packages/airflow/example_dags/example_short_circuit_operator.py for tasks to queue
[2026-09-17T21:29:04.790+0200] {logging_mixin.py:190} INFO - [2026-09-17T21:29:04.790+0200] {dagbag.py:588} INFO - Filling up the DagBag from /Users/swarnalidatta/Desktop/AutoQueryChatbot/.airflow-venv/lib/python3.12/site-packages/airflow/example_dags/example_short_circuit_operator.py
[2026-09-17T21:29:04.799+0200] {processor.py:925} INFO - DAG(s) 'example_short_circuit_operator' retrieved from /Users/swarnalidatta/Desktop/AutoQueryChatbot/.airflow-venv/lib/python3.12/site-packages/airflow/example_dags/example_short_circuit_operator.py
[2026-09-17T21:29:04.826+0200] {logging_mixin.py:190} INFO - [2026-09-17T21:29:04.826+0200] {dag.py:3239} INFO - Sync 1 DAGs
[2026-09-17T21:29:04.850+0200] {logging_mixin.py:190} INFO - [2026-09-17T21:29:04.850+0200] {dag.py:4180} INFO - Setting next_dagrun for example_short_circuit_operator to None, run_after=None
[2026-09-17T21:29:04.855+0200] {processor.py:208} INFO - Processing /Users/swarnalidatta/Desktop/AutoQueryChatbot/.airflow-venv/lib/python3.12/site-packages/airflow/example_dags/example_short_circuit_operator.py took 0.067 seconds
[2026-09-17T21:31:16.518+0200] {processor.py:186} INFO - Started process (PID=93860) to work on /Users/swarnalidatta/Desktop/AutoQueryChatbot/.airflow-venv/lib/python3.12/site-packages/airflow/example_dags/example_short_circuit_operator.py
[2026-09-17T21:31:16.518+0200] {processor.py:914} INFO - Processing file /Users/swarnalidatta/Desktop/AutoQueryChatbot/.airflow-venv/lib/python3.12/site-packages/airflow/example_dags/example_short_circuit_operator.py for tasks to queue
[2026-09-17T21:31:16.519+0200] {logging_mixin.py:190} INFO - [2026-09-17T21:31:16.519+0200] {dagbag.py:588} INFO - Filling up the DagBag from /Users/swarnalidatta/Desktop/AutoQueryChatbot/.airflow-venv/lib/python3.12/site-packages/airflow/example_dags/example_short_circuit_operator.py
[2026-09-17T21:31:16.528+0200] {processor.py:925} INFO - DAG(s) 'example_short_circuit_operator' retrieved from /Users/swarnalidatta/Desktop/AutoQueryChatbot/.airflow-venv/lib/python3.12/site-packages/airflow/example_dags/example_short_circuit_operator.py
[2026-09-17T21:31:16.555+0200] {logging_mixin.py:190} INFO - [2026-09-17T21:31:16.555+0200] {dag.py:3239} INFO - Sync 1 DAGs
[2026-09-17T21:31:16.580+0200] {logging_mixin.py:190} INFO - [2026-09-17T21:31:16.580+0200] {dag.py:4180} INFO - Setting next_dagrun for example_short_circuit_operator to None, run_after=None
[2026-09-17T21:31:16.586+0200] {processor.py:208} INFO - Processing /Users/swarnalidatta/Desktop/AutoQueryChatbot/.airflow-venv/lib/python3.12/site-packages/airflow/example_dags/example_short_circuit_operator.py took 0.069 seconds
[2026-09-17T21:33:27.042+0200] {processor.py:186} INFO - Started process (PID=94181) to work on /Users/swarnalidatta/Desktop/AutoQueryChatbot/.airflow-venv/lib/python3.12/site-packages/airflow/example_dags/example_short_circuit_operator.py
[2026-09-17T21:33:27.042+0200] {processor.py:914} INFO - Processing file /Users/swarnalidatta/Desktop/AutoQueryChatbot/.airflow-venv/lib/python3.12/site-packages/airflow/example_dags/example_short_circuit_operator.py for tasks to queue
[2026-09-17T21:33:27.043+0200] {logging_mixin.py:190} INFO - [2026-09-17T21:33:27.043+0200] {dagbag.py:588} INFO - Filling up the DagBag from /Users/swarnalidatta/Desktop/AutoQueryChatbot/.airflow-venv/lib/python3.12/site-packages/airflow/example_dags/example_short_circuit_operator.py
[2026-09-17T21:33:27.052+0200] {processor.py:925} INFO - DAG(s) 'example_short_circuit_operator' retrieved from /Users/swarnalidatta/Desktop/AutoQueryChatbot/.airflow-venv/lib/python3.12/site-packages/airflow/example_dags/example_short_circuit_operator.py
[2026-09-17T21:33:27.079+0200] {logging_mixin.py:190} INFO - [2026-09-17T21:33:27.079+0200] {dag.py:3239} INFO - Sync 1 DAGs
[2026-09-17T21:33:27.103+0200] {logging_mixin.py:190} INFO - [2026-09-17T21:33:27.103+0200] {dag.py:4180} INFO - Setting next_dagrun for example_short_circuit_operator to None, run_after=None
[2026-09-17T21:33:27.109+0200] {processor.py:208} INFO - Processing /Users/swarnalidatta/Desktop/AutoQueryChatbot/.airflow-venv/lib/python3.12/site-packages/airflow/example_dags/example_short_circuit_operator.py took 0.068 seconds
[2026-09-17T21:35:37.238+0200] {processor.py:186} INFO - Started process (PID=94484) to work on /Users/swarnalidatta/Desktop/AutoQueryChatbot/.airflow-venv/lib/python3.12/site-packages/airflow/example_dags/example_short_circuit_operator.py
[2026-09-17T21:35:37.239+0200] {processor.py:914} INFO - Processing file /Users/swarnalidatta/Desktop/AutoQueryChatbot/.airflow-venv/lib/python3.12/site-packages/airflow/example_dags/example_short_circuit_operator.py for tasks to queue
[2026-09-17T21:35:37.239+0200] {logging_mixin.py:190} INFO - [2026-09-17T21:35:37.239+0200] {dagbag.py:588} INFO - Filling up the DagBag from /Users/swarnalidatta/Desktop/AutoQueryChatbot/.airflow-venv/lib/python3.12/site-packages/airflow/example_dags/example_short_circuit_operator.py
[2026-09-17T21:35:37.248+0200] {processor.py:925} INFO - DAG(s) 'example_short_circuit_operator' retrieved from /Users/swarnalidatta/Desktop/AutoQueryChatbot/.airflow-venv/lib/python3.12/site-packages/airflow/example_dags/example_short_circuit_operator.py
[2026-09-17T21:35:37.275+0200] {logging_mixin.py:190} INFO - [2026-09-17T21:35:37.275+0200] {dag.py:3239} INFO - Sync 1 DAGs
[2026-09-17T21:35:37.299+0200] {logging_mixin.py:190} INFO - [2026-09-17T21:35:37.299+0200] {dag.py:4180} INFO - Setting next_dagrun for example_short_circuit_operator to None, run_after=None
[2026-09-17T21:35:37.304+0200] {processor.py:208} INFO - Processing /Users/swarnalidatta/Desktop/AutoQueryChatbot/.airflow-venv/lib/python3.12/site-packages/airflow/example_dags/example_short_circuit_operator.py took 0.067 seconds
[2026-09-17T21:37:46.224+0200] {processor.py:186} INFO - Started process (PID=94774) to work on /Users/swarnalidatta/Desktop/AutoQueryChatbot/.airflow-venv/lib/python3.12/site-packages/airflow/example_dags/example_short_circuit_operator.py
[2026-09-17T21:37:46.225+0200] {processor.py:914} INFO - Processing file /Users/swarnalidatta/Desktop/AutoQueryChatbot/.airflow-venv/lib/python3.12/site-packages/airflow/example_dags/example_short_circuit_operator.py for tasks to queue
[2026-09-17T21:37:46.225+0200] {logging_mixin.py:190} INFO - [2026-09-17T21:37:46.225+0200] {dagbag.py:588} INFO - Filling up the DagBag from /Users/swarnalidatta/Desktop/AutoQueryChatbot/.airflow-venv/lib/python3.12/site-packages/airflow/example_dags/example_short_circuit_operator.py
[2026-09-17T21:37:46.234+0200] {processor.py:925} INFO - DAG(s) 'example_short_circuit_operator' retrieved from /Users/swarnalidatta/Desktop/AutoQueryChatbot/.airflow-venv/lib/python3.12/site-packages/airflow/example_dags/example_short_circuit_operator.py
[2026-09-17T21:37:46.261+0200] {logging_mixin.py:190} INFO - [2026-09-17T21:37:46.261+0200] {dag.py:3239} INFO - Sync 1 DAGs
[2026-09-17T21:37:46.285+0200] {logging_mixin.py:190} INFO - [2026-09-17T21:37:46.285+0200] {dag.py:4180} INFO - Setting next_dagrun for example_short_circuit_operator to None, run_after=None
[2026-09-17T21:37:46.290+0200] {processor.py:208} INFO - Processing /Users/swarnalidatta/Desktop/AutoQueryChatbot/.airflow-venv/lib/python3.12/site-packages/airflow/example_dags/example_short_circuit_operator.py took 0.067 seconds
[2026-09-17T21:49:05.650+0200] {processor.py:186} INFO - Started process (PID=95079) to work on /Users/swarnalidatta/Desktop/AutoQueryChatbot/.airflow-venv/lib/python3.12/site-packages/airflow/example_dags/example_short_circuit_operator.py
[2026-09-17T21:49:05.651+0200] {processor.py:914} INFO - Processing file /Users/swarnalidatta/Desktop/AutoQueryChatbot/.airflow-venv/lib/python3.12/site-packages/airflow/example_dags/example_short_circuit_operator.py for tasks to queue
[2026-09-17T21:49:05.651+0200] {logging_mixin.py:190} INFO - [2026-09-17T21:49:05.651+0200] {dagbag.py:588} INFO - Filling up the DagBag from /Users/swarnalidatta/Desktop/AutoQueryChatbot/.airflow-venv/lib/python3.12/site-packages/airflow/example_dags/example_short_circuit_operator.py
[2026-09-17T21:49:05.660+0200] {processor.py:925} INFO - DAG(s) 'example_short_circuit_operator' retrieved from /Users/swarnalidatta/Desktop/AutoQueryChatbot/.airflow-venv/lib/python3.12/site-packages/airflow/example_dags/example_short_circuit_operator.py
[2026-09-17T21:49:05.686+0200] {logging_mixin.py:190} INFO - [2026-09-17T21:49:05.686+0200] {dag.py:3239} INFO - Sync 1 DAGs
[2026-09-17T21:49:05.710+0200] {logging_mixin.py:190} INFO - [2026-09-17T21:49:05.710+0200] {dag.py:4180} INFO - Setting next_dagrun for example_short_circuit_operator to None, run_after=None
[2026-09-17T21:49:05.715+0200] {processor.py:208} INFO - Processing /Users/swarnalidatta/Desktop/AutoQueryChatbot/.airflow-venv/lib/python3.12/site-packages/airflow/example_dags/example_short_circuit_operator.py took 0.066 seconds
[2026-09-17T21:51:15.875+0200] {processor.py:186} INFO - Started process (PID=95377) to work on /Users/swarnalidatta/Desktop/AutoQueryChatbot/.airflow-venv/lib/python3.12/site-packages/airflow/example_dags/example_short_circuit_operator.py
[2026-09-17T21:51:15.875+0200] {processor.py:914} INFO - Processing file /Users/swarnalidatta/Desktop/AutoQueryChatbot/.airflow-venv/lib/python3.12/site-packages/airflow/example_dags/example_short_circuit_operator.py for tasks to queue
[2026-09-17T21:51:15.876+0200] {logging_mixin.py:190} INFO - [2026-09-17T21:51:15.876+0200] {dagbag.py:588} INFO - Filling up the DagBag from /Users/swarnalidatta/Desktop/AutoQueryChatbot/.airflow-venv/lib/python3.12/site-packages/airflow/example_dags/example_short_circuit_operator.py
[2026-09-17T21:51:15.885+0200] {processor.py:925} INFO - DAG(s) 'example_short_circuit_operator' retrieved from /Users/swarnalidatta/Desktop/AutoQueryChatbot/.airflow-venv/lib/python3.12/site-packages/airflow/example_dags/example_short_circuit_operator.py
[2026-09-17T21:51:15.911+0200] {logging_mixin.py:190} INFO - [2026-09-17T21:51:15.911+0200] {dag.py:3239} INFO - Sync 1 DAGs
[2026-09-17T21:51:15.934+0200] {logging_mixin.py:190} INFO - [2026-09-17T21:51:15.934+0200] {dag.py:4180} INFO - Setting next_dagrun for example_short_circuit_operator to None, run_after=None
[2026-09-17T21:51:15.940+0200] {processor.py:208} INFO - Processing /Users/swarnalidatta/Desktop/AutoQueryChatbot/.airflow-venv/lib/python3.12/site-packages/airflow/example_dags/example_short_circuit_operator.py took 0.066 seconds
[2026-09-17T21:53:23.052+0200] {processor.py:186} INFO - Started process (PID=95667) to work on /Users/swarnalidatta/Desktop/AutoQueryChatbot/.airflow-venv/lib/python3.12/site-packages/airflow/example_dags/example_short_circuit_operator.py
[2026-09-17T21:53:23.052+0200] {processor.py:914} INFO - Processing file /Users/swarnalidatta/Desktop/AutoQueryChatbot/.airflow-venv/lib/python3.12/site-packages/airflow/example_dags/example_short_circuit_operator.py for tasks to queue
[2026-09-17T21:53:23.053+0200] {logging_mixin.py:190} INFO - [2026-09-17T21:53:23.052+0200] {dagbag.py:588} INFO - Filling up the DagBag from /Users/swarnalidatta/Desktop/AutoQueryChatbot/.airflow-venv/lib/python3.12/site-packages/airflow/example_dags/example_short_circuit_operator.py
[2026-09-17T21:53:23.062+0200] {processor.py:925} INFO - DAG(s) 'example_short_circuit_operator' retrieved from /Users/swarnalidatta/Desktop/AutoQueryChatbot/.airflow-venv/lib/python3.12/site-packages/airflow/example_dags/example_short_circuit_operator.py
[2026-09-17T21:53:23.088+0200] {logging_mixin.py:190} INFO - [2026-09-17T21:53:23.088+0200] {dag.py:3239} INFO - Sync 1 DAGs
[2026-09-17T21:53:23.112+0200] {logging_mixin.py:190} INFO - [2026-09-17T21:53:23.112+0200] {dag.py:4180} INFO - Setting next_dagrun for example_short_circuit_operator to None, run_after=None
[2026-09-17T21:53:23.117+0200] {processor.py:208} INFO - Processing /Users/swarnalidatta/Desktop/AutoQueryChatbot/.airflow-venv/lib/python3.12/site-packages/airflow/example_dags/example_short_circuit_operator.py took 0.066 seconds
[2026-09-17T21:55:31.081+0200] {processor.py:186} INFO - Started process (PID=95960) to work on /Users/swarnalidatta/Desktop/AutoQueryChatbot/.airflow-venv/lib/python3.12/site-packages/airflow/example_dags/example_short_circuit_operator.py
[2026-09-17T21:55:31.082+0200] {processor.py:914} INFO - Processing file /Users/swarnalidatta/Desktop/AutoQueryChatbot/.airflow-venv/lib/python3.12/site-packages/airflow/example_dags/example_short_circuit_operator.py for tasks to queue
[2026-09-17T21:55:31.082+0200] {logging_mixin.py:190} INFO - [2026-09-17T21:55:31.082+0200] {dagbag.py:588} INFO - Filling up the DagBag from /Users/swarnalidatta/Desktop/AutoQueryChatbot/.airflow-venv/lib/python3.12/site-packages/airflow/example_dags/example_short_circuit_operator.py
[2026-09-17T21:55:31.091+0200] {processor.py:925} INFO - DAG(s) 'example_short_circuit_operator' retrieved from /Users/swarnalidatta/Desktop/AutoQueryChatbot/.airflow-venv/lib/python3.12/site-packages/airflow/example_dags/example_short_circuit_operator.py
[2026-09-17T21:55:31.119+0200] {logging_mixin.py:190} INFO - [2026-09-17T21:55:31.119+0200] {dag.py:3239} INFO - Sync 1 DAGs
[2026-09-17T21:55:31.144+0200] {logging_mixin.py:190} INFO - [2026-09-17T21:55:31.144+0200] {dag.py:4180} INFO - Setting next_dagrun for example_short_circuit_operator to None, run_after=None
[2026-09-17T21:55:31.150+0200] {processor.py:208} INFO - Processing /Users/swarnalidatta/Desktop/AutoQueryChatbot/.airflow-venv/lib/python3.12/site-packages/airflow/example_dags/example_short_circuit_operator.py took 0.070 seconds
[2026-09-17T21:57:41.217+0200] {processor.py:186} INFO - Started process (PID=96254) to work on /Users/swarnalidatta/Desktop/AutoQueryChatbot/.airflow-venv/lib/python3.12/site-packages/airflow/example_dags/example_short_circuit_operator.py
[2026-09-17T21:57:41.217+0200] {processor.py:914} INFO - Processing file /Users/swarnalidatta/Desktop/AutoQueryChatbot/.airflow-venv/lib/python3.12/site-packages/airflow/example_dags/example_short_circuit_operator.py for tasks to queue
[2026-09-17T21:57:41.218+0200] {logging_mixin.py:190} INFO - [2026-09-17T21:57:41.218+0200] {dagbag.py:588} INFO - Filling up the DagBag from /Users/swarnalidatta/Desktop/AutoQueryChatbot/.airflow-venv/lib/python3.12/site-packages/airflow/example_dags/example_short_circuit_operator.py
[2026-09-17T21:57:41.227+0200] {processor.py:925} INFO - DAG(s) 'example_short_circuit_operator' retrieved from /Users/swarnalidatta/Desktop/AutoQueryChatbot/.airflow-venv/lib/python3.12/site-packages/airflow/example_dags/example_short_circuit_operator.py
[2026-09-17T21:57:41.253+0200] {logging_mixin.py:190} INFO - [2026-09-17T21:57:41.253+0200] {dag.py:3239} INFO - Sync 1 DAGs
[2026-09-17T21:57:41.277+0200] {logging_mixin.py:190} INFO - [2026-09-17T21:57:41.277+0200] {dag.py:4180} INFO - Setting next_dagrun for example_short_circuit_operator to None, run_after=None
[2026-09-17T21:57:41.282+0200] {processor.py:208} INFO - Processing /Users/swarnalidatta/Desktop/AutoQueryChatbot/.airflow-venv/lib/python3.12/site-packages/airflow/example_dags/example_short_circuit_operator.py took 0.066 seconds
[2026-09-17T21:59:50.640+0200] {processor.py:186} INFO - Started process (PID=96544) to work on /Users/swarnalidatta/Desktop/AutoQueryChatbot/.airflow-venv/lib/python3.12/site-packages/airflow/example_dags/example_short_circuit_operator.py
[2026-09-17T21:59:50.640+0200] {processor.py:914} INFO - Processing file /Users/swarnalidatta/Desktop/AutoQueryChatbot/.airflow-venv/lib/python3.12/site-packages/airflow/example_dags/example_short_circuit_operator.py for tasks to queue
[2026-09-17T21:59:50.641+0200] {logging_mixin.py:190} INFO - [2026-09-17T21:59:50.640+0200] {dagbag.py:588} INFO - Filling up the DagBag from /Users/swarnalidatta/Desktop/AutoQueryChatbot/.airflow-venv/lib/python3.12/site-packages/airflow/example_dags/example_short_circuit_operator.py
[2026-09-17T21:59:50.650+0200] {processor.py:925} INFO - DAG(s) 'example_short_circuit_operator' retrieved from /Users/swarnalidatta/Desktop/AutoQueryChatbot/.airflow-venv/lib/python3.12/site-packages/airflow/example_dags/example_short_circuit_operator.py
[2026-09-17T21:59:50.677+0200] {logging_mixin.py:190} INFO - [2026-09-17T21:59:50.677+0200] {dag.py:3239} INFO - Sync 1 DAGs
[2026-09-17T21:59:50.701+0200] {logging_mixin.py:190} INFO - [2026-09-17T21:59:50.701+0200] {dag.py:4180} INFO - Setting next_dagrun for example_short_circuit_operator to None, run_after=None
[2026-09-17T21:59:50.706+0200] {processor.py:208} INFO - Processing /Users/swarnalidatta/Desktop/AutoQueryChatbot/.airflow-venv/lib/python3.12/site-packages/airflow/example_dags/example_short_circuit_operator.py took 0.068 seconds
[2026-09-17T22:36:37.146+0200] {processor.py:186} INFO - Started process (PID=96973) to work on /Users/swarnalidatta/Desktop/AutoQueryChatbot/.airflow-venv/lib/python3.12/site-packages/airflow/example_dags/example_short_circuit_operator.py
[2026-09-17T22:36:37.147+0200] {processor.py:914} INFO - Processing file /Users/swarnalidatta/Desktop/AutoQueryChatbot/.airflow-venv/lib/python3.12/site-packages/airflow/example_dags/example_short_circuit_operator.py for tasks to queue
[2026-09-17T22:36:37.147+0200] {logging_mixin.py:190} INFO - [2026-09-17T22:36:37.147+0200] {dagbag.py:588} INFO - Filling up the DagBag from /Users/swarnalidatta/Desktop/AutoQueryChatbot/.airflow-venv/lib/python3.12/site-packages/airflow/example_dags/example_short_circuit_operator.py
[2026-09-17T22:36:37.158+0200] {processor.py:925} INFO - DAG(s) 'example_short_circuit_operator' retrieved from /Users/swarnalidatta/Desktop/AutoQueryChatbot/.airflow-venv/lib/python3.12/site-packages/airflow/example_dags/example_short_circuit_operator.py
[2026-09-17T22:36:37.186+0200] {logging_mixin.py:190} INFO - [2026-09-17T22:36:37.186+0200] {dag.py:3239} INFO - Sync 1 DAGs
[2026-09-17T22:36:37.216+0200] {logging_mixin.py:190} INFO - [2026-09-17T22:36:37.216+0200] {dag.py:4180} INFO - Setting next_dagrun for example_short_circuit_operator to None, run_after=None
[2026-09-17T22:36:37.222+0200] {processor.py:208} INFO - Processing /Users/swarnalidatta/Desktop/AutoQueryChatbot/.airflow-venv/lib/python3.12/site-packages/airflow/example_dags/example_short_circuit_operator.py took 0.077 seconds
[2026-09-17T22:38:49.959+0200] {processor.py:186} INFO - Started process (PID=97295) to work on /Users/swarnalidatta/Desktop/AutoQueryChatbot/.airflow-venv/lib/python3.12/site-packages/airflow/example_dags/example_short_circuit_operator.py
[2026-09-17T22:38:49.959+0200] {processor.py:914} INFO - Processing file /Users/swarnalidatta/Desktop/AutoQueryChatbot/.airflow-venv/lib/python3.12/site-packages/airflow/example_dags/example_short_circuit_operator.py for tasks to queue
[2026-09-17T22:38:49.959+0200] {logging_mixin.py:190} INFO - [2026-09-17T22:38:49.959+0200] {dagbag.py:588} INFO - Filling up the DagBag from /Users/swarnalidatta/Desktop/AutoQueryChatbot/.airflow-venv/lib/python3.12/site-packages/airflow/example_dags/example_short_circuit_operator.py
[2026-09-17T22:38:49.968+0200] {processor.py:925} INFO - DAG(s) 'example_short_circuit_operator' retrieved from /Users/swarnalidatta/Desktop/AutoQueryChatbot/.airflow-venv/lib/python3.12/site-packages/airflow/example_dags/example_short_circuit_operator.py
[2026-09-17T22:38:49.995+0200] {logging_mixin.py:190} INFO - [2026-09-17T22:38:49.995+0200] {dag.py:3239} INFO - Sync 1 DAGs
[2026-09-17T22:38:50.018+0200] {logging_mixin.py:190} INFO - [2026-09-17T22:38:50.018+0200] {dag.py:4180} INFO - Setting next_dagrun for example_short_circuit_operator to None, run_after=None
[2026-09-17T22:38:50.023+0200] {processor.py:208} INFO - Processing /Users/swarnalidatta/Desktop/AutoQueryChatbot/.airflow-venv/lib/python3.12/site-packages/airflow/example_dags/example_short_circuit_operator.py took 0.066 seconds
[2026-09-17T22:40:01.062+0200] {processor.py:186} INFO - Started process (PID=97454) to work on /Users/swarnalidatta/Desktop/AutoQueryChatbot/.airflow-venv/lib/python3.12/site-packages/airflow/example_dags/example_short_circuit_operator.py
[2026-09-17T22:40:01.063+0200] {processor.py:914} INFO - Processing file /Users/swarnalidatta/Desktop/AutoQueryChatbot/.airflow-venv/lib/python3.12/site-packages/airflow/example_dags/example_short_circuit_operator.py for tasks to queue
[2026-09-17T22:40:01.063+0200] {logging_mixin.py:190} INFO - [2026-09-17T22:40:01.063+0200] {dagbag.py:588} INFO - Filling up the DagBag from /Users/swarnalidatta/Desktop/AutoQueryChatbot/.airflow-venv/lib/python3.12/site-packages/airflow/example_dags/example_short_circuit_operator.py
[2026-09-17T22:40:01.072+0200] {processor.py:925} INFO - DAG(s) 'example_short_circuit_operator' retrieved from /Users/swarnalidatta/Desktop/AutoQueryChatbot/.airflow-venv/lib/python3.12/site-packages/airflow/example_dags/example_short_circuit_operator.py
[2026-09-17T22:40:01.098+0200] {logging_mixin.py:190} INFO - [2026-09-17T22:40:01.098+0200] {dag.py:3239} INFO - Sync 1 DAGs
[2026-09-17T22:40:01.121+0200] {logging_mixin.py:190} INFO - [2026-09-17T22:40:01.121+0200] {dag.py:4180} INFO - Setting next_dagrun for example_short_circuit_operator to None, run_after=None
[2026-09-17T22:40:01.126+0200] {processor.py:208} INFO - Processing /Users/swarnalidatta/Desktop/AutoQueryChatbot/.airflow-venv/lib/python3.12/site-packages/airflow/example_dags/example_short_circuit_operator.py took 0.065 seconds
[2026-09-17T22:42:12.421+0200] {processor.py:186} INFO - Started process (PID=97757) to work on /Users/swarnalidatta/Desktop/AutoQueryChatbot/.airflow-venv/lib/python3.12/site-packages/airflow/example_dags/example_short_circuit_operator.py
[2026-09-17T22:42:12.421+0200] {processor.py:914} INFO - Processing file /Users/swarnalidatta/Desktop/AutoQueryChatbot/.airflow-venv/lib/python3.12/site-packages/airflow/example_dags/example_short_circuit_operator.py for tasks to queue
[2026-09-17T22:42:12.421+0200] {logging_mixin.py:190} INFO - [2026-09-17T22:42:12.421+0200] {dagbag.py:588} INFO - Filling up the DagBag from /Users/swarnalidatta/Desktop/AutoQueryChatbot/.airflow-venv/lib/python3.12/site-packages/airflow/example_dags/example_short_circuit_operator.py
[2026-09-17T22:42:12.430+0200] {processor.py:925} INFO - DAG(s) 'example_short_circuit_operator' retrieved from /Users/swarnalidatta/Desktop/AutoQueryChatbot/.airflow-venv/lib/python3.12/site-packages/airflow/example_dags/example_short_circuit_operator.py
[2026-09-17T22:42:12.456+0200] {logging_mixin.py:190} INFO - [2026-09-17T22:42:12.456+0200] {dag.py:3239} INFO - Sync 1 DAGs
[2026-09-17T22:42:12.479+0200] {logging_mixin.py:190} INFO - [2026-09-17T22:42:12.479+0200] {dag.py:4180} INFO - Setting next_dagrun for example_short_circuit_operator to None, run_after=None
[2026-09-17T22:42:12.484+0200] {processor.py:208} INFO - Processing /Users/swarnalidatta/Desktop/AutoQueryChatbot/.airflow-venv/lib/python3.12/site-packages/airflow/example_dags/example_short_circuit_operator.py took 0.065 seconds
[2026-09-17T23:00:35.455+0200] {processor.py:186} INFO - Started process (PID=98070) to work on /Users/swarnalidatta/Desktop/AutoQueryChatbot/.airflow-venv/lib/python3.12/site-packages/airflow/example_dags/example_short_circuit_operator.py
[2026-09-17T23:00:35.456+0200] {processor.py:914} INFO - Processing file /Users/swarnalidatta/Desktop/AutoQueryChatbot/.airflow-venv/lib/python3.12/site-packages/airflow/example_dags/example_short_circuit_operator.py for tasks to queue
[2026-09-17T23:00:35.456+0200] {logging_mixin.py:190} INFO - [2026-09-17T23:00:35.456+0200] {dagbag.py:588} INFO - Filling up the DagBag from /Users/swarnalidatta/Desktop/AutoQueryChatbot/.airflow-venv/lib/python3.12/site-packages/airflow/example_dags/example_short_circuit_operator.py
[2026-09-17T23:00:35.465+0200] {processor.py:925} INFO - DAG(s) 'example_short_circuit_operator' retrieved from /Users/swarnalidatta/Desktop/AutoQueryChatbot/.airflow-venv/lib/python3.12/site-packages/airflow/example_dags/example_short_circuit_operator.py
[2026-09-17T23:00:35.491+0200] {logging_mixin.py:190} INFO - [2026-09-17T23:00:35.491+0200] {dag.py:3239} INFO - Sync 1 DAGs
[2026-09-17T23:00:35.515+0200] {logging_mixin.py:190} INFO - [2026-09-17T23:00:35.515+0200] {dag.py:4180} INFO - Setting next_dagrun for example_short_circuit_operator to None, run_after=None
[2026-09-17T23:00:35.520+0200] {processor.py:208} INFO - Processing /Users/swarnalidatta/Desktop/AutoQueryChatbot/.airflow-venv/lib/python3.12/site-packages/airflow/example_dags/example_short_circuit_operator.py took 0.066 seconds
[2026-09-17T23:32:38.200+0200] {processor.py:186} INFO - Started process (PID=98314) to work on /Users/swarnalidatta/Desktop/AutoQueryChatbot/.airflow-venv/lib/python3.12/site-packages/airflow/example_dags/example_short_circuit_operator.py
[2026-09-17T23:32:38.201+0200] {processor.py:914} INFO - Processing file /Users/swarnalidatta/Desktop/AutoQueryChatbot/.airflow-venv/lib/python3.12/site-packages/airflow/example_dags/example_short_circuit_operator.py for tasks to queue
[2026-09-17T23:32:38.201+0200] {logging_mixin.py:190} INFO - [2026-09-17T23:32:38.201+0200] {dagbag.py:588} INFO - Filling up the DagBag from /Users/swarnalidatta/Desktop/AutoQueryChatbot/.airflow-venv/lib/python3.12/site-packages/airflow/example_dags/example_short_circuit_operator.py
[2026-09-17T23:32:38.210+0200] {processor.py:925} INFO - DAG(s) 'example_short_circuit_operator' retrieved from /Users/swarnalidatta/Desktop/AutoQueryChatbot/.airflow-venv/lib/python3.12/site-packages/airflow/example_dags/example_short_circuit_operator.py
[2026-09-17T23:32:38.236+0200] {logging_mixin.py:190} INFO - [2026-09-17T23:32:38.235+0200] {dag.py:3239} INFO - Sync 1 DAGs
[2026-09-17T23:32:38.259+0200] {logging_mixin.py:190} INFO - [2026-09-17T23:32:38.259+0200] {dag.py:4180} INFO - Setting next_dagrun for example_short_circuit_operator to None, run_after=None
[2026-09-17T23:32:38.264+0200] {processor.py:208} INFO - Processing /Users/swarnalidatta/Desktop/AutoQueryChatbot/.airflow-venv/lib/python3.12/site-packages/airflow/example_dags/example_short_circuit_operator.py took 0.065 seconds
[2026-09-17T23:49:18.604+0200] {processor.py:186} INFO - Started process (PID=98462) to work on /Users/swarnalidatta/Desktop/AutoQueryChatbot/.airflow-venv/lib/python3.12/site-packages/airflow/example_dags/example_short_circuit_operator.py
[2026-09-17T23:49:18.605+0200] {processor.py:914} INFO - Processing file /Users/swarnalidatta/Desktop/AutoQueryChatbot/.airflow-venv/lib/python3.12/site-packages/airflow/example_dags/example_short_circuit_operator.py for tasks to queue
[2026-09-17T23:49:18.605+0200] {logging_mixin.py:190} INFO - [2026-09-17T23:49:18.605+0200] {dagbag.py:588} INFO - Filling up the DagBag from /Users/swarnalidatta/Desktop/AutoQueryChatbot/.airflow-venv/lib/python3.12/site-packages/airflow/example_dags/example_short_circuit_operator.py
[2026-09-17T23:49:18.614+0200] {processor.py:925} INFO - DAG(s) 'example_short_circuit_operator' retrieved from /Users/swarnalidatta/Desktop/AutoQueryChatbot/.airflow-venv/lib/python3.12/site-packages/airflow/example_dags/example_short_circuit_operator.py
[2026-09-17T23:49:18.640+0200] {logging_mixin.py:190} INFO - [2026-09-17T23:49:18.640+0200] {dag.py:3239} INFO - Sync 1 DAGs
[2026-09-17T23:49:18.664+0200] {logging_mixin.py:190} INFO - [2026-09-17T23:49:18.664+0200] {dag.py:4180} INFO - Setting next_dagrun for example_short_circuit_operator to None, run_after=None
[2026-09-17T23:49:18.669+0200] {processor.py:208} INFO - Processing /Users/swarnalidatta/Desktop/AutoQueryChatbot/.airflow-venv/lib/python3.12/site-packages/airflow/example_dags/example_short_circuit_operator.py took 0.066 seconds
[2026-09-18T00:10:38.987+0200] {processor.py:186} INFO - Started process (PID=98720) to work on /Users/swarnalidatta/Desktop/AutoQueryChatbot/.airflow-venv/lib/python3.12/site-packages/airflow/example_dags/example_short_circuit_operator.py
[2026-09-18T00:10:38.987+0200] {processor.py:914} INFO - Processing file /Users/swarnalidatta/Desktop/AutoQueryChatbot/.airflow-venv/lib/python3.12/site-packages/airflow/example_dags/example_short_circuit_operator.py for tasks to queue
[2026-09-18T00:10:38.987+0200] {logging_mixin.py:190} INFO - [2026-09-18T00:10:38.987+0200] {dagbag.py:588} INFO - Filling up the DagBag from /Users/swarnalidatta/Desktop/AutoQueryChatbot/.airflow-venv/lib/python3.12/site-packages/airflow/example_dags/example_short_circuit_operator.py
[2026-09-18T00:10:38.997+0200] {processor.py:925} INFO - DAG(s) 'example_short_circuit_operator' retrieved from /Users/swarnalidatta/Desktop/AutoQueryChatbot/.airflow-venv/lib/python3.12/site-packages/airflow/example_dags/example_short_circuit_operator.py
[2026-09-18T00:10:39.022+0200] {logging_mixin.py:190} INFO - [2026-09-18T00:10:39.022+0200] {dag.py:3239} INFO - Sync 1 DAGs
[2026-09-18T00:10:39.045+0200] {logging_mixin.py:190} INFO - [2026-09-18T00:10:39.045+0200] {dag.py:4180} INFO - Setting next_dagrun for example_short_circuit_operator to None, run_after=None
[2026-09-18T00:10:39.050+0200] {processor.py:208} INFO - Processing /Users/swarnalidatta/Desktop/AutoQueryChatbot/.airflow-venv/lib/python3.12/site-packages/airflow/example_dags/example_short_circuit_operator.py took 0.064 seconds
[2026-09-18T00:21:20.074+0200] {processor.py:186} INFO - Started process (PID=98879) to work on /Users/swarnalidatta/Desktop/AutoQueryChatbot/.airflow-venv/lib/python3.12/site-packages/airflow/example_dags/example_short_circuit_operator.py
[2026-09-18T00:21:20.074+0200] {processor.py:914} INFO - Processing file /Users/swarnalidatta/Desktop/AutoQueryChatbot/.airflow-venv/lib/python3.12/site-packages/airflow/example_dags/example_short_circuit_operator.py for tasks to queue
[2026-09-18T00:21:20.075+0200] {logging_mixin.py:190} INFO - [2026-09-18T00:21:20.075+0200] {dagbag.py:588} INFO - Filling up the DagBag from /Users/swarnalidatta/Desktop/AutoQueryChatbot/.airflow-venv/lib/python3.12/site-packages/airflow/example_dags/example_short_circuit_operator.py
[2026-09-18T00:21:20.084+0200] {processor.py:925} INFO - DAG(s) 'example_short_circuit_operator' retrieved from /Users/swarnalidatta/Desktop/AutoQueryChatbot/.airflow-venv/lib/python3.12/site-packages/airflow/example_dags/example_short_circuit_operator.py
[2026-09-18T00:21:20.109+0200] {logging_mixin.py:190} INFO - [2026-09-18T00:21:20.109+0200] {dag.py:3239} INFO - Sync 1 DAGs
[2026-09-18T00:21:20.132+0200] {logging_mixin.py:190} INFO - [2026-09-18T00:21:20.132+0200] {dag.py:4180} INFO - Setting next_dagrun for example_short_circuit_operator to None, run_after=None
[2026-09-18T00:21:20.137+0200] {processor.py:208} INFO - Processing /Users/swarnalidatta/Desktop/AutoQueryChatbot/.airflow-venv/lib/python3.12/site-packages/airflow/example_dags/example_short_circuit_operator.py took 0.064 seconds
[2026-09-18T00:30:48.861+0200] {processor.py:186} INFO - Started process (PID=99113) to work on /Users/swarnalidatta/Desktop/AutoQueryChatbot/.airflow-venv/lib/python3.12/site-packages/airflow/example_dags/example_short_circuit_operator.py
[2026-09-18T00:30:48.861+0200] {processor.py:914} INFO - Processing file /Users/swarnalidatta/Desktop/AutoQueryChatbot/.airflow-venv/lib/python3.12/site-packages/airflow/example_dags/example_short_circuit_operator.py for tasks to queue
[2026-09-18T00:30:48.861+0200] {logging_mixin.py:190} INFO - [2026-09-18T00:30:48.861+0200] {dagbag.py:588} INFO - Filling up the DagBag from /Users/swarnalidatta/Desktop/AutoQueryChatbot/.airflow-venv/lib/python3.12/site-packages/airflow/example_dags/example_short_circuit_operator.py
[2026-09-18T00:30:48.870+0200] {processor.py:925} INFO - DAG(s) 'example_short_circuit_operator' retrieved from /Users/swarnalidatta/Desktop/AutoQueryChatbot/.airflow-venv/lib/python3.12/site-packages/airflow/example_dags/example_short_circuit_operator.py
[2026-09-18T00:30:48.896+0200] {logging_mixin.py:190} INFO - [2026-09-18T00:30:48.896+0200] {dag.py:3239} INFO - Sync 1 DAGs
[2026-09-18T00:30:48.920+0200] {logging_mixin.py:190} INFO - [2026-09-18T00:30:48.920+0200] {dag.py:4180} INFO - Setting next_dagrun for example_short_circuit_operator to None, run_after=None
[2026-09-18T00:30:48.925+0200] {processor.py:208} INFO - Processing /Users/swarnalidatta/Desktop/AutoQueryChatbot/.airflow-venv/lib/python3.12/site-packages/airflow/example_dags/example_short_circuit_operator.py took 0.066 seconds
[2026-09-18T00:41:19.227+0200] {processor.py:186} INFO - Started process (PID=99445) to work on /Users/swarnalidatta/Desktop/AutoQueryChatbot/.airflow-venv/lib/python3.12/site-packages/airflow/example_dags/example_short_circuit_operator.py
[2026-09-18T00:41:19.228+0200] {processor.py:914} INFO - Processing file /Users/swarnalidatta/Desktop/AutoQueryChatbot/.airflow-venv/lib/python3.12/site-packages/airflow/example_dags/example_short_circuit_operator.py for tasks to queue
[2026-09-18T00:41:19.228+0200] {logging_mixin.py:190} INFO - [2026-09-18T00:41:19.228+0200] {dagbag.py:588} INFO - Filling up the DagBag from /Users/swarnalidatta/Desktop/AutoQueryChatbot/.airflow-venv/lib/python3.12/site-packages/airflow/example_dags/example_short_circuit_operator.py
[2026-09-18T00:41:19.238+0200] {processor.py:925} INFO - DAG(s) 'example_short_circuit_operator' retrieved from /Users/swarnalidatta/Desktop/AutoQueryChatbot/.airflow-venv/lib/python3.12/site-packages/airflow/example_dags/example_short_circuit_operator.py
[2026-09-18T00:41:19.263+0200] {logging_mixin.py:190} INFO - [2026-09-18T00:41:19.263+0200] {dag.py:3239} INFO - Sync 1 DAGs
[2026-09-18T00:41:19.287+0200] {logging_mixin.py:190} INFO - [2026-09-18T00:41:19.287+0200] {dag.py:4180} INFO - Setting next_dagrun for example_short_circuit_operator to None, run_after=None
[2026-09-18T00:41:19.293+0200] {processor.py:208} INFO - Processing /Users/swarnalidatta/Desktop/AutoQueryChatbot/.airflow-venv/lib/python3.12/site-packages/airflow/example_dags/example_short_circuit_operator.py took 0.066 seconds
[2026-09-18T00:46:57.573+0200] {processor.py:186} INFO - Started process (PID=99784) to work on /Users/swarnalidatta/Desktop/AutoQueryChatbot/.airflow-venv/lib/python3.12/site-packages/airflow/example_dags/example_short_circuit_operator.py
[2026-09-18T00:46:57.574+0200] {processor.py:914} INFO - Processing file /Users/swarnalidatta/Desktop/AutoQueryChatbot/.airflow-venv/lib/python3.12/site-packages/airflow/example_dags/example_short_circuit_operator.py for tasks to queue
[2026-09-18T00:46:57.574+0200] {logging_mixin.py:190} INFO - [2026-09-18T00:46:57.574+0200] {dagbag.py:588} INFO - Filling up the DagBag from /Users/swarnalidatta/Desktop/AutoQueryChatbot/.airflow-venv/lib/python3.12/site-packages/airflow/example_dags/example_short_circuit_operator.py
[2026-09-18T00:46:57.583+0200] {processor.py:925} INFO - DAG(s) 'example_short_circuit_operator' retrieved from /Users/swarnalidatta/Desktop/AutoQueryChatbot/.airflow-venv/lib/python3.12/site-packages/airflow/example_dags/example_short_circuit_operator.py
[2026-09-18T00:46:57.609+0200] {logging_mixin.py:190} INFO - [2026-09-18T00:46:57.608+0200] {dag.py:3239} INFO - Sync 1 DAGs
[2026-09-18T00:46:57.632+0200] {logging_mixin.py:190} INFO - [2026-09-18T00:46:57.632+0200] {dag.py:4180} INFO - Setting next_dagrun for example_short_circuit_operator to None, run_after=None
[2026-09-18T00:46:57.637+0200] {processor.py:208} INFO - Processing /Users/swarnalidatta/Desktop/AutoQueryChatbot/.airflow-venv/lib/python3.12/site-packages/airflow/example_dags/example_short_circuit_operator.py took 0.065 seconds
[2026-09-18T00:51:56.816+0200] {processor.py:186} INFO - Started process (PID=99942) to work on /Users/swarnalidatta/Desktop/AutoQueryChatbot/.airflow-venv/lib/python3.12/site-packages/airflow/example_dags/example_short_circuit_operator.py
[2026-09-18T00:51:56.816+0200] {processor.py:914} INFO - Processing file /Users/swarnalidatta/Desktop/AutoQueryChatbot/.airflow-venv/lib/python3.12/site-packages/airflow/example_dags/example_short_circuit_operator.py for tasks to queue
[2026-09-18T00:51:56.816+0200] {logging_mixin.py:190} INFO - [2026-09-18T00:51:56.816+0200] {dagbag.py:588} INFO - Filling up the DagBag from /Users/swarnalidatta/Desktop/AutoQueryChatbot/.airflow-venv/lib/python3.12/site-packages/airflow/example_dags/example_short_circuit_operator.py
[2026-09-18T00:51:56.825+0200] {processor.py:925} INFO - DAG(s) 'example_short_circuit_operator' retrieved from /Users/swarnalidatta/Desktop/AutoQueryChatbot/.airflow-venv/lib/python3.12/site-packages/airflow/example_dags/example_short_circuit_operator.py
[2026-09-18T00:51:56.851+0200] {logging_mixin.py:190} INFO - [2026-09-18T00:51:56.850+0200] {dag.py:3239} INFO - Sync 1 DAGs
[2026-09-18T00:51:56.874+0200] {logging_mixin.py:190} INFO - [2026-09-18T00:51:56.874+0200] {dag.py:4180} INFO - Setting next_dagrun for example_short_circuit_operator to None, run_after=None
[2026-09-18T00:51:56.879+0200] {processor.py:208} INFO - Processing /Users/swarnalidatta/Desktop/AutoQueryChatbot/.airflow-venv/lib/python3.12/site-packages/airflow/example_dags/example_short_circuit_operator.py took 0.064 seconds
[2026-09-18T00:56:33.499+0200] {processor.py:186} INFO - Started process (PID=342) to work on /Users/swarnalidatta/Desktop/AutoQueryChatbot/.airflow-venv/lib/python3.12/site-packages/airflow/example_dags/example_short_circuit_operator.py
[2026-09-18T00:56:33.499+0200] {processor.py:914} INFO - Processing file /Users/swarnalidatta/Desktop/AutoQueryChatbot/.airflow-venv/lib/python3.12/site-packages/airflow/example_dags/example_short_circuit_operator.py for tasks to queue
[2026-09-18T00:56:33.500+0200] {logging_mixin.py:190} INFO - [2026-09-18T00:56:33.500+0200] {dagbag.py:588} INFO - Filling up the DagBag from /Users/swarnalidatta/Desktop/AutoQueryChatbot/.airflow-venv/lib/python3.12/site-packages/airflow/example_dags/example_short_circuit_operator.py
[2026-09-18T00:56:33.509+0200] {processor.py:925} INFO - DAG(s) 'example_short_circuit_operator' retrieved from /Users/swarnalidatta/Desktop/AutoQueryChatbot/.airflow-venv/lib/python3.12/site-packages/airflow/example_dags/example_short_circuit_operator.py
[2026-09-18T00:56:33.535+0200] {logging_mixin.py:190} INFO - [2026-09-18T00:56:33.535+0200] {dag.py:3239} INFO - Sync 1 DAGs
[2026-09-18T00:56:33.558+0200] {logging_mixin.py:190} INFO - [2026-09-18T00:56:33.558+0200] {dag.py:4180} INFO - Setting next_dagrun for example_short_circuit_operator to None, run_after=None
[2026-09-18T00:56:33.563+0200] {processor.py:208} INFO - Processing /Users/swarnalidatta/Desktop/AutoQueryChatbot/.airflow-venv/lib/python3.12/site-packages/airflow/example_dags/example_short_circuit_operator.py took 0.065 seconds
[2026-09-18T01:01:20.444+0200] {processor.py:186} INFO - Started process (PID=550) to work on /Users/swarnalidatta/Desktop/AutoQueryChatbot/.airflow-venv/lib/python3.12/site-packages/airflow/example_dags/example_short_circuit_operator.py
[2026-09-18T01:01:20.444+0200] {processor.py:914} INFO - Processing file /Users/swarnalidatta/Desktop/AutoQueryChatbot/.airflow-venv/lib/python3.12/site-packages/airflow/example_dags/example_short_circuit_operator.py for tasks to queue
[2026-09-18T01:01:20.445+0200] {logging_mixin.py:190} INFO - [2026-09-18T01:01:20.445+0200] {dagbag.py:588} INFO - Filling up the DagBag from /Users/swarnalidatta/Desktop/AutoQueryChatbot/.airflow-venv/lib/python3.12/site-packages/airflow/example_dags/example_short_circuit_operator.py
[2026-09-18T01:01:20.454+0200] {processor.py:925} INFO - DAG(s) 'example_short_circuit_operator' retrieved from /Users/swarnalidatta/Desktop/AutoQueryChatbot/.airflow-venv/lib/python3.12/site-packages/airflow/example_dags/example_short_circuit_operator.py
[2026-09-18T01:01:20.479+0200] {logging_mixin.py:190} INFO - [2026-09-18T01:01:20.479+0200] {dag.py:3239} INFO - Sync 1 DAGs
[2026-09-18T01:01:20.501+0200] {logging_mixin.py:190} INFO - [2026-09-18T01:01:20.501+0200] {dag.py:4180} INFO - Setting next_dagrun for example_short_circuit_operator to None, run_after=None
[2026-09-18T01:01:20.507+0200] {processor.py:208} INFO - Processing /Users/swarnalidatta/Desktop/AutoQueryChatbot/.airflow-venv/lib/python3.12/site-packages/airflow/example_dags/example_short_circuit_operator.py took 0.064 seconds
[2026-09-18T01:06:35.824+0200] {processor.py:186} INFO - Started process (PID=699) to work on /Users/swarnalidatta/Desktop/AutoQueryChatbot/.airflow-venv/lib/python3.12/site-packages/airflow/example_dags/example_short_circuit_operator.py
[2026-09-18T01:06:35.824+0200] {processor.py:914} INFO - Processing file /Users/swarnalidatta/Desktop/AutoQueryChatbot/.airflow-venv/lib/python3.12/site-packages/airflow/example_dags/example_short_circuit_operator.py for tasks to queue
[2026-09-18T01:06:35.825+0200] {logging_mixin.py:190} INFO - [2026-09-18T01:06:35.825+0200] {dagbag.py:588} INFO - Filling up the DagBag from /Users/swarnalidatta/Desktop/AutoQueryChatbot/.airflow-venv/lib/python3.12/site-packages/airflow/example_dags/example_short_circuit_operator.py
[2026-09-18T01:06:35.834+0200] {processor.py:925} INFO - DAG(s) 'example_short_circuit_operator' retrieved from /Users/swarnalidatta/Desktop/AutoQueryChatbot/.airflow-venv/lib/python3.12/site-packages/airflow/example_dags/example_short_circuit_operator.py
[2026-09-18T01:06:35.860+0200] {logging_mixin.py:190} INFO - [2026-09-18T01:06:35.859+0200] {dag.py:3239} INFO - Sync 1 DAGs
[2026-09-18T01:06:35.883+0200] {logging_mixin.py:190} INFO - [2026-09-18T01:06:35.883+0200] {dag.py:4180} INFO - Setting next_dagrun for example_short_circuit_operator to None, run_after=None
[2026-09-18T01:06:35.888+0200] {processor.py:208} INFO - Processing /Users/swarnalidatta/Desktop/AutoQueryChatbot/.airflow-venv/lib/python3.12/site-packages/airflow/example_dags/example_short_circuit_operator.py took 0.065 seconds
[2026-09-18T01:07:55.055+0200] {processor.py:186} INFO - Started process (PID=1110) to work on /Users/swarnalidatta/Desktop/AutoQueryChatbot/.airflow-venv/lib/python3.12/site-packages/airflow/example_dags/example_short_circuit_operator.py
[2026-09-18T01:07:55.056+0200] {processor.py:914} INFO - Processing file /Users/swarnalidatta/Desktop/AutoQueryChatbot/.airflow-venv/lib/python3.12/site-packages/airflow/example_dags/example_short_circuit_operator.py for tasks to queue
[2026-09-18T01:07:55.056+0200] {logging_mixin.py:190} INFO - [2026-09-18T01:07:55.056+0200] {dagbag.py:588} INFO - Filling up the DagBag from /Users/swarnalidatta/Desktop/AutoQueryChatbot/.airflow-venv/lib/python3.12/site-packages/airflow/example_dags/example_short_circuit_operator.py
[2026-09-18T01:07:55.065+0200] {processor.py:925} INFO - DAG(s) 'example_short_circuit_operator' retrieved from /Users/swarnalidatta/Desktop/AutoQueryChatbot/.airflow-venv/lib/python3.12/site-packages/airflow/example_dags/example_short_circuit_operator.py
[2026-09-18T01:07:55.091+0200] {logging_mixin.py:190} INFO - [2026-09-18T01:07:55.091+0200] {dag.py:3239} INFO - Sync 1 DAGs
[2026-09-18T01:07:55.115+0200] {logging_mixin.py:190} INFO - [2026-09-18T01:07:55.115+0200] {dag.py:4180} INFO - Setting next_dagrun for example_short_circuit_operator to None, run_after=None
[2026-09-18T01:07:55.120+0200] {processor.py:208} INFO - Processing /Users/swarnalidatta/Desktop/AutoQueryChatbot/.airflow-venv/lib/python3.12/site-packages/airflow/example_dags/example_short_circuit_operator.py took 0.066 seconds
